"f:0","f:1",":0",":1",":2"
0.0002754963222833079,-0.09881299569290798,0.9901624535952511,0.009799736976863108,0
0.0005454636037051408,-0.09881261697344619,0.9803249071905021,0.009647685317304472,0
2.344587197999902e-19,-0.09881313629152849,1.0,0.009951788636421745,0
0.0004024977470689577,-0.09881310979257948,0.9855625908558955,0.024209489608954513,0
0.00020135630472927944,-0.09881312396244465,0.9927812954279478,0.01708063912268813,0
0.00047184260051868663,-0.09881280796056553,0.9829437490231988,0.01692858746312949,0
0.0008279758578692,-0.0988122513594806,0.9697230374491619,0.026229563856873864,0
0.0005405555441166173,-0.09881385499752156,0.9814672057719449,0.04094228663080625,0
0.0006871310405789195,-0.09881297146723637,0.9755951216105534,0.033585925243840055,0
0.0004672815242528663,-0.09881340098144567,0.9835148983139201,0.03257588811988038,0
1.9795159977332974e-19,-0.09881368797565104,1.0,0.029956999263803092,0
0.0002664903195625584,-0.09881387024676995,0.9907336028859725,0.03544964294730467,0
0.00020324465875747505,-0.09881346188057209,0.9927812954279478,0.0270832444363788,0
6.43745039913269e-21,-0.09881326620854154,1.0,0.01995439395011242,0
0.0010466623263143916,-0.09881131563190929,0.9606676092836316,0.008754933405181374,0
0.0009331701687429442,-0.09881173248754865,0.9651953233663968,0.01749224863102762,0
0.0008041568401049632,-0.09881203674024414,0.9704962582370669,0.009201309361242922,0
0.0006832373276379094,-0.09881241142999278,0.975023972319832,0.01793862458708917,0
0.0006185388705643543,-0.09881275226600725,0.9776428141525286,0.025219526732914187,0
0.0011386477200611383,-0.09881178015494833,0.9595136329923408,0.041312729907839484,0
0.0008481856734067235,-0.0988129676464949,0.9704904193821429,0.04112750826932286,0
0.000976886670811933,-0.09881206078051726,0.9646183352207514,0.033771146882356676,0
0.0013073667928668,-0.09881048623834181,0.9495121217311944,0.02513716980380391,0
0.0012225641928642447,-0.09881103452093645,0.9545128773617676,0.033224949855821695,0
0.0010782229992325153,-0.09881140587333015,0.9596175795901781,0.025683366830338887,0
0.0011713428851028338,-0.09881092484048555,0.9550898655074129,0.01694605160449264,0
0.0014654121490617843,-0.09880977358977922,0.9410414779817851,0.007330379844496036,0
0.0012683673160689226,-0.09881053211761116,0.9508545436327083,0.008042656624838706,0
0.0013800970044181697,-0.09881011835311124,0.9452767998564897,0.016233774824149973,0
0.0009802115049916916,-0.09881376590497762,0.9682648037345318,0.05499608543487196,0
0.0007526148071538059,-0.09881391024424982,0.9748660047532384,0.0479691860328391,0
0.0010617422924758555,-0.09881264648696983,0.9638892183634363,0.04815440767135572,0
1.9829041295223163e-19,-0.09881548595865554,1.0,0.04996205645451804,0
0.000550270404658161,-0.0988163588518973,0.9832148839902102,0.060891933660463145,0
0.0002667949320522403,-0.09881603996003382,0.9916074419951051,0.05542699505749059,0
0.0005425170428972401,-0.09881488903970116,0.9823410448810775,0.0509171101456347,0
0.00027810698530265205,-0.09881478825891478,0.9907336028859725,0.045452171542662144,0
2.7708565287056317e-20,-0.09881439336002178,1.0,0.039959527859160564,0
0.0007728442305370309,-0.0988150970009822,0.975739843862371,0.057944009547667555,0
0.0015636256686353666,-0.09881054231196529,0.9486386598202657,0.05955410673477161,0
0.0011680214963579734,-0.09881527727058194,0.9662024454079272,0.07087286136770073,0
0.001382364086860667,-0.09881267418675876,0.9574205526140964,0.06521348405123617,0
0.0010668884058464047,-0.09881443816197359,0.9672336245712295,0.06293447340128634,0
0.0012770410395167937,-0.09881235737498219,0.9584517317773988,0.057275096084821786,0
0.0013370020198324075,-0.09881132924558657,0.9540761464063032,0.050433418321305545,0
0.0016353155476623144,-0.09880905399360947,0.9379573458296637,0.04146960525999068,0
0.0016001483284051464,-0.0988095888451277,0.9432980028249647,0.050511855997381144,0
0.0014006742490984946,-0.09881043678227096,0.9487354894110023,0.04139116758391508,0
0.001462392272690276,-0.09880988997523983,0.943734733780429,0.033303387531897294,0
0.001680875372588407,-0.09880883365383462,0.9295447631134107,0.023423692035191845,0
0.0016527663140893888,-0.09880889769828502,0.9337510544715373,0.03244664864759127,0
0.0015081121655848204,-0.09880959985366271,0.9395284424223025,0.02428043091949788,0
0.0015660268346302517,-0.0988093677977294,0.9352931205475978,0.015377035939843941,0
0.0017736771500834606,-0.09880866744344191,0.9214522545434096,0.005463153459307628,0
0.0017196903549220627,-0.09880878452286514,0.9254985088284102,0.014443422747249737,0
0.0016346176663502394,-0.0988091262049274,0.9312468662625973,0.006396766651901832,0
0.0008516468376788675,-0.09881611708571912,0.9747086646990687,0.06588239751408194,0
0.0006578806699016397,-0.09882063023374092,0.9827807232653287,0.08010864560171978,0
3.6490179367715255e-19,-0.09881916608870964,1.0,0.06996702962431246,0
0.0002859664936774518,-0.0988179083438373,0.9916074419951051,0.06542948164238781,0
5.665194579253178e-20,-0.09881702056443814,1.0,0.05996454303941525,0
0.0005991240928731477,-0.0988181867513864,0.9829978036277695,0.07050028963109146,0
0.00031665860938360086,-0.0988201199437936,0.9913903616326644,0.07503783761301612,0
0.0009278548708784963,-0.0988179122088849,0.974491584336628,0.07549075348471025,0
0.0018339319233532836,-0.09881113401527947,0.948884817316074,0.07980681786821653,0
0.001496574660607205,-0.09881360692010877,0.9575436313620006,0.07533983961795862,0
0.0016856158897176768,-0.09881075078693911,0.9487617385681699,0.06968046230149406,0
0.002072401513482748,-0.09880684809414367,0.934984926049702,0.07113485439937584,0
0.001965342055688024,-0.09880872310633791,0.9419348716828879,0.07547083613379618,0
0.0018115943981045046,-0.09880896063267464,0.9418117929349838,0.06534448056707372,0
0.002010769847848751,-0.09880651277995094,0.9271150404928497,0.05626212001176108,0
0.0018135535295148277,-0.09880797438236681,0.9325361931612567,0.048865862635875876,0
0.0018066957421501053,-0.09880838150991354,0.9378768501565578,0.057908113373266346,0
0.0020406576855946696,-0.09880653194481455,0.9310499832712757,0.06369848720556845,0
0.0014121781692352515,-0.09881881169620592,0.9654307758694674,0.0898796356094514,0
0.0007986149632224374,-0.09882854614370809,0.9826795312608189,0.09997434925987322,0
0.0011274796277549622,-0.09882357139635119,0.9740551535651432,0.09492699243466232,0
0.0010239917008024707,-0.09882023714925267,0.974105749567398,0.08499414060558559,0
0.0007226933793706695,-0.09882403351716164,0.9827301272630737,0.09004149743079651,0
3.3758498112820146e-19,-0.09882590487394102,1.0,0.08997193180882515,0
0.00038214185415723985,-0.09882760659210069,0.9913397656304095,0.09497314053434919,0
0.0003458032939079144,-0.09882349663953423,0.9913903616326644,0.08504028870527247,0
6.923727133785763e-20,-0.09882201028666245,1.0,0.07996948071656881,0
0.0012800577474232128,-0.0988167951146157,0.9658166106386973,0.08037624848857607,0
0.0016421319646867797,-0.09881465977405077,0.9571577965927707,0.08484322673883396,0
0.0019585202925032933,-0.09880711003158191,0.9179683043805221,0.03905939517555607,0
0.001813119722755779,-0.09880794412636605,0.9279628251050929,0.04026450021777338,0
0.0019811365614492028,-0.09880673580120324,0.9225416724366859,0.04766075759365858,0
0.0018112663407634524,-0.09880810408403555,0.9237565337469664,0.03124154360537396,0
0.0019293808000377137,-0.09880801170360527,0.9097730352482624,0.02130509731348548,0
0.0019371568730171876,-0.09880758427509956,0.9138706698143922,0.030182246244520775,0
0.0018210286710836237,-0.09880828545198418,0.9196588991808365,0.022364394674338664,0
0.0018437419697665896,-0.0988084246666297,0.9156126448958359,0.013384125386396554,0
0.0019558684606161185,-0.09880855094562642,0.901896867265188,0.003267649261592729,0
0.0018810067481873363,-0.09880846131770321,0.9116745609042989,0.004365401360450178,0
0.001934505256241061,-0.09880835009388744,0.9058349512567252,0.012286373287539103,0
0.0025695995069646084,-0.09880292605695083,0.9302321817910745,0.08901036197710262,0
0.002218043894713964,-0.09881237200752101,0.9486632201927541,0.09929483432122087,0
0.0020111257147658198,-0.0988116289621252,0.948774018754414,0.0895508260947187,0
0.002200437570666129,-0.09880751828388475,0.9395584995535742,0.08440858992265957,0
0.002420162786679649,-0.09880696276987358,0.9394477009919142,0.09415259814916174,0
0.001806508531285217,-0.09881625598907612,0.9570469980311107,0.09458723496533614,0
0.001701111274884454,-0.09882589250516143,0.9657891770793942,0.10942247884841336,0
0.001985739696040465,-0.09881861945657923,0.9572261986360742,0.1043586565848171,0
0.0015465014882856478,-0.09882183469710248,0.9656099764744308,0.09965105722893239,0
0.0012351937612133765,-0.09882802894411509,0.9742343541701065,0.10469841405414329,0
0.0009834803324415156,-0.09884250556102533,0.9826795106580952,0.11997915580655986,0
5.617522506190522e-19,-0.09883777534439185,1.0,0.10997676671096042,0
0.00046872303685242697,-0.09884077016331848,0.9913397553290476,0.11497796125876014,0
0.0008846671603437046,-0.0988345814564148,0.982679520959457,0.10997675253321654,0
0.00042235783576210904,-0.09883354182064896,0.9913397656304095,0.10497555798541683,0
7.361765280054166e-20,-0.09883095528661816,1.0,0.09997434925989279,0
0.0023024527485588143,-0.09880518969680896,0.9326085539203882,0.08007260818823922,0
0.002447622530655205,-0.09880233700923244,0.9179701909732674,0.0715165738712841,0
0.0022892762922469205,-0.09880419213369834,0.9081541084961063,0.05478289099130487,0
0.0023659286831878555,-0.09880316376392594,0.9130621497346869,0.06314973243129449,0
0.002216763149521362,-0.09880470736971118,0.9225426157330585,0.0638893469415226,0
0.0021664194232375155,-0.09880514903971183,0.917634574494478,0.055522505501532975,0
0.0021131333878097844,-0.09880584951703084,0.9130612064383142,0.04692114308343047,0
0.0021466092161737302,-0.09880656316035853,0.8980880391895032,0.03681099329331742,0
0.0020459175178124166,-0.09880846033275975,0.8902140726270588,0.01905854739170372,0
0.002088126652537836,-0.09880759734405661,0.894151055908281,0.02793477034251057,0
0.0020300926138117495,-0.098807402740733,0.9039305372188828,0.029058045303401447,0
0.0020038972163892357,-0.09880806413914607,0.8999935539376606,0.0201818223525946,0
0.0019929697157180155,-0.09880859028041548,0.8960554699461234,0.011163098326648224,0
0.0020085272980043104,-0.09880968827565771,0.8823643460998926,0.0008757783858538367,0
0.001998170110649949,-0.09880896007846234,0.8921306066825403,0.002071713823723283,0
0.0020190494607492085,-0.09880915960637902,0.8862892093634757,0.009967162888778778,0
0.002272572408497475,-0.0988044825626301,0.9264775585114846,0.07132571413532997,0
0.0025133046178603398,-0.09880218905377014,0.9241011863821709,0.08026346792419337,0
0.001370917930207642,-0.09883398533306552,0.9742343438687446,0.1147008173274866,0
0.0020699865670435373,-0.09880662921175283,0.9080281717850127,0.037935194234436746,0
0.002212449683946506,-0.09880539307468456,0.9031210738428048,0.04579694214231114,0
0.0029505087992955127,-0.0988022006197756,0.9340997282420473,0.1069693159097659,0
0.0025807520742899322,-0.09880782554603083,0.9413814742174007,0.10313207511549338,0
0.0027499340616030238,-0.09880239013566978,0.9321659550165609,0.09798983894343426,0
0.0033651355502209166,-0.09879169680392234,0.9180060436441161,0.10458606787674771,0
0.003000888555911389,-0.09879524951388804,0.9090987015377758,0.08724283803909434,0
0.0031791426735189358,-0.09879323680776866,0.913552372590946,0.09591445295792103,0
0.0029483591286515233,-0.0987981007810847,0.9241191127175953,0.09679821492692517,0
0.002811279451733917,-0.09879861814600967,0.9196654416644252,0.08812660000809848,0
0.0027087585060540874,-0.09879923388006676,0.9135344462555216,0.07937970595518923,0
0.002716083052095646,-0.09879931080092938,0.8982361931971917,0.07066640178530414,0
0.00260222065413835,-0.09880046595492678,0.9081031920852296,0.07109148782829412,0
0.002490425361171539,-0.09880203486689351,0.903195150846649,0.06272464638830451,0
0.0024265583183556622,-0.09880397539198205,0.8881584273380321,0.052703375930858574,0
0.0021986763558955423,-0.09880767518249826,0.8787582474470919,0.03498141528773663,0
0.0020343077312582137,-0.09881024558225678,0.871017866649054,0.016650497840210676,0
0.002106860167604869,-0.09880909227601858,0.8748880570480729,0.025815956563973654,0
0.0020552671375034196,-0.09880919393356286,0.8806159696380564,0.0178545226159572,0
0.0021145702923903234,-0.09880814928225831,0.8844861600370753,0.027019981339720174,0
0.0021892248348022313,-0.0988069048678669,0.8884231433182975,0.03589620429052702,0
0.0022766802910332627,-0.09880542729225368,0.8931232332637676,0.044757184612088,0
0.002304676390192631,-0.09880595264238143,0.883458337392562,0.043842395609297605,0
0.0031761302034800268,-0.09879656049732109,0.9260528859430817,0.10577769189325681,0
0.0027852424823575964,-0.09881537179028196,0.9483888093885421,0.12051747254905297,0
0.0022258472598690147,-0.09882191812721769,0.9570889932339681,0.11496997569873316,0
0.002480640278781709,-0.09881357300854633,0.948526014790648,0.10990615343513692,0
0.002890886231741099,-0.09880762019345778,0.9412442688152947,0.11374339422940943,0
0.0019535767305568913,-0.09883699584312368,0.9671357544402257,0.12591083163893566,0
0.0014236540442014234,-0.09886391606452677,0.9797723154790349,0.1398315102417651,0
0.0017183160090558118,-0.09884931789370811,0.9734540349596303,0.1328711709403504,0
0.001459668093699762,-0.09884075108055686,0.9749076325491605,0.12294499372274775,0
0.0011859167838213097,-0.09885191451119288,0.981225913068565,0.1299053330241625,0
5.520960750203525e-19,-0.09885823156791901,1.0,0.12998154490212788,0
0.0005218328925651267,-0.09885099826367942,0.9913397553290476,0.12498035035434388,0
1.2822939477071534e-20,-0.09884651391898065,1.0,0.11997915580654414,0
0.0018216171304789822,-0.09883075950769854,0.96646246575981,0.1176666552436745,0
0.0023977108514452537,-0.09882610885094457,0.9577622819143838,0.1232141520939943,0
0.0006787584587760328,-0.09886270647883652,0.9898861577395175,0.1349065275719465,0
0.002856737654014399,-0.09879715939558871,0.9036674473674837,0.07895461991219924,0
0.0023774798200799016,-0.0988037725100954,0.8981562679170692,0.05374313346108173,0
0.0025642626863449807,-0.09880172792670516,0.8931973102676118,0.06168488885808136,0
0.002013943375224263,-0.09881003127145978,0.8766911063744733,0.008763138113032256,0
0.0019382792071037714,-0.09881200908549678,0.8628384881317157,-0.0015706467890151247,0
0.0019787349846490964,-0.09881120705717406,0.8669281773903849,0.007539925525597776,0
0.001988026115287237,-0.09881071743768106,0.8726014171158041,-0.000347434201580644,0
0.003730077044800552,-0.09879212466453437,0.9275336783298174,0.12206266436585307,0
0.004310362067088541,-0.09877379642940554,0.9083399529638586,0.12126387355614934,0
0.0037417144715976383,-0.09878281696040782,0.8987934323689682,0.10377343368497753,0
0.004020344440946536,-0.09877812254663645,0.9035666926664134,0.11251865362056343,0
0.0035794075167263992,-0.09878655175942856,0.9083997380065422,0.10417975078086261,0
0.0033521334591386084,-0.0987897512966241,0.9039460669533721,0.09550813586203594,0
0.0032411691078281326,-0.09879183326361675,0.8891109893195178,0.08661414654718111,0
0.0034840980618052876,-0.09878740997078776,0.893952210844243,0.09519379011607931,0
0.003145766718119743,-0.09879293691326127,0.8991048454286468,0.08692849229313773,0
0.002964555640140824,-0.09879595551764003,0.8936735912583548,0.07864027416624263,0
0.0028335397222385124,-0.09879921753731655,0.8794001371841789,0.07058392270567412,0
0.0024313144578896845,-0.09880587885742398,0.869090368788441,0.05182558253945839,0
0.0026212056420238444,-0.09880282317206643,0.87424525298631,0.06120475262256626,0
0.002446525217789472,-0.09880463886998962,0.8786243980632366,0.05226447923515848,0
0.00261522294426638,-0.0988018679529653,0.8837792822611055,0.06164364931826635,0
0.0027941957633751103,-0.09879885928119377,0.8888181651906852,0.07062516224548913,0
0.0030306215787664586,-0.09879568446161058,0.8842555632518483,0.07859903462642762,0
0.003318805496277303,-0.09879788323265133,0.9308167032859324,0.11451599013780948,0
0.0032794011455055806,-0.09880401454587494,0.9379612438591798,0.12129006845745302,0
0.003998620168991013,-0.09880276813519207,0.9379597405960655,0.13913092874148805,0
0.0028431397423562582,-0.0988369688182513,0.9581413804898267,0.139390671154326,0
0.002664513790820235,-0.09886886357514005,0.9670157790428421,0.15349488646595422,0
0.0027728720341335085,-0.09885113133382113,0.9625785797663344,0.14644277881014012,0
0.002007528645528111,-0.09886765121744268,0.9733940472609385,0.14666319835385966,0
0.0021522919578910514,-0.09885225642227655,0.9689568479844308,0.13961109069804556,0
0.0023739678266703097,-0.09883761221155249,0.9626385674650262,0.13265075139663082,0
0.0028292179718017417,-0.09882419805620313,0.9532650949391843,0.12995407185168947,0
0.0033502192733948664,-0.09881063045609043,0.9431742749923038,0.1298242006452705,0
0.0034461413749088316,-0.09882048562591897,0.9480505605429461,0.13926079994790702,0
0.00354865342529575,-0.0987911923857984,0.9227698609869668,0.1133243661213004,0
0.004049100302669132,-0.09878220269054507,0.9179368156468379,0.12166326896100121,0
0.003811988630400766,-0.09878391063055743,0.9131729983039873,0.11292497071644853,0
0.002305141593419616,-0.09880687850814092,0.8739243081177664,0.04340349891359751,0
0.002127690008121749,-0.09881033556730738,0.8595111197230542,0.033713135642206064,0
0.0020733151138249612,-0.09881032376197403,0.865264493186054,0.025181816741208368,0
0.002178839229604616,-0.09880881724069925,0.8691346835850731,0.03434727546497135,0
0.0022695061398764855,-0.0988083173858919,0.8643007442557475,0.042769359090832224,0
0.0019156426940359686,-0.09881307048685921,0.8517836166567412,0.01581415031276978,0
0.0017590146403973648,-0.09881516718991547,0.843301576326242,-0.003927146112654317,0
0.0018612109101635052,-0.09881351302296004,0.8530700322289788,-0.002748896450834721,0
0.0019186683184091694,-0.09881257937584587,0.8573110523942284,0.0071217517618773285,0
0.001828584217873476,-0.09881419475240866,0.8475425964914916,0.005943502100057733,0
0.00198872657627789,-0.09881153556118852,0.8614007416528976,0.01623232407649023,0
0.002012298598846394,-0.09881183894696971,0.8556473681898977,0.024763642977487923,0
0.0038750071570675957,-0.09879586218298712,0.9327467094629414,0.13059679655367057,0
0.0015312814098149914,-0.09890694013981506,0.9826794781309391,0.15998858467841218,0
6.596692593216491e-19,-0.09889245742309964,1.0,0.14998625929049597,0
0.0007274271411440681,-0.09890143852768885,0.9913397390654696,0.1549874219844541,0
0.000758405901607447,-0.09887978350888915,0.9898861577395175,0.14490888476613054,0
0.0014807742698955272,-0.0988825772629482,0.981225896804987,0.14991004746008862,0
0.0021286786569769175,-0.09888836834591856,0.9748476285868906,0.15674173557218318,0
1.494478014515132e-19,-0.09887299007157517,1.0,0.13998390209631192,0
0.004905810023838498,-0.09876857514092274,0.9179709849107196,0.13876266679872676,0
0.004284818073954012,-0.09878208839267925,0.9227523316202685,0.13041266558228992,0
0.004606843049449934,-0.09877038878423446,0.9131554689372892,0.13001327017743805,0
0.005502046754225377,-0.09874367595597859,0.8983299258704226,0.13818602391975618,0
0.004666640194231238,-0.09876311798169883,0.8891141071477378,0.120868816703226,0
0.005073691604807454,-0.09875355214126488,0.8937220165090802,0.1295274203114911,0
0.004520520943745787,-0.09876722717472539,0.8987270300557981,0.12106634512968767,0
0.004875431211444899,-0.09876052769145041,0.9033349394171406,0.12972494873795276,0
0.005242064302589568,-0.09875457024532923,0.908150455390571,0.13847434535924147,0
0.004485128918566064,-0.09878513040273863,0.9279653627533926,0.1389467977701074,0
0.005483203390338132,-0.09877305175331579,0.9272487232794244,0.15588325319100566,0
0.004250041023827167,-0.0988323953445327,0.9485257289977141,0.15850776820605772,0
0.0033639582179119266,-0.09889826008324228,0.9653589564155481,0.1699910362657818,0
0.003862850974391866,-0.09886274370734664,0.9569423427066311,0.16424940223591977,0
0.0029943917656591397,-0.09888215024572981,0.9661873677291951,0.16174296136586802,0
0.003455600481656754,-0.09885332740706693,0.9577707540202781,0.15600132733600597,0
0.0034945077511020985,-0.09883626734402742,0.9533335547437705,0.14894921968019187,0
0.004142861803911236,-0.09881430491475933,0.9432427347968898,0.14881934847377287,0
0.0046979211143654475,-0.09879054391314254,0.932604231937745,0.14750709096624687,0
0.004914510990546879,-0.09880205993177396,0.9378872261385693,0.1571955106985317,0
0.004180385277880963,-0.09877402677342237,0.8939537697583531,0.11232112519410176,0
0.003931916334002006,-0.09878008164418481,0.8788060967470254,0.10359606122670866,0
0.004288849069687821,-0.09877194569273684,0.8839601019473815,0.11223243896496732,0
0.0038667748589817042,-0.09878044670364718,0.8887997645579968,0.1036847474558431,0
0.0035698169371167266,-0.09878648662739085,0.8839585430332716,0.09510510388694488,0
0.0032909440819560904,-0.09879351794318884,0.8691236774513488,0.08636955622470077,0
0.002732745401296088,-0.09880350009750816,0.8593635523404182,0.06834588247155823,0
0.0025732494012966527,-0.09880474900320033,0.8642269605644296,0.06008573250550831,0
0.002805062775564974,-0.09880092193484087,0.8693818447622985,0.06946490258861618,0
0.0030524417723406987,-0.0987965386853709,0.8742619073177638,0.07847673946518745,0
0.00299757350744336,-0.09879898679294408,0.8642436148958834,0.0773577193481295,0
0.0032918858719608105,-0.09879196965946607,0.8791173333854333,0.08649185138594094,0
0.0035985976293240176,-0.09878728342737617,0.8739648870991871,0.09498280872570472,0
0.0022862737957384683,-0.09881014469284226,0.8493507167070038,0.05062576891574072,0
0.0019430455263881065,-0.09881420427767224,0.8404116025952308,0.0328394886573151,0
0.0016710265489984762,-0.09881684632858981,0.8317493015708709,0.01288962750610815,0
0.0017955334280079067,-0.09881566787645567,0.8360804520830509,0.022864558081711624,0
0.0019239700999638648,-0.09881359327369352,0.846097609625986,0.02432681948504244,0
0.0018060087690718553,-0.09881490888676887,0.8417664591138061,0.014351888909438965,0
0.001709755894548195,-0.09881598895593251,0.8375254389485565,0.004481240696726917,0
0.001488698206821701,-0.09881866250058924,0.8237383842810654,-0.006053656439027136,0
0.0015724902848210872,-0.09881778568558197,0.8277438429259681,0.0034179855335405066,0
0.0016340061485373282,-0.0988169073541805,0.8335199803036537,-0.004990401275840726,0
0.002376640599481117,-0.09880776176957587,0.8592205427477224,0.051225675727599555,0
0.002497281155668733,-0.09880717399705416,0.854357134523711,0.05948582569364948,0
0.002199939519790176,-0.098810224232404,0.8544309182150289,0.042169452278973396,0
0.002103524320396786,-0.09881240471363581,0.8448811596511173,0.041732628786527906,0
0.002049384483207102,-0.09881214307386517,0.8499613611591426,0.03327631214976058,0
0.005198624349674899,-0.09876908657211776,0.922609854095072,0.14732295999486622,0
0.002410652341725837,-0.09890633975602908,0.9740192172732436,0.164989810472097,0
0.0018447274577165654,-0.09897171902215113,0.9831730426462748,0.1791381304972499,0
9.56977823807908e-19,-0.09894966258098566,1.0,0.16999091006639916,0
0.00168112978497402,-0.09893541503303997,0.982926260388607,0.16956335758783103,0
0.0008135610347910876,-0.09893004108299353,0.9913397390654696,0.16498974737240568,0
0.0008795615642468533,-0.0989634991208768,0.9915865213231374,0.1745645202818245,0
0.0026608144383032336,-0.09893510732725687,0.9742659995309115,0.17456458338151584,0
1.0219538548230558e-19,-0.09891747954000525,1.0,0.15998858467844757,0
0.006341557716298211,-0.09872782018523374,0.9080893987043418,0.15490292850672968,0
0.0075031760519054394,-0.09870974901692046,0.915530014661272,0.17383183882412298,0
0.005953684037246101,-0.09874882674966473,0.9176690609918832,0.15539309084886765,0
0.006908570884426223,-0.09871771656205088,0.9118097066828069,0.16436738366542633,0
0.006435001404403094,-0.09874642626280358,0.9213893689703483,0.1648575460075643,0
0.006017041060564342,-0.09879047776697861,0.9348318172473932,0.17141822739921117,0
0.0052545782706814,-0.09886159716709535,0.9500134009067088,0.17939991963825794,0
0.0042803764235253726,-0.09888416238350022,0.9576861786611285,0.17469547795201987,0
0.004726420134639016,-0.09884447718837293,0.9492695649522115,0.16895384392215784,0
0.0056819276967490845,-0.09882330296864968,0.942422609077051,0.17540907351873455,0
0.0050965488860676336,-0.09881516954844356,0.9416787731225537,0.16496299780263446,0
0.005755326267121093,-0.09877945558703717,0.9310402702634089,0.1636507402951084,0
0.006792931049634701,-0.09875030274625073,0.9251809159543326,0.17262503311166708,0
0.005587212084009741,-0.0987507933511549,0.9130301918075308,0.14683279765272822,0
0.005918918564260776,-0.09873500890864506,0.9032096622873822,0.14654447621324293,0
0.006942721988131236,-0.09869715259769242,0.8893273689081209,0.15518288470615335,0
0.005861156075245892,-0.0987314802820225,0.8798429474521047,0.138995566503743,0
0.00639006204423329,-0.09871482624902851,0.8845851581801127,0.1470892256049482,0
0.006185666251312776,-0.0987229843240792,0.8938286473892718,0.14668445431295477,0
0.006684406252589017,-0.09871009456714923,0.8987083838062313,0.15504290660644152,0
0.005717587957653449,-0.0987357067153831,0.8890864366612636,0.1385907952117496,0
0.005232319202690135,-0.0987489615062439,0.8844785272999212,0.12993219160348451,0
0.004831834369953003,-0.09876174194817157,0.8697969180623037,0.1218433952485574,0
0.003913196271241071,-0.09878509653239509,0.8588556993676758,0.10425434026211108,0
0.004355027293306633,-0.09877440161590584,0.8643263087149897,0.11304886775533424,0
0.004358206496907001,-0.09877175376572468,0.8743015074046645,0.11271972823763303,0
0.004783322784540162,-0.09876091391432375,0.8794555126050208,0.12135610597589169,0
0.0053301598733177455,-0.09874753935858188,0.8748199327572042,0.1304194808761502,0
0.003975988832574536,-0.0989783931504991,0.9678977990736869,0.19117634847516904,0
0.001850755835752304,-0.09906137772461278,0.9854716779359958,0.19516043595931684,0
0.0029788020134665083,-0.09902289970477478,0.9766847385048414,0.19316839221724294,0
0.001868725164126754,-0.09901175446064335,0.9843223602911353,0.18714928322828336,0
0.0028522302723870893,-0.09897952023388748,0.9755354208599809,0.18515723948620946,0
0.003660013644098945,-0.09893243959568243,0.9666283777446175,0.18058369237047542,0
0.004693385880807957,-0.09891608588411116,0.9589555999901979,0.1852881340567135,0
0.0039535778865690515,-0.09878149285856501,0.8688308980573506,0.10392520074440986,0
0.0035879646656426932,-0.09878951871249812,0.8639896884095123,0.09531194824340593,0
0.0031214641514195223,-0.09880086879177864,0.8491365232963294,0.08572160526976084,0
0.0025081992043357515,-0.09881031265285249,0.839431864003489,0.06798800585982727,0
0.002023276754482345,-0.09881585926523445,0.8297638766790273,0.05038878146830897,0
0.0022515430527781416,-0.09881346521056672,0.8345978703412582,0.05918839366406812,0
0.0023909477632388727,-0.09881011560854366,0.8443912903552464,0.059306887387783995,0
0.0021707925651305044,-0.09881284747188708,0.8395572966930156,0.050507275192024845,0
0.0019789579077118054,-0.09881489046144896,0.835087739637129,0.04161413506281203,0
0.0016415406980804432,-0.09881903921715032,0.8200871789515822,0.03287389831555494,0
0.0018061220510872434,-0.09881656539259234,0.8302493907734065,0.032856693486435024,0
0.001651007686552678,-0.09881780810441204,0.8259182402612266,0.022881762910831546,0
0.0013588472351595358,-0.0988206079387595,0.8121644194843043,0.01304145609133008,0
0.0011473101948209843,-0.09882195419130071,0.8041397052365022,-0.007821851189689234,0
0.0014190456939980828,-0.09881955722690171,0.8179514018826848,0.0034938998261514723,0
0.001244827374511866,-0.09882126196121868,0.8081520623604033,0.002609802450820423,0
0.0013256580223064028,-0.098820366289323,0.8139390447587838,-0.006937753814358185,0
0.00323168096856997,-0.09879655896865122,0.8591301003738391,0.08604558074723082,0
0.0029184654047846323,-0.09880214422131794,0.8542500378183737,0.07703374387065953,0
0.0027978708713430516,-0.09880618219404627,0.8442841936499093,0.07685480556479406,0
0.0026410414956536906,-0.09880656372375946,0.8493977081719536,0.06816694416569274,0
0.003496073094165526,-0.098793897007855,0.8539961113320026,0.09498797276593596,0
0.0018211064057839107,-0.09881766732434515,0.8249255278153047,0.041631339891931955,0
0.0015249924234059394,-0.09881873743581449,0.8219568605275875,0.012965541798719116,0
0.0014889895680215597,-0.09881990428991358,0.8161257992179433,0.022957677203442512,0
8.166668160952334e-19,-0.09904218502374706,1.0,0.1899955056703701,0
0.0009809169863263926,-0.0990093388879501,0.9915865213231374,0.18456681808380998,0
8.57616677035665e-20,-0.09899099398629817,1.0,0.17999320786838463,0
0.0009293194824033783,-0.09905600386032659,0.9927358389679979,0.19257797081484346,0
0.007863407830338245,-0.0986697262411101,0.8979001184826441,0.1685002847227083,0
0.009769501158223587,-0.09858759280519432,0.8951928302496313,0.18566174610736283,0
0.009396286003851163,-0.09864764233251903,0.9133705768823857,0.1915565161621255,0
0.008394395545765357,-0.09868250794076767,0.9144502957718288,0.18269417749312422,0
0.009634838322059226,-0.09861266797783041,0.9042817035660085,0.18860913113474415,0
0.008629739213721586,-0.0986527423622068,0.9053614224554516,0.1797467924657429,0
0.007737366310252921,-0.09868539233524269,0.9067150665719581,0.17116606177341565,0
0.008761919582177305,-0.09863342911774121,0.8965464743661377,0.17708101541503557,0
0.008759323782577851,-0.09862375982824317,0.8813610063103748,0.17292204686241913,0
0.007399293544373511,-0.09868116854430332,0.8714856336048621,0.15794298724797542,0
0.005924720873263805,-0.09873605221663632,0.8610037810236099,0.13994930258714175,0
0.004683125052073622,-0.09877445356256538,0.8493188570008223,0.122578972539739,0
0.0036225409771115527,-0.09879878159524427,0.8388957189399704,0.1043579604924277,0
0.004281556141834514,-0.09877992725867753,0.854087278184249,0.11341665640092505,0
0.004125056918409688,-0.09878819498053566,0.8441072879703964,0.11346846651608335,0
0.0037985293255149966,-0.09879102115368685,0.848875709153823,0.1043061503772694,0
0.0033626048077676986,-0.09879957329850637,0.8440161211181498,0.09503978288109427,0
0.0027581799115427006,-0.09881239337124365,0.8291237491674017,0.08516640567359872,0
0.002125310374048125,-0.09881915014971325,0.8194416716384422,0.06755557219326201,0
0.0023349533720608525,-0.09881458749804856,0.8294367678209655,0.06777178902654464,0
0.002072965489894634,-0.09881720970167043,0.8246027741587347,0.05897217683078549,0
0.0016309893665816427,-0.09882237285885515,0.8097655917653489,0.05002332840321076,0
0.0012523799329904979,-0.09882354914060117,0.8007617640220572,0.03167109179938318,0
0.0009713635546672371,-0.09882384362098609,0.7928146414083735,0.010613696713606867,0
0.0011008186579158628,-0.0988236831123216,0.7967882027152153,0.021142394256495025,0
0.0013047846466267693,-0.09882189628118358,0.8064630917531808,0.022356273945356633,0
0.0011716830788299198,-0.09882232864800625,0.8024895304463389,0.011827576402468475,0
0.001057527405300685,-0.09882279273274983,0.7984771733224378,0.0013959227619588163,0
0.0007546652627128819,-0.09882456858652329,0.7845046441375543,-0.00912283540935342,0
0.0008570984581933375,-0.09882414086898451,0.788659642772964,0.0007454306521267233,0
0.0009561735239549175,-0.09882337269291662,0.7943221746870283,-0.008472343299521328,0
0.007074039323932897,-0.09870151827846414,0.902994758593493,0.161701606614719,0
0.007400856803815845,-0.09868301093720236,0.8936137436953825,0.16184158471443083,0
0.007802908087226286,-0.09866444504594292,0.8853441876092478,0.16405246578428623,0
0.008068112156740843,-0.09865336299995608,0.8764233199576185,0.1654325170551973,0
0.007210760562621712,-0.09868641434592987,0.8804065012564914,0.1565629359770644,0
0.0065877058061353305,-0.09870898335958705,0.8756642905284834,0.1484692768758592,0
0.005933975395558252,-0.09873139233237566,0.8704233642378573,0.1394724345454424,0
0.006634943411942196,-0.09871086962686186,0.866244707314236,0.1489461449175586,0
0.007595729283152697,-0.09877443658526043,0.932841244492964,0.1894684029424705,0
0.008521431360554228,-0.09871270926065086,0.9231059106876749,0.190512459552298,0
0.007615464120822102,-0.098733582353632,0.924185629577118,0.18165012088329674,0
0.006759238549722145,-0.09878375406129493,0.9338365308701786,0.18044331517084083,0
0.006393375280632623,-0.0988247850484457,0.9414273226998364,0.18443416129036422,0
0.006210229137313296,-0.09889976450696743,0.9509069394171086,0.19540459461424922,0
0.00695462150780885,-0.09883522181183649,0.9418740919550364,0.19243649877835986,0
0.005711736408237,-0.09887847203502982,0.9504601701619086,0.18740225712625358,0
0.005086663268527455,-0.09894484260076168,0.9594023692453977,0.19329047154470913,0
0.005816576530823101,-0.09902907175899847,0.9606540458959356,0.2088023656315051,0
0.0033374874632465575,-0.09914358674881804,0.980318106281572,0.2096956954311213,0
0.003612319294877247,-0.09905508749046163,0.9741079526776295,0.20043602195314517,0
0.004857080078454997,-0.09900252588076566,0.9642759224848112,0.19998935705333706,0
0.004483111068238063,-0.09909839217231292,0.9704860760887538,0.2092490305313132,0
0.008343099183878726,-0.09864456726038126,0.8896305623965095,0.17071116579256373,0
0.005351921294609372,-0.09874990108790278,0.8654003495429567,0.13089634891784957,0
0.004797930919527386,-0.098766316308114,0.859557887531563,0.1222111838941482,0
0.005280494525002407,-0.0987571050334481,0.855161319012216,0.13126413756344038,0
0.0024991660828462717,-0.09910143508927052,0.9828948921087839,0.20242806569521907,0
0.002134867498989538,-0.09917677125592197,1.0,0.21,0
3.0628711372715483e-19,-0.09911076993914322,1.0,0.19999775283518506,0
0.001163963329984,-0.09912392177301654,0.9927358389679979,0.20258021797965842,0
0.0012329326526952528,-0.09919208382255917,0.990159053140786,0.20984784771556064,0
0.00608198990862678,-0.09895609314354256,0.9557804926565221,0.20210348012287715,0
0.0029633381259081084,-0.09880622934827422,0.8391301362318655,0.08544400547167978,0
0.0026301070456986628,-0.09881101990908008,0.8342778065854454,0.076577205766713,0
0.0024227210493310116,-0.09881634732196427,0.824282710402922,0.07636098893343037,0
0.003163016496776255,-0.09880667611029341,0.8340097340536861,0.09476218308301321,0
0.001841106404208997,-0.09881911117325129,0.8197647342221881,0.050206054935759865,0
0.001862943145595246,-0.09882108088469439,0.8146036317018955,0.05878945029823639,0
0.0016356631066849901,-0.09882047774667706,0.8149263853584656,0.04144861335938285,0
0.0014291266189191956,-0.09882309476062932,0.805263677893703,0.04084721010129697,0
0.001456309727149952,-0.09882136963749198,0.8104244714868197,0.03227249505746906,0
0.009286320992677193,-0.09860286887383406,0.888276918280003,0.17929189648489097,0
0.010489842213689402,-0.0985378871836222,0.8772077515334445,0.18707941151367233,0
0.009379728544184066,-0.09860098817540715,0.8643683959854029,0.17742225214843657,0
0.007564534886519882,-0.09869525365279007,0.8490850906466294,0.162362858647288,0
0.005586720947993964,-0.09876794861830544,0.8369338981924541,0.14223885975831596,0
0.006703525833498307,-0.09871671867941836,0.8550444358351197,0.15115608061721486,0
0.00652367287196487,-0.09873659785276785,0.8430094944195418,0.15230085920280198,0
0.005827414944738512,-0.09874802837157927,0.8489688396080319,0.14109408117272887,0
0.005124685040205971,-0.09877021929916685,0.8431263775966382,0.13240891614902747,0
0.004166401198814765,-0.09880147347363598,0.8281147485753304,0.12290355690650649,0
0.004466925438903144,-0.09878656499671619,0.8387168027880764,0.12274126472312274,0
0.003889830172458963,-0.09879925230980942,0.8335052337576504,0.1136307586994671,0
0.0030396373566715456,-0.09881841890351255,0.8188296681486976,0.10292951030069951,0
0.0035634361440394107,-0.09881164013949169,0.8234722083620141,0.112916533603603,0
0.003356996062141872,-0.09880829098296592,0.828862693544334,0.1036437353965636,0
0.0028985088500755904,-0.09881469792322307,0.8239767086580496,0.09404795798714911,0
0.002223679661945916,-0.09882577521388113,0.8090995955027497,0.08474161217930343,0
0.0016113871940977066,-0.09882818172138462,0.7994372042085728,0.06718468170883571,0
0.0018829955510444223,-0.0988237652548086,0.8094394379235075,0.06737012695104885,0
0.0018974971972347834,-0.09882739874661663,0.8042683998556612,0.07596314694406957,0
0.002176860984162897,-0.09882191217116541,0.8142706335705959,0.07614859218628273,0
0.0025109626714969425,-0.09881902561687851,0.8191116723350758,0.08495400892645108,0
0.0026047891930808796,-0.09882295237521645,0.8139646318257237,0.09383556124000147,0
0.012017474048108035,-0.09846913188147234,0.8823244412923026,0.2009191174150899,0
0.011394742583053839,-0.09854313500926233,0.901863450217593,0.2033120094520914,0
0.01214673397481868,-0.09845327048774326,0.8920939457549477,0.20211556343359066,0
0.010639576094280836,-0.09855611018335365,0.898528140233612,0.19448687777972712,0
0.010946344924776625,-0.09852274627717515,0.8887586357709669,0.19329043176122634,0
0.011293144896930308,-0.09849811979517926,0.8797660964128735,0.1939992644643811,0
0.010169543564361542,-0.09855942274285465,0.8862002908915378,0.18637057881051758,0
0.009582906968451923,-0.09858500108346165,0.8792843789219097,0.18000072918804572,0
0.009946326958444792,-0.09856881098458671,0.8707880737594238,0.18225083183105445,0
0.009111907283012442,-0.09860841352773464,0.8728647011478889,0.17517214950542787,0
0.008331799065113187,-0.09864544888192014,0.8679270147951326,0.167682619698206,0
0.007556103278502187,-0.09868228138520879,0.8602853621257458,0.16015292294763173,0
0.008469325640709732,-0.0986500361778647,0.8567267433160162,0.1698925553978623,0
0.010441997832859646,-0.09859199440246565,0.9076170135499892,0.19743426280710846,0
0.010092385137099744,-0.09868502104287266,0.921425379683128,0.2055086350647987,0
0.008185420716191978,-0.09886146116503985,0.9410212191544387,0.2073769316668632,0
0.009484077795371955,-0.09874533854496158,0.9312232994187833,0.20644278336583094,0
0.007968533520749428,-0.09880510877239906,0.9369312318237013,0.19842266730466684,0
0.008851226733003863,-0.09873064913896339,0.9271333120880461,0.1974885190036346,0
0.00982325547142256,-0.09865485082971776,0.9173979782827568,0.1985325756134621,0
0.011151081667391035,-0.09857100483222697,0.9116444149503604,0.20441032225844505,0
0.004831391431298897,-0.09878744889831123,0.8325243233838923,0.13257120833241123,0
0.0016241649157125377,-0.09882487930931483,0.8046013979869608,0.058604005056023235,0
0.0011423553483862767,-0.09882820446597099,0.7898798765526986,0.04951287317549474,0
0.0013968519513992438,-0.0988254504414971,0.7998227341590238,0.04976810078935275,0
0.0012004382966691327,-0.0988255865121793,0.7953208202873779,0.04059198248743896,0
0.0007863482174252716,-0.09882728861857154,0.780690395162215,0.031250481154289335,0
0.0010265746435885162,-0.09882558823010514,0.790726079592136,0.031460786476836256,0
0.000880998431177613,-0.09882532606491057,0.7867525182852942,0.0209320889339481,0
0.0005483840841475701,-0.09882623701887794,0.7734259820022559,0.011412582949932474,0
0.0003301976442758702,-0.09882614715098713,0.7648410374086538,-0.009874817450694191,0
0.0006515524632794014,-0.09882524687976693,0.778965313069905,0.0011448737702895269,0
0.0004340990441977821,-0.09882606085970128,0.7691335097054548,0.0007688827496191413,0
0.0005452641323921472,-0.09882550526110653,0.774672840773104,-0.009498826430023807,0
0.0013613624009920062,-0.09882836769342684,0.7946585403806357,0.058348777442165226,0
0.0009526795295636322,-0.09882776778370657,0.7852851358574569,0.040381677164892035,0
0.0006593387010865557,-0.09882666310240867,0.7770581885822354,0.021331532052110906,0
0.0007648826062195996,-0.09882517816629431,0.7831203117053147,0.01101313983176967,0
0.007201831666725333,-0.09888181439837379,0.9459640792857736,0.2013907631405562,0
0.007228913076303838,-0.09893600169666715,0.9508376325251872,0.20808964864918414,0
0.011927869668979975,-0.0984800261024924,0.8627921253644149,0.1984719234020252,0
0.009777660967221786,-0.09860424780612448,0.849783593962883,0.182642452998059,0
0.008643866905075537,-0.09868991453140077,0.8351247746675803,0.1778082801166723,0
0.006517180162792459,-0.09876878083566189,0.8273958453774599,0.15977942221831484,0
0.007515314592279812,-0.09873559492297623,0.8312603100225201,0.16879385116749357,0
0.007106872649137969,-0.09872891743272612,0.8382404680120447,0.1610711404328014,0
0.008112066753657231,-0.09868915070401181,0.8421049326571048,0.17008556938198016,0
0.00923271534859413,-0.09864686320067931,0.8424541843152317,0.18022536655736565,0
0.0085945749499529,-0.0986561617675217,0.8494343423047562,0.1725026558226735,0
0.009610360649430607,-0.09859906934928707,0.857075994974143,0.1800323525732478,0
0.010651418584728855,-0.09853920512471478,0.8635802606749089,0.1879470877752309,0
0.010943855909243648,-0.09853312801411301,0.856287859663649,0.1905571882000421,0
0.011312050602550723,-0.0984956482357306,0.8699999384489296,0.19277566745784877,0
0.012422141669500321,-0.09841890068645628,0.8725582833283587,0.19969552040855754,0
0.006041935676089729,-0.09876677807797593,0.832164871784957,0.15100914098831542,0
0.004679474516285233,-0.09881557228150112,0.8172381213181765,0.14071400696666736,0
0.003302811695848689,-0.09883337766807364,0.8080795598902913,0.12117243104761538,0
0.003940881548699636,-0.09882676845101544,0.8126588406042339,0.13094321900714137,0
0.004425981706187397,-0.09880659381604326,0.8226764349467535,0.13180878193658693,0
0.0037629296383156134,-0.09881743685752906,0.8180971542328108,0.12203799397706094,0
0.0031770137695879305,-0.09882442986350692,0.8134546140194945,0.11205097067415745,0
0.002288375425588273,-0.09883849278683725,0.7986749868833868,0.10223349272693308,0
0.002758031568153002,-0.09883703747476191,0.8033772733868391,0.11170296188727423,0
0.0026856415589490705,-0.09882867017634903,0.8087523275160422,0.10258150151381629,0
0.0022634590707213444,-0.0988311606839056,0.8038872911930682,0.09348755245311825,0
0.00154986836669207,-0.09883810537787545,0.7890958434149103,0.08436700870482404,0
0.0015882776598131988,-0.09883250517355183,0.7942665238117416,0.07577584520682987,0
0.0019018754558483505,-0.0988322580209741,0.79909771945883,0.08455431044206374,0
0.0018925273366445412,-0.09883877552315816,0.7938854151491486,0.09330025071587855,0
0.005538847444513767,-0.09879665509880417,0.8223169833478182,0.15024671459249112,0
0.005172748339936766,-0.09879092846826747,0.8270860097553153,0.14147643336249166,0
0.0009984667321372616,-0.09883545219263373,0.7794457750226953,0.06679196234545236,0
0.0006138718745298177,-0.09883207513838808,0.770873584973047,0.04904747509006181,0
0.00027502335937369844,-0.09882926071102877,0.7605860184269942,0.030224666334932183,0
0.0004332446014676482,-0.09883057594948004,0.7657298017000207,0.039636070712497,0
0.0005337721071853113,-0.0988285223841727,0.7706382067946046,0.03073757374461076,0
0.0007052270442055467,-0.09882941411152388,0.775781990067631,0.04014897812217558,0
0.0008838035728724251,-0.09883040401910256,0.7803767307628728,0.04928017413277828,0
0.0010775281435287437,-0.09883141438496885,0.784662825787697,0.05815241776047355,0
0.0007924470545003459,-0.0988337123442271,0.7751596799978712,0.057919718717757085,0
0.0012543802277141297,-0.09883693453492177,0.7842708092188029,0.0755794855251382,0
0.0013149349272602968,-0.09883214953401304,0.7894414896156341,0.06698832202714403,0
0.00041759378699638604,-0.09882758590935797,0.7670060002146251,0.02081862464243233,0
0.00011349989854052674,-0.09882698408177003,0.7548681971547541,0.0070924200355162665,0
0.0003309594267255332,-0.09882677539695774,0.764147089578505,0.00925250149272437,0
0.0002235482297041296,-0.09882647333514406,0.759854617281704,-0.0013911987075889624,0
-0.00010791818288021407,-0.09882648787658023,0.7451637347791499,-0.010029756396824534,0
3.9624814008227315e-07,-0.09882664869262121,0.750015965966952,-0.0014686681806541338,0
0.00011169473618068216,-0.09882647984718311,0.7550023860939019,-0.009952286923759362,0
0.00018868492526053122,-0.09882786617653853,0.7577271077908742,0.018658543185224225,0
0.011130250888338496,-0.09857335913496316,0.8432487611881002,0.1961150490981094,0
0.009665436057028583,-0.0987277517307837,0.8236791101517987,0.1939886763111289,0
0.007205267510730784,-0.09880599013583223,0.8153373744396218,0.17603478983827373,0
0.005090021329799964,-0.09885158370789379,0.8063719482775663,0.15785397723883487,0
0.0048980673988283895,-0.09882997938379509,0.8118050347978714,0.14928399210275112,0
0.00585516131512824,-0.09880997542700903,0.8168838968275132,0.15881669972857487,0
0.006072882704895822,-0.09883446823660513,0.8108546613585941,0.1669443835385543,0
0.006874466173988352,-0.09878249407716444,0.8213666099085408,0.16790710602829428,0
0.007976755498136276,-0.09874696232535278,0.8252310745536011,0.176921534977473,0
0.008420546311417535,-0.0987690929154865,0.8195082422957103,0.1850117330747013,0
0.00922719245070857,-0.09869610809882971,0.8294019424096895,0.1858984782139006,0
0.010794984539883142,-0.0986106379898814,0.8334639356699495,0.19505186270461916,0
0.009899631119205679,-0.09863139583924559,0.8391867679278402,0.18696166460739083,0
0.010484375880687829,-0.09858322601766795,0.8465161775754917,0.18937875104808422,0
0.011964119550876666,-0.09847562875838914,0.8530204432762576,0.19729348625006732,0
0.0034626103589733793,-0.09886551185669896,0.7969298924173592,0.13945814784904628,0
0.004104436883094926,-0.09884120899341849,0.8070840068677678,0.14008607740785683,0
0.003399110537531397,-0.0988467045195491,0.8025047261538253,0.13031528944833082,0
0.0022784776673011745,-0.0988633330726023,0.7877614781317933,0.12115441129989561,0
0.0014024913272813627,-0.09885476346417849,0.778609424656289,0.10191492874344366,0
0.0022995585343174385,-0.0988490555619918,0.79321823250759,0.11169395201341434,0
0.0018031897653178679,-0.09885933055593475,0.7831854513940412,0.11153467002166964,0
0.0018607439817062846,-0.09884737114162002,0.7886422057698379,0.10207421073518837,0
0.0014904567468781924,-0.0988454325006575,0.7838526340355997,0.09314096872413385,0
0.0007797781265879753,-0.0988465269735031,0.7691254194295377,0.08391636366638822,0
0.0003655908235595367,-0.09883947494266812,0.7605475822640075,0.06692713609303341,0
0.0006871576339743891,-0.09883789157882951,0.7699966786433514,0.06685954921924289,0
0.0005002284209109631,-0.0988354111197982,0.7657105836185273,0.05798730559154761,0
0.00015127370869942735,-0.09883398625110552,0.7550305586381356,0.05043474331962127,0
0.00021709693537540415,-0.0988313044681788,0.757808288532565,0.04032970482727673,0
0.00038571683486863666,-0.09883324383722601,0.7629520718055913,0.04974110920484154,0
0.00025075886466512803,-0.0988364924219514,0.7577890704510716,0.058680939706327345,0
0.004216497983443084,-0.09886141849042625,0.8016509203474628,0.1486560625439406,0
0.0028246153317820336,-0.09886558019645357,0.7923456852745763,0.13030627957447094,0
0.0028161022349282154,-0.09884905012654281,0.7979205190110423,0.1211634211737555,0
0.0011736858927431832,-0.09884294887096313,0.779110631422224,0.08414168618560613,0
0.0010656967139899554,-0.09885063041714237,0.7738674220429134,0.09291564620491594,0
0.0009013911471405477,-0.09884042012549422,0.7742855972261165,0.0753541630059203,0
0.0005567073323204845,-0.09884283009266405,0.7648365008467726,0.07542174987971081,0
-0.0002005159207894474,-0.09883124523970523,0.7427690562577912,0.03988116349764426,0
-3.173615639624818e-05,-0.09883264413574847,0.7488998074479634,0.04515795340863277,0
4.508159060285825e-05,-0.09883040586085728,0.7516775373423927,0.03505291491628822,0
-0.0001227474254681148,-0.09882833396806238,0.7450618782318241,0.0219865162750144,0
7.183962476004304e-05,-0.09882891094541943,0.7528239483294092,0.026105591304973294,0
-0.000159061612307388,-0.0988295848978762,0.7439154672448076,0.030933839886329334,0
-8.304631845422045e-07,-0.09882759241593901,0.7499650376932891,0.014539468155265333,0
-0.0003089987334113573,-0.0988266901493089,0.7366839160718471,0.006842055253776967,0
-0.0005416419006770879,-0.09882554779930124,0.7254909933472623,-0.00957767784376375,0
-0.00042677398975004345,-0.0988260383884075,0.7310874547095547,-0.0013678112949933913,0
-0.0002058117976387839,-0.09882650567295133,0.7409238254254985,-0.0015938505715237835,0
-0.00032644533492184424,-0.09882617502575192,0.7353273640632061,-0.009803717120294143,0
-9.835857306951255e-05,-0.09882699309005537,0.7457760566133006,0.006967237644646617,0
-0.00021851576969109457,-0.09882741543165768,0.7408728971518357,0.014414285764395685,0
0.007611844388432928,-0.09890727698705519,0.8040739682388426,0.1922212148074821,0
0.00530029962168244,-0.09892623379863412,0.7953286772945535,0.1745456736911819,0
0.006295112214616234,-0.0988685788468047,0.8053330258670877,0.1752902317647278,0
0.005221664454993288,-0.09888285310629906,0.8008503127860599,0.1661998254650084,0
0.003419725377910425,-0.0989232033736412,0.7861099965494769,0.1567095354584952,0
0.004284287645038615,-0.09892788876503036,0.7907193369220151,0.16562760457483855,0
0.004291259204878117,-0.09888958330473267,0.7962409724135215,0.15728175634866504,0
0.0034697019156138555,-0.09889022318958998,0.791519944483418,0.14808384165377075,0
0.002060241691742151,-0.09890393317007574,0.776975911167581,0.1384884220245525,0
0.001098285097202281,-0.0988816501252578,0.7679085306190835,0.11972692674360463,0
0.001535058054017579,-0.09889255655083995,0.7724422208933323,0.12910767438407855,0
0.0016983451387885063,-0.09887413638048628,0.7778350043754384,0.12044066902175013,0
0.001274279196532438,-0.09886673368447542,0.7732589776376863,0.11082092774352414,0
0.00043481523012191796,-0.09886280049580431,0.7587678070564381,0.10103513413438228,0
-3.5711053601617215e-05,-0.09884922984864072,0.749131041341573,0.08357102326450339,0
0.000374433722685199,-0.09884867219181752,0.7591282303855553,0.0837436934654458,0
0.00018226470200888997,-0.09884404638546,0.7548393118027903,0.0752490796787684,0
-0.0003349714474305955,-0.09883775524130967,0.7399380484129726,0.06256752193400773,0
-0.0007230902378141334,-0.09883077254664561,0.7247582391161548,0.046344119663309556,0
-0.0002611002106691088,-0.0988340344825251,0.7413535523353819,0.051224342715826,0
-0.000544321555787493,-0.09883405064082706,0.7323481437645637,0.05445582079865864,0
-0.00045826554178872084,-0.09883128785053484,0.733763647686973,0.04311264158047691,0
-0.0004932106993739216,-0.09882798803056922,0.7304022122373793,0.02589226757046552,0
-0.0007222307878762996,-0.09882543718486404,0.7187888284617421,0.010837211909604466,0
-0.0009527756026010654,-0.09882345178637307,0.7058399320662588,-0.008547611001824842,0
-0.0007511942095974056,-0.09882463166180264,0.7156654627067606,-0.009062644422794296,0
-0.0006265853321137906,-0.09882537764762954,0.7221399109045021,0.0006297670329203581,0
-0.0008376017936378332,-0.09882431943362692,0.7123143802640004,0.0011448004538898117,0
0.008973968921792029,-0.09879300328352436,0.8138765391953207,0.19310494555930552,0
0.007489443231336895,-0.09884338174601272,0.8097056713392322,0.1841280023228779,0
0.006420284143028897,-0.09891899335678275,0.799701322766698,0.183383444249332,0
0.0021964218684109465,-0.0988811279777971,0.7823686946496872,0.12982141666222405,0
0.00278281168858337,-0.09888674809156046,0.7869529017924701,0.1389732849367994,0
0.0026823036146917272,-0.0989143736531496,0.781542953858529,0.14759897874152383,0
0.0006263953882558984,-0.09885393638955797,0.763946613242988,0.09247574890038525,0
0.0001779471227820888,-0.09885557193005738,0.7539494241990056,0.09230307869944283,0
0.0009241213925146287,-0.09885991689343279,0.7686886158563635,0.10147503143891297,0
0.0007348400614939576,-0.09887169354590987,0.7633381688377607,0.11038103043899346,0
-0.0002013409573021106,-0.09884285578397334,0.7445345448772729,0.07306927259925555,0
8.216366637684626e-06,-0.09883915022925775,0.7502428153384901,0.06474732901352057,0
-7.956019153336332e-05,-0.09883598508255702,0.7474843035255541,0.0565011326268145,0
-0.0003537325666041311,-0.09882953289230922,0.7365856342475853,0.032886715534054894,0
-0.0005988988632632744,-0.09882920136305426,0.7275802256767671,0.036118193616887534,0
-0.00030716542077167784,-0.09882828735629329,0.7377320452346017,0.023939391922739958,0
-0.00039577118978247685,-0.09882720537583019,0.7335430641546132,0.01636716141212124,0
-0.0005167412295102467,-0.09882621149347705,0.7277363722667947,0.008839633581690716,0
-0.0006113869410656087,-0.09882660808502493,0.7245955203495607,0.018364739740034993,0
0.005085918102743162,-0.09906928410481194,0.7844324567857922,0.1909215934450424,0
0.0030722795944773396,-0.09901964824850863,0.7753583613310717,0.17346701742523526,0
0.003289959096554215,-0.09896547571938924,0.7807341789402743,0.16508827644186524,0
0.004214357839591675,-0.09897851502999769,0.7853435193128127,0.1740063455582086,0
0.004024394510415998,-0.09904470514503237,0.779895409058432,0.18219430543513881,0
0.005278012444945506,-0.0989858701363053,0.7898805670401728,0.18273363356811215,0
0.006599409603199811,-0.09897998489026426,0.7942532125123174,0.19157140412626225,0
0.0015769841167247375,-0.09896884041011876,0.7662569929448494,0.1558983827017906,0
0.0005535352038072778,-0.09892150216900278,0.7572048198991469,0.13726820762629507,0
0.000861564723994344,-0.09889972754039904,0.7625566752591152,0.12849756718494987,0
0.001313168329593279,-0.09891560918090088,0.767090365533364,0.1378783148254238,0
0.001012333261156477,-0.09894371475888741,0.7617309064219981,0.14658329516404284,0
0.0018601644772738744,-0.09893281031748656,0.7716164520562152,0.14719340236317155,0
0.0025180819210208123,-0.0989500247489449,0.7761834947471631,0.15630395908014288,0
0.0022548537664082787,-0.0989940156022195,0.7708076771379606,0.16468270006351293,0
-0.00011393686997482048,-0.09888585275922362,0.7481317534912302,0.11850040650946755,0
0.0004920166925384289,-0.0988856375413106,0.7580201420551569,0.1191136666265361,0
0.00018256466626601658,-0.0989021962498243,0.7526682866951886,0.12788430706788131,0
0.00018962074230605234,-0.09887347739243309,0.7534497802738341,0.10976777032192492,0
-0.000552182086018415,-0.09886191286970426,0.738809553299025,0.10072110317385213,0
-0.0003578963871759155,-0.0988728192995669,0.7434706533951276,0.10961075484165984,0
-6.00863040927292e-05,-0.09886357403416833,0.7487886801777315,0.10087811865411721,0
-0.00027105549383721534,-0.09885524165098049,0.7439702973202991,0.09214606321917776,0
-0.0008444320783678857,-0.09884563244086797,0.7291095829720893,0.08329213908661674,0
-0.0007154385260996942,-0.09885297954831407,0.7339595681355571,0.09200662113023444,0
-0.0004443640186298734,-0.09884819317109221,0.7391203121568312,0.08343158117556007,0
-0.0005662304868223977,-0.09884148465511147,0.7345238156925309,0.07292983051031224,0
-0.0010700497579354078,-0.09883437387419627,0.7180010248186371,0.06575939768263728,0
-0.0012731304586734468,-0.09882666934276045,0.7047038010108587,0.04863845149760436,0
-0.001182296199910777,-0.09883008880591554,0.7113524129147479,0.05719892459012082,0
-0.001003467022840161,-0.09882901501149134,0.7147310200635068,0.047491285580456954,0
-0.0008826791666653811,-0.09883245365790805,0.721379631967396,0.05605175867297342,0
-0.0007039154621413948,-0.09883667655341273,0.7289695366158049,0.0641634598083225,0
-0.0009705323004619063,-0.0988394081691458,0.7235553038953633,0.07452576838462702,0
-0.0009654622492041847,-0.09882587064913097,0.7114699248676801,0.029751530372286804,0
-0.0011541924874112887,-0.09882252577609145,0.698318508936928,0.011442584715751493,0
-0.0010622703927162956,-0.09882400907541017,0.704894216902304,0.020597057544019148,0
-0.0008358724120972615,-0.09882559989364159,0.7151293766647111,0.020294371140945636,0
-0.0009445140634993605,-0.09882411976220566,0.708553668699335,0.01113989831267798,0
-0.0010466665352693628,-0.09882293884790637,0.7020792205015934,0.0014474868569633254,0
-0.0013226957995246603,-0.0988204774820009,0.6862223029907106,-0.007004901218238913,0
-0.0012358698345978027,-0.09882140841124834,0.6922704059638194,0.00221884174875629,0
-0.00114412688788371,-0.09882205130405344,0.6960311175284848,-0.007776256110031878,0
-0.0011078316951005473,-0.09882626125238045,0.7080868629392694,0.03919499093494558,0
-0.0008519732589684985,-0.09882809180542629,0.7181140819919174,0.03804782501779818,0
-0.0007313792097602761,-0.09882714230532669,0.7209360685525297,0.02782189897137616,0
0.0022391430872082518,-0.09917447178696133,0.7647624404709625,0.1901715774472619,0
0.0006879018619757084,-0.09906330008171627,0.7556069614052303,0.17279194836015357,0
-0.00031414866034273485,-0.09897793751988204,0.7467488630693079,0.15499997526241707,0
-0.0009322257821030437,-0.0989158756344866,0.7376551111296633,0.1361636677502428,0
-0.0006658889903985342,-0.09894368598871688,0.7422019870994856,0.14558182150632992,0
-0.00019630359069033328,-0.09892155102742395,0.7474299655144051,0.13671593768826895,0
0.000170407568413029,-0.09894755441975152,0.7519768414842274,0.14613409144435607,0
0.0006318757905681463,-0.09897809304901364,0.7565029280070786,0.15544917898210384,0
0.0011919215256295504,-0.09901181536173494,0.7609319771750398,0.1643451655309721,0
0.0018909964178510307,-0.09904887366169121,0.765482661368151,0.17312948289269442,0
0.0027406676309932763,-0.09908811186439657,0.7700604009010171,0.18181929743624858,0
0.0038089128698735528,-0.09912659481056224,0.7745974486283773,0.19054658544615216,0
0.001395614458754628,-0.09911538750349383,0.7601847009380964,0.18148176290370774,0
0.00012846323818533712,-0.0990170642477426,0.751177912237269,0.16389596181128532,0
-0.00048218400574674496,-0.09890009114603637,0.7428934323104468,0.1273320371298552,0
-0.0012933206400688327,-0.09887631516774525,0.7283274527757017,0.11783673991467516,0
-0.00149738966725918,-0.09885192260022278,0.7187952665315838,0.10043089974701185,0
-0.0008911868788191232,-0.09886903030180401,0.7335685030373633,0.10927892154426365,0
-0.0014134992301373796,-0.09886273770666572,0.7235613596536428,0.1091338198308435,0
-0.0010344946756942865,-0.09885794387464837,0.7288024099153043,0.100576001460432,0
-0.0011460990791519576,-0.09884892184603462,0.7239524247518365,0.0918615194168143,0
-0.0016025435908896594,-0.0988367139338229,0.7089817053688474,0.08338857071893639,0
-0.0012336961602171877,-0.0988417613623354,0.7190456441704683,0.08334035490277657,0
-0.0015615570718232469,-0.09884340381803952,0.7138884859502156,0.09190973523297412,0
-0.0007122705190301599,-0.09888280958699314,0.7382296031334659,0.11816857321207136,0
-0.0011409958047676545,-0.0988939146608656,0.7329912819526825,0.12700020383245897,0
-0.001317222268496278,-0.09883568940091457,0.7134913650937422,0.07457398420078684,0
-0.0017145207618634388,-0.09882639527829193,0.6964876820244856,0.06658403199977986,0
-0.001775417252142907,-0.09882029438657386,0.683558887773,0.050236644596996935,0
-0.0017514025908020006,-0.098822918549435,0.6900232848987429,0.058410338298388396,0
-0.001478602226993926,-0.09882668698787397,0.7005957415176722,0.05761124174869211,0
-0.0014041101553599019,-0.09883074056918358,0.7072443534215613,0.06617171484120857,0
-0.0016697921075189677,-0.09883088608379076,0.7027346936966665,0.07498630135935813,0
-0.001536035917863738,-0.09882364159786729,0.6941313443919294,0.04943754804730065,0
-0.0014245963736679785,-0.09882175670331006,0.6909581436339898,0.03176283492336791,0
-0.001202941337342304,-0.09882397318090477,0.701214034250835,0.030757182647827355,0
-0.0012784264833955174,-0.09882216415490475,0.694638326285459,0.0216027098195597,0
-0.0015148717368939535,-0.09881896798214536,0.6787461841303806,0.013202625147637563,0
-0.0016316575607641082,-0.09881704835589344,0.6666417282218298,-0.005045585583285893,0
-0.0014104197872507637,-0.09881972843253851,0.6824842435605456,0.003098861964699325,0
-0.0015682428752324628,-0.09881795826510721,0.6726939561761052,0.0040785197821758355,0
-0.0014860645330024617,-0.09881878939044637,0.6764320156062702,-0.006025243400762403,0
-0.0013546451846391087,-0.09882392173653934,0.6978309723224243,0.04020064321048614,0
-0.0015872763983944221,-0.09882115753651154,0.6872585157034949,0.040999739760182424,0
-0.0014682170387619864,-0.09882019513745703,0.6848521638821852,0.022482730035502736,0
-0.0013427836805447572,-0.0988208141858978,0.6885323465336544,0.012322604931694528,0
-0.0007504002164110183,-0.09919690779204253,0.7450787942757616,0.1900191158835712,0
-0.0017063733749330772,-0.0990459720808947,0.7358694848004378,0.17207584798602002,0
-0.00209965380153145,-0.09894756706124151,0.7273261422988692,0.15298209105785313,0
-0.0019435689291092055,-0.09899058581269181,0.7315978135496535,0.16252896952193657,0
-0.0012302553284728045,-0.09896661839476345,0.7370375026840885,0.1539910331601351,0
-0.0009387729361592414,-0.09901075734063211,0.7413091739348728,0.16353791162421855,0
-0.0005193413448590632,-0.09906223087634748,0.745738223102834,0.1724338981730868,0
5.047712694353572e-05,-0.09912515138878243,0.7503428778404959,0.1814055321218624,0
-0.0013029348843344927,-0.09911332463849343,0.7404741395380997,0.1810474819347956,0
0.0007743034412500064,-0.09919672408990436,0.754920617373362,0.19009534666541655,0
-0.001464327256012402,-0.09893170714590378,0.7324906267142662,0.14457287940404795,0
-0.0023084909178288393,-0.09888956802460838,0.7180920297703369,0.13490500989605664,0
-0.0023743128289674805,-0.09885528917855432,0.7084989871360219,0.11746406614945823,0
-0.0018511530086043778,-0.09886700308958159,0.7184132199558617,0.1176504030320667,0
-0.0019039410314331832,-0.09885421373281239,0.7136471268338028,0.10894748294823503,0
-0.002330975959654744,-0.09883542139764437,0.6988238550336929,0.10007299801492098,0
-0.0023631970668323136,-0.09884394400161758,0.7036614210848574,0.1087685320821896,0
-0.0019314529757320526,-0.09884424579463848,0.7088095607826383,0.10025194888096642,0
-0.0019430615899064753,-0.098836612377653,0.7039027802012702,0.09173078436692869,0
-0.002284697354677492,-0.09882397949660869,0.6882065381092555,0.08395915699406346,0
-0.0022333377057049786,-0.09881691654570494,0.6754741322328391,0.06752190979885075,0
-0.0019904164606593866,-0.09882172863457403,0.6859809071286624,0.0670529708993153,0
-0.001989808100677979,-0.09881889529026931,0.6795165100029196,0.058879277197923845,0
-0.002147585322541582,-0.09881356370934086,0.6625799152664418,0.05087437250922013,0
-0.0017899192786225288,-0.09881703055783252,0.6713366895679471,0.03360544570582891,0
-0.0017977413914669867,-0.09881517177846783,0.6589997575808128,0.0144553476560324,0
-0.0017885311324354575,-0.09881599726712706,0.6651682235743799,0.024030396680930655,0
-0.0016399938026589573,-0.09881810789886855,0.6750414368491638,0.023404035426733236,0
-0.0016675200225033883,-0.0988170535997807,0.6688729708555967,0.013828986401834982,0
-0.0017061320110182852,-0.09881616369400827,0.6628207429013213,0.004704881036373254,0
-0.0018596401323970517,-0.09881367992445647,0.647093049764509,-0.002789087641937621,0
-0.00182215949355375,-0.09881443093322104,0.6530464036726609,0.005833130007047389,0
-0.0017570184665564523,-0.09881532257817345,0.6568673889931693,-0.003917336612611757,0
-0.0016403780369569235,-0.09890485576642424,0.7278735704500001,0.13553433882314972,0
-0.0022325391008301046,-0.0989149120447012,0.722709086034603,0.1439435504769549,0
-0.0017600572971579794,-0.09888339759100377,0.7232097412730193,0.12637087490536592,0
-0.002359872932206133,-0.09887018122607363,0.7132955084531793,0.12618453802275742,0
-0.0019600601558380937,-0.09883065123128704,0.6985941217390514,0.08367386385649993,0
-0.002315629650152018,-0.09882885780625948,0.6935151965714742,0.09201607750449223,0
-0.0019808250712079266,-0.09882555048041207,0.6923471100668706,0.07527159449692167,0
-0.002265736983289328,-0.09881983312236195,0.6818403351710474,0.07574053339645712,0
-0.001957705175108751,-0.09881551292052279,0.6669583024171944,0.04223990910752452,0
-0.001977942736726969,-0.09881686524756156,0.673069401519721,0.05055550855310853,0
-0.0017834591161540834,-0.09881842781290533,0.6774477886704735,0.04192104515141292,0
-0.0016178828372362315,-0.09881943509915564,0.6811474166009684,0.0326841403145984,0
-0.0021922453571864044,-0.09881489933120438,0.6690270237496405,0.05919814115403545,0
-0.0036919895765083087,-0.09913101850054166,0.7253997900510565,0.1904740301919498,0
-0.003993187949297492,-0.09897363689672772,0.7155545916051137,0.17162376010541064,0
-0.003700838398124649,-0.09889500322065001,0.707863909317398,0.15209215924461014,0
-0.0038585818215834595,-0.09892828669216522,0.7117092504612559,0.16185795967501038,0
-0.0029593595525050824,-0.09896305769317702,0.7214403669519914,0.1623029255816319,0
-0.002879320513186079,-0.09901599562276912,0.7257120382027757,0.17184980404571532,0
-0.002623223102130386,-0.09908752008119918,0.7306346374257471,0.1812749390889849,0
-0.003918958045033644,-0.0990401993535547,0.7204771908280851,0.18104889514868022,0
-0.002310327244719192,-0.09917283904381306,0.735239292163409,0.1902465730377605,0
-0.00293171473633713,-0.09892376997836441,0.7175950258081336,0.15253712515123163,0
-0.0029517631449824393,-0.09889393183672084,0.7129779695438674,0.14349858457033338,0
-0.003544592921672306,-0.09885069336324717,0.6981854097514117,0.13460968962768113,0
-0.0029542547022579553,-0.09887134668638178,0.7081387197608744,0.13475734976186887,0
-0.0029189308074908473,-0.09885445213953686,0.7033421984437168,0.12603687788856968,0
-0.0032949391366590966,-0.09882757966126722,0.6885053883530289,0.11721260394390579,0
-0.0027822132253461813,-0.09883263269231723,0.6936646216933608,0.10864280097941338,0
-0.0028601508077567605,-0.09884185376857357,0.6985021877445254,0.11733833504668201,0
-0.0034277695433923673,-0.09883716633437349,0.6933453990522203,0.12591114678579346,0
-0.0036394786733730585,-0.09886944910801142,0.7030246595344048,0.14335092443614564,0
-0.003020142085021167,-0.09881644990778185,0.6788177906537183,0.10022517884485435,0
-0.0031601920355879658,-0.09882093843584433,0.6836615895033735,0.10871889139438007,0
-0.0026979625407859585,-0.09882601051142297,0.6888208228437056,0.10014908842988766,0
-0.0026315161731161403,-0.09882093740026864,0.6835121643814869,0.0920921679194589,0
-0.0027960729897185833,-0.0988104142289315,0.6670221484838273,0.08365820691321578,0
-0.0025869074348879905,-0.09880826857949385,0.6549548593146465,0.06804436688362814,0
-0.0026924077181958504,-0.09880897549294974,0.6609885038992369,0.07585128689842197,0
-0.002430012756548643,-0.09881238192323766,0.6652144957737428,0.06778313834123945,0
-0.002499177850192592,-0.09881413498746637,0.6712481403583332,0.07559005835603327,0
-0.0025641624983289285,-0.09881701161175818,0.6776143432965414,0.08380868195363962,0
-0.0029117650511657394,-0.09881270840624236,0.6729199695687729,0.09194169287903506,0
-0.0023534817640766454,-0.09881124855568717,0.6587673872905442,0.05945936969642414,0
-0.0023852326634026125,-0.09880806610949767,0.6425425122239488,0.05238095493809696,0
-0.002053322218933969,-0.0988123866156629,0.6511453763853701,0.03453628103702131,0
-0.001936143434829614,-0.09881461958362747,0.6612410329766586,0.034070863371425106,0
-0.0019131652904309884,-0.09881394081207812,0.6550725669830915,0.024495814346526857,0
-0.0019871916506287346,-0.09881176893988379,0.6393362954490993,0.01672728058830323,0
-0.0019873787886120794,-0.09881090752162949,0.6275637209327588,-0.00037044290966322145,0
-0.0019141225525358286,-0.0988128131810333,0.6432146726068042,0.006969096473182805,0
-0.001978950034191447,-0.0988113943614038,0.6334500081909291,0.008178418839320004,0
-0.001937154814795609,-0.09881218826431583,0.6373283853486339,-0.0015797652758004212,0
-0.0022837087529593604,-0.09881062452611929,0.6525612137451953,0.05162766372365855,0
-0.002097201861513107,-0.09881285775275202,0.6568626458259059,0.04270532677312072,0
-0.002208060774816789,-0.09881046030836341,0.6468439443046594,0.04345861798755914,0
-0.0024841657132430124,-0.0988080068778853,0.6487486857692977,0.06021266091086255,0
-0.0020131034758562134,-0.09881206820838918,0.6452408359172347,0.02563178081266227,0
-0.001905850253532966,-0.09881338255694735,0.649168026514956,0.015591314122167816,0
-0.0063992068475145145,-0.09899312990157692,0.7057425391897695,0.1915070909240959,0
-0.005246110203750635,-0.09906093046058995,0.715571164620413,0.19099056055802285,0
-0.005129298218353839,-0.09898550201687249,0.7106485653974416,0.18156542551475327,0
-0.0060829724021181615,-0.09885818369190559,0.6934932921813908,0.17132702496479882,0
-0.005071564130375984,-0.0988290421240403,0.687867337150289,0.15172199545926723,0
-0.00442929126365151,-0.09886267207297023,0.6978656232338435,0.1519070773519387,0
-0.004800926748923498,-0.09888382423160026,0.7006786007493944,0.16170959210470448,0
-0.005553724945844657,-0.09884074634595068,0.6906803146658399,0.161524510212033,0
-0.005094084865324626,-0.09891906767156829,0.7045239418932523,0.17147539253510474,0
-0.00632847051613101,-0.09890964374073026,0.6996179156855802,0.18141705794444735,0
-0.004259159852330999,-0.09884274348343113,0.6930263734508504,0.1431658425434742,0
-0.004521640885763059,-0.098807382117038,0.67818905213112,0.13422747957233586,0
-0.003981332609470644,-0.0988000583741217,0.6685088890843218,0.11685988406007436,0
-0.004248786637954491,-0.09880250158372751,0.6733489706077209,0.12554368181620512,0
-0.0036699050193258692,-0.09881335825652411,0.6785071387186754,0.11703624400199007,0
-0.0038721928027949807,-0.09881947338654129,0.6833472202420745,0.12572004175812082,0
-0.004070054075872425,-0.09882886343865581,0.6881872309412659,0.1344185846000085,0
-0.004798969479212884,-0.09881574097815059,0.6830281946407045,0.14297473751580153,0
-0.003475197791322423,-0.09880954488602195,0.67366333986902,0.10854253145246436,0
-0.0034932733122589915,-0.09879931505889049,0.6588208985978228,0.09991276122802502,0
-0.003732057230892313,-0.09879914744921002,0.6636648938410723,0.10838632264404968,0
-0.003284079775910963,-0.09880738101567034,0.6688193446257705,0.10006897003643969,0
-0.0031261230432082948,-0.0988055851722364,0.662921523540825,0.0917854840706204,0
-0.0031292893662138474,-0.09879980683708886,0.6471247394108082,0.0846059414360472,0
-0.0028432537548830046,-0.09880451519008553,0.6510397993627273,0.07632515415983768,0
-0.002985710630769986,-0.09880469929923445,0.6570734439473178,0.08413207417463149,0
-0.0033103495900813798,-0.09879919875644257,0.6529728190043155,0.09225935133203611,0
-0.0027849159781870567,-0.09880202707869636,0.634985710553887,0.06922478642083946,0
-0.0024875105356981842,-0.09880443221618496,0.6226819149593043,0.054484324416974934,0
-0.0021994015907987135,-0.09880880578445946,0.6313542058169949,0.036230213792837716,0
-0.0020577112034553917,-0.09880939123784437,0.619861693723071,0.018301365633457606,0
-0.0021186041801965223,-0.09880918057955554,0.6256079497700329,0.02726578971314766,0
-0.002081822762865121,-0.09881045338911726,0.635345250633047,0.026478747190570473,0
-0.0020373576882462712,-0.09881043257221889,0.6295989945860851,0.017514323110880418,0
-0.002013773605123743,-0.09881024281921579,0.623712707327915,0.008965461361897192,0
-0.0019985664541383743,-0.09880917094107525,0.6080368020420556,0.0020672221913873435,0
-0.0020198955771573985,-0.09880936222042212,0.6139492478825632,0.010184293912422475,0
-0.0020083720497595975,-0.09880988959427194,0.6178002614874072,0.0008483896408620611,0
-0.002573104079365507,-0.09880534743839556,0.6387641113889179,0.06080287067946821,0
-0.002632003439112248,-0.09880323263810167,0.6288338127565956,0.06185455541890719,0
-0.00245513595377955,-0.09880596156515967,0.6326122135916266,0.05343263967753595,0
-0.0022861297700022946,-0.09880843828251701,0.6369483590204719,0.04430558436546734,0
-0.0023328661429643455,-0.09880682069092703,0.6270180603881496,0.045357269104906325,0
-0.002706816765350739,-0.09880478123022125,0.6449702849342667,0.0686345766522338,0
-0.002953790252850769,-0.09880079369597686,0.6410552249823476,0.07691536392844334,0
-0.0021422732477880467,-0.0988104272941299,0.6412497911011825,0.035383247414929514,0
-0.008705838805151172,-0.09881699239850647,0.6861187615548019,0.1930527247722307,0
-0.008221677405419441,-0.0987302233620012,0.6724328197761783,0.1777407327770591,0
-0.008565522629870245,-0.09875826349107758,0.67927579066549,0.18539672877464491,0
-0.007179699722732366,-0.09879833999846599,0.6829630559787845,0.17453387887092897,0
-0.007339881376401042,-0.09884027650213986,0.6898060268680963,0.18218987486851476,0
-0.007848175073283004,-0.09888880504893793,0.6959306503722857,0.1922799078481633,0
-0.0065077119481381585,-0.09878306673593576,0.6772547187970271,0.16268737757123589,0
-0.005768962229841849,-0.09880874414135113,0.682561027973658,0.15720468651525155,0
-0.006349943217295299,-0.09881599446599504,0.685374005489209,0.16700720126801735,0
-0.007316255128617072,-0.09876056601181694,0.6748437692866027,0.1702140551741475,0
-0.006029422838119174,-0.09876715315180247,0.6678797974117588,0.1508629372828205,0
-0.005179149339213439,-0.09877050639489023,0.6581935324676857,0.1338238357257104,0
-0.005594883309686542,-0.09876781168142271,0.6630366649397224,0.14234338650426545,0
-0.0048926163591252805,-0.09878755612192475,0.6681912922994029,0.13402565764902313,0
-0.005236236830807476,-0.09879035705257345,0.6730344247714395,0.14254520842757817,0
-0.00560206554621759,-0.09879650543817141,0.6778735672810239,0.15129246637104388,0
-0.006276348514396948,-0.09877308932217038,0.672567258104393,0.1567751574270282,0
-0.004550562872564166,-0.09878725648624127,0.6633512107760038,0.12534185989289237,0
-0.004400407079042672,-0.09877901949247313,0.648513152458606,0.11653667381830177,0
-0.0037476816770969285,-0.0987875668158027,0.6388217274273048,0.09984220992844972,0
-0.004062371112119703,-0.09878334860147675,0.6436674399429554,0.10818944187337574,0
-0.003926504367107062,-0.09879030847213645,0.6536670255282144,0.1082247175231634,0
-0.0036499127560505407,-0.09879259014891831,0.6488213130125637,0.09987748557823736,0
-0.003425289100559107,-0.09879424305258715,0.6429732334190565,0.09222407568224847,0
-0.0032697496399095843,-0.09879351334760102,0.6277846665610103,0.08558058879782254,0
-0.003503376834732927,-0.09879054865353672,0.6333031969941576,0.09271139936313613,0
-0.003223142000010128,-0.0987960721657115,0.6374547029859092,0.08509326511693488,0
-0.0030146545772337884,-0.09879814807872797,0.6313851885574486,0.077402687609331,0
-0.0028471797902118643,-0.0987986076036849,0.6148084817814461,0.07193796054033735,0
-0.0024254705944042857,-0.09880346657479595,0.6028818793896004,0.05601741358375237,0
-0.0022086561890366442,-0.09880686649409608,0.6115072186814611,0.03763579054027339,0
-0.002221331442793516,-0.09880761049748958,0.621430712249228,0.036933002166555554,0
-0.0021228353460804703,-0.09880826033288108,0.6156844562022661,0.0279685780868655,0
-0.002006861430147188,-0.0988082444935362,0.5999911873766042,0.020798243325480564,0
-0.002098025997325977,-0.09880768116024051,0.6057492030290326,0.029217016932876975,0
-0.0020489634063474162,-0.0988086370095377,0.6099264405498376,0.019549804479469086,0
-0.0019938705114497363,-0.09880879341117522,0.6040139947093299,0.011432732758433954,0
-0.0018824966242581313,-0.09880869239211547,0.5884948196542452,0.004379853379517127,0
-0.001956789185410008,-0.09880877252328188,0.5982658108481504,0.0032235377854522356,0
-0.001935670927856934,-0.09880856691962296,0.5942430035154247,0.012589048352498845,0
-0.004225985055414633,-0.09878840929111607,0.658511020771464,0.11669827893918806,0
-0.004777544556919774,-0.0987745123365882,0.6533533424631459,0.1251802547720061,0
-0.0028387414463863464,-0.09879984367559429,0.6248970961676665,0.0705813734805884,0
-0.0026565278795704114,-0.09880174652468646,0.6187451983703751,0.06321114247865614,0
-0.0026266124502584607,-0.09880125130108676,0.6088451805855233,0.06397768706204486,0
-0.0024759589870688653,-0.09880361929870475,0.6127818971744523,0.05525086900036365,0
-0.002338280783832253,-0.09880578152753461,0.6170945668203827,0.04606005747862416,0
-0.0023080343440307067,-0.09880527928470925,0.6071945490355307,0.046826602062012876,0
-0.0030552163349289365,-0.09879609945494111,0.6212965741712282,0.07875927466907995,0
-0.010477237030345785,-0.0986449041775482,0.6665320285254098,0.1950146595390509,0
-0.009491754894545127,-0.09862367238656776,0.6531431585736024,0.18098220371562937,0
-0.010080760039340305,-0.09861978968963096,0.6598375935495061,0.18799843162734015,0
-0.008905258717957276,-0.09867515211984311,0.6627879891748903,0.17936146824634425,0
-0.009343467534014724,-0.0986883495244497,0.6694824241507941,0.186377696158055,0
-0.00996075216991533,-0.09869839427365182,0.6763253950401058,0.1940336921556408,0
-0.007494782404944929,-0.09871144345093848,0.6587574437934625,0.1641239922757012,0
-0.008437477289071385,-0.09867317737071708,0.6559503011835324,0.1725530979956653,0
-0.007877105435068518,-0.09871651322733456,0.6655951317848203,0.17093236252638017,0
-0.007051532468735682,-0.09874507205520094,0.6680060812952449,0.16340568492346855,0
-0.006737088129206009,-0.09874206012662334,0.6633186206026107,0.15749346477926085,0
-0.006564330716079526,-0.09872410734677789,0.647891061286205,0.15007259465812908,0
-0.005843675381405119,-0.0987497609895739,0.6530422968769454,0.14194821519191975,0
-0.006351041304648635,-0.09874266782347155,0.657885429348982,0.1504677659704748,0
-0.007027270429357184,-0.09871655959411255,0.6533242525398337,0.15709829346691515,0
-0.005493120604955719,-0.09874787879626962,0.6381960794545266,0.13347455905824046,0
-0.004530586354377588,-0.09876862310752357,0.6285242765620995,0.11614888800525863,0
-0.003751817308874257,-0.09878353805386578,0.6188358591377651,0.09945528576404271,0
-0.004123809987330521,-0.09877666165930438,0.6236800678499324,0.10780208688465068,0
-0.0041257329912081425,-0.09877879680081529,0.6336730019947021,0.10799554896685418,0
-0.0037794883448774726,-0.09878456183759597,0.6288287932825349,0.09964874784624622,0
-0.0035046047425249935,-0.09878875342277209,0.6233102628493876,0.09251793728093263,0
-0.0031742651294049385,-0.09879298643261449,0.6084377400369356,0.08515062865779069,0
-0.0032455493906117586,-0.0987926216464647,0.618111203298973,0.08536560872780662,0
-0.0030047611049954905,-0.09879592313673213,0.6116231109091909,0.07854429459906402,0
-0.002684130739864679,-0.09879986752302264,0.5996033552133325,0.07030046577715685,0
-0.0022703459923583053,-0.09880439655881924,0.584265367375634,0.06011691934994213,0
-0.0024781937051033746,-0.09880223113612231,0.5919343612944832,0.06520869256354948,0
-0.0025463775796171224,-0.09880179532308384,0.6012426173014664,0.0631589396804546,0
-0.0023655615545165095,-0.09880363505546715,0.5935736233826172,0.058067166466847245,0
-0.0020866841407145356,-0.09880667274904306,0.5918088599382457,0.03970057137736144,0
-0.0020378573310842803,-0.09880752675466026,0.595900023657425,0.030249407351421002,0
-0.002165107692682663,-0.09880654385377814,0.6016580393098534,0.03866818095881741,0
-0.002245304604594711,-0.09880527283909729,0.597345369663923,0.0478589924805569,0
-0.0021674137832234266,-0.09880558308626738,0.5880371136569398,0.04990874536365178,0
-0.004924859137759922,-0.09876493177757983,0.6433546159565663,0.12500561643827113,0
-0.0049913685141511266,-0.09875892816432566,0.6333601780083131,0.12481172353174955,0
-0.004501501838903687,-0.0987723528569631,0.6385187145103528,0.1163427809117802,0
-0.005380212032997773,-0.09875707597380182,0.6481948059611062,0.13364919739197545,0
-0.0060103361774958,-0.0987363586748549,0.6430435703703659,0.14177357685818476,0
-0.003452771997709549,-0.09878859510279447,0.6136367995873504,0.09230295721091669,0
-0.0027774056409396526,-0.09879900479066805,0.6072059184973893,0.0711192131587471,0
-0.0029169934512959686,-0.09879676765577669,0.6040205476251341,0.07772554721747377,0
-0.0018210577549684648,-0.09880852492422765,0.5802377583583122,0.022704679636683742,0
-0.0019432776543445909,-0.09880775638287342,0.5860233091482789,0.03120262550702259,0
-0.0019302980612400465,-0.09880822402197659,0.5901144728674581,0.021751461481082153,0
-0.0018437094373839153,-0.0988086619991441,0.5843662890062786,0.013542266508100434,0
-0.001637171453873965,-0.09880937790681243,0.5689237266878989,0.006429578536941052,0
-0.0017756907543088774,-0.09880890908651059,0.5787092731710721,0.00540471595822909,0
-0.0017209201054865764,-0.09880903354869139,0.5745807425231055,0.014567129086812397,0
-0.011615872411439084,-0.09851731382913843,0.6469771203754761,0.1972732467138197,0
-0.010571978811455962,-0.0985689408396706,0.6500601394745392,0.18912772521472454,0
-0.011465632186840432,-0.09853491205934967,0.6567545744504429,0.1961439531264353,0
-0.010008105462930244,-0.09856767026883659,0.6336764350936837,0.18255706371755648,0
-0.008104269963749524,-0.09866134724131327,0.6399473238291692,0.16589759941781598,0
-0.009011402736046524,-0.09861922881102013,0.6368118794614264,0.17422733156768622,0
-0.008790191591125724,-0.09864136102261996,0.6465452412013858,0.17343990156672268,0
-0.009808251829205177,-0.0985907311670616,0.643409796833643,0.18176963371659294,0
-0.010890440565726602,-0.09853096450197017,0.6403267777345798,0.18991515521568808,0
-0.007855927351062535,-0.09868253802286543,0.6493523838113158,0.1650107958467586,0
-0.007303686118629044,-0.09869560278417377,0.643919192557687,0.15798509703797253,0
-0.006734560495556937,-0.0987050786774621,0.6278864763267561,0.15013153605303678,0
-0.006703008193382604,-0.098711144646192,0.6378887688064805,0.15010206535558293,0
-0.007402436749436041,-0.09868382460398789,0.6339169000779626,0.15801456773542638,0
-0.006094274688093144,-0.09872799651136151,0.6330412778906414,0.1418030475556386,0
-0.005453041242102936,-0.0987432603239059,0.6182140462902642,0.1330666126089584,0
-0.004374559821469038,-0.09877000939266814,0.6085632583717969,0.11569016070477861,0
-0.0035186119919244203,-0.09878710141369636,0.5989551054439428,0.09886143407047228,0
-0.002787268872916444,-0.09879841302206788,0.5891650746582137,0.08058373596467854,0
-0.002324261677467159,-0.09880460148648479,0.5716165089996366,0.07610167691859918,0
-0.002505347866113526,-0.09880185873140901,0.5867152210169237,0.07035032765731034,0
-0.0023021787646766243,-0.09880419714206529,0.5779409381876353,0.06810929813427065,0
-0.002565984264726983,-0.0988014854845021,0.5803907918289251,0.07834270644163885,0
-0.005516110909083707,-0.09874329785668842,0.6282050628723954,0.13327058583359944,0
-0.006065059422865696,-0.09872580783914021,0.6230502613085102,0.1415990743309976,0
-0.004978329196698893,-0.09875663675136893,0.6233691614261818,0.12460775030710852,0
-0.004886939369022709,-0.09875798322550214,0.6133886523310306,0.12437838665686851,0
-0.004486998105055317,-0.09876790389628014,0.6185437674669483,0.11591952435501862,0
-0.004056236582601614,-0.0987769474103147,0.613699558754781,0.10757272323441067,0
-0.003662810622768998,-0.09878447212252064,0.6088954822908539,0.0991583599172575,0
-0.003924540712203621,-0.0987794828149152,0.6037591819078698,0.10727579738762544,0
-0.003345098615818327,-0.09878997265934586,0.6036964227404392,0.09200603136413149,0
-0.0029977611272409698,-0.09879539800504636,0.5988014073475747,0.0828671823112346,0
-0.003130093947423309,-0.09879350530191583,0.5940600900510782,0.08972258501757541,0
-0.0027399846822479773,-0.09879896794923532,0.5943842149357731,0.07544210087091768,0
-0.0018380160429691465,-0.0988084552940435,0.5629804037799371,0.058827492684462176,0
-0.0018124595167741098,-0.09880821065250864,0.5717044976035653,0.040839905890548214,0
-0.001810619136546256,-0.09880835274923644,0.5759711279809387,0.03177229276361598,0
-0.001966446690777848,-0.09880727300472675,0.5817566787709055,0.040270238633954826,0
-0.002024568306424789,-0.09880663747008199,0.5779849324895996,0.050478412620245175,0
-0.0018217336412473858,-0.09880821155357411,0.5673424506917513,0.049833699287505195,0
-0.0020716443759602773,-0.09880630743427962,0.5736228855777855,0.059472206017202156,0
-0.002064484176265573,-0.0988068525559907,0.5672984563897868,0.06746458480153067,0
-0.0015073465227774644,-0.09880987973434557,0.5604277084701543,0.024324921151452305,0
-0.0016501922177971414,-0.09880918287714038,0.5660661030368599,0.03258241352100026,0
-0.0016791731747038316,-0.0988091028801778,0.5703327334142332,0.023514800394068024,0
-0.0015654172892863886,-0.09880963862026587,0.5646757175790267,0.015377249844196679,0
-0.0012718383037304765,-0.09881080545749524,0.5493161959506973,0.00809212314546242,0
-0.0013829727724562276,-0.09881038787198455,0.5548719522104257,0.01620852214845736,0
-0.0014684313461042185,-0.09881003610086493,0.5591199613192981,0.007260850841201736,0
-0.012062270272753766,-0.09846365447135717,0.6274414338011367,0.1996932485171144,0
-0.009946987015942464,-0.09856947357078776,0.6137008168206864,0.1844274346279606,0
-0.008196491055361292,-0.09864791834618054,0.620848671275225,0.16706867299973582,0
-0.009074111021589629,-0.09861019541219745,0.6272625531844543,0.17481286835864615,0
-0.010039410366388609,-0.09856272296849374,0.623688625957185,0.18349224917275853,0
-0.009038104166604199,-0.0986114299722795,0.6172747440479558,0.17574805381384823,0
-0.012284257886305345,-0.09843620586029554,0.6372092770883064,0.19848324761546704,0
-0.011065704528795335,-0.09851171277213662,0.6305589344474102,0.19112515611733544,0
-0.011066727871513039,-0.09850891224755759,0.6205711253109116,0.19206034157253749,0
-0.008210083779611807,-0.09864977758419019,0.6303979975521972,0.16648313620877592,0
-0.007437079523727456,-0.09867862829242759,0.6243675738009906,0.1586001045263863,0
-0.006457889725376678,-0.09871418918593855,0.6078960205477448,0.14982311070182566,0
-0.005084584765256512,-0.09875542710824142,0.5982331344319503,0.13271371592206846,0
-0.003948217894349934,-0.09878142066639499,0.5886642622971667,0.1150127479947733,0
-0.0030372317814189313,-0.09879656241200184,0.57948825308806,0.09661978743542059,0
-0.0024497640374917524,-0.09880759024525551,0.5598407686659582,0.09633439237107759,0
-0.002652351913836435,-0.09880127280103546,0.5755523810438483,0.08636073217700987,0
-0.0023914399948859275,-0.09880543417324385,0.5657286388327973,0.08621803464483838,0
-0.0027630601278216893,-0.09880192488107886,0.5696645108770091,0.09647708990324909,0
-0.005946051270998721,-0.09872897355633481,0.6130550334190046,0.14144486165539205,0
-0.006646510982546127,-0.09870642169745333,0.6178912484372505,0.14997732337743122,0
-0.007292661731148763,-0.09868397312215473,0.6143723459114849,0.15844589185078073,0
-0.005308450855568132,-0.09874745884474861,0.6082235903611073,0.13289016426551342,0
-0.004724327413180414,-0.09876255973825342,0.6033981964018735,0.12420193831342353,0
-0.004484229620634392,-0.09877009679933725,0.5934486983645585,0.12386323195842089,0
-0.004191919990980937,-0.09877470522263122,0.5986137603344819,0.11535145434977595,0
-0.0037328444067729065,-0.09878392697340445,0.5938096838705548,0.10693709103262279,0
-0.003298796294997527,-0.09879144236446696,0.5892216792660014,0.09774061075294643,0
-0.003463693380485424,-0.09879009934787703,0.5840762576926133,0.10581626771509695,0
-0.005736229052167134,-0.09873713923239981,0.6030645774898475,0.14126841331194706,0
-0.0029120165471787666,-0.09879721195656276,0.5843266638731368,0.08860176170004956,0
-0.0018165534938889367,-0.09881117796398552,0.5517024973833795,0.0776240354417339,0
-0.002088251325919008,-0.09880778539042451,0.561659503191508,0.07686285618016653,0
-0.002109899192986743,-0.09880980143951792,0.5557716330246689,0.08697921390640574,0
-0.0018311084482113766,-0.09880941918011174,0.5573414505816583,0.06822576406309803,0
-0.0012935730442339788,-0.09881303923683614,0.5409598350514456,0.0609945922154919,0
-0.0014080958919618987,-0.09881073113544177,0.5513066422978817,0.04235661657314771,0
-0.0016109907850501617,-0.09880981062596639,0.5571435230389095,0.05059205462880494,0
-0.001583410808477443,-0.09881072895898098,0.5519701194156914,0.05991104244997704,0
-0.0013523675942202767,-0.09881164128409226,0.5461332386746637,0.051675604394319806,0
-0.001539205170885907,-0.09881237523058929,0.5463311662174126,0.0693093138286129,0
-0.001625326978484253,-0.098809400893441,0.5615055699507235,0.04159826123184796,0
-0.0014541728676079676,-0.09881021783264092,0.5558671753840181,0.03334076886230001,0
-0.0010811966952949652,-0.09881169506179821,0.5405103078166617,0.025693905767414132,0
-0.0012357358929348417,-0.09881129989216071,0.5459084750572717,0.03402526117028092,0
-0.0013065179343370792,-0.0988107767803039,0.550469008143408,0.02500941345943322,0
-0.0011712907893315194,-0.09881121680586952,0.5449132518836795,0.016893014456438274,0
-0.0008082900124653225,-0.09881233066250286,0.5296734996152265,0.009264561405796233,0
-0.0009401107535155806,-0.09881201255976442,0.5350919037159441,0.01747923358660518,0
-0.0010504886026621845,-0.09881159914198416,0.5394948477829619,0.008678342275629327,0
-0.011793870729576609,-0.09849616352529582,0.6079079889629149,0.2021313692806051,0
-0.012376139583261224,-0.09842469601173974,0.6176747113820258,0.20091230889885975,0
-0.010911217033734034,-0.0985262443453568,0.6108044028918007,0.19327940195428284,0
-0.009462599032124177,-0.09861730870733651,0.5961733414755933,0.18670847206957067,0
-0.007675620314378012,-0.09867861049038108,0.6001372680781215,0.16725708182742438,0
-0.008524785900588637,-0.09865025555165499,0.5981553047768574,0.1769827769484975,0
-0.008759884321839276,-0.0986299867720039,0.606919042449404,0.1758422582276925,0
-0.009748740158760778,-0.09858963256210485,0.6049370791481399,0.18556795334876564,0
-0.010661056208257292,-0.09855404455449701,0.602040665219254,0.1944199206750879,0
-0.008000472912168922,-0.09865836942243833,0.6104929696766732,0.1671628774135801,0
-0.007049739454678356,-0.09869674104048513,0.6040166443129331,0.158540096264625,0
-0.005819792283191452,-0.09874497124437309,0.5878919632882615,0.14979754768683023,0
-0.006700954595556903,-0.09871598941065152,0.5940146156831916,0.1585273147571273,0
-0.006183922996570119,-0.09872728843165482,0.5978939919180032,0.14981032919432796,0
-0.005452225915418162,-0.09874924411589546,0.5930625488601059,0.14125563180444933,0
-0.004416038243345307,-0.0987797628796555,0.5782684078320867,0.13228147436450477,0
-0.0050774352335654,-0.09876486500442742,0.5830801855601742,0.1410395110256675,0
-0.0047844102371500385,-0.09876649792008635,0.5882507711320184,0.13249759514328663,0
-0.00418479964202372,-0.098779686985247,0.5834663350646268,0.12364711117963903,0
-0.0033077013174919066,-0.09879860262778031,0.5687234817845793,0.11467095036861208,0
-0.002478653271510183,-0.0988171694098372,0.5487126031576981,0.11438642939511977,0
-0.0017152589491660746,-0.0988186397431626,0.5397656734305745,0.09647403381488522,0
-0.001116146683556955,-0.098818044148034,0.5299535889562828,0.07903463564933642,0
-0.0017776112684435273,-0.09881416693371572,0.545734085406977,0.08704903462830955,0
-0.0014820976185491374,-0.09881480892719906,0.5408280431698311,0.07832933554553516,0
-0.0013949021994791736,-0.09881856056645771,0.5348596311934286,0.08775433473211082,0
-0.0036542020608904898,-0.0987895370851757,0.578693872040873,0.11484184918169268,0
-0.0031766210756022425,-0.09879680082519951,0.5741058674363196,0.10564536890201634,0
-0.0028495989280552126,-0.09880395625754952,0.5642821252252688,0.10550267136984484,0
-0.002913749262498441,-0.09880802728493214,0.5587180424711387,0.11452868988186593,0
-0.002475857976044183,-0.09881132409956479,0.5542766859118282,0.10536041088309868,0
-0.002069968967954361,-0.09881836067951413,0.5442391382941363,0.10543023160500249,0
-0.0020985082795410225,-0.09881332046263949,0.5498032210482664,0.0964042130929814,0
-0.003827984648427422,-0.09879070914727535,0.573495944808333,0.12347621236655842,0
-0.0012130850034185452,-0.09881512887600923,0.5354567120038642,0.07001461393241416,0
-0.0006450862960683423,-0.09881657286850312,0.5196011282498726,0.06185896497208594,0
-0.0008837838320032231,-0.09881334791020092,0.5304510797827703,0.043594666682383126,0
-0.0011575272227560606,-0.09881210146564756,0.540878861040326,0.04297564162776542,0
-0.001076229150442638,-0.09881329677938223,0.535705457417108,0.052294629448937514,0
-0.0007701570851461531,-0.09881472249421597,0.5250261040163214,0.052726815827234534,0
-0.0009793404086347848,-0.09881501897043786,0.5302804816506591,0.06142677859378892,0
-0.0008652188515380008,-0.09881737192722631,0.5247773586030777,0.07044680031071118,0
-0.000982233147360786,-0.09881239135003718,0.535480693799716,0.03464428622489863,0
-0.0005632082721356902,-0.09881323508140714,0.5202559073729907,0.026553296866875766,0
-0.000716163374281274,-0.09881329780890584,0.5253534935778805,0.03507398177462945,0
-0.0008304561912408716,-0.09881254799053478,0.5303831075948262,0.02612360131714495,0
-0.0006828092130021777,-0.09881272012895805,0.5249647034941085,0.017908929136336,0
-0.0002800030534482769,-0.09881330230583181,0.5100054147803043,0.009872848104927553,0
-0.000419366095368114,-0.09881322503084727,0.5151306610766475,0.01821307248590166,0
-0.0005497626098401311,-0.0988129190255109,0.5198394571977654,0.009568704755361892,0
-0.010824185205660407,-0.09860743699448517,0.5883592993452134,0.204443428867555,0
-0.008333156967706689,-0.09871568819241973,0.5767966993241618,0.1885085342305539,0
-0.006636156139461271,-0.09874428127475586,0.5780538366141224,0.16794837048764474,0
-0.007976444559159572,-0.09869060985855399,0.5871135890448578,0.1773284212786077,0
-0.008947045169745857,-0.0986637960844112,0.5864850203998775,0.18760850315006228,0
-0.007434069192770265,-0.09873129451828927,0.5774252679691421,0.17822845235909932,0
-0.011736838513830724,-0.09850297578087677,0.5981336441540641,0.20328739907408006,0
-0.010212193598993467,-0.09860104745087585,0.5922663204104033,0.19557595046856285,0
-0.0095912308011559,-0.09866197009469674,0.5825779993346876,0.19647598154905443,0
-0.007220493032400367,-0.09870798426560327,0.5890955523461219,0.16760272615753458,0
-0.006230852640273495,-0.09874239792144456,0.582972899951192,0.15887295908723748,0
-0.0048336595164391195,-0.09878907071143833,0.5678878335479728,0.1495003247220123,0
-0.004634505657204305,-0.09878252857803402,0.5730781206900297,0.14089089954325854,0
-0.005363690485209845,-0.09876614654606282,0.5778898984181171,0.14964893620442127,0
-0.005678217422002268,-0.09877058705271048,0.5729708350810476,0.1587243476048285,0
-0.0035022070103328537,-0.09880926467068551,0.5582097394704044,0.1319935968057183,0
-0.003415702711659049,-0.09880252214505095,0.5634666106274919,0.12333227358716518,0
-0.002956443218345808,-0.09881427195959415,0.5534611713140513,0.12319001310041902,0
-0.0023980377738259417,-0.0988362779540725,0.5382305005695109,0.13161387147291226,0
-0.0015109268707716845,-0.09883227804129116,0.5287087212972044,0.1140202895283987,0
-0.0008447382754200991,-0.0988268322647877,0.5189867277291106,0.0965370155861168,0
-0.0003493610802920725,-0.09882170798024378,0.5091789280693272,0.07910338242170095,0
1.520198057024632e-05,-0.09881765594408931,0.49954755636948656,0.061548349724605426,0
-0.0003000507756430574,-0.09881491836337637,0.5100726588816972,0.04411067972085446,0
-0.0004624394403329301,-0.09881569334452459,0.5148368935657849,0.0529848223464702,0
-0.0005976496582806868,-0.09881430041675761,0.5202618693322337,0.04385267320161879,0
-0.0004340548830579431,-0.09881395982136484,0.515164283127344,0.035331988293865114,0
-1.246688365100999e-06,-0.0988138329410371,0.5000514832297669,0.02692058881663905,0
-0.0002851055964251459,-0.09881367480291306,0.5101536953013788,0.026736942841757406,0
-0.00014574894100778207,-0.09881430862646798,0.5050620710557321,0.03551563426874675,0
-0.003987061088010988,-0.09879433644988807,0.5682390736512455,0.13213753558511154,0
-0.004126124752327314,-0.0988011736879511,0.5630487865091887,0.14074696076386528,0
-0.002008294887531693,-0.09882542173934833,0.5387106622274512,0.11420335946175923,0
-0.001630236065441793,-0.09882447532022881,0.5342371973638894,0.10524716167164196,0
-0.001152778662361108,-0.09882961101849723,0.5238477245131574,0.10527865255725774,0
-0.0012904578464145225,-0.09882331967175485,0.5293762005798426,0.096505524700501,0
-0.000994848362370949,-0.09882187545014848,0.5244701583426967,0.0877858256177266,0
-0.0005784773368332145,-0.09882416638500342,0.5140828278992189,0.08782019900390887,0
-0.0007390108763190091,-0.09882031865457638,0.5195662585128049,0.0790690090355187,0
-0.0005079778588756155,-0.09881885041068027,0.5143900281595999,0.07048117369689344,0
-0.00015446786884415101,-0.09881951661681362,0.5043632422194069,0.07032586607315319,0
-0.000317149741617881,-0.0988174099298386,0.5095743423096796,0.06170365734834568,0
-0.0001504735735030721,-0.09881614552327428,0.5048101076255919,0.05282951472272994,0
-0.002455874969231421,-0.09882519892602026,0.5434715518636045,0.12300015043401602,0
-0.0019220811042598932,-0.09883466330169621,0.5334696109333577,0.12281708050065548,0
-0.0029697642906771756,-0.09882351956974604,0.5482201200199577,0.1318037341393153,0
-0.0001402112697702449,-0.09881350071106003,0.5050284490050356,0.0183967184607833,0
0.00027114503344666154,-0.09881330960275828,0.4903279880947175,0.009878015019419057,0
0.00013453883461285394,-0.09881350298266843,0.4951897356622422,0.018399301918029055,0
-4.481302521143827e-06,-0.09881343654183883,0.5001667014375109,0.009875431562173305,0
-0.009203330608843197,-0.09877190046613511,0.568781339891721,0.2064914852893641,0
-0.010397685526161464,-0.09865332103729098,0.5785703196184672,0.20546745707845954,0
-0.008843878460608287,-0.09873107040765468,0.5727890196079414,0.197500009759959,0
-0.0067837560909566885,-0.09883621796012189,0.5575773559691094,0.1908112452997103,0
-0.007990849055294217,-0.09880571521476146,0.5631793479304152,0.1986513652945372,0
-0.007601064170762001,-0.0987756518719423,0.5671870276466355,0.1896598897651321,0
-0.006514144071851665,-0.09879044811164582,0.5649921942774627,0.17852274758184647,0
-0.006612196631139221,-0.09876359461731583,0.5715230154457925,0.1732355590347456,0
-0.007395691812779131,-0.09875735254743236,0.5708944468008122,0.18351564090620018,0
-0.006660693318633763,-0.09881024459505658,0.5612847751232861,0.18466699644077839,0
-0.005031445810462499,-0.09881859650251629,0.5574400582498139,0.16496613786416067,0
-0.003581848743100758,-0.09883426025388034,0.5478967356404832,0.14905943344512126,0
-0.0029491724447699976,-0.09883636997403768,0.543063618104997,0.14033665245901678,0
-0.0035601811244681644,-0.09881948106687162,0.5530532375554438,0.14052651512541978,0
-0.004235186698134939,-0.0988122614220659,0.557892284594228,0.14927987908356677,0
-0.004263570508232387,-0.09882853875020857,0.5526683969451486,0.15701278565464097,0
-0.004952681251325764,-0.09880086904777571,0.5626639458988933,0.15723323129308647,0
-0.005862222200542111,-0.09878257089481965,0.5677469474319681,0.1664572541759027,0
-0.0057371641991163435,-0.09880686695564049,0.5612161262636384,0.17174444272300357,0
-0.001170545826786734,-0.09885444558087818,0.5182539590850539,0.13123270742471185,0
-0.0004586870811159734,-0.09884035784843895,0.508589118009126,0.11371861552665487,0
-0.0009911458414312213,-0.0988373778905884,0.5186489196531652,0.11386945252752678,0
-0.0006715672541437322,-0.09883290243179256,0.5137879228691182,0.10512781555638584,0
4.9607037919052014e-05,-0.0988292884852967,0.49889510922101143,0.09622185373172587,0
0.0004098207000514517,-0.0988214396660704,0.48919872894640937,0.07873086107952987,0
3.1081314658091334e-05,-0.09882204195814727,0.4991888285078683,0.07891712175061541,0
0.00019925776311855497,-0.0988194224317083,0.49437314265794796,0.07013960540206765,0
0.0006719768780578529,-0.09881636479489707,0.47948365390696934,0.061242890298559984,0
0.0003042842635377333,-0.09881491270135402,0.48979825587371084,0.04411680092845966,0
0.0005561207227842295,-0.0988132523115101,0.48002570532423716,0.0266722939497123,0
0.0008001971795646481,-0.09881234889484722,0.4706595983367747,0.009279729408598924,0
0.000675180781286039,-0.09881273638433866,0.47534265183050595,0.017976011679155614,0
0.0005411918871202846,-0.09881293275898427,0.4804937932157461,0.00957887221400899,0
0.0004113885820570129,-0.09881323625934242,0.48517684670947736,0.01827515448456568,0
0.00028017760986021696,-0.09881368161405381,0.490038594277002,0.026796441383175676,0
0.00014653051389973531,-0.09881430791770454,0.49492486955173887,0.035518694872549356,0
0.0004324003833481241,-0.09881396562727755,0.484911980598974,0.03539454743908598,0
-0.0017954401516160395,-0.09884678507161236,0.5282422298272824,0.13142328944881204,0
-0.0013639232122167016,-0.09884207147401242,0.5234813401911291,0.12262649847655527,0
-0.0007851097802086033,-0.09884708383560524,0.5134215385470899,0.12247566147568337,0
-0.0021523022689712897,-0.0988699286784536,0.527902333780039,0.1487558527572361,0
-0.0016230581593920435,-0.09886220128939414,0.5230781464325465,0.13999428009097398,0
-0.0023007777311768686,-0.09885091783653192,0.533066417174775,0.1401848621150742,0
-0.0028853158844107216,-0.09885385557546028,0.5378995347102611,0.14890764310117868,0
-0.0003998589196114288,-0.09882879120912126,0.5089409184750611,0.09637943465892133,0
-0.0001662262619491555,-0.09882516978764824,0.5040370186451693,0.08766261807671341,0
0.000244985220454357,-0.09882497981140523,0.4940469190837104,0.08747635740562787,0
-0.00018264797676895533,-0.09883441279524902,0.5037421136150687,0.10497023462919036,0
0.0001670393199732869,-0.09881613265825943,0.4946729061215987,0.052832575326532544,0
2.127050956385274e-06,-0.09881511963977367,0.499935457377704,0.044113740324657064,0
0.0003467630224532763,-0.09881729762593217,0.48951560513822795,0.061395620011582705,0
0.0004780234771020618,-0.09881561375854861,0.4846409548903401,0.05267984561350982,0
0.0005504139655573316,-0.09881859596610079,0.48434119142668935,0.06998687568904492,0
-0.007019282048593324,-0.09895109547402697,0.5491668371792392,0.2081512655447921,0
-0.004782365538788191,-0.09895405836230481,0.538341536123186,0.19246963729411892,0
-0.0058816027279015685,-0.09895411230343215,0.5437541866512126,0.20031045141945553,0
-0.005815030977400005,-0.09889805880348647,0.5479594460461477,0.1916404412969146,0
-0.006980872654015055,-0.09888145689464148,0.5533720965741743,0.1994812554222512,0
-0.008427503928545998,-0.09884111894106636,0.5589740885354801,0.2073213754170781,0
-0.00496477361536535,-0.09887236087397523,0.547378583315488,0.1786469117769268,0
-0.004901100856644453,-0.09890879405341212,0.542860059719337,0.18555827453552287,0
-0.0058313568991376795,-0.09885822087234875,0.5524779696422988,0.18472907853831855,0
-0.005769603613374837,-0.09883241628408718,0.5561853887964754,0.17858482967938663,0
-0.005025366478081923,-0.09884189109094176,0.552409320782651,0.17180652482054373,0
-0.003467498747549712,-0.09888161254736412,0.53758065383382,0.16585616783126536,0
-0.0016616114933116254,-0.09892406041697527,0.5175761395268127,0.16589671966754868,0
-0.0006171143103965978,-0.09888807461090413,0.5079067443865011,0.1483853411056661,0
0.00011374209618078951,-0.09885976995462692,0.4982346739580532,0.13087542694112478,0
-0.0005308192508826898,-0.09885886022651551,0.5082443165215536,0.13105406718291832,0
-0.0001998984283065065,-0.09884929183876405,0.5034118959835896,0.12229702123388983,0
0.0006085214816701691,-0.09883942048341907,0.48855345318929544,0.11337076408239412,0
0.0009321302481064022,-0.09882591978435548,0.47887303263680076,0.09586714788721633,0
0.0004953086699251642,-0.09882830058914113,0.48888407092890607,0.0960445008094711,0
0.0007880293448261776,-0.0988319094853177,0.48371324291304807,0.10461895598480522,0
0.0003059606539038334,-0.09883406296421371,0.49372428120515344,0.10479630890705999,0
7.64423262897877e-05,-0.09884103371977604,0.4985712855992107,0.11354468980452449,0
0.00038637082039732546,-0.09884865070070034,0.4933940635736743,0.12212309551175946,0
-0.004281188891368118,-0.09885151386861578,0.547510356041817,0.16541115284771302,0
-0.003552452964483922,-0.09885454949828244,0.5427386947371516,0.1574578006381933,0
-0.0027628305695622055,-0.09887658350920768,0.5327414938069295,0.15730601029425073,0
-0.0025813327356048075,-0.09890609144311285,0.5275783966803164,0.16587644374940702,0
-0.0019428521374987456,-0.09889405400653087,0.5227392366534258,0.1573262862123924,0
-0.00109480638926596,-0.0989052119571151,0.5127414419566569,0.15714103038660737,0
-0.001392418126591496,-0.09888152623354193,0.51790453908327,0.14857059693145108,0
-0.0009255721572198319,-0.09886966081498785,0.5130803517357775,0.13980902426518899,0
-0.00021757496067172837,-0.0988729005844447,0.5030707091722771,0.13963038402339545,0
-0.004178792269167923,-0.09887914968194489,0.5424796185746541,0.17225153980409608,0
0.0006519941716424013,-0.09882363977977054,0.4840358807916051,0.0872990044833731,0
0.0011406441700410465,-0.09881767464342672,0.4691775797468843,0.07836661976615544,0
0.0010477608742273153,-0.09882124237298502,0.4740253061918425,0.08711688382668589,0
0.0007818397270207059,-0.09881994763365554,0.47918815434664686,0.07854874042284266,0
0.0008910907954460982,-0.09881708968665477,0.4743306168269268,0.06980475503235771,0
0.0012848758399390354,-0.09881305473522066,0.45926130756425304,0.06069544315985499,0
0.0008815091558661105,-0.09881336777551733,0.46967316063297476,0.0437637221775464,0
0.0010657737887191931,-0.09881175770408304,0.4601860174280452,0.026075443751215715,0
0.000711418910503611,-0.09881331754098832,0.47484943297860593,0.03521800806362935,0
0.0009730885105219046,-0.09881243624139677,0.46492958903050996,0.03491958296438106,0
0.000818677973198933,-0.09881258814981646,0.4701058613761412,0.026373868850464006,0
0.0009279447568632298,-0.09881204921238251,0.46542280788241,0.01767758657990732,0
0.0012651767981863137,-0.09881082505555347,0.4510163682046542,0.00811632533990308,0
0.0010430389449166252,-0.09881161942193926,0.46083798327071446,0.008698027374251002,0
0.0011602309623868787,-0.09881125446608022,0.4556011928163497,0.0170958845455594,0
0.0009871649981807442,-0.0988149027405877,0.4693724807356112,0.06096916672920749,0
0.001219053751241497,-0.0988149869750817,0.46421944365556866,0.06953103146300521,0
0.000781227819219342,-0.09881465093316105,0.474578407269972,0.05250330623805319,0
0.0005983698583693528,-0.09881430494995627,0.4797357082533428,0.04394026155300303,0
0.0010713773171712817,-0.09881331239402925,0.4644672340986139,0.052229582668700696,0
-0.004397712111399048,-0.09910221866423084,0.5295171421655228,0.2093199305123607,0
-0.004666002914688252,-0.09901825425948373,0.5339293391443545,0.2008947839032398,0
-0.005934585384269229,-0.09902206982438061,0.539341989672381,0.20873559802857639,0
-0.002407520557636699,-0.09904280181109257,0.5185821775055032,0.19382815743607618,0
-0.0033653796169602823,-0.09907298381193426,0.524049659835513,0.20157404397421844,0
-0.003618198624426888,-0.0990042276357021,0.5284618568143447,0.19314889736509755,0
-0.00298284674311674,-0.09894696326401745,0.5274549937854546,0.17905694279513076,0
-0.0008231225603917732,-0.09898341208344663,0.5074984694147212,0.1786888549427592,0
-0.0019128382716145271,-0.09897044212777774,0.5174767316000879,0.17887289886894497,0
-0.0027312270569918827,-0.09899063570104398,0.5230185856454789,0.18644255011560346,0
-0.003830469836793309,-0.09895329916965738,0.5328982649543204,0.18576329004462483,0
-0.004001718155104175,-0.0989131000131107,0.5374167885504713,0.17885192728602878,0
-0.003258145791848375,-0.09891135576395672,0.5325178238096373,0.17245655531319806,0
-0.002282974168279604,-0.09893631966864495,0.5225155666561336,0.17247683123133972,0
-0.001277991849425058,-0.09895210628581694,0.512537304470767,0.17229278730515396,0
0.00022945176543820366,-0.0989352524645069,0.4975795443613186,0.16552681791106244,0
0.0009385698864258904,-0.0988850742316614,0.48790537369787473,0.14801815315447067,0
0.0001634194580525716,-0.09888926810254525,0.4979060590421879,0.1482017471300684,0
0.0004899152826334245,-0.09887174778029567,0.49307002382796394,0.13944679004779773,0
0.0013809491678424136,-0.09885119774132582,0.47822653136068993,0.13051207526037914,0
0.0011881401678565055,-0.09886632251748956,0.4830659525292823,0.1392651142074249,0
0.0007538314541786739,-0.09885715157801395,0.48823060265937157,0.13069375110075196,0
0.0009641328067326095,-0.09884521527986234,0.4833899922749927,0.12194141967138664,0
0.0016315353642780191,-0.09882994663631527,0.468546014140106,0.11300765823922448,0
0.0015260422165931046,-0.09883922760004904,0.47338627275039796,0.12175986674980181,0
0.001129113371660123,-0.09883563854152908,0.4785497336647007,0.1131892111608093,0
0.001256481120125301,-0.09882810767145901,0.4737095233884534,0.10443740306322041,0
0.001752730620736958,-0.09881772809274934,0.4588673140131384,0.09550517936656033,0
0.0018029661202707903,-0.09881140125274973,0.44893134373731935,0.07795170747281216,0
0.0018105219633339454,-0.09880877424181451,0.4388494256549143,0.05991735580808633,0
0.001561517083187252,-0.09881094458643461,0.4490553666095837,0.060306399483970666,0
0.0015271803580145153,-0.09881248214184263,0.45409632565078617,0.06932357531633357,0
0.0018092694391662314,-0.09880973376491207,0.44389038469611686,0.06893453164044924,0
-0.0007186964456777289,-0.09893367062978861,0.5075778419440656,0.16571176878930555,0
-0.00023594185083298928,-0.09890989648671611,0.5027431443739099,0.15695607950836427,0
0.0006226417142450948,-0.0989079119916587,0.4927424590295967,0.15677248553276657,0
-0.000259019565027069,-0.09895861937268967,0.5025390068880199,0.17210783642691083,0
0.0014260867582942623,-0.098817961325961,0.4640224468800114,0.08693589956635789,0
0.0014841288843011676,-0.09881474511221637,0.45905446174210185,0.0781591636194838,0
0.001785284071370387,-0.0988139689730802,0.4538993288752289,0.08672844341968625,0
0.001353221175672787,-0.09882231376378434,0.4688701733249696,0.09568616362688834,0
0.0017048435007273998,-0.0988229150413,0.4637066640766222,0.10425641880289241,0
0.0013947821009304374,-0.0988108283912387,0.4494526797260706,0.04293041081341685,0
0.0015002171348006573,-0.09880990760859505,0.44008987633716523,0.025026365128929712,0
0.0014444692135716808,-0.09881027370695909,0.4447712780316179,0.03397838797117328,0
0.0012211191055316486,-0.09881137912117523,0.4548193485770579,0.034502927282316284,0
0.001295250926296737,-0.09881082756365156,0.4501379468826052,0.025550904440072714,0
0.0013751679181381075,-0.09881041457571887,0.4455531222709097,0.016571345234416397,0
0.0016324328935434641,-0.09880938694758673,0.4314082052725037,0.006461299577466264,0
0.001558905556859173,-0.0988096565433855,0.43574904080483445,0.015743832353197987,0
0.0014626779408887971,-0.09881005181743632,0.44121228673857893,0.007288812458684672,0
0.001341238209666695,-0.09881171998010668,0.4543569936451618,0.05181292698663592,0
0.0015896265218785669,-0.09881000607920452,0.4441510526904925,0.051423883310751595,0
0.0011487166809134568,-0.09881216515995074,0.4595629201795227,0.043347066495481625,0
-0.00149778197096543,-0.09918843816269696,0.5098421182743784,0.209923614096859,0
0.00011529289815658538,-0.09906984624103035,0.4991142770792485,0.19380711924404226,0
-0.0006329487322798117,-0.09912659515199958,0.5044781976768135,0.20186536667045063,0
-0.001149914121404587,-0.09906373980877652,0.5088482272923758,0.19381763834005922,0
-0.0020145455147440646,-0.09910931407346182,0.5142121478899409,0.2018758857664676,0
-0.0030658248371462794,-0.09915235919561177,0.5196796302199507,0.20962177230460985,0
-0.0015556432615180193,-0.09901314466824317,0.5130403234601122,0.1862585061894177,0
-0.0003954668303117666,-0.0990236802022638,0.5033063732469849,0.18624798709340074,0
0.0013791738922318904,-0.098975608106503,0.48734317252962095,0.17821939139226406,0
0.0002827838817967117,-0.0989851644619485,0.4974208209721711,0.17845412316751164,0
0.0008073191433095306,-0.09902007605766944,0.4932287248044347,0.18601325531815316,0
0.0007665098211372822,-0.09895531540587175,0.4924613584454698,0.17187310465166325,0
0.002082493518864277,-0.09891309494432997,0.47759091686173843,0.16473780280513653,0
0.0024314368195208088,-0.09886196795841211,0.4679060612846691,0.14764992616850864,0
0.001867027954391273,-0.09885697440448384,0.4730662963226795,0.1390810007144439,0
0.0016979385918163832,-0.09887578300498036,0.4779057174912719,0.14783403966148967,0
0.002287622983517494,-0.09888453227685522,0.47274848907320377,0.1561938644868226,0
0.0014655332878456817,-0.09889892293787785,0.4827481452798066,0.1563779779798036,0
0.0011675240518210135,-0.09892790609113233,0.48758523061152853,0.1651323103580995,0
0.0017654350354105576,-0.09894214509775281,0.4824670446956797,0.17147859709870028,0
0.002561098103288852,-0.09883098928561987,0.458227574810487,0.1301436972240198,0
0.0025176125699921978,-0.0988442821272344,0.46306681804757804,0.13889681169626422,0
0.0019860792993845735,-0.09884229120505056,0.46822705308558843,0.1303278862421995,0
0.002063905624579617,-0.09883107421011152,0.4633867944752965,0.12157567773162214,0
0.0025526537125936735,-0.0988144181199837,0.4485490036805723,0.11263750220371771,0
0.0025702751581886136,-0.0988212734922713,0.45338828924552965,0.12139059971386876,0
0.002108245555622726,-0.09882271713878613,0.45854750891033913,0.1128225802214711,0
0.002126328267606447,-0.09881667641668343,0.45370815884685534,0.10407134078513902,0
0.0024637078646750077,-0.0988069096528206,0.4388704045740444,0.09515795606304726,0
0.0021247157694190516,-0.09881247612148339,0.44886885929359144,0.0953315677148038,0
0.0021121441952772642,-0.09880964717922355,0.4439008741556819,0.08655483176792972,0
0.0023398216977622,-0.098804587875856,0.42907653599321066,0.07762959418737711,0
0.0022120367131043153,-0.09880495207850977,0.4186347504937293,0.059436838251107134,0
0.002274959715578823,-0.09880453183166182,0.42385564324346997,0.06853321621924212,0
0.0020572612334160212,-0.09880705478622968,0.4339629808240625,0.06877347499773172,0
0.002028178926213252,-0.09880672691895011,0.4287420880743218,0.05967709702959673,0
0.0018042337066127873,-0.09880825320134647,0.42929251941028634,0.041819625614010675,0
0.0016139107205384265,-0.09880948327826852,0.4393725995681785,0.04237501821371376,0
0.0016418718312369222,-0.09880922046626987,0.4346911978737258,0.03342299537147019,0
0.001819763268074868,-0.09880849239708502,0.4202611220655704,0.023788151848389425,0
0.0018799552782967056,-0.09880868102557125,0.41183653261206254,0.0044171493280570585,0
0.0018405701074241034,-0.09880864768691794,0.4160488273388165,0.014102650588223242,0
0.0017162513163397073,-0.09880903552850702,0.42583466366903705,0.015124725712927844,0
0.001772023053715598,-0.09880890881399636,0.4216223689422831,0.005439224452761661,0
0.0025152826016948187,-0.09880980525720698,0.44370970412730837,0.1038977291333825,0
0.0020876612790996416,-0.09880795538168895,0.439003939865265,0.07779065083009463,0
0.002404182899703295,-0.09880527617234401,0.43397347028362754,0.08639377512521218,0
0.0018052097778145579,-0.09880835941484806,0.4340709725326003,0.0508684907110485,0
0.0019937935679212077,-0.098806871080425,0.42396363495200784,0.0506282319325589,0
0.0016748238934718683,-0.09880910506658293,0.43017549920136783,0.02440725848865957,0
0.0018066610850174802,-0.09880834389595008,0.4247768207379284,0.03280388873120005,0
0.0014977815559035405,-0.0991884381689647,0.4901578846305079,0.2099236141418919,0
0.0007578454122588472,-0.09912576674651274,0.4946360808548782,0.20186536669296706,0
-2.3179002372672935e-10,-0.09919974604800001,0.5000000014524432,0.20992361411937543,0
0.0026967271556989033,-0.09903355155073656,0.4790569786284548,0.19346882018706435,0
0.002177917503299251,-0.09910469111060718,0.4846074316294814,0.2016962171644781,0
0.0014147611564206514,-0.09905936848795988,0.4890856278538517,0.1936379697155533,0
0.0019904000560129267,-0.09900369121613543,0.4832000755790379,0.1858441057896642,0
0.0034451756850016483,-0.09892441198888789,0.4673608487315422,0.1770776582016065,0
0.002434485819999605,-0.09895443673932253,0.4773520106305816,0.17764852479693527,0
0.0031251382476840525,-0.0989735668617468,0.4732089136799985,0.18527323919433542,0
0.002727367446576031,-0.09892011237829947,0.4724758827966403,0.17090773050337152,0
0.0038014655464780225,-0.09886495126032352,0.45759975277449527,0.16406823538920634,0
0.0029643970616924312,-0.09889168627555109,0.4675953348181169,0.16440301909717142,0
0.0030705827443340337,-0.09886481736760515,0.46275290702958216,0.1558590807788575,0
0.0037813444110522607,-0.09882428346633522,0.44790862316583274,0.14728075188399875,0
0.003130858500249495,-0.09882901974783095,0.45306809898815986,0.13871222455400928,0
0.0031290595549723034,-0.09884445021314663,0.4579073422252509,0.1474653390262537,0
0.003813572427226071,-0.098841464877506,0.452754187970164,0.15567449363660255,0
0.003652468294078658,-0.0988917908165214,0.4624803007530187,0.1705729467954064,0
0.003588601122625282,-0.09880411951266549,0.4382304597143104,0.12977437890074373,0
0.0036981889487222182,-0.09881211852722104,0.4430695414400716,0.13852756539237124,0
0.003097822780938824,-0.09881799481215339,0.4482290172623987,0.12995903806238177,0
0.0030379427404956367,-0.09881044760479235,0.44338973169744134,0.12120594055223072,0
0.003318976171250801,-0.09879681293361596,0.4285523070552556,0.1122679869065838,0
0.003460026064583341,-0.09879929094297593,0.433391383384783,0.12102118290366376,0
0.0029582485042661606,-0.09880558915966306,0.43855065536791393,0.11245274455515075,0
0.0028653706618651715,-0.09880275806377667,0.43371135581465003,0.10371297148481554,0
0.003022158802452364,-0.0987963813809112,0.41887374905595504,0.09479289641730808,0
0.002764319759974194,-0.09880141496331575,0.4288720768149997,0.09497542624017767,0
0.003171616978807657,-0.09879601664629586,0.4237130280556053,0.10353044166194594,0
0.0026604159318134885,-0.09880110998848457,0.42397514252458285,0.08621124530234259,0
0.002748969250910361,-0.09879884021143992,0.40816166680424754,0.07732289044450931,0
0.0024649160584133984,-0.09880290303885976,0.3978686109088219,0.05852197794525833,0
0.002462883010754169,-0.09880233330425656,0.4133982086489884,0.06837986434780823,0
0.0023591490876091513,-0.09880361951114529,0.4082516807012756,0.05897940809818274,0
0.0026006249716060766,-0.09880086165329789,0.4030151388565347,0.06792243419488382,0
0.0025664218702175882,-0.09880139597382712,0.4186191013987291,0.07747624231594322,0
0.0028849234145066184,-0.09879732847740391,0.4135177079301013,0.0860578934309087,0
0.0021020764027367194,-0.09880647233912943,0.40855973766696735,0.041409613559314176,0
0.0021529104171953022,-0.09880565482578095,0.4135972440803483,0.05042322590521066,0
0.002270861476239899,-0.09880492651212627,0.40321417428789463,0.049965795752286254,0
0.001970712174084808,-0.09880719550961138,0.4189261285386269,0.041614619586662425,0
0.0019492322639521604,-0.0988076584788359,0.41441042986626886,0.0325988827038518,0
0.002018055748503023,-0.09880809671462454,0.40007321858256095,0.02280817542272316,0
0.0019982903348895373,-0.09880913485860339,0.3922941586529581,0.002107852456522632,0
0.0019369483171075728,-0.09880852013897251,0.40595487559731175,0.013612662375390109,0
0.0019961746907683755,-0.0988087329938654,0.39618368861775954,0.012458013939622896,0
0.0019553780387815477,-0.09880874876762183,0.4020653456325103,0.003262500892289845,0
0.001935721963654359,-0.09880813129526032,0.4101671703240657,0.023298163635556292,0
0.002051904414534404,-0.09880734260897038,0.4043164781247641,0.03210889449101867,0
0.004397711724284857,-0.09910221868140912,0.4704828605194097,0.2093199306346598,0
0.004988832178528223,-0.09894465641829059,0.45988284367889004,0.19246531147820073,0
0.004786106640405145,-0.09901289141105071,0.4651828520991499,0.20089262105643027,0
0.0038644534289716437,-0.09899440205413561,0.4694699111536724,0.19296706583263254,0
0.003516394339454337,-0.09906665295630958,0.4747699195739322,0.20139437541086208,0
0.00306582440868291,-0.09915235920886005,0.4803203725749588,0.20962177238827584,0
0.004167980175814207,-0.0989355039552675,0.4636218462052161,0.18477148483990363,0
0.005306596207991261,-0.0988460558060844,0.4473724450036305,0.17626495488676577,0
0.004408997989872067,-0.09888779159502877,0.4573666468675863,0.17667130654418614,0
0.00519682018877819,-0.09888874421437562,0.45362764434126024,0.18436513318248327,0
0.004519746696431885,-0.09885794002675848,0.4524860988890629,0.17016659513798604,0
0.005325763380867111,-0.09880166018137483,0.4375998391132562,0.16387362950668602,0
0.004913607083578921,-0.09878094134555121,0.42791180413723373,0.14691131809431862,0
0.004211433354211345,-0.09879462088874265,0.43307113192577207,0.13834284849753117,0
0.004379049302594821,-0.09880267302074036,0.43791021365153326,0.14709603498915869,0
0.0051322851470156465,-0.09878854648060888,0.43275582162524495,0.1553924738005023,0
0.00450688114750935,-0.09881556301801105,0.4427542311395445,0.15557719069534237,0
0.004594741143749205,-0.09883450207072311,0.4475997959438757,0.1639709324479462,0
0.005339637696929514,-0.09882085814745863,0.44248614205844333,0.1700692921967259,0
0.004404051615919084,-0.09877726771802381,0.41823371391513176,0.12940714471687156,0
0.003830243468200704,-0.09878853205836474,0.4233930104851937,0.12083756581172768,0
0.0040262416648306565,-0.09879024332146949,0.4282320868147211,0.12959076180880763,0
0.004663014696813826,-0.09877762840996188,0.42307275902618274,0.1381592314055951,0
0.003884644993558915,-0.09878176246597843,0.4085556292827373,0.11190370003443761,0
0.0034019363878726836,-0.09878900542059295,0.3988729701498387,0.09465097681217412,0
0.0036384661677208744,-0.09878523339423698,0.403714299716288,0.10327733842330586,0
0.0034292467188227,-0.09879005395632619,0.4137146891693462,0.10334829822587285,0
0.0036294327325950455,-0.09878868091457056,0.4185539681689965,0.1120858434705107,0
0.004142877776254165,-0.09877889356972556,0.4133946715989345,0.12065542237565459,0
0.003236910520327365,-0.09879212530025709,0.40887335960289684,0.0947219366147411,0
0.003055975619781806,-0.09879452771647898,0.4035173184770431,0.08598693362834171,0
0.0029487816042595896,-0.09879681680889145,0.3879501218971083,0.07639236090579393,0
0.002536608207348623,-0.09880406304695145,0.3747186918167108,0.05701638652348674,0
0.0027355271347274837,-0.09880061312700841,0.38133440685690956,0.06670437371464033,0
0.0026910386249368013,-0.09880021434801242,0.39290936640296514,0.06745716942552613,0
0.0025278104933654697,-0.09880300649861025,0.3862936513627664,0.05776918223437254,0
0.0022284142114559714,-0.09880668183415994,0.3877606041906073,0.03901233421394845,0
0.0020625206926846123,-0.09880928757496121,0.38055028672411134,0.01902494474299827,0
0.0021329678301225574,-0.09880814333874038,0.38415544545735936,0.02901863947847336,0
0.0021150572738423564,-0.09880749949722584,0.39391691138658413,0.030910254818335807,0
0.0020565313188286006,-0.0988085139048579,0.3903117526533362,0.020916560082860712,0
0.0020210642705223835,-0.09880930387876652,0.3864222226885347,0.01056639859976045,0
0.0019892724263095717,-0.0988108473058496,0.3727671269016958,-0.0003288863655266223,0
0.0020091975046483065,-0.0988098409787802,0.38253064277732696,0.0008894830454980049,0
0.0020162459153756935,-0.09881017056127654,0.3766587068129036,0.009348029188735823,0
0.002872264106873972,-0.09879732175141114,0.3980558943506779,0.07685762567515161,0
0.003168463397396015,-0.09879297797258459,0.3934115460234735,0.08552166885898402,0
0.002184875498193371,-0.09880631689432874,0.3981601709287873,0.040210973886631314,0
0.002337593160237907,-0.0988049030365413,0.39281460754971464,0.04876715607960339,0
0.0023724475574180425,-0.09880550123166837,0.38123964800365906,0.0480143603687176,0
0.007019281729516352,-0.09895109549666149,0.4508331653730723,0.2081512657305875,0
0.005987090638842001,-0.09894825598544642,0.4553580045259812,0.20030828860439412,0
0.005934585024454933,-0.09902206984594494,0.460658012946241,0.20873559818262366,0
0.007090284649863084,-0.09882157935773915,0.4400157987326727,0.19163551651071348,0
0.006891175118695674,-0.09875932576234642,0.4281465043462582,0.17652378889185327,0
0.0065336308610575945,-0.09873604775442585,0.4171145998401433,0.1630167158736461,0
0.006735049198623167,-0.0987442648802656,0.4226305520932008,0.16977025238274968,0
0.006075492298824228,-0.09878341658707343,0.4328731717297572,0.17019870919926966,0
0.006135572711588972,-0.09880331385675983,0.43775947467494436,0.1763943718893095,0
0.0061467133734320785,-0.09883687235478372,0.4436941218681516,0.18395023569873964,0
0.007024539576073505,-0.09878457660538427,0.43408115153946547,0.18407965270128337,0
0.006071516698420329,-0.09888637048087547,0.44994932120578135,0.1920504139944571,0
0.00716020904534662,-0.09887260995712327,0.4454244820528725,0.1998933911206505,0
0.005975514108752119,-0.09876776768945783,0.42735721947669975,0.16344517269016606,0
0.005681303807295427,-0.0987617641052699,0.4225132019886885,0.15496401698398238,0
0.005752841348541296,-0.09874268403085916,0.4078363372406776,0.14637136176326726,0
0.005042298261965373,-0.09876228483167256,0.41303502557790467,0.1378892532400694,0
0.0053732570661744845,-0.09876047531715876,0.41787407068895566,0.14664133992879294,0
0.006143966172676895,-0.09873789797269869,0.41247546854041045,0.15469403881845667,0
0.004957129850742369,-0.09875742541778172,0.39823697774683714,0.1290436504557343,0
0.004214944835779876,-0.0987734843421942,0.3885583313727819,0.11157302021272934,0
0.0035653874135368447,-0.09878733487839655,0.3788755698389985,0.09432590025313531,0
0.0038791737117538656,-0.09878075529769956,0.3837169506058902,0.10294946023293233,0
0.0035110131899931058,-0.09878736452520942,0.3888742699944186,0.0944884385326547,0
0.0037881327730673302,-0.09878205474809712,0.3937156507613103,0.10311199851245173,0
0.004081194109747203,-0.09877655246175501,0.3985569803277596,0.11173836012358349,0
0.004392837496219686,-0.09877105120173442,0.4033963035147872,0.12047367524508595,0
0.004576666078422117,-0.09876557313098557,0.3933976545598095,0.12030833533423183,0
0.004716117428308678,-0.09876606442419418,0.4082353458309844,0.12922539758630291,0
0.005349618378212581,-0.09874958777706497,0.4030366574937574,0.13770750610950078,0
0.003238740419266631,-0.09879256988119293,0.3834128458680534,0.08535913057946462,0
0.002991593031247794,-0.09879839209395422,0.36920322760514673,0.07651605002518716,0
0.0029907033699588872,-0.09879712020910049,0.37857667475112755,0.07645420546549055,0
0.0027446313175715476,-0.09880158378485333,0.3719609597109288,0.06676621827433696,0
0.002653020788402182,-0.09880463696586413,0.35941605055625747,0.06491581005439304,0
0.0028198157805784563,-0.09880165045521525,0.36430963908070213,0.0707159300397901,0
0.0026034197096090625,-0.09880412920989481,0.36706737118648414,0.06096609828893989,0
0.002314904645028498,-0.09880921228916102,0.35448107268702517,0.049558628101685424,0
0.0021888070297367656,-0.09880892985494664,0.36845189379803583,0.03533635550155566,0
0.002224999916663517,-0.09880759776186747,0.37810624899432155,0.037174344857752055,0
0.002118656035880885,-0.09880915795070519,0.3745010902610736,0.027180650122276964,0
0.001983836494053076,-0.0988117538871337,0.36106140719354757,0.015629707532165346,0
0.002074221062699062,-0.09881050920240118,0.3647566504957917,0.025483031516860502,0
0.0020381836368567573,-0.09881037697106207,0.37080584695882945,0.017327326137581808,0
0.0019796632099437286,-0.09881134652646249,0.36691426704762165,0.007650410583319362,0
0.0018634695966158747,-0.0988136016202074,0.35323798771606235,-0.0027490579709011113,0
0.0019400361517533564,-0.09881211841366003,0.3630025573088791,-0.0015389721682138669,0
0.001915834339930444,-0.09881275347544602,0.35714969745480496,0.006440324780632117,0
0.0032654735328396063,-0.09879329572949117,0.3740393987220726,0.08542097513916123,0
0.0023438510134268977,-0.09880682299486683,0.3715852928073733,0.0461763710125212,0
0.0022514321377447677,-0.0988089837662916,0.3614664832425305,0.04244749180162054,0
0.0024426034512806416,-0.09880644490105955,0.364599882251868,0.05328750731258608,0
0.002473184584679912,-0.09880715606293565,0.35694856162164135,0.057237219078039234,0
0.00920333036761866,-0.09877190048861174,0.4312186625324201,0.2064914855210821,0
0.008636980384919698,-0.09871077382375566,0.4233892514896012,0.1917681683714229,0
0.00887076221708248,-0.09864872749537017,0.4076958128672435,0.18325030060666858,0
0.007438107069927266,-0.09868467672331363,0.3975965804355915,0.16367883114002743,0
0.008141751196998526,-0.09866554269705326,0.4026461966514175,0.17346456587334802,0
0.00703201416529972,-0.09870800384944646,0.4073555901378674,0.16334777350683677,0
0.007622571382032899,-0.09869950779072201,0.4124052063536934,0.17313350824015733,0
0.007898018769310358,-0.0987063958995899,0.41792115860675083,0.17988704474926093,0
0.007717037491441392,-0.09873841096612719,0.4257678779179297,0.1841459786316381,0
0.008796174729351694,-0.09867524717644344,0.41554253217842235,0.18750923448904575,0
0.008150406813889947,-0.0987967986293704,0.4356172306325464,0.1990635010158978,0
0.008427503643518224,-0.09884111896536868,0.44102591395274615,0.2073213756258348,0
0.007883581586906455,-0.09876752587193552,0.43170252511113694,0.1917018424410682,0
0.008999649097043233,-0.09872969130601743,0.42730395701101065,0.1991298269462525,0
0.006551699724196073,-0.09871720213660996,0.40271645883813456,0.15502509645164736,0
0.006268632122471393,-0.09871917624509698,0.38792439074463514,0.1461705482996989,0
0.005208501318703032,-0.0987503459926149,0.3782405448517455,0.12866598298537354,0
0.004283532304512062,-0.09877486424416528,0.36856148991755583,0.11121742281295187,0
0.004728834919934553,-0.09876348633789843,0.3734010173846507,0.1199417028991627,0
0.004688895841281022,-0.09876296526112414,0.38339943811226374,0.12011950159905144,0
0.004282763617804188,-0.098772871696138,0.37855991064516886,0.1113952215128406,0
0.003909014001104973,-0.09878153244647385,0.37371852987827714,0.1027716615330436,0
0.0034954131692152605,-0.09879257367718251,0.3588834763905616,0.09371326188332955,0
0.003871968187990722,-0.09878453382404627,0.36372248315405875,0.10246534234814071,0
0.0035584229504835533,-0.09878911582495126,0.36887952311478006,0.09401958106823244,0
0.003232321756260571,-0.09879560305023008,0.3640433519978542,0.08511465595425835,0
0.002869516274571363,-0.09880418233259251,0.34900461679804456,0.07724474292670588,0
0.003168538328916552,-0.09879895410439982,0.3539440465943031,0.08547900240501771,0
0.0029546003098080685,-0.09880073580630439,0.35910392220159565,0.07688039647594652,0
0.0027607035630045312,-0.09880427700515876,0.35421033367715105,0.07108027649054946,0
0.0023453012536873807,-0.09881171230244509,0.33942760051087256,0.06027005123950747,0
0.001917475863476741,-0.09881605895087105,0.3311212844683218,0.0412956109553757,0
0.0020225873418928363,-0.09881257484282698,0.34924959492944385,0.03136386507693565,0
0.0019806613540489094,-0.09881410078672681,0.3401854396988828,0.036329738016155674,0
0.0021556968652289535,-0.09881110005570937,0.3518653338082345,0.04046124658931054,0
0.002133149431325598,-0.0988126276870655,0.34280117857767345,0.04542711952853056,0
0.0021160994636243756,-0.09881419553297593,0.33527444248959715,0.05078283109744158,0
0.002337533748235808,-0.09881020989946668,0.34695433659894886,0.054914339670596446,0
0.0025163574827271494,-0.09880800686282416,0.34942182553356504,0.06259293064695025,0
0.002593544749364058,-0.09880839322318148,0.34421610865445856,0.06875739708310667,0
0.006055486613935751,-0.09872856285582472,0.39788036399265636,0.14627095503148307,0
0.005580951749666133,-0.09874033882562955,0.39308068424573617,0.1376070993777166,0
0.005723027279584676,-0.098735478277538,0.38308246779819033,0.13741826564253623,0
0.005122266053250163,-0.098752026539757,0.38823876129929136,0.12885481672055393,0
0.006841939872301984,-0.09870196828046143,0.39276048559011334,0.15492468971986317,0
0.002120071403322826,-0.09881062129190982,0.35885074436373987,0.03335011028924566,0
0.0019986040490770607,-0.09881214408561131,0.35515550106149574,0.023496786304550498,0
0.0018020241197385454,-0.0988149721819842,0.3424362024545601,0.012116421768681688,0
0.001637146897160279,-0.09881695959813869,0.3336897591312161,-0.005009461272741555,0
0.001761682911961184,-0.09881523855238435,0.34346387342363927,-0.003879259621821333,0
0.001828029114031777,-0.09881429274117717,0.34783709508531124,0.004683681898890289,0
0.001714179976420198,-0.09881600737431517,0.3380629807928881,0.0035534802479700667,0
0.0019048123809954406,-0.09881329069188391,0.3517488048240538,0.013873064650423518,0
0.001901025133261445,-0.09881390619118136,0.34584289869200197,0.02174014342280867,0
0.010824185047814515,-0.09860743701181167,0.4116407029594826,0.2044434291270096,0
0.011793870656114126,-0.09849616353409218,0.392092013242154,0.2021313695513354,0
0.0098741311066765,-0.09862101886709791,0.40966825791336303,0.1938468648668391,0
0.010354318598922597,-0.09857186830283736,0.39989391305469874,0.19269083507900198,0
0.011736838399488884,-0.09850297579450062,0.4018663581008183,0.2032873993391725,0
0.010397685325349525,-0.09865332105845553,0.42142968274595133,0.20546745732404587,0
0.009762400853193619,-0.09865799083121858,0.4175149772245419,0.19810579874921624,0
0.009829457137805765,-0.09857416833424111,0.3846392016189766,0.18304173266382948,0
0.007905204502334144,-0.09866013357716372,0.376605990687173,0.16376282185877566,0
0.0077356914903583835,-0.09866766128609854,0.38710128556138224,0.16372082649940156,0
0.008825775941870938,-0.09862060083342437,0.3806225961530748,0.17340227726130258,0
0.008567694189160698,-0.09863637392543892,0.391117891027284,0.17336028190192845,0
0.00942620408979895,-0.09860555938524675,0.39616750724311,0.18314601663524904,0
0.01085370754539352,-0.09852809362437805,0.38836560743056525,0.19258655110758244,0
0.0070506332526923746,-0.09869235967155697,0.38226519071590404,0.15496668507923728,0
0.006385185660229778,-0.09871845299256267,0.3677550310802316,0.1456776849379849,0
0.007115755991435007,-0.09869155896587294,0.3721805108837023,0.1547202533983803,0
0.0063772968477230595,-0.09871570442493265,0.3778397109124334,0.14592411661884191,0
0.005772993468429121,-0.09873554913348292,0.3729977879659886,0.13717183396167923,0
0.0051303624687512525,-0.09875909104316631,0.35831662172271633,0.12817952932067642,0
0.004080156344678123,-0.09878652862612727,0.3485656064635055,0.11080973554622467,0
0.0045811703143937696,-0.09877427537019787,0.3534411140931109,0.11949463243345054,0
0.004691180835174805,-0.09876732567847006,0.3634390558201361,0.11969847606681414,0
0.004215422251624883,-0.09877948343510026,0.35856354819053066,0.11101357917958826,0
0.0037779262616641583,-0.09878948228692033,0.3537245414270336,0.1022614987147771,0
0.003212025696649666,-0.09880380428289688,0.3388877434769078,0.09329687569031582,0
0.002516294735394086,-0.0988139252974823,0.32899270931939995,0.07606449331278432,0
0.002845101254739718,-0.0988095858972447,0.3339402263981539,0.08468068450155007,0
0.0027137741171468026,-0.09880877247441619,0.3389986630587223,0.07665461811974511,0
0.0030365362087671336,-0.09880375003978573,0.3439461801374762,0.08527080930851086,0
0.0033806598683514535,-0.09879752377056877,0.34888560993373474,0.09350506878682269,0
0.0036234562842126557,-0.09879625485569606,0.34372667497020665,0.10205330561827025,0
0.0052102975488708255,-0.09875272926976093,0.36827858328723095,0.12842275615302498,0
0.005731919072835936,-0.0987406141337256,0.36303582640147397,0.13692860712933067,0
0.0024295193165490272,-0.09881254512693348,0.3342101549151363,0.0681672722761459,0
0.001958845141036262,-0.09881932082051276,0.319312221221233,0.05842016958471095,0
0.0015314121487345022,-0.09882194607529889,0.30980165191906356,0.04131358103707945,0
0.0017325229067686326,-0.09882086951015222,0.31455693657014827,0.0498668753108952,0
0.0017394140913440386,-0.0988189903360251,0.3204614681936927,0.04130459599622757,0
0.0019382257527196045,-0.09881741770010104,0.32521675284477736,0.04985789027004332,0
0.002167929910483263,-0.09881545831176755,0.3293699108660528,0.05934511041210921,0
0.0022207252370563778,-0.09881707540624406,0.3241524652703165,0.06724233144874764,0
0.0015390292148726524,-0.09881952658052966,0.3181978772176774,0.02469798691319448,0
0.0015426672521488642,-0.09881841874635981,0.32421895723722266,0.009136751019110899,0
0.0017944821179192052,-0.09881603080426107,0.3342511930173937,0.025566559743443122,0
0.0016626841819271417,-0.09881731201873345,0.3292350751273082,0.01735165538127701,0
0.0017948646348308025,-0.09881547329274785,0.3383436977359769,0.018841490756062406,0
0.001681692282258816,-0.09881668758438619,0.33332757984589134,0.010626586393896294,0
0.0015866631509978302,-0.09881766649401758,0.32895435818421936,0.002063644873184672,0
0.0013295057551176745,-0.09882038759658614,0.31410979158933205,-0.00697486218832461,0
0.0014324242228419732,-0.0988194245254653,0.3191643744132774,0.0010809444153931443,0
0.0014921898339931888,-0.09881869988706014,0.3238997753602741,-0.005992161730533083,0
0.0015326927334552327,-0.09882058589295799,0.3139997645683705,0.03300578397513697,0
0.0017209233445850544,-0.09881799200768797,0.3246595808429996,0.03299679893428509,0
0.0016743582364652353,-0.09881777532436477,0.3262245351175356,0.0251322733283188,0
0.0018484784689062868,-0.09881604442398481,0.33268623874285774,0.03343108534940941,0
0.001914876973413471,-0.09881430360796056,0.3417503939734188,0.028465212410189386,0
0.01206227027914265,-0.09846365447057437,0.3725585682950345,0.1996932487804034,0
0.00980003011753967,-0.09857958305467912,0.36477631499326885,0.1808892609709428,0
0.0077152303382053075,-0.09868007578753285,0.3566299866310539,0.16235976799462654,0
0.00870589991017608,-0.09863534949171851,0.36070315081216137,0.17162451448278465,0
0.008814279419619079,-0.09862289846165134,0.3706911528402209,0.17232604141485924,0
0.007873113562874557,-0.09866525964904264,0.36661798865911344,0.1630612949267011,0
0.0070294601652795274,-0.09869992887362858,0.36219250885564275,0.1540187264663057,0
0.006042395053747728,-0.09874390269597702,0.3475714883955595,0.14450464748436861,0
0.006839464695900344,-0.09871552464504381,0.3521007375133067,0.15343220773949756,0
0.006264661365705022,-0.0987282933617779,0.3576632597378956,0.14509116621117676,0
0.005575231423064053,-0.09875128086011303,0.35294405505913795,0.13634208840252252,0
0.004709396369887299,-0.09878293664821297,0.33833365489789907,0.12739496583487306,0
0.003616560565713936,-0.0988064132871659,0.3285692744555954,0.11042604850492586,0
0.004134245937789518,-0.09879634197810454,0.33345146467674724,0.11891050716989945,0
0.0043881002469745,-0.09878424242910294,0.3434496306807023,0.11910235069054886,0
0.003879788837968995,-0.09879566397978279,0.33856744045955045,0.11061789202557526,0
0.003411465650183692,-0.09880450320848305,0.3337285089662516,0.10186146209762084,0
0.0027252861167398473,-0.09881897763531783,0.31889132291469713,0.09291716386735496,0
0.002620834552412991,-0.09881591805195901,0.32394201611704854,0.08449082859006965,0
0.002992699479179107,-0.09881108256387687,0.3288895331958025,0.0931070197788354,0
0.0031444425318617767,-0.09881379539583988,0.32373029868514624,0.1016716061861404,0
0.010982697247255854,-0.09851401072733088,0.37859888495700555,0.19136749072211645,0
0.012376139553490612,-0.09842469601548291,0.38232529076859423,0.20091230916586938,0
0.009875592710528758,-0.098571247710288,0.3747077583061227,0.18196549681738614,0
0.010964425830772557,-0.09851739169547033,0.36866744164415166,0.1902912548756731,0
0.004959649415904706,-0.09876942321060994,0.3483251383103077,0.12778724757777474,0
0.005342988681480448,-0.09876582509525929,0.3429525716467293,0.13594980665962084,0
0.002027469040311932,-0.09882469668444109,0.3092133663660426,0.07540817180304699,0
0.0023544925475641842,-0.09882247046850193,0.31405234464036985,0.08416266783520097,0
0.0022892136726854325,-0.09881929043899008,0.31910303784272126,0.07573633255791565,0
0.001994497605973905,-0.09882158466938774,0.31426279379363775,0.06691417069387896,0
0.001485969280537186,-0.0988266694523722,0.29949872583048787,0.05792607538843096,0
0.0017353154153426427,-0.09882308815243326,0.30940547352586045,0.05817312248657096,0
0.0017393594997410597,-0.09882600920731908,0.3043560460982652,0.06666712359573898,0
0.0015109898721937757,-0.0988240037368707,0.3046501888747757,0.04961982821275521,0
0.001071886940964459,-0.09882691766407495,0.2898328678853575,0.04101061570545672,0
0.0013112753119039603,-0.098824569072212,0.29981725990221053,0.04116209837126809,0
0.00126644190834067,-0.09882692872150454,0.2946657968579227,0.04946834554694384,0
0.0011463832268843908,-0.0988236610608052,0.29804907686117393,0.024332143298453266,0
0.0012220150074450419,-0.09882171570054189,0.30589278291203753,0.007894674866335367,0
0.0011821529731762808,-0.09882257322590161,0.30197092988660573,0.016113409082394316,0
0.0013747255604760523,-0.09882071374298229,0.31204533006485746,0.016296330889764923,0
0.0013522988377704529,-0.09882167000488258,0.30812347703942566,0.024515065105823873,0
0.0013295716990164117,-0.09882295169122032,0.30392536439011875,0.03282286216776636,0
0.0011093573148721625,-0.0988250948627689,0.2939409723732657,0.03267137950195499,0
0.0015362286243900923,-0.09881891869008778,0.32120841722745,0.016917368966152688,0
0.0013899050919912368,-0.09882011127267398,0.3150558700746301,0.008515712942723134,0
0.0012731229727587726,-0.09882099908053418,0.31000128725068476,0.0004599063390053784,0
0.0009606100620447624,-0.0988233676244395,0.2944927847024677,-0.00852550793301652,0
0.0011514221511498544,-0.09882196415927905,0.30430128814589985,-0.0077501850606705655,0
0.001087772540787937,-0.09882255161500698,0.3001927838072526,-0.00031541653334057635,0
0.011615872489594973,-0.09851731381992333,0.3530228816138251,0.1972732469543295,0
0.012284257934929113,-0.09843620585422763,0.36279072495442977,0.19848324786736643,0
0.010760304299953094,-0.0985398053077494,0.358899598303547,0.18908125396263614,0
0.009226371411865116,-0.0986389858356623,0.34520136132498236,0.17920475466438626,0
0.006976108437221047,-0.09873644754436199,0.3364271007835283,0.16039532114398475,0
0.008035229228039705,-0.09869477780903432,0.34081423105425535,0.16980003790418552,0
0.0074066502648940154,-0.09870458978460336,0.3465285437072911,0.16137754456930564,0
0.008448770667233773,-0.09865943373031935,0.35091567397801815,0.1707822613295064,0
0.009571857074868453,-0.09860456404239543,0.35498883815912563,0.18004700781766453,0
0.01043825453093318,-0.09857708207811407,0.34911212146940374,0.18823900080935788,0
0.006505088421704666,-0.09873874593853658,0.3419992945895439,0.15244998431417667,0
0.005315115096700574,-0.09878823196480269,0.32750524039331425,0.1434034688859719,0
0.005725473243806388,-0.09876424071355927,0.33753836439443685,0.14395405818517026,0
0.005013068862236467,-0.0987841463835739,0.33291944764560666,0.13539921736042249,0
0.004012799081848671,-0.09881638168587879,0.3182562818965515,0.12726043862313607,0
0.004398381742567148,-0.09879877164230089,0.3282949683972253,0.12732770222900458,0
0.0038167734584003262,-0.09881014807837474,0.32341277817607345,0.11884324356403098,0
0.0029181516706637124,-0.09883028523440146,0.30857275243394916,0.11005243184995712,0
0.003431452800320726,-0.09882486997234036,0.3134145171652503,0.11865643523654659,0
0.0032944046937641294,-0.09881818237326423,0.3185710134447723,0.1102392401774415,0
0.002826471854811295,-0.09882361015951382,0.3137320376743231,0.10148479785865605,0
0.002064077113894248,-0.09883481237990657,0.29889475123597425,0.09254519548015651,0
0.0020518606140118648,-0.0988290106871655,0.30405405880100844,0.08397668364160174,0
0.0024141193085082725,-0.09882704307771314,0.30889303707533566,0.09273117967375574,0
0.0024624967687416613,-0.09883337620549379,0.3037337518349617,0.10129881366505682,0
0.006101421531270528,-0.09876604404879359,0.33196617058842126,0.15189939501497834,0
0.004628807369529797,-0.09880459303618438,0.32288076114493286,0.13533195375455398,0
0.0014140988261548957,-0.09883465533309711,0.289210627740775,0.07504233753983496,0
0.0009229819433312857,-0.09883263401407992,0.2795273000593172,0.05764934727786689,0
0.0011516284868672403,-0.09883376436648998,0.28436896390004607,0.06634584240885093,0
0.0012136732059907088,-0.0988299235997954,0.2895130129449025,0.05778771133314893,0
0.0014561962128832743,-0.09883015883504111,0.29435467678563143,0.06648420646413296,0
0.0017343577193492646,-0.0988299372869789,0.2992119970534088,0.07522525467144098,0
0.0017165750624012807,-0.09883510884074283,0.2940526894883746,0.08379376650999573,0
0.0010030976511578515,-0.09882946518826051,0.28468008397233735,0.0493299814916618,0
0.0005481998860074349,-0.09883022638061896,0.2698533014325448,0.040219875435470245,0
0.0006923052040168978,-0.09882674719639481,0.2780889514320563,0.02348507023852629,0
0.0008291602642480514,-0.09882461131007575,0.28648029930739416,0.00759087911865139,0
0.0009814452234259234,-0.09882418079981635,0.2922646880842841,0.01596151120855233,0
0.0009253473766782557,-0.09882537131624478,0.2880690141466151,0.023908606768489778,0
0.0007614313193071684,-0.09882555359713235,0.2822846253697252,0.01553797467858884,0
0.0008154321316071842,-0.09882882700958057,0.27984308465895114,0.04061524557046348,0
0.0006231471695060536,-0.09882829110536485,0.2739711264323006,0.03185247283699827,0
0.0008720197070392939,-0.09882689606977307,0.2839609096587069,0.03224784297199151,0
0.000723342974828716,-0.09883141551947339,0.27469030074593104,0.04893461135666857,0
0.001031794492179439,-0.09882326948467747,0.2961865411097159,0.007742776992493379,0
0.0008934098517613062,-0.0988239017819233,0.29048654200493096,-0.00046731440718256493,0
0.0005501288148171914,-0.09882547736421879,0.27484221204773907,-0.009564901470423173,0
0.0007593235942187622,-0.09882455382014152,0.2846674983751034,-0.009045204701719847,0
0.0006857323657285331,-0.09882502351437111,0.2806612556775666,-0.0009870111758858917,0
0.010477237168277243,-0.09864490416289855,0.3334679733597575,0.1950146597444102,0
0.0079709151770882,-0.09874671139068353,0.3250819797242282,0.1768271983070054,0
0.005844099351454913,-0.09881164939797882,0.31645794345757666,0.15902601746109746,0
0.006838883955568944,-0.09878533166432063,0.32076996159090243,0.16792660788405145,0
0.007472113692795737,-0.09873830735974043,0.33075454025387824,0.16861125972549507,0
0.006463801563856259,-0.09877239742237005,0.32644252212055247,0.1597106693025411,0
0.005589752599177569,-0.0987969915445582,0.32198159192544545,0.15121474317353467,0
0.004224131152958793,-0.09884289835506213,0.3068358995154139,0.14265361940575308,0
0.0029808944347121534,-0.0988528531271231,0.2976838232517766,0.12620719381929607,0
0.003562275778583913,-0.09884961794003454,0.3022598613835953,0.1344304066125246,0
0.0041341313455262214,-0.09882727507836588,0.3125460907059827,0.13495702901444456,0
0.004812672643470583,-0.09881518266970311,0.3171705699543641,0.1430285441458625,0
0.0049861277240350445,-0.09883061317685891,0.3116469214864953,0.15083981843342525,0
0.01146563230357331,-0.0985349120457668,0.3432454274867913,0.19614395334936985,0
0.009920501326793523,-0.0986301043255959,0.33933466734236994,0.18710970720439823,0
0.009219817732611192,-0.09869743310974313,0.32927497654199284,0.1859209290257078,0
0.008654678421929676,-0.09869055739596078,0.3351416705246053,0.17801597648569584,0
0.002963664900155281,-0.09883987405399135,0.3031282878428629,0.11812981283462659,0
0.003526358249984302,-0.09883504860387109,0.30797005257416404,0.12673381622121607,0
0.002028354422699013,-0.09885259978120699,0.28857617279659054,0.10968172990900318,0
0.0024937633684148446,-0.09884199426512097,0.2985744626152699,0.10986708087948016,0
0.0024719248336046006,-0.09885354844354377,0.2931299980241836,0.11794446186414963,0
0.002058441938053216,-0.09884251192150076,0.2937354620162824,0.10111346269457985,0
0.0012710577140291304,-0.09884766598890474,0.2788981416780016,0.09217494558114503,0
0.0016210438441658158,-0.09885046211611676,0.2837371572372961,0.1009283377450741,0
0.0016809333439981046,-0.09884182677887103,0.2888964464569879,0.09236007053065076,0
0.0013542498215051157,-0.09884040406267189,0.28405438470938826,0.08360864156049,0
0.000713859864564507,-0.09884147806131748,0.26922009172606415,0.07466821322102467,0
0.0008287289873799873,-0.09883660774598066,0.27437369589269067,0.06615878024944578,0
0.0010720988794146668,-0.09883857604183181,0.2792153597334196,0.07485527538042981,0
0.0009709499737015766,-0.09884458533394229,0.27405911670203287,0.08342157940108486,0
0.0003042150936391774,-0.09883581778950414,0.2595408640441067,0.057223893781054726,0
0.0004936162867779509,-0.0988385263315229,0.26438047788508545,0.0659460535010397,0
0.0006178863774387551,-0.09883462996809562,0.2695340820517119,0.05743662052946081,0
0.0004347742541519205,-0.09883276681829599,0.26469708273832576,0.04872188460826249,0
-2.590894606555099e-06,-0.09883138417100505,0.24985700286949217,0.040028693920270614,0
0.00014050686721305108,-0.09883344503764072,0.25469893345679945,0.048626293850662666,0
0.00027467050462839416,-0.09883111121835916,0.2598551521510185,0.04012428467787043,0
0.0002079618991233928,-0.09882834810196404,0.2582642280817053,0.023302060072895227,0
0.0003581327069528149,-0.09882647750220949,0.26544677027364605,0.005876359625310828,0
0.00028504456271795,-0.098827265798267,0.2618554991776757,0.014589209849103028,0
0.0005185421678504164,-0.09882660458507897,0.2717678608528512,0.014680714931918559,0
0.0004531143047356093,-0.09882776082419988,0.2681765897568808,0.02339356515571076,0
0.0003691950734115538,-0.09882925350000957,0.2640587647571251,0.03176096775418274,0
0.00010803421855564352,-0.09882971181005235,0.2540606154755987,0.03166537699658292,0
0.0005971705828899044,-0.09882573182794474,0.2759635347905201,0.006733619371981109,0
0.00045492747476974293,-0.09882589861252243,0.27014449116069256,-0.0018442709225561728,0
0.00011681036779387543,-0.0988264311729616,0.2551697050240787,-0.010027123856715935,0
0.00023476332531248884,-0.09882640218291773,0.26030823764886235,-0.0020753821157025536,0
0.0003351502739851739,-0.09882611087233908,0.2650059585359089,-0.009796012663569553,0
0.008705838987685219,-0.09881699238242522,0.313881240220007,0.1930527249326497,0
0.00631183560517892,-0.09886726560552539,0.30540786563367606,0.17528098838254172,0
0.004280702769815157,-0.09889208610792198,0.2957756829171489,0.15776637046968905,0
0.005108110042993741,-0.09885287701830328,0.3061168131873628,0.15839619396539326,0
0.006095189473175402,-0.09883414977330532,0.3109329045456264,0.16715350292181957,0
0.005222167175252222,-0.09888450670349597,0.3005917742754125,0.1665236794261154,0
0.009960752341197305,-0.09869839425636603,0.32367460678988225,0.19403369233852996,0
0.008413025551795173,-0.09876885663182253,0.3194816099721176,0.18493996161982756,0
0.00748366437837536,-0.09884456045732457,0.30964455292684157,0.1841668566575957,0
0.007187933420077485,-0.09880767490757658,0.3152449226789521,0.17605409334477357,0
0.004277256417739831,-0.0988638752817913,0.3013057912162814,0.15020999493772108,0
0.002813913249895232,-0.09889392274842024,0.2858699252888513,0.14199695497925438,0
0.0035518839842980186,-0.09886991804116553,0.2963529124021326,0.14232528719250373,0
0.002925412106428814,-0.09887074633171473,0.29177687427031396,0.13410207439927524,0
0.001792524349210012,-0.09888238592208451,0.27737627980992435,0.12615096622471555,0
0.0010066304039922063,-0.0988679444712478,0.268579577352076,0.10931173591486214,0
0.0013677987624871365,-0.09887512382798681,0.2729779285810002,0.11773135106978885,0
0.001934142617305804,-0.09886577541655668,0.28297622630325747,0.11791634806685937,0
0.0015297686266598526,-0.09886142767338538,0.2785778750743333,0.10949673291193265,0
0.0011577153094357365,-0.09885674064947535,0.2737388595150388,0.10074334074800359,0
0.0003991762583456113,-0.09885451224368907,0.25890152108580977,0.09180503545352739,0
-2.778145538788662e-05,-0.09884363961925202,0.2492234423964519,0.07429836730174245,0
0.00016684918479978545,-0.09884872023659577,0.25406248174113083,0.08305170137763493,0
0.0003451806648662655,-0.09884319792680428,0.259221767061258,0.07448329026138356,0
0.0005728974819941577,-0.09884741229523432,0.264060806405937,0.08323662433727602,0
0.0008413701659364092,-0.09885198004573185,0.26889983138190565,0.09198999051733621,0
0.0006764244696281529,-0.09886096367758875,0.26374054921894285,0.10055838568419476,0
0.0034977412504954074,-0.09889515029224655,0.2908228041030001,0.14988166272447173,0
0.002408770431268368,-0.09886894861157897,0.2875300515308505,0.1261790800220058,0
0.002266006900327945,-0.09888867613365868,0.2816231025493878,0.13407396060198495,0
0.0001517896075426897,-0.09883943684775336,0.2543821532202793,0.0657611305413986,0
-0.0003292175972898046,-0.09883557131335648,0.23954533624305935,0.05679175784084993,0
-0.00019119875217085136,-0.09883926836521155,0.24438438931975562,0.06554506257129619,0
-1.3211455126417286e-05,-0.09883613535828131,0.24954310014358302,0.05700782581095233,0
-0.00015529005346862058,-0.09883335289097175,0.24470116955627574,0.04841022588056027,0
-0.0005493212084649553,-0.09882996761770049,0.22986720087839424,0.039285178766015415,0
-0.0002787703244120947,-0.0988309735188068,0.2398621018739432,0.03965693634314302,0
-0.00044703300647426833,-0.09883249287648208,0.2347062685607268,0.04803846830343267,0
-0.0002624589315932858,-0.09882830248989118,0.23946253475772086,0.023888164900287234,0
-6.858541160259266e-05,-0.09882692428348049,0.2469873990370163,0.006518163781336021,0
-0.00016139849558668003,-0.09882749816629921,0.24322496689736858,0.015203164340811627,0
6.453331045072619e-05,-0.09882756271911357,0.2526258135593608,0.014910111927115624,0
-2.706303293474e-05,-0.09882853317209477,0.2488633814197131,0.02359511248659123,0
-0.00013905305019655035,-0.09882971977635673,0.24465976881360652,0.031958429410278925,0
-0.0003989571169508396,-0.09882909454731689,0.23466486781805757,0.03158667183315132,0
0.0001457723181028767,-0.0988268598029084,0.25621708465533116,0.006197261703323425,0
2.5951336802500822e-05,-0.09882658610616173,0.2510785520305475,-0.0017544800376899572,0
-0.0003211488330971229,-0.09882610460866227,0.2354923237633042,-0.009882498472450407,0
-0.00010271490697294455,-0.09882643014804765,0.24533101439369145,-0.009954811164583171,0
-0.0001970785089106498,-0.0988264447377807,0.24123986140016024,-0.0016821673455571931,0
0.006399207059503356,-0.09899312988787344,0.2942574624549822,0.1915070910332105,0
0.004166029976909453,-0.09897877683172913,0.28498409962724824,0.17371092495495422,0
0.004258811026394852,-0.0989296578387198,0.29037989127219854,0.16573864771232164,0
0.00527445425512618,-0.09892751656397243,0.29519598263046215,0.17449595666874795,0
0.005234437072837673,-0.09898768680207884,0.2896207810411152,0.18260900799408236,0
0.006439474202567992,-0.0989173960352944,0.2998326640443291,0.1833940397078761,0
0.007848175281026621,-0.09888880503245064,0.3040693513374946,0.1922799079829301,0
0.0024139846110039494,-0.09895107656049786,0.27519693690164587,0.15588414481217983,0
0.003213419055101253,-0.09896667865941063,0.2800905182644471,0.16479753488356702,0
0.003371350415692296,-0.09892543668812948,0.2854863099093974,0.15682525764093444,0
0.0026473307134407763,-0.0989197254202769,0.2805334310952486,0.1489405498957171,0
0.001248525345124041,-0.09892688384558777,0.2654237144965325,0.14181486950756494,0
0.0015580645866054871,-0.09890262786259527,0.27139999715322843,0.13398291786614025,0
0.0020503375717050827,-0.09891321811018704,0.2756468198926919,0.14190591224340965,0
0.0017890343702019929,-0.09893954225403509,0.2703103256990892,0.14884950715987239,0
0.0004705969489081069,-0.09889686748113759,0.25707383902680386,0.12561098174672694,0
-7.624209294845329e-05,-0.09887256786730217,0.24858297682425096,0.10894184738907821,0
0.00017082414040942023,-0.0988838638934283,0.2528284079255274,0.11727641456790258,0
0.00076977956772287,-0.09888126667639002,0.26282670818943993,0.11746135883079453,0
0.00046816064144437506,-0.09887172619898117,0.2585812770881635,0.10912679165197017,0
0.00018549537594560298,-0.09886287851168724,0.2537422489550304,0.1003734414213028,0
-0.000492504871705828,-0.09885377667627937,0.23890489694677078,0.09143513204763867,0
-0.0007620836532127098,-0.09884069888172792,0.22922679150561098,0.07392844552569486,0
-0.0006420168513451551,-0.09884660376537856,0.23406584422619087,0.08268178878666677,0
-0.0003988918084037994,-0.09884278612592622,0.23922511695103144,0.07411340641371866,0
-0.0005298810582743186,-0.09883806530707775,0.23438606387433517,0.06536010168327239,0
-0.0009377951180598189,-0.09883202052819563,0.219548657859186,0.056421790327544075,0
-0.0008588654497721483,-0.09883589216581165,0.22438772468239848,0.06517511792661947,0
-0.0006390290997765085,-0.0988341749928881,0.2295469970511227,0.056606774084197,0
-0.0007313823671828345,-0.09883100776676246,0.22470792936879014,0.04785348454677975,0
-0.0010632187225869264,-0.09882652918195357,0.20986457528061267,0.039235450277707674,0
-0.0008124166603992181,-0.09882848517747779,0.21986588807950347,0.039260314521861545,0
-0.001005001998515935,-0.0988289611231437,0.21470661656989934,0.04782862030262587,0
0.0011400979679910088,-0.09889179335194759,0.2672250594183641,0.12588097398572123,0
0.0008250306439311609,-0.09891112077786265,0.2612487767616682,0.13371292562714593,0
-0.0002403890655358102,-0.09884844081960159,0.24406416967161132,0.08286674967469057,0
-4.7988563048139615e-05,-0.09885511851759092,0.24890320901629026,0.09162008375058303,0
-0.0003065579688048106,-0.09886238259914584,0.24374393688551088,0.10018848971835845,0
-0.0007329572516863933,-0.09882651192453445,0.22014813282558776,0.02399140671195816,0
-0.0005125398887676864,-0.09882603525819039,0.2277240655885127,0.0073117877861726445,0
-0.0005009162860410963,-0.09882760651616464,0.2298053337916543,0.023939785806122695,0
-0.0003916230306879104,-0.0988270586087906,0.23359330017311677,0.015599976343229939,0
-0.0006173933345118561,-0.09882621691945255,0.2239360992070502,0.015651597249065403,0
-0.0008905400909000553,-0.0988265719338594,0.2150063540531002,0.03161342849483292,0
-0.0006451382980887523,-0.09882807966978227,0.225007666851991,0.03163829273898679,0
-0.0002919964850372384,-0.09882665188991449,0.2373557323127645,0.0069149757837543326,0
-0.00041362595419723076,-0.09882598883141114,0.23160819467590843,-0.0012853553431388812,0
-0.000745844125256596,-0.09882453610582882,0.2158283459608541,-0.009140336132766042,0
-0.0005362966241580308,-0.09882546724988515,0.22566033486207915,-0.009511417302608224,0
-0.0006302788650038859,-0.0988252039865166,0.22177620577468338,-0.0009142741732966987,0
0.0036919897982566298,-0.09913101849228292,0.2746002114883518,0.1904740302508034,0
0.0018471108551107753,-0.09904983030640568,0.2650868979192583,0.1731462398560772,0
0.002179792108069,-0.09899496867532158,0.2701419174104521,0.1645151923341285,0
0.0030282349357737153,-0.09902089010998195,0.2750354987732533,0.1734285824055157,0
0.0027056565677037138,-0.09908925410509319,0.26984355470380506,0.1818101350534403,0
0.004011020908247725,-0.09904423586450405,0.2797921555578,0.1820924776028788,0
0.005246110430491189,-0.09906093044858214,0.284428836971667,0.19099056064200695,0
0.000506538815451477,-0.09898018957194511,0.2551840818369374,0.15579772030000333,0
0.0011080451516215948,-0.09901345158598172,0.26013548987809787,0.16447198007804026,0
0.001474547604493146,-0.09897027889051137,0.26519050936929167,0.15584093255609158,0
0.0009164474127167369,-0.09895182678017782,0.26030389816673494,0.14880629490378414,0
-0.00037924251964305565,-0.09893405427906116,0.24533226825278642,0.1417310813699588,0
-0.0008375250386553806,-0.09889417538801692,0.23732169354662846,0.1255126050529221,0
-0.001144401485365407,-0.09886547662089139,0.2285863746869301,0.1085719069210863,0
-0.0010120267060167783,-0.09887838074463645,0.23295403411677928,0.11704225598700421,0
-0.00042190532987845163,-0.09888301470513577,0.2429523351854397,0.11722722622100015,0
-0.0006168704749795067,-0.09887042677557302,0.23858467575559053,0.10875687715508225,0
-0.000791237047803497,-0.09885952726499045,0.23374563581685043,0.10000351948436248,0
-0.0013437534806555837,-0.09884576161851891,0.218908271950362,0.09106515611220774,0
-0.00103137771773697,-0.098843333796061,0.2240675317279865,0.0824968008189513,0
-0.0009268539370429805,-0.09885058629315545,0.22890658444856637,0.09125014407992321,0
-0.0012602335285600893,-0.0988545146350953,0.22374732331864605,0.09981853151664702,0
0.00043834601789766793,-0.09893388771773536,0.25537799137465944,0.14177297543876188,0
8.915491505929871e-05,-0.09891451741095453,0.2512030536397951,0.13367103155834287,0
-0.0006351630091468931,-0.09891233538683142,0.24132698089970744,0.13362184321144044,0
-0.00018548150510359476,-0.09889772751888676,0.24719776628671616,0.12556179339982454,0
2.350879591527499e-05,-0.09895609617816047,0.2502581750448619,0.14876440083498105,0
-0.0014415483539503364,-0.09883342282256527,0.20923000527719868,0.07356584728231298,0
-0.0014846355209027992,-0.09882598002747733,0.1995510213715798,0.056103840168848916,0
-0.0014675867917922183,-0.09882921906931995,0.20439051332438923,0.06483484372558095,0
-0.0011729804179233248,-0.09883288294960076,0.21438933156819234,0.06499381880492852,0
-0.0012211756100755549,-0.09882923883467193,0.2095498396153829,0.0562628152481965,0
-0.0012616854480183989,-0.09882640550624987,0.20470779832609623,0.047669645223278295,0
-0.0015169578493958566,-0.0988216428911314,0.18985968643504453,0.039543958944913846,0
-0.0012996473524682698,-0.09882421986360745,0.1998621308578286,0.039389704611310764,0
-0.00150206289219792,-0.0988235349752554,0.19470535390331217,0.04782389955688138,0
-0.0011115090021401707,-0.09883751281097936,0.21922839839140484,0.07374714640400393,0
-0.0014021488076889806,-0.0988388424295997,0.21406913861378035,0.08231550169726036,0
-0.0011861229105513656,-0.09882317049908772,0.19992578183263543,0.024367978184853995,0
-0.0009490061758478433,-0.09882376222473185,0.20774385550430338,0.007993729491785595,0
-0.0011388790704356612,-0.09882192668579888,0.19619271209253453,-0.00784806025603979,0
-0.0008431498767941726,-0.09882410489785788,0.21178610073257875,-0.0005733033204902236,0
-0.0010433886220293422,-0.09882277163833705,0.20196828379841897,7.283461787290207e-05,0
-0.0009474942728615026,-0.0988233431037378,0.2060105290266943,-0.008494198194402915,0
-0.0011268092283751555,-0.09882468361269639,0.20489517855662404,0.031801714231280837,0
-0.0009662880065854437,-0.09882499987646437,0.2100369573291116,0.02417969244840608,0
-0.0010613874704840604,-0.09882346946165495,0.20383481866846942,0.016180853838319794,0
-0.0008438831171591317,-0.09882501313474533,0.21394599416494559,0.015992568101871878,0
-0.0007352721606463536,-0.09882505193160881,0.21773396054640803,0.00765275863897912,0
-0.001344209575689935,-0.0988225159187741,0.19489273413383998,0.03195596856488392,0
0.0007504004342555297,-0.09919690779039463,0.2549212071454445,0.1900191158946087,0
-0.00062191792018272,-0.09906530467439117,0.244947352535064,0.17304445922222447,0
-0.0014439331374410977,-0.09897102743590258,0.23513573484472916,0.1559275998768546,0
-0.00108812505444834,-0.09901374325725554,0.24004154368989658,0.16448602954953953,0
7.3607884728349284e-06,-0.09901970618418987,0.2500657171860007,0.16442108976111391,0
0.0006172922501907468,-0.09906566543948622,0.25501712522716113,0.17309534953915084,0
-1.205097823418194e-05,-0.09912612578996918,0.24993427984025424,0.1815317875584166,0
0.0013790634230318364,-0.09911632012418084,0.26000405253235137,0.18158267787534293,0
0.002310327473611886,-0.09917283903848076,0.2647607093168981,0.19024657307270604,0
-0.00047265651216799314,-0.09898065711803963,0.2451599083408333,0.15586266008842897,0
-0.0008681569819688188,-0.09895234040211864,0.2402340015487578,0.1488293406234067,0
-0.002001385385146209,-0.09891359446330053,0.2248996326856533,0.14167346444462237,0
-0.0021487909660822145,-0.09887335700653754,0.2164102376897713,0.1252620829963736,0
-0.002094622115896881,-0.09889116010537471,0.2206549351877123,0.13346777372049798,0
-0.0013716025499504003,-0.09890455379846608,0.23111066311614087,0.13359303474877224,0
-0.001202513010173916,-0.09892709471993308,0.23511595046921985,0.1417022729072906,0
-0.0017587474196303968,-0.09893989777773032,0.23001768376519122,0.14880053216073846,0
-0.001509066680929796,-0.09888576458790516,0.22686596561819988,0.12538734402464785,0
-0.0016081861725655907,-0.0988701528302444,0.2224983061883507,0.11691699495872995,0
-0.002123889201870977,-0.09884866402239018,0.20858977157487676,0.10820188242028568,0
-0.001649515754404777,-0.09885805662771327,0.21858807313090345,0.10838689467068599,0
-0.0021459620182439957,-0.09885944824658441,0.21250000463232405,0.11673198270832963,0
-0.0017056394818071646,-0.09884767939005547,0.2137490217626194,0.09963351926624671,0
-0.0020982571913718607,-0.09883252726633206,0.19891164846029552,0.09069509486398368,0
-0.0021201067452969674,-0.09883946612763213,0.20375071001758616,0.09944848864213468,0
-0.001736338200895363,-0.09883961331131665,0.20890996020532876,0.09088012548809571,0
-0.0017482483702958437,-0.09883340562332012,0.2040708268687471,0.08213047107314833,0
-0.002022615742341458,-0.09882354105631212,0.18923363897605375,0.07318071225127934,0
-0.001937517617412515,-0.09881876267277875,0.17955693536455625,0.055876671891922934,0
-0.001979971162675498,-0.09882076851870472,0.184395287170305,0.06452869207160114,0
-0.0017247920527483696,-0.09882242764260168,0.18955397836806803,0.055990256030385925,0
-0.0017373672630521205,-0.09882509994644123,0.19439233017381677,0.06464227621006413,0
-0.0017467863016227057,-0.09882867178728044,0.1992318221266262,0.07337327976679617,0
-0.0020640772504853496,-0.09882735274436572,0.19407264371817462,0.0819379035576315,0
-0.001716245857166282,-0.09882043663589607,0.1847083108998004,0.047710315418418386,0
-0.0018742463277425148,-0.09881624288289576,0.1698871657995611,0.0393258455225253,0
-0.0019036231500579735,-0.09881730788811319,0.17472205058205867,0.04760125870722412,0
-0.0017085797747974064,-0.09881893355124081,0.1798734261173028,0.03943490223371957,0
-0.001576882648578283,-0.09881886347380232,0.1794557549336567,0.024836159426507787,0
-0.001331330722504679,-0.09882057056960208,0.18822999407846236,0.009069703089993376,0
-0.0014810204547787604,-0.09881862972463581,0.17659339896192924,-0.006086941273415388,0
-0.0012302114566445574,-0.09882124033976257,0.19221135308549844,0.0006108214169767926,0
-0.0014042788982563598,-0.09881955163257747,0.1824116965201958,0.001491380908288994,0
-0.001317531211706556,-0.09882033719883085,0.1863930555272319,-0.006967500764727589,0
-0.0013917150226591818,-0.09882108545056442,0.18969076838314608,0.02460206880568089,0
-0.0014481768436446839,-0.09881977575975107,0.18384287450605952,0.01695293125825058,0
-0.0012594267864769599,-0.09882175574080264,0.1940778879555489,0.016718840637423685,0
-0.0011470726832016388,-0.09882226011493389,0.19798692479138286,0.008531716290889484,0
-0.0015472626732563092,-0.09882010506659764,0.1846577206843506,0.032190059185710815,0
-0.0017194639592152082,-0.09881768021308625,0.1746714603666089,0.03208100247451654,0
-0.002239142889785213,-0.09917447179141874,0.2352375608496372,0.1901715774166525,0
-0.003049005906137563,-0.0990203838227358,0.2248404887495731,0.1734668591085546,0
-0.003391896244283485,-0.09892612620673205,0.21445140898489648,0.15719761995555342,0
-0.0032620098604940074,-0.09896765262647483,0.2196459488672348,0.165332239532054,0
-0.00217099406373229,-0.09899603411403066,0.22998811179715112,0.1646972294927046,0
-0.0024358690284647724,-0.09895320076551038,0.2247935719148128,0.15656260991620402,0
-0.00264606641169993,-0.09892135412972826,0.2196755208352749,0.1494355422000879,0
-0.0034896774104871066,-0.09887117200001434,0.2043327835452902,0.14197120385005052,0
-0.0027713394218987376,-0.09889459629986919,0.21461620811547175,0.14182233414733644,0
-0.0027719981863129056,-0.09887416845535817,0.21037151061753073,0.13361664342321206,0
-0.0032340564798500225,-0.0988419421201509,0.19639784055145243,0.12485169866972476,0
-0.0033677084194025306,-0.09885437087712665,0.20036531204837132,0.13341145125988763,0
-0.002716928494739743,-0.09885853007263971,0.20640403912061187,0.12505689083304916,0
-0.002643380770681169,-0.09884676490894861,0.20249380606316458,0.11652679054500523,0
-0.0029402122775604874,-0.09882646661396378,0.18859823749109747,0.10755753391031429,0
-0.0024930448558701307,-0.09883036348387564,0.1937549429756965,0.09912631438714899,0
-0.0025553894831946405,-0.09883787249016981,0.19859400453298712,0.10787970816529999,0
-0.003087634469135461,-0.09883294531110844,0.19249803902127494,0.11620461629001952,0
-0.000774303225920263,-0.09919672409158507,0.24507938399754084,0.1900953466556306,0
-0.0013601227690335587,-0.09911688291162811,0.2400924566923506,0.18160801831943849,0
-0.002727086413839664,-0.09908850475530756,0.23003902479960514,0.18181921826260355,0
-0.0018485179837801273,-0.09905048233150225,0.23489392064231857,0.17325565916538954,0
-0.0034669542985792975,-0.09889519913730799,0.20939209626509334,0.14958441190280197,0
-0.0027067154733782127,-0.09881728108428817,0.1789158730471686,0.09027924944318765,0
-0.0024699238438512273,-0.09881329132072811,0.16923727007224504,0.07279610003072393,0
-0.002264863382823206,-0.09881831985750865,0.1792354545241494,0.07298840614100163,0
-0.0025860426347422733,-0.09881483143323254,0.17407657155970682,0.08153767473695578,0
-0.0023445044721019945,-0.0988210416246838,0.18407475601161116,0.08172998084723349,0
-0.0024232051588419547,-0.09882493092304662,0.18891376075373206,0.09048717215358566,0
-0.002825223148107464,-0.09882100958831154,0.18375705526913305,0.09891839167675097,0
-0.0021891594032944313,-0.09881644683067144,0.17439710271840064,0.06433638596132343,0
-0.002262273018274693,-0.0988118864745118,0.15955872534847976,0.05530846338453308,0
-0.002116907951431732,-0.09881142748235454,0.1499839842565871,0.03906284388752268,0
-0.0021842924134022465,-0.09881158265927562,0.15477135480253343,0.04718565363602788,0
-0.0020108072063580737,-0.09881370617753303,0.1599355750280741,0.03919434470502399,0
-0.002059108916366585,-0.09881431023450825,0.16472294557402042,0.04731715445352919,0
-0.0021167575811970986,-0.09881518659283929,0.169557830356518,0.05559256763822801,0
-0.0023611750556501547,-0.09881238098489173,0.1643979977103624,0.0640522817076285,0
-0.0018692674683831088,-0.09881455914562223,0.15970139739207054,0.02574045304257469,0
-0.0016551292280332526,-0.09881685163459838,0.1685854552541911,0.011240121343810484,0
-0.0017522998046281824,-0.0988151201462371,0.15702966168586377,-0.00396547756947286,0
-0.0015622823208062456,-0.09881776656256819,0.1725894271080602,0.002576590035197548,0
-0.0016999942491652234,-0.09881596797723098,0.16280755847002742,0.003637321887168812,0
-0.0016267565237321788,-0.09881686896647379,0.1668115303238965,-0.005026209421444124,0
-0.0017351764273918575,-0.09881668325818087,0.16957857616286362,0.025288306234541237,0
-0.0017576147885428673,-0.09881577986824272,0.16414342632313084,0.018490287193192588,0
-0.0016152625091456548,-0.0988177839298218,0.17402060509392392,0.018038140385159135,0
-0.0015027008283786628,-0.09881874233933059,0.17840772466632673,0.010154912216901929,0
-0.001870536893089018,-0.09881531035746212,0.16479428159581583,0.032533149282549995,0
-0.0019892412725850696,-0.09881310031927865,0.15484269082432883,0.032401648465048685,0
-0.0050859179349393374,-0.09906928411342658,0.2155675444190997,0.1909215933815534,0
-0.005297903029977845,-0.09892709408514841,0.20477684156311654,0.17466471071373013,0
-0.00514146256584062,-0.09885199723751445,0.19363046894385944,0.15864864429434766,0
-0.005247933134138102,-0.09888368685724096,0.199203655253488,0.1666566775040389,0
-0.0043038543190682624,-0.0988915906731743,0.20404093896437797,0.15792313212495054,0
-0.0042697385074721645,-0.09893006081999318,0.20961412527400652,0.16593116533464178,0
-0.004200803223462819,-0.09897948272187654,0.21480866515634484,0.17406578491114238,0
-0.004012052300711123,-0.09904522437863757,0.22020401658433642,0.182194226245054,0
-0.005275683440430739,-0.09898646096054167,0.21017219299110812,0.18279315204764177,0
-0.003808912680956485,-0.09912659481782166,0.22540255263436845,0.19054658539910296,0
-0.004261692768147944,-0.09886482867375042,0.19898162624457483,0.1503099240721991,0
-0.004697734102576416,-0.09881891205014395,0.18420712078331525,0.1422984633867095,0
-0.0041141238894283625,-0.0988075334157597,0.17635378228689338,0.1250366484120192,0
-0.004399903722563508,-0.09881186620875074,0.1802804515351043,0.13366755589936435,0
-0.003920742264971515,-0.09883322370226436,0.19030248066738384,0.13357508102821714,0
-0.004130150870074655,-0.09884553500324035,0.1942699521643027,0.14213483361838003,0
-0.0049275295590896365,-0.09883236835041892,0.18891879486358734,0.15047355384052857,0
-0.003705838296755299,-0.09882466832978236,0.18637581141917292,0.12494417354087198,0
-0.0034935833982402196,-0.09881887645641287,0.18247600988899543,0.11629709116116674,0
-0.0035569915458453214,-0.09880448976001965,0.16860262095243567,0.10713403092030471,0
-0.0031346686838548267,-0.09880348843771623,0.15891956393535384,0.08989254376257297,0
-0.003340524453651706,-0.09880355149214601,0.16376109244389475,0.09851328734143884,0
-0.003108764345962166,-0.09881190609810073,0.17375924699980214,0.09870664018174619,0
-0.003276815227347854,-0.09881513603277314,0.17860042922176655,0.10734578241530951,0
-0.003826198798152787,-0.09880536370367721,0.17247820161966454,0.11608533966616195,0
-0.002784837258897102,-0.09880905522946225,0.16407841700379944,0.08134432189664845,0
-0.0029450797773704455,-0.09881000512268448,0.16891771849126122,0.0900858966028803,0
-0.0027579961862866276,-0.09880480261938708,0.14924049558575897,0.07243402619180264,0
-0.0024482587120386,-0.09880663442541843,0.1395621069985322,0.05493760533126946,0
-0.002594008296933144,-0.09880572177710277,0.14440130129214557,0.06368581576153605,0
-0.0023739049411684466,-0.09880899200843322,0.14956041617350596,0.055123034357901265,0
-0.0024974632476610207,-0.0988087488474235,0.15439961046711936,0.06387124478816786,0
-0.0026351462720856193,-0.09880871206116021,0.159238882829002,0.07261506311126328,0
-0.0029385478662999863,-0.09880400260638868,0.1540800297605564,0.0811632849771878,0
-0.0022754702147873324,-0.09880923054889756,0.14477304562755966,0.04700022460939607,0
-0.0021976322090529548,-0.0988082508694695,0.12895066416828022,0.03583263943680638,0
-0.0023111004245512895,-0.09880752648603762,0.1342563855834062,0.04538512238403792,0
-0.002175323511581959,-0.0988095891620447,0.13946732421243366,0.03744774166216453,0
-0.0020436852637192157,-0.09881106432119525,0.14102415216032022,0.02607247721428192,0
-0.0021233656445433925,-0.09880966209971184,0.13498740816430022,0.030952558325544152,0
-0.002076869105707469,-0.098811228536381,0.14550406820845366,0.0325676605509023,0
-0.0019692370964585087,-0.0988127068874922,0.15036277477619536,0.025906465128428306,0
-0.0018921940017052853,-0.09881323084885588,0.14927190752499467,0.013905227959405126,0
-0.0019328570234639713,-0.0988119351139079,0.1374924184505887,-0.0016117314227772999,0
-0.001815245258645482,-0.09881423362935955,0.15315078460542922,0.004969875194966133,0
-0.001906984584826639,-0.09881260340228314,0.1433821629877917,0.006146748268313913,0
-0.0018551050823734194,-0.0988134538924481,0.14726104006822624,-0.00278860449612508,0
-0.0018796101766845514,-0.09881385719923597,0.1544866524585326,0.019822840500989907,0
-0.001785267944378602,-0.09881499902295166,0.15892868138959287,0.012572674651607805,0
-0.0019654868855717225,-0.09881219828977128,0.14514802984265746,0.019988852586843523,0
-0.007611844257750788,-0.09890727699711245,0.1959260328513177,0.1922212147213933,0
-0.007215837417030972,-0.09880563680157303,0.18461776356632464,0.17611343717833414,0
-0.006514691841491458,-0.09877028756652895,0.1731414728153337,0.16009237465283935,0
-0.0057256306362348,-0.09876344630583084,0.16203873560357288,0.14377988938563838,0
-0.0046373117173404,-0.09878093647108817,0.1582781044091353,0.12459823122875652,0
-0.005148211683546142,-0.0987730550057426,0.1601584200063541,0.13418906030719746,0
-0.004878999271653271,-0.09878901367931787,0.16919625894523313,0.1344082688988288,0
-0.00440675817348491,-0.09879331801478923,0.16731594334801436,0.12481743982038786,0
-0.004069107669535844,-0.09879433233626313,0.1634403626807855,0.11586613107453061,0
-0.003948941572756032,-0.09878722052103789,0.14860116831738504,0.10702640175051209,0
-0.003360536867742805,-0.09879392062020806,0.1389222003486378,0.08956331848695348,0
-0.002870811670492993,-0.09879961568996004,0.12924376104581398,0.07207062170738086,0
-0.002836846933528675,-0.09880173377632871,0.13924212831578647,0.07225232394959175,0
-0.0031030579081266184,-0.09879694213260098,0.1340829806972259,0.08081697009716718,0
-0.003045357523042102,-0.0987999049071633,0.1440813479671984,0.08099867233937806,0
-0.0032739866286671093,-0.09879804353990165,0.14892088214199584,0.08972793112476322,0
-0.00352228124352288,-0.09879630580359548,0.15376036612636945,0.09845947275654253,0
-0.0036424967504649556,-0.09879063691317795,0.14376168433301142,0.09829486011873279,0
-0.006599409451152605,-0.09897998490040189,0.2057467886352087,0.19157140405147335,0
-0.006419777747999723,-0.09891949448356227,0.20035143720721713,0.18344296271756172,0
-0.0074953718434150616,-0.09884319765276026,0.19027189820882118,0.18416732594986374,0
-0.006300162809424227,-0.09886884876481024,0.1946973025647206,0.17538907394603215,0
-0.0061084280948537194,-0.0988343598083539,0.18912411625509204,0.1673810407363409,0
-0.0068756855507468295,-0.0987834077458221,0.17887961819082918,0.16810290591558674,0
-0.00587928285185948,-0.09881073999467938,0.18338597087959657,0.1593705094735935,0
-0.005553569420358183,-0.09879899190847338,0.17867429679932448,0.15119541901977443,0
-0.006121240551933829,-0.09876462011284459,0.1675901042094533,0.15193613201923886,0
-0.005263369849420359,-0.09879002443607932,0.17312292819344405,0.14303917638617394,0
-0.003784065965557673,-0.09879500690517747,0.15860189463491037,0.1070802163354084,0
-0.004281725348066399,-0.09878385313497735,0.1534396363632602,0.1158123164896343,0
-0.002649684671102367,-0.098803417926189,0.13440293402217307,0.06350411351932517,0
-0.0024764118639122494,-0.09880386841603157,0.11940994668399595,0.054301907954777684,0
-0.0026607029662204895,-0.09880194130783738,0.12432685386490497,0.06318626483107928,0
-0.002481985214146435,-0.09880491574090529,0.12948602684126406,0.05461975664302357,0
-0.002327258837647684,-0.09880624281852013,0.12418030542613809,0.04506727369579203,0
-0.0021762269629066336,-0.09880638989575899,0.10630800483619457,0.037318597409150646,0
-0.002049627603686482,-0.0988084096110337,0.11190167774932426,0.019340401251528156,0
-0.0020274172232641234,-0.0988102261193931,0.1298480217260484,0.016525276681503144,0
-0.0021208844608015015,-0.09880833125620289,0.12042617095880223,0.027586520344167267,0
-0.002051759646001171,-0.09880918038631875,0.12087484973768634,0.017932838966515652,0
-0.0020976444249580393,-0.09880941097877405,0.12939934294716432,0.026178958059154763,0
-0.0020359444531565804,-0.09881061835870732,0.13543608694318432,0.02129887694789253,0
-0.0019737381512109236,-0.09881161526211237,0.13955996462552153,0.015215252320454134,0
-0.0019722299259043313,-0.0988111623842377,0.13367022008831855,0.007456772629362922,0
-0.0020045673874550924,-0.09880957839309909,0.11796652037378963,0.0008343708228879488,0
-0.0019833146360695116,-0.09881062652429344,0.12772946941218916,-0.0003886802999446755,0
-0.0020090016779913075,-0.09880996043602035,0.12390727104991901,0.008679823752195547,0
-0.0021023388069496274,-0.09880752211775537,0.10910484129275941,0.028329499330339403,0
-0.002209518850903139,-0.09880702608643457,0.11762933450223739,0.03657561842297852,0
-0.00231751427618936,-0.098805258188038,0.11285897576009526,0.04581025268196416,0
-0.009665435965171438,-0.09872775173977652,0.1763208908223542,0.1939886762133007,0
-0.008686139942920728,-0.09868779485782218,0.16469463137593254,0.17809988070883295,0
-0.0074859445405613964,-0.09870095647588718,0.15290672885683454,0.16208599097499074,0
-0.0080787782375147,-0.0986923136241,0.15880068011638354,0.17009293584191185,0
-0.00705863101134847,-0.09873288603966332,0.16302410083608412,0.16108918281391504,0
-0.007534482114475067,-0.09873563209649054,0.16891805209563313,0.16909612768083615,0
-0.008002589293994878,-0.09874588837153779,0.1746561974711286,0.17710665894358354,0
-0.008426225951413083,-0.09876887303686796,0.18046932719433942,0.18505105669581742,0
-0.009249935698637524,-0.09869499086350962,0.17050776109914337,0.18604427846106683,0
-0.008973968810902181,-0.09879300329359707,0.18612346183683595,0.19310494546734702,0
-0.006558865832909428,-0.09873632027982221,0.1574727322302037,0.15293294018031456,0
-0.006236250676075243,-0.09872823383607722,0.14137007164229107,0.14458263801501325,0
-0.004927433493651203,-0.09876217053600234,0.1382815136809154,0.12422796838950298,0
-0.0055378861800433644,-0.09874725865020446,0.13982579266160322,0.13440530320225813,0
-0.004822237923696798,-0.0987698502845923,0.14827980904502536,0.12441309980912975,0
-0.0054105362464530946,-0.0987573774546098,0.14982408802571318,0.13459043462188489,0
-0.006032895612675304,-0.0987432155870451,0.15170440362293197,0.1441812637003258,0
-0.00684430083308345,-0.0987143589678805,0.14713840024956282,0.153334314495002,0
-0.004417576743537585,-0.09877591842652335,0.14344134099915024,0.11562718507000753,0
-0.004076574225314455,-0.09877826089780284,0.12860363864370422,0.10670674845202445,0
-0.004045079370970719,-0.09878159449747989,0.13860240348054464,0.10686657510126826,0
-0.004483270273817045,-0.09877073848695254,0.1334425761623098,0.11546735842076372,0
-0.003704357028749511,-0.09878673048224568,0.13376291949617103,0.09813503346948896,0
-0.0033723217616445957,-0.09879016527360665,0.11892532406225498,0.08920833030656841,0
-0.0028038465880424646,-0.09879836171680821,0.10924706544074043,0.07170615146217289,0
-0.0023625991546914133,-0.09880353788111298,0.09893910440837464,0.05470073395524527,0
-0.0024398190331289095,-0.09880336972681605,0.10917452554618529,0.05450132095501148,0
-0.00256961676152392,-0.09880124887957713,0.10409308492455754,0.06320344270870909,0
-0.002632799656206364,-0.09880125203302734,0.11432850606236819,0.0630040297084753,0
-0.0028596539111184556,-0.09879849692311722,0.1192454132432772,0.07188838658477688,0
-0.0030717547030622685,-0.09879468226081102,0.1140861947514977,0.08045724088437065,0
-0.003111843013690947,-0.09879519600137704,0.12408454255403448,0.08063947600697463,0
-0.003393130961441412,-0.09879127918438012,0.12892376220544638,0.08938582439676095,0
-0.0037068244217529664,-0.09878471779767015,0.1237644813529796,0.09795753937929644,0
-0.00226090875289436,-0.09880505790031383,0.1026235546222846,0.046009665682197956,0
-0.002064418593653549,-0.09880625748127286,0.08901662793967002,0.04099553794229568,0
-0.001926232641675887,-0.09880779298859993,0.0899026416145513,0.022303139725605912,0
-0.0019814297821590765,-0.09880716037183547,0.08945963477711066,0.031649338833950796,0
-0.0021339493980798347,-0.09880614494451351,0.0976623163879323,0.03915706767572316,0
-0.002048284205967379,-0.09880715919187685,0.09810532322537294,0.02981086856737828,0
-0.0020086011564171237,-0.09880788019851824,0.10090215968193778,0.020821770488567034,0
-0.0019534855582589725,-0.09880839786009624,0.09843425727751733,0.0032283647124159093,0
-0.0019309912584409257,-0.09880816933493455,0.09416844944603431,0.01276575221901091,0
-0.001994476307944349,-0.09880847986873433,0.1051679675134208,0.011284382981972032,0
-0.0019949968415491556,-0.09880882908249246,0.10820038882565347,0.002031367767651929,0
-0.0020169430758964313,-0.09880909933343714,0.11493409906155694,0.010087386037208053,0
-0.0022060617396549706,-0.09880504631115462,0.09397786617402233,0.04784813594877048,0
-0.011130250834821262,-0.09857335914100596,0.1567512396874989,0.1961150489967212,0
-0.009616633003670506,-0.09860114807778607,0.14496582599204433,0.18028763116765753,0
-0.007995136362567903,-0.09865997117077835,0.13298574540081387,0.16433368778153928,0
-0.006658388923794515,-0.09870592470841993,0.12108696990004561,0.14970353776921136,0
-0.0073109215585721084,-0.09868385496711116,0.12703635765042975,0.15701861277537532,0
-0.006498235070624488,-0.09871405510937462,0.13122852077116834,0.1471430878921123,0
-0.007070493574829476,-0.09869782915425948,0.13717790852155248,0.15445816289827627,0
-0.007802291973733337,-0.09867609617816711,0.1429462371288242,0.163209839378265,0
-0.008782184478760207,-0.09863155175441005,0.1389757856964291,0.1723106594745984,0
-0.00849428218282121,-0.0986572401322834,0.14893627742443943,0.17118681107132414,0
-0.009208452672051046,-0.09864084241380915,0.15483022868398844,0.17919375593824524,0
-0.010436315891503317,-0.09857667350567692,0.15085853283977163,0.18820134008218936,0
-0.009915396699603167,-0.09863089749046623,0.16072293553171574,0.18710746485277707,0
-0.010794984469218385,-0.09861063799761707,0.16653606525492654,0.19505186260501095,0
-0.005644477988777081,-0.09873912351479318,0.1274345480395384,0.13527806334851822,0
-0.005285783869602159,-0.09875085841682327,0.1328580308602269,0.1297530158690106,0
-0.005953056959156278,-0.09873263682703844,0.13440230984091472,0.13993035068176574,0
-0.006134219348460121,-0.09872359980354752,0.12426075896979201,0.1424908005588648,0
-0.004876503761504753,-0.09875816469613131,0.11829380582878664,0.12337722974137733,0
-0.004464667229122981,-0.09876876955841098,0.12344872223624542,0.11504198909670088,0
-0.004940338790361501,-0.09875838453663972,0.128287659754851,0.12380259906544015,0
-0.005251702908967133,-0.09874905090181542,0.12286417693416252,0.12932764654494777,0
-0.003947027940358272,-0.09877857739532482,0.1086068486620727,0.10634746997153081,0
-0.003651278201393051,-0.09878458189179143,0.11376608636216384,0.0977779001390496,0
-0.0040430836181825636,-0.09877729302834407,0.11860524365288846,0.10652710921177763,0
-0.004389027095123691,-0.09876937122566425,0.11345032724542967,0.11486234985645408,0
-0.0031745752489944,-0.09879226798057843,0.09892866323894492,0.08884245463165577,0
-0.0025653918416132858,-0.09880067379184841,0.08914582119299228,0.07151130232728801,0
-0.0024602281099123193,-0.09880206332165291,0.09404246280068346,0.06310601814126665,0
-0.0027058805135659397,-0.09879911585151926,0.09919644331686636,0.07160872689473045,0
-0.002851642079547648,-0.09879700355988887,0.0940372422159686,0.08017687847947189,0
-0.0029839482579933933,-0.09879533534575957,0.10408786433984268,0.08027430304691432,0
-0.003298847897361219,-0.09879053962009547,0.10892699365059995,0.08902539246911209,0
-0.0035392840181444393,-0.09878620400333255,0.1037677559505088,0.09759496230159329,0
-0.002099160036748411,-0.09880550938485705,0.07957408234022012,0.05437825498344345,0
-0.0017461369270449685,-0.09880814184850782,0.07035930518297842,0.036276978125788076,0
-0.0019158822523268261,-0.09880714809529387,0.07968796656132422,0.03863625803404187,0
-0.0018495677877974897,-0.09880777017127214,0.08013097339876486,0.029290058925696992,0
-0.0016602548873014154,-0.09880874781446312,0.0703652818514962,0.01890368238809974,0
-0.0016920514284999963,-0.09880851389605962,0.0703622935172373,0.027590330256943907,0
-0.0018064699178731722,-0.09880817768022837,0.08013396173302376,0.020603411056852827,0
-0.0017728097940201614,-0.09880847078635098,0.07887936770265795,0.005428333346294854,0
-0.0018793894447387293,-0.09880828656724873,0.08865681249008764,0.004328349029355381,0
-0.0018397335840108163,-0.09880823521797967,0.08439100465860463,0.013865736535950383,0
-0.0017140319241343701,-0.09880861565839934,0.07462232477707707,0.012166007867197298,0
-0.002316787763485651,-0.09880343569425726,0.0843599517666062,0.06294477865536574,0
-0.0022475150689145545,-0.09880431200782137,0.08925659337429738,0.05453949446934436,0
-0.0020817687579213822,-0.09880581206450632,0.08429535513994507,0.04768689646286957,0
-0.0019079251480423583,-0.09880705257509213,0.07496669376159927,0.045327616554615764,0
-0.011927869648183887,-0.09848002610501128,0.1372078753933555,0.1984719233079192,0
-0.009990836768654844,-0.09856410708342256,0.12540895200430768,0.18277807312258512,0
-0.008088003683309638,-0.09865330931586243,0.11376099353608907,0.16727132717969448,0
-0.009002788673407636,-0.09861241301370481,0.11958497277019838,0.1750247001511398,0
-0.008946196777620251,-0.09861669335093667,0.12919734870256078,0.17355588045206222,0
-0.008101505061778466,-0.09865180335623638,0.12337336946845147,0.16580250748061687,0
-0.007346590100190187,-0.09868130297130784,0.11742398171806734,0.1584874324744529,0
-0.006497280743101566,-0.09871558816239775,0.10142183382987686,0.15259760779760856,0
-0.007266716844717488,-0.09868695859145929,0.10759141368298297,0.15993446748865153,0
-0.006629279462098175,-0.09870741935377393,0.11125440186496124,0.15115057278340996,0
-0.005560994659751795,-0.09874017842115787,0.10899159243797436,0.136739161522898,0
-0.004520540226773432,-0.09876755559582101,0.09845333606949083,0.12228249506020744,0
-0.0035771635149224454,-0.09878690311869015,0.08861022357392341,0.1059797944043497,0
-0.0027838154380337952,-0.09879890139268263,0.07893207777094832,0.08847339137893402,0
-0.003156642587623206,-0.09879374914875687,0.08377115067243587,0.09722659289164186,0
-0.0030018664970055922,-0.09879514394127689,0.08893037050494662,0.0886579230052949,0
-0.003373355243837545,-0.09878936083317114,0.09376944340643417,0.09741112451800274,0
-0.0037905429018434246,-0.09878189795894292,0.09860853611799805,0.10616363218794025,0
-0.004230298629375613,-0.09877293793563098,0.10353009236578176,0.11431498251586913,0
-0.004732684008639933,-0.09876146080075197,0.10837357094913874,0.12282986240079238,0
-0.005215475998577465,-0.09874920291216381,0.1136426991333805,0.13005819563213766,0
-0.005021146278706959,-0.09875509036486046,0.1037224642537326,0.12951082829155272,0
-0.011964119517150238,-0.09847562876248657,0.14697955754042719,0.1972934861523202,0
-0.010799810390616687,-0.09853777587921943,0.1410868506926999,0.18937977723778837,0
-0.01100934611379349,-0.09851473620580697,0.1313084136988316,0.19062499821525217,0
-0.009862125361008216,-0.09857749478918072,0.135187388998176,0.18153285214512133,0
-0.0056405540477288815,-0.09873761974707307,0.11821307023875638,0.1360086124357081,0
-0.006098390303729361,-0.09872390649471167,0.11503928116901,0.14322134964605468,0
-0.006017230097506887,-0.09872812050498514,0.10520671313392561,0.14466838466025328,0
-0.004024841455568112,-0.0987783743617148,0.09353177982170713,0.11413114473227856,0
-0.002673821704072775,-0.09879955126018918,0.0840389494819703,0.07999234685311102,0
-0.0021651969638444937,-0.09880548393461382,0.06925393551853674,0.07096685315212616,0
-0.0024546336863339987,-0.09880271456359646,0.07409300664474253,0.07972012226553009,0
-0.0023832145078581256,-0.09880287700368956,0.0791998783557645,0.07123907773970709,0
-0.002132474769934143,-0.0988052981192533,0.07441400892937844,0.0626725540677848,0
-0.0017010078549256331,-0.09880878056709828,0.05963202350683047,0.054279379554169095,0
-0.0019183136818461757,-0.0988074187813528,0.0644429795126836,0.06262311635314763,0
-0.0019153877243370558,-0.09880704795842545,0.0696030529235253,0.05432881726880627,0
-0.0017225701986662409,-0.09880831242124695,0.06499566434490445,0.04527817883997859,0
-0.001305906492725545,-0.09881060876180477,0.04797067380040075,0.03953213508286176,0
-0.0013580563209341912,-0.09881000238934737,0.05339434524483376,0.02320785859572344,0
-0.0013270031789122852,-0.0988102568246644,0.050682509522617256,0.031369996839292605,0
-0.0015443282503763292,-0.09880928231572138,0.059164989491689586,0.037904556604324915,0
-0.0015510548931015266,-0.09880917605417466,0.06187682521390609,0.029742418360755758,0
-0.0015196712268378343,-0.09880931387484847,0.06187981354816498,0.02105577049191159,0
-0.0014658065167348587,-0.09880953877406694,0.05929076690552215,0.00730213548393178,0
-0.0014056718581032712,-0.09880977375333053,0.056342556075177956,0.01525499703982761,0
-0.0015610103715727832,-0.09880916790776746,0.06482802437850918,0.013102908936015761,0
-0.0016344681558463294,-0.0988089093214927,0.06908506730409006,0.006365234415113317,0
-0.0014946495084917242,-0.09880985805614777,0.05380134865361561,0.04690575731851543,0
-0.012017474053823871,-0.09846913188077493,0.1176755593694548,0.2009191173322832,0
-0.01242214166685662,-0.0984189006867903,0.12744171738140514,0.1996955203201012,0
-0.01105091021001992,-0.09851000527918108,0.12154225568688123,0.19184859522743417,0
-0.00979264703462301,-0.09858501973187994,0.10578079485360645,0.18550585186487012,0
-0.009950095848493778,-0.09856913204713903,0.11559487342895707,0.1841419624937276,0
-0.00891026220927687,-0.09862092973422659,0.10977089419484776,0.1763885895222823,0
-0.0076976014478873835,-0.09868484366582309,0.09441308644095565,0.17017005589476067,0
-0.005852340731652822,-0.09875623940156637,0.07877763994162998,0.15655995411326412,0
-0.006747791780294067,-0.09872432831159965,0.08659536319129282,0.1633650050040124,0
-0.006242057889873261,-0.09873217179910203,0.09009973688575343,0.15457878095543634,0
-0.007080398431021499,-0.09870025249768491,0.09791746013541626,0.1613838318461846,0
-0.007953328462440777,-0.09866437255750866,0.10408703998852237,0.16872069153722757,0
-0.008697771754356279,-0.09864051105459047,0.10009694064728106,0.17783795387981538,0
-0.01094346237277711,-0.09852298608129524,0.11172817711153063,0.19321248459857665,0
-0.005152461475802684,-0.09875824955018861,0.08886193389836784,0.13869183985955824,0
-0.005802276552040427,-0.09873895121362855,0.09514188386412235,0.1456447238285834,0
-0.005504948165773968,-0.09875561113768587,0.08381978691999892,0.14762589698641118,0
-0.005400283519711687,-0.0987471179673602,0.0989267631681711,0.13771550069122812,0
-0.004834452558395645,-0.09876235836699002,0.09365763498392934,0.13048716745988284,0
-0.003983385771162488,-0.09878506713565458,0.07829176279414835,0.12311704545960142,0
-0.004285672927360543,-0.09877524455414664,0.08837254943181959,0.12269977025990443,0
-0.004539471925754398,-0.09877337935205523,0.08357684834625809,0.13090444265957984,0
-0.0037820834301157463,-0.09878529480704597,0.08345099318403587,0.11454841993197556,0
-0.0029957705714746554,-0.09880024393085829,0.0686136438229414,0.1056102234056016,0
-0.002892956943913706,-0.09879900678926498,0.07377286079694487,0.09704180739226781,0
-0.0033106773014800134,-0.09879317921864206,0.0786119336984324,0.10579500890497565,0
-0.003459460321276542,-0.09879387750034169,0.07345270330854486,0.1143636344326015,0
-0.002226994442326181,-0.09880780811823134,0.058935523463413735,0.08810352103424722,0
-0.0016472167901854624,-0.0988109810590502,0.049686220704460514,0.07056226468152155,0
-0.0019175405224621902,-0.0988097552930618,0.054310872083937124,0.07933289285788439,0
-0.0019201768684442972,-0.09880823500897852,0.059470078111498625,0.07076455891682384,0
-0.0016768718595353074,-0.09880961969167555,0.0546591221056455,0.06242082211784532,0
-0.0012201751812260203,-0.09881229494178398,0.040096715043942494,0.056081794389706216,0
-0.000903556117354655,-0.09881256907089302,0.031635427194609114,0.04226748099083324,0
-0.001054383863935903,-0.09881249198820218,0.035866071119275804,0.049174637690269724,0
-0.0011124568425199776,-0.09881160625584469,0.03980305049750493,0.0408998080368475,0
-0.000873117867154907,-0.09881185816404248,0.032290064291875704,0.02661442917563166,0
-0.0010867644368223349,-0.0988113398493929,0.04013036904613823,0.03307328212924671,0
-0.001128142125174304,-0.09881094304877881,0.042842204768354736,0.02491114388567755,0
-0.0010478813841448657,-0.09881105211256545,0.03966523899657943,0.008735014220016196,0
-0.0009551126640315613,-0.09881140318681704,0.035977651644227567,0.017674721697823928,0
-0.0012006788512819026,-0.09881055700760179,0.0465297921207066,0.01597143640786982,0
-0.0012692338641160158,-0.09881028200904161,0.04947800295105079,0.008018574851973988,0
-0.0021995274531290327,-0.0988062275284326,0.06409472949097524,0.07953518709318669,0
-0.0025241069448151796,-0.09880323222934359,0.06893380061718103,0.08828845620659062,0
-0.00258671700478331,-0.09880473501165853,0.06377458364317756,0.09685687221992441,0
-0.001473569298767306,-0.09881053982808208,0.04986436927538648,0.05518058697193766,0
-0.0014226836198051474,-0.09881180887894075,0.04489146787420151,0.06332202953561389,0
-0.0012624840776849144,-0.09881129671429065,0.04403369442217162,0.047806964736283986,0
-0.0008837158919129274,-0.09881215124391587,0.03196274574324241,0.03444095508323245,0
-0.011394742607279254,-0.09854313500646122,0.09813655032930213,0.2033120093872453,0
-0.008979822101344879,-0.0986655789410027,0.08528954662248357,0.18858456923199296,0
-0.006425893363730235,-0.09878037067026772,0.06733285940127663,0.17489703518390254,0
-0.007174757950950863,-0.09872613359757935,0.08087297292111614,0.1725335455393316,0
-0.008331157919194242,-0.09867300719595365,0.08985131653171961,0.1793773125633768,0
-0.007659953580068074,-0.09873065357700361,0.0763112030118801,0.18174080220794775,0
-0.012146733995241025,-0.09845327048522358,0.10790605484937846,0.20211556335976427,0
-0.010654445722022744,-0.0985542799478725,0.10195867259145429,0.1944089306260577,0
-0.010221305931401572,-0.09860263172118908,0.09171304847589284,0.19594828930961913,0
-0.009448499480023572,-0.0986203851276247,0.09553517073804502,0.18704521054843154,0
-0.006158628385705765,-0.0987640237282439,0.0730552496714533,0.16572849464858333,0
-0.004609332807132436,-0.09881436439085638,0.05766050344801267,0.1570810396677797,0
-0.004351642718821462,-0.09879167420851942,0.0679732860837413,0.14025376300906212,0
-0.004793617125423001,-0.09877370783343929,0.07841760999105457,0.13947280143431018,0
-0.005061315294846679,-0.09877673374590462,0.07337546301268563,0.14840685856116312,0
-0.004496732303313699,-0.09880043248627997,0.06281689476587698,0.1486674013384209,0
-0.005273158871189588,-0.09878484056335843,0.06821907169482133,0.1568204968905219,0
-0.005460363958096814,-0.09880094776786687,0.06249668142464465,0.16598903742584112,0
-0.004175442245722665,-0.09878690180424124,0.07313252443894483,0.13168540423433178,0
-0.0031613482962632583,-0.09880805644007523,0.058295184071610565,0.12274703637651821,0
-0.0022418754886816463,-0.09881472805083233,0.04861708168506742,0.10524030286849592,0
-0.002637613872514929,-0.0988075931245475,0.058615362754004405,0.10542526313704875,0
-0.002242855724511334,-0.09881052594485527,0.05377630257424058,0.09667191195137156,0
-0.0014680952827192595,-0.09881749335912174,0.03663172426570307,0.08871702312912252,0
-0.001098676775077577,-0.09881529239381205,0.03206871856947704,0.07018453860867008,0
-0.0006243806005722959,-0.09881532461959604,0.01973017947908952,0.057904794016893614,0
-0.0007703646616228862,-0.09881378437869823,0.025682803336849316,0.050086137503863426,0
-0.0009320117820323301,-0.09881396502099317,0.029913447261516006,0.05699329420329992,0
-0.0008524453836400115,-0.09881545981860887,0.025899449024283278,0.06404466631278184,0
-0.0011627477832706345,-0.09881359393220479,0.03608271680670977,0.06313316649918815,0
-0.0013810054395202143,-0.09881328304818661,0.040877469636968776,0.07037340164509581,0
-0.0015707520940849437,-0.09881362795200564,0.04315897248508179,0.07963964390532204,0
-0.001866238560789111,-0.09881285461932242,0.0477836238645584,0.08841027208168487,0
-0.0018309977256770714,-0.09881667898709054,0.042624402975385244,0.09697866299880922,0
-0.003087185643566447,-0.09880307212324572,0.06345441394727598,0.1141786298910599,0
-0.002671280139731069,-0.09881225374713085,0.05345613287833899,0.11399366962250707,0
-0.0035976417645568713,-0.09879640805772263,0.06829347343287945,0.12293204091805982,0
-0.003719026103813457,-0.09880147342184077,0.06313423507767593,0.13150039969279015,0
-0.00126874860198471,-0.09881631496968027,0.03435022141759005,0.0794507808688963,0
-0.0004582561719478479,-0.0988135445050006,0.016091803645104624,0.03857257730990987,0
-0.000682535473461603,-0.0988131613866061,0.02386361541985687,0.04042002915037156,0
-0.0005343242623311343,-0.09881429446464995,0.01791099156209707,0.04823868566340174,0
-0.000671759597410444,-0.09881267961415716,0.024190933968490164,0.032593503242770765,0
-0.00039815843076909375,-0.09881282527355051,0.014572632677438564,0.023941602258763933,0
-0.0005467716749596749,-0.0988123386454216,0.020008376831806292,0.009637350458888017,0
-0.0008054886701706026,-0.09881176478029183,0.02983680791419286,0.009186182339452106,0
-0.0007065600749871961,-0.0988120877404439,0.026149220561840998,0.01812588981725984,0
-0.00047034262453114225,-0.09881252996168859,0.01729050475462243,0.016789476358825974,0
-0.0006398336401446813,-0.09881243075187401,0.023431348484657135,0.025278015717197795,0
-0.00042558387832788405,-0.09881311593926156,0.015332218161271595,0.0312570897843369,0
-0.010092385168564285,-0.09868502103965483,0.07857462076905876,0.2055086350173741,0
-0.011151081702647673,-0.09857100482823854,0.08835558554918044,0.2044103222023097,0
-0.009601675473933716,-0.09866437452131532,0.08193208369577117,0.19704660212468353,0
-0.007987104694797189,-0.09876789175434338,0.06788655942995424,0.19309835299130781,0
-0.005796216313847885,-0.09888351069582303,0.04925695567277963,0.1891246529022554,0
-0.004598164654079091,-0.0988535610457614,0.0485274357338917,0.1700704884581551,0
-0.005161940312935575,-0.0988667553048851,0.04889219570333567,0.17959757068020527,0
-0.005520577815553566,-0.09882006539863118,0.05793014756758416,0.1724837618210288,0
-0.006190842625659345,-0.09882445805515747,0.05829490753702813,0.182010844043079,0
-0.006894621611773919,-0.09883082672174602,0.05857175755136693,0.19111150294678161,0
-0.007162816340442365,-0.09877472696844052,0.06760970941561543,0.1839976940876052,0
-0.008527360616601802,-0.09871404829491492,0.0765880530262189,0.1908414611116504,0
-0.00906390299999119,-0.09872608429342197,0.0732305900995065,0.19930349400434094,0
-0.004623607072852793,-0.09883139536215893,0.05309396959095218,0.1635757640629674,0
-0.003173006491121267,-0.0988632157836375,0.03823606328281478,0.15672820279778038,0
-0.0032303046387541596,-0.09882732613596903,0.0479767005496019,0.13988364719018967,0
-0.003875392360455671,-0.09882270711000726,0.05281860199880729,0.1484823434289847,0
-0.003914485378516186,-0.09884020108072192,0.04794828336541372,0.15690462123278004,0
-0.003223568923345973,-0.09884262437766247,0.043106381916208344,0.14830592499398504,0
-0.003816503847210411,-0.09880992692419983,0.0579749933166716,0.14006870509962588,0
-0.0032115719364751317,-0.09881587315536079,0.053135942310606234,0.13131534178335394,0
-0.002204159077325474,-0.09882884995375986,0.038926002429054904,0.12262578915766224,0
-0.002682269627418148,-0.0988288872668451,0.0434513514893284,0.13125471817392595,0
-0.0027005549683130903,-0.09881895220800396,0.048610593250332734,0.12268641276709022,0
-0.0022357221042934175,-0.09882060831161375,0.04377154205706116,0.11393304601307908,0
-0.0015664683813639128,-0.09882567752062962,0.032308428910339686,0.10709193630583674,0
-0.0007985540534711261,-0.09882807771738919,0.017520822384929177,0.09974934420638056,0
-0.000661676916168405,-0.09882024933019111,0.01753718895047968,0.07999831115666645,0
-0.0011600008142040232,-0.09882264697578913,0.027076273325316123,0.09423318366775155,0
-0.000724700595787868,-0.09882361833176163,0.017529005667704427,0.0898738276815235,0
-0.0010560975713346428,-0.09881947053259972,0.027084456608091376,0.08435766714289449,0
-0.0008928741629467751,-0.09881769172615439,0.02480295375997836,0.07509142488266826,0
-0.0006403073618249941,-0.09881736690518357,0.018633684214784597,0.06895155258678003,0
-2.5351696111321234e-19,-0.0988188496618547,0.0002334111370453746,0.06996697294768588,0
-0.0003283442466943861,-0.09881721390161814,0.009981795308067446,0.06393588348228975,0
-0.0003188346689333399,-0.09881977683986609,0.008885300043762527,0.07498264205217617,0
-0.003848703055764114,-0.09886037887416904,0.04338174950835324,0.16339934562796773,0
-0.0019169108203998765,-0.0988204004992199,0.04046275529770355,0.10616611958716633,0
-0.0015166361621355405,-0.09882095430592344,0.03447007658802138,0.09790447971747963,0
-0.0011732924505916905,-0.09882745832063759,0.02491462564763443,0.10342064025610864,0
-0.001864984775408233,-0.09882737912621774,0.03561721566969729,0.1148588627317495,0
-1.9066711642694312e-19,-0.09881521423742859,0.0002667555851949112,0.04996198936271684,0
-0.00023625710035355478,-0.09881441891045789,0.008179279615149767,0.04426728333631336,0
-0.0003067229984783069,-0.09881546671291885,0.009998467532142214,0.053933391689805224,0
1.7072515412136086e-20,-0.09881668947941849,0.0002500833611201429,0.05996448115520136,0
-1.515341942637944e-19,-0.09881340169059938,0.0003001000333443396,0.029956919629310824,0
-1.3552527156068802e-21,-0.09881409734535232,0.00028342780926962543,0.03995945449601383,0
-0.00022678836408095891,-0.09881354184076531,0.008195951839224482,0.03426474846961035,0
-0.00020096990565654114,-0.0988131727364464,0.007436366355391451,0.02694926094403738,0
-2.1552753342885657e-19,-0.09881285365751445,0.00033344381777208307,0.009951700984784208,0
-0.000199375875317762,-0.09881284084868917,0.007453038247605324,0.01694665162177407,0
3.285974020325519e-21,-0.09881298249642337,0.0003167719255582113,0.019954310307047515,0
-0.0002764080931310538,-0.09881271404062315,0.010170910324789187,0.009794525721836114,0
-0.008185420750899912,-0.09886146116216636,0.05897878113556556,0.2073769316422593,0
-0.005816576556387771,-0.09902907175749684,0.03934595430376511,0.2088023656195966,0
-0.007228913107236689,-0.09893600169440737,0.04916236771966534,0.20808964863092794,0
-0.006967825736072486,-0.09887338094753122,0.0541178684041726,0.19825079227225734,0
-0.0058775780860258605,-0.09894340882847377,0.04430145498827237,0.198963509260926,0
-0.004420040574708465,-0.09898792086220635,0.034197215151444756,0.19536866292744476,0
-0.0033370701520397117,-0.09892224828761069,0.032008996271637155,0.17601544725336396,0
-0.003845803005567713,-0.09895151495045144,0.03310310571154096,0.18569205509040437,0
-0.005154364934331954,-0.09893481240286425,0.04172708541211219,0.19224665791485007,0
-0.004506406328332453,-0.09890993467730913,0.04063297597220839,0.1825700500778097,0
-0.004009570280143655,-0.09888765873840923,0.04026821600276442,0.1730429678557595,0
-0.003268127964150447,-0.09888842784737727,0.035122529777225964,0.16637182502557218,0
-0.0015114652381855655,-0.09890230267146781,0.017478448161369446,0.15835137428943755,0
-0.002001274763682338,-0.09885506362019188,0.028779348491241395,0.1398605658233411,0
-0.0025459866044526074,-0.09885979698413339,0.03350770588702809,0.14829438431056075,0
-0.002366809179046624,-0.09888531730875436,0.027857255722092113,0.15753978854360895,0
-0.0017947767111310341,-0.09887587868681494,0.023128898326305422,0.14910597005638931,0
-0.009484077833032175,-0.09874533854134439,0.06877670095231216,0.2064427833298167,0
-0.008169291460101391,-0.09880321034464729,0.0634326702827599,0.20023764231678354,0
-0.005098148479900039,-0.09900770103752964,0.03677158472760493,0.20208551427352067,0
-0.0026324705920787545,-0.09884241348248171,0.03837802452042165,0.1398721065067654,0
-0.0021245761604954836,-0.09884019631636476,0.03385267546014815,0.13124317749050168,0
-0.0010502979328564923,-0.09884291493733655,0.01837848288116648,0.12127826074532003,0
-0.001635265228889519,-0.09883715334998533,0.028652242655110693,0.12195202495149113,0
-0.0014867595574016611,-0.09884907576667532,0.02357891568620394,0.13056941328433058,0
-0.0023525106888340436,-0.09891451486218379,0.0247437222165033,0.16718341077140075,0
-0.0013353041020747025,-0.09883359584509041,0.025343455895753084,0.11418509852557839,0
-0.0009143454624194935,-0.09883441498477395,0.01794965263304783,0.1105138024758503,0
-2.9214166350800826e-19,-0.0988373723607568,0.0001667222407464953,0.10997672565858922,0
-0.0004974145867857879,-0.0988408646012793,0.00927260256095649,0.11562749320195462,0
-0.00042294213980459655,-0.09883309093200092,0.008843772312837837,0.10486303493248489,0
-3.0289898193813763e-19,-0.09882555778471552,0.0002000666888959734,0.08997188093980832,0
-0.0003825880546928373,-0.09882720334658116,0.008860444536912575,0.09486061257309444,0
-0.00034806888126981346,-0.098823132415826,0.008868627819687827,0.08498509604823738,0
-7.821954289150972e-20,-0.09882167788634866,0.000216738912970674,0.07996942694374709,0
-2.4918926620878654e-21,-0.09883058931260387,0.00018339446482123437,0.09997430329919876,0
-0.0033374874790067636,-0.09914358674828766,0.01968189381931244,0.2096956954280177,0
-0.002648278373136989,-0.09899851947052202,0.02202297280397866,0.1877066421378825,0
-0.0035119928326858073,-0.09899658042577449,0.028110093977711706,0.19153765253266364,0
-0.00302676855173288,-0.09895783271405058,0.02701598453780791,0.18186104469562323,0
-0.00149402501373509,-0.09895787089092406,0.014343834787373015,0.1747582043340668,0
-0.002035306023837819,-0.09897783456100981,0.01818340379567584,0.18123242323597466,0
-0.0024211451393933263,-0.09894374994423541,0.023176415529505084,0.1753868257937154,0
-0.0015103578194616267,-0.09892723438574379,0.01591114147437123,0.16655478931175216,0
-7.528428835196219e-19,-0.0989493799307576,6.668889629864687e-05,0.16999089232790504,0
-3.954796830730325e-19,-0.09889238241793612,0.0001000333444479161,0.14998622680761278,0
-1.151964808265849e-19,-0.09891706830818106,8.336112037328148e-05,0.15998855956775893,0
-0.0007244758012989025,-0.09889922662050969,0.008789240752908682,0.15416880054852516,0
-0.0008101554398335741,-0.09892710126680097,0.008772568528834046,0.16417113330867128,0
-0.0007294842258232015,-0.09895577604645564,0.007205261841835831,0.17237454833098592,0
-0.004483111090201622,-0.0990983921713196,0.029513924061538778,0.20924903052380717,0
-0.003844466827535843,-0.09906385658871247,0.026939554485378596,0.20253217917773123,0
-0.0028557367807522686,-0.09906424756848398,0.02085243331164555,0.19870116878295008,0
-0.0008753840525889817,-0.0988692889665799,0.012444546931152817,0.1399748198517362,0
-0.001445341989931071,-0.09886345905456957,0.020611947711197107,0.13991769283753866,0
-0.001166891676350475,-0.09888422735792746,0.01496149754626113,0.1491630970705869,0
-0.0004639267044199463,-0.09888109135567257,0.006272290137800366,0.14498052332967448,0
-3.0865880597946693e-19,-0.0988576046623438,0.0001333777925972035,0.1299815038788476,0
-5.421010862427503e-21,-0.09884615930021605,0.0001500500166718494,0.11997911476871842,0
-0.0005536538559156399,-0.09885115338400187,0.009255930336881843,0.12562988231208383,0
-0.00041526811506194657,-0.09886370459203975,0.00628896236187501,0.1349781618652919,0
-0.0009766042489414658,-0.0988544881504749,0.015411514906159648,0.1306265402985281,0
-0.0015378963680774379,-0.09908454570025586,0.011954373136609872,0.19775336212702935,0
-0.002323687074110074,-0.099115926011225,0.015818133477961155,0.2037245287775235,0
-0.00214732014783717,-0.09903967125362033,0.016988672970294265,0.19273000213245592,0
-9.893344823930232e-19,-0.09904153630750195,3.334444814934153e-05,0.18999548687849213,0
-0.0008138114836150452,-0.09899918124486912,0.007188589617761179,0.18237684560627948,0
-0.0013396622796230861,-0.09902907614983207,0.011028158626064,0.1888510645081873,0
-0.0007658356416230158,-0.09906613461396653,0.005993858792379607,0.19387442450276074,0
-0.00213486750942851,-0.09917677125569724,5.761010852659726e-25,0.21,0
-0.0011407820638489818,-0.099134177266016,0.005977186568304936,0.20387668106351467,0
-0.0012329326591435134,-0.099192083822479,0.00984094690965622,0.20984784771400883,0
-1.3923104070492562e-20,-0.09899035094749661,5.00166722239942e-05,0.1799931896031986,0
1.8340910286015762e-20,-0.09887266255720495,0.0001167055685225598,0.1399838653432302,0
1.8973538018496328e-19,-0.09911104838884482,1.6672224074670764e-05,0.19999774343924606,0
