"f:0","f:1",":0",":1",":2"
0.0,-0.02493920871464421,1.0,0.08728827282833562,0
0.00013009402983525125,-0.025121915493763556,0.9826768575717659,0.08524815464271439,0
0.0,-0.025823062310628274,1.0,0.07767175333417389,0
0.0,-0.02405830267377847,1.0,0.09690479232249737,0
5.878975044336184e-05,-0.024590557247641434,0.991338428785883,0.09107647348260588,0
7.152296982235912e-05,-0.025473482300838776,0.991338428785883,0.08145995398844413,0
0.00032081319066866367,-0.026232369726804837,0.9640499652545503,0.07305501404133011,0
0.00018573005167044933,-0.026835265710812486,0.9832129447129784,0.06665663408492487,0
0.00026360682775140393,-0.02653496029602329,0.9736314549837644,0.06985582406312749,0
0.00015517939941836286,-0.02597751332190436,0.9829449011423721,0.07595239436381962,0
0.00021963401897074464,-0.025677144176174907,0.9733634114131582,0.07915158434202224,0
0.00020661656455149457,-0.02457579770128237,0.9672197719709937,0.09105935321653065,0
0.0002576066621163429,-0.02540295669408899,0.965634868612772,0.08205718362893039,0
0.00017308738425506846,-0.02484987345304755,0.9749483147713798,0.08815375392962252,0
9.757765383325692e-05,-0.02319011542226653,0.9799756938612411,0.10632480351897379,0
0.00014679535469862653,-0.02388187224697086,0.9735977329161174,0.09869207836775222,0
0.0001129035975012278,-0.02415427869536554,0.9813262757165035,0.09578647908084409,0
5.478340278262199e-05,-0.02362607005100165,0.9899878469306205,0.10161479792073558,0
0.0,-0.02230742928102678,1.0,0.11613779131600853,0
0.0,-0.023180845359778192,1.0,0.10652129181925295,0
4.516972049641464e-05,-0.022750146281495975,0.9899878469306205,0.11123129741749116,0
8.413110855448109e-05,-0.026329536920431867,0.9916064723564892,0.07216419370954938,0
0.0,-0.027598078729922947,1.0,0.05843866952402584,0
0.0,-0.026709456593573388,1.0,0.06805521142909987,0
0.00010317311269210804,-0.027217341268919226,0.9916064723564892,0.06254765180447536,0
0.0004758684824624594,-0.026599328153697917,0.9421710041559768,0.06885401839488536,0
0.0005999954685534748,-0.028225434360467535,0.9535708957773011,0.05144765997715425,0
0.0005373873399284198,-0.027412755337838112,0.9478709499666389,0.06015083918601981,0
0.00044367024965551887,-0.027227626363777638,0.9588104305159257,0.06225133700924218,0
0.00040601909189502705,-0.026416398284304587,0.9531104847052636,0.07095451621810774,0
0.0002989198184595473,-0.024821909808363705,0.9503533391189917,0.08816340097786528,0
0.0003790007232176631,-0.025709271340110595,0.9462621716374842,0.07850870968637533,0
0.0003142222000891227,-0.025527937033368107,0.957201652186771,0.08060920750959769,0
0.00025536087126546764,-0.02469942728742968,0.9587865555449927,0.08961137709719796,0
0.00018182692066894825,-0.023209617315442996,0.9597423949380319,0.10583789213156368,0
0.00011438039971794373,-0.0217267061030004,0.9661342217013542,0.12220877609769386,0
0.00010961524278528821,-0.02245929300982448,0.9730549577812977,0.11426678980833382,0
0.0001448759256396724,-0.022466274211794653,0.9629383083196931,0.11402333411462877,0
0.0001424310055586191,-0.023201722645236574,0.9698590443996364,0.10608134782526873,0
0.00019490556615305458,-0.023892698867165843,0.9634810834545129,0.09844862267404716,0
0.00023493026632147545,-0.024013990862599807,0.9550478670285119,0.09700064655471448,0
0.00039559731443658585,-0.027845187287703244,0.9701511747547704,0.05567109600219975,0
0.000271051548878212,-0.028485973240202776,0.9833458584648909,0.04882209716030701,0
0.0003424821191427042,-0.02816594587470804,0.9767485166098306,0.052246596581253385,0
0.0002835347308104163,-0.027340145160712263,0.9766820597338743,0.061163865043562304,0
0.00035710434118545566,-0.027038428224654715,0.9671005700046604,0.06436305502176493,0
0.0005024046684134511,-0.02803563245199911,0.9618610352660357,0.053559377989677,0
0.00012423131635692493,-0.02804243975497688,0.9916729292324454,0.053630383342166424,0
0.0,-0.029381163893712044,1.0,0.03920552479659111,0
0.0,-0.028488698831953985,1.0,0.04882209716030848,0
0.000153928202999003,-0.028934035473326854,0.9916729292324454,0.04401381097844906,0
0.00022395010096969348,-0.027659821591958046,0.9832794015889346,0.05773936562261594,0
5.210670910608006e-05,-0.02132990523142531,0.9840566352493567,0.12687693302171535,0
8.320877040535412e-05,-0.021529799161777885,0.9750954284753555,0.1245428545597046,0
7.178051750045489e-05,-0.022257185690994358,0.9820161645552989,0.11660086827034458,0
2.9388220034979986e-05,-0.02181995845455755,0.9920283176246784,0.12150736216886193,0
0.0,-0.020575673162564485,1.0,0.1353707528959064,0
0.0,-0.021438751999091704,1.0,0.12575427210595747,0
2.424969812533364e-05,-0.02095398103196821,0.9920283176246784,0.13112384295881085,0
0.0007672160282204287,-0.0286333665118757,0.933941535883618,0.04687947143574276,0
0.0005264111529685646,-0.026702908618976933,0.9223280639591114,0.06748585470139887,0
0.0006377334426071902,-0.027668885857295558,0.9281347999213647,0.05718266306857081,0
0.0005105360369203073,-0.026651310399002565,0.9322495340575441,0.06816993654814212,0
0.0006075592918849701,-0.02761537361672358,0.9380562700197974,0.05786674491531406,0
0.0006954275419876264,-0.028429524809984924,0.9437562158304595,0.0491635657064485,0
0.0009924407484957986,-0.03016263531273078,0.9468137832365223,0.030552219011225748,0
0.0006306782790194318,-0.029641354071729003,0.9684685859854694,0.03630800142208846,0
0.0006264156320422363,-0.028933629472248083,0.9610197408813852,0.043877830699621354,0
0.0008287992190308818,-0.02990241989875071,0.9576411846109958,0.03343011021665711,0
0.0007748857524827272,-0.02919344785136649,0.9501923395069117,0.04099993949419,0
0.000876784535488934,-0.029398302733796566,0.9403776595600701,0.03871584522348426,0
0.00036030333212823645,-0.024949070051387922,0.9310187565036401,0.08647219705842937,0
0.0003352786438630116,-0.02488595173598261,0.9406860478113159,0.08731779901814732,0
0.00041602750194842664,-0.025775038805121945,0.9365948803298084,0.07766310772665737,0
0.0004376597962748223,-0.02582484135739627,0.9266734102313757,0.07697902587991412,0
0.0004983903373293376,-0.028742562098582076,0.9693098803701199,0.045989548712144106,0
0.0004374972662784868,-0.029063715371345708,0.9759072222251801,0.04256504929119774,0
0.0003387886743128778,-0.029926723506673764,0.9854966953582388,0.03331455940326063,0
0.0003028613869846694,-0.029205826252604542,0.9844212769115648,0.04106832828178382,0
0.0005010337809115121,-0.02978457158070959,0.976982640671854,0.03481128041267455,0
0.00024192867200347747,-0.02330048366905459,0.9397907557845658,0.10444788631997706,0
0.0002704742231203813,-0.024062068725060587,0.9450720474517788,0.09630564364892116,0
0.00029666964104344744,-0.02412309469278228,0.935404756144103,0.09546004168920322,0
0.00021566577085555542,-0.023256139789061863,0.9497665753612989,0.10514288922577036,0
0.0001576666749492361,-0.021691753382966084,0.9481660883792599,0.12215608439866978,0
0.0001016801529203374,-0.020208614167249915,0.9560248490345731,0.13870112372620913,0
7.41512099502055e-05,-0.02044588434382821,0.9715049571448722,0.1364994970542826,0
3.525500689525349e-05,-0.019664682438116563,0.9843800727059375,0.14548654536604763,0
5.3626362771523295e-05,-0.02005522903664538,0.9779425149254048,0.1409930212101651,0
6.497277527585819e-05,-0.020889141957483166,0.9777807961971144,0.131688215037999,0
4.289385634543645e-05,-0.0204942362023049,0.9842183539776471,0.1361817391938815,0
1.9737525451714675e-05,-0.02012194524824311,0.9921900363529688,0.14042864913097702,0
0.0,-0.018870469303580138,1.0,0.15460367969393082,0
0.0,-0.019719197418428557,1.0,0.14498721629491862,0
1.627352581359835e-05,-0.019268980424351528,0.9921900363529688,0.15004511252998923,0
0.0001962399189841217,-0.02249379201606993,0.9439784220819128,0.11330198535932343,0
0.00017096736560187994,-0.02245181480034026,0.953954241658646,0.11399698826511673,0
0.0001381523921875013,-0.02171091206949697,0.957150155040307,0.12218243024818182,0
0.0001272672542137992,-0.02094740114912553,0.9520954687069165,0.13042860406243945,0
0.0001089419677367453,-0.0209682956217771,0.9610795353679636,0.1304549499119515,0
8.924799812510813e-05,-0.02032941092188178,0.9637649030897226,0.13760031039024587,0
9.250237934831656e-05,-0.021084446884621695,0.9688195894231132,0.12935413657598824,0
0.00016082760121603252,-0.029654372056524426,0.9927483476791195,0.036260042099925865,0
0.0,-0.031171623745639424,1.0,0.019972198519424448,0
0.00020354473590468344,-0.03054917194287366,0.9927483476791195,0.026643378961342536,0
0.0,-0.030275442951174326,1.0,0.02958886165800778,0
0.0007107586299690947,-0.02827510835572641,0.9134748974142554,0.05052078616187231,0
0.0011349953856917337,-0.030490305994986436,0.9244166802660471,0.026854849866672033,0
0.0008999543084897042,-0.029383424587757136,0.9189457888401512,0.03868781801427217,0
0.0009406456623403969,-0.029561401919820537,0.9291791080748325,0.0368671606512074,0
0.0007515553252590754,-0.028454508015101042,0.9237082166489367,0.048700128798807536,0
0.0006148823014584191,-0.027488399335043157,0.9179014806866834,0.059003320431635586,0
0.0004937570129103475,-0.02671392978433686,0.902295149466616,0.06710648056904771,0
0.00037087568142936514,-0.02504551869480604,0.9110671196197963,0.08508219093443033,0
0.00043009929869237604,-0.025878933026004705,0.9066811345432062,0.07609433575173902,0
0.0005188509309970104,-0.02670827570421747,0.9123116067128637,0.06729616763522328,0
0.0005948220234846562,-0.027495353669409944,0.9078850234404356,0.058813633365460014,0
0.0010905712036217295,-0.030326448646839168,0.9356152317512847,0.02870353443894889,0
0.0015897194798797027,-0.03216156546788054,0.9416197872705427,0.009034844287493614,0
0.0013513601888041657,-0.031326196987501234,0.9330182337682948,0.017944847077082823,0
0.0012617637890604714,-0.0311620064386678,0.9442167852535326,0.01979353164935968,0
0.0012021684346830612,-0.03164533938248709,0.9606742379947043,0.014723665869526769,0
0.0006495305208016825,-0.031295973297080185,0.9801737831025931,0.0185915469646385,0
0.0009486421291426322,-0.03147128190488418,0.9704240105486487,0.016657606417082634,0
0.0006533795325016649,-0.03046818574764066,0.9743211845440312,0.02744977419336348,0
0.0008777104042389983,-0.03064296329511512,0.9645714119900868,0.025515833645807614,0
0.0011008041309309555,-0.03090388582628693,0.9537440106156133,0.022637942440376257,0
0.0014258902707777715,-0.03190355627037927,0.9511470126326236,0.011879255078510191,0
0.0004437361383105298,-0.02587538638028265,0.9166975917894538,0.0762840228179146,0
0.0003722126745027447,-0.02499725657129168,0.9210429380617182,0.08577719399642986,0
0.00026807076885761345,-0.02338562109950267,0.9198391166000845,0.10305789330582665,0
0.0003167624781544013,-0.02421420540758644,0.9154531181099403,0.09407004212012848,0
0.0003122707994999902,-0.024168772393032372,0.9254289365518623,0.09476504518212801,0
0.00025960636841896337,-0.023343386449686348,0.9298149361923251,0.10375288981290186,0
0.0001869100998846953,-0.021739728533119566,0.9286111402365574,0.1210335744982293,0
0.0001752503425097837,-0.02171671816173288,0.9383886143079087,0.12159482944844954,0
0.00021385791033337964,-0.02252184061089801,0.9342009480105616,0.11274073040910318,0
0.00022484081492189515,-0.02256050636564384,0.9242251284183209,0.11204573390202797,0
0.00047426772950927656,-0.030611007700342266,0.9828352392304159,0.025953053183949564,0
0.00033355295911245323,-0.031234871190891664,0.9900868915512966,0.019281872742031476,0
0.00012669518500442502,-0.020144205553020007,0.9370987349941442,0.13868164058738985,0
8.098365751565228e-05,-0.018522175380176607,0.9461552652949723,0.15698481157382743,0
5.759834768109255e-05,-0.01871044685059347,0.9667960476228014,0.1558120392818966,0
6.562614499447446e-05,-0.019575842627946247,0.9691505023838367,0.14615576816808962,0
4.85577792458124e-05,-0.019191402339171267,0.9755880601643694,0.15064929232397212,0
2.481442235478361e-05,-0.018016060481666707,0.9839134455564386,0.16422012180765025,0
2.9612345666737208e-05,-0.018836233744799365,0.9841467591311881,0.15485333358684894,0
4.051877068273426e-05,-0.018364495316158816,0.97535474658962,0.16001608054477343,0
0.00014232437349923668,-0.020919901204456377,0.942632411686702,0.1304188624930298,0
0.00011611101833356408,-0.02017849681941553,0.9465617920143586,0.1386913821567995,0
0.00010190909527598799,-0.019328405077325986,0.9416270001445582,0.14783322608060864,0
9.145502471382538e-05,-0.019366618189941422,0.9510900571647727,0.14784296765001828,0
7.083430841965835e-05,-0.01862088449907666,0.9564756564588868,0.15639842542786203,0
7.7531278881701e-05,-0.019455482340825784,0.9614104483286872,0.14725658150405285,0
0.00015457600118485272,-0.02093888165159227,0.9328549376153508,0.12985760754280956,0
1.3858825376715002e-05,-0.018445997143201016,0.9919567227782193,0.15941190075079054,0
0.0,-0.01720183152575262,1.0,0.17383656392138738,0
0.0,-0.0180308358168029,1.0,0.1642201218076591,0
1.1371861836764323e-05,-0.017610894424080963,0.9919567227782193,0.16902834286451882,0
0.000917895025632182,-0.02990385501529142,0.9034878065505346,0.03298068109644061,0
0.001037052238184929,-0.030197194365300085,0.9139522434082908,0.02991776548155632,0
0.0008134641394689309,-0.029089088010238948,0.908481351982395,0.04175073362915646,0
0.0006268571844800914,-0.028368650882315213,0.8935095310458505,0.04932700249283163,0
0.0004053228364256619,-0.026822717236526548,0.8823434609765084,0.06571645813043953,0
0.0003300860108853383,-0.025144558441185984,0.891115459431939,0.08369220122527143,0
0.0003681071140232741,-0.025983253139584373,0.8867294602042237,0.07470432967785548,0
0.0004059474279169297,-0.025930467287163785,0.8967053044492775,0.07539934089715958,0
0.00035661706621249473,-0.025094434816644026,0.9010912895258676,0.08438719607985087,0
0.00025664021562885286,-0.02347127052718163,0.8998874757777204,0.10166790130863873,0
0.00029260277270629775,-0.024307055030398934,0.8955014676048297,0.09268005126695508,0
0.0003100919043940779,-0.024260078612829607,0.9054772976987584,0.09337504612153452,0
0.0002670535218364515,-0.02342798525242871,0.9098632961889025,0.10236289730723269,0
0.00019172894102639275,-0.021807649142167776,0.9086594851358276,0.11964366209200965,0
0.00013801649924415768,-0.0201609618125264,0.917431526897843,0.137619326186211,0
0.00016342153745769607,-0.020981621303294628,0.9130455060168353,0.12863149413911032,0
0.00016153011427316407,-0.020953159991267838,0.9230213335672002,0.12932645034222015,0
0.00019271871724696422,-0.021773588637912632,0.9186353126861926,0.12033861829511946,0
0.00022788115334821063,-0.022598868081245813,0.9142493008679561,0.11135077769891816,0
0.00022287477471226048,-0.022637862841984897,0.904273480456774,0.1106557817003242,0
0.0005596259679663754,-0.02754088889225888,0.8979023402562333,0.05821674153093967,0
0.0004570188528831745,-0.02676769662785376,0.8923193052215622,0.06641146934974362,0
0.000507425483007987,-0.02759653573256968,0.8879264960111795,0.05752173031163558,0
0.0006795908484586814,-0.0283215440429283,0.903492214230053,0.049923894327351975,0
0.0007613710834822083,-0.02913683418996404,0.8984986687981926,0.04115384179463612,0
0.0017723577326675126,-0.03277465784575504,0.9229000124190807,0.0023146094600888355,0
0.0017110905685833418,-0.03246786267664519,0.9322598998448117,0.005674726873791225,0
0.001422984964921585,-0.031632688641366015,0.9236583463425638,0.014584729663380435,0
0.0012949461511447189,-0.03158759860414229,0.9075460251930755,0.014959619582150224,0
0.0015235768984609482,-0.032181338474427994,0.9152230188060781,0.00863711452111953,0
0.0012314444160749323,-0.031038563935789208,0.9159813527295613,0.02090723472441113,0
0.001091315498004396,-0.030746057008562835,0.905516915871805,0.023970150339295417,0
0.00013465190261074405,-0.02015328517087047,0.9272651309459936,0.13815048338680042,0
9.561997684615272e-05,-0.018541579695178046,0.9262035903857434,0.1555949367891114,0
6.337288542361201e-05,-0.016963406590443757,0.9349756734244599,0.1735705047225088,0
5.039537422586272e-05,-0.017014335978229687,0.9544991757279919,0.17445050125103923,0
6.432821552648988e-05,-0.01776248621817004,0.9503272205114821,0.16571765641243333,0
5.784168673188886e-05,-0.01699269220380061,0.9447374245762259,0.174010502986774,0
7.228597109399546e-05,-0.017746355622854027,0.9405654693597161,0.1652776581481681,0
8.983745161018824e-05,-0.01853372841012278,0.9361794278403579,0.15628987418146942,0
7.832705298647687e-05,-0.01774633495211824,0.9305896319051017,0.1645827207558101,0
0.0001107969292630558,-0.019346106616953514,0.9316511626899437,0.14713828868825063,0
0.00011545870704331144,-0.019347070281536944,0.9218175586417932,0.1466071314876612,0
5.4811666992092147e-05,-0.017864184361218706,0.9606476116753966,0.1651312702664679,0
3.564709277849553e-05,-0.017165536176974184,0.9708096859654012,0.17360669371516813,0
1.6825100911271346e-05,-0.01636961549253412,0.9836280332850106,0.1833923680950066,0
2.5616191908496354e-05,-0.01676716526970531,0.9772188596252058,0.17849953090508736,0
3.1179881309049834e-05,-0.017593375904478722,0.9773615657609198,0.16891340776140917,0
2.050260126642599e-05,-0.017186883977385065,0.9837707394207246,0.17380624495132843,0
9.451443774937286e-06,-0.01678960740004109,0.9918140166425053,0.178614466008197,0
0.0,-0.015582980926417363,1.0,0.19306939704453077,0
0.0,-0.016385219954047337,1.0,0.18345298048295908,0
7.657501722379393e-06,-0.015979117386496405,0.9918140166425053,0.1882308825697687,0
4.363814057685043e-05,-0.017094003400495977,0.9626544308466966,0.17402859748310368,0
4.549922318968986e-05,-0.017933097904715496,0.9688028667941013,0.16470936649853235,0
0.000731335503793216,-0.029859958242357112,0.8844842267352802,0.033316788824082906,0
0.0004697590542710593,-0.0284996591355033,0.8735691752904488,0.04777345755774283,0
0.0005910756529750053,-0.029180288709344936,0.8790267010128645,0.04054512319091287,0
0.0006817409015309303,-0.029114106291250188,0.8889968788905653,0.04132189565845727,0
0.0005568089543961115,-0.028433553090188683,0.8835393531681497,0.04855023002528723,0
0.0004398763544483251,-0.027661088949470825,0.8779563181334786,0.05674495784409118,0
0.00026446589438935806,-0.026937193831153634,0.8623913642850461,0.0643318629328237,0
0.00024448355395572307,-0.02525024867937192,0.8711636905950935,0.08230336162493851,0
0.0003404631630713904,-0.026879047773002863,0.8723674126307772,0.06502416053163161,0
0.0002571751716852258,-0.026093792978481408,0.8667775274400698,0.0733176122788811,0
0.0003179762695852368,-0.026037632659214605,0.8767535757858009,0.07400990987768902,0
0.00029228481907700134,-0.02519633458941178,0.8811395750135163,0.08299778142510497,0
0.00020945720287884146,-0.023563552145946957,0.8799357913370696,0.10027805528723273,0
0.00022810382584797188,-0.02440666698660173,0.8755497409660815,0.09129070845608561,0
0.0002649600371935158,-0.0243557484471322,0.8855256253845043,0.09198512825625207,0
0.0002372210626083624,-0.023516226302180282,0.889911633557395,0.10097297829793572,0
0.000169618356468447,-0.0218806838281048,0.8887078158482337,0.11825383637325328,0
0.00018967077209320804,-0.0227213305877462,0.8843218035926517,0.109265945830243,0
0.00020999561991325784,-0.022678395076790186,0.894297645812977,0.109960868840946,0
0.00018394899573943315,-0.02184299505624293,0.8986836504920306,0.11894874923263146,0
0.00013111963991841287,-0.020207623201173062,0.8974798752674368,0.13622947212651965,0
9.708306465646933e-05,-0.018553847166702057,0.9062519369215812,0.15420509857014944,0
0.00011343711629347781,-0.019377554293257545,0.901865906094509,0.14521728534833456,0
0.00011651382462410998,-0.019361742311393253,0.9118417319097121,0.14591221237818022,0
0.00013700620234062172,-0.020183409224285045,0.9074557010826398,0.13692439915636534,0
0.0001595289261825905,-0.021010956767660793,0.9030696802016323,0.12793656710926465,0
0.0001499482486546414,-0.021042435780052063,0.8930938455578352,0.12724165424988645,0
0.0008338133486462258,-0.0298816118340474,0.8939860166429074,0.03314873496026176,0
0.0010220500915180297,-0.031002168751142006,0.8941401327214983,0.02115172217389908,0
0.000868398088525934,-0.030431349235220357,0.8893121797283892,0.027234255498990993,0
0.0009743208036040792,-0.030452820952288327,0.8988139696360165,0.027066201635169845,0
0.001157970444910326,-0.03129492898032931,0.9008430789572869,0.018055670878024652,0
0.0012127315259672772,-0.03232259700096298,0.8898230004158866,0.006979709760254222,0
0.001735632026343739,-0.03341414378373372,0.9042725325818255,-0.0046605653234299054,0
0.0015058490896543565,-0.0325010357149663,0.9059092788874505,0.005149527129360159,0
0.0017823407905312126,-0.03309399860070089,0.9135862725004531,-0.001172977931670535,0
0.0003577590078591564,-0.027719186580689496,0.8679802697877474,0.05605266024528326,0
9.808142970050658e-05,-0.01854760762374713,0.9162277636536623,0.1549000176796304,0
6.86481567045667e-05,-0.016933715747734498,0.9150240063197104,0.17218071130209303,0
4.5837309630008104e-05,-0.015367265271484562,0.9237961009281089,0.19015626308336311,0
5.656283529232626e-05,-0.01614230821382208,0.9194100536239096,0.18116848719272807,0
5.449711659863531e-05,-0.016171230977632695,0.9293858871762843,0.18186338390293594,0
6.717915341683784e-05,-0.016949990670891996,0.9249998398720851,0.1728756080123009,0
8.166697307125564e-05,-0.017742947969408823,0.9206137983527269,0.1638878240456022,0
8.214616598157821e-05,-0.017738458134985834,0.9106379716206459,0.16319290493612124,0
0.0014615763250344271,-0.03286856139998277,0.8970477664988561,0.0011595722184121584,0
0.0012732542442335075,-0.031954689912393176,0.898684512804481,0.010969664671202223,0
0.0011166017007622259,-0.03166243102340305,0.8919815665686924,0.01406571596707665,0
3.962933483818546e-05,-0.015443589759991931,0.9437477865125415,0.1915459992634592,0
4.5251962805785976e-05,-0.01623181843797549,0.9491234811202667,0.1829982502572492,0
5.054366551106454e-05,-0.0161950347831301,0.9393617299685006,0.18255825199298398,0
4.348692961114123e-05,-0.015409380840365462,0.9337719437203252,0.19085113117341115,0
2.733003941607944e-05,-0.015514040116859886,0.9651997389440642,0.19262029421734517,0
1.0834872788619858e-05,-0.014776603108185585,0.9835800581644227,0.20260081196639054,0
1.857609544001787e-05,-0.015147520152183284,0.9743898985542434,0.19761055309186787,0
1.3585992485882124e-05,-0.015565033984734935,0.9836040457247166,0.19299659003069858,0
2.315057257872582e-05,-0.0159495554346686,0.9744138861145374,0.18800633115617588,0
3.14983964103499e-05,-0.01633598666124826,0.9680047124547326,0.18311349396625665,0
3.768014776420334e-05,-0.01625599037293324,0.9598494573360281,0.1835353977341922,0
3.415229301363729e-05,-0.015486541401170069,0.9544737627283029,0.19208314674040217,0
6.159572261207791e-06,-0.015184940984159491,0.9917900290822114,0.19783510450546066,0
0.0,-0.01403063892148578,1.0,0.21230217707587207,0
0.0,-0.014797310081369896,1.0,0.2026857870602014,0
4.8661950286233615e-06,-0.014407447997070957,0.9917900290822114,0.20745149452113132,0
0.0004907933336473574,-0.030031661880966714,0.8646675814945595,0.03137899341025544,0
0.0006199800385520276,-0.02994525846875926,0.8745759041149198,0.032347891117169174,0
0.0004854103049203868,-0.02926565916610127,0.869118378392504,0.03957622548399914,0
0.000254431143900393,-0.028623226232652572,0.8536192216641553,0.04635706419488788,0
0.00036236899740268693,-0.02932784329429026,0.8591434015793573,0.03886802880257166,0
0.00036780041752984034,-0.028560695571708105,0.863594198477302,0.04706526087631535,0
0.00026433429071104613,-0.02778042961795303,0.8580052929746007,0.05534446356385579,0
8.773191621825295e-05,-0.027060424855877813,0.8424398664260208,0.06293831347494566,0
0.00016189163292369544,-0.027842371273801098,0.848029544045088,0.054647688834916774,0
0.00017948855530824654,-0.0269977577941784,0.8524156153555335,0.06363508820388468,0
0.00012493817581286806,-0.025365849594602502,0.8512119118264296,0.08091373967395599,0
0.00013263729097515503,-0.02366754937915689,0.8599840146483209,0.09888865156896992,0
0.00013160259332955194,-0.024517117228757608,0.8555979632373752,0.08990119562146295,0
0.0001832034696543829,-0.02446034533721732,0.8655738526217072,0.09059600659695421,0
0.00018815795560236934,-0.025306683031292403,0.8611878012107615,0.08160855064944725,0
0.00018753018835637186,-0.026152425532412055,0.856801638055738,0.07262280130338984,0
0.00011096422797661407,-0.026213647022566993,0.8468258891262253,0.07192602657445082,0
0.0008101782273849448,-0.03129679542552995,0.8763273195565622,0.017904415137431712,0
0.0006392906919489575,-0.030664514681116948,0.8704974505255608,0.024641704273843577,0
0.0007751428045026686,-0.030578332258174294,0.8804057731459212,0.02561060198075731,0
0.0009274811319861623,-0.031149100037104274,0.8852337261390302,0.019528068655665396,0
0.001001492052664858,-0.0318098615576587,0.8830751599862243,0.012442062448842967,0
0.0009273297046593691,-0.03284155478558945,0.8712242398965101,0.0013465837075109642,0
0.0014830208979427686,-0.03400940985035683,0.8854642783274673,-0.011127344063131121,0
0.0011891434981655413,-0.03342565914507415,0.8783442591119888,-0.004890380177810078,0
0.0010861922448019608,-0.03258167203513519,0.8805236201561983,0.004163146733882593,0
0.0013476092881368235,-0.03316612937361293,0.8876436393716769,-0.0020738171514384494,0
0.0016334406732659635,-0.033711366967906914,0.8948684054546464,-0.007893954693280513,0
0.00017423654414157466,-0.02361382566048878,0.8699599029926952,0.09958335342810132,0
0.00012327490922392967,-0.021966811911273375,0.868756044926345,0.11686440852575715,0
0.0001625480525984527,-0.02276741932722532,0.8743459181317073,0.10857123190649494,0
0.00012946644011478328,-0.022817322460886948,0.8643700297873329,0.10787653004736353,0
0.00014918334806281753,-0.02192166733766163,0.8787319303872894,0.11755912244950521,0
0.00010548926423293755,-0.020267167670453484,0.8775281878913177,0.13483981654715707,0
0.00011502712355027351,-0.021116531466150237,0.8731421164088313,0.12585211253645712,0
0.00013496288979878131,-0.021077264867943084,0.8831180018697757,0.12654682646020518,0
0.00012051049534777908,-0.020235076462138034,0.8875040315793772,0.13553464433683837,0
8.478114200319035e-05,-0.018575408940807024,0.8863003053540794,0.15281527352131163,0
6.430968045716437e-05,-0.016903778491075203,0.895072372274376,0.17079092495733875,0
4.5790464737998925e-05,-0.015281957343189718,0.9039771437429794,0.18868134637533296,0
4.6629176458608275e-05,-0.015325075024874533,0.9138866223355442,0.18941880472934802,0
5.670650911066554e-05,-0.01611588373225726,0.909500575031345,0.18043102883871298,0
5.4778630497461725e-05,-0.016086117239998858,0.8995247580086777,0.17973613566633584,0
6.769206545000986e-05,-0.01691732316396863,0.9050481892970432,0.1714858181297159,0
7.97054397558067e-05,-0.017735307954356756,0.9006621545979786,0.1624980117637441,0
9.261356186230357e-05,-0.018562407586287872,0.8962761211378303,0.15351018604573052,0
0.00010628658029116169,-0.019396297074531412,0.891890090310758,0.14452237282391564,0
9.525711049227845e-05,-0.019419689582219495,0.8819142466226986,0.14382754503423434,0
7.43881496049871e-05,-0.017736029640017956,0.8906863388142277,0.16180309923932518,0
0.0008710424715467822,-0.03206930394862814,0.8737757797265362,0.009625499422471338,0
2.9363065586351362e-05,-0.013694173912041703,0.9127783744614171,0.20695169253847387,0
3.722049287118399e-05,-0.014476836553291603,0.9083777591021982,0.19781651945690343,0
3.739883173560852e-05,-0.014539928785318179,0.9182872376947631,0.1985539778109185,0
2.862451895377805e-05,-0.013929235798769306,0.9326076956032062,0.20756518318138087,0
2.3132623970812646e-05,-0.013954296928482006,0.9506327869208472,0.2098486890041446,0
1.4442052548392641e-05,-0.013657580279036114,0.9675632143175737,0.21544264177201553,0
1.8793373626517553e-05,-0.013809697988044763,0.9590980006192105,0.21264566538808005,0
2.0174762684329995e-05,-0.014571943603266599,0.966381476630819,0.20403146799468036,0
1.3397338988470797e-05,-0.014223434878297464,0.9755716362409983,0.20902172686920303,0
6.514219328853518e-06,-0.013249005923878327,0.9833456005413109,0.22191853002566178,0
0.0,-0.012564991889062429,1.0,0.2315348829754959,0
2.8488570001760095e-06,-0.012912347028877785,0.9916728002706554,0.22672670650057886,0
3.8097347020283816e-06,-0.013646621533978854,0.9916728002706554,0.2171103535507669,0
0.0,-0.01328559451597831,1.0,0.22191853002568399,0
3.6661408433996666e-05,-0.014637274732193376,0.9282018982656576,0.198860723132372,0
3.4247511384580155e-05,-0.014692112812511352,0.9381777410578739,0.19955559122242003,0
2.6226657109251888e-05,-0.013946797150723106,0.9416202412620267,0.20870693609276275,0
3.063600357038792e-05,-0.014688404407102645,0.9471902867166944,0.2006973441338019,0
2.5895744254608645e-05,-0.014739894116174945,0.9579162629324557,0.2012344916107449,0
2.9541622088629162e-05,-0.013816717279519226,0.9226930350323117,0.20725843785992737,0
8.517787546355134e-06,-0.0140021069353621,0.9834628293528669,0.21225967099602616,0
1.0303567215099728e-05,-0.013457689556189626,0.9754544074294423,0.21868058589883865,0
0.00019073853844663646,-0.030222557634008707,0.8447840688563172,0.02928604438630586,0
4.373903108203075e-06,-0.028750996660265538,0.8336677513510012,0.04496201908078611,0
8.702816309141638e-05,-0.029487044529646327,0.8392259101036592,0.03712403173354599,0
0.0002299905493165809,-0.029423118376378867,0.8492016452602362,0.03782155429059687,0
0.0001323275519381548,-0.028686315207013532,0.8436434865075783,0.045659541637836996,0
5.302778784918943e-05,-0.02790621481990989,0.838053808888511,0.05395016627786589,0
-0.00010679282915713082,-0.027191916993731694,0.8224882094220002,0.06154680922359754,0
-5.9683013269150404e-05,-0.02797171870027237,0.8280779803865007,0.05325441415219183,0
-8.490777086777586e-06,-0.02712512747046522,0.8324640379240105,0.0622425613492716,0
-1.505448625279049e-05,-0.025492827484845503,0.831259803510416,0.07952418265252523,0
3.5349956821151834e-05,-0.02378646289580657,0.8400318619622589,0.09750025399765179,0
1.4356340716005645e-05,-0.024640631086173693,0.8356458327363374,0.08851221832508852,0
5.6581252989971975e-05,-0.02542788591104706,0.8412358576684228,0.0802189611632406,0
7.478558206833605e-05,-0.0245771423863215,0.8456218868943443,0.08920699683580388,0
8.58893446769372e-05,-0.023725016060997525,0.8500079383052899,0.09819445278331085,0
5.831494949132532e-05,-0.022071943841085594,0.8488038322736189,0.11547661259211972,0
9.267808610283966e-05,-0.02201671788750035,0.8587799385999819,0.11617051055893843,0
9.142032835257641e-05,-0.022871455051401483,0.8543939234609699,0.10718263208054482,0
4.954034661092171e-05,-0.02293023439165712,0.8444178471179389,0.10648843329488575,0
0.0003468149102722667,-0.030126499636713353,0.8547258251754384,0.03033251889828065,0
0.00045360599531688104,-0.03178617701543829,0.8546617264103831,0.012599139628745745,0
0.0005914631754212362,-0.03341552939672659,0.8550135064283952,-0.004838860590176739,0
0.0005192759855807095,-0.03260115663274201,0.8548376164193892,0.0038801395192845033,0
0.0007715077045508382,-0.033128257187970495,0.8631188731624526,-0.0017461384413328873,0
0.001035734882223773,-0.034486946246877655,0.8662644029428757,-0.016300102235923236,0
0.0009861035886587696,-0.03366438407371835,0.8687443214196928,-0.007476759264206136,0
0.0012776014340120545,-0.034247821187956363,0.8758643406351715,-0.01371372314952718,0
0.0003091206906966847,-0.031004717312059837,0.8497228976333502,0.020942592007525802,0
0.0004825513099403112,-0.030909031564536085,0.8596646539524713,0.021989066519500593,0
0.0006468450166222875,-0.03154087565187865,0.8654945229834726,0.015251777383088728,0
0.000676820844451097,-0.032313901087871535,0.8629429831534465,0.006972861668128355,0
2.949866286162467e-05,-0.02627716017696046,0.8368498349682183,0.07123124806373544,0
-5.4734942385437963e-05,-0.02634323114416363,0.8268740064662081,0.07053549593806138,0
0.0008008789132743146,-0.033951339278538877,0.8606389546856354,-0.010569481413049987,0
6.413362400582114e-05,-0.0203498310485888,0.8575763043260655,0.1334509865676877,0
8.650578640618168e-05,-0.0203050783071714,0.8675522461086915,0.13414540155742238,0
9.074558254159095e-05,-0.021161140745318694,0.8631661746262052,0.12515769754672243,0
6.285244849028195e-05,-0.021211769206844172,0.8531900682998421,0.12446379957990371,0
6.017450245977599e-05,-0.018635090225213344,0.8663574907277594,0.15129816345864153,0
5.067238027404226e-05,-0.016897391898078998,0.8751207744046164,0.16940109477712173,0
5.585217355336867e-05,-0.017765283820344244,0.870739132566188,0.16034962911788164,0
7.390361705055224e-05,-0.018601065927863824,0.8763288980409194,0.1520567184899766,0
6.633416583671234e-05,-0.017743141200415896,0.880710539879348,0.16110818414921668,0
5.858508183307985e-05,-0.01689613765718591,0.8850965733394962,0.17009600986723022,0
3.951705632254924e-05,-0.015237330546618244,0.8840088773629242,0.18690896381344677,0
5.108880712176398e-05,-0.016079697824816074,0.8895406248186501,0.17884994438539276,0
4.34540105490376e-05,-0.015255513529894505,0.8939930105529519,0.18779515509438988,0
2.7009922957014972e-05,-0.013563928116633688,0.8930193534211202,0.2050490672900576,0
1.318245252657405e-05,-0.011774255985140758,0.9018501828319537,0.22540512082449315,0
1.993369761502553e-05,-0.012651027754841962,0.8974347681265369,0.21522709405727536,0
2.868821695660139e-05,-0.013627361666079585,0.9028988639412686,0.20600037991426573,0
2.106575148224331e-05,-0.01274940202241117,0.9073142786466855,0.21617840668148353,0
1.7191683777741885e-05,-0.01240965178632174,0.923713587569401,0.22347605914060528,0
2.2987897112433892e-05,-0.013035926252594086,0.9182459810154091,0.21521387583953958,0
1.561230468967009e-05,-0.012104541185540304,0.9127818852006774,0.22444058998254923,0
8.077975578639475e-05,-0.01945552001745298,0.8719428393095385,0.1430689900028993,0
6.305341112775269e-05,-0.01949275691339833,0.8619668975269124,0.1423745750131646,0
4.52924440101364e-05,-0.01606363495925473,0.8795648258837703,0.17815502929528426,0
3.3282911977429715e-05,-0.014392010398510947,0.8885141153920222,0.19597901555175218,0
3.5942254226634525e-05,-0.01443505701323649,0.8984982485820499,0.19686520683269526,0
2.2863979505008852e-05,-0.013174893175512433,0.9281606415863036,0.21552062116099308,0
1.743191749131209e-05,-0.012761467599928002,0.9391911524858793,0.22247329569270963,0
1.75766081992391e-05,-0.0125929033760422,0.9314523700276401,0.22297467741665744,0
2.2657286355393496e-05,-0.013335770565550326,0.9358994240445427,0.21501923943704526,0
2.0539127544061586e-05,-0.013363894291604062,0.9449119697033632,0.21616099234842712,0
1.1804499434600363e-05,-0.01236562239491783,0.952988211158283,0.22991611566792522,0
1.3625862535437385e-05,-0.013018935336762955,0.9602757127379284,0.22267937871997037,0
1.697638791501563e-05,-0.013146358327785244,0.951810499039565,0.2198824023360349,0
1.4551910634600775e-05,-0.012562752583701379,0.9460896818220812,0.2261947056803174,0
7.491599848056302e-06,-0.012273146637368205,0.9697635067777605,0.233632562539432,0
9.699553245302821e-06,-0.012326878531134833,0.9613758589680217,0.23177433910367862,0
1.0647611630861297e-05,-0.012953480232430394,0.9686633605476671,0.22453760215572377,0
7.430978674733156e-06,-0.012765874318970447,0.9765545536595357,0.22777554628254687,0
2.902210671619955e-06,-0.011862389200827923,0.9853938352239495,0.24078949548781628,0
0.0,-0.011208668252572785,1.0,0.25076751835757854,0
1.1653895053181964e-06,-0.011539570876295145,0.9926969176119748,0.24577850692269743,0
1.7908430150052992e-06,-0.012219477739174889,0.9926969176119748,0.2361621892316561,0
0.0,-0.011871691033774811,1.0,0.24115120066653722,0
4.499572360160106e-06,-0.012542257114422098,0.9843697178826303,0.23135401275673903,0
5.024707364190783e-06,-0.012073150359533234,0.9775786710008549,0.23721102901362412,0
-0.0001446702905097906,-0.030342998929434706,0.8248357426264089,0.027996863828947196,0
-0.0002577678285114906,-0.02888460207768679,0.8137159964400378,0.04357084963590819,0
-0.00017359413690692916,-0.02803896899685517,0.8181021029310189,0.05255882942975286,0
-0.0001266256505577509,-0.028817054776912408,0.8236918738955195,0.04426643435834715,0
-0.0002108550647945734,-0.029613863886763608,0.8192758695332234,0.03578385673242769,0
-6.0921226152968275e-05,-0.029547390490300186,0.8292517469887051,0.03647944145486665,0
2.4950897489805913e-05,-0.03028217433443214,0.834809905741363,0.02864145410762653,0
4.203587105891208e-05,-0.031524709502960185,0.8353667770128517,0.01537157730787953,0
7.871919727470661e-05,-0.033189256857520194,0.8362870673736543,-0.002433628264964069,0
0.00024546979607061324,-0.031655040402144445,0.8450142517116174,0.013985358468312638,0
5.865874189360928e-05,-0.03235732074159117,0.835826922193253,0.00646897452145773,0
0.0002902909411577856,-0.03248748755244532,0.8454743968920186,0.0050827556818908385,0
0.0003326428029451032,-0.0333020993021691,0.8456502869010247,-0.003636244427570404,0
0.0004412858291537701,-0.03477420984719157,0.8466300903652113,-0.019406271561278922,0
0.0002423465553304298,-0.033981913265437785,0.8414585788694329,-0.010919949913121495,0
0.0005278241249310563,-0.034094914691762956,0.8508217983968033,-0.01212256607572783,0
0.0007492350769854221,-0.03463028335150048,0.8564472466540435,-0.01785318689860108,0
0.00012533839210973692,-0.030873738482191715,0.8400754229345844,0.022328810847092696,0
-6.0718609208072955e-05,-0.030933900621915134,0.8301012598196302,0.021684220568413362,0
-0.0002997107585748275,-0.02733113302775807,0.8025364786592316,0.06015627291585523,0
-0.0001603320770126495,-0.02563073438206985,0.8113065981202049,0.07813758063205477,0
-7.121292960503669e-05,-0.02392108415207791,0.8200789085669383,0.09611363112080494,0
-4.7997466480166474e-05,-0.02470735366821729,0.8256693560386772,0.08781890688666508,0
-1.7528783420715198e-05,-0.023851833203565067,0.8300553852645987,0.09680694255922836,0
-1.752029157632016e-05,-0.022198517661944098,0.8288497649251093,0.11409524943518054,0
-4.071855474140241e-05,-0.02306152275169243,0.8244643367460238,0.10510444027799273,0
5.052456085403071e-06,-0.02299341763729918,0.834440813443684,0.10579775171641617,0
2.1207981262651523e-05,-0.022132432932079157,0.838826798599364,0.11478593101365013,0
1.202345059964775e-05,-0.020461951694053692,0.8376236053326139,0.13206565345432744,0
2.6183699767411734e-05,-0.018783984692323046,0.8464502033522143,0.14927060345059906,0
2.0638702951643595e-05,-0.01962485649976692,0.8420369043424141,0.14066812845246324,0
4.305467733135341e-05,-0.01956987905684534,0.8520132538391398,0.1413607950091434,0
3.905070792085641e-05,-0.020401955298377124,0.8475999548293397,0.13275832001100757,0
3.219005015060193e-05,-0.02126878571429442,0.8432137188031164,0.12377113302322358,0
-3.103958771939528e-07,-0.021332274831440623,0.8332366851288616,0.12308045144475399,0
-0.00028598344759567923,-0.028107830014323036,0.8081262375496348,0.05186356127588171,0
-0.00020471292873786682,-0.027260630277581965,0.8125123440406159,0.060851541069726386,0
-0.00013954428999110783,-0.02641143329448424,0.8168974037711025,0.06984219492782615,0
-0.0002226537171007497,-0.026481999477571662,0.8069215383897183,0.069146926773955,0
-8.80305778958211e-05,-0.025560456433920437,0.8212832008153104,0.07883088164228999,0
-0.00011050869994381545,-0.02477728673465053,0.8156927533435716,0.08712560587642985,0
4.425165187139566e-05,-0.018704095824694133,0.8564038470399868,0.1502843834546203,0
3.0403210047419037e-05,-0.01713131801067957,0.8550895723687433,0.1660791884394883,0
4.388457912798012e-05,-0.017887612338846674,0.8607235315482513,0.1586886759490649,0
4.160608088358083e-05,-0.017006542318168488,0.8651051733866799,0.16774014160830503,0
2.5220927169432622e-05,-0.01519617113909294,0.8617162509506534,0.18544362213591162,0
3.31520312574507e-05,-0.015206319875694669,0.8728625641567889,0.1861762929746792,0
3.676316553986914e-05,-0.01605578397492065,0.8684185126776349,0.17742235845651666,0
2.8170407754122445e-05,-0.016167057947926274,0.8584029116596983,0.17576140528769996,0
2.9232116307268552e-05,-0.017959082058173956,0.8507698878604788,0.1576748959450437,0
2.190679155170781e-05,-0.013648578855135875,0.8728912590624363,0.20140856505957105,0
3.0109605047014263e-05,-0.014454225803630124,0.8784500682126802,0.19415876443650892,0
2.498676648799045e-05,-0.013595254798733011,0.8829553062417782,0.2032288161748143,0
1.1803896189332289e-05,-0.011816973601555302,0.8798161042072641,0.2200785485973916,0
0.0,-0.01000000000000012,0.8854261880583083,0.2388915800012268,0
1.2754789030584297e-05,-0.011780355710785489,0.8908331435196088,0.2227418347109424,0
6.044283877828595e-06,-0.010900206328123335,0.8826211461327862,0.2294850642993092,0
6.658013051913394e-06,-0.01092265762497465,0.893638185445131,0.23214835041285997,0
0.0,-0.01000000000000008,0.9042408170745975,0.2453582790191335,0
6.398071476394099e-06,-0.010874162112046613,0.9030454999532755,0.23538169992181335,0
0.0,-0.010000000000000007,0.8948335025664529,0.24212492951018016,0
2.415222465962824e-05,-0.014416084750054316,0.8673037550065448,0.19342609359774132,0
1.9071226926907398e-05,-0.012709922918322958,0.8864177288141921,0.2125638079437246,0
1.702818028053895e-05,-0.012727065779787973,0.8763536816348502,0.21074355682848134,0
7.061251208123872e-06,-0.011008251428096182,0.9174846626967951,0.23820856221836817,0
8.044373416104857e-06,-0.011336925529143338,0.9361440797996569,0.23944152472263322,0
1.2570146564792719e-05,-0.01204321191184384,0.9376676161427681,0.2309574102076714,0
1.2266118664349034e-05,-0.011855923633806192,0.9299288336845289,0.23145879193161925,0
7.792653729137586e-06,-0.011183485646263537,0.926814371248226,0.2388250434705007,0
1.2074174083912074e-05,-0.011711830810448083,0.920599125133098,0.23084231067948674,0
1.0036156724443392e-05,-0.011371753183484627,0.9096674227643744,0.23180684152143066,0
3.7161391413926403e-06,-0.010520298617035132,0.9108627398856963,0.24178342061875086,0
1.0357497815241779e-05,-0.011867090052002774,0.94456614547897,0.23467882019527922,0
5.038446528389564e-06,-0.011156547592225268,0.955386561126889,0.24645301636631342,0
2.859178577713714e-06,-0.011058085652502735,0.9725808275537268,0.25098036345424557,0
3.961974962721805e-06,-0.011117819800717691,0.963983694340308,0.2487166899102795,0
6.6516216179693165e-06,-0.011722945585727066,0.9625750339523247,0.24004278945287272,0
4.93701922053774e-06,-0.011652335024240585,0.9711721671657436,0.24230646299683878,0
3.159596640758927e-06,-0.011465366721957668,0.9789873313888382,0.2458849294710309,0
1.0510700960448942e-06,-0.01082978533088985,0.9869217411762077,0.2559886714480935,0
0.0,-0.010000000000000068,1.0,0.27,0
2.45935940058004e-07,-0.010406311655510906,0.9934608705881038,0.26299433572404673,0
6.622552095553541e-07,-0.011026625010515054,0.9934608705881038,0.253378094902836,0
0.0,-0.010580911762511046,1.0,0.2603837591787893,0
6.5592124193264415e-06,-0.011253371860537377,0.945765320463273,0.24294727054447332,0
8.157319466746427e-06,-0.01174899856399012,0.954187386142586,0.23818456601711932,0
1.880468675622209e-06,-0.011335927806967613,0.9861577882000786,0.2483890834679549,0
1.887460973731215e-06,-0.010951813016510062,0.9797512843649672,0.2534845174511695,0
-0.0003820615355409782,-0.03208365902990518,0.8162652770775107,0.00940947072848723,0
-0.00016202678481869274,-0.03180383657489434,0.8258160270451812,0.01239052401818338,0
-0.000172945420034021,-0.03263613776345749,0.8262761722255825,0.0034879212317615806,0
-0.0004227349569851695,-0.033579167152650954,0.8182759517281377,-0.006600439773483515,0
-0.0004035906961154286,-0.03283164016415203,0.8172706144028242,0.0014045154775018578,0
-0.00016578160991742013,-0.03338395074312597,0.8272815095508961,-0.004517034019223792,0
-0.00021976272203327635,-0.03481785819924259,0.8267609448888539,-0.019877912864170195,0
0.00011235293281962353,-0.034795765026686985,0.8366955176270325,-0.01964209221272456,0
-5.4160446568761675e-05,-0.03400372971970697,0.8315240061312541,-0.011155770564567132,0
-0.0003322527646940694,-0.03419855509251178,0.8225184483084957,-0.013239176318826856,0
-0.0004808656085166806,-0.03045389732795247,0.8049193114720142,0.02685849735771459,0
-0.0005069947093974594,-0.029005727876699163,0.7937509261166183,0.04237087097473696,0
-0.0004700630166956982,-0.02747352038555703,0.782582523773192,0.0587977484759278,0
-0.0002945405478221539,-0.02577724411719598,0.7913537457208498,0.07675980070335255,0
-0.00017457575703847686,-0.02406773288272324,0.8001165936045395,0.09475096625827432,0
-0.00022987134806338577,-0.025702973163396505,0.8013301719205274,0.07744869066770366,0
-0.00022864162085272846,-0.024924027942811136,0.7957351696626946,0.08575538348081344,0
-0.00017134747670880332,-0.02484902255684762,0.8057115958623722,0.08644427344516455,0
-0.0001241114734133727,-0.023992804734013634,0.8100977510857389,0.09543229868953963,0
-9.507189669232877e-05,-0.02234412470678868,0.8088876523188399,0.11273785360074579,0
-5.6694757661626726e-05,-0.022268837323232562,0.8188687086219746,0.11341655151796316,0
-8.640072574956747e-05,-0.023132650087265224,0.8144832804428891,0.10442574236077537,0
-0.00013056274561664175,-0.023208029948414963,0.8045021229616897,0.10374440992951006,0
-0.0003142832208710261,-0.030397909094683668,0.8148775270492116,0.027427680593330894,0
-0.0002501316323533643,-0.031213759509533135,0.8205505098519599,0.018703167278717212,0
-0.0004443680909732566,-0.03126881675121927,0.8105922942747625,0.01813398404310091,0
-0.0003587441175188415,-0.029669745312863108,0.8093176539560261,0.035214673496811386,0
-0.0005023729882117982,-0.029729683868324214,0.7993351187943163,0.034614684166225776,0
-0.00038556057827578177,-0.028944549075958205,0.803733461278328,0.04297086030532257,0
-0.0003934604648145337,-0.028169221061078806,0.798143702387925,0.0512635719452961,0
-0.0004938998668673121,-0.0282393215555839,0.7881667249449051,0.050584309725332385,0
-0.0003890562410555192,-0.027401686638590862,0.7925595012162119,0.059477010695891515,0
-0.00030170028063142176,-0.026553888091220786,0.7969451121900407,0.06845803680960388,0
-0.0003742302604893035,-0.026626483813602757,0.786968134747021,0.06777877458964017,0
-4.445976110110243e-05,-0.02060384632371801,0.8176678200153022,0.13069513505846464,0
-1.3923274899491886e-05,-0.01896812120868831,0.8266579551660457,0.14733351373834036,0
-2.7246185605649312e-05,-0.01978893796474955,0.8221628875906739,0.1390143243984025,0
-2.882083223217379e-06,-0.019716247235188816,0.8321407802493298,0.1396995835963339,0
-1.6111361100928722e-05,-0.020529138586167305,0.827645712673958,0.13138039425639603,0
-3.364531598926732e-05,-0.021401773581843902,0.8232587924702057,0.12239519224682259,0
-6.676380924545203e-05,-0.02147677489662401,0.8132777361670711,0.12171649432960521,0
6.617837805181906e-06,-0.018870657241930485,0.83655407925913,0.1483020585944697,0
4.481199752777468e-06,-0.01741310608927962,0.836257949216994,0.1629210786782995,0
1.4068632166440667e-05,-0.01810064205777995,0.8413540762846041,0.1560958410644493,0
1.8143007951893446e-05,-0.01726513282292632,0.8456737607928686,0.1645001335588939,0
1.3059745028570699e-05,-0.01588136625697958,0.8452643482591301,0.17808005405784588,0
6.921551908440021e-06,-0.01425098497628399,0.8426286293069664,0.1935436412079667,0
1.425661754257125e-05,-0.01365610245881485,0.8568401413739577,0.19979550536917037,0
8.076729694627035e-06,-0.01191683016096743,0.8593263911851743,0.21594520953495797,0
1.1277951908075293e-05,-0.012794233217146851,0.858083266279566,0.20787035745206417,0
1.832805709459688e-05,-0.013643302206908337,0.864865700218197,0.2006020352143707,0
1.4332718507050338e-05,-0.012799020998854091,0.8661088251238053,0.20867688729726452,0
1.0165506325707952e-05,-0.011842871147186353,0.8695712476962192,0.21801187906617478,0
0.0,-0.010000000000000082,0.8662195908051051,0.2337211683996453,0
5.593383453285346e-06,-0.010942194267870109,0.8730178475061846,0.22689985849851846,0
0.0,-0.009999999999999993,0.8758228894317067,0.23630637420043604,0
-3.353264818623055e-06,-0.018193197993853924,0.8314579521915199,0.15512729620831994,0
9.67048969485467e-06,-0.016649423888504412,0.8407611487380621,0.1705005663680727,0
2.092100879997313e-05,-0.01650934325787424,0.8501769603139366,0.1720796212486671,0
1.9974967153611886e-05,-0.0155300716369661,0.8534902996048918,0.18176183809687874,0
9.67992404074759e-06,-0.015073993199812728,0.8439464887830482,0.18581184763290629,0
1.5457493479071603e-05,-0.014718933176633713,0.8521724401288099,0.18949363167193917,0
1.9293340590432793e-05,-0.014434402743104877,0.8592781961623055,0.192619563752541,0
1.1069989048348468e-05,-0.013944481056989687,0.849734385340462,0.19666957328856854,0
4.577021836302577e-06,-0.01096346741853915,0.8627729909951397,0.22483318896730164,0
0.0,-0.010000000000000087,0.922874351952651,0.2523349055529612,0
0.0,-0.01000000000000009,0.9416000801136555,0.2590574363932764,0
0.0,-0.010000000000000028,0.9322372160331532,0.2556961709731188,0
3.5871646874584024e-06,-0.010642758614794117,0.9388720799566561,0.24924948055795482,0
4.27330858306237e-06,-0.010681532355342258,0.929509215876154,0.24588821513779718,0
3.309655160512187e-06,-0.010489399522243509,0.920179507324723,0.24527173388566467,0
0.0,-0.009999999999999998,0.9135575845136242,0.24884659228604733,0
2.79787674230345e-06,-0.01058602975855629,0.9484933206202723,0.2527552263797949,0
0.0,-0.010000000000000104,0.9606607333493586,0.2647487516745506,0
0.0,-0.010000000000000097,0.9801668230395538,0.2686185893907269,0
1.1251279146146584e-06,-0.010508539736156612,0.9763738252966403,0.25979947642248624,0
1.6503144265506124e-06,-0.010527595476246586,0.9666207804515428,0.2578645575643981,0
0.0,-0.010000000000000004,0.9704137781944562,0.26668367053263875,0
2.1786285897568845e-06,-0.010555712067516895,0.9580236472381238,0.255600884020432,0
0.0,-0.009999999999999997,0.9511304067315071,0.2619030940339135,0
6.220602964593889e-07,-0.010406778152517665,0.9835442821078808,0.2623036304194102,0
0.0,-0.010000000000000007,0.990083411519777,0.26930929469536347,0
-0.0007437472506211395,-0.03170374880566648,0.7970223685473562,0.013523316909875389,0
-0.0006031975711555762,-0.03107908908638344,0.8009708400096852,0.02019090713379499,0
-0.0005732657171325737,-0.03189325275660063,0.8066438228124335,0.01146639381918131,0
-0.0008174801400320659,-0.033084384447622704,0.8014709330646708,-0.0012712505402919234,0
-0.0008473388496545484,-0.03460894604948335,0.8070129044283,-0.017619776542205087,0
-0.0008388605678216253,-0.0338467706274476,0.8042419187464853,-0.009445513541248505,0
-0.000630981702585396,-0.03333149403541065,0.8098734423964042,-0.003935845156887719,0
-0.0006228493629498875,-0.03409412429921455,0.8126444280782188,-0.012110108157844302,0
-0.0005413521312780619,-0.03471312264448847,0.8168869246585769,-0.01874884470318764,0
-0.0007831673670252046,-0.032394184970489764,0.7992466508060134,0.006126033184791733,0
-0.0005872106811439837,-0.03258404551073346,0.8088681050710907,0.004069110094097653,0
-0.0008292879286104836,-0.03067567708077841,0.7833034787040174,0.024585022323113402,0
-0.0006597829198651418,-0.030564324853893304,0.7941113950880159,0.025721759840413996,0
-0.0006537815381846258,-0.029841319215030783,0.7885272024103178,0.033477946648925186,0
-0.0007086433088245521,-0.029061920769767387,0.7737343872005495,0.04191015042961237,0
-0.0005943740152096473,-0.0276077631277786,0.762619638186102,0.05756775844707886,0
-0.0006543663377369417,-0.028334365553207622,0.7681770126933258,0.04973895443834561,0
-0.0005795714299465986,-0.02826843456784589,0.7781584554868708,0.05035394945277008,0
-0.0005393187494428741,-0.027540310977600554,0.7726010809796471,0.058182753461503325,0
-0.00040061794716831343,-0.02592956466931888,0.7714027074456299,0.07538887208126775,0
-0.0002616528484620038,-0.024225195083112116,0.7801516214911414,0.09338716436579855,0
-0.00016433288053302716,-0.02249960976973936,0.7888877576165209,0.11145923075105751,0
-0.0002084985873376304,-0.02336454334757719,0.7845196895538311,0.10242319755842803,0
-0.0002209700319826931,-0.024145411507003403,0.7901341075478404,0.09406906531203643,0
-0.0001717069920800951,-0.023282886553838204,0.7945021756105302,0.10310509850466593,0
-0.00013137649255901907,-0.02242004521177449,0.7988877049676804,0.11209854217590165,0
-9.800836889152079e-05,-0.020766743899445068,0.7977015630916313,0.1293898482747091,0
-5.315995723219903e-05,-0.019014198592053857,0.8069913344862629,0.1472124882421446,0
-7.319900857779741e-05,-0.01989469973132649,0.8023464487889471,0.13830116825842687,0
-5.0421009825556415e-05,-0.019808968354461793,0.8123295772507826,0.13895381165030463,0
-3.4059419893060365e-05,-0.018986304680022124,0.8168246448261542,0.1472730009902425,0
-2.313508240352883e-05,-0.017407833972556703,0.8179486808494424,0.16314362212569694,0
-3.472309024366671e-06,-0.015893835477105808,0.830194454533043,0.17782291277854326,0
-6.931941883170807e-06,-0.014015077013662752,0.8233954503775606,0.19575516410427876,0
-5.830221947320086e-06,-0.014962158009901163,0.8267949524553018,0.186789038441411,0
2.8331439510076118e-06,-0.015074416361162706,0.8364115419200047,0.185683276993255,0
-2.2831548245500264e-07,-0.014118661818510188,0.8330120398422635,0.19464940265612274,0
2.029119672056557e-06,-0.01226551390408688,0.8385228967569908,0.21143471615724474,0
7.196800644753306e-06,-0.012958588609778035,0.8476815190654743,0.20561511076320754,0
5.434668616927631e-06,-0.012060287238531149,0.8489246439710825,0.21368996284610137,0
0.0,-0.010000000000000075,0.8465786060015866,0.2306201074586626,0
1.8645028078289058e-06,-0.011158722041284498,0.8425507513792887,0.22102741180795366,0
3.3060310541454237e-06,-0.010989133102050467,0.8529524985933805,0.22328265849681028,0
0.0,-0.010000000000000037,0.8563990984033458,0.23217063792915393,0
-0.0007984497477661287,-0.031189411864738878,0.7901629236256869,0.019054169616494396,0
-0.0006151412428787254,-0.029033362769596085,0.7837426566585839,0.042140510702174665,0
-0.000772887694904307,-0.029868637047190373,0.7785189329522835,0.03324758637636288,0
-0.0004378622874481561,-0.02670091652836054,0.7769926156094109,0.06709331027859777,0
-0.000352167023714085,-0.02585281592812982,0.7813782265832399,0.07607433639231015,0
-0.000280519186988417,-0.02500047822696267,0.7857526836059956,0.08507348253457556,0
-0.00032508859676045953,-0.025078838156428543,0.7757771644683856,0.08438801822353315,0
-0.0004894851786241312,-0.02676962804866437,0.767011172815866,0.0664783152641733,0
-7.206912923116691e-05,-0.020682303754882538,0.8076846915534668,0.13004249166658688,0
-9.854036433786237e-05,-0.021554773210918997,0.8032946077052356,0.12106385093772744,0
-0.00012792077324226921,-0.02163620718805936,0.793294660354076,0.1204245395128833,0
-1.9600145088356713e-05,-0.018189641575223285,0.822303318007744,0.15523856793201865,0
-3.649166673231779e-05,-0.018215324369831858,0.8124700076678526,0.15517805518392078,0
-9.489329406070084e-06,-0.017404164312950464,0.8271033150332182,0.1630323504019982,0
-1.325911497551341e-07,-0.016657573302357783,0.8332262018750185,0.17037199572842138,0
-1.2026423053936964e-05,-0.0166539378946631,0.8240715676912427,0.1704832674521201,0
4.86126604761991e-06,-0.015881545901015513,0.8377294013960865,0.17795148341819456,0
4.0899807971393966e-06,-0.013273737993837681,0.8405757630319786,0.2024891786826057,0
-1.2864635740366059e-06,-0.013142113790255545,0.8309591735672757,0.20359494013076174,0
-0.0011016595866246328,-0.03237569619674606,0.7834945843159521,0.006380869372087697,0
-0.0012613899744530494,-0.03180927218263405,0.7664402132438731,0.012537573920111336,0
-0.0010354430785549501,-0.031242712664368205,0.7748718459739452,0.01856129812161237,0
-0.0009578398379805585,-0.03152598427308862,0.7833990315099848,0.01548294584760055,0
-0.0011972786253951185,-0.03209212027839359,0.7749673987799126,0.009459221646099516,0
-0.0009174924839594556,-0.03203972847944936,0.7902584764316541,0.009952093140981543,0
-0.0009767672300435822,-0.03272964861774667,0.7924827586903114,0.002554809415897887,0
-0.0013515565115760184,-0.034188195322843444,0.787659051528824,-0.013065458260602878,0
-0.001226683795864918,-0.03328212190355585,0.7855768179223881,-0.0033422944442575903,0
-0.0010696044476610142,-0.03363642304062516,0.7945649922967474,-0.007168354400447401,0
-0.001115349290693471,-0.034398236628957336,0.797335977978562,-0.015342617401403982,0
-0.0009853463398318695,-0.03035192023199098,0.7646670128344328,0.028169344249099008,0
-0.0009203264935788138,-0.030513379307441576,0.7739852457692251,0.026377183286106207,0
-0.0011168759145455001,-0.031080714298564672,0.7655536130391529,0.02035345908460517,0
-0.0008382319823284908,-0.02970730676685242,0.7692007000174912,0.035039747339355685,0
-0.0008685710312385675,-0.029311971983258925,0.7538606204770169,0.03940004359752164,0
-0.0006494141634249849,-0.027736522236858862,0.7432419813698917,0.05640379997614418,0
-0.0006312854044097667,-0.027672145361662907,0.7529308097779969,0.05698577921161152,0
-0.0007568718861148149,-0.02852369682973818,0.7485513009234543,0.047901921786832904,0
-0.0007201007893639807,-0.028460504339949087,0.7582401293315595,0.04848390102230025,0
-0.000797831555286889,-0.029186831362508363,0.7637975038387832,0.040655097013567,0
-0.0009316019459533406,-0.02983166386590573,0.7592638166557248,0.03378469392331032,0
-0.00046175239187689276,-0.026086404527440345,0.7514509614298454,0.0739996172643421,0
-0.0003198402413594551,-0.02439266986641229,0.7602049906394281,0.09197814146189055,0
-0.0003853359429900957,-0.025240705612917927,0.7558279760346367,0.08298887936311633,0
-0.0003606621475232713,-0.025160006236125413,0.765803849042529,0.08368350677157915,0
-0.000437846617645795,-0.02600787457610655,0.7614268344377376,0.07469424467280492,0
-0.0005278456579675798,-0.026846262819804633,0.7570352998079737,0.06578368785571048,0
-0.0005485791698581773,-0.026912112741696505,0.7473464713998685,0.06520170862024313,0
-0.000295131790517429,-0.02430854509325456,0.7701783060652847,0.09268265291384456,0
-0.0002159857737602091,-0.02268052854597565,0.7689230132982433,0.11002692648787143,0
-0.00023967328843112776,-0.023451443105787555,0.7745373173946923,0.101707045426835,0
-0.00019296113172708414,-0.022589179048250092,0.7789053854573821,0.11074307861946447,0
-0.0001399879772516083,-0.020890248396607854,0.7774734936094406,0.12871105586827167,0
-8.543262982956105e-05,-0.019075385659468053,0.7873775709496604,0.14728921977249593,0
-0.00012090492332592504,-0.020826462879344605,0.787587528350536,0.12905045207149038,0
-9.255704371984776e-05,-0.019919631961151745,0.7925395670206459,0.1383395340236025,0
-0.00011020467084144391,-0.019987541906820738,0.7824255322795506,0.13800013782038378,0
-0.00026372674147951244,-0.02353843576984422,0.7645640019688358,0.10100253397488099,0
-0.0001531941946767305,-0.021693138438248844,0.7831806256129807,0.12008514330966459,0
-0.00017462508094733808,-0.02178830137631156,0.773198253453842,0.11936899117807155,0
-7.043613454865103e-05,-0.01904109222289081,0.7971844527179617,0.14725085400732027,0
-4.894249331242858e-05,-0.01735832769961792,0.798023317980069,0.16437314911508313,0
-5.1751789014156426e-05,-0.018185952727728185,0.8025073262331659,0.1557928186786139,0
-6.55036456473768e-05,-0.018222962625798336,0.7927004444648647,0.15583118444378952,0
-3.680832297813795e-05,-0.017376270972359487,0.8079859994147557,0.16375838562039002,0
-2.358242382390036e-05,-0.015715164368711104,0.8102872103054481,0.18009431363134673,0
-1.401239898474512e-05,-0.01579371399706069,0.8202408324192456,0.178958613204945,0
-1.41378020321947e-05,-0.014872681342744555,0.8168413303415043,0.18792473886781275,0
-1.9066751528878276e-05,-0.013891694215232718,0.8029935345451877,0.19813330495720152,0
-6.30434459642038e-06,-0.012034607629900744,0.8148191279629908,0.21415704373979333,0
-1.189384335882827e-05,-0.012979040285860782,0.8089063312540893,0.20614517434849744,0
-1.339713833515756e-05,-0.013937077874921863,0.8131944924613741,0.19694423453074014,0
-2.172374748783137e-05,-0.014805431203088044,0.8066403724253179,0.18911380929427413,0
-2.3978636901916386e-05,-0.016563722756199346,0.8141179455774452,0.17161896787852182,0
-3.4997334816036824e-05,-0.01654376001815852,0.8041552641427585,0.17223373137321493,0
-7.311837288358649e-06,-0.013031074344298264,0.8191072891702758,0.20495610392203606,0
-2.4232139667649017e-06,-0.012111813876887638,0.8266710123599907,0.21279587994851903,0
0.0,-0.010000000000000097,0.8267034971897799,0.2301559705391388,0
0.0,-0.010000000000000024,0.8366410515956832,0.2303880389989007,0
-1.4000095024857276e-07,-0.01115953575982212,0.8326131969733853,0.22079534334819179,0
-2.296149909967893e-06,-0.011047399005489747,0.8207613125763853,0.22215650713946605,0
-0.001673635875705775,-0.03362444496968773,0.768735614329103,-0.006947880764440857,0
-0.0015347337208030088,-0.03390592449074926,0.7781973329289635,-0.010006669512521868,0
-0.0013706441353281606,-0.03300031676259337,0.7761150993225275,-0.0002835056961765798,0
-0.0014586708407806495,-0.032717066113915234,0.767587913786488,0.0027948465778352394,0
-0.0017844974211617707,-0.03299191893842604,0.7500763479744235,-5.8897610662693876e-05,0
-0.0012197171128117237,-0.03090818626235667,0.7467554509760284,0.022334965654576062,0
-0.0008829678390704849,-0.029249547460725507,0.7384451681428881,0.04020725329142996,0
-0.0006557895684213968,-0.028051427785511316,0.7260007310952183,0.053202019762658294,0
-0.000768526349918282,-0.028650073026890262,0.7322229496190532,0.046704636527044124,0
-0.0007572703799179877,-0.028493225297354288,0.74084357475639,0.048305526633787066,0
-0.000661605939383732,-0.027894318907493162,0.734621356232555,0.054802909869401235,0
-0.0004623165916070809,-0.02623871444347169,0.7315949688433522,0.07264729972594139,0
-0.00033769128635144683,-0.024561057803133175,0.7402894388542648,0.09056364142068117,0
-0.0002415023916762946,-0.022873237139825586,0.7490121564124974,0.10850263361737096,0
-0.00028637767251332594,-0.023718449733296152,0.7446507976333812,0.09953313751902607,0
-0.0002798187564219537,-0.02363119049475114,0.7546085735259628,0.10024038753963076,0
-0.0003344094705483108,-0.02447712986082316,0.7502472147468464,0.09127089144128586,0
-0.0003976652939279646,-0.025322447963691482,0.7458702001420551,0.08228162934251163,0
-0.0003960646965678671,-0.025400615131343233,0.7359422038488085,0.08160547057331127,0
-0.0004703367114218809,-0.026162901504973957,0.7415229651365988,0.07332345849514174,0
-0.0005525656958764526,-0.026986721850350254,0.737418475106622,0.06452554985104278,0
-0.0005506842780528744,-0.027145140696308037,0.7287978499692853,0.06292465974429984,0
-0.0017560790026110024,-0.03330776663878445,0.7594059811517633,-0.0035033891875517753,0
-0.0015113569165723928,-0.03240081874803628,0.7582582806091482,0.006239338154724321,0
-0.0014824513181721018,-0.03195022338073746,0.7484158994752259,0.011138034021956685,0
-0.001264448334405541,-0.03135824915980578,0.7565978321099507,0.017436269787343698,0
-0.0011087531913477227,-0.030630106149526645,0.7557112319052306,0.025252154951837535,0
-0.001030119482449273,-0.030110408061935066,0.7503080357265226,0.03086750462604885,0
-0.0008847704584167138,-0.0292807054899129,0.7461528943099525,0.0398036484444758,0
-0.001044179200883028,-0.030078621245904255,0.7426003095594582,0.03127110947300301,0
-0.00023251417981511963,-0.022776948733031356,0.7589675848553703,0.10926478005262119,0
-0.00016882961495135178,-0.021179701200721067,0.7576649662562739,0.1263599198896769,0
-0.0001923164458108278,-0.021927781456305123,0.7632939897772586,0.11819342318877417,0
-0.000202591826902025,-0.022028580788549593,0.7533385613343857,0.11743127675352394,0
-0.00015671763769598666,-0.021034886253560984,0.7675692299328573,0.12753548787897429,0
-0.00010725847583249241,-0.01911606093256238,0.7650735296112675,0.14797136264702593,0
-6.582600231146001e-05,-0.017304034700137926,0.7790021346989308,0.16607738781071235,0
-8.5110665312493e-05,-0.01821797447365645,0.7720378321550991,0.15702437522886914,0
-7.555708446014836e-05,-0.01818757033030206,0.7831898528242955,0.15668330379160414,0
-9.851344815475363e-05,-0.019092950147283252,0.776225550280464,0.14763029120976093,0
-0.0001237487328557753,-0.01999907134139008,0.7712735116103541,0.1383412092576488,0
-0.00013508819170742408,-0.020151628912448698,0.7613692479337707,0.1371656412683514,0
-5.8432174186860864e-05,-0.017326405244260667,0.7885127263394999,0.16522526846289776,0
-3.865065873886606e-05,-0.01563159584342613,0.7908443704360393,0.18219392334282802,0
-5.121089413654453e-05,-0.016476581143932394,0.784923252567485,0.1741356555767702,0
-4.395561102805629e-05,-0.01649443049735537,0.7944338442080541,0.1732835362289556,0
-3.1788779720801395e-05,-0.01566449803778037,0.8005657903707437,0.1811441184870874,0
-2.7972693253774888e-05,-0.014773676736740961,0.7969189524906135,0.19016361415001476,0
-2.7425117963007254e-05,-0.013880005219561202,0.7830283227146309,0.20049182085246867,0
-3.312830733038147e-05,-0.014751585527179818,0.7869363465753351,0.19134287209764833,0
-2.3728286334741555e-05,-0.01387428850617976,0.7930109286299093,0.1993125629048351,0
-1.1452750730396695e-05,-0.011980521524499499,0.7945861855737858,0.21715076271030703,0
0.0,-0.01000000000000008,0.8069505794200263,0.2324225542416914,0
-5.2780810434466e-06,-0.011026200275421881,0.8007683824969061,0.2247866584759992,0
-3.864333780522332e-06,-0.011027456308272593,0.8108848536915085,0.22328979899074236,0
-9.068798309270074e-06,-0.011982960866404591,0.8047026567683884,0.21565390322505018,0
-1.5662167226061354e-05,-0.01293197887822707,0.7987898600594867,0.2076420338337543,0
-1.8897052399658067e-05,-0.012949866135920871,0.7888072541442084,0.20882129178138786,0
0.0,-0.010000000000000002,0.8168270383049031,0.23128926239041508,0
-0.0016754443443908395,-0.032362050682766715,0.7314184522414608,0.0068332708909480035,0
-0.0010459618906188731,-0.030254000065484298,0.7246794315866704,0.029532556618486083,0
-0.000594769278213293,-0.028571149940609435,0.7074302483568601,0.04776850350535889,0
-0.0008103339252370933,-0.02941214858604073,0.7160548399717652,0.03865053006192248,0
-0.0006392829688433236,-0.028311879445442344,0.7167154897260393,0.05048526163400859,0
-0.0008269298973677503,-0.029152390360997902,0.7253400813409443,0.041367288190572185,0
-0.000967269848395686,-0.029752040953535567,0.7315622998647793,0.03486990495495802,0
-0.001159503995344827,-0.03058087339096987,0.7357174412813494,0.02593376113653107,0
-0.0014363351400445508,-0.03163535765779078,0.7390869516087446,0.014584118272762032,0
-0.0013332007535910644,-0.03130796068788909,0.7280489419140657,0.018182913754717044,0
-0.0017600120399215446,-0.032676661595053114,0.7407474001079422,0.003387186640142655,0
-0.0004036021093813723,-0.02662212599054227,0.7101929119946966,0.0687675349276393,0
-0.0004892098433607727,-0.027596020677377344,0.7088115801757784,0.0582680192164991,0
-0.0005245019573377137,-0.02733601588247521,0.7180968215449575,0.0609847773451488,0
-0.0004444458680494389,-0.02643145862151098,0.7208939404190244,0.07070741732679034,0
-0.0003087031305185765,-0.024760649984898464,0.7201145347482892,0.08876761340119599,0
-0.00023345089807005906,-0.023049152063241516,0.7290957838153105,0.10711810334403554,0
-0.00024187386261299046,-0.02296205559310419,0.739053970113904,0.10781036848070324,0
-0.00028278516068998847,-0.02380325364812541,0.7346926113347876,0.09884087238235836,0
-0.00032975263418560886,-0.02466175561545371,0.730201986801277,0.08966562741093859,0
-0.0002694228462212056,-0.02390559031304664,0.7246051592817999,0.09794285837261577,0
-0.0003810140017487456,-0.025498448083076945,0.7258547517958207,0.08070745656356869,0
-0.00035474798786272336,-0.025691657019793104,0.7151537233714929,0.07876757416441765,0
-0.00017293217495110042,-0.021372540030827853,0.7378738177187102,0.12501001639921608,0
-0.0001738781863918552,-0.02127689302115456,0.747769391987492,0.1256849681444465,0
-0.00020571902267098598,-0.022120311317294035,0.7434429870656039,0.11675632500829353,0
-0.00020162585621052867,-0.02221216122773469,0.7334848007670103,0.11606405987162581,0
-0.00012564925682285284,-0.01973722670902213,0.7457103565261668,0.14235040135372914,0
-0.00014787744841315048,-0.020556768631133798,0.7417920871224385,0.1336802088764726,0
-0.000146760445674067,-0.02045481877290091,0.7516876613912203,0.13435516062170302,0
-0.00011807194010302492,-0.01942912273636491,0.7553919430687172,0.14516088200037752,0
-9.352059711695831e-05,-0.01833093441065879,0.7497956323403527,0.15727379086328,0
-7.090446429081282e-05,-0.017099910718381038,0.7593400953360846,0.16974016531966085,0
-6.969311926944242e-05,-0.017197990804627347,0.7691711150175077,0.1679087765651866,0
-8.768247556307417e-05,-0.018104837489843824,0.762206812473676,0.1588557639833434,0
-8.18731920442473e-05,-0.0177192565378363,0.7545678638382187,0.1635069780914704,0
-0.00010128985218478937,-0.018719620581430927,0.7574345809758101,0.15262257675515295,0
-0.00010858816045842469,-0.01903515687666146,0.7477529944332597,0.14981209610850457,0
-4.7694132059056596e-05,-0.015594367144327718,0.7710696267359809,0.18446181584911153,0
-5.6531255808851726e-05,-0.016444792107987667,0.7750358807174558,0.17526960182991194,0
-5.87965378448901e-05,-0.016354912385612156,0.7652048610360327,0.1771009905843862,0
-4.401953295708433e-05,-0.015606946380703816,0.7809569985860101,0.18332786959596978,0
-3.6954317804763556e-05,-0.014749849909599018,0.7770489747253059,0.1924768183507901,0
-3.25404529552749e-05,-0.014032089332013524,0.7630568034192268,0.20183795476397365,0
-1.5107748966917697e-05,-0.012061052490374867,0.7721328243838089,0.2207151348212323,0
0.0,-0.01000000000000009,0.7875924927939573,0.2369845441608744,0
-7.445689326764681e-06,-0.011071010239968497,0.779862658588883,0.22884983949105336,0
-6.061491499200683e-06,-0.010983756447879675,0.7910893391838716,0.2270676534355907,0
-1.3549674109836122e-05,-0.012004552665785347,0.7833595049787974,0.21893294876576969,0
-2.1352158451161976e-05,-0.012952257027435323,0.7775805735492198,0.2106034778368505,0
-3.0515397001223865e-05,-0.01395212957911082,0.7730425630669289,0.20116488780822117,0
-2.3430440084738668e-05,-0.013060998506229732,0.7675948139015178,0.211276544792603,0
-3.989501718191038e-05,-0.014805191978813885,0.7670632150776038,0.1931498853065426,0
0.0,-0.009999999999999995,0.7972715361069918,0.2347035492012829,0
-0.0013546989719419827,-0.03180501663592445,0.7124987136939294,0.012960578389120351,0
-0.0015455892494324348,-0.03208349235459412,0.7219585829676951,0.009896924640034176,0
-0.0011937637252077383,-0.031029471934779337,0.7185890726402999,0.021246567503803215,0
-0.0008444371401108878,-0.030259368028454383,0.7049612806955096,0.029619666751806002,0
-0.0007070925509540763,-0.029414862461606232,0.7061957645261848,0.038694085128582446,0
-0.0009676175555537435,-0.03025698131064689,0.71482035614109,0.029576111685146043,0
-0.0010775478470252343,-0.031032114671634296,0.7087299971947194,0.02129012257046318,0
-0.00040475082564798325,-0.029404273277198783,0.6868300640355632,0.03891525038858475,0
-0.0003456444190695725,-0.027795766210701456,0.6925451923925042,0.05622794391579327,0
-0.0003758662550015373,-0.02859952071079668,0.6896876282140337,0.04757159715218901,0
-0.00046793534844562326,-0.028183560707719237,0.6999877203746822,0.05199822371057608,0
-0.0005249399644439522,-0.0289884549025949,0.6971301561962117,0.04334187694697182,0
-0.0006211827773717126,-0.02983223560499924,0.6958956723655364,0.03426745857019538,0
-0.00038756133071100163,-0.027209773735782317,0.7013690521936005,0.062497739421716283,0
-0.0002422869093533991,-0.026192824873708078,0.6928174395065039,0.07356297570877814,0
-0.00028898058475366345,-0.026993552419217314,0.692681315949504,0.0648954598122857,0
-0.00032511625094493624,-0.0264079103958815,0.7015051757506002,0.07116525531820872,0
-0.0002212808691414335,-0.02478991002869185,0.7003120102462689,0.0887213492994732,0
-0.0002333280316304356,-0.025491199006809274,0.6965647248763864,0.08114216250412568,0
-0.0003020238013343889,-0.025704481836137702,0.7052524611204827,0.07874444211355625,0
-0.0002704740751866568,-0.024776382707680508,0.7102132724972791,0.0887444813503346,0
-0.0001892386176991976,-0.023207498239205163,0.7090996215735539,0.10582238208726889,0
-0.00015201756200231516,-0.021556962766115587,0.717920321992458,0.12364607842051487,0
-0.00021576834415372944,-0.023129822811675162,0.7190977026944322,0.10647024271565222,0
-0.00017052141428554394,-0.022382648836475595,0.713509971783006,0.11473423025389187,0
-0.00018991603553678043,-0.022300574997481823,0.7235080529038842,0.1153820908822752,0
-0.00016566412003132588,-0.021466505905184525,0.7278970698555841,0.12432804740986547,0
-0.00011797823499328236,-0.01992743924206726,0.7267235621368586,0.1411758730886481,0
-0.0001345590294168171,-0.020743291128439093,0.7223219420646583,0.1324109757545815,0
-0.00014386453208026126,-0.02064657300772093,0.7322986899277844,0.13309294474393207,0
-0.00012388097809933125,-0.019834079650961903,0.7362169593315127,0.1417631372211886,0
-8.902077961710704e-05,-0.018413180742369917,0.7328563540363214,0.15747191518087972,0
-0.00010277784550504271,-0.019171141827235158,0.7297899580865901,0.1493238941347639,0
-0.00010671010949983445,-0.019070446742180627,0.7392833552812441,0.14991115826730445,0
-9.245978528079295e-05,-0.018373136214583537,0.7413259931883371,0.15737285302207987,0
-6.739915805084747e-05,-0.01697627336495461,0.7410886111519689,0.17263760087394142,0
-7.786399912927175e-05,-0.017697417937978837,0.7369724825941452,0.16505475802741057,0
-7.982024894634947e-05,-0.01764868291619702,0.7454421217461609,0.1649556958686107,0
-7.016727368719241e-05,-0.01703717801416919,0.7502143532440267,0.17118888309680114,0
-4.901970867702494e-05,-0.01553023659143663,0.7512916770221006,0.187375421718133,0
-3.2728404651450134e-05,-0.014160003794139413,0.7431241069033163,0.20354546753434946,0
-4.045396790687449e-05,-0.01483614805023226,0.7472078919627085,0.19546044462624124,0
-4.058389895127795e-05,-0.014790927663954373,0.7571742402206637,0.19460668824105332,0
-3.323034415724166e-05,-0.014097181640411944,0.7530904551612716,0.20269171114916157,0
-2.2394382415069764e-05,-0.012919841046864436,0.7545728421687534,0.2152869182184634,0
-1.130065522162007e-05,-0.011556453211195248,0.7530795017161784,0.23079652573799658,0
0.0,-0.010000000000000115,0.7686646258365393,0.2431078637751487,0
-1.3327053838365918e-05,-0.011791461753616384,0.7626061630499936,0.22575583027961443,0
-7.3996463208614195e-06,-0.011016851097360005,0.770398725110174,0.2319114992981905,0
-5.867171176764791e-06,-0.010805843582494817,0.7608720637763589,0.23695219475657264,0
-0.00024404547769810774,-0.023982299876576674,0.7146070781609215,0.09729499774423245,0
-0.00020609235680410864,-0.023998757291240853,0.7047058159099113,0.09727186569337104,0
-4.924054391227382e-05,-0.015559542032229992,0.7611806518790407,0.18591861878362226,0
-5.9404102030508183e-05,-0.016308355707134632,0.7553158861790926,0.17855779351889695,0
-5.798635453823127e-05,-0.0162588622571411,0.7461901440870348,0.18000651129603723,0
-2.7353250462775866e-05,-0.013466536631854731,0.7588148227939902,0.20856243649121853,0
-1.8969501594360964e-05,-0.012501609454788802,0.7633528332762811,0.21800102651984787,0
-1.6623733012799808e-05,-0.012231621521887465,0.7538261719424659,0.22304172197823,0
-2.762194404369611e-05,-0.013549095901558996,0.7488484745360349,0.20941619287640645,0
0.0,-0.010000000000000012,0.7781285593152483,0.24004620396801155,0
-0.0008507449019382699,-0.031391603883026385,0.6931496069648421,0.017531248889645266,0
-0.0011299425915160422,-0.031598750438406605,0.7028241603293857,0.015245913639382809,0
-0.0008605136381938528,-0.03082532854373087,0.6990554438301758,0.023575457820725634,0
-0.0005911093875684146,-0.030397240770418957,0.6899898355002027,0.02822324963911501,0
-0.00022522659960905173,-0.031186106393859506,0.6734051775043555,0.019811056205012438,0
4.706000363417519e-05,-0.029509492150214246,0.6644853941734737,0.03782359706102164,0
-6.977670363021447e-05,-0.027824530531954203,0.6715616777310919,0.055988578330584376,0
-0.00021418269226408304,-0.027811247288442732,0.682053435061798,0.05610826112318883,0
-0.0002126368436789622,-0.028614190261284325,0.6791958708833276,0.04745191435958457,0
-2.3568334898959325e-05,-0.02866632809202193,0.6680235359522828,0.04690608769580301,0
-0.00018943051952594574,-0.029458043797695073,0.6756577291045185,0.038369423724803196,0
-6.088677577818362e-05,-0.03034719583444457,0.6689452858389147,0.02881732663301704,0
-0.000346800237474335,-0.030294623498145254,0.6801176207699593,0.029363153296798596,0
-0.0005522286408131031,-0.03128979553684284,0.6832773922345987,0.018671152547328852,0
-8.848047627097912e-05,-0.026257441481796408,0.6756413289958998,0.0729445521538963,0
-0.00020100736520770667,-0.027026295136955585,0.6840932606942021,0.06458624803484478,0
-8.194483618131363e-05,-0.027040252794058032,0.6736015033634959,0.06446656524224034,0
-0.0001688606028230582,-0.026226035957675302,0.6842293842512018,0.07325376393133722,0
-9.934419532742215e-05,-0.024720215092530615,0.6810343490967986,0.08963873091451331,0
-0.0001630227187663983,-0.024756376152024084,0.6906731796715337,0.08918004010699326,0
-0.00016259472644315645,-0.02545569518006956,0.6869258943016512,0.08160085331164572,0
-9.628735978119806e-05,-0.025488056246958265,0.6783378390463493,0.0812916415342048,0
-0.00011031998843520863,-0.023261938572144866,0.6891055133353798,0.1055137436391041,0
-0.00015297686271194193,-0.023236546740067174,0.6991025674544669,0.1056680628631865,0
-0.00015983921939561916,-0.024024501550356292,0.6947087617908243,0.09711754646928865,0
-0.00010731426937483126,-0.023990610695317945,0.6850699312160893,0.0975762372768087,0
-0.0001066327441808192,-0.021720307600108874,0.6979635686490533,0.12232888205264753,0
-0.00014407944239104296,-0.022461816943976178,0.7035315951113036,0.11407563206995822,0
-0.00013215106504833583,-0.021641039924209893,0.7079419453207556,0.1229874802365812,0
-9.256689457175521e-05,-0.02011449887810696,0.7067659804087547,0.13987033416453762,0
-0.00010024802616481648,-0.02091732520983394,0.702364774528904,0.13109960810859256,0
-0.00011987505337896295,-0.02083271912872305,0.7123431512006064,0.13175820629252624,0
-0.00010742952031950798,-0.020023936303326207,0.7167447712728067,0.14052310362659287,0
-7.379656462738575e-05,-0.018507218784180247,0.7141490909627721,0.1574825194853737,0
-5.744624345185221e-05,-0.01697093795344706,0.7218170084222943,0.17426403843223298,0
-6.550405388825226e-05,-0.017739738132752474,0.7179830496925332,0.16587327895880333,0
-7.214173917543352e-05,-0.0176857114567673,0.7273366812293078,0.16586797680655635,0
-8.273651186976117e-05,-0.018462938359203717,0.7235027224995467,0.1574772173331267,0
-9.43437532184065e-05,-0.01921276621547919,0.7204363265498154,0.1493291962870109,0
-8.309214349835594e-05,-0.019310721928659087,0.7104575356857634,0.14867642682495566,0
-0.00011004643729799966,-0.022490820840403047,0.6935345409922166,0.11392131284587581,0
-6.342027067402597e-05,-0.016975920234692965,0.7314528097871316,0.1734508196530872,0
-4.4269394727194635e-05,-0.015525772875447095,0.7314308294726496,0.18970027851639804,0
-5.088781480063204e-05,-0.01625161557359726,0.7266239189474719,0.1819821584743155,0
-5.5085727237046406e-05,-0.01624284185709223,0.7362597203123092,0.18116893969516973,0
-4.7444591540453965e-05,-0.015529585075411731,0.7413612532473751,0.18853785011726554,0
-3.860785914208616e-05,-0.014850087172534917,0.737277468187983,0.19662287302537373,0
-2.7387021926424368e-05,-0.014149484202040773,0.7233412249581406,0.20655404300969943,0
-3.5185542543034414e-05,-0.014828056627041869,0.7273860272153951,0.19812716076304873,0
-3.053785530384024e-05,-0.014158523591272298,0.7332326659307284,0.20504975527202446,0
-1.9794781028734597e-05,-0.012827807385953245,0.7374291727132058,0.21976008924485274,0
-8.845518730909537e-06,-0.011414180322970636,0.7335650761742412,0.23767851144004426,0
-1.3941017824642154e-05,-0.01210707151150992,0.7354971244437235,0.2287193003424485,0
-1.5832783521274967e-05,-0.012208920062660906,0.7452543372146921,0.22527830749142466,0
-1.0180225809644123e-05,-0.011484544438770615,0.7433222889452098,0.23423751858902042,0
0.0,-0.010000000000000082,0.7500000006248856,0.2499999997644252,0
-5.347698041083949e-06,-0.010759687290482161,0.751539751170532,0.2403982627512109,0
0.0,-0.010000000000000007,0.7593323132307124,0.24655393176978696,0
-2.5860315274172664e-05,-0.013483893771052946,0.7402766398082611,0.21165277838960112,0
-2.392156273728794e-05,-0.01349927032361749,0.7303851988356732,0.21315706612727608,0
-2.1334732647734618e-05,-0.01287344300231352,0.7460010074409796,0.21752350373165807,0
-4.788040387173638e-06,-0.01072932343686339,0.7417825383995633,0.24383925560223474,0
0.00043494247850930576,-0.0312264750906989,0.6535367290035977,0.019362700275085392,0
0.0005497894297877071,-0.029782002623296694,0.6410462886910022,0.03482637665258004,0
0.00023061889497798886,-0.028041034217025973,0.6509652749164976,0.05362586800983757,0
0.00036713006215669837,-0.028910902612520217,0.6460057818037499,0.0442261223312088,0
0.00015918253749819697,-0.028775145384224998,0.6577253345449856,0.04572473253542961,0
0.0003033346360674807,-0.029646959351206262,0.6527658414322379,0.03632498685680084,0
0.0005153075407247429,-0.030503904284017738,0.6472915088472999,0.027094538463832717,0
0.00020445412780254615,-0.030367520058778824,0.6590110615885357,0.028593148668053514,0
0.00010806997151899376,-0.031207410074029242,0.6634709532539766,0.019586878240048913,0
7.893723989589246e-05,-0.027933848928900294,0.6612634763237948,0.05480722317021097,0
0.00010431561938775973,-0.02636917639605321,0.6563245156485991,0.07172909060936991,0
0.00015837175334555988,-0.027204211935639686,0.6536448952825483,0.06267747930960374,0
3.2796532248667485e-05,-0.02709686313723309,0.6639430966898454,0.06385883446997714,0
6.893018770893812e-06,-0.026314485385042986,0.6659829223222494,0.07233682138163311,0
3.711275381689177e-05,-0.024845308020147193,0.6615167400967426,0.0883069312514958,0
6.602564411483186e-05,-0.02560629899811809,0.6589206278726708,0.08001801093043286,0
-1.6142427942489668e-05,-0.025551201501506315,0.6685790345463212,0.08062574170269604,0
-3.273724968215595e-05,-0.024784305169476994,0.6712755445967706,0.08897283108300455,0
-1.3497458879902633e-05,-0.023467148487247978,0.6692109180675738,0.1033773392996016,0
-4.205657953977307e-05,-0.021869260913082486,0.6780117061483721,0.12094150082039529,0
-3.0830748811345986e-05,-0.02266705123086546,0.673611312107973,0.11215942005999845,0
-7.226753558578714e-05,-0.022564342390069818,0.683558609741876,0.11322762222974969,0
-7.628749196585981e-05,-0.021797528872944092,0.6879876373987127,0.1216351914365214,0
-5.122117430931369e-05,-0.02024400322577679,0.6867839790981731,0.13891531085267733,0
-4.9867084013082944e-05,-0.018628195273164665,0.6955562616959141,0.15688913738229998,0
-3.981745602104066e-05,-0.017003405545290125,0.701175324935585,0.1752238212136998,0
-4.486423880712629e-05,-0.0178132974708061,0.6983657933157496,0.16605647929799988,0
-5.518668173606464e-05,-0.017749150679244867,0.7076622079491786,0.16635317034953676,0
-6.292008576576831e-05,-0.018571535453322047,0.7048526763293431,0.15718582843383683,0
-6.907150547164864e-05,-0.019367472897442,0.7011611210523344,0.14837973577341879,0
-7.348870266917164e-05,-0.02018276428040292,0.6967749797534639,0.13939282250860746,0
-5.147090469982191e-05,-0.019435011247312117,0.6911701203970436,0.14790222411748866,0
8.093764330691556e-06,-0.024155438387237056,0.6653638290821582,0.0958421352755487,0
-5.1350702427027684e-05,-0.02409325124930813,0.6751226335821863,0.09650803510705747,0
-6.42586426069159e-05,-0.023366644570475655,0.6791582157014768,0.10444554146935285,0
-7.590904527040844e-05,-0.020979741570000543,0.6923737738736132,0.13062209645266243,0
-4.839095437859885e-05,-0.021055388026773002,0.6823978426232726,0.1299284058365363,0
-4.953014561715729e-05,-0.016992406668528387,0.7114961666789397,0.17474392982296638,0
-3.42383569740132e-05,-0.015543110379745111,0.7115033875173293,0.19148175472509643,0
-1.890376604194613e-05,-0.014103364010861454,0.7035457972265214,0.20946406606279844,0
-2.5786249209713314e-05,-0.014813334615161329,0.7075245923719253,0.20047291039394743,0
-3.1153926243968e-05,-0.01485101455426851,0.717422306237735,0.19901789886739793,0
-2.346004239216101e-05,-0.014133538892471889,0.713443511092331,0.20800905453624893,0
-1.4814268444935142e-05,-0.012733919140848081,0.7168921620258387,0.2246992013212852,0
-6.246127795446537e-06,-0.011282863564568242,0.7165693017372358,0.24356214566185785,0
-1.0237927275436157e-05,-0.011995129138884949,0.7167307318815372,0.23413067349157152,0
-1.228976273947379e-05,-0.01209007560973483,0.7252286191000399,0.23118885638066472,0
-7.584885985206358e-06,-0.011353044781896577,0.7250671889557385,0.24062032855095106,0
0.0,-0.010000000000000082,0.7313353754428176,0.2568921357720906,0
-3.4443824847152897e-06,-0.010652613330825404,0.7239523385900266,0.2502271407169742,0
-4.076985627281471e-06,-0.010686035520460819,0.7324502258085294,0.24728532360606742,0
0.0,-0.010000000000000014,0.7406676880338516,0.2534460677682579,0
-3.9900746845596096e-05,-0.015539462268155039,0.7214671084949895,0.19059101662074723,0
-4.483946662035522e-05,-0.01624909836696875,0.7166601979698118,0.1828728965786647,0
-3.745484036071666e-05,-0.016274554052545697,0.7063393562264572,0.18335278796939813,0
-2.0537532227991893e-05,-0.013428848913921298,0.7201166934919896,0.21562662216549233,0
-1.73009002504707e-05,-0.013424477050234324,0.7102189796261801,0.2170816336920418,0
-1.7544017510855003e-05,-0.012786417500385904,0.7271606673695223,0.222229645283069,0
0.0010303846370146147,-0.03150486111996858,0.6339003928299486,0.01627674777041023,0
0.0009309124630268658,-0.030174478465780016,0.6203053295453888,0.030475948478301932,0
0.0005578882819466191,-0.028407770730153027,0.6274590488309902,0.04953993860252205,0
0.0003244349045495571,-0.026721442199843036,0.6347483388678301,0.06779737424621916,0
0.00042805244708635475,-0.02756378022522553,0.6311036938494101,0.05866865642437061,0
0.0004020888641536466,-0.028225400971934354,0.6392121618737439,0.05158290330617981,0
0.0002917233782781132,-0.027381720921867258,0.6428568068921638,0.060711621128028366,0
0.00021613760109689349,-0.026546423105802918,0.6455364272582146,0.06976323242779453,0
0.00018019781360672853,-0.025071078858489068,0.6418525183005472,0.08574918936525852,0
0.00015088098035074356,-0.025720539902449827,0.6490885169745731,0.07873913998731422,0
0.00024383569057473138,-0.02589512354497475,0.6383004285841887,0.07677328180573884,0
0.0007520842327618087,-0.0313664748991388,0.6437185609167732,0.017819724022747813,0
0.0007589340637015003,-0.030643098134206185,0.6374733407604753,0.025551562211495134,0
0.0009912898609932518,-0.030839523127905603,0.6271028611876687,0.02337634812435608,0
0.0007558611544518412,-0.02997878975214468,0.6306758091181954,0.03265116256544098,0
0.0005659898477287842,-0.029094973571619335,0.6342526687609962,0.042183157627551045,0
0.0007244110084619954,-0.02929060459845074,0.6238821891881895,0.04000794354041199,0
0.00010919431370551614,-0.024959539905984974,0.6516846291986449,0.08702806030837716,0
9.253907551787477e-05,-0.02354746000954491,0.6492283845967565,0.10243085614257731,0
3.297549643695644e-05,-0.021995442958120705,0.6580592669906242,0.11956249642712573,0
3.9859505410880484e-05,-0.023509304959417787,0.6592196513321651,0.10290409772108947,0
5.878030411270864e-05,-0.022769831745110932,0.6536438257936903,0.11099667628485152,0
1.373020137785345e-05,-0.022730597061277984,0.663635092529099,0.11146991786336366,0
-5.159357522263816e-06,-0.021935080301967943,0.6680354865694982,0.12025199862376051,0
-4.158537408172354e-07,-0.02038267627086429,0.6668319067531367,0.13753064491676073,0
-1.6650010911058594e-05,-0.018787898498291284,0.6756045511291923,0.15549898002556622,0
-1.6332502069304648e-05,-0.017099030589678245,0.6798372025623534,0.17490064412207432,0
-1.6818366151882506e-05,-0.017938775056918765,0.6777208768457728,0.16519981207382028,0
-3.413258874084925e-05,-0.018713067452403247,0.6855804064125532,0.1561940587039331,0
-3.095301732991004e-05,-0.01785976977146273,0.6876967321291337,0.16589489075218716,0
-2.8731811672141327e-05,-0.017058616029251898,0.6905062637489692,0.17506223266788706,0
-1.9825107943294284e-05,-0.01546514474326529,0.6916404745584429,0.1938184521888244,0
-1.9057377209129723e-05,-0.016280462862256834,0.6857388385603982,0.18435954815544936,0
-2.863007902631336e-05,-0.016226518357842255,0.696407899747014,0.1845211367012621,0
-2.7365657711510807e-05,-0.015510883441240334,0.7015719310378861,0.19265010345696043,0
-1.9923413444293957e-05,-0.014785954444542998,0.6975931358924822,0.20164125912581143,0
-8.79878056348915e-06,-0.014013074719452815,0.6837173202770314,0.21209501632271996,0
-8.471678251780996e-06,-0.01245438415981154,0.6979375506179175,0.23108757063118424,0
-3.4093429203289605e-06,-0.010971996827789888,0.7027601784412438,0.25077902119694717,0
-5.925381507900325e-06,-0.01170139546990011,0.7003488645295807,0.2409332959140657,0
-4.743362746940117e-06,-0.011130048650545772,0.7096647400892397,0.2471705834294025,0
-7.94461967858827e-06,-0.011884781257345487,0.7072534261775767,0.23732485814652104,0
-1.162051120708825e-05,-0.01260063266367754,0.7074148563218781,0.2278933859762347,0
-1.3038511747662514e-05,-0.013261889151848508,0.7007416739222194,0.22027581834699134,0
-1.3970916349536544e-05,-0.014067855177646301,0.6936315587517764,0.2107795411927592,0
-9.301645452109245e-06,-0.01323394259595604,0.6908274354474744,0.2215912934769521,0
6.99805900228404e-05,-0.024196462955136763,0.6553725623467495,0.09536889369703655,0
0.00013123493909524843,-0.024307979908702166,0.6455404514486518,0.09409002275391792,0
-1.8185630700122868e-05,-0.02112448645185306,0.6724218064507544,0.12923607286857802,0
-2.6686178255501314e-05,-0.020317065845539828,0.6768079429256549,0.13822297788471904,0
-1.0185881937426572e-05,-0.019582915703065352,0.6712182289411646,0.1465148124711635,0
-3.172503026282031e-05,-0.019513408183975105,0.6811942651136826,0.14720714543912178,0
1.3590712428961367e-05,-0.02118694014164053,0.6624455868718805,0.12854657067194322,0
-1.3573171661653368e-05,-0.014730127294476815,0.6876788974177371,0.20295673425577218,0
0.0,-0.010000000000000075,0.7124075085155395,0.2630154554642965,0
0.0,-0.010000000000000035,0.7218714419791785,0.25995379561819354,0
-2.749917139494485e-06,-0.010616665801269612,0.7144884051263876,0.2532888005630772,0
-1.843348390220804e-06,-0.010484787962231592,0.7075838434783916,0.25689723833062184,0
0.0014797935276648173,-0.03197215766470276,0.6146975733599818,0.011118212776156577,0
0.0011542411735768355,-0.030556238805532605,0.5966943518410233,0.026190716006767794,0
0.0007589540811512791,-0.02869339216773291,0.6058964679253901,0.046283412791897,0
0.000942995727480702,-0.029624387245537637,0.6012954098832066,0.0362370643993324,0
0.0008472878803415575,-0.02943421916103153,0.6131008987353894,0.038379680635099465,0
0.0006734919771937989,-0.02855096962454953,0.6166777583781902,0.04791167569720953,0
0.0005086890510095075,-0.027031460341894357,0.6117926305355769,0.06423063269430589,0
0.0005410445161450523,-0.02772024690102418,0.6196258396832836,0.05688528564841397,0
0.00042606803020915325,-0.026877182259595452,0.6232704847017034,0.06601400347026253,0
0.00031014264373166716,-0.02527347867009451,0.6212907689860384,0.08333236196146102,0
0.00032251521473460526,-0.02599805309752447,0.6280195539269342,0.07556486810384008,0
0.0003999660040785113,-0.026151191870719834,0.6165416997608076,0.07378149732788344,0
0.0012839695147153168,-0.031738781435254916,0.6242989830949652,0.013697480273283404,0
0.0011790235023211397,-0.031073192693286532,0.6175014514526853,0.020797080627229254,0
0.001319095597326383,-0.03126432954106122,0.6056959626005025,0.018654464391462185,0
0.0010727740571489707,-0.030365458197241235,0.6084998406932061,0.028333332242534863,0
0.0006230692465651221,-0.02786182706758583,0.6088445492304835,0.055257022743101444,0
0.0002493212898935313,-0.025173339078049948,0.6315716436432928,0.08454077566335977,0
0.00019170763475372544,-0.023732531145431883,0.6293365765763598,0.10018203676942172,0
0.00024533199496216154,-0.024501604954573084,0.6253136727811991,0.09175719936544137,0
0.00019008011917485097,-0.024402382307282915,0.6355945474384534,0.09296561306734012,0
0.00014399220324066335,-0.023641516967462542,0.6392824805865581,0.10130644645599951,0
0.00010681882252156367,-0.022097874399369628,0.6381044770369215,0.11821735186731944,0
0.00010261385125923418,-0.02282278366892544,0.6436664308168389,0.11032410400494838,0
0.00014460147879827073,-0.022913056713268685,0.6337205268066406,0.10919969431837058,0
7.081406751159875e-05,-0.022049072304294728,0.6480818720137729,0.11888992414722258,0
5.3329921056412276e-05,-0.02049091383831802,0.6468787125697701,0.13616220074904853,0
7.68733695773967e-05,-0.02129167026399584,0.6424915948033458,0.12718977630818398,0
4.57066711888649e-05,-0.0212427367553461,0.6524689897801972,0.12786234858808712,0
2.6607056466287373e-05,-0.02044026898549488,0.6568553096614534,0.13684642283290463,0
2.122839368088628e-05,-0.018947115443571406,0.6556837561622646,0.15366512240948654,0
1.23810418682216e-05,-0.019663801394179798,0.6612578314577007,0.14559788366312365,0
1.9736316601634017e-06,-0.0188722726542247,0.6656441536457285,0.15458205121752638,0
2.766753603952227e-06,-0.017880926820957006,0.6648524990384933,0.16594701992785862,0
-5.971372102497094e-06,-0.01833432456087526,0.6702285250838428,0.1607229999767124,0
-7.786312795133294e-06,-0.01749267784931054,0.6723448508004233,0.17042383202496647,0
8.803055659696175e-06,-0.016601810093051277,0.6586965954923225,0.18083062062581076,0
-3.986547642775634e-06,-0.015330347454438696,0.6717719034246994,0.19610826482176974,0
1.3544088996898392e-06,-0.015964652614600842,0.665234249458511,0.18846944272379024,0
-9.0556316497191e-06,-0.016206124825991264,0.6758045529935264,0.18550445447192204,0
-3.0505303024186827e-06,-0.016857608118074484,0.6692668990273379,0.17786563237394254,0
6.352253210154312e-06,-0.01723854939999221,0.661774547265408,0.1733888202768347,0
3.5180779338218965e-05,-0.019715867010292466,0.6512812343660174,0.14491366157926755,0
1.0979921870876654e-05,-0.01841281958707717,0.660268127600379,0.15980607116867257,0
-1.1930456927595425e-05,-0.015406061367236875,0.6817061889915712,0.19496335850529706,0
-7.103964981897162e-06,-0.0146703267580274,0.6777446118508654,0.20410164057224484,0
1.3993695169782962e-06,-0.013859675074634314,0.6638587070263123,0.21447000862791513,0
-2.310870924504835e-06,-0.012296492807733154,0.6757490103611545,0.23503724071096263,0
-3.0145566694791095e-06,-0.011355534856923453,0.6885888483387325,0.24736800898145947,0
-3.009528765672613e-06,-0.011828609552541192,0.6821689293499436,0.24120262484621105,0
-5.335580613438483e-06,-0.01189433743282572,0.6932631994783249,0.23922778980632187,0
-3.3837084368089186e-06,-0.011173847794939483,0.6956745133899882,0.24907351508920333,0
0.0,-0.010000000000000085,0.6930494219834117,0.2675774455059059,0
-1.503718119376179e-06,-0.010655723174380105,0.6908191351610721,0.2574727272436827,0
-1.3589786382970486e-06,-0.010467192541982324,0.6979048002123278,0.25917823335142653,0
0.0,-0.010000000000000024,0.7027284652494756,0.2652964504851012,0
-3.616415002818022e-06,-0.013947675074498306,0.6737880136516718,0.21328251247531754,0
-4.891095627523039e-06,-0.013137284543561847,0.679733165319093,0.2235661285168413,0
-1.138021733161296e-06,-0.013069154222616852,0.6698038586937334,0.22475362466943888,0
-5.365382524373606e-06,-0.012391644597374926,0.686843280489536,0.23306240567107345,0
-7.098113431696487e-07,-0.01458761582775127,0.6678153052255058,0.20528913672484245,0
0.0017345620172882301,-0.03256037703485893,0.5958872269316602,0.004658980380032548,0
0.001396750668425863,-0.03171316141015661,0.582063138573397,0.013663278833439242,0
0.0010015940321823956,-0.03021684009979686,0.5739767897594683,0.029655412684705288,0
0.0007924832970187269,-0.028762989403004775,0.5840562016099058,0.04532810643134471,0
0.0010966995905535278,-0.030386538107459272,0.5853355708002458,0.02792306434573654,0
0.000897262398668837,-0.029489573946823867,0.579016495684687,0.037491759558025,0
0.0009594496834074118,-0.029660148109155814,0.5903752767254645,0.03575941121905625,0
0.0007930929913090704,-0.028728257417589834,0.594976334767648,0.04580575961162085,0
0.000571363794826743,-0.0271145545496209,0.5922710264368429,0.06310705569418973,0
0.0003932931524109509,-0.025440269887655666,0.6008259834424935,0.08123290006969126,0
0.0004763447919764544,-0.026276421362759084,0.5965485049396682,0.07216997788194049,0
0.0004493804453089617,-0.02623652838383905,0.6063093069890352,0.07273176638199857,0
0.0005499409230699508,-0.02707325113372308,0.6020318284862098,0.06366884419424781,0
0.0006623505285079025,-0.027904672948941722,0.5990837471811166,0.054695234243043366,0
0.0006762251318456932,-0.02793822552208275,0.5881636140233744,0.05421758106276722,0
0.0016378986560719076,-0.032266114010829655,0.605292400145821,0.007888596578094563,0
0.0014173706193016345,-0.03155843173999009,0.5962907893863417,0.01542484819340017,0
0.001564019220923586,-0.032136842469411765,0.5889751827525286,0.009161129606735895,0
0.0012863040706403066,-0.031134423147847416,0.5893787452072101,0.019926997420103516,0
0.0011845206655259567,-0.030965331351344706,0.5780199641664326,0.021659345759072267,0
0.0003584458845541737,-0.025357412276853286,0.611058376214266,0.08228263101557615,0
0.00026130688505351344,-0.02379581667155751,0.6095677767651633,0.09914791776808426,0
0.0002306133199003857,-0.02376527847641257,0.6194521766707615,0.099664977268753,0
0.0002869116385443516,-0.02453553211996761,0.6154292728756008,0.09124013986477264,0
0.00032215850484528224,-0.02461652032573012,0.6051968801038283,0.09019040891888777,0
0.0001671212387230545,-0.022170462219253537,0.6181399592528213,0.11701198327742095,0
0.00010158952226327917,-0.02056789957948318,0.6269211266099121,0.13485696356829444,0
0.0001312089360321677,-0.021366187753154648,0.6225305429313667,0.12593447342285768,0
0.0001393315969169857,-0.022136012822746503,0.6281222181448713,0.11761466757237019,0
0.00018079721145206109,-0.02295228802475288,0.6237382679145905,0.10859701002342134,0
0.00021007642440535923,-0.022980970639998165,0.6138538680089922,0.1080799505227526,0
7.866065616522484e-05,-0.020532277548195546,0.636899919589841,0.13550958215867148,0
0.00010579964076302418,-0.021333512678629152,0.6325128018234167,0.12653715771780694,0
5.837831376225685e-05,-0.0190788521915557,0.6360097494940468,0.15174357122372403,0
7.783446157218117e-05,-0.01981986322303592,0.6314654380519794,0.14330026739600923,0
5.727320867948892e-05,-0.019785155418001556,0.6414442310319084,0.14395288598638628,0
4.0190147105113416e-05,-0.01901696775041006,0.6458467528281557,0.15270434681660527,0
2.939824300192059e-05,-0.017765116219743395,0.6462991879714384,0.1670019943534895,0
2.7737301567126084e-05,-0.016363372928406138,0.6390491246427296,0.1830219642573723,0
1.082599493832699e-05,-0.015121036086037978,0.651908076035861,0.19843918651232548,0
1.884498692916129e-05,-0.016490065416792894,0.648872860067526,0.18192629244159153,0
1.028087163716628e-05,-0.01585673038517642,0.6553023357640917,0.18963490356906812,0
1.829760851731495e-05,-0.01573802791944968,0.6454786003392953,0.1907305753848489,0
4.2415235966287017e-05,-0.01841871828858149,0.6411544687327426,0.15937278278860678,0
2.6236310141386583e-05,-0.018355806831788855,0.6509914720668515,0.16033355838148802,0
1.6498498159037784e-05,-0.017828167950816518,0.6555758435049659,0.16647450714067408,0
1.7951530549962424e-05,-0.01718158001919074,0.6524978917318804,0.17391630748965015,0
2.8978922436744836e-05,-0.017062445633932524,0.6426741563070839,0.1750119793054309,0
3.695752383522219e-06,-0.015235084662061167,0.6618399897302802,0.1972737256670476,0
5.349838990729266e-06,-0.014486079238419977,0.6578833915310867,0.2064545975701203,0
1.0038052867704742e-05,-0.01364372226265342,0.6444439492830063,0.21647532466199684,0
1.0765444113872212e-05,-0.014376992168964441,0.6481760126594336,0.20745725558716116,0
5.967939696082205e-06,-0.013763388783679052,0.6541513281546594,0.21547266664495598,0
2.969133773975239e-06,-0.012451360173165877,0.6559475411401606,0.23284881655567302,0
3.4817128309681843e-07,-0.011127920268779921,0.6636053564791657,0.2519412583882872,0
-8.521235894196703e-07,-0.010822341511591001,0.6774139678867537,0.25626368034736224,0
-1.582651907719965e-06,-0.011540699704000614,0.6765814891239541,0.24565046052916245,0
-3.698150740400487e-07,-0.01098377095836944,0.6705096621829597,0.2541024693678247,0
-5.364181124270309e-07,-0.011706024527258073,0.6696771834201601,0.24348924954962492,0
2.2662374640233555e-07,-0.01238854371217461,0.6658482757506576,0.23394302863331784,0
1.3049711893466986e-06,-0.011776247305293861,0.6597764488096631,0.2423950374719801,0
2.5670963927064636e-06,-0.013147024146286932,0.6599031240832365,0.22365941259179406,0
5.929495884233289e-06,-0.013040406254273013,0.6501957452115834,0.22466207060883492,0
-1.7652071702500831e-06,-0.01108998148522294,0.6830014081127431,0.25181584466441087,0
-7.13476358870285e-07,-0.010413898711296037,0.6852316949350827,0.26192056292663407,0
0.0,-0.010000000000000075,0.6732965042312522,0.2698440293940874,0
0.0,-0.010000000000000024,0.683172963107332,0.26871073744999663,0
-3.189015431334674e-07,-0.010398923809272702,0.6753552360590029,0.26305385487072486,0
0.0017725067692409041,-0.03319874254077259,0.5772594153599165,-0.0023151157581333434,0
0.001783568140835951,-0.03287918479475596,0.5865733211457884,0.0011719323109496023,0
0.0015802120972543392,-0.03245599775096327,0.5796612769666567,0.005674081537652949,0
0.0012714965701008415,-0.03201773404420713,0.564226681746614,0.010286947027242829,0
0.0008636409405000669,-0.030566436530996357,0.553887393763896,0.02577536131636395,0
0.0010527448250152022,-0.031292473767322714,0.559057037755255,0.018031154171803388,0
0.001138422183262495,-0.031117131966126407,0.5691017357530411,0.019971179855974058,0
0.000948466321111178,-0.030391179759503336,0.5639320917616821,0.02771538700053462,0
0.0007059904641160924,-0.02884159708651353,0.5630603485540164,0.044294547590413944,0
0.0007868494130357133,-0.02970385320742762,0.5584738711589562,0.035034954453388945,0
0.0008443056435326141,-0.029529690040497845,0.5685185691567424,0.036974980137559614,0
0.0007624890995486272,-0.028802000196160707,0.5735582750819611,0.04481132701087932,0
0.000556806228769036,-0.027233286918180902,0.5718798600978382,0.06158720565886751,0
0.0006306369868115223,-0.028037063052074318,0.5674701043259274,0.052940876624640726,0
0.0006673157128934332,-0.027998897777902817,0.5779680308538719,0.053457656045106106,0
0.0005744600640991338,-0.027173733960286797,0.5820754432673405,0.06234713067652862,0
0.00041479877824070877,-0.025562353009616415,0.5807976077643873,0.07959852402692312,0
0.0004114546232586311,-0.025501322390433283,0.5908117956034404,0.08041571204830719,0
0.0004889017361184837,-0.02633943261972077,0.5865343171006151,0.07135278986055643,0
0.0004831246673367454,-0.026397065520160783,0.5763387339311128,0.07059286484289531,0
0.0013505422549943155,-0.0318651501500935,0.5731449101600055,0.011975112930341036,0
0.0015085345465696346,-0.03260847097987014,0.5707430485532652,0.0039859156345547425,0
0.0002968802574040763,-0.02389875873104087,0.5896174813411236,0.09761568053750418,0
0.0003525667678823854,-0.02472927979854753,0.5852075445527554,0.08860710228221365,0
0.00034333062443712775,-0.024670733131328577,0.5952217323918085,0.08942429030359772,0
0.0002841378942121894,-0.02384766767794914,0.5995926290531435,0.09838179915279421,0
0.00020553637094515738,-0.022258669582889225,0.5981959345537982,0.11551254323519247,0
0.00013610760241461827,-0.02060350350725101,0.6069468894313127,0.1337909601900302,0
8.66296377843068e-05,-0.0190213886334281,0.6162209926823278,0.15160683503708747,0
0.00010927480597843383,-0.01980823703446184,0.6115839410568202,0.14269889761355883,0
9.471304201420155e-05,-0.01979601185873144,0.6215710596461199,0.14323189930269095,0
0.00012093508946902243,-0.020587720282439357,0.6169340080206124,0.13432396187916232,0
0.00015195570417306679,-0.021388625362685258,0.612543424342067,0.12540147173372557,0
0.00018961312196601136,-0.02221553123625149,0.6081679469033097,0.1162622632563067,0
0.00016806259671069235,-0.021428058295833625,0.6025714119925554,0.12465175171261134,0
0.0002480892825894273,-0.023076764079914287,0.5939067079474609,0.10656411188634832,0
0.00023314588248253887,-0.023028751485229603,0.6038818556594807,0.10733023050163837,0
7.383747289880931e-05,-0.019053711393665313,0.6261153710881873,0.15167520313040575,0
5.1972291430989336e-05,-0.017624548705267973,0.6271955946545685,0.1678483252741588,0
4.108360795345001e-05,-0.01607568706624377,0.6194721207750068,0.185095257009156,0
2.2431743367153622e-05,-0.014838980981389223,0.6321192117602652,0.20071691082432722,0
2.52680105855383e-05,-0.015598261625462103,0.6355841682014973,0.19186943754084976,0
1.7131687195505323e-05,-0.014989901283310056,0.642013643898063,0.19957804866832635,0
1.552018645141906e-05,-0.014234641235845358,0.6382815805216357,0.20859611774316203,0
1.6091342539982123e-05,-0.013379093193737807,0.6258423201734188,0.21799776042530078,0
1.9315248037088573e-05,-0.014105480285736965,0.628980765966842,0.209357335624814,0
1.340169313801604e-05,-0.013522431350298028,0.6351431347282126,0.21723654254364883,0
7.2353430095967885e-06,-0.01232173307123733,0.6382948841625716,0.23320075199443624,0
2.4501428148516913e-06,-0.011159002887174719,0.64551517210779,0.2503061943716325,0
3.047409151738507e-06,-0.011799729651906286,0.6507313566239753,0.24157750546365275,0
1.4074719712586938e-06,-0.011158558450637632,0.6545602642934778,0.25112372637995983,0
0.0,-0.010000000000000063,0.6534213954170096,0.2693798926734765,0
0.0,-0.010000000000000044,0.6633589498241309,0.26961196103378193,0
-9.164084749767399e-08,-0.010547270766731643,0.668450930355209,0.26089264389118727,0
4.2518265717408984e-07,-0.010550117516331146,0.6585133759480877,0.26066057553088184,0
9.047200344207587e-07,-0.01055742122033572,0.6494682837623997,0.2598430435225545,0
5.5663154941414705e-05,-0.018351744390029866,0.6316026720743076,0.15979594824894142,0
6.7850311498969e-05,-0.018318167471406542,0.6217082936684482,0.15972758015562313,0
4.149679438773826e-05,-0.017700025588196867,0.6367473913130035,0.16742515981382416,0
3.874504290669827e-05,-0.01698939587187398,0.633122359648649,0.17543514476576555,0
4.659270104438227e-05,-0.016849842249453552,0.6233338577147877,0.1764717911416574,0
3.521417038166598e-05,-0.01622690654476356,0.6292606227088682,0.18405861063326415,0
3.09375157190278e-05,-0.015450402040726308,0.625795666267636,0.1929060839167416,0
8.775320199400662e-06,-0.012976782977631308,0.641369416722789,0.22483803832821653,0
1.1152825358290569e-05,-0.012842285120629026,0.6320686021679952,0.2255992562098685,0
5.233677900046201e-06,-0.012398287086074725,0.6471212126513661,0.23302478427505463,0
4.487840303019765e-06,-0.01172797184305492,0.6419050281351808,0.24175347318303436,0
0.0015920017633835476,-0.03381705492261953,0.5585411892950358,-0.009040675860643077,0
0.000997648899834654,-0.032505408338104565,0.5434773126132436,0.004965614249272748,0
0.0005949155106586398,-0.03071960053434413,0.5340002271317819,0.024039404734277382,0
0.0007776779250690273,-0.03161302382849899,0.5387387698725128,0.014502509491775065,0
0.0007391794908651154,-0.030642535294914806,0.5439438104478389,0.024907383025320667,0
0.0009393264449426526,-0.031535887160903615,0.5486823531885698,0.015370487782818349,0
0.0011542232899929938,-0.03226107515999564,0.5538519971799287,0.007626280638257789,0
0.0012758263804762858,-0.03316148698393705,0.5510092509541398,-0.0020375308056851645,0
0.0014314620439662762,-0.032917487944402135,0.5613839355208249,0.0006231355832998758,0
0.0017080287432191428,-0.033507481496251004,0.5679003023274762,-0.005677895809388211,0
0.0005491551057487461,-0.029034520051501093,0.5431656882338686,0.04208489135949522,0
0.0005778432622715504,-0.02987707701448458,0.5385829576828252,0.0330621480468863,0
0.0006937825240955292,-0.029801019167132146,0.5485265409988822,0.033930126337929585,0
0.0006375987196880176,-0.028937500140668294,0.5531130183939426,0.04318971947495458,0
0.00046796677216546975,-0.027356103696862977,0.5519376822389158,0.0600605791712046,0
0.0005782194023587863,-0.02809957421772587,0.5574990153964661,0.05217756338080927,0
0.0005108574239404142,-0.028195197497039127,0.5475516852363922,0.05107273526534991,0
0.0005208610918074147,-0.027294153997333953,0.561908771168377,0.06082389241503605,0
0.00037719461940673437,-0.025675468215646258,0.5607409209150901,0.07808097306527088,0
0.0002909946559406775,-0.024008707099904016,0.5695400876447805,0.09600444490963965,0
0.0002992823473349903,-0.023953373576751993,0.5795787844929521,0.09681006272357191,0
0.0003491214629096581,-0.024787002845300457,0.5751688477045839,0.08780148446828138,0
0.0003330405700809383,-0.024841256602426674,0.5651405042799353,0.08704270898745527,0
0.0004030048812854138,-0.025618411383489834,0.5707692643397386,0.078839748546097,0
0.0004606081813503409,-0.026455453947174412,0.5663103905064641,0.0698340893620692,0
0.0004227588608660161,-0.026515396942776766,0.556339301577003,0.06907077611823774,0
0.00021649002919622208,-0.022367079169414352,0.5782698645850021,0.11375548122038456,0
0.0002521501946378147,-0.0231864194466236,0.5739049761148913,0.1048799630650121,0
0.00025482274032589616,-0.023134845329645614,0.5839436729630628,0.10568558087894436,0
0.00021477581880632518,-0.022312815976082416,0.5882328995694002,0.11463401222778852,0
0.00015356486968616493,-0.020684743789956574,0.587015410998561,0.13211137261845135,0
0.0001031253440840396,-0.018970902110235374,0.5967044193311215,0.1511441315016392,0
0.00014737268521513618,-0.020644737367116188,0.5969811502149369,0.13295116640424076,0
0.0001191728701776695,-0.019789708945868612,0.601825654381217,0.1424675458458347,0
0.00012658574984394558,-0.01982331552580308,0.5918599151648413,0.14162775206004527,0
0.00017865442257584326,-0.021474149692449936,0.5926056727761796,0.12381195792682191,0
0.00018315386581534837,-0.021523378874314703,0.5826426377917815,0.12293342691941796,0
9.651978196029518e-05,-0.01899837341704409,0.6064627060067247,0.15137548326936334,0
6.661460403143202e-05,-0.017410009664555907,0.6076608377628923,0.1690556179426575,0
7.643734558834445e-05,-0.018217065974130166,0.6119409152226101,0.16033122648987247,0
8.356819162665629e-05,-0.018184070094488188,0.6021826285470069,0.16009987472214834,0
6.0458347771286184e-05,-0.01752209936141174,0.6174282162087303,0.16845197160840814,0
5.2918646939692664e-05,-0.016736026064647625,0.6135664792689495,0.17707543747590676,0
4.752228995794727e-05,-0.015740448817024567,0.6001842281991575,0.187096337844099,0
2.9402576655080516e-05,-0.014472111881795672,0.6122391195453621,0.20304512137868252,0
2.2208752344023914e-05,-0.013916917787122344,0.6190407198593905,0.21052144090199165,0
2.656411227884782e-05,-0.014665603794737586,0.6221791656528137,0.20188101610150488,0
3.515633244899865e-05,-0.015273464146476907,0.6158556201601845,0.19407018919391927,0
4.517934876213548e-05,-0.015914570489763046,0.6098281744870822,0.1860957974266275,0
3.786631856260109e-05,-0.015096672374754184,0.6062116738722598,0.19507072961139077,0
5.668261785198117e-05,-0.016576898163788302,0.6039225329810249,0.17807597789337826,0
1.7435646991583377e-05,-0.012763411214453449,0.6059641875039294,0.22246989514638524,0
1.0292128401739708e-05,-0.01216399452399263,0.621442601287051,0.2328351293213277,0
1.3685529295952301e-05,-0.01246007747568683,0.6137033943954902,0.22765251223385646,0
1.3168857543775238e-05,-0.012767458513975753,0.6236424607302349,0.22541644487331425,0
1.7324281680456536e-05,-0.01308599390425355,0.6159032538386742,0.220233827785843,0
2.323952037597667e-05,-0.01361550633062813,0.6091016535246458,0.21275750826253387,0
8.935622606667645e-06,-0.012253099228862618,0.6298687427248113,0.23301794065788195,0
4.266075955307107e-06,-0.011111641421256186,0.6275639815809275,0.2482110689619476,0
0.0,-0.010000000000000077,0.6337804105772695,0.2662788319031117,0
1.8006620801425201e-06,-0.010533929793104493,0.6306721960790985,0.25724495043252965,0
3.4386190560629e-06,-0.011149366598371327,0.6365395768443587,0.24925863166679005,0
6.011530921823464e-06,-0.011717184805141707,0.6329294328717496,0.24070591047819193,0
6.973729366304451e-06,-0.011626238870108585,0.6245032914339892,0.24052309914163766,0
0.0,-0.010000000000000024,0.6436009029971396,0.2678293622882941,0
1.464273867690148e-06,-0.01057372296257831,0.6396477913425298,0.2582925131373721,0
0.001207021201375267,-0.034342881106991366,0.5394895528936183,-0.014741458386667405,0
0.0014197955826394447,-0.03407959058633894,0.5490153710943271,-0.01189106712365524,0
0.0011033075808745021,-0.033424345556756135,0.541483432753431,-0.0048879220686973285,0
0.0007705170726086935,-0.03358008346649985,0.527729369168469,-0.0065912594465620125,0
0.0005242405469343524,-0.032293169749721094,0.5227964584728986,0.00717802535761329,0
0.0005719251770932632,-0.03150636365090345,0.5283983428023402,0.015608715045945337,0
0.0007633366838735201,-0.032398932154645885,0.5331368855430711,0.00607181980344302,0
0.0006394287236471142,-0.03293683115609278,0.5252629138206838,0.00029338295552563867,0
0.0009025029162979243,-0.03304245610625565,0.5356033408908563,-0.0008128225986446321,0
0.000980346240759581,-0.03396151706767821,0.5336094610310437,-0.010666358916614709,0
0.000317985792422689,-0.029155555509556078,0.523213877591142,0.04069485247296426,0
0.00044006194510500484,-0.029094373016047788,0.5331897829125053,0.04138987191622974,0
0.00044367810014024693,-0.02993805645789526,0.5286070523614619,0.03236712860362082,0
0.00026916027297452065,-0.030795940195754795,0.5147339914270433,0.023169147379459236,0
0.0003010236481870759,-0.029975964005127885,0.5189739345090927,0.03193199992621175,0
0.0004370123700974662,-0.03075727411935174,0.5243671092794127,0.02360427605686831,0
0.0003853046318082909,-0.03154487082433795,0.518765224949971,0.015173586368536263,0
0.000318382863752222,-0.02747149781115081,0.5319859504649458,0.058670542094210194,0
0.0002881031134393762,-0.02578710306982739,0.5407583232124363,0.07664152688535779,0
0.0002433641256490572,-0.024105468062267005,0.5495320049744847,0.09459357192877246,0
0.00033837804155006907,-0.025730364009794827,0.5507496220637632,0.07736124997531434,0
0.0003051025548002589,-0.024891982763924347,0.5551364629447875,0.08633727249702167,0
0.00026675496058426595,-0.024946004586521787,0.5451451640934606,0.08561754940706512,0
0.00032323733958879413,-0.02831369232510307,0.5275999140280438,0.04968269728358723,0
0.00042353622009118255,-0.028253714374554154,0.5375758193494071,0.050377716726852706,0
0.00039952303333051596,-0.02741300550264407,0.5419618163519309,0.0593655606327074,0
0.0003704784186351454,-0.026572649018390862,0.5463480027256761,0.06835105302828119,0
0.000305947165222229,-0.026629316109661953,0.5363721368386911,0.067656034489784,0
0.0002719467649066717,-0.02405609663025686,0.5595360463096326,0.09529900841920605,0
0.00019545523597327838,-0.022439234716903136,0.5583139376526591,0.11242712325702423,0
0.0002096841622418419,-0.022402247066607924,0.5682919011188305,0.1130913022387044,0
0.00023993498633470358,-0.02322609785772014,0.5639270126487198,0.10421578408333193,0
0.00021939175721852748,-0.023271548874822065,0.5539229713135719,0.10351034759289834,0
0.00015292253029098994,-0.020868624136526404,0.5671592667563188,0.12935062361619057,0
0.00010606180892521151,-0.018947943703553266,0.5745644367324797,0.15010978226694993,0
7.163071579386331e-05,-0.017166135353428667,0.5878180103627197,0.1701902269435094,0
8.811721263463692e-05,-0.018048598226769148,0.5811912235475998,0.16015000460522966,0
8.646875360771414e-05,-0.018072107076450156,0.5922612148469206,0.16066717922257429,0
0.00010690456837571104,-0.01895983725952897,0.5856344280318007,0.15062695688429456,0
0.0001286015403625982,-0.019821046949130127,0.5807899238655203,0.14111057744270064,0
0.00015599973981686422,-0.020775582083197026,0.5770873388774399,0.13073099811732097,0
0.00012791494436136368,-0.01990558050876257,0.5708618517443993,0.13973020294157024,0
0.00018298115306344574,-0.021620524583752014,0.5727145656706605,0.12155305241828757,0
0.00017377826498725244,-0.021652321035902672,0.562736602204489,0.1208888734366074,0
7.041569935717189e-05,-0.017291615069992307,0.597739424062806,0.16962292244308347,0
5.896900790397305e-05,-0.016444291419356792,0.5940011192809387,0.1786432823938042,0
4.6850573325944405e-05,-0.015340869337797476,0.5804495623290739,0.1892352400609969,0
5.845343060889191e-05,-0.016258026491670564,0.5841337863458969,0.17971273350225314,0
4.806454541440417e-05,-0.015545952684556788,0.5903168952641157,0.18816578895254793,0
3.163376972436408e-05,-0.014095341644857108,0.592895879619178,0.20468540647534014,0
3.927651630765107e-05,-0.014920642919843085,0.5965400539091678,0.19589087215971956,0
3.1131513719595614e-05,-0.014292075718227411,0.6025674995822701,0.20386526392701132,0
2.4022807643272855e-05,-0.01341287076774835,0.5994300335615537,0.2135776508108627,0
1.932053939903183e-05,-0.012626469170870092,0.586999537841161,0.2202574559170586,0
2.5297066458827846e-05,-0.013363342865889014,0.5899477087301694,0.21247143119619938,0
1.8703199755263034e-05,-0.012700958570231697,0.5964818626725452,0.22136367553172193,0
9.746166743453917e-06,-0.011442910130437536,0.5919098063941949,0.23524440027551147,0
6.835724215338489e-06,-0.011248571406758629,0.6095476683241215,0.2422962328290289,0
1.1689020641328888e-05,-0.011988900069915334,0.6077559279140254,0.23238306398770708,0
1.3877413798461621e-05,-0.012116291333951066,0.5989369969490621,0.22885714771094834,0
8.318626486781518e-06,-0.0113472385482486,0.6007287373591582,0.23877031655227018,0
3.8997697163659315e-05,-0.014706601152206717,0.5866727209741259,0.19696032326816854,0
8.802811610717011e-06,-0.01171392662403316,0.6154951348055863,0.23756568107517828,0
5.56940974954712e-06,-0.01118838855788166,0.6185558249525245,0.24525365089548826,0
0.0,-0.010000000000000092,0.6145738133118693,0.2611084204283166,0
2.3828436592313623e-06,-0.010560168331402187,0.6210688974463985,0.2546597446951321,0
0.0,-0.00999999999999999,0.6241771119445694,0.2636936261657141,0
1.4274190770797697e-05,-0.012023428370452829,0.5894546721176779,0.22775092809628503,0
3.0297996660031925e-06,-0.010600567398591498,0.6120607408179954,0.25170232662867276,0
0.000654952741074801,-0.034702113669209195,0.5199925882942988,-0.01862772136817485,0
0.0003090909971646983,-0.033509538983569044,0.5110917298300642,-0.005859239851426077,0
0.0005407551111062718,-0.033544585899910835,0.5194105494992667,-0.006225249648994045,0
0.00043001141368066514,-0.03290130338243729,0.5169440941514813,0.0006593927530936065,0
7.399058259855345e-05,-0.03218664114026651,0.5032239433437286,0.00829408576415863,0
-9.884020084990849e-05,-0.03083361477277834,0.4946417443304305,0.022755619997760906,0
4.6704818544894346e-05,-0.029282185047059848,0.5032620376018989,0.039304783650492704,0
8.652971299385334e-05,-0.03081421837133988,0.504687867878737,0.02296238368861007,0
-1.6913698580708707e-05,-0.030058220376962437,0.4989518909661647,0.031030201824126805,0
0.00014574406313935204,-0.030039346516011887,0.5089980145144711,0.03123696551497597,0
0.0001858850366909782,-0.02921814832246632,0.5132379575965205,0.03999981806172848,0
0.00012733263142756228,-0.02759390229130664,0.5120341917676398,0.057280480630446357,0
0.0001597832950520631,-0.025902410439407615,0.5208064157817425,0.07525450569549014,0
0.0001617519686404485,-0.02420821412801528,0.529578756708123,0.09322645455386676,0
0.00021905936185343233,-0.02499899300162278,0.5351685399602797,0.08493399071961227,0
0.0002062354218194367,-0.024155350548357244,0.5395553808413038,0.09391001324131962,0
0.00014652950550051404,-0.022511743603378497,0.5383504261708228,0.11120776187295989,0
0.00015561916764850797,-0.023359997920170756,0.533964591439473,0.10221710821341332,0
0.00019077330238799226,-0.023310647775597427,0.5439412155726537,0.10290066690086618,0
0.00017410643166437028,-0.022473761456467373,0.548332181911741,0.11181744256499206,0
0.0001259623424555463,-0.02091577688959153,0.5471937815299495,0.12815974463246305,0
0.00014200790144301223,-0.020890393369322025,0.5571765241431341,0.1287551841243268,0
0.00015816102381008846,-0.0216802401312288,0.5527538595913043,0.12029343394474364,0
0.00013691960337436406,-0.021713114863146366,0.5427721038503861,0.11968375325271147,0
0.0007216707684479396,-0.03414109641227131,0.5238609787313839,-0.012609490407368432,0
0.0009446161006209672,-0.034522185851164774,0.5297410705939586,-0.01668458987742113,0
0.00047036961178687853,-0.03410593860340915,0.5155421590621816,-0.012243480609800465,0
0.00018127382185836502,-0.03284825132766516,0.5071578365868964,0.0012174229563662767,0
0.0002994205768590173,-0.03223950696833221,0.5130102009083135,0.00773605556088596,0
0.00018428144264685323,-0.03149133889439093,0.508978967385386,0.015731616571808934,0
-2.1850061181047275e-05,-0.03151029161771328,0.49893284383707953,0.015524852880959769,0
0.00021260164704681566,-0.028375254255256267,0.5176240346793909,0.048987666551705306,0
0.00022685601086883448,-0.027531759224287525,0.5220100711162927,0.05797551136232827,0
0.00014837364733546275,-0.02674856630638723,0.5164203037746911,0.06626749316296825,0
0.00023121477058764885,-0.026687802961613848,0.5263961831233441,0.06696252389485016,0
0.00022795906996669207,-0.025843554214471442,0.5307823694970895,0.07594801629042397,0
0.0001636441246596551,-0.025055612312994226,0.5251925862449327,0.08424048012467844,0
9.431318255308063e-05,-0.028438467810926387,0.5076481146847693,0.04829263214046953,0
0.00011059605706537739,-0.019695053448663978,0.5562895390579644,0.14128481937563073,0
8.004979197742444e-05,-0.01820542028980361,0.554689905156456,0.15675646544377758,0
6.55313326198373e-05,-0.016833113848217864,0.5678221807436195,0.17204036037643794,0
6.977874242250534e-05,-0.01700152155482471,0.5778200955531696,0.1711152936599737,0
8.389351279013688e-05,-0.01789582728586995,0.5711933087380496,0.16107507132169394,0
7.325498829501798e-05,-0.01751276964121284,0.5612560429500377,0.16439841291010776,0
9.402237299730663e-05,-0.018579182002516955,0.5646271709444679,0.15343312385536376,0
9.424124517916517e-05,-0.018952121236329063,0.5554897221072101,0.14902064240970414,0
0.00011017539913474042,-0.019317035354550427,0.565426987895222,0.14569730082129034,0
0.0001308931009435325,-0.02028435063091362,0.5617244029071415,0.13531772149591065,0
0.0001187643312162595,-0.020303811430536934,0.5517416602939569,0.1347222820040469,0
5.607400885091108e-05,-0.016076869853574934,0.5741358715363467,0.18063780021871742,0
3.985926798229408e-05,-0.01490799244455396,0.560795201598619,0.19139850056005095,0
5.1701128526030664e-05,-0.015878335551231942,0.5643086911711193,0.18171943046824446,0
4.404308437117705e-05,-0.015126922108282615,0.5706223819638464,0.1903168703105239,0
2.6830594468410366e-05,-0.013409519430857868,0.5720455943659254,0.20873569989384425,0
1.2640583195673663e-05,-0.01170234387041987,0.5729036825535548,0.22726830319111688,0
1.9425704900657536e-05,-0.01255094166490121,0.5724746384597401,0.21800200154248056,0
2.312830353415553e-05,-0.013005705123100314,0.5795225661035432,0.2144965779054514,0
2.98438514368201e-05,-0.013762752519095279,0.5824707369925517,0.2067105531845922,0
3.6292715726679716e-05,-0.014384016508157571,0.5762475783474996,0.19898546997742056,0
3.3301732916839156e-05,-0.01414529209222475,0.5664203979822722,0.2000671002269476,0
1.616991813410518e-05,-0.012176111671516016,0.5799516101973579,0.22376287955408775,0
1.127966489612977e-05,-0.011565919688029407,0.5824067444738749,0.23125635173331416,0
0.0,-0.010000000000000094,0.5771256493879255,0.2476650949489697,0
5.148247485412221e-06,-0.01074259927201789,0.5845177278910603,0.2414547476122406,0
6.027950724890379e-06,-0.010830940203896975,0.5750146659707402,0.2374666990700433,0
0.0,-0.01000000000000008,0.5957591842547643,0.2546417214683406,0
4.491801540978184e-06,-0.010698806958151657,0.5938344953244796,0.24494306087192602,0
0.0,-0.010000000000000002,0.5864424168213449,0.25115340820865517,0
3.6937004273856916e-06,-0.010636275296023122,0.602653426289443,0.24846897714868474,0
0.0,-0.010000000000000031,0.6051664987833167,0.2578750709483286,0
5.750635560314641e-06,-0.03483197053560982,0.5001667313910257,-0.020031100497055518,0
-0.00020375606833108534,-0.033464298636327425,0.49264125172425016,-0.005377415032557284,0
-0.00010977819350757392,-0.034148242896715475,0.4964039915576379,-0.0127042577648064,0
5.208975249461803e-05,-0.03348662412157971,0.5018664907771572,-0.0056183274419916805,0
0.00017272014845528616,-0.03417078987180516,0.505629230610545,-0.012945170174240798,0
0.00033518295956202294,-0.03476677091067453,0.5100796598426622,-0.019329410932615185,0
-5.203886450847518e-05,-0.03282555308175935,0.49793259753398933,0.001458335365800673,0
-0.00030763732533531965,-0.032030799122612696,0.4861712150754817,0.009969344484142792,0
-0.00011980489202087537,-0.03210839751060642,0.4946975792096051,0.00913171512415071,0
-0.00019470620281483071,-0.03143236314379079,0.49040647970295614,0.01636248224095185,0
-0.0004983985827230853,-0.031138935422066413,0.4738090194782799,0.019530653582045355,0
-0.00024114811336228207,-0.029414496462980753,0.48331018414138877,0.0379146833226479,0
-0.00035629687480469774,-0.03027724198623709,0.47855960180983437,0.028722668452346625,0
-0.00018054530268991564,-0.03012411433956266,0.4889759642359096,0.030335151660204403,0
-9.664579803553588e-05,-0.029347650753984957,0.49328611087164387,0.038609733486570305,0
-8.581539633613715e-05,-0.027723948389037478,0.49208241629737604,0.05589039059970383,0
-0.00015431716199722518,-0.02856984175692612,0.4876963002193824,0.04690253696117587,0
-2.8915007093744652e-05,-0.028503344410366043,0.4976722269496375,0.04759758712509827,0
2.2270164327479343e-05,-0.027657972725451875,0.502058304032508,0.05658543561507509,0
6.977054098941674e-06,-0.026027980082599354,0.500854583349265,0.07386613271068046,0
5.6169715016951026e-05,-0.024325768809233,0.5096267044179325,0.09184191834467967,0
0.00010205053174134975,-0.025115039656210706,0.5152165600998375,0.0835482120200849,0
0.00011125709141808256,-0.024265226118660558,0.5196027305630277,0.09253418644927322,0
7.662156436091607e-05,-0.02261693983214062,0.5183988086040934,0.10981773993153976,0
6.921301491774875e-05,-0.023472173091046947,0.5140127565110129,0.10082982913810971,0
0.00011471275774214702,-0.023414182667670695,0.5239887826561083,0.10152209724270325,0
0.00011380735358018461,-0.022562016262867766,0.5283746173874582,0.11051275090224982,0
7.939205413338789e-05,-0.020902191002201524,0.527170886717887,0.12779356853925966,0
7.453209512384212e-05,-0.019180682549187592,0.5373735012293175,0.145859058566466,0
9.780609740669595e-05,-0.020052514817092873,0.5422836413796335,0.1370094015994645,0
7.815033954722365e-05,-0.020040884333122035,0.5322721939736023,0.13682631355286284,0
0.00010446173793662893,-0.020906280049330882,0.5371823341239182,0.12797665658586135,0
0.00010971479616091018,-0.021709563481757097,0.532760656444355,0.11950066520610977,0
7.966162578503667e-05,-0.021760194723021122,0.5227848476609902,0.11880565423539971,0
-0.0002635500397004852,-0.03274770597690157,0.48940623339986594,0.0022959647257927538,0
-0.0002966732646187786,-0.030985764422933472,0.4842253819043552,0.02114313678990313,0
-0.0004125975328329623,-0.0315847063514529,0.4799901172768808,0.014749999033094072,0
5.958814346975845e-05,-0.026811474485995322,0.5064443875584523,0.06557330667056341,0
8.546230036573855e-05,-0.025963888036121784,0.5108304995655037,0.0745603192030853,0
3.600114321045446e-05,-0.02517769416783324,0.5052406438835988,0.08285402552768006,0
-3.288252404165955e-05,-0.026876698613028195,0.49646849982332053,0.06487826165519214,0
9.32414266298554e-05,-0.01943723227717603,0.5468315201436409,0.14357193897104836,0
7.911468171187552e-05,-0.01868730077120015,0.5460317031928867,0.1513077620051218,0
5.650174148041186e-05,-0.01757439659693923,0.5398739467803498,0.16241594991629063,0
4.975109368424625e-05,-0.016331628595155002,0.5485904892572914,0.17562466003922808,0
2.8347864405620146e-05,-0.014394142996936513,0.5422215734118125,0.19443983501995102,0
3.813248759021457e-05,-0.015373276156913952,0.5454060313345519,0.18503224752958955,0
3.4426939512873944e-05,-0.014650580432426254,0.5515083875052158,0.19291916779000098,0
4.516626257951695e-05,-0.015611050414084102,0.5546928454279552,0.18351158029963952,0
5.8319970549665255e-05,-0.016582890887424494,0.5582063350004554,0.17383251020783302,0
6.354562698248175e-05,-0.01727505569771245,0.5516401972068736,0.16619056274150285,0
5.3464742991310005e-05,-0.016950285635988892,0.5442322180188206,0.16902030497775936,0
6.837133689400793e-05,-0.017890605175637796,0.547281925968403,0.15958620768003412,0
6.507640763306824e-05,-0.01837939687327359,0.5386237240048337,0.15413750424137831,0
2.3888847936697737e-05,-0.01333806018843983,0.5531201706462948,0.20630345380183077,0
1.2690294965127836e-05,-0.011793501066452829,0.5554354766538249,0.22216225453689614,0
1.9696366257373997e-05,-0.012622850585215074,0.5637405355098751,0.2154489772153702,0
1.2826285436381446e-05,-0.011739220585880747,0.5641695796036899,0.2247152788640065,0
0.0,-0.010000000000000083,0.5583999212262512,0.2409425640570877,0
0.0,-0.010000000000000028,0.5677627853070883,0.2443038295030287,0
6.44577223456633e-06,-0.010880709255583184,0.565651801889903,0.2341054336241023,0
6.3379207373714325e-06,-0.010890435557778065,0.556917698940038,0.23155240929699192,0
2.5780730618226472e-05,-0.013369473930248696,0.5625828825061101,0.2075195768478375,0
1.818726203121072e-05,-0.01256392219183574,0.5542778236500598,0.21423285416936344,0
3.145140864516667e-05,-0.014132305711629135,0.5569576861224569,0.19885097718094086,0
2.6432611146621117e-05,-0.013857178338605771,0.5476708720290537,0.2003716444108909,0
-0.0006444845834484976,-0.0347063091269517,0.4803377552193137,-0.018673190533797828,0
-0.0004078834401234234,-0.0340853859818189,0.48648950347178194,-0.012025302783177556,0
-0.000324013423563797,-0.034768868895270644,0.4902522433051697,-0.019352145515426675,0
-0.0006446442506785304,-0.033031204686845936,0.47488840137815097,-0.0007176522132579804,0
-0.0010055059430852426,-0.03255317730118301,0.4564949148509711,0.0044536465426934175,0
-0.0008155448549858702,-0.03080751163489365,0.4522780054857417,0.023161296669901032,0
-0.0006697228244487931,-0.03097260730489717,0.4630435124820108,0.021345975125973193,0
-0.0009095817633570607,-0.03168054617090203,0.4543864601683564,0.013807471606297224,0
-0.000732456361821269,-0.031846287991080774,0.4651519671646255,0.011992150062369386,0
-0.0005685964150517028,-0.03208547633056627,0.47434871042821547,0.009406500684393687,0
-0.0008382266555561342,-0.03279181297924597,0.46569165811456104,0.0018679971647177186,0
-0.00043378271140105483,-0.03324745024779739,0.48376482655120057,-0.0030475336229076324,0
-0.0006517399047090155,-0.03386892047483778,0.47761307829873234,-0.009695421373527904,0
-0.00046586021636020277,-0.032531067187667295,0.48052980822681635,0.004625846135442406,0
-0.0005155751796095246,-0.029511731399402347,0.4635117582606338,0.03695260654676234,0
-0.0006550360296785805,-0.03015997263609782,0.4578948818731877,0.03005695160833169,0
-0.0005158672837869871,-0.03032534195895281,0.4686603888694568,0.028241630064403847,0
-0.0003813488424479053,-0.029462530436169154,0.4734109712010113,0.03743364493470512,0
-0.0002991232013228546,-0.027857638419563457,0.4722588566351444,0.054537666307591715,0
-0.0002781903434638402,-0.02863608907795646,0.4777845203882666,0.04622617481511981,0
-0.00039701805318877046,-0.028685378231824633,0.4678853074478891,0.04574513642717703,0
-0.00019359208007907488,-0.027789964566211866,0.48217063646626024,0.05521402845364777,0
-0.00015414063176128173,-0.026163913703565224,0.48090286214261313,0.07247602138041744,0
-0.00021885150169111418,-0.027011711130090012,0.47658085938887873,0.06350684384400457,0
-0.0001267108860199149,-0.026944089415001735,0.4864926392199946,0.06418320599006064,0
-7.360421359667444e-05,-0.026094726824427174,0.4908787227459391,0.07317107704554895,0
-6.146002337710747e-05,-0.024458100948990636,0.4896750321973669,0.09045178254041018,0
-0.00010216798495388038,-0.025312200786112758,0.48528894716999005,0.08146390196041381,0
-3.2700416176031546e-05,-0.025243479949599024,0.49526480777331594,0.08215895762554531,0
-1.9485716301251373e-06,-0.02439017353601578,0.4996508683076497,0.09114685044254492,0
-6.6291666726539605e-06,-0.02274166084166642,0.49844715377734855,0.10842763292092371,0
2.2535811367325963e-05,-0.02101258780182092,0.5072193447503642,0.12640359153869293,0
1.0531314193349111e-05,-0.021878808608891562,0.5028332492638564,0.11741561222980831,0
3.607607563137776e-05,-0.022676797172001602,0.5084229811907209,0.10912268642623174,0
2.0454150880850837e-05,-0.023534652409630548,0.5040369290976405,0.10013477563280168,0
-3.0156087592504865e-05,-0.023601342076667378,0.49406109298735773,0.09943970773066695,0
4.626582729090472e-05,-0.021816538677172728,0.5128090766772289,0.11811066573511635,0
5.2168403300952515e-05,-0.020953913378700055,0.5171951157341257,0.12709858003897628,0
3.5016993644880296e-05,-0.019269697282481648,0.5159914466507733,0.1443794720842886,0
5.611656945784527e-05,-0.019219842260381582,0.5266824739400454,0.1451192653253773,0
5.474407032687004e-05,-0.020089083834544382,0.5215811666843302,0.13608652031177415,0
3.0411209037895118e-05,-0.020142883230074817,0.5116053957005688,0.13539153181149077,0
3.586617343089285e-05,-0.017535598309670664,0.5237110109244438,0.16210318650799607,0
3.312841188175841e-05,-0.01594982887462659,0.5318037216931788,0.17826620241319663,0
3.125754291487969e-05,-0.015167207233910813,0.5370126475524957,0.18635301871657384,0
4.1705787605410566e-05,-0.01613828790783886,0.540197105475235,0.17694543122621237,0
4.377375421684342e-05,-0.016768819835301034,0.5358388342367644,0.17034107616474364,0
4.672167505531203e-05,-0.017551245651940148,0.5317924788523969,0.16225956821214335,0
3.502220441401701e-05,-0.016742890977637235,0.5277573663088113,0.17018469446059636,0
3.6245949522988566e-05,-0.018404424879782874,0.5198512287876086,0.15324132929614234,0
5.328507935729623e-05,-0.01836307714123871,0.5305422560768807,0.15398112253723104,0
1.4911306980816857e-05,-0.013925411979085187,0.5226407379723882,0.19721168079016968,0
1.1726585660299507e-05,-0.01217563995843054,0.5351030843963037,0.21478097494349208,0
1.4077249632982228e-05,-0.013040505126295792,0.528871911184346,0.20599632786683086,0
1.9373270708390792e-05,-0.013304761101140528,0.5386623289040582,0.20461040498172156,0
2.1704342586154992e-05,-0.014152806976928844,0.5324311556921004,0.19582575790506035,0
2.2954923619237293e-05,-0.014951508676058654,0.5272222298327836,0.18773894160168314,0
1.756809538687386e-05,-0.012765160557677846,0.5441116275212993,0.2105422143726614,0
1.2549998808809565e-05,-0.01195927338489165,0.5452692805250643,0.2184716147401941,0
0.0,-0.010000000000000078,0.5393392680234398,0.2352512486749969,0
6.211576468686223e-06,-0.011095376703604248,0.5372211762098718,0.22501611180924447,0
6.150358170519033e-06,-0.010932813701962118,0.5473873723386323,0.2287067516059465,0
0.0,-0.01000000000000003,0.5488695946248454,0.2380969063660423,0
-0.0011987307709382343,-0.03435045602045705,0.46083360082787617,-0.014823724521665103,0
-0.0015869576954097484,-0.03382680119103365,0.4417748898513814,-0.009146904574967456,0
-0.0014130157184685053,-0.03408825183881295,0.45130424533962876,-0.01198531454831628,0
-0.0011040476919915252,-0.03345199578602748,0.45866425783942366,-0.005185038989485843,0
-0.0012781920259589952,-0.033190228609899564,0.44913490235117626,-0.0023466290161370195,0
-0.001241637039421058,-0.03201027035938259,0.43767243263952077,0.010356185918619082,0
-0.0009418063006590957,-0.030241664516613365,0.434012347194582,0.0293304255517224,0
-0.0010852384187261717,-0.031126102716637953,0.4358423899170514,0.019843305735170742,0
-0.0010165882464897922,-0.0314091611542789,0.44497521906263127,0.016758741294260058,0
-0.0008931261174746908,-0.030524104985404466,0.4431451763401618,0.026245861110811716,0
-0.0006884783532952463,-0.029368706396423472,0.4469706209789874,0.03858028040348081,0
-0.0004868968762385145,-0.027982746405578043,0.45294819244395745,0.053334511398328774,0
-0.00030617307147366924,-0.02630866832937595,0.46095114031726947,0.07108588304445691,0
-0.00030810770290371956,-0.027082931031029094,0.46660499847620696,0.0628117746760243,0
-0.0003882490294660761,-0.027146660281711036,0.45694966638061346,0.06221019722139284,0
-0.00039677543322088065,-0.027919595398279613,0.4626035245395509,0.053936088852960244,0
-0.0005069690781371385,-0.028747054974879054,0.4582299753522956,0.04514355897254556,0
-0.0005804411214703996,-0.028676198223891294,0.4499594067114724,0.04595739590090479,0
-0.0006082824634977753,-0.029439818593959555,0.4552411896198106,0.03776644347512158,0
-0.0007521281348925644,-0.030088162318379578,0.4496243132323645,0.030870788536690924,0
-0.0008112846484179841,-0.029805390481588003,0.4404914840867847,0.033955352977601605,0
-0.0009348410668674491,-0.03452806759542463,0.47058567802359497,-0.016748457527731464,0
-0.0009024144897585945,-0.03369100941206092,0.46786100110301354,-0.007770688367461542,0
-0.0014108286215261613,-0.03291869183765335,0.4397236612454511,0.0006046406718258129,0
-0.0011410587298591385,-0.03228129736829523,0.44708367374524594,0.00740491623065625,0
-0.0002324225133700732,-0.02623532426469251,0.4709270012299413,0.07178095221243717,0
-0.00017777041058491194,-0.024603574239855857,0.46972335545684835,0.08906164226301098,0
-0.00023553771739895845,-0.02545748847837032,0.4653372478870589,0.08007376265373395,0
-0.00017044882308082308,-0.025383640863979554,0.47531310879973077,0.08076883182171421,0
-0.00012065391581077925,-0.02452934311004331,0.47969919382710763,0.08975671240171058,0
-9.33672254450166e-05,-0.022885688002031557,0.4784955287008619,0.107037596098172,0
-4.027310047521164e-05,-0.021150830040330117,0.487267950488839,0.12501374678108634,0
-8.915688459235864e-06,-0.019394144380332122,0.4960405381004064,0.142990035402052,0
-8.599905907977704e-06,-0.02107829758036265,0.4972436476196016,0.12570866915988965,0
-2.2370339769396494e-05,-0.020275535639470377,0.4916542442946227,0.13400189109156918,0
4.437960917159546e-06,-0.020205053454395123,0.5016299414253853,0.13469681347037246,0
1.3565481963984045e-05,-0.01932690767656718,0.5060159923755898,0.1436847537431703,0
7.730999602426874e-06,-0.017610766278522438,0.5048118097364139,0.1609651867576938,0
1.4034567934751108e-05,-0.015772805835393942,0.5131177428837056,0.17916225231768582,0
1.181784249247069e-05,-0.016696112457038705,0.5089647763100598,0.1700637195376898,0
2.3580599859435746e-05,-0.01666102099019232,0.5184143769040748,0.17063271941284094,0
2.228500069714674e-05,-0.017566748680016606,0.5142614103304288,0.16153418663284494,0
1.9548429100149432e-05,-0.018443652220009873,0.5104016281935937,0.1526723294209912,0
8.92851190888538e-07,-0.01850609075662754,0.5004261739184102,0.1519776110798729,0
-8.113322142292242e-05,-0.02367205552609727,0.4840852804491144,0.09874468931929109,0
-5.021955341228791e-05,-0.022811397200102158,0.48847134123910524,0.10773261450954785,0
-2.6459956064537653e-05,-0.021946941222998954,0.4928575521330938,0.11672068985100503,0
-6.357033807856885e-05,-0.022020669718957882,0.4828817395948505,0.11602567143962916,0
-0.00013094285900215082,-0.023746470912101563,0.47410944207885514,0.09804961918059149,0
2.3813973228476288e-05,-0.015853738321136162,0.5224607322884423,0.17871422736544124,0
1.5235574653479989e-05,-0.014851383205947546,0.5178792404280469,0.18818696655392775,0
1.8140456086529537e-06,-0.014012810714278253,0.5025244830895026,0.1956387970342145,0
6.914287520355625e-06,-0.014900173063343842,0.5078211129866042,0.18740052467595014,0
8.626244067354917e-06,-0.013952859889439841,0.5125826105309454,0.1964252389121921,0
4.120241693143502e-06,-0.012041199051218634,0.5117538305811481,0.21364038990276618,0
8.000772420406509e-06,-0.012077698413925968,0.5234284574887259,0.21421068242312913,0
8.69607441562816e-06,-0.012998053731330941,0.5171972842767681,0.20542603534646792,0
3.7564365400666244e-06,-0.013035273604216194,0.5071391568353254,0.20463959346849034,0
0.0,-0.010000000000000077,0.5198331783680623,0.2313814108030698,0
5.059717729049662e-06,-0.011128927274029268,0.527468131382183,0.22308119287328093,0
2.82025891454329e-06,-0.01103570979944839,0.5157935044746051,0.22251090035291798,0
0.0,-0.010000000000000023,0.5295862231957511,0.23331632973903332,0
-0.001771194765090253,-0.03320941298907656,0.4230528699333626,-0.002432040574560206,0
-0.0012882223330373062,-0.0313261016338234,0.4192460993680246,0.0178073692407741,0
-0.0009175305885295115,-0.02949490102776562,0.4153656013722916,0.03748215600337202,0
-0.0010905903112079336,-0.03041049134006637,0.4173058503701581,0.02764476262207306,0
-0.0011089703303829156,-0.030784154992018618,0.42662922328130326,0.023568897396248248,0
-0.0009453231813860353,-0.029867790385106226,0.42468897428343677,0.03340629077754721,0
-0.0006653116965694738,-0.028300839951762254,0.43210280294260983,0.05012258657926016,0
-0.00043292068800290464,-0.02648471736223849,0.4409787102088098,0.06942949955361462,0
-0.0005384907748750275,-0.027393761997405355,0.4365407565757098,0.059776043066437384,0
-0.000582344508848257,-0.02814154345265046,0.44252549769328364,0.05172854898879446,0
-0.0004640620738130365,-0.027233149697035205,0.4469634513263836,0.061382005475971696,0
-0.0003740180110191781,-0.026396118653384985,0.45096492526303966,0.07025769129903577,0
-0.0002786012471233847,-0.024759212501645173,0.44977167443689275,0.08767151386969997,0
-0.00017288425782080482,-0.023045836410289313,0.45854387076750686,0.10564734100612191,0
-0.00010118936883661313,-0.02131412790322625,0.46731579122435585,0.12362342788864263,0
-9.96257633896627e-05,-0.022099486397361607,0.4729056599626089,0.11533051199340731,0
-0.00013471236931627604,-0.02296404885988398,0.4685196997341844,0.10634246855214696,0
-0.00013343446771667592,-0.0221826778677236,0.4629298309959313,0.11463538444738228,0
-0.001704655704829524,-0.03351769042298877,0.432413879892372,-0.0057894725747638315,0
-0.0014924707117666442,-0.0326100809021932,0.4303626512864417,0.003962072672029438,0
-0.0015177677776633282,-0.032267900286805776,0.4211494846506936,0.007687664333106946,0
-0.001285261478664178,-0.0316677754407251,0.4284592660037727,0.01408177757969659,0
-0.0007932285464633614,-0.029271450223653638,0.4330575750685959,0.03972650606549128,0
-0.0007887309635066022,-0.028898433393944174,0.4237342021574507,0.04380237129131609,0
-0.0006857509495027215,-0.028834192832534935,0.4395367119607986,0.04435143349137048,0
-0.00029539224725855213,-0.025533354760336975,0.4553614073770811,0.07937869845707844,0
-0.0003488379015144636,-0.025623318703427416,0.4453751923228513,0.0785505067116573,0
-0.00023101936162768323,-0.024680365439100377,0.45974751494687055,0.08836657806635548,0
-0.00017802057442830566,-0.023824123732335504,0.4641336131121776,0.09735449163456644,0
-0.0002207940952706248,-0.023904434743448378,0.4541577726021998,0.09665942743791095,0
-7.147903577938729e-05,-0.021229699208081446,0.4772918708565974,0.12431858733486448,0
-5.407551117572782e-05,-0.019556747974156016,0.4760893319615296,0.14160046709050622,0
-4.915963530432701e-05,-0.02035382410732076,0.4816786412251843,0.13330710693579628,0
-3.1711419917729036e-05,-0.019471031275161803,0.486064935030968,0.14229525124627912,0
-2.442460284809087e-05,-0.017764047627370636,0.4848653926806361,0.15957990931233612,0
-3.7433254122920094e-05,-0.018665475141646688,0.48047736232108285,0.15059018820142117,0
-1.8306172758773728e-05,-0.018580145949446628,0.49045296539052124,0.15128497235719407,0
-8.256301157291391e-06,-0.017680503896872875,0.494838601208525,0.16027254803501495,0
-6.997111891332274e-06,-0.015922715616396955,0.49365845067566744,0.17757424896106344,0
3.7652318806033128e-06,-0.015837612021264574,0.5033880967796865,0.17836825063937461,0
-9.58749287827257e-07,-0.016769876692867076,0.4992351302060407,0.1692697178593786,0
-1.4438429247538113e-05,-0.016850119567386357,0.48926192167815175,0.16857707913669978,0
-7.505238023394349e-05,-0.020439172455070438,0.4717025615929427,0.13261194748957442,0
-1.6642729248785328e-06,-0.014976355247589205,0.498091466882585,0.18660652299763897,0
-1.2669054803079643e-05,-0.014221277335259545,0.48245397139845647,0.19413624701009202,0
-1.0805343944093344e-05,-0.015073165111767938,0.488056211037062,0.18585524798557773,0
-5.342958485746358e-06,-0.014101993517484795,0.49248922724397953,0.19488752202215326,0
-3.1745481626399354e-06,-0.012147877149331633,0.4913435148231795,0.21256900027772785,0
0.0,-0.010000000000000083,0.5000000014438634,0.23,0
-8.3989908383523e-07,-0.011105326251151243,0.49567175813352143,0.22128450013886392,0
1.101088250073898e-06,-0.011047557185850944,0.5058769160125057,0.2218201949513831,0
0.0,-0.010000000000000031,0.5099165899059628,0.2306907054015349,0
-7.1079513281680336e-06,-0.013201549216418935,0.486898743110818,0.20335262364390994,0
-1.6029677474454148e-06,-0.013086308335967488,0.49693399895634105,0.20410389865597117,0
5.739608716798867e-07,-0.012065537224278776,0.5015486727021639,0.21310469509024701,0
-0.0017365936700720935,-0.032570778856661355,0.4044258282040819,0.004544157847897482,0
-0.0011629667445967836,-0.030616059708405943,0.399214499534322,0.02557946141596109,0
-0.0007484727089961967,-0.028621856664381884,0.39446113257400517,0.04704826466164603,0
-0.0008483520378320752,-0.029057971020166634,0.4049133669731484,0.042265210332509025,0
-0.0010412234014812115,-0.03005582806078672,0.4072900504533068,0.031530808709666555,0
-0.0009356731399568869,-0.029618619109446593,0.3968378160541636,0.03631386303880356,0
-0.0017833354951545758,-0.032889723541299626,0.41373934906872223,0.001056058636668638,0
-0.0015028586879291606,-0.03194864862082356,0.41183596378605325,0.01117576354433579,0
-0.0012489796425703393,-0.030970769978533912,0.4092302994511733,0.021693415328367594,0
-0.0014287936376829351,-0.03159344559382638,0.40182016386920194,0.015061809631929286,0
-0.0006782087627338062,-0.027955174368211017,0.41201750018187405,0.054032964321532505,0
-0.0007900783216198481,-0.028724892690778908,0.41369155077708286,0.04575756016245226,0
-0.0007217705760349927,-0.02828898462336962,0.40323931637793964,0.05054061449158927,0
-0.0006840439572916827,-0.028127592541408335,0.42206015156224197,0.05207777545039633,0
-0.0005062623644934476,-0.026586054753367522,0.42098000079490555,0.06860476087064601,0
-0.0005851143571020454,-0.027442708667607254,0.42654140186875766,0.05936367372495309,0
-0.0004768593549369061,-0.026535151855102405,0.4309793555018577,0.06901713021213032,0
-0.00034998428848982807,-0.024924962968093402,0.4298165460784627,0.08623697162391428,0
-0.000234369580956595,-0.02321734482391799,0.4385915831706574,0.10424989910913708,0
-0.0001520498345677263,-0.021495815069169196,0.4473642272566768,0.12223208095184808,0
-0.00018964455499255654,-0.022359122025850622,0.4429779052136671,0.11324099003049258,0
-0.00016381846068650105,-0.022269455891247618,0.4529540490120918,0.113939710978985,0
-0.00020654332150130234,-0.0231306510233001,0.4485677269690821,0.1049486200576295,0
-0.00025772909904179993,-0.023987108112167418,0.4441816288037751,0.09596070648941853,0
-0.00031886986662352115,-0.02484164220828264,0.43979411025767773,0.08695424274680713,0
-0.00028741394345799986,-0.02407285103956872,0.43420406462456007,0.09524343536652569,0
-0.0005872967463266616,-0.02727118538545742,0.4164987504883898,0.06131886259608926,0
-0.00042210372208968205,-0.02575658641602712,0.4253982734366841,0.07742086624728015,0
-0.00039232577015167817,-0.025703901429536425,0.43539762814363625,0.07783323558876445,0
-0.00012837940412102833,-0.021403211663525778,0.4573400092405163,0.12292775442024535,0
-9.448386356942976e-05,-0.019749820344536644,0.4561367431684057,0.14020953040645018,0
-5.517248753458695e-05,-0.017967443955323525,0.46491032705668045,0.1581867632264446,0
-7.288955994146455e-05,-0.018864068440596616,0.46052353511254307,0.14919814681644739,0
-7.525147779585658e-05,-0.01965018335907678,0.46611303756496764,0.1409049987484782,0
-5.584593828676169e-05,-0.018760767300395487,0.470499829509105,0.1498936151584754,0
-4.024851434675906e-05,-0.01786045791954513,0.4748878598686583,0.15888333626939036,0
-2.91295077391664e-05,-0.01613202235364739,0.4736854634216836,0.17616657530284746,0
-2.7373754829250374e-05,-0.014613187657891205,0.46258280915563277,0.19182032802369411,0
-2.8932825412919766e-05,-0.015368340139856987,0.4681341362886582,0.1839934516632708,0
-2.010176232867683e-05,-0.01440828638213312,0.4725183902770446,0.19297828751689305,0
-1.9889063006179283e-05,-0.015188051481688843,0.47806971741007004,0.18515141115646974,0
-1.818076708208812e-05,-0.016018463435886223,0.4836719570486755,0.17687041213195545,0
-2.7866454708172008e-05,-0.016947375068002826,0.47927542805115986,0.1678732423075918,0
-4.075170418674159e-05,-0.017057605272532205,0.46929789523918203,0.16717666926464603,0
-9.916248601601611e-05,-0.020530506014510872,0.46172626719638077,0.1319164791475464,0
-0.0001206184966078529,-0.020626556407060848,0.45175048521254124,0.13122080567914912,0
-1.2073793176899137e-05,-0.01265491767486036,0.47145930867695823,0.20952648722728032,0
0.0,-0.010000000000000122,0.4801668244029419,0.2313814104215656,0
-7.3745593316440504e-06,-0.012383900675928669,0.4814014117500689,0.21104774375250407,0
-5.4844280691099555e-06,-0.011378969131291078,0.47581306653995004,0.22045394882442296,0
-2.656443472505575e-06,-0.011085588849516537,0.4857551696130607,0.2219752053496467,0
0.0,-0.010000000000000005,0.49008341292340263,0.2306907052107828,0
-1.3049451592244017e-05,-0.01343367877126063,0.4769566400377073,0.20183136711868616,0
-1.9004487979620948e-05,-0.0136507361350022,0.46702105891629553,0.20067340762548722,0
-0.0014854816280434767,-0.0319811276900856,0.38562058849688324,0.01101841574070698,0
-0.0016421205494497732,-0.03227579041526767,0.39502320835048255,0.007781286794302232,0
-0.0013198611196452803,-0.03129866037249846,0.3924175440156026,0.018298938578334034,0
-0.0009243142909021812,-0.030173828036401586,0.3791359638786516,0.030485726131555153,0
-0.0011783309660515651,-0.03107735768415411,0.38237827618776743,0.020752070936131066,0
-0.0010647116664323564,-0.030395033917781346,0.3891752317064868,0.02803259377375812,0
-0.0008396141196805183,-0.02939817367180813,0.3867985482263284,0.03876699539660059,0
-0.0005525306519909917,-0.028483623560405995,0.37115558511638835,0.04873135449171045,0
-0.0004588838401895546,-0.0269045319998788,0.3814683017395083,0.065670152061182,0
-0.0005227416768843175,-0.02676781763320313,0.40109607182177676,0.06691538431684298,0
-0.0005008405187730777,-0.026836752845635463,0.3912821867806425,0.06629276818901249,0
-0.0006257239722099176,-0.0276950108039833,0.39777860219789096,0.056981824489244506,0
-0.0005936368633812741,-0.0277622928811725,0.38796471715675673,0.05635920836141402,0
-0.0005065272434432936,-0.02769418942795032,0.3763119434279483,0.05720075327644622,0
-0.000669631821422352,-0.02855329348854882,0.38280835884519676,0.04788980957667824,0
-0.0007196124029270805,-0.029328251901288915,0.37514577449751996,0.0396085403116328,0
-0.000599625880524952,-0.027360911384718946,0.40655678600182543,0.06047417431918774,0
-0.0005233967585010762,-0.026677209113032018,0.4110380363083411,0.0677600725937445,0
-0.0003774974780716066,-0.025079698280088072,0.4098564707610177,0.08493363432807316,0
-0.00044521728778496695,-0.025924471937136366,0.40547627129139724,0.07592450932245806,0
-0.0004402576487187509,-0.025831774937641234,0.41541823577796166,0.07676919759935959,0
-0.0003698669968401592,-0.02500245750213133,0.4198365084197402,0.08558530297599372,0
-0.0002676754626926954,-0.023391672708690928,0.4186405616540483,0.10286694923011287,0
-0.00030820600867731857,-0.024156781561686148,0.42422855386625546,0.09455196042701358,0
-0.00025510208974540024,-0.023304400087769413,0.42861607241235283,0.10355842416962498,0
-0.00018512738824792786,-0.021686675613349544,0.42741261641583844,0.12084312123217619,0
-0.0001242599404100037,-0.019961072805566978,0.43618471660738606,0.13881915912632078,0
-0.0001523118074725425,-0.020827048640462798,0.43179866651161225,0.1298311401792485,0
-0.000171251649234431,-0.02159065941202811,0.4373884218362576,0.12153760109201214,0
-0.00013859008969926054,-0.02072588168163856,0.44177447193203145,0.13052562003908444,0
-0.00011104527664857948,-0.019854005280130097,0.4461607298878959,0.13951434476638547,0
-8.015943065499793e-05,-0.018203696006561042,0.44495736283806114,0.15679524256653013,0
-0.0001003865154506649,-0.019087233531460968,0.4405710397227236,0.14780720084642546,0
-8.793616656542738e-05,-0.018973597339891898,0.4505470530032334,0.14850238648649017,0
-6.864969812959676e-05,-0.018082647080359646,0.45493384494737077,0.15749100289648738,0
-4.8761539162926676e-05,-0.01639808607774579,0.45372944535212845,0.17477080985781124,0
-3.7141925227675354e-05,-0.015515896630593957,0.4581561272538806,0.18329556894075266,0
-3.945009467460131e-05,-0.016259576190256832,0.463707454386906,0.17546869258032935,0
-5.2648229613351825e-05,-0.017179006084452893,0.45931988620440445,0.16647878654212792,0
-6.309651611420341e-05,-0.01730824223733643,0.44934340409509477,0.16578302621217067,0
-0.0003187507103035478,-0.024236938255043004,0.414248516207533,0.09390029177909301,0
-0.00020981049539836526,-0.022449995521351584,0.4330020997932479,0.11254651017065664,0
-0.000223348228197942,-0.022541208620738693,0.4230265890349434,0.11185503523114454,0
-3.906095012608219e-05,-0.014934978320596872,0.44259357834022983,0.19071818840325527,0
-3.369142024968139e-05,-0.014769698553245511,0.4525881937479313,0.19126925821347468,0
-4.4233888710533e-05,-0.015659213086935287,0.44816151184617914,0.18274449913053326,0
-2.2138219636905594e-05,-0.013275567153140131,0.4518076098784218,0.20618075727149002,0
-2.5142277603871925e-05,-0.013935639818236187,0.4571952095170273,0.19900054264759207,0
-1.709471916609577e-05,-0.012960601953942998,0.46163345927769,0.20785362224938517,0
-9.385593308400184e-06,-0.011607929128973415,0.4607145353060052,0.2207106197179274,0
-1.1086355437255175e-05,-0.012119477439513835,0.4660869219914817,0.21511855347260386,0
-3.956434404887842e-06,-0.010829335858083525,0.4704406798544736,0.2260460150697465,0
0.0,-0.01000000000000008,0.4606607345679865,0.2352512480151575,0
-4.8039989130060045e-06,-0.010814292379323019,0.4606876349369958,0.22798093386654245,0
0.0,-0.01000000000000001,0.4704137794854642,0.23331632921836154,0
-3.0097051477255892e-05,-0.01411690180557283,0.4472005941093258,0.19844947283737263,0
-1.5415398664030923e-05,-0.012457056637823082,0.4562610725922135,0.2134456884947087,0
-0.0010388403609370989,-0.031511183052760586,0.3664253095686899,0.01620532516712292,0
-0.0009896839070606613,-0.030842342263106542,0.3727806367236708,0.023345525649339036,0
-0.001291061733978888,-0.0317464161948462,0.37602294903278655,0.013611870453914949,0
-0.0005524240658569188,-0.029853552030526333,0.35859103645193563,0.03405703029913705,0
-0.0002732780256014931,-0.028401082858087123,0.35051873051596594,0.04973380940123999,0
-0.00039605137292233214,-0.02912690623689163,0.3545548834839508,0.04189541985018852,0
-0.00042339794765323084,-0.028443183924640656,0.36083715781617715,0.049232581946475215,0
-0.0005630982304876438,-0.029168599013623196,0.36487331078416196,0.041394192395423746,0
-0.000754887003468253,-0.030014248419250215,0.3688635001652936,0.032271378215346105,0
-0.0007656966044753843,-0.030682101432219538,0.3625081730103128,0.025131177733129985,0
-0.0003042489452850801,-0.026968151328278872,0.36112169839380187,0.06515720750194763,0
-0.0002695661506229955,-0.025378120149612108,0.3699515163906352,0.0823013094850988,0
-0.00035274122544305913,-0.025242422097837867,0.3899143840372348,0.08350924790052092,0
-0.0003181230523235802,-0.025311337830239193,0.37993295021393503,0.08290527869280986,0
-0.00035618862510658283,-0.026140300493628362,0.37570990906507173,0.0739857307731404,0
-0.000403467605424023,-0.026073709461260215,0.38569134288837154,0.07458969998085146,0
-0.0004329084360108328,-0.02600397756373562,0.39550522792950576,0.07521231610868195,0
-0.00037219325750307463,-0.025161732585589756,0.39988542739912625,0.08422144111429704,0
-0.00026495159206958084,-0.0235637569673821,0.39868692928231747,0.1014838323987689,0
-0.000271181287871555,-0.0234783753118398,0.40866374546818285,0.10217539081444088,0
-0.0003185021181326549,-0.024320078853056256,0.40427170002166757,0.09320873336342103,0
-0.00030665139338475735,-0.024403769278470554,0.3943006566597761,0.09249654014964491,0
-0.0004158612441836274,-0.027725257163326845,0.36613864175509514,0.056944280996829036,0
-0.00039104069173253605,-0.02693724445914153,0.37129500006665506,0.06541367978156482,0
-0.0002889151018605646,-0.026173001182166332,0.36553660739221855,0.07372925849352321,0
-0.0002965328335352571,-0.02768451830778734,0.3558202144548839,0.05744550845159381,0
-0.0001941049608893423,-0.021877714167133955,0.40746076209011867,0.11945369848662388,0
-0.00022751079708705526,-0.02272204009936376,0.40307384568621807,0.11046876544269639,0
-0.00022946501601919277,-0.022632386271659227,0.4130506618720835,0.11116032385836838,0
-0.00019293901582075268,-0.021782729561980615,0.41743668925297855,0.12014840985940003,0
-0.00013835850011811258,-0.02017773544708231,0.4162335882822994,0.13742300254793477,0
-9.540036271259768e-05,-0.018453341912878965,0.4250054668473845,0.15540480163609485,0
-0.00011542598722550065,-0.01931918330278562,0.42061952756484194,0.14641390209201482,0
-0.00013353329740796213,-0.02006960717053392,0.4262091524448427,0.13812108083712776,0
-0.00010970149504856907,-0.019202990343730825,0.4305950917273853,0.14711198038120782,0
-8.92168986877119e-05,-0.01832803884046119,0.4349814148427228,0.1561000221013125,0
-6.287561365575162e-05,-0.016692346495311858,0.4337778637181666,0.1733807054330036,0
-4.6963032919799594e-05,-0.01535445161332701,0.42268592821146056,0.18870959884681432,0
-5.486013459104629e-05,-0.016015446482704882,0.4282318959648136,0.18104515213990896,0
-4.3695532948582294e-05,-0.015146348427161525,0.4326397532758452,0.1897138936250348,0
-5.0147876648520634e-05,-0.01582224796859844,0.4381857210291982,0.18204944691812944,0
-5.668690556896829e-05,-0.016543472091809286,0.44375365453514753,0.17407575764540742,0
-7.166982617192122e-05,-0.017442392093097593,0.4393676132781139,0.16508797399976688,0
-7.798437945458335e-05,-0.017578597059616046,0.42939166528277556,0.16439275353454924,0
-0.00016112920163495833,-0.020929064755301933,0.42182310234906895,0.12913306189005547,0
-0.00016448135842832122,-0.021029965340341263,0.41184717518620906,0.1284383505172793,0
-2.7417285901907524e-05,-0.013493535449817495,0.43042526426083744,0.2074141234067064,0
-1.186616427395863e-05,-0.011694883030657086,0.44550425890379824,0.22293432575410663,0
-1.9451783466849496e-05,-0.012616726523308044,0.43796476158231784,0.21517422458040653,0
-1.703054737018863e-05,-0.012477057330295856,0.44865593439111,0.21455754151279832,0
-2.5268652430236053e-05,-0.013380049248316147,0.4411164370696296,0.2067974403390982,0
-3.332704355295742e-05,-0.014200558788659456,0.4365094213005336,0.19906615590498083,0
-3.663735725305291e-05,-0.014432359049330448,0.426555596236149,0.19806186112676036,0
-1.0697909064182855e-05,-0.011642699476717306,0.4531093971049017,0.22182247273601702,0
-5.77528517476993e-06,-0.010881340920942973,0.4530824967358924,0.22909278688463208,0
0.0,-0.010000000000000092,0.4416000811974764,0.240942563242434,0
0.0,-0.009999999999999995,0.45113040788273145,0.23809690562879576,0
-5.942680136144255e-06,-0.010839497120359557,0.4435521700506373,0.2319384444982703,0
-0.00044558457713012083,-0.03122910421045714,0.34679525645104897,0.019331656200518563,0
-0.00013123849200209374,-0.029765926942342782,0.3390824709784631,0.03505993707992611,0
-0.0003503686279489401,-0.029810573584860157,0.3488367537151994,0.03455848368953158,0
-0.00026379450905164836,-0.03049711705051243,0.342938863714756,0.027195796640222335,0
-0.000519549941505973,-0.03054100929182835,0.3526931464514923,0.026694343249827807,0
-0.0007619214501754959,-0.031370942242712745,0.3566102830098694,0.01776849068382074,0
-0.00021848452093152471,-0.029083329404600504,0.3448006007472145,0.04239687324058305,0
5.3702481113851844e-05,-0.0284774551747206,0.33014005766848276,0.048939983340734385,0
-2.454396784931097e-05,-0.029121415512941562,0.33461126432347293,0.04199996021033024,0
-0.0001146893611835373,-0.028440286888324593,0.34032939409222435,0.04933689637098719,0
-9.455346630704155e-05,-0.027137101158957944,0.34119471083846853,0.06341481063024589,0
-0.000137004124665131,-0.025528064693159862,0.3500056444905819,0.08083315906870472,0
-0.00014158488674691444,-0.023878927839363448,0.35878306499377705,0.0987325234480649,0
-0.00022212963456383458,-0.023725570445265822,0.3787337822729004,0.10012716886753226,0
-0.00018618362366609528,-0.023803935809974627,0.3687584236333387,0.09942984615779857,0
-0.0002461290462267171,-0.024551922174843387,0.3743426493317678,0.09121423917631552,0
-0.0001991117978755231,-0.02462727747462304,0.36436729069220614,0.09051691646658185,0
-0.00014240506633812357,-0.024702997673255518,0.3543943547421795,0.08978284125838482,0
-0.00020883486086331846,-0.025454437755443416,0.3599785804406086,0.08156723427690177,0
-0.00021135641906331842,-0.026247413442663778,0.3555636714421919,0.07299518328532617,0
-0.00020637154076111,-0.02705372406784849,0.3511582046161352,0.06428600906609676,0
-0.00012192569110262597,-0.026332053165264213,0.3456001776645252,0.0721239848494753,0
-0.00017346541048645535,-0.027768758888059235,0.34585672067721723,0.05657431001574294,0
-3.2711881647594367e-05,-0.027807068816792634,0.33566738425347564,0.05617739698549014,0
-0.00028252839015948744,-0.024482440335134456,0.3843240831550676,0.09181820838402659,0
-0.0002485672036371549,-0.023645935684989468,0.38871035577760893,0.10080550063315058,0
-0.00017521694114386413,-0.022060713341455342,0.38750905750490966,0.11806369211198703,0
-0.00013329436238354171,-0.02038605523461973,0.39628162613004797,0.13603806864718304,0
-0.00015348346851058633,-0.02122452160680318,0.3918953418174788,0.12705088037958503,0
-0.00016199032136346396,-0.021128655199134757,0.4018711941100833,0.12774588356690347,0
-0.0001882451567887433,-0.021970671507495758,0.39748490979751416,0.11875869529930545,0
-0.00021714207071830304,-0.02280996821202993,0.39309799339361357,0.10977376225537797,0
-0.0001982019450944164,-0.02289362525827393,0.383121419888905,0.10909543048975964,0
-0.00013834669199848062,-0.020283475220436276,0.40625760720617365,0.1367305355975589,0
-9.793789522383184e-05,-0.018701493348150904,0.4050562866604966,0.15397917098077352,0
-6.920101099140125e-05,-0.017006670545741783,0.41384078886357106,0.17178073971969818,0
-8.282126064654532e-05,-0.0178577537941879,0.4094485377620338,0.16287995535023586,0
-9.840095280596136e-05,-0.01857902853235807,0.41503087675394057,0.15469198630843417,0
-8.189004427410399e-05,-0.01772382406369664,0.41942312785547775,0.16359277067789652,0
-6.717852206888134e-05,-0.01685108280860825,0.42380932629086887,0.17258072257635088,0
-5.7526971688062374e-05,-0.01618630064298755,0.41826335853751584,0.18024516928325623,0
-4.8011863173535434e-05,-0.015693506415083,0.4032265578387133,0.18725398689556336,0
-5.812020466800255e-05,-0.0163426470991918,0.4085336733511422,0.17951736330763077,0
-4.833042913945566e-05,-0.01552808846667823,0.41295624302508693,0.18798179287118882,0
-3.5576051589246546e-05,-0.014409410561888217,0.4122081730357874,0.20040410642728546,0
-2.228361898712697e-05,-0.013001440998663445,0.4118492000662851,0.2162354296048269,0
-1.2164108193315461e-05,-0.011646217658255178,0.426876604724447,0.22793515722006358,0
0.0,-0.010000000000000092,0.4228743529119792,0.2476650940878527,0
-5.811081095661257e-06,-0.010804199974258997,0.4248754788182131,0.23780012565395814,0
-6.216952988631494e-06,-0.010852268793601457,0.4342383429609617,0.23443886023124877,0
0.0,-0.010000000000000009,0.43223721705472784,0.24430382866514333,0
-0.00011722816285737439,-0.019435103473546263,0.41064493747139796,0.14570108676435414,0
-0.00011478908529139511,-0.01954592649071658,0.4006689563952723,0.14500861981397828,0
-4.120404664853801e-05,-0.014874920009694531,0.41744705062362397,0.1945568526370499,0
-3.1904563671024744e-05,-0.013962421922494027,0.42131671864831244,0.20390911491699593,0
-2.8579485136413872e-05,-0.013701353999350475,0.41202868655103625,0.20831976801605617,0
-2.5135238298241883e-05,-0.013237976429510662,0.42113723216356125,0.21182477650576664,0
-1.942835244648156e-05,-0.012559218248677445,0.42865093449264224,0.217674640313385,0
-1.7407445306558478e-05,-0.012340649411412028,0.41936290239536606,0.22208529341244523,0
-4.173287218132105e-05,-0.015056245676774329,0.40771736543725035,0.19382904666142442,0
-1.2190198416976585e-05,-0.011661622155646732,0.43619043181412265,0.2254347414870851,0
0.00021428099051196015,-0.031184504738617336,0.32692788863479166,0.019826573658973314,0
9.466403582597082e-06,-0.030475004185017696,0.33300517980662736,0.02744325536944971,0
-0.00011881210197795585,-0.031207929668737092,0.3368615725429203,0.019579114929745938,0
0.0003412728938285307,-0.029751679346959548,0.31805851000493546,0.03519207370666296,0
0.0003603326335534356,-0.028477689681315803,0.31069609677776333,0.0488843794488752,0
0.00035661584156148783,-0.029114425005861973,0.3143773033913494,0.04203822657776908,0
0.0001788079522412849,-0.029114455582099963,0.3240992838367091,0.04206602852369867,0
0.0002124888855097976,-0.028478465213288624,0.32041807722312304,0.04891218139480479,0
0.0001514698682792726,-0.027326561639236625,0.32128987480243454,0.061354851930247735,0
2.8785327219164118e-05,-0.02566960864075139,0.3300615632354022,0.07933547269692152,0
8.029077811519853e-05,-0.026497233954227206,0.32567571901891834,0.07034516231358463,0
2.638284922150877e-05,-0.027232924819968668,0.33124229282045153,0.062384831280246814,0
-2.3113967847845535e-05,-0.026402917832956244,0.3356281370369354,0.0713751416635837,0
-5.66949955060286e-05,-0.025600250227619838,0.3400336038629921,0.08008431588281312,0
-3.260902988539203e-05,-0.02401825439945303,0.33883199885281684,0.0973347909218003,0
-5.866211861174215e-05,-0.02237914056450955,0.34760567502913653,0.11528807596161678,0
-0.00012849174786788435,-0.022229428506675745,0.3675577052124047,0.11667240540151473,0
-0.0001711064413420239,-0.02297555180649549,0.3731457437426525,0.1083997871345235,0
-0.00013643797814932127,-0.02305385654267733,0.36317038510309085,0.10770246442478981,0
-9.596963929340806e-05,-0.022306733682534496,0.3575816901207706,0.11598024068156576,0
-9.52187687638554e-05,-0.023127597236023943,0.3531943700114568,0.10701029970484083,0
-4.889701453392862e-05,-0.023197672006833238,0.34321883694097666,0.10631143344170854,0
-8.976298098853159e-05,-0.023950453962993175,0.34880753192329694,0.0980336571849326,0
-7.768319526031744e-05,-0.024772307116549996,0.34441882167169935,0.0890839749952525,0
-7.654354541479406e-06,-0.02484295802861255,0.3344467810441095,0.08833513180936091,0
0.00010938600739993284,-0.029759865380369354,0.3285704904916993,0.03512600539329454,0
0.0002953444691833972,-0.030467627313346183,0.32249319931986353,0.027509323682818138,0
0.00011057602058181434,-0.02790185141595459,0.32571496623545865,0.05514741763549106,0
0.000245764195743123,-0.027901916221820176,0.31599298579009893,0.05511961568956147,0
-0.00015515404057528663,-0.022147176950069295,0.3775333813586572,0.11736804875675089,0
-0.00010811755704218031,-0.020577973355274556,0.3763298843809616,0.13464807386365826,0
-8.609940852925006e-05,-0.01892410414472546,0.3851021190475669,0.15262356077152242,0
-9.709410545960317e-05,-0.019751661445277232,0.38071600171426423,0.14363581731759034,0
-0.00010803061100605538,-0.01965085331994882,0.39069187258880744,0.14433081470935272,0
-0.00012316807668074782,-0.020484599962505737,0.3863057552555048,0.13534307125542067,0
-0.00013898468317452694,-0.02131643151051952,0.38191947094293566,0.12635588298782263,0
-0.00011877142458837294,-0.021403723332018787,0.37194379479668316,0.1256602396325865,0
-9.381224885051554e-05,-0.018815903092587623,0.39507920285403175,0.15330136587614795,0
-6.517261096689049e-05,-0.017261599731419237,0.3938744529477705,0.17059960210908096,0
-4.027659761501895e-05,-0.01587891201385973,0.38269485615500315,0.18718482559596064,0
-5.642258631550917e-05,-0.016481080099591334,0.3985505053932419,0.17892679450232216,0
-4.50297654111669e-05,-0.01579205936129778,0.39296070699685826,0.187219406245762,0
-5.1785120246581836e-05,-0.01656281022198397,0.38828465455138683,0.1788922138525208,0
-8.055240889147333e-05,-0.0179754915747566,0.39946536980413355,0.16228938654492725,0
-6.845946963174508e-05,-0.017137703841393324,0.4038576209056708,0.17119017091438957,0
-7.540149453948217e-05,-0.018094427292113982,0.3894882859976687,0.1616115814403017,0
-2.912903688620084e-05,-0.014189184825491152,0.39437117317870596,0.2054865794517195,0
-3.2691988844496204e-05,-0.014299217911858682,0.40328967310724667,0.20294534293950248,0
-2.620187700785091e-05,-0.013609996280905949,0.40311018662249554,0.2108610045282732,0
-1.6714180876354377e-05,-0.012601203606088894,0.3968391003100733,0.22389215253007155,0
-1.0038107805630956e-05,-0.01148127541942926,0.4087668165553004,0.23460135683752498,0
0.0,-0.010000000000000127,0.4042408179457537,0.2546417206614152,0
-4.601344633713923e-06,-0.010716004781711676,0.4065038172505271,0.2446215387494701,0
-5.26988824202662e-06,-0.01076064805826749,0.4158205847336398,0.24113322546268884,0
0.0,-0.010000000000000002,0.41355758542886645,0.251153407374634,0
-3.783613864445233e-05,-0.014930264617159884,0.39879886550870963,0.1963702831736414,0
-3.4892361562525813e-05,-0.015038675239577075,0.3885330146668545,0.19633570252384008,0
-1.579147351651677e-05,-0.012228739446068565,0.4103080083107927,0.22541839322117593,0
-1.1207423168749123e-05,-0.011559570784068806,0.4178217106398737,0.23126825702879428,0
-1.95408635741592e-05,-0.012797659772931673,0.4043441501881792,0.22006379106744922,0
-2.2593120279784903e-05,-0.013389756462357748,0.39560513674438963,0.21468936599089553,0
-1.35748152149233e-05,-0.012051072526301146,0.4028029584326869,0.22924675468379827,0
0.0008418842509480258,-0.031386024065894906,0.3071785915492644,0.017590150637274145,0
0.0007795278152723981,-0.029943624787302166,0.2953460299491926,0.033013601815404706,0
0.0005772952887345291,-0.028461511957833693,0.2929234891037385,0.04894930511074465,0
0.0006697531250849044,-0.02920225309204207,0.29413475952646556,0.04098145346307468,0
0.00047881082782564606,-0.02847018985494215,0.30180979294075094,0.04891684227980993,0
0.0005514476538421617,-0.02921051544588243,0.303021063363478,0.040948990632139956,0
0.0005779576015699901,-0.02984856780355957,0.30670226997706407,0.03410283776103383,0
0.0005572486462049375,-0.0305686444147961,0.31261855077709994,0.026391112171968552,0
0.0005427951525795013,-0.031286219939701446,0.31705324009202807,0.018708362148123728,0
0.0008211091024739839,-0.03066453206428898,0.3012623107492285,0.025301876226339427,0
0.00038330790351563844,-0.02744589265242459,0.30133837408250436,0.05996478570488262,0
0.00019932101288481138,-0.02578809144448118,0.31010829913996024,0.07796976199217936,0
8.838286605145861e-05,-0.02414367857003599,0.3188815816389292,0.0959275988254287,0
2.474862242959484e-05,-0.022510035517850066,0.32765445964220613,0.11389190399306441,0
8.049091358358206e-07,-0.023263351301984793,0.3332432292475115,0.10561334745743235,0
-1.7907105874374805e-05,-0.022447074722853663,0.33763006733567136,0.1145899899773406,0
-9.016619182914505e-06,-0.020888908089995696,0.3364265740811054,0.1318675647751254,0
4.969310381048897e-06,-0.02169765386261615,0.33204051686165575,0.12287973438409491,0
-3.0379415780412647e-05,-0.021632551464802016,0.342016124555121,0.12357782036837109,0
-6.490938844366634e-05,-0.02074665572425387,0.3563782413514758,0.13325775173030743,0
-6.356317900889519e-05,-0.021561910257902238,0.35199195819030615,0.1242729138459621,0
-9.337049078158156e-05,-0.02148574763924456,0.36196797328194025,0.12496507856591108,0
-8.850659723684037e-05,-0.020665494957902587,0.3663540628662187,0.13395291279698285,0
-6.0683347056669205e-05,-0.019120843740598296,0.3651504080087096,0.1512333850196781,0
-8.217766466930826e-05,-0.01984590997157402,0.37074014619483564,0.1429407294416682,0
-6.369300877834445e-05,-0.01993295957481214,0.3607643246800927,0.14224556837499275,0
0.00037719815074637293,-0.027961848838133872,0.3060172354301338,0.054424582576878905,0
0.0004745788253279749,-0.027953444610117978,0.29713093159312143,0.05445704540781363,0
0.0002724096574375047,-0.02738716990505689,0.3113141244424694,0.06065981881756517,0
0.0002802313256530371,-0.026616008561336224,0.3057233366112323,0.06896727384853099,0
0.00018319431222931052,-0.026557158925683937,0.3156990869711974,0.06966230696121355,0
0.00011550814261178124,-0.02573014488800574,0.3200849311876812,0.07865261734455045,0
6.487332280848751e-05,-0.02490626161257107,0.32447157243716573,0.0876315357611751,0
0.00013656195529791702,-0.024964608529587772,0.3144949403894447,0.08694868040880403,0
2.761073485334751e-05,-0.024082766375704712,0.328856790245873,0.09663119487361449,0
5.190330540176104e-05,-0.023325294176427147,0.3232680206405677,0.10490975140924655,0
-3.809693279347967e-05,-0.020821158628273495,0.3464024077162906,0.1325626582527164,0
-7.497176994744049e-05,-0.019026543865490565,0.37512626352813827,0.15192847289560024,0
-5.145267657427183e-05,-0.017499779432604046,0.37392258109059157,0.16920901179512757,0
-2.743114314327854e-05,-0.016119729931636177,0.3627430234312127,0.18579439131223166,0
-3.824656662694931e-05,-0.016803889006426518,0.36833280226090215,0.17750170155367961,0
-4.598291707646003e-05,-0.016689695371420628,0.37830871862279736,0.1781969186955441,0
-5.951863634861652e-05,-0.017385846039971543,0.38389851701918104,0.16990430695210426,0
-6.731715090413642e-05,-0.018206780095882297,0.37951235006907924,0.160916286283325,0
-5.645863756448673e-05,-0.018309947822852876,0.3695364945496506,0.16022119840740284,0
-2.2456451467085385e-05,-0.014542676544963004,0.3717892470953789,0.2039549443428961,0
-1.5612059138501485e-05,-0.013004234194347073,0.3802424009157404,0.22184392658795637,0
-1.916593174805823e-05,-0.013772049014404148,0.37601582400555966,0.21289943546542622,0
-2.1808256618036555e-05,-0.013584762260139577,0.3873067870472232,0.21366525301983794,0
-2.6554344602777327e-05,-0.014378464570999496,0.3830802101370424,0.2047207618973078,0
-3.054246379683402e-05,-0.015202095710093457,0.37724205162519103,0.19556988496942837,0
-3.4617757166954295e-05,-0.016006921728664966,0.3727189397931079,0.18648960845409615,0
-2.52643527210171e-05,-0.015329729388804366,0.36726613526329577,0.19487466782756388,0
-1.6494762951575274e-05,-0.012812414973497612,0.3885407506129068,0.22286803955901396,0
-7.252514110705868e-06,-0.011352720700524961,0.3889658425118682,0.24129350937207833,0
-8.7308525634313e-06,-0.011421156651066536,0.3988663295335843,0.23794743310480165,0
-3.966720151928276e-06,-0.01069107778147787,0.396603330228811,0.24796761501674677,0
0.0,-0.010000000000000089,0.3854261888196495,0.2611084197600967,0
-3.2397838805727843e-06,-0.01065159770438314,0.3871960156657589,0.25120096456608754,0
0.0,-0.01,0.3948335033827016,0.25787507021075595,0
-1.1553667621030961e-05,-0.011960724016631593,0.3929024714109708,0.23259283095107494,0
-1.1499002795248007e-05,-0.012176009090031225,0.3846041217138043,0.23156871798001735,0
0.0013477892025830118,-0.031796408706177184,0.287821875287132,0.013052253723714977,0
0.0011642008336165397,-0.03069830971809227,0.2733241578441304,0.02473929942463517,0
0.0007839548814669316,-0.028947257911579392,0.2761461191680098,0.04358273375555785,0
0.0009562686460533838,-0.029822544002573358,0.2747351385060701,0.03416101659009651,0
0.0008007817928026302,-0.029445909855896197,0.28574607455860124,0.03829816778548128,0
0.0009913762666078757,-0.03032118738635553,0.2843350938966615,0.028876450620019936,0
0.0010326642607484786,-0.030869809779077523,0.2915839526181623,0.02303292776955984,0
0.0012629726354915216,-0.03124736098240277,0.28057301656563116,0.01889577657417507,0
0.001121442771622003,-0.031591665000894345,0.2975002334181982,0.015321202180494561,0
0.0006880887582431434,-0.028704515029569274,0.2845348041358742,0.04626601943315125,0
0.0005431243158483437,-0.02746195351829163,0.281314119736139,0.05961856687276587,0
0.0003424049261488691,-0.0258860362756323,0.29014654054206435,0.07672590525385649,0
0.0003662663916539065,-0.026666157415119143,0.2957424573122843,0.06834534547936955,0
0.0002760544717995342,-0.025838075739838744,0.3001274198410123,0.07734783362301792,0
0.00020104224946429738,-0.024252080857988224,0.2989283815203823,0.09456028630986063,0
0.00010887547204054598,-0.022620585575573463,0.30770221373470363,0.1125103725777371,0
0.00010226588196484744,-0.02338204279323218,0.3132918976868164,0.1042189857015829,0
6.759597976059391e-05,-0.02256754425827984,0.3176783366884549,0.11320113828540077,0
5.1533807542436407e-05,-0.0210046726545691,0.3164748962697948,0.13047748108294543,0
2.1250130858155666e-05,-0.02094998933715364,0.3264507351754501,0.13117252292903542,0
4.112500639772684e-05,-0.021756816215306535,0.32206467795600047,0.12218469253800493,0
7.664217309968175e-05,-0.021810226794741965,0.3120885550022492,0.12149392683034127,0
0.0005648727939512818,-0.027962048300848245,0.28711880441993876,0.05428393599175526,0
0.0006540458249519668,-0.02820415685188243,0.2787301194520744,0.05160065031416186,0
0.0004735183119810842,-0.027454624747101596,0.2913262469093217,0.059791676288824244,0
0.0004340375583952818,-0.026673074405894236,0.28573033013910165,0.06817223606331119,0
0.0002644857155439352,-0.02506766130534148,0.29453746103122336,0.08564309578185855,0
0.00020419710942947387,-0.02502021929631488,0.3045183403301713,0.08626502415102,0
0.00014703741663285737,-0.02419939690143429,0.30890498157965574,0.09524394256764467,0
0.00014974638137698346,-0.023434447803972303,0.30331529762754295,0.10353532944379887,0
-2.4466811172307445e-05,-0.01928308080734085,0.3451987120030016,0.14984319520522452,0
1.767039684302514e-05,-0.019409311638298354,0.32524701124893673,0.14845308952051955,0
-3.769931766416896e-06,-0.019350645888173878,0.33522286162596915,0.14914814236287205,0
6.648054432162036e-06,-0.020147820304357,0.3308367926650211,0.14016032714782248,0
-1.848690438697838e-05,-0.020084000523708827,0.3408126430420535,0.14085537999017494,0
-4.221911512572091e-05,-0.02001238499035687,0.35078847667723867,0.14155047346776597,0
-4.366170779799656e-05,-0.01920645768611696,0.3551745600058556,0.1505382901124513,0
-2.904888459714007e-05,-0.017693465715970903,0.3539708661735361,0.16781879684238585,0
-9.458223893949128e-06,-0.016297831980964177,0.3428022242051954,0.18440678606726837,0
-1.8948948148067833e-05,-0.01621670907069594,0.35277262381820407,0.18510058868975002,0
-1.796681893847387e-05,-0.016991605098063748,0.34838654518936574,0.1761127914548271,0
-2.880381623452035e-05,-0.016904691500877735,0.3583569448023744,0.17680659407730875,0
-4.119108426091431e-05,-0.017602502766561164,0.3639467236320638,0.1685139043187567,0
-4.3135936372814714e-05,-0.018403241614420363,0.35956063709112285,0.15952609093103198,0
-2.777202863864477e-05,-0.018486234383233702,0.34958478908826884,0.15883099602380518,0
3.2241268788808456e-05,-0.02020406644464741,0.32086095375936574,0.1394652853017325,0
-1.1940894837291092e-05,-0.014785432482271176,0.3516091242199786,0.20241056337347438,0
-1.1300703102435679e-05,-0.015537606923352086,0.34720567421258697,0.19340867472037138,0
-1.875060108484111e-05,-0.01544635373133111,0.35717607382559563,0.19410247734285302,0
-1.7672753159826165e-05,-0.014674632288102566,0.3616991856576788,0.20318275385818524,0
-1.0637386052917414e-05,-0.013291498625453244,0.3606629312885498,0.22057614534580838,0
-1.349020540532772e-05,-0.013160553498106183,0.3704526661021451,0.22121003596688238,0
-1.5868903517784398e-05,-0.013908108659953379,0.36622608919196437,0.21226554484435223,0
-1.1673653557357731e-05,-0.014034368817221251,0.35613602775426423,0.2114933543596414,0
-6.886395442354256e-06,-0.01190997268255216,0.3678553996834886,0.23795520144606488,0
-1.07447907707084e-05,-0.01244606017710394,0.3740489002996145,0.22989956401701062,0
-8.90794319673997e-06,-0.012595191485763718,0.3642591654860192,0.22926567339593662,0
-7.501770103682541e-06,-0.011651783373389221,0.3784106210976784,0.23962435540907162,0
-2.9276776987683035e-06,-0.010780363755053696,0.3729032015278081,0.25284648729721154,0
-4.933712473378801e-06,-0.011339395642952919,0.3703793006056484,0.24540084437163823,0
-4.866237128181193e-06,-0.011064268937363361,0.38093452201983813,0.24706999833464494,0
-1.6616551231168216e-06,-0.010396153071051606,0.3791646951737288,0.2569774535286541,0
0.0,-0.010000000000000078,0.3662195914813676,0.266278831452245,0
-1.2489545413203082e-06,-0.010376622870568033,0.36956139650458786,0.2595626593747283,0
0.0,-0.01,0.37582289015050857,0.2636936256061708,0
0.0016723776364687734,-0.032351551735655557,0.2688959142088784,0.006944476413978216,0
0.0012703588304898968,-0.03111485808286783,0.2530232306853914,0.020111065570176702,0
0.0008935822571759023,-0.029319432236743985,0.2546378064829795,0.03939130917639294,0
0.0010671640178816022,-0.03021717267260579,0.2538305185841855,0.02975118737328482,0
0.0010310497470600779,-0.030009345791836048,0.2639809821635549,0.032065304300514054,0
0.0012411350435668047,-0.030906423153534493,0.2631736942647609,0.022425182497405938,0
0.0014005208477073743,-0.03152493895711694,0.2711100360265044,0.015841887919306692,0
0.0014658822728168238,-0.03173337493964491,0.26095957244713486,0.01352777099207746,0
0.0015415972816776508,-0.03207394376645289,0.2783588947480052,0.009998365068846597,0
0.0008573616633984835,-0.029133283555723026,0.26539196282549465,0.041487021465975396,0
0.0006378401608939558,-0.027664022603546543,0.2614320349594773,0.0572309173039095,0
0.0006015487656727391,-0.02756317409276683,0.27137307734780813,0.058424742088337686,0
0.0007127855156111746,-0.028306220725625792,0.26878907706374355,0.050406825529733676,0
0.0007579269402112044,-0.028491320674973685,0.2580349207212284,0.04831111324015122,0
0.00043660142037051965,-0.026006563745435817,0.27020655350607353,0.07516921920206497,0
0.0002863999712481039,-0.024351933423937308,0.27897652217872054,0.09317369676032473,0
0.0003154665511194132,-0.025119614889076596,0.2845615313603924,0.08494980100709061,0
0.0003554419657430481,-0.025177873537769728,0.27459153784239704,0.08417145798119485,0
0.00039686227224864994,-0.025946862966703708,0.2801765470240689,0.07594756222796073,0
0.0004894027037285691,-0.026734803525678558,0.2757603366211063,0.06739389303741541,0
0.0005304792899916159,-0.02683441009890384,0.2658192942327754,0.06620006825298724,0
0.0002481431992453554,-0.024303050673055535,0.28895245184955143,0.09386699153509268,0
0.00018008387712132454,-0.022716240159093022,0.28775076421083456,0.11111750741248254,0
0.00019239856277593125,-0.023484776160626226,0.2933395728656084,0.10283889686117159,0
0.00014689475099219037,-0.022670131911068352,0.2977264889727691,0.11181393999510983,0
0.00010738919293386094,-0.02109676797680748,0.2965232213749363,0.1290874610746972,0
0.00014010952737843088,-0.021903804440561156,0.2921369927928854,0.12010248424358988,0
0.00011009074492077463,-0.021859110086092263,0.30211271755481994,0.12079891682621716,0
8.063591997597075e-05,-0.021053397248224904,0.30649905882236556,0.12978247107882132,0
5.951837884770161e-05,-0.019501647664449822,0.3052953129988253,0.1470630612593806,0
8.084342065167626e-05,-0.020295679889939834,0.3009092671868808,0.1380752611670389,0
5.730257167272579e-05,-0.020253152515095865,0.31088510463431007,0.13877027117116303,0
3.904270659234175e-05,-0.019459451080499773,0.315271162123881,0.14775807538995006,0
2.9263607386909446e-05,-0.01793826209579999,0.31406743009738347,0.1650386178404163,0
-8.11432109479851e-07,-0.017839261267370073,0.3340209684574727,0.16642909375763806,0
1.1173137660896642e-05,-0.016414723369455646,0.3228482209366891,0.1830011116670786,0
6.369608431388061e-06,-0.017124947566185482,0.3284345946970809,0.17471510271235835,0
1.4276510228846175e-05,-0.01789440230379508,0.3240441992774281,0.16573385579902716,0
6.9040755255877135e-06,-0.018620884789759085,0.3296339898532047,0.15744109163907882,0
2.4954862892529157e-05,-0.01867298247025429,0.3196572206731601,0.15674585368046792,0
4.256882092335341e-05,-0.018715547027943976,0.3096813715481044,0.15605083954989846,0
0.00022842553168808102,-0.023532115552237012,0.2833636431947776,0.10214560208640364,0
-1.0891635596372576e-05,-0.01855874066401945,0.33960984023023716,0.1581361444814313,0
-1.5429998008010015e-05,-0.017772378483818303,0.3439959173155044,0.16712394530001196,0
-6.0996255112451075e-06,-0.017064771806689034,0.33841159633133405,0.17541793991245322,0
7.089843268928166e-07,-0.0163639733425566,0.33282522257094227,0.1837039488671735,0
1.3327950607631217e-06,-0.014935450681482486,0.3316316030839974,0.2009742533205544,0
-3.008113587056968e-06,-0.013514905829489242,0.3404575187572201,0.21884208999731528,0
-6.776116898969252e-06,-0.014144271670399855,0.34603332148859933,0.21062632668539483,0
-7.095606792194256e-06,-0.013416582118177544,0.350560225022885,0.21970911767156182,0
-3.545636029512427e-06,-0.012167484346052235,0.34850645710237826,0.23649958587437236,0
-3.6031138109805946e-06,-0.012833798230017393,0.34448198792979917,0.2276708379358438,0
-6.549763381205026e-06,-0.012722291810260893,0.354584694195464,0.22853786561009037,0
-5.442719686331784e-06,-0.012053905987080378,0.3581809283929335,0.2372273936602186,0
-2.116182094692463e-06,-0.01096876718838075,0.3558842677196844,0.2529490900516812,0
-3.009372821946088e-06,-0.011561060009311166,0.35219536241103133,0.24472433796302678,0
-4.119903052800758e-06,-0.011431675193169009,0.36186983370158654,0.24545214574887303,0
-2.652598525344804e-06,-0.010889016168378549,0.36439373462374625,0.25289778867444634,0
-1.2315289440266849e-06,-0.010479956373202337,0.361051929600526,0.2596139607519631,0
0.0,-0.010000000000000087,0.3465786065780698,0.2693798924876393,0
-7.684859985397231e-07,-0.010467750445931219,0.3512314371488771,0.26116449126966024,0
0.0,-0.010000000000000002,0.3563990990297187,0.26782936196994217,0
-5.535466926086094e-06,-0.014870602568422393,0.341620363651988,0.2016924083470144,0
-1.3949664638467596e-06,-0.01421867273981336,0.33604456092060875,0.20990817165893483,0
-3.139113050309342e-06,-0.01561285366452217,0.3372169136445964,0.19269051969391138,0
5.415068532301623e-06,-0.015669068438505025,0.32723991201034325,0.1919876824938165,0
0.001785207271499565,-0.03298073176674394,0.2502356664048263,5.873792797520215e-05,0
0.0012584170221765828,-0.03177105311793748,0.23389784928690494,0.012944711025571775,0
0.0008461187836792827,-0.029628789095564375,0.23317875049906658,0.03589403458727434,0
0.0010341532210822015,-0.030700321736345182,0.23353829989298575,0.024419372806423055,0
0.001285714952488355,-0.031442548379538394,0.24346053998614817,0.016527888297874237,0
0.0010490748841996522,-0.03037238494133043,0.243100990592229,0.02800255007872552,0
0.0008874418196128784,-0.029473729320922865,0.24390827849102303,0.037642671881833636,0
0.0006297897981580105,-0.027773592158729644,0.2414809139060732,0.05583338853161938,0
0.00046599606368243475,-0.026109180997722865,0.2502550892697024,0.07377687732882317,0
0.00033122479970008873,-0.024449486648309204,0.2590274186534332,0.09174743286375996,0
0.00039473098659096565,-0.02527817817063628,0.2546412539615678,0.08276215509629156,0
0.0004595752717559516,-0.02605796898485656,0.260230821387888,0.07447304826544407,0
0.00038204303645776073,-0.02522906078016261,0.26461698607975337,0.08345832603291246,0
0.000314453797865155,-0.024401147592359937,0.2690019704160769,0.09246056481204235,0
0.00022688054391474562,-0.02280120350477385,0.26779951603476904,0.10972182656724881,0
0.000275386754846381,-0.02362353429208593,0.2634134673441011,0.10073462971550438,0
0.00025642112062123105,-0.02357780346351902,0.2733880191067448,0.10144776166378677,0
0.00020710126092344947,-0.022759718937734298,0.2777751401228018,0.11041966698986568,0
0.00014967118307240574,-0.021170612445209135,0.27657155591019084,0.12769748193265107,0
0.00013071373216651662,-0.02113554102478336,0.28654738864256357,0.12839247150367414,0
0.00016547389677283315,-0.021944772418133623,0.28216116006051273,0.11940749467256681,0
0.00018517955948872883,-0.021983239192084687,0.27218553597247996,0.11870965424994995,0
0.001759170436999391,-0.03266582215981594,0.25956579030685234,0.0035016071709767092,0
0.001511547053585033,-0.03204794483754677,0.2516294485451088,0.010084901749075953,0
0.0015095326638388557,-0.032376126136871956,0.24206675784586562,0.006501724476773488,0
0.0007539316901158402,-0.028547216269845535,0.24805936019452635,0.047612348854006156,0
0.0007343906797478255,-0.02870088112517613,0.2373298322025699,0.04586371155944686,0
0.0006449949850992681,-0.027718687809298485,0.25145647443277525,0.056532152917764436,0
0.0005472566307239966,-0.026887416017334714,0.25584356211458986,0.06550389731636633,0
0.000544582926396273,-0.026940711143026413,0.2458680015878878,0.06480513293022128,0
9.461039190523468e-05,-0.019565548031035253,0.2853436250148844,0.145673094530745,0
0.00011969857107624972,-0.02036434152851498,0.28095759046253765,0.13668528823169804,0
0.00010192424784320732,-0.02033242739635321,0.29093342319491033,0.1373802778027211,0
7.8290319022502e-05,-0.019536686187246605,0.29531946900685485,0.1463680778950628,0
5.661222121559328e-05,-0.01799769642139172,0.29416595006685214,0.16362413913265206,0
7.376931328351892e-05,-0.018776640962422333,0.28975478754086825,0.15464861683169853,0
5.903933586234352e-05,-0.018750536201727494,0.29973063153283874,0.15534360019601634,0
4.354935830321282e-05,-0.01797272196068039,0.30411669008211784,0.16433137848653417,0
3.139186576826775e-05,-0.016473163388896983,0.3028993037046239,0.181592268228446,0
3.12351799762004e-05,-0.017205781985100272,0.3084833669010037,0.17331544303443114,0
4.26555577363962e-05,-0.017229103158681418,0.298532626885738,0.17260820368054902,0
1.8974056889253174e-05,-0.017171236459776758,0.3184578255170363,0.17401986475374745,0
2.1534056895583284e-05,-0.01645086608493634,0.3128737623206565,0.18229668994776232,0
1.5347322182199103e-05,-0.015004280284360984,0.3116678104630517,0.19956572603004105,0
5.913002369983741e-06,-0.013613059557176545,0.3204592130701908,0.21738703967071898,0
4.2642824831416214e-06,-0.014271225745865033,0.32604540807709415,0.2091806464956367,0
1.389303650491642e-06,-0.013576443850515067,0.3304583659137055,0.21811456483401714,0
1.1197297863088105e-06,-0.012274676952392235,0.32916925078432213,0.2354756555996601,0
-3.9275618498885544e-07,-0.011054009908352052,0.33737510810874,0.25302725048049357,0
5.896463097201284e-08,-0.011654393330194511,0.3332721794465311,0.24425145304007684,0
-1.563249738559001e-06,-0.011603182951348361,0.34294078260555916,0.24476341817743297,0
-1.2987775602754298e-06,-0.012235619080950116,0.3388378539433502,0.23598762073701623,0
-4.1879514711486756e-07,-0.012889332164604004,0.3348133847707711,0.22715887279848768,0
3.0309423940892242e-06,-0.012934030938504008,0.32481423192725645,0.22643134763518954,0
1.4043877501407355e-05,-0.015708225107788642,0.3172580156998704,0.19128341884855982,0
8.386865239666675e-06,-0.01497937619524199,0.32164970677352456,0.20026998967529774,0
9.946572003728084e-06,-0.014300077503175268,0.3160635117666213,0.20847638285038,0
2.239949190883666e-05,-0.01573107755406885,0.3072835570838378,0.19057899712924353,0
-1.3223991801014729e-06,-0.01102806442794654,0.3466296879142122,0.2529881702660874,0
-4.040651266746764e-07,-0.010514227620863254,0.3419768573434049,0.2612035714840665,0
0.0,-0.01000000000000008,0.3267034976637463,0.2698440294831328,0
0.0,-0.010000000000000018,0.33664105212090806,0.2696119609853861,0
7.834207904425779e-08,-0.010513595440806411,0.33203930288624317,0.2614356399818132,0
0.0016782864516165401,-0.03361374604215694,0.23157871269953384,-0.006836567686711906,0
0.0017588119330729927,-0.03329682437226764,0.24090718955218007,-0.003388914879368352,0
0.0014590286147019666,-0.03269261193428589,0.2327382809932194,0.0030540716694299344,0
0.0011067995348745287,-0.03236635022182999,0.21680603206806406,0.006477105270374855,0
0.0013756324671276644,-0.03299029525471409,0.22419237238379897,-0.00017973120816852563,0
0.0011987976488324853,-0.032068331681936894,0.22535194067748449,0.009710908147973315,0
0.0009028226785679245,-0.030902190011375882,0.21951627743720928,0.022171316075412107,0
0.001075171944081326,-0.031336754478431164,0.2267070633620571,0.01755801355049194,0
0.0008847106613678859,-0.030265092451657087,0.22634751396813793,0.029032675331343225,0
0.0006248623593734637,-0.029550922569092676,0.2117053748171106,0.03657710364471047,0
0.0005387399070374041,-0.027888383214350942,0.22153190703899805,0.054404712781605,0
0.0005938082510987914,-0.027830538511084423,0.23150641047253562,0.055119050656612184,0
0.0006790832186874854,-0.028759412464330898,0.2273553287690323,0.045149373684439664,0
0.0005853439250106279,-0.028719453399829464,0.21661864092805433,0.04549090821315774,0
0.000745504286099041,-0.0295894335654934,0.22244206265808858,0.036235569115992405,0
0.0007541312690830796,-0.030226934325492477,0.21561082612715993,0.02937420986006129,0
0.001002158260783852,-0.031634416825784765,0.21816115475263667,0.014324210672893481,0
0.0004306455892151685,-0.026213329853500007,0.23030388089301468,0.07238041833936296,0
0.0004846113859825786,-0.027050478082528365,0.22591789396600637,0.06339256556048398,0
0.0005232226707397916,-0.026994417000989618,0.23589239739954393,0.06410690343549116,0
0.00045610827939024417,-0.026160877315881684,0.24027948508135855,0.07307864783409307,0
0.0003291598671682499,-0.024542726632338984,0.23907577549382716,0.09035746078946683,0
0.00024201195645544044,-0.022880999821356763,0.24784785936986034,0.10833205964219766,0
0.000283544820098791,-0.02371045916389764,0.24346181743184375,0.09934476021583225,0
0.0003360992984633276,-0.024495902229878155,0.24905159707363017,0.0910524468266134,0
0.0002844870471713241,-0.023666935725688613,0.2534376390116468,0.10003974625297882,0
0.00023865408537736225,-0.022841249533260537,0.2578236877023147,0.10902694310472325,0
0.00017164782647744698,-0.021233812005542987,0.25661990244101046,0.12630752756489202,0
0.00020472191586129234,-0.022055116922225483,0.2522338809054354,0.11731979360354484,0
0.00019843076818683243,-0.02201960651240717,0.2622097092378898,0.11801467706607041,0
0.000163500071914788,-0.02120299819170069,0.26659572917560065,0.12700250474877156,0
0.00011738653061479394,-0.01960958056001396,0.2653919531954828,0.14428317093902612,0
0.00014262139850787468,-0.020418197788968077,0.2610059278182466,0.13529534925195907,0
0.00013344994040371172,-0.020392521417180377,0.2709817545528368,0.13599032643583858,0
0.00010782208799516104,-0.019589398438263378,0.2753677891051836,0.14497813273488558,0
7.707685794078731e-05,-0.018034317785223766,0.27446540430721267,0.1621116528281008,0
6.790778281731867e-05,-0.01801928538974721,0.28431567718703243,0.16286789598037643,0
8.612177893223391e-05,-0.018802306369511385,0.27990451466104854,0.1538923736794229,0
9.568131969138341e-05,-0.018816876948113934,0.26992867875134774,0.15319741188356345,0
0.0003934166534419564,-0.025327249813048295,0.2446654323817648,0.08206716905914499,0
0.00037844486361848887,-0.025377240721354336,0.23468982819342094,0.08136893956441489,0
4.8337222114100585e-05,-0.01649710920468673,0.2828345125507884,0.17999374272342875,0
2.791427457723508e-05,-0.015008225048804455,0.29171897464866614,0.19807677785006678,0
1.470694009611378e-05,-0.013656472110189836,0.30053686317082684,0.2154212469298593,0
6.185075035339649e-06,-0.01235086277455556,0.30984014097384077,0.23332024300167056,0
1.7550232009544471e-06,-0.01113404593835277,0.3181341918794792,0.251247796705323,0
1.7859831886934806e-06,-0.011700667186791141,0.3236517213319007,0.24336172615249155,0
3.5741177105486955e-06,-0.011729743623500924,0.31398716642666,0.2422840198534968,0
3.650315717961261e-06,-0.012326311106188873,0.3195046958790815,0.23439794930066532,0
6.455233722153668e-06,-0.0129797071829069,0.3151496770220158,0.2253536413361948,0
1.0418174825366134e-05,-0.01364589971524255,0.3104980381205088,0.21640414330028915,0
9.87193312171628e-06,-0.012991933870774847,0.30518850207233383,0.22437074496576492,0
5.2985280736183623e-05,-0.017249781922287048,0.2885002313088203,0.1718089409280404,0
6.146792361920695e-05,-0.01725902500929695,0.27864995842900053,0.17105269777576476,0
4.048447350762058e-05,-0.016490677464350356,0.29286690812770616,0.18079300547593738,0
3.01829570173508e-05,-0.015742112210707412,0.29730913917664503,0.1898345230392564,0
2.194870481006529e-05,-0.015014537051869016,0.3016933925558589,0.1988212519400539,0
1.552144073010884e-05,-0.014330625390566216,0.30610233681693927,0.2074934864799502,0
2.061046012306138e-05,-0.014322461332126954,0.2961279189097465,0.20674901238996304,0
3.7148153662824805e-05,-0.015743699348197235,0.28727674359972727,0.18903526028674777,0
6.516308109280555e-07,-0.011111509306677834,0.32775464999410964,0.2521375235929083,0
5.780642348542963e-07,-0.010547039169150717,0.32241884477161276,0.2605459130942279,0
0.0,-0.010000000000000083,0.3069505797865654,0.2675774458242292,0
0.0,-0.010000000000000028,0.31682703872515583,0.26871073765368103,0
1.113647773365056e-06,-0.010558785668907632,0.3125423858330223,0.2594126212647761,0
0.001359731803127871,-0.034179208870861705,0.21266148979841018,-0.01297356332002491,0
0.0012332133673802013,-0.033272954726955926,0.21473376093323712,-0.0032482290248250275,0
0.0015412337605215827,-0.033896080425860634,0.22212010124897202,-0.009905065503368407,0
0.0006965236743709419,-0.031156263169705326,0.20389629097771425,0.0193783692138139,0
0.0008006851007401897,-0.03279978027504868,0.1992493080029918,0.0017731109797781226,0
0.0007506972059625972,-0.03197821586332296,0.201572799490353,0.01057574009679601,0
0.0009663650521972655,-0.03258271267103004,0.2080276700355279,0.004125108125076489,0
0.0008887168861678581,-0.031761539390996775,0.21035116152288916,0.012927737242094377,0
0.0008074783522359762,-0.03102891476755214,0.21170628420746176,0.020774842644613004,0
0.0006649587942301998,-0.030353640233165877,0.2078008328974124,0.027977736429262184,0
0.0003877633261717905,-0.029677033764593318,0.19260533179415637,0.035137983800728564,0
0.0003802762699965697,-0.028004181251824415,0.20158016480889557,0.05301468157834649,0
0.00033795658591386136,-0.02632155595786381,0.21035219479388773,0.07099039245420415,0
0.00039075395552730363,-0.02626666322161339,0.2203280378434512,0.07168540539678356,0
0.0004300961274811663,-0.027105917866909652,0.2159420509164429,0.06269755261790458,0
0.00036181622327537225,-0.027162841544924776,0.20596617980139165,0.06200253701627532,0
0.00046669921313433955,-0.02794558517543655,0.2115560359239468,0.05370969717997574,0
0.000492076342825175,-0.028778184726224055,0.20664276981300309,0.044795892611528484,0
0.0005130367009970614,-0.029613425214202117,0.2021553533056335,0.035857543722719515,0
0.0003894811286630792,-0.028840713701567697,0.19709274830152596,0.04407633268953753,0
0.001060545772512067,-0.03348973773321734,0.20595539890070097,-0.0056002261701233935,0
0.0005290248956643998,-0.030417049415997172,0.1982508113859353,0.027258176507271234,0
0.00028170608970055287,-0.024640180333283412,0.21912419912753658,0.08896634509665993,0
0.00022336007433479773,-0.022963165018201934,0.22789623467243114,0.10694185913787813,0
0.0002726606270980879,-0.023754856537798755,0.23348600508312917,0.09864965996367248,0
0.0002368498616664462,-0.02292135718925497,0.23787204702114573,0.1076369593900379,0
0.00016978402378086145,-0.02129547999804297,0.23666826208383596,0.12491757959963232,0
0.00019570717806932907,-0.02212774033696142,0.23228224837813355,0.11592971936875522,0
0.0002038088229745153,-0.022090818124614265,0.24225806072684813,0.11662481962091499,0
0.00017377895624211514,-0.02126423519338155,0.2466440822624232,0.12561255358226217,0
0.00012413879020910958,-0.01964497466254742,0.2454403019044953,0.14289326810657788,0
0.00012291402444124204,-0.01962756692256514,0.25541612754998905,0.14358821952280199,0
0.00014683019030507034,-0.02044270713334044,0.2510301021727529,0.13460039783573496,0
0.00014588038114913334,-0.020467456731822844,0.24105428199416562,0.1339054238531051,0
0.00035050843193843096,-0.02542811945734719,0.22471404001027562,0.08067338171801144,0
0.000310704769926692,-0.02548055697890027,0.21473819696071217,0.07997836877543205,0
0.0003107890377980448,-0.02459064195690374,0.22909998731068187,0.08966190294306338,0
0.0002522631994640628,-0.02380087366532704,0.22351021689998385,0.09795410211726903,0
8.92021347098975e-05,-0.01813112201163128,0.25463145138054644,0.1597284667173925,0
0.00010298353203290161,-0.018873920658676747,0.2600117022880146,0.1520058188282093,0
8.451937247229947e-05,-0.018083724805799038,0.26454842784387955,0.16092005977274665,0
6.130979715324617e-05,-0.016643317421990086,0.26289669400725146,0.17665082124500078,0
3.827327318250588e-05,-0.01497035977939197,0.26872093371056044,0.1960185486688735,0
4.8839159695507385e-05,-0.015798395708734817,0.265808813858906,0.18633468495693714,0
5.5632584398871545e-05,-0.01657238218714981,0.27286560327901993,0.17832228198421476,0
4.376450389375098e-05,-0.01574096109426392,0.2757777231306744,0.18800614569615112,0
3.382395792712095e-05,-0.014997199493613727,0.2802199541796133,0.19704766325947015,0
2.1387757056198174e-05,-0.013550815117144198,0.2805668262470983,0.2142509996739205,0
2.4947465322010968e-05,-0.014282875948019948,0.2861429004478822,0.20616388876199365,0
2.912092922901947e-05,-0.014246988732232823,0.27464387997882933,0.205134774171397,0
0.00010580295249151364,-0.018883772167916375,0.25003587664252086,0.15131086741198518,0
7.437658887673711e-05,-0.017381454852162685,0.25876407269389895,0.16818964398119662,0
6.93563371741839e-05,-0.0173432116982641,0.26868104915723207,0.16938123703655078,0
1.8384888071554624e-05,-0.01361373825612581,0.29055184470896256,0.2148361233018899,0
1.2052910616521518e-05,-0.012525133465297135,0.2896046706031842,0.22840928276722167,0
4.038432763599755e-06,-0.011168491734539968,0.2987665984937068,0.24824232757265624,0
7.488272283729229e-06,-0.011828411842441074,0.2941856345484455,0.23832580516993895,0
9.136621930216964e-06,-0.01244895721439503,0.2997224057885125,0.23086476288444613,0
5.402036435882667e-06,-0.011760003008727416,0.3043033697337738,0.24078128528716342,0
2.9334594803188998e-06,-0.011167323391888414,0.308450395186593,0.24974506213898962,0
1.623845830942523e-06,-0.010560194820368183,0.3028585891401361,0.2579098866984427,0
0.0,-0.010000000000000073,0.287592493039636,0.2630154559094485,0
2.214947376643977e-06,-0.010582591405662036,0.2931795457666714,0.2556288917410524,0
0.0,-0.010000000000000033,0.2972715364131007,0.26529645086683884,0
1.3687862607883633e-05,-0.013093846619799164,0.2950707668870055,0.2219152648485405,0
1.6331962111368795e-05,-0.013029050065666048,0.2850857484251412,0.2213301412205711,0
0.0008583665296334951,-0.03460291701971173,0.1933152496884513,-0.017560548656192772,0
0.00042738540437269577,-0.033130366833932945,0.182890151870534,-0.0017993287939292511,0
0.0003849559737307517,-0.03136268932808019,0.1859267078679075,0.01711673851134104,0
0.00040844427100103134,-0.032246863356747264,0.18440842986922074,0.007658704858705893,0
0.0006219762796489638,-0.03296479702782993,0.1910697299367629,-1.3108907075564248e-05,0
0.0005755122391496095,-0.032081477672656705,0.19258800793544964,0.00944492474555958,0
0.0005476193193484618,-0.03125906374132652,0.19491149942281089,0.018247553862577467,0
0.00039178887518070987,-0.030520123423225333,0.18926601983103192,0.0261273611560348,0
9.684047652036062e-05,-0.02979501469116403,0.17281066357369226,0.03383455009733173,0
0.0002463097912777757,-0.029735379705824235,0.18270799768392432,0.03448626694903015,0
0.00022542799448042712,-0.030579128706544247,0.1793686857207999,0.025475644304336385,0
0.0011248857648762016,-0.03439072489033927,0.20298836974343074,-0.015267055988108841,0
0.0008368234220165237,-0.033701514176626354,0.19628227884572153,-0.007893718838207326,0
0.0006256946617181965,-0.03386685085805535,0.18810270077949265,-0.009679938725061012,0
0.00017437778783318655,-0.028126190955393968,0.18162838861624112,0.05162462356772194,0
0.00020072088142081043,-0.026437204070804052,0.19040048478398025,0.06960034493715207,0
0.00028198991543946616,-0.02806434526842874,0.19160427671256836,0.05231965257303421,0
0.0001925477138938742,-0.027282023161725975,0.1860144367001107,0.06061248425243701,0
0.00028188862303874884,-0.0272214863411309,0.1959903247964379,0.06130751325774928,0
0.0002739810060365057,-0.026378322785945315,0.200376339788934,0.07029536869567811,0
0.0001956577283023572,-0.024746037776493996,0.19917254922342534,0.08757609351488657,0
0.00017346380407589547,-0.023054269088986345,0.20794459590015565,0.10555185603818058,0
0.00022305621936886852,-0.02384907011118846,0.21353439751384612,0.09725910056742026,0
0.00020200101708564024,-0.023007224086273245,0.2179204152862934,0.10624685758802935,0
0.0001440256189585053,-0.0213651700492035,0.21671663453583884,0.12352761741108241,0
0.00015918767613490393,-0.022209089652234344,0.21233061521799723,0.1145397367246315,0
0.00018067441945450566,-0.022166855702818386,0.222306434604135,0.11523473827448028,0
0.0001597652386864932,-0.02132874540616618,0.2266924483098374,0.12422259850535736,0
0.0001135129886877033,-0.01968473435401453,0.22548867314319734,0.14150336047337977,0
8.615304271311187e-05,-0.018069196070288753,0.23429446341474316,0.15899465354945574,0
9.94799132669953e-05,-0.018873830419649015,0.22989156827897025,0.15024900701141775,0
0.00010414363465396395,-0.018861917858710175,0.23986738265961924,0.1509439608280168,0
0.00012098886488444187,-0.01966346978919955,0.23546448752384633,0.1421983142899788,0
0.00013976167067936845,-0.02049387310908462,0.23107846761351664,0.13321047003650605,0
0.00012863876018705316,-0.02052335286746889,0.2211026538395181,0.13251548894223109,0
0.0001432006301138074,-0.028960944939162937,0.1772195260949667,0.04272958683252684,0
0.00027033661160043575,-0.028902111413734263,0.18711686020519874,0.043381303684225256,0
0.00026038881149394427,-0.025535023277471838,0.20476237200865655,0.07928324298454537,0
0.00020111526689844386,-0.025591825025065868,0.1947865170037028,0.07858821922601933,0
0.00024291666439917747,-0.02469182038357399,0.20914837417548096,0.08827121930577325,0
0.00018598748643195017,-0.02390007432711129,0.2035585725617905,0.09656397477653358,0
8.932171535066634e-05,-0.018099924436642365,0.2444629573976448,0.15936156013342412,0
6.838657427840797e-05,-0.01689802271944036,0.243403956073927,0.17212622857182874,0
7.866293658904364e-05,-0.017519189935546322,0.24901770372723672,0.16592734764461062,0
6.586874736569736e-05,-0.01676904790757273,0.2531503250405892,0.17438852490841478,0
4.9981944152054554e-05,-0.015585724490409592,0.24877357555939275,0.18677990041071432,0
5.5990859863696105e-05,-0.016121259344886067,0.2558351347833221,0.18171536082785755,0
4.4586462619139255e-05,-0.015272561101529912,0.2587472546349766,0.1913992245397939,0
3.423634962292711e-05,-0.014219407438203614,0.2518439170531367,0.20211453895458326,0
4.166822537507995e-05,-0.01489822853836535,0.2503087463062647,0.19444721968264878,0
3.67983917438105e-05,-0.014603499200023488,0.26028242538184854,0.1990665438117284,0
2.462122809852205e-05,-0.013343942569400571,0.26057701828039115,0.21340573335808277,0
1.5404669478096766e-05,-0.012408165099312567,0.2700674097362994,0.22627948490145777,0
1.97648913060662e-05,-0.012866441298268682,0.26532221400834527,0.21984260912977027,0
1.8586835749048744e-05,-0.012985071481863179,0.27531711799169883,0.22026524228768912,0
1.398992757419636e-05,-0.012476815024788285,0.2798360401697418,0.22734438383433972,0
6.427724987843426e-06,-0.011242831966504205,0.2802346816856994,0.24335379671692065,0
9.397590160155757e-06,-0.011885309684862526,0.2849196761444418,0.23588153974207116,0
5.280517362547152e-06,-0.01121643160882138,0.2895006400897031,0.24579806214478844,0
2.7549253170382443e-06,-0.010594736116351552,0.2839135873626677,0.2531846263131846,0
0.0,-0.01000000000000008,0.2686646259811488,0.2568921362760281,0
0.0,-0.01000000000000002,0.2781285595103924,0.2599537960927383,0
3.4090801598080307e-06,-0.010626668660617618,0.2744496538334241,0.25012296649647436,0
7.717629930170634e-05,-0.017479541010747918,0.2388492097443351,0.16556044106064224,0
5.873073920865556e-05,-0.01623790979611451,0.2460887658166599,0.17945306449127152,0
2.3471263234414256e-05,-0.013455542802262256,0.2705719222637447,0.21382836651600162,0
3.129310475890169e-05,-0.014160513992551317,0.26464897599547577,0.20471214101347812,0
2.9273895751656255e-05,-0.013774753152173518,0.2562104676667639,0.20776013615633301,0
1.0471478880854667e-05,-0.011809000068919667,0.2751510457109994,0.2348166408091892,0
0.00023225935623550663,-0.03481578406060763,0.1735721405532086,-0.01986200455600623,0
-6.951463251637508e-05,-0.03318923278299355,0.1640051584306541,-0.0024401067891071256,0
-5.242845953195035e-05,-0.03140092381591564,0.16401333339014681,0.016687985841372144,0
-6.05368677849541e-05,-0.03229547125666142,0.16400924591040045,0.007123939526132509,0
0.0001585654264019009,-0.03226571303174398,0.1734517426303404,0.0074443285237214465,0
0.00016867245139092458,-0.03138121223315437,0.17497002062902717,0.016902362176356593,0
3.235684205921699e-05,-0.030598266645936505,0.16841199848191954,0.025261267969351936,0
-0.00021630435118180419,-0.029913924999196474,0.1528759074235589,0.03257609987086916,0
-5.838168666045725e-05,-0.028252186722286392,0.16166899567295392,0.05026547288849104,0
-0.00012789317770711927,-0.029083576291122713,0.15727245154825642,0.0414207863796801,0
9.093750296713245e-06,-0.029023879954371598,0.1672398296233231,0.04205001149291139,0
5.999661329815668e-05,-0.028188320148606026,0.17164869214459752,0.05094504822810649,0
3.4505953022017486e-05,-0.02656125751368194,0.17044729859597452,0.06821668642952218,0
8.153813769532535e-05,-0.024863396784978644,0.1792208734905177,0.0861860337191854,0
9.856704141535543e-05,-0.02315960272406893,0.18799295637688265,0.10416182106106425,0
9.297029455321226e-05,-0.024012139503623575,0.18360691493370018,0.09517392739012483,0
0.00014134552221844348,-0.024803154484626486,0.18919671135697153,0.08688106361703599,0
0.00014219395256204792,-0.023954319473295238,0.193582752800154,0.09586895728797541,0
0.00013863582936680428,-0.023104908149656222,0.19796877613851915,0.10485683854962241,0
9.746863153643455e-05,-0.021451441678412127,0.19676501737890498,0.12213762110366891,0
8.655856360342511e-05,-0.01974192286763914,0.20553706493776136,0.1401134199569673,0
9.284206230428168e-05,-0.020596544596527,0.20115104115833315,0.13112552053031812,0
0.00012304643311279148,-0.021405780028315974,0.20674082595737192,0.12283261925737565,0
0.00011283978429396938,-0.02055719483965418,0.2111268497368001,0.13182051868402486,0
0.00010192745816923973,-0.01971039902787014,0.21551286904047934,0.14080839021517355,0
7.253153140019337e-05,-0.018126383872752,0.21426419641048883,0.15717303051500064,0
7.990429106312521e-05,-0.01893284309072515,0.2099006306741251,0.14864322523598397,0
9.157230186682813e-05,-0.01891046245499571,0.2198764347768431,0.1493381954941902,0
8.087554741934061e-05,-0.018094568609660265,0.224279329912616,0.1580838420322282,0
6.165809932567821e-05,-0.016881220246593772,0.22306471886799717,0.17059779793753274,0
4.6778975867368676e-05,-0.015463112245811712,0.23000833097745316,0.18594106017679635,0
3.295863667912578e-05,-0.014058468503493123,0.2363340579718543,0.2014652825654566,0
3.965183653479823e-05,-0.01475505994293291,0.23317119447465373,0.19370317137112647,0
4.1275730878999256e-05,-0.014832567242993172,0.24255381676562354,0.19412259148808547,0
4.9142788549174835e-05,-0.015523900080534173,0.23939095326842297,0.18636048029375535,0
5.727685896909567e-05,-0.01618897022925008,0.23670614352569008,0.17903364437431254,0
6.625187926336725e-05,-0.016887246263516568,0.2332343374709621,0.17136201325468076,0
5.406136513594825e-05,-0.016168430723907237,0.22653652492272516,0.17826942905716453,0
0.000553090886347657,-0.03470906585490697,0.18344369512082995,-0.018711276606099503,0
0.000345423648866431,-0.03397320335430361,0.1782311462118713,-0.01083066667496774,0
6.486984884840662e-05,-0.0340026820692525,0.16878864949193134,-0.011151055672556677,0
0.00018104392793335828,-0.033159464415798395,0.17344765515059407,-0.0021197177915181884,0
-5.879148616950945e-05,-0.0298538312893691,0.1628432854986256,0.03320532498410045,0
-0.00014607910371341104,-0.03065754074163215,0.15844462040685287,0.024632042856120653,0
9.610090181916396e-05,-0.027344250364350703,0.1760378436061078,0.059920654998622064,0
-5.064159984480471e-06,-0.027407345075009887,0.1660581471344642,0.059241079659006615,0
0.00012018298818630056,-0.026498056729347033,0.18042389168997738,0.06890851568333713,0
6.266335948894659e-05,-0.025713002993859528,0.17483408604324613,0.0772013600743538,0
0.0001345979460108694,-0.02565120778515224,0.18481067913724897,0.07789318932816874,0
0.00013191500897148992,-0.02225523872184824,0.20235480663953032,0.11384473857092475,0
9.968788153864015e-05,-0.02230594397536793,0.19237898687789382,0.11314972108236658,0
7.347305824499855e-05,-0.017479715443545082,0.22867959114137015,0.16479622574349423,0
6.73275623297506e-05,-0.01750083444590233,0.218664457639243,0.16388541422626668,0
3.3967779423074735e-05,-0.014139828738941622,0.2440889875124955,0.20178991076001992,0
2.3293819723634747e-05,-0.013005443324103068,0.2451389997531596,0.21429156726104573,0
1.1981392055511605e-05,-0.011638714439674923,0.24740210396837348,0.22999261585177627,0
1.739899620272091e-05,-0.012314527590938833,0.24627055186076652,0.22214209155641101,0
2.424975998017132e-05,-0.013179700385546085,0.25285800901677535,0.21384865030956424,0
1.8402231323060578e-05,-0.01250598193873419,0.2539895611243823,0.22169917460492952,0
1.424410735968196e-05,-0.012043564109874593,0.25873475685233643,0.22813605037661702,0
6.976991663701838e-06,-0.011088869623810203,0.2632316513571275,0.24086604788803692,0
1.1190386643077123e-05,-0.011749828061816002,0.2666495305467135,0.23357276639474733,0
9.381741315704656e-06,-0.011353069444348144,0.25531687766275046,0.2354293318699066,0
0.0,-0.01000000000000008,0.2500000006763947,0.2500000002549931,0
0.0,-0.010000000000000014,0.25933231332877177,0.2534460682655106,0
3.181236339454718e-06,-0.01052584447999942,0.26594813866913813,0.24887909208203252,0
3.720441947654166e-06,-0.010559004873996232,0.25661582601676114,0.24543302407151502,0
2.804601464163899e-05,-0.013522828623037036,0.24073652886250696,0.20787842491325115,0
2.8654017889434326e-05,-0.013616982086603906,0.24849145840314812,0.2082030531078145,0
6.856912447277626e-06,-0.011175062637099841,0.27173316652141344,0.2421099223024788,0
-0.0004290257773774738,-0.034776396138624856,0.1537019541912802,-0.019436938743559822,0
-9.984321467149458e-05,-0.03479582224854942,0.16363704737224438,-0.019649471649783028,0
-0.000231668713512897,-0.033982992918937194,0.15885355631096715,-0.010938522766333473,0
-0.0005867090784774391,-0.03336684335425237,0.14494810760989088,-0.004324634226288415,0
-0.0004614362835343348,-0.031565399446236146,0.1440851880693031,0.014955499472456458,0
-0.00025640067045889787,-0.03148270729203674,0.15404926072972497,0.0158217426569143,0
-0.0002952061997145766,-0.032377066808761484,0.1540451732499786,0.006257696341674666,0
-0.0005221020321650408,-0.03246648195982191,0.144516647839597,0.005315432623084022,0
-0.00032662321672072357,-0.03327772450794191,0.15447663302027248,-0.00338237050769777,0
-0.0005202510280592841,-0.034071668451109816,0.14932503090058552,-0.011880786484924119,0
-0.00032640026673038644,-0.03074009874873789,0.148480547746431,0.02376579967166281,0
-0.0005204449967564338,-0.02998559025654046,0.1328810898187449,0.031873569658725065,0
-0.0002960814229338634,-0.02838520028764738,0.1417187795446769,0.04890245575488871,0
-0.00039776405284729343,-0.02918597972788219,0.13729993468171092,0.04038801270680689,0
-0.00037136642641596827,-0.029949186686152346,0.1428784986211519,0.03222483476479711,0
-0.00026518660866334893,-0.029149601763787593,0.14729734348411788,0.040739277812878935,0
-0.0001779887083207313,-0.02831791071910249,0.15169388760881541,0.04958396432168988,0
-0.0001433841706781164,-0.02669507160900271,0.15049586293686992,0.06682773052891783,0
-4.778413903162171e-05,-0.024993510488015534,0.1592691892498481,0.08479594030911403,0
7.548633675197423e-06,-0.023282165758587946,0.16804131381764795,0.1027717453918452,0
3.973608871948989e-05,-0.024073713927746754,0.17363109365408283,0.09447888955551531,0
5.444117774912405e-05,-0.023218649645166924,0.1780171350972653,0.10346678322645472,0
3.572773977201981e-05,-0.02156030973544703,0.1768134059206288,0.12074757571976241,0
2.4351363457642897e-05,-0.022422618564589953,0.17242735986913837,0.1117596605558038,0
6.347372301075388e-05,-0.02236165671657571,0.18240318114875573,0.11245469839041333,0
6.806721893164087e-05,-0.021502815766419547,0.1867892116497669,0.12144259841171566,0
4.647488828150956e-05,-0.01982740645042058,0.1855854747119408,0.13872342380492983,0
4.280066022353139e-05,-0.017892661811118805,0.19294677440253602,0.1585949159611202,0
4.77563658808652e-05,-0.016948934926682778,0.20437905887353977,0.16863294929212255,0
4.60844465542734e-05,-0.017417662150199645,0.1986629166380379,0.16361393262662138,0
5.942391934981048e-05,-0.017541232708386322,0.20932162764201429,0.1629029899035616,0
5.566651158146223e-05,-0.016910181860277564,0.21372188887076848,0.16961537361482765,0
3.8999485908778936e-05,-0.015545848479029517,0.2104089566802785,0.18315562360045376,0
2.7680179764624447e-05,-0.013877693687424725,0.21715369621870695,0.2005383123009669,0
1.5343511839654846e-05,-0.01207760269648307,0.22788774422342123,0.22054914193305425,0
0.0,-0.010000000000000127,0.2313353753844569,0.2431078642072558,0
1.3811426193514977e-05,-0.011842276375184556,0.23764492409589735,0.22527087889241526,0
7.511268018283951e-06,-0.011025039340398191,0.22961155980393905,0.231828503070155,0
6.223200558091291e-06,-0.01084892063638035,0.2393687396764152,0.23655024002951602,0
5.67226705673722e-06,-0.010800499113545817,0.2487010523223841,0.23999630805338468,0
0.0,-0.010000000000000004,0.24066768803042582,0.24655393223112443,0
-0.0005020465133798872,-0.030775477031348492,0.138483138944024,0.023414534565590762,0
-0.0001083975098049219,-0.027473824525808804,0.15608242930491192,0.05854660170870443,0
-0.0002113731902841356,-0.027540956007220365,0.1461073212407734,0.05786509314190327,0
-5.410383868445278e-05,-0.026627043810777608,0.1604715807664222,0.06752220847922,0
-1.2732753493489717e-05,-0.025777849984402915,0.16485824392291132,0.0765063133693181,0
1.7907524325886507e-05,-0.024926859102139366,0.1692450313701829,0.08549098701414971,0
-1.598920751588315e-05,-0.024139072805553982,0.16365525153374802,0.09378384285047961,0
-8.958546348873581e-05,-0.025845320379920465,0.154882526093359,0.07581183541901593,0
6.92546556139116e-05,-0.02064233472697183,0.1911752460454229,0.13043052245429937,0
6.788446081402378e-05,-0.019780593164199636,0.19556126982485109,0.13941842188094855,0
6.230211664805652e-05,-0.018823334431885688,0.1992419196701487,0.14935416795904374,0
5.85702302476375e-05,-0.018005077239352855,0.2036054854065124,0.15788397323806042,0
4.2790783747409036e-05,-0.020695206954599768,0.18119944031628482,0.1297354997623461,0
4.535621524751983e-05,-0.018862367448367782,0.1892661245572384,0.14865916988302502,0
4.9745843268388114e-05,-0.016220204210952965,0.21673683777413782,0.17687671076899325,0
4.3721932151945696e-05,-0.015498140607537242,0.22020864382886585,0.18454834188862507,0
3.3357833101387816e-05,-0.014708574104626473,0.21378132644949271,0.19184696795071032,0
3.67506955718692e-05,-0.014682416996098383,0.22358101359808005,0.1932396862388816,0
3.07996973719176e-05,-0.013964885542646107,0.22674387709528063,0.20100179743321173,0
2.158831559591979e-05,-0.01295983824021542,0.2225207202210641,0.21054372711701058,0
2.3742661965046374e-05,-0.013081580273460028,0.23211090109763777,0.21100721224925542,0
1.952038267812722e-05,-0.012553544626193397,0.23651337198829042,0.21742035459705,0
4.346685864182276e-05,-0.016246591159207062,0.20739400777690914,0.17589428644628816,0
-0.001025191076925764,-0.03449281509283755,0.13406137953292585,-0.01637123116464401,0
-0.0009187913962120056,-0.032810634178601465,0.1288868590585575,0.001669637455085468,0
-0.0009769535382362382,-0.033651862113856526,0.13147411929574168,-0.007350796854779271,0
-0.0007644290393005465,-0.0330884587777943,0.1369174833342242,-0.0013274983856014734,0
-0.0007927923302979455,-0.033929947888071195,0.13950474357140835,-0.010347932695466213,0
-0.0007376535427137517,-0.03463431218777386,0.14388166686210302,-0.017904084954101916,0
-0.0006741745913018738,-0.03218816317912136,0.1364860235639303,0.008312568463770964,0
-0.00080174604706021,-0.03132181926152658,0.12427805558830163,0.017625941864395776,0
-0.0008462763773271763,-0.03032553289305134,0.1110478824468673,0.028355841831671644,0
-0.0005142332713620779,-0.028503366183320528,0.12175448714996977,0.04775759979779594,0
-0.0005245851633475932,-0.029244291967016958,0.12731778848435735,0.0398155847282605,0
-0.00040908994487923547,-0.028443664449062312,0.13173663334732333,0.04833002777634232,0
-0.00031435495526136185,-0.02683491597295131,0.1305444736912274,0.0654619677213464,0
-0.00017794677941818666,-0.025135672763077547,0.1393174992295645,0.08340581420155667,0
-8.897441968139407e-05,-0.02342218221550751,0.148089665695355,0.1013816271661667,0
-0.00011370068574117467,-0.025063201597881526,0.1492933442397063,0.08410087725533535,0
-7.260752731248612e-05,-0.024208098663394018,0.15367942747260155,0.09308878373764036,0
-0.00012846101733103693,-0.02428053579848908,0.14370358246245973,0.09239372068386167,0
-0.0008619937032266612,-0.03206635612477571,0.12658245732342957,0.009647789659740622,0
-0.0006410692373552888,-0.03144312622189675,0.13418162182880236,0.016290720668426118,0
-0.0006508974564676476,-0.030654042889159613,0.12857957270352327,0.02474975576156042,0
-0.0008345823884791071,-0.03082336730789261,0.11766296901758447,0.022990891848033712,0
-0.0006877435667341991,-0.030155173063003943,0.12196448613280611,0.030114705745198353,0
-0.0006644143279094335,-0.029415231101836692,0.11640118479841853,0.03805672081473379,0
-0.0004050117892028058,-0.027670013839898238,0.1261494804205986,0.05660978375957117,0
-0.00031139280722540275,-0.027609923459424826,0.13613162661795214,0.05718221173811755,0
-0.00023093901817410498,-0.02676407625606316,0.14052016831404868,0.0661448491251321,0
-0.00023920522124463943,-0.025986502846434008,0.13493098646039595,0.07443389096145153,0
-0.0001658110590195995,-0.02591535666969719,0.1449066810832172,0.07511677236523726,0
-4.073582657210562e-05,-0.02335008900722485,0.15806548975650148,0.10207668627900596,0
-3.3782096189683845e-05,-0.021693997329895246,0.15686179304339504,0.11935747344136281,0
-1.987919178313175e-06,-0.019949355262427824,0.16560234658240675,0.13731208575497716,0
1.1767418442069352e-05,-0.01815925123555992,0.17297810416284837,0.15548815027040824,0
6.219293008785491e-06,-0.019057747781227458,0.16929022537262756,0.1464001180126927,0
2.6880930478015194e-05,-0.018996386006800384,0.1792817894373946,0.14710578703766902,0
2.293015658052112e-05,-0.019883908995539823,0.17559391064717378,0.13801775477995348,0
1.4212014898273357e-05,-0.02075651793455461,0.1712078762515178,0.1290298307373698,0
1.4286345858026441e-06,-0.021624077815436227,0.16683759948201193,0.12005252458056262,0
-1.6511677317125687e-05,-0.022488851782227808,0.16245155343052148,0.11106460941660401,0
-5.788081715817868e-05,-0.022560162165875818,0.15247572936937503,0.11036955030376475,0
-1.5520014055010618e-05,-0.020824233883717312,0.1612320698129009,0.12833477959817,0
2.8252070346138457e-05,-0.018019285266418644,0.18296243928269218,0.15704153311576421,0
1.560659103436197e-05,-0.01667639090444196,0.1783199245704033,0.17030274819991592,0
2.809641011063811e-05,-0.015944496001012266,0.19268040783517645,0.17799407394359446,0
2.2666666062576654e-05,-0.016305010583409628,0.18550016620278986,0.1741484110717552,0
3.488905383982063e-05,-0.016925307867787943,0.19281359111885624,0.16829449495235732,0
2.8054362253906755e-05,-0.01728586977490209,0.18563334948646965,0.16444883208051805,0
1.4204152995445728e-05,-0.017420790338358257,0.17564901436662583,0.16289544923516208,0
3.739044027962151e-05,-0.016449118740360136,0.1985297333543581,0.17331351161785852,0
3.436472634285618e-05,-0.01573627731849818,0.20154468225772748,0.18057484877202412,0
1.9606371646060157e-05,-0.013961954944200482,0.1968452543360186,0.1974505603118273,0
1.165368922701095e-05,-0.011994835737357453,0.20542071105397808,0.21701705539526897,0
0.0,-0.010000000000000089,0.2124075083415633,0.2369845444859048,0
7.563711944526035e-06,-0.01107963193973285,0.22014762628249226,0.22876684320947954,0
0.0,-0.010000000000000007,0.2218714418630101,0.2400462043465803,0
2.8518322054801776e-05,-0.014764162631436092,0.20362710550814855,0.19030309195614054,0
2.4185376101373176e-05,-0.013907019493649645,0.2069994752773628,0.1989944363063971,0
1.9129902076358553e-05,-0.012955699961045708,0.2112872036363425,0.20877768384811793,0
1.6047612698142978e-05,-0.01297427651252677,0.20113298269499835,0.20723380785354814,0
2.3912422535472896e-05,-0.014959103364918173,0.19476283108559753,0.18772231712771087,0
1.3769116702655103e-05,-0.012020085571432085,0.21665422763869965,0.21878309866416162,0
6.161864109897748e-06,-0.01099096414481143,0.2089141096977707,0.2270007999405869,0
-0.0014752697767788337,-0.03401782651478832,0.11485394927291999,-0.011226958088988319,0
-0.0011803223719270056,-0.033414422353650906,0.12187040416573874,-0.004778660316951426,0
-0.001268311669284747,-0.034254966320713835,0.12445766440292291,-0.013799094626816165,0
-0.001185502502619985,-0.03225030486472063,0.11081126276081545,0.00774301801944498,0
-0.0012814209628844544,-0.0315983147062141,0.09382119913379681,0.014826585422712514,0
-0.0010040753782306398,-0.03128829164950525,0.11092957260384137,0.018049429925558313,0
-0.0012504405446228494,-0.03192393952405628,0.10231623094730613,0.011284801721078748,0
-0.001052902280823283,-0.030962269426635238,0.10243454079033205,0.02159121362719208,0
-0.0009613282570774057,-0.03000707047094729,0.0925752652597968,0.03189553279796709,0
-0.000916858675043424,-0.030165911787064854,0.10181157385333205,0.03012568731481937,0
-0.001111815882942138,-0.03080282429934934,0.0931982321967968,0.023361059110339803,0
-0.0010680735256009151,-0.03253007846809494,0.11984906090968647,0.004706327737265224,0
-0.0013289927153851996,-0.033134221732662235,0.11283260601686772,-0.0017419700347716693,0
-0.000985296803267986,-0.03178618588691214,0.11754465917455853,0.012684479941920379,0
-0.0006870639161346747,-0.028619152466727096,0.10178639124857813,0.0466811975827265,0
-0.0004582714180813873,-0.026976039277932788,0.11059554260045798,0.06414788616108598,0
-0.0005631408533123884,-0.02779839561449275,0.10619096692451806,0.05541454187190624,0
-0.0004904112645591783,-0.027739289585977614,0.11617501487521387,0.05595274297944096,0
-0.00039094892677026157,-0.026904869384346806,0.12057000814584269,0.06480492694121619,0
-0.0002935438241129712,-0.025285769478284485,0.11936614020916006,0.0820336622507664,0
-0.00017937000649338,-0.02357717502430961,0.1281380109672167,0.09999147202554703,0
-0.0001025145649840037,-0.0218505747034187,0.13691017226676458,0.11796731830548716,0
-5.265782389514392e-05,-0.020103310613985684,0.14565526334456474,0.13592497680422602,0
-7.477872523664554e-05,-0.02098019492585441,0.14128271780566465,0.1269461475548566,0
-4.550077582499093e-05,-0.020898898759342675,0.1512585281939799,0.1276412251227944,0
-6.880571312889669e-05,-0.021769697502590085,0.1468859826550798,0.11866239587342499,0
-9.847525062657935e-05,-0.0226361553513234,0.1424999189810598,0.10967447273582692,0
-0.00013698946443251487,-0.022716262323517197,0.13252409161699064,0.1089793951655171,0
-0.00013568668934706867,-0.02349805299617906,0.13811383833128585,0.10068654959585686,0
-0.0001818501695450815,-0.024356006731839203,0.13372775509839058,0.09169864311355186,0
-0.00023101504560809572,-0.024433182282633397,0.12375207558818838,0.09101256713815672,0
-0.0002385436358935879,-0.02520972080269536,0.12934181971936226,0.08271973822616153,0
-0.00030760264116071445,-0.02605988734862403,0.12495530695019373,0.0737478149860564,0
-0.0003685494947647098,-0.026132098900374583,0.11498084140480902,0.07309077420592619,0
-0.0006079258869139021,-0.02856087252662521,0.11177043919927396,0.04721939869026122,0
-0.0007683074985070699,-0.029472141552773137,0.10641713684772272,0.03751851970719907,0
-0.0008150086563749719,-0.029313563417239646,0.09718082825418747,0.0392883651903468,0
-2.744434591395705e-05,-0.020022290487607296,0.15562880496348575,0.1366185312796016,0
-2.1969161928348706e-05,-0.01833318696832971,0.1542921781502985,0.15380976474091249,0
-5.8032082788218154e-06,-0.016220123043923534,0.161407008544979,0.17467107014506922,0
7.329703937365853e-06,-0.014450957191225121,0.17563728829513958,0.19165865471463558,0
1.0946881612718689e-05,-0.015577058830606411,0.17697860643277144,0.18098070145727574,0
4.439619631236202e-06,-0.016442222380397838,0.16986346655769113,0.17248690917249257,0
2.1847086871750867e-06,-0.015337443511697026,0.1685221484200593,0.18316486242985242,0
-3.537839028836824e-05,-0.019222554826544055,0.14997372074743162,0.14486737077256925,0
-1.38466691980534e-05,-0.01914241622411322,0.15994726236635262,0.14556092524794484,0
-4.898098111267836e-06,-0.018240764906348194,0.16363514115657343,0.15464895750566038,0
-1.2546784937832261e-05,-0.017285109031910856,0.15784959334763876,0.16424041744299084,0
1.2783795424576354e-06,-0.01719428496911166,0.16719255635391367,0.16507961020773873,0
1.6520752632904917e-05,-0.015200573019828916,0.18415884806515803,0.18482636432911503,0
1.4240407440326777e-05,-0.014188015627607853,0.1862412713155791,0.19455460751323145,0
6.435112893448281e-06,-0.012034342659517824,0.18518087358552954,0.21415704427853555,0
1.2194750731971467e-05,-0.01301515773626739,0.19101306396077405,0.20580380229518141,0
9.225668117582521e-06,-0.011990303230537796,0.1953007923197538,0.21558704983690224,0
0.0,-0.010000000000000078,0.1930494216221718,0.2324225544291266,0
5.37841843311826e-06,-0.011033719807753297,0.19923506633807495,0.22471980491219778,0
0.0,-0.010000000000000004,0.20272846498186756,0.2347035494575157,0
7.825224926240553e-06,-0.013253771498337355,0.18040908094033456,0.20290784949658558,0
3.92891788821013e-06,-0.01102734859846465,0.18911514760385068,0.2232897993538311,0
-0.001731071708378863,-0.03342384310271643,0.09604055545434137,-0.00477531508446675,0
-0.0017708980822295334,-0.032784417801969196,0.07741224982878274,0.0021976510574146617,0
-0.0011761762717274573,-0.030668584694627608,0.07435133780968327,0.02494009927346411,0
-0.0008013637969600201,-0.028823729837991162,0.0818694826699109,0.04467393557661658,0
-0.0009713698520612036,-0.02974651394637211,0.07811041023979709,0.034807017425040346,0
-0.0010756440672555075,-0.03033797363295657,0.08346330153474003,0.028417816035715603,0
-0.0008839911583160587,-0.029415068559737117,0.08722237396485386,0.038284734187291836,0
-0.0007543992673248892,-0.028721378276335377,0.09182793695924452,0.045677566579671536,0
-0.0005561413737581751,-0.02713481684874904,0.09068862206087558,0.06268067435642113,0
-0.0006230484142756715,-0.02787640731819677,0.09623750665472686,0.05468093596957382,0
-0.0006689463507693681,-0.027979909256287527,0.08627905236539324,0.05367730496651886,0
-0.0016271064039802897,-0.033720427206610754,0.10544725236363067,-0.008001136586727534,0
-0.0014437213815370509,-0.032837296411815896,0.1034259091075784,0.0014838514674891151,0
-0.001495026377031502,-0.03251127852467065,0.0949308772940691,0.005025635169122882,0
-0.0017792807617631812,-0.03310373067467814,0.08672640264156206,-0.0012888320135260442,0
-0.0015165860859752565,-0.03219157758021561,0.08561672448128978,0.008512118240063588,0
-0.0014493744538580924,-0.03172664005036159,0.075881793819233,0.013568875165439385,0
-0.0012515619336086645,-0.03113301430936225,0.08408626847174004,0.019883342348088313,0
-0.0005143355869097235,-0.027055204728608794,0.10064208233066678,0.06341428025875356,0
-0.00037894063863341837,-0.025442687807869447,0.0994268239391544,0.08065284559667019,0
-0.00025168344011368334,-0.023742586700786793,0.10818635116232193,0.09860129106884566,0
-0.00016146610901949027,-0.022024568124365967,0.11695853977120758,0.11657712331370111,0
-9.892345040172502e-05,-0.02028403395492069,0.12573069684647625,0.13455299734601725,0
-0.0001272416079120968,-0.02115766276418791,0.12134461830884191,0.12556506032985917,0
-0.00010231497823684127,-0.021066199299782273,0.1313204345566204,0.1262601578257522,0
-7.675197109781175e-05,-0.02019070616865457,0.1356929800955205,0.13523898707512164,0
-5.6682564400171595e-05,-0.018511004046963143,0.1345028262398235,0.15252892463893478,0
-3.06957461704684e-05,-0.016761623169072138,0.14230159082658786,0.16984866537898013,0
-4.23078410186131e-05,-0.017642567328654005,0.13840220853320567,0.16118879500895744,0
-2.766473041542091e-05,-0.017546570332377782,0.1482968844884432,0.1618292150599463,0
-1.7894448389587733e-05,-0.016484820790816982,0.15185429968578343,0.17225986776202468,0
-1.8553378286454255e-05,-0.01524346278417875,0.14620698977142793,0.18454345755608675,0
-6.608931637314003e-06,-0.014251049127917283,0.1573713741305203,0.19354364159505744,0
1.7837678165299475e-07,-0.014338581034063784,0.16650433121282993,0.19260114815484652,0
-6.56667166103323e-06,-0.015245000494337666,0.15938919133774965,0.18410735587006333,0
-1.2071624227197463e-05,-0.014748127630760846,0.15178918195097413,0.1890435495755721,0
-1.3148648828479036e-05,-0.0157259189117702,0.15380699915820345,0.179607263850578,0
-2.409236269731234e-05,-0.0160084385772517,0.14425429029900788,0.17719606146753344,0
-0.0004201574047171382,-0.026208578589036736,0.10501118326980619,0.07240036587887808,0
-0.00046035594775730245,-0.026289765128784653,0.095057723000015,0.07166675997654566,0
-0.000340983023066177,-0.02536373205332587,0.10939648207415723,0.0813432539237183,0
-0.0002743065400527648,-0.024513211780458295,0.11377624568574099,0.09031747665980602,0
-0.00021852510688076852,-0.02365891962985639,0.1181621810647693,0.09929638154719635,0
-0.00020257547604034492,-0.02288588754335831,0.11257244546676476,0.10758920719127338,0
-0.00017211662628889733,-0.022799775583148933,0.12254827536921215,0.10828429766962408,0
-0.0001337738583544485,-0.021935840549901317,0.1269343560189861,0.11727222080959414,0
-0.0003099661244108932,-0.024594188092596028,0.10380658755073817,0.08962706833275792,0
-7.565385526871013e-05,-0.019402340379661258,0.13011676154314988,0.143540960992476,0
-5.609201175975086e-05,-0.01930631560346628,0.14007904479219413,0.1442269507215804,0
-3.976052118733236e-05,-0.018417203157561787,0.14439750219506098,0.15316934468992363,0
-1.9742932571748614e-06,-0.012260477100028557,0.16118851472913118,0.21148207519364867,0
-3.930103496925741e-06,-0.0132713954171732,0.15927994442982574,0.20251285839435307,0
1.2514325555663614e-06,-0.013365514210621937,0.1684129015121354,0.20157036495414213,0
2.514470669040327e-06,-0.012108804395087847,0.17318469415733034,0.21281955973609212,0
0.0,-0.010000000000000096,0.1732965037666751,0.2301559705840823,0
1.921758330358641e-07,-0.011156630493227824,0.16724250924790313,0.22081902288886548,0
2.3657406482997545e-06,-0.01104729651186708,0.17923868867610232,0.22215650743130894,0
0.0,-0.009999999999999986,0.18317296269442346,0.23128926250660445,0
-0.0015913203699093788,-0.0321702043485695,0.05869623367847398,0.008928473177222819,0
-0.0017116267588737945,-0.032477059474048366,0.06805424175362836,0.00556306211731874,0
-0.0013749688943272514,-0.031419588275799326,0.06652378574407862,0.016934286225343466,0
-0.0010394341282429517,-0.03040704925880571,0.0524782737822051,0.027918842142414524,0
-0.0008028229085983574,-0.02891922759747663,0.0630661502286335,0.04382366257420297,0
-0.0009817233205200375,-0.029793483657697645,0.06870874401915839,0.03438188092383354,0
-0.0008150425372780864,-0.0288715904216226,0.0724678164492722,0.044248799075409774,0
-0.0005843744957046772,-0.027272952105887108,0.07095368247806293,0.06143623055321964,0
-0.0004193531187523847,-0.02560403474254611,0.0794796298001108,0.07924440339096972,0
-0.0005797909719894823,-0.027204014173852546,0.08082115226946926,0.06205845245482039,0
-0.00048651441123775447,-0.02636845192366302,0.08508412593049319,0.07096253887369543,0
-0.0004960128251898161,-0.026439155756733244,0.07521665613908686,0.07034031697209468,0
-0.0009155387824183105,-0.02966330182165516,0.0577722120054193,0.03587125235830875,0
-0.0011347176253616725,-0.030537815949419716,0.06341480579594419,0.026429470707939315,0
-0.0012934776779849578,-0.03128857219457185,0.05558725373033954,0.01842365765981867,0
-0.0006897279077388791,-0.02804768448220525,0.07641158257398692,0.05305508306491811,0
-0.0006856463105293891,-0.028096381131161807,0.06700991635334821,0.052629946563711304,0
-0.0004056724776130662,-0.025523399230460844,0.0894532268696326,0.07994862449381995,0
-0.0002945276813719485,-0.023912885052192977,0.08824461294899448,0.09720916770854421,0
-0.0002019438973405594,-0.022208514222187427,0.09701151598377815,0.11518465085137625,0
-0.00024469061707864056,-0.02306260205679265,0.09262806446638631,0.10619690927996023,0
-0.00027744170645104443,-0.023827517913348806,0.09821548205565821,0.09790522938869493,0
-0.00022714279700049007,-0.02297383304629583,0.10259893357305004,0.10689297096011095,0
-0.00018451953383582983,-0.022115843637897606,0.10698502787749287,0.11588088708253869,0
-0.00013436876315599822,-0.020484719926610537,0.10577907314956861,0.13316274986080393,0
-8.593787400974541e-05,-0.018731846650336597,0.11455122733900204,0.1511386429949994,0
-5.190875258515433e-05,-0.01693493746755924,0.1233233571331038,0.16911460164223663,0
-5.511318605822446e-05,-0.017720062011846248,0.12891309168646364,0.16082176314058572,0
-6.73801848833442e-05,-0.017840062097365366,0.11893729223605293,0.16012662231861802,0
-7.233152143823544e-05,-0.01861844818419962,0.12452702678941277,0.1518337838169671,0
-9.32215815148213e-05,-0.019505373192669494,0.12014096209273914,0.14284582017050834,0
-0.00011840120266736681,-0.02038283682900669,0.11575488499802243,0.1338578736034106,0
-0.00014857026235039257,-0.02125249821654563,0.1113688064603881,0.12486993658725251,0
-0.00016542505438350865,-0.021349556859877775,0.10139529456667337,0.12417370035609009,0
-0.0003364745750166855,-0.02467646415580837,0.09383571844407444,0.0889310066526072,0
-0.00035237930141003256,-0.024759644734075315,0.08386212137455264,0.08822678554975696,0
-0.00010808173557237384,-0.019612732501140578,0.11016515024428533,0.14215069642790168,0
-4.185064455479467e-05,-0.016843139291121384,0.13281247397984583,0.16948163351060838,0
-3.039688336039466e-05,-0.015255510290622326,0.1312239668538738,0.18535661939959452,0
-3.1309843010368016e-05,-0.016005355136630716,0.13676277884023083,0.17760264238928733,0
-4.022093573061564e-05,-0.01610323910723613,0.1272736619934888,0.17723561052091558,0
-2.4757454556964657e-05,-0.015243778940822078,0.13871547831265085,0.18495003847784064,0
-1.4630662394012556e-05,-0.013719107161895968,0.14245193542303577,0.19925643726426112,0
-7.940476354535077e-06,-0.011837134198665404,0.13936140225570584,0.21681574376921772,0
-7.290409856747324e-06,-0.012988579427815283,0.15182022507608348,0.2053692562289549,0
-1.1431464757590366e-05,-0.012786234992218738,0.1409066688393708,0.20803609051673944,0
-5.424330254392273e-06,-0.012014375644088433,0.1502749584924185,0.2141489094814332,0
0.0,-0.010000000000000078,0.1534213948481647,0.2306201073795101,0
-1.8038356583154719e-06,-0.011156340964464767,0.15730495478864792,0.2210510912865794,0
-3.1941147508231525e-06,-0.010947008198674127,0.14639139855193528,0.22371792557436393,0
-2.1796303881240832e-05,-0.014496622529048282,0.1368379511384548,0.19230652833192782,0
-1.673129527493613e-05,-0.01448541970797228,0.14432946259723184,0.19189994741017394,0
-1.1088399787488714e-05,-0.013974965190142246,0.14991165477677804,0.19640003942965928,0
0.0,-0.01000000000000002,0.1633589493074199,0.23038803898179622,0
-0.0012060618465511487,-0.03165164289908464,0.03964883025094367,0.01464114487117017,0
-0.0006499722712377856,-0.029756932851565724,0.03188657930623923,0.03504923139512329,0
-0.0006909585639299028,-0.028865748560408588,0.04663405448001191,0.0445389189100859,0
-0.0006835932358957406,-0.02931162526289869,0.03926031689312557,0.039794075152604594,0
-0.00085016881492932,-0.02963609056403478,0.049556164131108506,0.036228880526250215,0
-0.0008585480719319005,-0.030082352150304213,0.04218242654422216,0.0314840367687689,0
-0.001127851693728816,-0.031029266813968875,0.04606355201657439,0.021279993506792348,0
-0.000892874734167012,-0.0307039731484828,0.03576770477859145,0.02484518813314673,0
-0.0014293510206447578,-0.03191101819640466,0.049172531964708825,0.011784809024196496,0
-0.0007576641886320014,-0.028892700319051785,0.05485010235432271,0.044181290742144434,0
-0.0005322420947570412,-0.027392164239474506,0.052106833721899844,0.060360775517946254,0
-0.00040165469830548244,-0.025756628836491942,0.05960386168087873,0.07790457256247028,0
-0.0004885182494340964,-0.026513780769018922,0.06527877207947083,0.06967040155784496,0
-0.00041827796106414314,-0.025680848189170314,0.06954174574049476,0.07857448797672001,0
-0.0002984524280919228,-0.02408217932028891,0.06829304638062736,0.09581602209547316,0
-0.00021659386034392718,-0.02239470549487139,0.07708296609864089,0.11378315390603531,0
-0.00015307811943767095,-0.020691759490110477,0.0858274295012178,0.1317724892042661,0
-0.00010487299662830385,-0.018967778993258636,0.09459959987913327,0.1497483322445614,0
-6.947165307491625e-05,-0.01725210867800154,0.10353286413174587,0.16725657985973333,0
-4.270540766157469e-05,-0.015424451054841528,0.11199862782526712,0.1854112057839312,0
-5.504184805696186e-05,-0.016346542807991526,0.1077657459785065,0.17633389282183226,0
-4.772511444882344e-05,-0.0161733662535811,0.11766099247918546,0.1772629037130839,0
-6.156559827178577e-05,-0.017091739922511364,0.11342811063242483,0.168185590750985,0
-7.797284570259094e-05,-0.01798741655868089,0.10904204573537396,0.15919761142736638,0
-9.69510795416811e-05,-0.01884900889771696,0.10457541360906766,0.1504434876197804,0
-8.589275121439578e-05,-0.01811527060809942,0.09906623200543957,0.15850245605214736,0
-0.0005685368549831584,-0.0273329716154903,0.06153025809998139,0.060898503035582946,0
-0.0004631869374648267,-0.026574568922730937,0.05585534770138929,0.06913267404020827,0
-0.0006597525845123279,-0.028155066253616478,0.057586491975266677,0.05209221904607461,0
-0.0006064664111413904,-0.02812887298419079,0.04937044410095588,0.052449847214016077,0
-0.0003471669202364223,-0.024920075675745026,0.06394845403075304,0.08686029732897171,0
-0.0003562925102665948,-0.024841643621494717,0.07388633809036907,0.08753021274322144,0
-0.00030182813226009846,-0.023998019406965596,0.07826882966481091,0.09651259490200868,0
-0.0002542617396200746,-0.023151766548944127,0.08266378952381769,0.10549616080728977,0
-0.00021287523707757557,-0.02230193247547824,0.08704724104120952,0.11448390237870579,0
-0.0001770221731817418,-0.021447389791796685,0.09141947274249798,0.12347857002782117,0
-0.00018272215424649366,-0.021545382466190158,0.08145519779992935,0.12277782155515071,0
-0.0002550266015895625,-0.023239719566423313,0.07268800623963412,0.10479958800075423,0
-0.00014612674321562113,-0.02058817977096548,0.0958032513253932,0.132467619532535,0
-0.0001272594726521365,-0.019833239393126895,0.09021351469017554,0.14076041072441375,0
-0.00011961010252949786,-0.019722610027235667,0.10018933651435094,0.14145554105268265,0
-3.7116742638572763e-05,-0.015334566965878482,0.12161129733957046,0.18538391259176284,0
-2.279519789379473e-05,-0.013495367864112186,0.12091596334527326,0.2036762907785384,0
-1.0182311636361263e-05,-0.011574756461936233,0.11953874220027547,0.22253125305155577,0
-1.6385805447721008e-05,-0.012538714202110467,0.12022735277277435,0.2131037719150471,0
-9.330568488607472e-06,-0.011679959129881214,0.12945007222799065,0.21967349841038675,0
-1.470429685420704e-05,-0.012681692773787508,0.13013868280048954,0.21024601727387807,0
-1.932281521043187e-05,-0.013589069289131542,0.1316839493841545,0.20146636402139978,0
-2.7009918215907048e-05,-0.014368767521034003,0.12606996509957352,0.19451645508906645,0
-3.1991952534353754e-05,-0.01447350835208587,0.11645729558527018,0.1945437482812348,0
0.0,-0.010000000000000082,0.1337804099185941,0.2337211682411463,0
-4.821156206847915e-06,-0.010816268110492144,0.1266595760594348,0.22812621064635102,0
-4.410110026650369e-06,-0.010925536379861973,0.13657090608714997,0.22526845600518203,0
0.0,-0.010000000000000037,0.14360090238337941,0.2321706378103282,0
-0.0006539757170748229,-0.031298799058333264,0.020156493617928768,0.01854572548378237,0
-0.0009534144812958368,-0.031475838722738646,0.02990266193443622,0.01659343517747627,0
-0.0006659732143280741,-0.03052746255536076,0.026021536462083997,0.026797478439452828,0
-0.0003405918676895668,-0.029926495925138425,0.014837583046909086,0.03330139678344948,0
-0.00027106178698817223,-0.028482493339624194,0.01694913851709751,0.04884396569818098,0
-0.00043402189311038023,-0.02785358044334367,0.033632378672818326,0.05554204401945796,0
-0.0005294879898894095,-0.02880455450139197,0.03275947898952877,0.04529563770729063,0
-0.00036568071712474826,-0.02816865348472282,0.02529075859495792,0.052193004858819475,0
-0.00044444352125703817,-0.029119695463255636,0.024417858911668366,0.041946598546652135,0
-0.0005100978390195416,-0.02984225652250465,0.023362081176574158,0.03417531408928638,0
-0.00030353806845619905,-0.029203973370181553,0.015893360782003298,0.04107268124081523,0
-0.0005577511303056377,-0.028359511417991826,0.04013321657641512,0.05004048146477193,0
-0.0004951232952667541,-0.02762363444369611,0.042869606197359085,0.05795140976870211,0
-0.00029829087168914935,-0.025830715794637617,0.03703114707155952,0.07737996376106807,0
-0.0003593678642676206,-0.026841289309974533,0.03533176287218892,0.06646100389026302,0
-0.0004067964868745063,-0.026610450491575722,0.04456899039672968,0.06887036963950716,0
-0.0003597031457022435,-0.02579479452009014,0.04831750437621912,0.07764226816176917,0
-0.0002578585444246551,-0.024210310464827498,0.048879716530669776,0.09479221831802705,0
-0.00020047928584460587,-0.02257397540416359,0.05713592814015198,0.11239069382215411,0
-0.00022822562233176571,-0.02339258912599838,0.053007822335410876,0.10359145607009057,0
-0.00028347688268430955,-0.024147205951004447,0.05858638145564857,0.09530412020675011,0
-0.00024646201229754615,-0.023326028957714108,0.06271448726038967,0.10410335795881363,0
-0.000212547996619512,-0.022485526267525816,0.06710944711939644,0.11308692386409472,0
-0.00015122519277908995,-0.020900896512362863,0.06604211830234075,0.130301044065518,0
-0.00017482594056397413,-0.021738660080667813,0.06158902322124636,0.12134586894383606,0
-0.00018219672009230233,-0.02164494288894064,0.07156254220049083,0.12204209898577667,0
-0.00015489993108651592,-0.02079756152252658,0.07593477390177927,0.13103676663489205,0
-0.00011124489686568616,-0.01924213276386274,0.075646036046457,0.1478708525951582,0
-0.00013125356732238323,-0.019963367252384352,0.0807367327738374,0.13982167089971215,0
-0.00010976437714647199,-0.019106186927158462,0.08512281796279514,0.1488095924198598,0
-7.847715563747467e-05,-0.017564510461756902,0.08435956223549493,0.16543073958247898,0
-5.305227755818644e-05,-0.015884627782690605,0.09236472998553613,0.1826959482585109,0
-6.499997315413866e-05,-0.016729663151707104,0.08836214611051553,0.17406334392049494,0
-6.12690684098728e-05,-0.01656132674679913,0.097948797058641,0.17497626405912212,0
-7.512020405554602e-05,-0.01740925894638949,0.0939462131836204,0.16634365972110615,0
-9.130690658103198e-05,-0.018261368936110967,0.0894795810573141,0.1575895359135202,0
-9.391696698979595e-05,-0.018406953579358107,0.08000279914097597,0.1566507960888186,0
-0.0004770681666496949,-0.030612306315625046,0.017497038332418925,0.02592356113361593,0
-0.0003244055544111315,-0.02498204714067678,0.05424178910577425,0.08634839544024867,0
-0.00028024658963794654,-0.025021080992997286,0.04295543180111465,0.08608609103954756,0
-0.00013035024734851428,-0.020074010705500706,0.07084407717439888,0.1390859483303381,0
-4.857517410359478e-05,-0.015655898212833207,0.10218167890540163,0.18405357702122105,0
-3.343188638412886e-05,-0.014192348806966964,0.10007292982721218,0.1995979215060697,0
-2.0060095097128303e-05,-0.012734289514456562,0.10624840372448346,0.21365336406075877,0
-1.10519455156295e-05,-0.011514711823185272,0.1005220246400696,0.22756041495196774,0
-1.5488191484436863e-05,-0.01211522779794504,0.10338521418227653,0.22060688950636326,0
-1.5022283999530513e-05,-0.012166406997933511,0.11289357296237947,0.21809230855615727,0
-1.0768681013724159e-05,-0.011531379068719861,0.11003038342017253,0.22504583400176176,0
0.0,-0.01000000000000008,0.1145738125478943,0.2388915798111855,0
-5.577508361504185e-06,-0.010784590607736386,0.10754791859398194,0.23322599738157662,0
-5.21122004128267e-06,-0.010781266891483869,0.11705627737408489,0.23071141643137064,0
0.0,-0.010000000000000021,0.12417711123324421,0.2363063740261659,0
-3.828947330892875e-05,-0.014798356016457796,0.10603577882623966,0.19250456364500046,0
-2.8434874812614163e-05,-0.013846659762082143,0.11049444658624272,0.20163710614230407,0
-2.6477797523699276e-05,-0.013470541771533923,0.10316066677584781,0.20662564278341422,0
-2.178072649823615e-05,-0.013101017120037299,0.11358218353487837,0.2086648274196486,0
-4.26788925743805e-05,-0.01504590093367382,0.09621882990637415,0.1911469348822903,0
0.0,-0.031170204841335872,0.0003334237680963754,0.019971804808724604,0
-0.00020520132874947804,-0.030548349310288776,0.007585503407502731,0.026636600796087043,0
-0.00033716149693256193,-0.031235569520585822,0.010244958693012571,0.019258765146253486,0
0.0,-0.029379744367459812,0.0003077949059941746,0.03920516125459086,0
0.0,-0.027596640403447757,0.0002821453304945181,0.058438338281608104,0
-0.00018151257098173503,-0.02670910103002187,0.0171832833730612,0.06800618908151228,0
-0.00012572867723953038,-0.024976556549789725,0.017578313461255077,0.08681357212911123,0
-0.0002520918430128486,-0.026271191106653036,0.02710721522231036,0.07269307642129016,0
-0.00015079433423705014,-0.025841698981112122,0.017380798417158137,0.07740988060531176,0
-0.00020914247220834835,-0.025404019820213567,0.0273047302664073,0.08209676794508965,0
-0.00018254394220850443,-0.02419261301903027,0.03162735358000738,0.09523014379115388,0
-0.00023409988268237886,-0.025010370859892685,0.03432925032578345,0.08630505377611097,0
-0.000158742828168693,-0.024585447236046925,0.02460283352063123,0.09102185796013255,0
0.0,-0.030274025523500597,0.000320609337045275,0.02958848303165773,0
-0.00016160210438920234,-0.029653548331156306,0.00757268897645163,0.036253279019020174,0
-0.00015412819344160793,-0.028931584029354338,0.008628466711545843,0.04402456347638592,0
0.0,-0.028487271980619438,0.00029497011824434637,0.048821749768099484,0
-0.00012422801779998804,-0.028039979936755083,0.008615641923796014,0.05364115198989454,0
-0.00010234735042972338,-0.02715350353455869,0.00873271435177786,0.0632222636815602,0
-0.00022124833320776366,-0.027594875245481605,0.017066210945079353,0.05842507738984663,0
-0.00029905826835829,-0.027281289858351463,0.025407831022939763,0.06177411655048512,0
-0.00022343646681942196,-0.024202415645294763,0.040253535055338574,0.09501118105459047,0
-0.0001404566593954954,-0.022533553040301548,0.035477737840307465,0.11330112609170755,0
-0.00019358128668429814,-0.02336959732535287,0.042178727185488624,0.1040466722048673,0
-0.0001741964259259257,-0.02255552763366569,0.046306832990229724,0.11284590995693083,0
-0.00012602472901381101,-0.021082344465265208,0.04592409779414054,0.12899202263458803,0
-9.648041238597666e-05,-0.019246645941396544,0.05570833848093011,0.14885189603744708,0
-0.0001110465457083131,-0.020165532570743248,0.05081621813753533,0.13892195933601756,0
-0.00014144881008407468,-0.02099383968443421,0.055983108048240644,0.12964653335005302,0
-0.00012163992017495031,-0.020069285387703528,0.06087522839163543,0.13957647005148255,0
-0.00010572666080667785,-0.019245958656623666,0.06567718726369356,0.14836137431630264,0
-8.152636618679168e-05,-0.01796832294130806,0.06910878210944603,0.16215763875325712,0
-8.961774179906485e-05,-0.01861161153623187,0.06240856029518807,0.1555047673953521,0
-9.553462936632201e-05,-0.018602149466136673,0.07237740907795151,0.15501424567420766,0
-8.084774968290756e-05,-0.017768902189519535,0.07673417217247047,0.16379418916786803,0
-5.5767209147932456e-05,-0.016265101998385382,0.07209935424807169,0.18066965022253248,0
-5.543516856063296e-05,-0.01607874737590782,0.0822320421168039,0.1816827992405217,0
-6.677256549394517e-05,-0.01690751096581647,0.07822945824178332,0.17305019490250573,0
-6.771147968721964e-05,-0.01711612745299657,0.07060406817875886,0.1714136444878948,0
-0.00016030875611044055,-0.023362130549429497,0.03355254571015742,0.10426563494143071,0
-0.00016039554472646535,-0.021825476247876376,0.051530012967146266,0.12069135822837107,0
-0.00013436856135786953,-0.021808720958872353,0.040700917817224,0.1211465743631478,0
-3.96090077294012e-05,-0.014759735171924951,0.083676824034262,0.19586769440538568,0
-4.759649506312405e-05,-0.015519861221520818,0.07788808914116685,0.18826867231395908,0
-4.616108128987815e-05,-0.015315785179143789,0.08802077700989908,0.1892818213319483,0
-3.690784276339822e-05,-0.014480887316105048,0.09187487693073709,0.19773280795572767,0
-2.3999635990543214e-05,-0.013137436075555066,0.08653175417530205,0.21316330405302464,0
-2.2416434491904593e-05,-0.012939270807495622,0.09639007894989277,0.2134083340568917,0
-1.7546387380992583e-05,-0.01234475505964075,0.09352688940768583,0.2203618595024962,0
-1.0558641323209761e-05,-0.011511329999369513,0.08072642752280706,0.23282905086974112,0
-1.6869833411482876e-05,-0.012307549745759705,0.08362909084905457,0.2229961774613829,0
-1.098184471792587e-05,-0.011509641359861272,0.09062422608143833,0.23019473291085443,0
0.0,-0.010000000000000078,0.09575918340417744,0.2453582788435678,0
-5.529585262409666e-06,-0.010780014669330273,0.08824280546349225,0.23909366485665445,0
-5.365417474134825e-06,-0.01074159651985797,0.09814060402212352,0.23645934689776776,0
0.0,-0.010000000000000024,0.10516649797603586,0.24212492932737667,0
-2.8774947076796686e-05,-0.0136512270097717,0.09330234200125712,0.20638061277954717,0
-3.139358011615833e-05,-0.013948872084790905,0.08510428910478203,0.20451549922920514,0
0.0,-0.025821585005203436,0.0002564957549948614,0.0776714518145073,0
0.0,-0.024056782601574293,0.0002308461794952048,0.0969045182931783,0
0.0,-0.02493771134390907,0.00024367096724503312,0.0872879850538428,0
-7.022273684054188e-05,-0.02540001209456331,0.008917404608124969,0.08224251197180926,0
-5.764848771606797e-05,-0.02451729991311552,0.00890457982037514,0.09185904521114477,0
-8.361863425439088e-05,-0.023272920110113615,0.01700609689086563,0.10542722755544824,0
-5.726637800474014e-05,-0.021571134179559307,0.016917115910131994,0.12417649201866783,0
-0.0001165525956995347,-0.022905396039960862,0.026241917365586547,0.1093641768235779,0
-6.916162598385595e-05,-0.022419910712319205,0.016961606400498812,0.11480185978705804,0
-9.659825668571503e-05,-0.022052545651383103,0.02619742687521973,0.11873880905518769,0
-8.812443770549561e-05,-0.020936422337380446,0.030987519363392953,0.13098306595899759,0
-0.00011155473027649612,-0.02173263999604436,0.03323262860185021,0.12214209602535256,0
-7.4636197407109e-05,-0.02125545609628056,0.023952317636762473,0.12757977898883271,0
0.0,-0.026708001001985157,0.00026932054274468977,0.0680548950480577,0
-8.339743660443409e-05,-0.02626583062442326,0.00871988956402803,0.0728388204480098,0
-4.6237856131305834e-05,-0.02366608204803382,0.008618471535180416,0.10116587292431327,0
-0.00010249124176829444,-0.024123196110686404,0.017292205176060352,0.09612039984227974,0
-0.00013019867864496462,-0.023732685702190406,0.024316725235436504,0.10032868567330105,0
-0.00010788826754796417,-0.0210104935210272,0.03845580857876675,0.12998754429679282,0
-7.275379327406711e-05,-0.01961598231153889,0.03474458256497529,0.14557751967836147,0
-6.139906649496317e-05,-0.018271048165426483,0.0407303418250178,0.16044931954420058,0
-6.714757514479068e-05,-0.018942957794555338,0.037737462194996546,0.153013419611281,0
-7.829885644247808e-05,-0.018756428844933556,0.04821934015297395,0.15465060779082385,0
-6.310393347743872e-05,-0.017426551663186338,0.05469422224092408,0.1691610197063325,0
-4.138785842838593e-05,-0.015822426346762026,0.05264566800315816,0.18753317257246846,0
-3.406826211287291e-05,-0.014520072319632786,0.06767944240188747,0.20074542155214647,0
-1.93156412273435e-05,-0.012916936039033525,0.06514782305862621,0.219787447865622,0
-8.013570019630699e-06,-0.01137234722219162,0.06206785181976673,0.23944619079040205,0
0.0,-0.010000000000000089,0.07712564843458453,0.2523349054079747,0
-4.326843491072163e-06,-0.010702993442128963,0.06959675012717563,0.24589054809918837,0
-9.368382130699751e-06,-0.011443048018963457,0.0713971396712869,0.2361376208300716,0
-4.926511817194959e-06,-0.010734304259241476,0.0789260379786958,0.2425819781388579,0
0.0,-0.010000000000000026,0.08644241591938098,0.24884659212577126,0
-9.70140753610353e-05,-0.02034583640251891,0.04033434017955792,0.13728477115647475,0
-8.686011602920376e-05,-0.01943576498094572,0.045226460522952705,0.14721470785790428,0
-8.024691996157293e-05,-0.020275162689104387,0.03286605096418412,0.13828029281867954,0
-7.254949131798464e-05,-0.01769601616710416,0.06190150217518506,0.16565932922979482,0
-7.820800460802541e-05,-0.01833267467419337,0.0552012803609271,0.15900645787188977,0
-6.318400651076575e-05,-0.017852694420989905,0.04771228203297094,0.16480516962526653,0
-6.038117975799967e-05,-0.01685394668021738,0.06339678824449789,0.17491533496443248,0
-5.132076029844915e-05,-0.0166191536158812,0.053669945122041124,0.17834709613940047,0
-4.90428632584469e-05,-0.01604293205280978,0.06237251112561493,0.18410141139750047,0
-3.8244090421338286e-05,-0.015180118483772946,0.06016255520252282,0.19413929706230748,0
-4.40045047386538e-05,-0.015384112319248845,0.06988939832497959,0.19070753588733946,0
-3.717190224295903e-05,-0.014638550351819506,0.07567813321807473,0.19830655797876606,0
-2.9514035635395265e-05,-0.01384640674022735,0.07710559828859476,0.20695436280258556,0
-2.6147173334933753e-05,-0.013708630465746894,0.06641363273025684,0.21026643470888423,0
-2.2000383276172796e-05,-0.01302563588232282,0.07583978861696414,0.2164753759593233,0
-1.5250129113569321e-05,-0.012230938985021164,0.07293712529071664,0.22630824936768157,0
-1.3229710756668837e-05,-0.012128878897627777,0.06360783743919647,0.22961681932801203,0
0.0,-0.022305850566098254,0.0002051966039955481,0.11613754950215444,0
0.0,-0.020574065624977243,0.0001795470284958913,0.13537054530001275,0
0.0,-0.021437154712435597,0.00019237181624571972,0.1257540474010836,0
-3.145617087003952e-05,-0.021940216099841082,0.008561156257063772,0.12015702076041113,0
-2.5963545057110278e-05,-0.021073414794457877,0.008548331469313943,0.12977351865934028,0
-4.104036639158756e-05,-0.019951378912876107,0.017370504525376723,0.14222176236593254,0
-3.299546255062596e-05,-0.018143558398614174,0.02124036370214796,0.16261950460586447,0
-4.1304102483608943e-05,-0.01691884606779533,0.03726417954786261,0.17603668199481926,0
-3.861958089640872e-05,-0.017535370276325474,0.029252271625005287,0.16932809330034188,0
-5.0509725593534686e-05,-0.017590972771472,0.0389972606864402,0.16824300076950993,0
-4.773866068725628e-05,-0.018211332258916843,0.030985352763582878,0.16153441207503252,0
-5.071341931160836e-05,-0.018876064051090977,0.027992473133561624,0.15409851214211295,0
-5.829058633745734e-05,-0.01978694130521336,0.026057543545176007,0.143899641022147,0
-3.705316913138331e-05,-0.019043510089601635,0.019305434113762343,0.15242063348589852,0
0.0,-0.023179292996241874,0.00021802139174537645,0.10652103389766637,0
-3.8092985432347634e-05,-0.022790060568761657,0.00860564674743059,0.11078238852880135,0
-2.2293792630009633e-05,-0.020265371403559912,0.008775025776936307,0.13879615383297264,0
-4.85116596269762e-05,-0.020758607470529575,0.01714381021775436,0.13319912719230018,0
-6.292592414735444e-05,-0.020443304128907682,0.024179011944384838,0.13660241416246505,0
-5.230740780735201e-05,-0.017173203531486127,0.04597920089439335,0.17259885085057586,0
-4.223913550666837e-05,-0.016376799590190994,0.044954923775510386,0.18178492728364387,0
-2.5594118867707285e-05,-0.015343696089051964,0.034500915667181636,0.19465658299206473,0
-3.2697325064381664e-05,-0.016124142295118972,0.035882547607522124,0.185346632493442,0
-3.3497759734418925e-05,-0.015584539968877358,0.0435732918351699,0.19109487778226658,0
-2.508993674135567e-05,-0.014203505639663763,0.05000981734362807,0.20676847372197382,0
-1.3330344572817349e-05,-0.012626065287694983,0.047474278573444294,0.22651006657552147,0
-1.6372695570600424e-05,-0.01277327740167057,0.056311050816035255,0.22314875722057173,0
-1.103858681305353e-05,-0.012010834271603047,0.05477106519660551,0.23297812868296175,0
-5.197529964525627e-06,-0.011209365760411656,0.04426859735205773,0.24579328178761733,0
-8.884679152329813e-06,-0.011901446083857911,0.04587143796275101,0.2361516741815694,0
-6.6221438730344724e-06,-0.01129688969351314,0.05316822458591223,0.24261973628900968,0
0.0,-0.010000000000000092,0.05839992016843357,0.2590574362984617,0
-3.6173453383683467e-06,-0.010662169168907935,0.06023388599410015,0.24925181354443188,0
0.0,-0.010000000000000002,0.06776278430150905,0.25569617085321816,0
-3.2527813989070445e-05,-0.01500425956733481,0.051327742673393115,0.19715082314722115,0
-2.9772890061593068e-05,-0.014362505432321308,0.05884462987275777,0.20375694763706015,0
-2.2651445397563938e-05,-0.013571171253616126,0.05757882020112714,0.2132779607937979,0
-1.8698822283654568e-05,-0.013402147787048773,0.04874204795853618,0.21663927014874765,0
-2.60379574619744e-05,-0.014781369894250862,0.04225536650540485,0.20071252835701928,0
-2.8915163692315773e-06,-0.010612633208349933,0.05133425876024565,0.25242535904303953,0
0.0,-0.01886884175948713,0.0001538974529963768,0.15460350987196128,0
0.0,-0.01720030534916303,0.0001282478774970048,0.17383642359368318,0
-1.8290346405717885e-05,-0.018511914652275537,0.010697130577572168,0.15861150723891287,0
-1.5005720621164111e-05,-0.017675535425434184,0.010684305789822482,0.1682279640997738,0
0.0,-0.01802924332673423,0.0001410726652466908,0.16421996673282224,0
0.0,-0.019717569360927816,0.00016672224074613405,0.14498702758598703,0
-1.8393410751594387e-05,-0.01941101130770873,0.00876220098918655,0.1484126361189469,0
-1.8140512486704586e-05,-0.016341107285598913,0.018086060826470646,0.18366122428339274,0
-2.464174852336579e-05,-0.017234771323490487,0.019663212264309303,0.1731403644446286,0
-1.025839613240823e-05,-0.016775637224072028,0.009107154351983825,0.17874882393853797,0
-2.9391963703256234e-05,-0.016632986968310563,0.027675120187166627,0.17984895313910598,0
-2.2851205984842266e-05,-0.015848354580477245,0.02629348824682614,0.18915890363772875,0
-1.0883482410486546e-05,-0.014739386828401205,0.016923238840079076,0.20302490476072746,0
-1.7882988843269395e-05,-0.015044467143054564,0.025712077253630356,0.1988407438763961,0
-1.4152850297687606e-05,-0.0155317695179117,0.017504649833274863,0.1933430645220601,0
-1.4812492589651148e-05,-0.0137347450303505,0.03275623387210688,0.21443430177596307,0
-7.504796052389056e-06,-0.012283187399545314,0.030483415708733953,0.2334602991735344,0
-1.0810875627734748e-05,-0.012996050043693894,0.031619824790420414,0.22394730047474873,0
-1.0332855568283697e-05,-0.0124589858351206,0.038978847141089124,0.22998518287452793,0
-1.4560351247576615e-05,-0.013188628479508595,0.04011525622277559,0.22047218417574227,0
-1.9846221866428962e-05,-0.01397101858820873,0.041383025607867475,0.21060138774896844,0
-1.9699896831632543e-05,-0.014528817676136743,0.03362857476964426,0.2045454423840139,0
-1.3538913727322e-05,-0.014243735157821572,0.02483973635609298,0.20872960326834528,0
-6.705905611249981e-06,-0.01175371483973295,0.03737600653039584,0.23962679048057586,0
-2.753974943076071e-06,-0.011040769510566102,0.0271975700687733,0.251261445824606,0
0.0,-0.01000000000000009,0.03933926684023236,0.2647487516262761,0
-1.6008755470839311e-06,-0.010519566163139005,0.03326841845450283,0.2580050987254411,0
-3.952813747454461e-06,-0.011134463026935172,0.03573308371041552,0.24852736380611168,0
-2.249029986691394e-06,-0.010580897804097395,0.041803932096145045,0.25527101670694674,0
0.0,-0.010000000000000012,0.04886959350433297,0.2619030939623689,0
-4.868804003175279e-06,-0.01164792179281186,0.02884049288875363,0.2423608724990702,0
0.0,-0.015581533357902822,0.0001025983019976328,0.19306928322676756,0
-8.301731379389166e-06,-0.01596524502095379,0.00909432956423414,0.18836525375508015,0
0.0,-0.016383712162683032,0.00011542308974731881,0.18345285341022538,0
-6.226744775714885e-06,-0.015165842291840374,0.008512918571038355,0.1980470939937475,0
0.0,-0.014029396506067939,7.694872649826076e-05,0.2123020889710523,0
-6.367842634066987e-06,-0.01324949981925173,0.016496480827392895,0.2219099388540524,0
-3.722312302508055e-06,-0.013645994258903331,0.008286714776945578,0.21710601391255235,0
-8.436597668501694e-06,-0.013984022064541997,0.016709859833735984,0.21246742180738992,0
-4.913445371624403e-06,-0.014388824048258734,0.008500093783288669,0.20766349686588986,0
0.0,-0.014795950799638795,8.977351424794678e-05,0.2026856860989099,0
-1.0361639532463741e-05,-0.013496122078374504,0.02462635734974989,0.21817212031500774,0
-7.375550293740247e-06,-0.012771734786209491,0.023489948268063422,0.2276851190137934,0
-2.874003592334502e-06,-0.011856845539211373,0.014707287122928826,0.24085287163878283,0
-1.0356490136477664e-06,-0.010828092045595901,0.013083079170368571,0.2560099219721435,0
0.0,-0.01000000000000012,0.01983317706159195,0.2686185893768014,0
-1.0881241306508746e-06,-0.010500396565259676,0.023515373565182626,0.25994001760070373,0
0.0,-0.010000000000000009,0.029586221950912157,0.26668367050153874,0
-5.009046638261195e-06,-0.01207533047091284,0.02259535141583139,0.2371565854061586,0
-4.426379702185025e-06,-0.01253964253176195,0.01560188397516086,0.23138140524641762,0
-3.0843538563478226e-06,-0.011453394076825257,0.020952428595851065,0.24605715873169443,0
-1.8576367718830154e-06,-0.01133235567073204,0.013895183146648699,0.24843139680546317,0
-1.8345470551996513e-06,-0.01094224307330737,0.020140324619570937,0.25363568389837476,0
-6.131689715406971e-07,-0.010405933024064251,0.016458128115980263,0.2623142556744724,0
0.0,-0.012564071776795919,5.129915099888874e-05,0.23153482270801629,0
-2.782223632125303e-06,-0.012911905292578803,0.008273889989195891,0.22672238078103435,0
0.0,-0.013284497876393875,6.412393874857475e-05,0.2219184558395343,0
-1.7763499068836756e-06,-0.012216287953075604,0.007379293136963857,0.23619384717339956,0
0.0,-0.011208179293141671,2.564957549951444e-05,0.25076748887476097,0
-1.1548490409044067e-06,-0.011536689274089003,0.007366468349214171,0.2458101802567719,0
0.0,-0.011870976977787323,3.847436324920159e-05,0.24115115579138863,0
-6.530184244918773e-07,-0.011025506635870114,0.006554364372934043,0.25338870542345227,0
0.0,-0.01000000000000007,0.0,0.27,0
-2.420236289685936e-07,-0.010405476722664038,0.0065415395851842854,0.26300496098607173,0
0.0,-0.010000000000000002,0.009916588530795975,0.2693092946884007,0
0.0,-0.010580650520645019,1.282478774975722e-05,0.2603837444373805,0
