"f:0","f:1",":0",":1",":2"
7.860465750519908e-20,-0.04033837713222313,1.0,0.08730750605267701,0
0.00026768381654010767,-0.0407143075392362,0.9826768111800354,0.0852676263350329,0
4.583295277593019e-19,-0.04215696295883639,1.0,0.07769211062668889,0
2.9536038870757457e-19,-0.03852585627740664,1.0,0.09692290147866511,0
0.00012096704263930987,-0.039621004132952796,0.9913384055900176,0.09109526390684901,0
0.00014716679861635155,-0.04143767936343133,0.9913384055900176,0.08147986848086089,0
0.0006601088484169557,-0.042999137886088584,0.9640498103697439,0.07307588429647503,0
0.0003821595874077488,-0.04423963597872486,0.9832128423057003,0.0666783043776961,0
0.0005423999077733587,-0.04362173800500471,0.9736313263377221,0.06987709433708557,0
0.0003192991460700433,-0.042474755107869834,0.9829448267428678,0.0759729653563645,0
0.00045192220058987376,-0.041856725991403755,0.9733633107748896,0.07917175531575396,0
0.0004251385847423172,-0.03959063408201586,0.9672197167358756,0.0910781172088553,0
0.0005300556602588503,-0.04129256698884982,0.9656347635528097,0.08207700075266516,0
0.0003561479806725495,-0.04015456317330273,0.9749482639579554,0.0881728717719441,0
0.00020077859768063863,-0.03673950397700476,0.97997569173136,0.10634183100198,0
0.0003020498006640587,-0.03816283794447311,0.9735977042336178,0.09870997410541765,0
0.0002323130950986751,-0.038723332158161886,0.9813262514556977,0.09580472866850645,0
0.00011272377546585113,-0.03763650948065314,0.98998784586568,0.10163236624032256,0
1.9789866021412654e-19,-0.03492332135096954,1.0,0.11615369200144364,0
0.0,-0.03672043115954966,1.0,0.10653829674005438,0
9.294263751431229e-05,-0.03583423980406488,0.98998784586568,0.11124776150171181,0
0.00017310910951398725,-0.043199066836453776,0.9916064211528501,0.0721852075021925,0
5.563312397566246e-19,-0.04580917335460061,1.0,0.05846131939670362,0
2.439454888092385e-20,-0.04398077609439459,1.0,0.06807671501169625,0
0.00021228952299308964,-0.04502578137998285,0.9916064211528501,0.06256981188719986,0
0.000979151290362639,-0.04375417712072094,0.9421707532376494,0.06887531796996262,0
0.0012345500717861045,-0.047099996554648624,0.9535704934698864,0.051471072446734656,0
0.0011057303933385732,-0.04542785657573621,0.9478706233537679,0.060173195208348636,0
0.0009128982607476358,-0.04504694233373126,0.9588101519198151,0.062273478371604844,0
0.0008354290103226174,-0.04337778790370478,0.9531102818036967,0.07097560113321882,0
0.0006150632521036637,-0.04009702436168322,0.9503532480677347,0.08818244987617996,0
0.0007798373175816664,-0.041922827782934324,0.9462620006526921,0.07852888392307128,0
0.0006465484553552423,-0.04154972163982275,0.9572015292187392,0.0806291670863275,0
0.0005254357096936207,-0.03984500938177693,0.9587864824018051,0.08963028354251762,0
0.000374132287704903,-0.036779628963969156,0.9597423909443538,0.10585491693718362,0
0.00023535331477727848,-0.033728443866819134,0.9661342620041666,0.12222394210096725,0
0.00022554792054501238,-0.035235789324657124,0.9730549768677633,0.11428288655147362,0
0.0002981014525173104,-0.03525015267206693,0.9629383264742601,0.11403942951907543,0
0.00029307013753999484,-0.036763386082301674,0.9698590413378569,0.1060983739695818,0
0.0004010425429356446,-0.038185113761800185,0.9634810538401146,0.09846651707301945,0
0.0004833981922190421,-0.038434679111104326,0.9550478195060442,0.0970186834066818,0
0.0008139815125720016,-0.04631761409796743,0.9701509192604016,0.0556940615502402,0
0.0005577148294537318,-0.047636072535962415,0.9833456673391987,0.048845923512522635,0
0.000704690877021243,-0.04697759563858635,0.9767482932998002,0.05226999253138141,0
0.0005834023648846394,-0.04527845769904937,0.976681880783051,0.06118618296396815,0
0.0007347801856996354,-0.04465765523864118,0.9671003648150728,0.06438497292335761,0
0.0010337479016952296,-0.04670946715252754,0.9618607063651441,0.05358256699848743,0
0.0002556184016150771,-0.046723474387426085,0.9916728336695994,0.053653621454613123,0
6.839791049078475e-19,-0.04947798502442663,1.0,0.0392305276283417,0
5.421010862427527e-21,-0.04764168104427938,1.0,0.04884592351252266,0
0.00031672163520249743,-0.04855798955589835,0.9916728336695994,0.04403822557043217,0
0.0004608002834654118,-0.045936212493188404,0.9832792548224495,0.05776211394510937,0
0.0001072167862455127,-0.03291200175458206,0.9840566615434033,0.12689162127698553,0
0.00017121351524941242,-0.03332329594246503,0.975095461773785,0.12455778168897638,0
0.00014769803065521763,-0.034819940865448276,0.9820161766373816,0.11661672613948276,0
6.0470266846666395e-05,-0.033920318433429554,0.9920283307717017,0.12152265663921458,0
1.1113072267976422e-19,-0.03136012149029922,1.0,0.13538448221387991,0
-1.626303258728257e-20,-0.03313596172741755,1.0,0.12576908710766177,0
4.989717129432596e-05,-0.032138514052035494,0.9920283307717017,0.13113805174543272,0
0.0015786212432966893,-0.04793934260658859,0.9339409969344765,0.04690335013845375,0
0.001083147969660241,-0.04396729907034063,0.9223277825632283,0.06750724381830243,0
0.0013122019979762015,-0.045954860570722865,0.9281343897488524,0.05720529697837809,0
0.0010504833692510634,-0.04386113320180257,0.9322492679004388,0.06819128089413252,0
0.001250115771663963,-0.04584475629682324,0.938055875086063,0.05788933405420818,0
0.0014309102162798903,-0.04751992551529671,0.9437557452021814,0.04918721129259421,0
0.002042032726953204,-0.05108591217931119,0.946812980126201,0.030578126431281025,0
0.0012976766422550076,-0.050013342292052475,0.9684680914913317,0.03633332242206242,0
0.0012889091260312503,-0.04855715351200176,0.9610192924806091,0.043902197434398535,0
0.0017053269859281749,-0.05055050220136729,0.9576405358087663,0.033455724426671725,0
0.0015943993868827863,-0.049091746559125335,0.9501917367980437,0.04102459943900784,0
0.0018040646720458744,-0.04951324844178428,0.9403769885303388,0.03874073828486739,0
0.000741366840383528,-0.04035866281675509,0.9310186391537626,0.08649137333066842,0
0.0006898757268402935,-0.040228793848704446,0.9406859436107486,0.08733691160342419,0
0.0008560239515489155,-0.04205814779190223,0.936594696195706,0.07768334565031551,0
0.0009005346933514258,-0.04216061880664611,0.9266732108584954,0.07699930857448542,0
0.001025485659442976,-0.04816402018051499,0.9693095053758667,0.04601369198615131,0
0.0009001913295181845,-0.04882481386225768,0.9759068794152652,0.04258962296729253,0
0.0006970868481347877,-0.050600507331194755,0.9854964149849017,0.033340338016956406,0
0.0006231650753869423,-0.04911721558778143,0.9844210411620502,0.04109313076473952,0
0.0010309207412727203,-0.050308021151261734,0.9769822532381167,0.03483683021950941,0
0.0004977992252410806,-0.036966590215890896,0.9397907468867706,0.10446498780081673,0
0.0005565342024214027,-0.03853360154233176,0.9450719974772526,0.09632371883849834,0
0.0006104343863725503,-0.03865916522664583,0.9354046930202666,0.09547818056574257,0
0.00044376001062019913,-0.036875351016634646,0.9497665689155621,0.10515995236900016,0
0.0003244207719304133,-0.03365652439029997,0.9481661487517011,0.12217117073802332,0
0.0002092216245560659,-0.030604870516893874,0.9560249479283097,0.13871436107706622,0
0.00015257674814515702,-0.031093070896545574,0.9715050194287272,0.13651306292018223,0
7.254236958322891e-05,-0.029485698465629054,0.9843801158607033,0.145499150758824,0
0.00011034403841943056,-0.030289272907230894,0.9779425676447153,0.1410061068395031,0
0.0001336906553640275,-0.032005102584623066,0.9777808404860653,0.1317023420985839,0
8.826024838315344e-05,-0.03119255872815174,0.9842183887020532,0.13619538601790476,0
4.061282107798608e-05,-0.03042654680518996,0.9921900579303516,0.14044181648635196,0
8.459741560702327e-20,-0.027851554764650923,1.0,0.1546152721184078,0
8.809142651444724e-21,-0.029597867391868767,1.0,0.14499987716614388,0
3.3485210217490796e-05,-0.02867151675151667,0.9921900579303516,0.1500572114386159,0
0.000403789644175382,-0.03530677022145038,0.9439784478192359,0.11331807926942003,0
0.0003517880643503751,-0.035220400709308625,0.9539542698480274,0.11401304383760347,0
0.00028426745268439945,-0.033695945789992174,0.9571502053779339,0.12219755641949528,0
0.0002618703019329333,-0.0321249718923647,0.9520955483400054,0.13044276590754478,0
0.00022416343238161615,-0.0321679648351689,0.9610796049662382,0.13046915158901673,0
0.0001836406122954316,-0.030853418654101336,0.9637649836785185,0.1376137119986242,0
0.00019033660843473132,-0.03240695423098183,0.9688196407164469,0.12936850251057475,0
0.0003309170650678393,-0.050040127626230765,0.9927482074924509,0.03628543282264905,0
1.1384122811097797e-18,-0.05316196717028999,1.0,0.01999973419016237,0
0.00041880941243070224,-0.05188123382384091,0.9927482074924509,0.026670036103559388,0
-4.336808689942017e-20,-0.051318019538048154,1.0,0.029615130909252035,0
0.0014624563834275213,-0.04720220231194526,0.9134744258284142,0.05054414181055309,0
0.0023353506724012913,-0.05176011663301565,0.9244157634625042,0.026881044635834007,0
0.0018517394124227132,-0.04948263566702049,0.9189450946454591,0.03871259322319355,0
0.0019354643276528216,-0.04984883590727931,0.9291783801984903,0.03689219738714388,0
0.0015463987493055556,-0.04757132922124289,0.9237077113814454,0.04872374597450342,0
0.0012651841249571054,-0.04558349726016969,0.9179011041958213,0.059025692814427766,0
0.0010159584894526704,-0.04398997439976531,0.9022948869172995,0.0671278326009033,0
0.0007631204332052772,-0.04055711003872449,0.9110669943239202,0.08510144729595803,0
0.0008849779244929104,-0.04227191416437206,0.9066809406206099,0.07611463994843067,0
0.0010675919669825324,-0.04397834145857119,0.9123113347402639,0.06731753820960287,0
0.0012239080123883047,-0.04559780567349245,0.9078846563728569,0.05883598720572819,0
0.002243944285788495,-0.05142296912276403,0.9356143717943526,0.028729585533557516,0
0.0032709650100494403,-0.05519884074202436,0.9416183308015643,0.009063288705704596,0
0.002780532035205059,-0.05348001625876548,0.9330170471320343,0.017972166670769302,0
0.0025961800527949767,-0.0531421831409645,0.9442156554638826,0.019820707568492812,0
0.0024735503222071006,-0.054136669683192286,0.9606731391995879,0.014751636264899767,0
0.0013364570673224587,-0.05341782489102376,0.9801731822822924,0.018619196767308957,0
0.0019519011811622395,-0.05377853453474904,0.9704231607409401,0.016685416516104362,0
0.0013443819645891318,-0.05171460016895863,0.974320636886812,0.02747625959468569,0
0.0018059609346023956,-0.05207421702705297,0.9645706153454598,0.025542479343481094,0
0.0022649932195762616,-0.05261108203555689,0.9537430596628944,0.022664881348090395,0
0.0029338743562940515,-0.05466796890410056,0.9511457350005761,0.011907462485302181,0
0.0009130372975291372,-0.042264617609862845,0.9166973884435743,0.07630434555713023,0
0.000765871586109882,-0.040457808649339545,0.9210428167388414,0.08579641031331323,0
0.000551589772992491,-0.03714176340597029,0.9198391027964504,0.1030750589437035,0
0.0006517776595349365,-0.0388466290788523,0.9154530485601853,0.09408825311983077,0
0.0006425355930614092,-0.03875314899808689,0.9254288709751065,0.09478321613718596,0
0.0005341732693558693,-0.037054864219692625,0.9298149248416105,0.10377002337226011,0
0.0003845930716037883,-0.033755233542879466,0.928611210806347,0.12104867332873204,0
0.0003606015521896415,-0.03370788973535653,0.9383886797790241,0.12160992203337767,0
0.00044004096090143963,-0.03536448088262807,0.9342009788465588,0.11275683056477438,0
0.00046263967600168,-0.03544403659287851,0.9242251568013987,0.11206186613621777,0
0.0009758440477622331,-0.05200846507102361,0.982834798633597,0.02597976739213268,0
0.0006863098009827584,-0.05329210329468917,0.9900865911411463,0.019309465478735664,0
0.00026069372704397753,-0.030472342775544115,0.9370988638173243,0.13869474618275002,0
0.000166636272863958,-0.027134912160778804,0.9461554270419014,0.15699590319312973,0
0.00011851735384927358,-0.027522295741322526,0.966796153913696,0.15582342488772122,0
0.00013503549095674456,-0.02930290361511013,0.9691505866712116,0.14616824390395172,0
9.991489721308615e-05,-0.02851189371700795,0.9755881348871996,0.1506612878232726,0
5.105952348806798e-05,-0.026093552431899612,0.9839135025400274,0.16423066687974985,0
6.093188155260434e-05,-0.027781111732917026,0.9841468092003653,0.15486490881928694,0
8.337359449648767e-05,-0.026810479047433715,0.9753548282268617,0.16002704588373554,0
0.0002928524734710379,-0.03206838782887209,0.9426325062845127,0.13043295846038666,0
0.00023891524436787392,-0.03054290088605244,0.946561905872817,0.13870455362990813,0
0.00020969316581804018,-0.028793781021600313,0.9416271454296128,0.14784532468793987,0
0.00018818233523703717,-0.028872408719204462,0.9510901874851055,0.147855132135098,0
0.0001457523952002079,-0.027338014323423893,0.9564757904777987,0.15640966404042547,0
0.00015953211242603955,-0.029055253640294973,0.9614105509210029,0.1472688929823937,0
0.00031806190748271085,-0.03210743959286772,0.9328550373118356,0.12987170975574103,0
2.851665641477593e-05,-0.026978175626068805,0.9919567512700137,0.15942296949907883,0
5.552300969251938e-20,-0.024418225064019815,1.0,0.17384606164109223,0
-4.404571325722362e-21,-0.026123954686648,1.0,0.16423066687975002,0
2.3399392380545608e-05,-0.0252598979772602,0.9919567512700137,0.16903836426042104,0
0.0018886519850458586,-0.05055345567277414,0.9034870979689351,0.03300603306908313,0
0.0021338265692758254,-0.05115702042621788,0.9139514307157197,0.029943538852458568,0
0.0016737795335517182,-0.04887701893246474,0.9084807618986747,0.041775087439818115,0
0.0012898206889742766,-0.047394671533646196,0.8935091126599655,0.04935041283212486,0
0.0008339953463655228,-0.04421381049165639,0.8823432424270683,0.06573790301672029,0
0.0006791906482500881,-0.040760888863156,0.8911153446083863,0.08371153966131244,0
0.0007574217484811467,-0.04248655807694017,0.8867292935177273,0.07472472133901636,0
0.0008352825792816298,-0.04237794848967243,0.896705115762843,0.07541968613110786,0
0.00073378152524452,-0.04065775712455637,0.9010911694661532,0.08440649347863524,0
0.0005280697978971094,-0.037317990088014535,0.8998874590085432,0.10168512890918416,0
0.0006020659079058254,-0.03903767099753587,0.8955014018084647,0.09269833428524829,0
0.0006380520376053318,-0.03894101513164889,0.9054772266662316,0.0933932881025711,0
0.0005494965751391779,-0.03722892907187647,0.9098632809024968,0.10238009392644383,0
0.0003945084223185043,-0.03389498145897637,0.9086595547648739,0.11965879202065925,0
0.0002839889806680057,-0.030506816359147718,0.9174316673621875,0.13763238906422223,0
0.0003362628171714543,-0.03219537585617371,0.9130456110635308,0.12864559054244074,0
0.000332370975380069,-0.03213681680190375,0.9230214390842673,0.12934053119647715,0
0.00039654505800684075,-0.03382490133997842,0.9186353827856104,0.12035373267469565,0
0.00046889552457693743,-0.035522967047450754,0.9142493287806621,0.11136692548218138,0
0.0004585941763418062,-0.035603199714525226,0.9042735068867085,0.1106719604649217,0
0.0011514883703701198,-0.04569149692506413,0.8979019997886325,0.058239122716514075,0
0.0009403656065896916,-0.0441006025126313,0.8923190646721839,0.0664328678088118,0
0.0010440803165987873,-0.04580599345789109,0.8879261775435169,0.05754415792442258,0
0.0013983255151660719,-0.04729774640406335,0.9034917692441898,0.049947277321338975,0
0.0015665930739617337,-0.048975259600286064,0.8984981053144503,0.041178222950604,0
0.003646756482390697,-0.05646032137997157,0.9228983907784287,0.0023436166930803685,0
0.0035206949559872984,-0.0558290687327097,0.9322583607899966,0.005703452699392483,0
0.00292790490662882,-0.0541106443686089,0.9236570771204664,0.014612330664457187,0
0.002664457145550612,-0.05401786940868168,0.9075449127421301,0.014987068879974037,0
0.0031348777420936664,-0.05523952801159093,0.9152216517602794,0.008665342786527202,0
0.0025337998567671097,-0.052888193882617396,0.9159803381023172,0.020934056757904024,0
0.0022454753082096052,-0.052286341980653926,0.9055160053555327,0.023996550974528585,0
0.0002770658316108731,-0.030491023005710938,0.927265265589756,0.13816356762348614,0
0.00019675275734746885,-0.0271748340746914,0.9262037815507725,0.1556059798162738,0
0.0001303998764356018,-0.023927642424616705,0.9349758909885058,0.17357958980802132,0
0.00010369653908058355,-0.02403243649279881,0.954499345194371,0.17445972251972072,0
0.00013236537457551236,-0.025571803130043425,0.9503273861181362,0.16572781285642524,0
0.00011901853364192079,-0.023987901521439956,0.9447376180914384,0.17401965616387102,0
0.00014873972242128238,-0.0255386119731064,0.9405656590152036,0.16528774650057554,0
0.00018485431805243896,-0.027158681579248008,0.936179604296337,0.15630094150470175,0
0.0001611702022878998,-0.025538567139395014,0.9305898362696392,0.16459278481214756,0
0.00022798121764503558,-0.028830201615475823,0.9316513226840484,0.1471503629995119,0
0.00023757352563554007,-0.028832182245845696,0.92181772445648,0.14661918444024802,0
0.00011278355650193631,-0.02578105541991245,0.9606477495540335,0.16514157370372096,0
7.334956123774907e-05,-0.024343542747392234,0.970809797630636,0.17361615064050034,0
3.4620375960359826e-05,-0.022705885473999703,0.9836281015889821,0.1834008502208879,0
5.2709431435894354e-05,-0.023523869451668605,0.977218949609809,0.1785085004306941,0
6.415750458463847e-05,-0.025223851314606104,0.9773616500853317,0.1689234087601251,0
4.2187358108925104e-05,-0.024387468105775502,0.9837708020645047,0.1738157585503189,0
1.9447863733486564e-05,-0.02357004692670817,0.991814050794491,0.17862345593099005,0
3.911174633946733e-20,-0.021087335323749415,1.0,0.19307685069276098,0
6.606856988583545e-21,-0.02273799390690864,1.0,0.1834614561669266,0
1.575656612288139e-05,-0.021902411326204282,0.991814050794491,0.18823885045682442,0
8.979243256085353e-05,-0.0241963586601604,0.9626545714125034,0.17403793658011052,0
9.362173112310503e-05,-0.02592285021542043,0.968802975772166,0.16471978776411078,0
0.0015047895055707511,-0.050463135108459796,0.8844836665828064,0.03334201952683194,0
0.0009665754997441521,-0.0476642290997229,0.8735688578553619,0.04779698335217566,0
0.0012161941702022625,-0.04906466981975402,0.8790262622190841,0.0405695014395038,0
0.0014027466821766798,-0.048928495334477656,0.8889963896213859,0.041346216179478396,0
0.00114568939409616,-0.0475282117449362,0.8835389852576636,0.04857369809215026,0
0.0009050908919579226,-0.04593881558278622,0.8779560501412151,0.05676744318444797,0
0.0005441668631591204,-0.044449352758359165,0.8623912190540242,0.06435341903335365,0
0.0005030533923124417,-0.0409783519480391,0.8711636027026313,0.0823227980193278,0
0.0007005394838876404,-0.04432971372912416,0.8723672307405462,0.06504566102503698,0
0.0005291666431490761,-0.04271399990685397,0.8667774108783277,0.07333810852634073,0
0.0006542717859976441,-0.04259844688897041,0.8767534225648498,0.07403035051802405,0
0.0006014101636475635,-0.04086742080084284,0.8811394736555087,0.08301716884032012,0
0.00043098463484927263,-0.0375078633261072,0.8799357746298189,0.1002953573566195,0
0.00046935130459945385,-0.039242627290181506,0.8755496886662251,0.09130907768797365,0
0.0005451875188879012,-0.039137859982989284,0.8855255596191025,0.09200344850896597,0
0.0004881123517879182,-0.03741048829625288,0.889911616819181,0.10099024313290184,0
0.0003490128121896205,-0.03404525212668484,0.8887078746967522,0.11826900533299925,0
0.00039027247348660094,-0.035774937493641405,0.8843218246632856,0.10928218134480938,0
0.00043209357205103906,-0.035686596242391365,0.8942976668526477,0.1099770671210917,0
0.0003785000852939575,-0.03396770639680356,0.8986837147308131,0.11896389867682924,0
0.0002697976781173607,-0.0306028215583116,0.8974800069753334,0.13624252636625173,0
0.00019976330759257467,-0.027200071033357535,0.9062521317026776,0.15421607511958,0
0.00023341380877487975,-0.028894901172251814,0.9018660693390055,0.14522930074291585,0
0.00023974459979868724,-0.028862369263007753,0.9118418995324326,0.1459242320919011,0
0.0002819101401720874,-0.030553001490052953,0.9074558371687604,0.13693745771523697,0
0.00032825320923281426,-0.03225573403714532,0.9030697808701036,0.1279506591934555,0
0.0003085395901270101,-0.032320502322510644,0.8930939408360428,0.1272557658496255,0
0.0017156467137362389,-0.05050768878301848,0.8939853822758708,0.033174026297957536,0
0.0021029551253288177,-0.05281330921758119,0.8941392865124466,0.021178382389872377,0
0.0017868056300911685,-0.05163881011599191,0.8893114765476264,0.02726020095835216,0
0.0020047505347278076,-0.05168298956479461,0.8988131922406908,0.027092207729477756,0
0.0023826206892375926,-0.05341568252462172,0.9008420996272883,0.018082725634923205,0
0.0024952914472499586,-0.05553017901275576,0.889821938522305,0.007007931918452339,0
0.0035711904807155977,-0.05777610904882423,0.9042709362244321,-0.0046309710751671965,0
0.0030984008208133343,-0.055897327757282206,0.9059079244832811,0.00517804890240342,0
0.0036672974231869316,-0.057117387570880515,0.9135846635014304,-0.001143677191043414,0
0.0007361258666976855,-0.0460583549381398,0.867980038454693,0.05607520119276466,0
0.00020181758498153784,-0.02718723487206092,0.9162279566267251,0.1549110274679269,0
0.0001412546285752999,-0.02386654721393186,0.9150242455382586,0.17218966742342046,0
9.431792381987823e-05,-0.02064347588762224,0.9237963554917318,0.19016327564635155,0
0.00011638731544752305,-0.022238175663366593,0.9194103005149952,0.181176471534886,0
0.00011213674927322815,-0.022297688841986754,0.9293861232401188,0.18187143272718642,0
0.0001382319008643382,-0.023900036246106465,0.9250000682633821,0.1728846286157209,0
0.00016804263428012067,-0.025531596484040728,0.9206140135445156,0.16389782361984712,0
0.00016902865807068114,-0.02552235575994722,0.9106381886204681,0.16320287127150024,0
0.0030073050848023492,-0.05665353705682356,0.8970464373733685,0.0011884804216425711,0
0.0026198230028234865,-0.05477318488793534,0.8986834256322176,0.010997500399213187,0
0.002297499792378396,-0.054171843183854027,0.8919806125173757,0.014093157154162358,0
8.154395311392489e-05,-0.020800522598533357,0.9437480001513313,0.19155320134914156,0
9.311330256471108e-05,-0.022422355266838185,0.9491236726728511,0.18300646193443115,0
0.00010400185616554759,-0.022346668340933802,0.9393619455699185,0.18256639557858145,0
8.94816111439886e-05,-0.020730133723623596,0.9337721778215315,0.19085823849774655,0
5.6236089682340034e-05,-0.020945482048712223,0.9651998839936177,0.19262766014436983,0
2.2294577135843887e-05,-0.01942815908488605,0.9835801273690142,0.20260727867609843,0
3.8223423321279096e-05,-0.020191344523725653,0.974390005681316,0.19761746941023411,0
2.7955428455951927e-05,-0.021050406748001776,0.9836041144789982,0.19300406444849316,0
4.763610329845635e-05,-0.021841584307927143,0.9744139927912998,0.18801425518262888,0
6.4813071350373e-05,-0.02263669061025656,0.9680048408121269,0.18312190539243509,0
7.7533044551852e-05,-0.022472091926037996,0.9598496145939943,0.1835436913320453,0
7.027401942521174e-05,-0.020888900473705164,0.9544739420724745,0.1920904307467557,0
1.2674349914187987e-05,-0.020268341882593785,0.9917900636845072,0.19784206468442972,0
2.61891999379189e-20,-0.017893290580551075,1.0,0.2123076392493953,0
1.6940658945086007e-21,-0.0194707664020847,1.0,0.20269224497107813,0
1.0013024208027957e-05,-0.01866859943838716,0.9917900636845072,0.20745745896274687,0
0.0010098518374682206,-0.05081642674234124,0.8646672034859744,0.03140438415010454,0
0.0012756653719624867,-0.05063864590553764,0.8745754350343904,0.032373201838468244,0
0.0009987776029608004,-0.049240325146980166,0.8691180306706681,0.0396006837511401,0
0.0005235169933146011,-0.04791847627640635,0.8536190475950568,0.046380711202547976,0
0.0007456083503585697,-0.04936827299805743,0.8591431255405155,0.03889254767632626,0
0.0007567854840454099,-0.04778981535092012,0.8635939527252093,0.04708884727736182,0
0.0005438948761989287,-0.04618436633202488,0.8580051333245404,0.05536706511795081,0
0.00018051773812777965,-0.04470290833382849,0.8424398168259919,0.06296000639120368,0
0.0003331085278721668,-0.04631181521420544,0.8480294322105244,0.05467035879687583,0
0.0003693168409976337,-0.044573966775978024,0.852415517940008,0.06365671271227866,0
0.0002570747603222209,-0.041216207521630355,0.8512118648642462,0.0809332993510163,0
0.00027291788089823745,-0.03772184288595545,0.8599840015845378,0.0989060544332083,0
0.0002707882184055185,-0.039469884726125545,0.8555979332243919,0.0899196768921123,0
0.00037696330244996407,-0.03935307337495314,0.8655738021435846,0.09061442622626806,0
0.00038715684466209856,-0.041094468716573,0.8611877337834387,0.08162804868517205,0
0.0003858642265750518,-0.042834639863763874,0.8568015419591352,0.07264335919218498,0
0.00022832122209724904,-0.04296060688640509,0.846825840845119,0.07194665287110999,0
0.0016670102506411704,-0.05341952377073575,0.8763266468378572,0.017931360581384337,0
0.0013153965968222521,-0.052118563802539035,0.8704969251619158,0.02466787236574444,0
0.0015949244014731188,-0.05194123770926494,0.8804051567103318,0.02563669005410814,0
0.001908371208670558,-0.05311563034047727,0.8852329666751519,0.01955487148562836,0
0.0020606520079512933,-0.054475191611359955,0.8830742926800811,0.012469646249918337,0
0.0019080536740758297,-0.05659797078485648,0.8712234228513188,0.0013753278295488118,0
0.0030514244549689137,-0.05900091152069184,0.8854629150718751,-0.01109720336321916,0
0.002446753013959535,-0.05779980500179133,0.878343168961597,-0.0048609377668351736,0
0.0022349264018879478,-0.05606324387141211,0.8805226806868118,0.004191629874000576,0
0.0027728089009391916,-0.05726580442499706,0.88764242679709,-0.0020446357223834104,0
0.0033609244419004446,-0.05838766692841087,0.8948669256481536,-0.007864087219193178,0
0.00035851362405064165,-0.03761130340459837,0.8699598881071784,0.0996007058949139,0
0.00025365481324417667,-0.03422246395155993,0.8687560850823854,0.11687964298682926,0
0.0003344638771121181,-0.03586976714845294,0.8743459298561022,0.10858750017172439,0
0.00026639409558713194,-0.03597244516177335,0.8643700433334616,0.10789284871001878,0
0.000306964967714987,-0.03412957700319442,0.8787319798895687,0.11757432415991426,0
0.00021705944197062595,-0.0307253350005482,0.8775282917950801,0.13485288553896158,0
0.00023668442966134234,-0.03247295632740332,0.8731421884387327,0.12586626426289543,0
0.00027770509127072714,-0.032392164182215966,0.8831180832459161,0.1265609454359804,0
0.000247967810850387,-0.030659306642153036,0.8875041493852067,0.13554770595260665,0
0.0001744502282944973,-0.027244431769211937,0.8863004753587727,0.1528261977045343,0
0.00013232754976096343,-0.023804944741179238,0.8950726001577545,0.1707997461879089,0
9.422156450769756e-05,-0.020467944556638785,0.9039774060315464,0.18868814580162102,0
9.59473384142023e-05,-0.020556664415925064,0.9138868807616392,0.18942571072398628,0
0.00011668297247400824,-0.022183803742604376,0.9095008257849024,0.18043890661252074,0
0.00011271605616107424,-0.022122554337099958,0.8995250030946504,0.17974394599476495,0
0.00013928733415070137,-0.02383281603314584,0.9050484228480065,0.1714947068056647,0
0.00016400650259321297,-0.02551587226840467,0.900662365930216,0.16250791065374445,0
0.00019056662632425795,-0.027217682490973574,0.8962763035307251,0.15352113641205714,0
0.00021870052050680284,-0.02893346409618697,0.8918902411670531,0.144534362035393,0
0.0001960057314085329,-0.028981593708090336,0.8819143835769263,0.14383954162174795,0
0.00015306534647339237,-0.02551735464721392,0.8906865377582636,0.1618129719462216,0
0.0017922408290833927,-0.0550090123917428,0.8737750348445881,0.009653344205466574,0
6.041958130202281e-05,-0.017200979649258992,0.9127786315763571,0.2069565180219779,0
7.658750563045023e-05,-0.018811357213212476,0.9083780188039517,0.19782233191179946,0
7.695446167210415e-05,-0.018941176536074838,0.9182874935340444,0.19855989683416472,0
5.8899869297703746e-05,-0.0176846389437095,0.932607928343848,0.20757040858485465,0
4.759934615709897e-05,-0.017736207026487677,0.9506329745447509,0.2098540193013053,0
2.9717015319269274e-05,-0.01712569517900488,0.9675633426063551,0.21544764207427405,0
3.8670602346622674e-05,-0.017438686563493615,0.959098158575553,0.21265083068778967,0
4.1512991140580516e-05,-0.019007057146903,0.9663816132999864,0.20403765110932193,0
2.7567312068950998e-05,-0.018289979044976423,0.9755717349876847,0.20902746037518624,0
1.3404139065784586e-05,-0.016285027526558055,0.98334566467101,0.22192303317685858,0
1.8634724839594607e-20,-0.014877624715300266,1.0,0.23153842710432246,0
5.8620228376511995e-06,-0.015592330629369117,0.9916728323355051,0.22673073014059053,0
7.839187855353994e-06,-0.017103149061568762,0.9916728323355051,0.21711533621312695,0
3.1763735522036263e-21,-0.01636031244628775,1.0,0.22192303317685888,0
7.54370643556039e-05,-0.0191414737898351,0.9282021419177899,0.1988668421156031,0
7.047005523232217e-05,-0.01925430921618652,0.9381779642475896,0.1995618049669981,0
5.3965854328473866e-05,-0.01772077443863595,0.9416204514442994,0.20871221394307998,0
6.303875933594975e-05,-0.01924668016513245,0.9471904873480411,0.20070361032522344,0
5.328486951565605e-05,-0.019352625703797446,0.9579164292691843,0.20124083972283757,0
6.0786980786010374e-05,-0.017453122908688078,0.9226932799601025,0.20726346330341627,0
1.752680712202561e-05,-0.01783458235966259,0.9834628960200121,0.2122651559264785,0
2.1201375056750647e-05,-0.016714407636982963,0.9754545036386826,0.2186853376255663,0
0.0003924617403191558,-0.051209207620917484,0.8447839241209177,0.029311635603309273,0
8.99972581479471e-06,-0.04818137238543717,0.833667748101387,0.04498581044658288,0
0.0001790685568121359,-0.04969584017553605,0.8392258361111524,0.03714872302494608,0
0.00047322719034877564,-0.04956430788145441,0.8492014858579873,0.037846173402928625,0
0.00027227686182235014,-0.04804828590439817,0.8436433978482218,0.04568326082456543,0
0.00010911008450109891,-0.04644317753103646,0.8380537824636894,0.05397290841889328,0
-0.00021973752724216514,-0.04497346217025122,0.8224882698502288,0.06156866743947551,0
-0.0001228038833098821,-0.04657795610428258,0.828078008975808,0.0532772389430292,0
-1.7470676440583076e-05,-0.04483603813714446,0.8324640433381103,0.0622643369153396,0
-3.0976343023611106e-05,-0.04147747267138657,0.8312598087383067,0.07954389640443668,0
7.273694634737632e-05,-0.037966514546223865,0.840031857311799,0.09751779335339666,0
2.9539895263976376e-05,-0.03972402219422086,0.8356458330250529,0.08853084487891667,0
0.00011642245563247361,-0.04134385103780179,0.8412358368012764,0.0802385978777265,0
0.00015388032026902656,-0.039593390123769716,0.8456218610880226,0.08922554635220648,0
0.00017672807862769482,-0.03784008377668725,0.8500079294481684,0.09821192389330248,0
0.00011999086576737639,-0.034438778403669254,0.8488038494160428,0.11549195428942395,0
0.00019069767773146032,-0.03432514780193071,0.8587799672492141,0.11618579863812661,0
0.0001881092198204991,-0.036083825944697945,0.8543939255002904,0.10719900436131613,0
0.00010193569548309382,-0.03620476788509237,0.8444178533639208,0.1065048738214103,0
0.0007136030740752983,-0.05101156172868096,0.8547255638034461,0.030358009876706907,0
0.000933332041554521,-0.0544264597954716,0.8546613418847007,0.012626610706336479,0
0.0012169811349854941,-0.05777896349909859,0.8550129793669952,-0.004809513462835813,0
0.0010684518744464519,-0.05610333600172288,0.8548371606258479,0.003908548621750333,0
0.0015874372336697811,-0.05718788089020575,0.8631182011091569,-0.0017170928166435006,0
0.0021311005562048868,-0.059983476970901416,0.8662634474883562,-0.016269523179713655,0
0.002028982923127823,-0.058290998695131595,0.8687434351698375,-0.007447097675082421,0
0.0026287589793849864,-0.05949145992434994,0.8758631812801156,-0.013683363271466407,0
0.00063604251460763,-0.05281855386212685,0.8497226330028091,0.020969123154822876,0
0.0009928912586881693,-0.052621673956679244,0.8596642726853375,0.02201549742822051,0
0.001330937946718825,-0.05392173540569413,0.8654939943612789,0.015278985643860408,0
0.0013926135113389454,-0.05551228768475387,0.8629423823680098,0.007000969267942646,0
6.0696741904099864e-05,-0.043091289274963494,0.8368498127821493,0.07125195139782017,0
-0.00011262317247738629,-0.04322723472609754,0.8268740392942677,0.0705562819219561,0
0.0016478685467829948,-0.05888142899826059,0.8606382134276757,-0.010539518321274734,0
0.00013196419740271295,-0.030895418080806075,0.8575763652814031,0.13346411679987505,0
0.00017799816864593496,-0.03080333718672806,0.8675523285382416,0.1341585011694183,0
0.0001867217337325254,-0.03256474194884714,0.8631662251818943,0.12517187989335216,0
0.0001293276920461358,-0.03266891248671527,0.8531901073487229,0.1244780355446495,0
0.00012381828114840145,-0.027367226713104306,0.8663576094954998,0.15130909805317294,0
0.00010426662187183794,-0.023791799713326563,0.8751209559964772,0.16940982111358135,0
0.00011492466311968461,-0.025577543392890967,0.8707392827459886,0.16035945958337716,0
0.00015206804452277606,-0.027297220764459118,0.8763290424271362,0.15206764787885363,0
0.00013649301800556406,-0.025531985537238514,0.8807107156776249,0.16111800940905782,0
0.00012054827321991677,-0.023789220833079983,0.8850967780771158,0.17010478365074513,0
8.131299505289818e-05,-0.02037611726861642,0.8840091074436683,0.18691560058740478,0
0.00010512365430432128,-0.02210934416424455,0.8895408538007115,0.17885767338765685,0
8.94139281560829e-05,-0.020413532102030195,0.8939932567376074,0.1878018731945129,0
5.5577595439208085e-05,-0.016932985880997578,0.8930196006503044,0.2050536210044096,0
2.7125227830699722e-05,-0.013250622412286424,0.9018503684191236,0.22540743550332962,0
4.101707240912716e-05,-0.015054635287599446,0.897434984534714,0.21523052825386962,0
5.9030969818124465e-05,-0.017063506762209753,0.9028991161133307,0.20600506951319375,0
4.334647755748564e-05,-0.015257049662187095,0.9073144999977403,0.21618197676265377,0
3.53749194815052e-05,-0.014557994310524722,0.923713791473037,0.2234792844974495,0
4.730160834251763e-05,-0.015846593332910105,0.918246211524697,0.21521790125971368,0
3.2125077531497717e-05,-0.013930207764396475,0.9127820799460803,0.22444336000038956,0
0.0001662164059925819,-0.029055315922898516,0.8719429506452899,0.14308099179606726,0
0.0001297417968347914,-0.029131931884861583,0.8619669873884515,0.14238660742652398,0
9.319668654934383e-05,-0.022076291102159674,0.8795650317200727,0.17816271085049307,0
6.848528002364993e-05,-0.018636817111383108,0.8885143540469864,0.19598461079590718,0
7.395732817431935e-05,-0.018725391361204716,0.8984985033409254,0.1968708834030153,0
4.704662326121694e-05,-0.01613252930482777,0.9281608599084425,0.21552484654115206,0
3.586922915652322e-05,-0.015281880888155266,0.9391913404866823,0.22247704060615633,0
3.616696422751027e-05,-0.014935047931131479,0.9314525659798596,0.22297816255180292,0
4.662130206406272e-05,-0.016463546061946152,0.9358996344152651,0.2150237245955055,0
4.226282348594265e-05,-0.016521414370874076,0.9449121575157167,0.2161655299537308,0
2.4289843693941503e-05,-0.014467404994976072,0.9529883554722032,0.22991938936268536,0
2.8037594839517862e-05,-0.015811640689590727,0.9602758490392791,0.22268351571847972,0
3.493187635102091e-05,-0.016073820412912995,0.951810665008477,0.2198867043319953,0
2.9943118846280454e-05,-0.014873012647802029,0.9460898479794427,0.22619821498442083,0
1.541529378337767e-05,-0.014277131418153741,0.9697636009353416,0.233635750805755,0
1.9958547970666077e-05,-0.014387687958999317,0.9613759782037724,0.23177757008422017,0
2.1909323064746782e-05,-0.01567696284760217,0.9686634717708484,0.22454169644001454,0
1.5290544016860522e-05,-0.015290952085867294,0.9765546328031758,0.22777939199130678,0
5.971816667477324e-06,-0.013431971021766366,0.9853938775828156,0.24079215027684978,0
8.369413437811536e-21,-0.012086896610199776,1.0,0.2507692142892914,0
2.3979989254163633e-06,-0.012767751159529168,0.9926969387914077,0.2457806822830706,0
3.6849781019608326e-06,-0.014166705731871438,0.9926969387914077,0.23616528869058612,0
1.6940658945086003e-21,-0.013451111281786285,1.0,0.2411538206968069,0
9.258663100404711e-06,-0.0148308447873829,0.9843697711269128,0.23135759172685416,0
1.0339229587343459e-05,-0.013865626259699814,0.9775787392590787,0.2372139505413024,0
-0.00029767209649554085,-0.051457023717650756,0.8248358534811628,0.02802259673272245,0
-0.0005303822176100713,-0.04845627452741057,0.8137161762161051,0.043594817104201565,0
-0.0003571874573955779,-0.046716328166222634,0.8181022230331669,0.05258174227183854,0
-0.0002605445607019342,-0.04831729130350518,0.8236919621587461,0.04429031377539222,0
-0.0004338539586652557,-0.04995677953039837,0.819276014848634,0.03580870691846201,0
-0.00012535108475517776,-0.04982000607896284,0.8292518007912749,0.036504203589652666,0
5.1338720226083636e-05,-0.05133187291918817,0.8348098888010402,0.02866711616801586,0
8.64923572301678e-05,-0.05388847299881058,0.8353667439849347,0.015398714469649622,0
0.0001619708947468993,-0.05731339235375025,0.8362869969266248,-0.002404553473479431,0
0.0005050746648389104,-0.05415663742985254,0.8450140429348176,0.01401266258799305,0
0.00012069511321728769,-0.05560162726843407,0.8358268704557797,0.006497080498085095,0
0.0005972971449333094,-0.05586945405912395,0.8454741694056627,0.005111028616428524,0
0.0006844383968606412,-0.057545573315018375,0.84564998814681,-0.003607033468157622,0
0.0009079780127740115,-0.06057454253828659,0.8466296876628511,-0.019375428742959104,0
0.0004986462471328974,-0.05894433764835168,0.8414583422947379,-0.010889991108219267,0
0.0010860379338465146,-0.05917684575547229,0.8508213335149231,-0.012092471102897458,0
0.0015416063198705598,-0.06027840335152957,0.8564465675756037,-0.01782247596133638,0
0.00025789472612051115,-0.05254905618115336,0.8400753340529262,0.02235517503647945,0
-0.0001249338720510776,-0.052672843838577114,0.8301012987330487,0.021710655601186034,0
-0.0006166863007791137,-0.04525990883658965,0.8025366533510538,0.06017832525664531,0
-0.00032990157976613415,-0.041761225650669205,0.8113066627731129,0.07815747999238552,0
-0.00014652944565465126,-0.038243506837643694,0.8200789182797062,0.09613134608133901,0
-9.876054000621539e-05,-0.03986130834459001,0.8256693635090064,0.08783762124288785,0
-3.6067657864865114e-05,-0.03810101812986322,0.8300553877957526,0.09682456971736783,0
-3.605035300228609e-05,-0.034699212091962126,0.8288497599953469,0.1141107481283043,0
-8.378368305234246e-05,-0.03647490234438787,0.8244643391375266,0.10512104710482165,0
1.0396072850322017e-05,-0.036334771424266984,0.834440808653573,0.10581427074085048,0
4.363826856953929e-05,-0.03456323825341372,0.8388268047056948,0.11480135120886412,0
2.47399768616616e-05,-0.03112611271739927,0.8376236159885508,0.1320789084972313,0
5.387696592297418e-05,-0.027673585045703105,0.8464502523639603,0.14928168947738887,0
4.246719559412759e-05,-0.02940373417129124,0.8420369341762556,0.1406802989873101,0
8.85914016042458e-05,-0.029290615026955652,0.8520133088226818,0.14137290313863196,0
8.035245994728132e-05,-0.03100266629252154,0.8475999906349769,0.1327715126485532,0
6.623550861150861e-05,-0.03278622728638724,0.8432137327022968,0.12378543139332762,0
-6.386839947786325e-07,-0.032916860197349504,0.8332366879919488,0.1230948283127678,0
-0.0005884397506085235,-0.04685801441971367,0.8081264147835795,0.05188657118042343,0
-0.00042121839032748806,-0.04511484440919796,0.8125124616006414,0.06087349634806041,0
-0.00028712773152684,-0.04336756529725925,0.8168974663116708,0.06986307371593052,0
-0.0004581343981999877,-0.043512760217376024,0.8069216580620834,0.06916790262451541,0
-0.00018113301337988828,-0.041616623749147465,0.8212832357557098,0.0788506881984111,0
-0.00022738481848914995,-0.04000520055347851,0.8156927905264095,0.08714441303686227,0
9.105455461221184e-05,-0.027509208897603384,0.85640393092973,0.1502953937652809,0
6.255949968026777e-05,-0.024273115213252754,0.8550896730818477,0.1660881478142039,0
9.02994280367629e-05,-0.025829241236324692,0.8607236412886737,0.15869862293368842,0
8.561122593019441e-05,-0.024016381891954784,0.8651053145391625,0.16774898446389264,0
5.1896314369850795e-05,-0.020291424869025427,0.8617164004550483,0.18545010840846948,0
6.82158893547224e-05,-0.0203123080168907,0.8728627539493583,0.18618285449793714,0
7.564629801669055e-05,-0.02206013553566944,0.8684186782257628,0.1774299647610254,0
5.796526665884506e-05,-0.02228908733324026,0.858403036768448,0.1757691281113367,0
6.014967179556763e-05,-0.02597629378350306,0.850769962722904,0.15768491864579637,0
4.507701581476187e-05,-0.017107155729593676,0.8728914558382318,0.20141312655753496,0
6.195566121628164e-05,-0.01876482763068389,0.8784502816409501,0.19416436357246986,0
5.1414596143950054e-05,-0.016997439812729224,0.882955528244268,0.20323337378097228,0
2.4288594336625046e-05,-0.013338513112886414,0.8798162666147853,0.22008081714007693,0
5.844262638258657e-20,-0.009599975424000163,0.8854261880583083,0.2388915800012268,0
2.6245225291415586e-05,-0.013263170687149337,0.8908333175169545,0.22274412632170326,0
1.2437178750230085e-05,-0.011452206611038946,0.8826212273365468,0.22948619857065186,0
1.3700047564300911e-05,-0.0114984036265805,0.893638278238716,0.23214950775227822,0
3.873058151320288e-20,-0.009599975424000108,0.9042408170745975,0.2453582790191335,0
1.316517067305373e-05,-0.01139862100989282,0.9030455927468606,0.23538285726123157,0
1.0415990428295275e-20,-0.009599975424000014,0.8948335025664529,0.24212492951018016,0
4.96973339723128e-05,-0.018686347163242686,0.86730392814664,0.19343161748300222,0
3.9242390534076243e-05,-0.015175814584702484,0.8864179336325448,0.21256721907224327,0
3.5038456165372476e-05,-0.015211084320281149,0.8763538612265085,0.21074697184880595,0
1.4529789098412995e-05,-0.011674520254040794,0.9174847740143965,0.23820992419599302,0
1.6552740493286318e-05,-0.012350790818262332,0.9361442037716121,0.23944337972681518,0
2.586530703980851e-05,-0.01380402220782744,0.9376677721291472,0.23096021016648577,0
2.523971735648899e-05,-0.013418662934087541,0.9299289976223246,0.23146133211213232,0
1.603478389696126e-05,-0.012035077423354076,0.9268144888930043,0.2388266519614041,0
2.4844760982692843e-05,-0.013122181646331197,0.9205992827437168,0.23084460434672127,0
2.065117532792828e-05,-0.012422447629070799,0.9096675712167601,0.2318086798496613,0
7.646626067181107e-06,-0.010670524865228426,0.910862795544497,0.24178410160756325,0
2.1312399011830323e-05,-0.013441641041688773,0.9445662796219076,0.23468138454475027,0
1.036751296203423e-05,-0.01197965243447598,0.9553866431512318,0.24645466689773124,0
5.883278008561697e-06,-0.011777061012097372,0.9725808786768245,0.25098189766528733,0
8.152481116283637e-06,-0.011899968107524363,0.9639837609140282,0.24871828228150927,0
1.3686902586710639e-05,-0.013145055528006759,0.9625751220432868,0.24004520885174313,0
1.015880131668452e-05,-0.012999769595991686,0.9711722398060831,0.24230882423552116,0
6.50143913045758e-06,-0.012615070221178026,0.9789873781298201,0.24588702397106854,0
2.1627678413462044e-06,-0.011307317321126012,0.9869217663413564,0.25598990697542995,0
3.3246043179731287e-21,-0.009599975424000092,1.0,0.27,0
5.060582845133579e-07,-0.01043599052326551,0.9934608831706782,0.26299495348771496,0
1.3627107891205467e-06,-0.011712329565070952,0.9934608831706782,0.25337956063236067,0
5.505714157152953e-22,-0.01079524310379415,1.0,0.26038460714464573,0
1.3496760672706357e-05,-0.01217887456023302,0.9457654234614219,0.2429490233122732,0
1.6785141053401163e-05,-0.013198660218880694,0.9541874993117174,0.2381870281302083,0
3.869403167232157e-06,-0.012348740547838456,0.986157821962086,0.24839102862613988,0
3.883794110636596e-06,-0.01155839802127872,0.9797513225090905,0.2534859023203586,0
-0.0007861229630028927,-0.055038549285058476,0.8162656034741724,0.009437283027046899,0
-0.00033338355314284395,-0.05446279568797909,0.8258161737295535,0.012417998748348261,0
-0.00035584919615567817,-0.05617531197301959,0.8262763002003986,0.003516364776783734,0
-0.0008698096520800603,-0.05811565955309665,0.8182763300328088,-0.006570918893391292,0
-0.0008304198832745671,-0.05657757166186852,0.8172709667534905,0.0014331820668278036,0
-0.0003411084793059317,-0.05771398834739711,0.8272816634797168,-0.0044877361834353615,0
-0.0004521779690859911,-0.06066435217339212,0.8267611434100679,-0.019847029962285392,0
0.00023117442116391777,-0.06061889383429605,0.8366954155364594,-0.019611229352622248,0
-0.00011143910823438515,-0.05898922657709137,0.8315240701683464,-0.011125791717882411,0
-0.0006836351051135294,-0.05939009314087265,0.8225187367214384,-0.013208974427838343,0
-0.0009894237126155752,-0.05168520455059357,0.8049196937333422,0.0268843903413811,0
-0.0010431901975061389,-0.04870549916094805,0.7937512846061621,0.04239502149960533,0
-0.0009672035315965665,-0.04555288102878031,0.7825828053846495,0.05882001544489865,0
-0.0006060506147046908,-0.04206268011096066,0.791353871124872,0.07677991251816545,0
-0.0003592111495038027,-0.03854524729745939,0.8001166234634938,0.09476889008454967,0
-0.0004729864855569678,-0.041909862084885806,0.8013302669489925,0.07746869625527548,0
-0.0004704572015991587,-0.040307131311159185,0.7957352472941829,0.08577440130135755,0
-0.000352567797402633,-0.040152802111967825,0.8057116431183033,0.08646318503846759,0
-0.00025537471219188945,-0.03839107698771697,0.8100977708716,0.09545011808294435,0
-0.00019562309832600624,-0.03499880901867554,0.8088876314288568,0.11275355619657927,0
-0.00011665704400337578,-0.034843899578595884,0.8188686957121019,0.11343215216244179,0
-0.0001777806198807836,-0.036621251810351876,0.8144832748542815,0.10444245113895914,0
-0.0002686495966583098,-0.036776351531884334,0.8045021274461752,0.10376122314056446,0
-0.0006466657818137874,-0.05157000495540811,0.8148777736072526,0.027453493537051774,0
-0.0005146672165695766,-0.05324867238672015,0.8205507284776676,0.018729939879884673,0
-0.0009143253257738682,-0.05336195627581009,0.8105926486037573,0.018160836684214,0
-0.0007381492284217038,-0.050071759333511656,0.8093179349747237,0.035239603722791335,0
-0.0010336787981802614,-0.05019508694946069,0.7993354891697522,0.034639705920493216,0
-0.0007933280008173724,-0.04857961949684551,0.8037337304111336,0.042994919301903446,0
-0.0008095843367941068,-0.04698433079519762,0.798143968978608,0.051286673378125314,0
-0.0010162482930680553,-0.0471285674777561,0.7881670449954058,0.05060751847225199,0
-0.0008005238346762354,-0.045405077859544334,0.7925597293678517,0.05949917035077198,0
-0.0006207812602467545,-0.04366067615872988,0.7969452622379629,0.06847911888740538,0
-0.0007700194384182837,-0.043810047192926846,0.7869683382547608,0.06779996398153204,0
-9.148232531212575e-05,-0.031418070676514656,0.8176677832711684,0.13070858264507398,0
-2.8649257873518508e-05,-0.028052457781463924,0.8266579317177787,0.14734483442689927,0
-5.6063051747697105e-05,-0.02974134274560472,0.8221628574944735,0.13902670853598664,0
-5.930317979668051e-06,-0.029591776461276337,0.8321407738531648,0.1397118714620653,0
-3.3151440965571114e-05,-0.031264354009053974,0.8276456996298596,0.13139374557115263,0
-6.922990882260658e-05,-0.03305985855949616,0.8232587716332577,0.12240966538668914,0
-0.00013737576658841305,-0.033214179292007845,0.8132777073500126,0.12173106942082662,0
1.3617207803331953e-05,-0.02785191890554847,0.8365540920408695,0.14831326195214406,0
9.220782948342793e-06,-0.02485291155775452,0.8362579638865842,0.16293037961039597,0
2.894840903043677e-05,-0.026267562291187197,0.8413541081252722,0.15610603454389244,0
3.7332147347485e-05,-0.024548446846123784,0.845673818484216,0.16450926371229993,0
2.6872599054651292e-05,-0.021701256688790617,0.8452644142608559,0.17808738151969947,0
1.424228120156182e-05,-0.01834664123795696,0.8426286819265363,0.19354886706204338,0
2.9335458455594684e-05,-0.01712263345732732,0.8568402652527513,0.1998000096573332,0
1.6619287661791785e-05,-0.013543971432051164,0.8593265017218975,0.2159475242286446,0
2.320635513584525e-05,-0.01534928308175179,0.8580833834873244,0.2078737669429889,0
3.7713148330324046e-05,-0.017096296908825095,0.8648658605454915,0.20060656810743407,0
2.949207316296065e-05,-0.015359135572914094,0.8661089787800647,0.20868032539308978,0
2.0917309877828543e-05,-0.013391796469585736,0.8695713841683415,0.21801417068436077,0
3.7033868640734116e-20,-0.009599975424000113,0.8662195908051051,0.2337211683996453,0
1.1509372673431182e-05,-0.011538599315418343,0.8730179287099452,0.22690099276986112,0
3.896351557369781e-21,-0.009599975423999995,0.8758228894317067,0.23630637420043604,0
-6.899867317905492e-06,-0.026458002089516104,0.8314579478021815,0.15513760701864762,0
1.9898610454674703e-05,-0.023281585343798,0.8407611890737201,0.1705088805650477,0
4.304840160115138e-05,-0.02299336091535278,0.8501770436713518,0.1720877646669517,0
4.1101841381404244e-05,-0.02097844538056457,0.8534904073579521,0.18176874496408446,0
1.9918082239975468e-05,-0.020040034147972605,0.8439465480936961,0.1858181242908714,0
3.180642496943058e-05,-0.019309475309258563,0.8521725411907923,0.18949948773525643,0
3.969935164919668e-05,-0.01872403688666289,0.8592783328538998,0.19262505903290134,0
2.2778410269668595e-05,-0.017715989761305992,0.8497344735896437,0.1966744383596883,0
9.418022045025392e-06,-0.01158236853563399,0.8627730462635013,0.22483434631414495,0
2.2093001544556302e-20,-0.009599975424000115,0.922874351952651,0.2523349055529612,0
1.864531275143529e-20,-0.009599975424000116,0.9416000801136555,0.2590574363932764,0
1.355252715606881e-21,-0.009599975424000037,0.9322372160331532,0.2556961709731188,0
7.381240221630525e-06,-0.010922495380061834,0.9388721419426338,0.24925040806004578,0
8.793106713312925e-06,-0.01100227514373488,0.9295092778621316,0.24588914263988818,0
6.8102113688627075e-06,-0.010606947878192193,0.9201795629835238,0.2452724148744771,0
1.842296660278103e-21,-0.009599975423999997,0.9135575845136242,0.24884659228604733,0
5.757142198117741e-06,-0.010805772784352232,0.9484933616324436,0.2527560516455038,0
1.523600513873673e-20,-0.009599975424000137,0.9606607333493586,0.2647487516745506,0
7.317570570889105e-21,-0.009599975424000129,0.9801668230395538,0.2686185893907269,0
2.315156465017208e-06,-0.010646331887061357,0.9763738508581892,0.2598002435280071,0
3.3958244316936784e-06,-0.010685540542973243,0.9666208060130916,0.25786532466991896,0
1.9322939109238726e-21,-0.009599975424000005,0.9704137781944562,0.26668367053263875,0
4.482925138110581e-06,-0.010743391854718254,0.9580236882502953,0.2556017092861409,0
1.982255619922076e-21,-0.009599975423999998,0.9511304067315071,0.2619030940339135,0
1.2800032924840161e-06,-0.01043695035983086,0.9835442946904551,0.2623042481830784,0
4.552802091491864e-22,-0.009599975424000007,0.990083411519777,0.26930929469536347,0
-0.0015303217909847166,-0.05425685792576901,0.7970229936595715,0.013550724984231781,0
-0.001241130799805843,-0.05297157861721604,0.8009713436964568,0.020217557662806442,0
-0.0011795416204437362,-0.05464677524270007,0.806644298566872,0.01149400400563934,0
-0.0016820290965348734,-0.0570976096053398,0.8014716560178792,-0.0012422469821220309,0
-0.0017434618889489806,-0.06023450035491942,0.8070136861105367,-0.01758908549494577,0
-0.0017260190380842223,-0.05866627181495106,0.8042426710642079,-0.0094156662385339,0
-0.0012982937548932612,-0.05760605478528338,0.809873993025344,-0.003906582937756661,0
-0.0012815592364237144,-0.05917521925266772,0.8126450080716727,-0.012080002194168531,0
-0.0011138718685815053,-0.06044885117065783,0.8168874147603022,-0.01871805772861558,0
-0.0016114298556455487,-0.05567747727675219,0.7992473248387253,0.0061542390010548755,0
-0.0012082328687286212,-0.05606812835276456,0.8088686297460258,0.004097518022462434,0
-0.0017063322730431752,-0.05214153099458366,0.78330414198344,0.024611245172997096,0
-0.0013575614850908266,-0.051912416382004445,0.7941119178583911,0.0257478177571891,0
-0.0013452152880206363,-0.05042478411154582,0.788527713294801,0.033503133336301213,0
-0.0014581010788838051,-0.0488211201549138,0.773734897357461,0.04193442180752657,0
-0.0012229858348823213,-0.045829095303560635,0.7626200030859873,0.057590243656775474,0
-0.0013464235981343732,-0.04732412745503839,0.7681774502217242,0.04976233273215103,0
-0.001192525909710841,-0.047188469737253616,0.7781588513710553,0.05037721862621261,0
-0.0011097041818993575,-0.045690307514486474,0.7726014042353184,0.058205129550837065,0
-0.0008243165829075766,-0.04237609112248261,0.7714028870366064,0.07540921548249878,0
-0.0005383827829960064,-0.03886923785072703,0.7801516749745167,0.09340532433682767,0
-0.0003381366553572746,-0.03531873157878896,0.7888877295687186,0.11147516798636449,0
-0.0004290124106292103,-0.03709838993062631,0.7845197022716176,0.10244024616159608,0
-0.00045467299569375156,-0.038705076906943886,0.7901341492190053,0.09408710721068866,0
-0.00035330909294185745,-0.03693037460193305,0.7945021765161062,0.10312202903545709,0
-0.00027032458092350175,-0.03515502115862079,0.7988876804987877,0.11211436209147188,0
-0.00020166615563132237,-0.03175324487961624,0.7977014891500663,0.12940354001593687,0
-0.00010938468002002198,-0.028147266301319203,0.8069912449551374,0.14722389862628135,0
-0.00015061772295673744,-0.029958956124477208,0.8023463670526019,0.1383137193211091,0
-0.00010374866913452357,-0.029782557031365973,0.8123295141131529,0.13896624063567767,0
-7.008243157417058e-05,-0.02808987167283708,0.816824588336458,0.14728436652659033,0
-4.7604131681240185e-05,-0.024842064258515352,0.8179486124957718,0.16315293307183332,0
-7.144855407892305e-06,-0.021726912464405227,0.8301944397814823,0.1778302514036272,0
-1.4263667340647276e-05,-0.017861245213455185,0.8233953949315205,0.1957600979383459,0
-1.199667310191176e-05,-0.019809925567382616,0.8267949173565015,0.18679517467098655,0
5.8296721269631435e-06,-0.020040904223792004,0.8364115608540093,0.1856895592328353,0
-4.697998072398826e-07,-0.018074376791397062,0.8330120384290284,0.19465448250019463,0
4.1752681607673875e-06,-0.014261408510334597,0.8385229227937457,0.2114374206248173,0
1.4808670739054075e-05,-0.015687453169854034,0.8476815940232485,0.20561871514107524,0
1.1182778945416108e-05,-0.013839141028150861,0.8489247122578216,0.21369247242673095,0
1.1850520327679697e-20,-0.009599975424000103,0.8465786060015866,0.2306201074586626,0
3.836538417244162e-06,-0.01198411590275763,0.8425507643976662,0.22102876404173993,0
6.802737804007603e-06,-0.011635177104582083,0.8529525538617421,0.2232838158436536,0
5.4990967122525295e-21,-0.009599975424000045,0.8563990984033458,0.23217063792915393,0
-0.001642878367220867,-0.053198574925198444,0.7901635678215058,0.01908098507861444,0
-0.0012657118801469736,-0.04876235991092617,0.7837430909818115,0.042164721653565954,0
-0.0015902868639246467,-0.05048099247169228,0.7785195196704505,0.03327283349026183,0
-0.0009009490831614063,-0.04396319796360105,0.7769928462106279,0.0671146154636987,0
-0.0007246234878448974,-0.04221817473010254,0.7813783790807391,0.07609456400033211,0
-0.0005772013281557228,-0.04046443346066009,0.7857527730496943,0.08509261842749656,0
-0.0006689080124825284,-0.04062566509970066,0.7757772810055615,0.08440726990966323,0
-0.001007168575723195,-0.044104577095957886,0.7670114450612968,0.06649972956963712,0
-0.00014829251561780836,-0.03157950256566235,0.8076846362106174,0.13005606133050543,0
-0.00020276037749736512,-0.03337466657489799,0.8032945602894616,0.12107854810625807,0
-0.0002632145548208883,-0.03354222352709145,0.7932946093593924,0.12043935400115069,0
-4.033036041861771e-05,-0.02645068469515616,0.8223032721067752,0.1552488837493663,0
-7.50872937834922e-05,-0.026503529511567998,0.8124699287254546,0.15518841584905735,0
-1.9525813934185398e-05,-0.02483451296564095,0.827103288191178,0.16304165634111464,0
-2.7283026774721907e-07,-0.023298353197677524,0.8332262018340333,0.1703803155070116,0
-2.4746330206269693e-05,-0.02329087321106513,0.8240715261386271,0.17049159223773025,0
1.0002862544625674e-05,-0.02170162564087939,0.837729427021169,0.17795881646166334,0
8.41584619035696e-06,-0.016335893318333187,0.8405758023601411,0.20249314384343034,0
-2.647124032463565e-06,-0.016065067361994034,0.830959158862633,0.2035987592815816,0
-0.0022667523829498736,-0.0556394345778906,0.7834955427609666,0.006409120311292531,0
-0.002595411991933183,-0.05447397807336471,0.7664413008755826,0.012565244485632336,0
-0.002130511231339179,-0.053308244318284244,0.7748727214295112,0.018588244829314718,0
-0.001970835271555731,-0.0538910952195012,0.7833998423722033,0.015510182742144813,0
-0.0024634969711957223,-0.05505595749849472,0.7749684218182746,0.009487182398462433,0
-0.0018878154547437712,-0.05494815854639753,0.790259268210269,0.009979922647762155,0
-0.0020097756233054516,-0.05636771607313762,0.7924835993894228,0.00258343666458525,0
-0.0027809268022939678,-0.05936877545952974,0.7876602946245342,-0.013035153438367607,0
-0.002523995603911263,-0.057504467464295904,0.7855779186927504,-0.003313016563537538,0
-0.002200792005645885,-0.0582334665194734,0.7945659753212067,-0.0071387002102448185,0
-0.0022949132571055578,-0.05980095050880076,0.7973369903675355,-0.015312119466656688,0
-0.002027436909448333,-0.05147537948475756,0.764667794387477,0.028195245029070625,0
-0.0018936524860659531,-0.05180759233880904,0.7739859681854585,0.02640324510103386,0
-0.002298066490500665,-0.0529749217704754,0.7655545476315297,0.02038024475735148,0
-0.0017247391187313788,-0.05014904462454311,0.769201345872469,0.0350648334182986,0
-0.0017871659632826052,-0.049335617229009227,0.7538612617973004,0.03942470189064111,0
-0.0013362360663073682,-0.046094026684750496,0.7432423900923052,0.05642650148005285,0
-0.0012989345627339851,-0.045961566499185674,0.7529311965891463,0.057008372568414165,0
-0.0015573378834674823,-0.04771368966056534,0.7485518259448027,0.04792560168534698,0
-0.001481678111375579,-0.04758366655199517,0.7582406324416439,0.04850747277370829,0
-0.0016416136687887504,-0.04907813201577135,0.7637980795773807,0.04067956184908384,0
-0.0019168554710723013,-0.05040491758952534,0.7592645280923886,0.03380997345985587,0
-0.0009501072216761426,-0.04269880111198897,0.7514511786068991,0.07402020421571037,0
-0.000658110199428246,-0.039213830356824006,0.7602050669495923,0.09199655748985086,0
-0.0007928737021807074,-0.040958719919156165,0.7558281227782457,0.08300838085278062,0
-0.0007421046270246243,-0.04079267460574632,0.7658039769930993,0.08370288648617483,0
-0.0009009185920240133,-0.0425372197165385,0.7614270328217527,0.07471470984910458,0
-0.0010860991803167638,-0.04426225884559989,0.7570355908464432,0.06580522393624293,0
-0.0011287604061687923,-0.04439775005642534,0.7473467843496022,0.06522335284788161,0
-0.0006072696792776146,-0.039040736987455894,0.7701783709620544,0.09270094091333927,0
-0.00044441910538571094,-0.03569098632969278,0.7689229880971687,0.1100431415246691,0
-0.0004931582162888464,-0.03727719285857819,0.7745373315358427,0.10172423293074839,0
-0.00039704297313220954,-0.03550302739164391,0.7789053588329437,0.11075915475551679,0
-0.000288045060274098,-0.03200736623667469,0.7774733951905975,0.12872495927901456,0
-0.00017579055884158558,-0.028273165417239,0.7873774304598532,0.14730076205774448,0
-0.00024877902336265645,-0.03187612177406774,0.7875874421703319,0.1290642496474757,0
-0.00019044970611674326,-0.030010256827420388,0.7925394598049598,0.13835215103684068,0
-0.00022676224490494998,-0.03014998777720819,0.7824254128252254,0.13801286066837953,0
-0.0005426511354488476,-0.037456187316574706,0.7645640275233805,0.10101984950725998,0
-0.0003152180347502579,-0.03365936434734602,0.783180562379658,0.12010006363268952,0
-0.0003593149278907916,-0.03385516993499212,0.7731981916438831,0.11938405040184183,0
-0.00014493301733040252,-0.02820260274518879,0.7971843377074953,0.14726233034201291,0
-0.00010070700675532174,-0.024740204208644295,0.7980231681110078,0.16438244523532033,0
-0.00010648737746415788,-0.026443096360807442,0.8025072065330726,0.15580317193080084,0
-0.00013478394934831066,-0.026519248375250437,0.7927002992854305,0.1558416036465324,0
-7.573900904159556e-05,-0.024777121961604746,0.8079858903033899,0.1637676891535768,0
-4.852477761711146e-05,-0.02135928638770087,0.810287090712803,0.18010145426390417,0
-2.8832848035301532e-05,-0.02152090590956486,0.8202407652471426,0.1789658528337657,0
-2.9090932750348945e-05,-0.019625822162291195,0.8168412428221618,0.18793077610112502,0
-3.9233135690326246e-05,-0.01760737970236072,0.8029933731601264,0.19813812880672257,0
-1.297229505926812e-05,-0.01378630519465252,0.8148190440017624,0.21415948325408699,0
-2.4473660185143973e-05,-0.015729535535629273,0.8089062085809444,0.20614880603040478,0
-2.756692321189779e-05,-0.01770075727999508,0.8131943840458234,0.19694911337253423,0
-4.470030810573839e-05,-0.019487451790563153,0.8066402319364647,0.1891197915353134,0
-4.933997072233309e-05,-0.02310525033769209,0.8141178516042874,0.17162719366786874,0
-7.201274408160223e-05,-0.023064177095605612,0.8041551294119054,0.17224194974961227,0
-1.5045380501935941e-05,-0.015836597400016993,0.8191072194666414,0.20495979059621644,0
-4.986185942175601e-06,-0.013945159457528014,0.8266709833977541,0.21279845193945213,0
-7.927698990708217e-21,-0.00959997542400013,0.8267034971897799,0.2301559705391388,0
1.0058516248644818e-22,-0.009599975424000031,0.8366410515956832,0.2303880389989007,0
-2.8807551632736824e-07,-0.01198579001632255,0.8326132099917628,0.22079669558197806,0
-4.724730887761226e-06,-0.011755062292169677,0.8207612705957712,0.2221577268966129,0
-0.003443628849018306,-0.05820881873497748,0.7687371508156362,-0.00691809342522431,0
-0.0031578276219341476,-0.05878798294715487,0.7781987227200853,-0.009976623431795959,0
-0.002820205249139333,-0.05692463320891385,0.7761163467883014,-0.0002544865569658896,0
-0.003001327601153645,-0.056341825448355656,0.7675892258456094,0.002823575530204013,0
-0.0036717347485219977,-0.056907351441008405,0.7500779846132289,-2.9690940059264927e-05,0
-0.0025096704365698244,-0.05261993288200596,0.7467564677764194,0.022361657002138376,0
-0.0018167886424098432,-0.049207174951035326,0.7384458267204697,0.04023189276336461,0
-0.0013493527515872864,-0.04674196618000358,0.7260011592352007,0.053225174376277544,0
-0.0015813172870540087,-0.047973717469252976,0.7322234929778352,0.04672853356982108,0
-0.0015581578583180214,-0.04765099269654989,0.7408441084063875,0.04832919712170873,0
-0.0013613212238871338,-0.04641870405730022,0.7346217746637529,0.0548258379281652,0
-0.0009512677660248807,-0.04301219041365904,0.731595195729954,0.07266812510112008,0
-0.0006948406231157123,-0.039560301831162284,0.7402895306102871,0.09058231546185098,0
-0.0004969226538116339,-0.036087499661577906,0.7490121418199989,0.108519144019527,0
-0.000589258034272616,-0.03782658033419399,0.7446508362151429,0.09955072974068899,0
-0.0005757623531104114,-0.03764703735592026,0.7546086043847956,0.10025785075468893,0
-0.0006880880238041346,-0.03938761348227546,0.7502472987799398,0.09128943647585092,0
-0.0008182426197695787,-0.04112691108946785,0.7458703546085932,0.08230125983878067,0
-0.000814949062516024,-0.0412877461694235,0.7359423631701205,0.08162522028148553,0
-0.0009677702377838087,-0.04285619952530648,0.7415231871684266,0.07334416465841523,0
-0.0011369628803921698,-0.0445512638836273,0.7374187929111296,0.06454731329058647,0
-0.0011330911385177488,-0.04487722147546486,0.7287981774825774,0.06294664973869882,0
-0.003613261880485925,-0.0575572304849435,0.7594075677144325,-0.0034738921826417872,0
-0.0031097337842042687,-0.05569112399599331,0.7582596427444057,0.006267776772786535,0
-0.0030502600575639926,-0.05476399356907234,0.7484172261948241,0.011165983031039555,0
-0.0026017066612761017,-0.05354596764676564,0.756598884326001,0.017463450743885355,0
-0.0022813551942514666,-0.052047765028317,0.7557121310819481,0.0252784510156045,0
-0.0021195621886516873,-0.050978451903170616,0.7503088647868599,0.030893179446389744,0
-0.0018204977471554735,-0.04927128449361743,0.746153544258885,0.03982829732700286,0
-0.002148491111458713,-0.050913048519522636,0.7426011472484445,0.031296774882751496,0
-0.0004784283521430372,-0.03588937856610151,0.7589675649585839,0.10928114277209805,0
-0.00034739052979229157,-0.032602937558439765,0.7576648688378902,0.1263742529722579,0
-0.0003957171661866924,-0.034142160594028324,0.7632939284675295,0.1182086972484635,0
-0.00041686005196652295,-0.03434956353472633,0.7533385053289445,0.11744669849589245,0
-0.000322468571670243,-0.03230496968095226,0.7675691320142439,0.12754960612563623,0
-0.00022070048675933114,-0.02835686153310047,0.7650733555452743,0.1479830397695319,0
-0.0001354475224245759,-0.02462849632865684,0.7790019292672218,0.1660866891925196,0
-0.00017512842202366561,-0.026508988843331867,0.7720376424062481,0.15703486448102574,0
-0.00015547046416799332,-0.026446427743528254,0.7831896798635375,0.15669372562513204,0
-0.00020270629565962767,-0.02830930732011045,0.7762253930025638,0.14764190091363819,0
-0.00025463110915810536,-0.03017371185431497,0.7712733753679359,0.13835399952427324,0
-0.0002779635907841638,-0.030487611152599493,0.7613691121915822,0.13717864637089489,0
-0.0001202335389250006,-0.02467452308804382,0.7885125486891148,0.16523456721391996,0
-7.953019006281322e-05,-0.021187341959417752,0.7908441682917627,0.18220102569535962,0
-0.00010537479622948852,-0.022925955696175553,0.7849230487794923,0.17414385744393962,0
-9.044586487793512e-05,-0.022962679709322715,0.7944336682013853,0.17329173546534,0
-6.541072443364897e-05,-0.02125503815775326,0.8005656295022829,0.1811512399796319,0
-5.755857951075825e-05,-0.01942211692376923,0.7969187707259446,0.1901695772510411,0
-5.643191433095459e-05,-0.017583332747303185,0.7830280915245501,0.20049672353357223,0
-6.816712636065383e-05,-0.01937666430574217,0.7869361299081564,0.19134887461446592,0
-4.882504424934133e-05,-0.01757156767799911,0.7930107323423383,0.19931742617014742,0
-2.3566048129355354e-05,-0.013675022106424097,0.7945860349917748,0.2171532021251411,0
-3.3706617344800817e-20,-0.009599975424000106,0.8069505794200263,0.2324225542416914,0
-1.0860580519262653e-05,-0.01171144623192389,0.8007683072059006,0.22478787818341625,0
-7.951541320378222e-06,-0.011714029139317982,0.8108848117108944,0.2232910187478892,0
-1.8660640118437854e-05,-0.013680038782254336,0.8047025394967686,0.21565634268961403,0
-3.22276424087438e-05,-0.01563270462033979,0.7987897040759506,0.20764566546593183,0
-3.888398897485647e-05,-0.015669511368734606,0.7888070632581625,0.20882496282935667,0
-4.023051797302681e-21,-0.009599975424000002,0.8168270383049031,0.23128926239041508,0
-0.0034473502008780894,-0.055611353108203934,0.7314199857151358,0.006861899343190877,0
-0.0021521568140308676,-0.05127390119730734,0.724680276791,0.029558555051541823,0
-0.001223795310261953,-0.04781132871733676,0.7074306693757892,0.04779238415088196,0
-0.0016673361060081484,-0.049541737559620255,0.7160554730833946,0.03867546960121189,0
-0.001315387661879412,-0.047277862682475066,0.716715914305495,0.05050877926357975,0
-0.0017014854888309085,-0.04900726790494096,0.7253407180131004,0.04139186471390968,0
-0.0019902445977743495,-0.05024108786175356,0.7315630517557348,0.03489522390745322,0
-0.0023857780648757192,-0.05194646481394655,0.7357183722837097,0.0259601060268401,0
-0.0029553731415642424,-0.054116135152908765,0.7390882267457776,0.014611778172664626,0
-0.002743167005908242,-0.05344249405026801,0.7280501312530678,0.01821022719736635,0
-0.0036213544686105824,-0.056258687189630285,0.7407489851641824,0.0034161042015658062,0
-0.0008304553240181408,-0.04380108611286875,0.7101931276942184,0.06878889252934985,0
-0.0010065996347432317,-0.04580493725437898,0.7088118985350038,0.0582906383401159,0
-0.0010792176544635575,-0.04526996028035535,0.7180971434647095,0.06100703345281369,0
-0.0009144962888860105,-0.043408774967269345,0.7208941617120862,0.07072850881523496,0
-0.0006351936970569528,-0.039970977867999295,0.7201146301810928,0.08878658108509355,0
-0.0004803554521422578,-0.03644945879753039,0.7290957810103983,0.10713488349564476,0
-0.0004976868969498421,-0.03627025085968281,0.7390539614151985,0.10782701375758588,0
-0.0005818658696490328,-0.03800107104283924,0.7346926558103427,0.09885859947874787,0
-0.0006785057283741053,-0.0397674952969213,0.7302020803956899,0.08968444827347227,0
-0.0005543711053581967,-0.03821163665801147,0.7246052055957455,0.09796073229036915,0
-0.0007839803295869394,-0.04148904474567698,0.7258549129555234,0.08072735309310682,0
-0.000729934594605062,-0.04188658558130191,0.7151538789376556,0.0787877368072217,0
-0.00035583193232809285,-0.03299971931793984,0.7378737317358325,0.12502465213288408,0
-0.0003577785749938413,-0.03280291777801578,0.7477693002868613,0.12569945255257098,0
-0.00042329457096739994,-0.034538306417928044,0.7434429367779156,0.11677189807620554,0
-0.0004148722401660786,-0.0347272952289486,0.7334847563731154,0.11607976781426442,0
-0.00025854186514208014,-0.02963495443731831,0.7457102013198947,0.1423629400239982,0
-0.000304279007686479,-0.031321216039686794,0.7417919665278636,0.13369379607844115,0
-0.0003019806937076359,-0.031111445566063052,0.7516875350788925,0.13436859649812805,0
-0.0002429506190748985,-0.029001008660892627,0.7553917784325845,0.14517298989676505,0
-0.0001924330748761089,-0.026741415776585502,0.7497954303563897,0.15728452866315001,0
-0.00014589730845577593,-0.02420850240127089,0.7593398619121303,0.16974929446905293,0
-0.0001434047508916333,-0.02441030611791198,0.7691708955896761,0.16791799183078626,0
-0.0001804203491950425,-0.026276203820686943,0.7622066087287023,0.1588661671192924,0
-0.00016846698934992315,-0.025482847898863868,0.7545676461342601,0.16351691156610149,0
-0.00020841933306782088,-0.027541161087387942,0.757434392950832,0.15263378421634094,0
-0.00022343653561138422,-0.028190399748207206,0.7477528158381422,0.1498237343435741,0
-9.813863635691947e-05,-0.021110745920038053,0.7710693765036278,0.1844689683096054,0
-0.00011632230201140256,-0.02286054937731705,0.7750356528854248,0.17527782875106251,0
-0.0001209835071151648,-0.02267561878252973,0.7652046192078791,0.17710913138932916,0
-9.057753870870504e-05,-0.021136625958469386,0.7809567723976953,0.1833349970024825,0
-7.60397935659402e-05,-0.01937309598161957,0.777048734014089,0.19248284592158882,0
-6.695757882179387e-05,-0.017896260254343946,0.7630565453627497,0.20184316188450163,0
-3.1086858350237845e-05,-0.013840723507851179,0.7721326267874222,0.22071777708111187,0
-5.146783945753944e-20,-0.009599975424000118,0.7875924927939573,0.2369845441608744,0
-1.5320827813778987e-05,-0.011803647973281924,0.7798625597906897,0.22885116062099314,0
-1.2472583715762502e-05,-0.011624115506543959,0.791089263892866,0.22706887314300775,0
-2.7880836468034117e-05,-0.013724468896318244,0.7833593308895985,0.21893548960312648,0
-4.3935792327017444e-05,-0.015674432044414356,0.7775803591559862,0.21060725030734206,0
-6.279068638592297e-05,-0.01773173538098253,0.7730423184436499,0.20116994270903693,0
-4.821222317606353e-05,-0.015898177728700363,0.7675945860750859,0.21128046948280677,0
-8.20907617186757e-05,-0.019486967617362943,0.7670629609331887,0.19315606509705352,0
-5.378349022335101e-21,-0.009599975423999998,0.7972715361069918,0.2347035492012829,0
-0.002787393096755612,-0.05446521668978064,0.7124999617284965,0.012988695541244547,0
-0.0031801638694643197,-0.055038199910490145,0.7219599737218161,0.009925297442217712,0
-0.0024562648741255667,-0.052869484008693485,0.7185901192597483,0.021273625296393185,0
-0.0017375010257588335,-0.05128494549844173,0.7049619851877645,0.029645782458385096,0
-0.0014549072509314799,-0.0495473211988452,0.7061963272817768,0.03871908330463353,0
-0.0019909558076500935,-0.05128003503275179,0.7148211309893823,0.029602168754963458,0
-0.0022171402026133586,-0.05287492130182896,0.7087309734581305,0.021317238999814823,0
-0.0008328114205231113,-0.04952553356328619,0.6868303790766026,0.03894028258787908,0
-0.0007111985511793824,-0.04621592725843986,0.6925454204806507,0.05625084812226223,0
-0.0007733809788037624,-0.04786970357489613,0.6896878997786267,0.04759556535507065,0
-0.0009628234019456515,-0.047013839197498755,0.69998804492822,0.052021616136572094,0
-0.001080113066442254,-0.04866996062475117,0.6971305242261959,0.04336633336938052,0
-0.0012781379715607354,-0.05040609340463443,0.6958961821321836,0.03429303252313209,0
-0.0007974482641083946,-0.045010209704244485,0.7013692740874345,0.06251987032580604,0
-0.0004985323738108359,-0.042917772200126485,0.69281756257638,0.07358381242428773,0
-0.0005946084168328969,-0.04456532064660821,0.6926814915285153,0.06491733027327498,0
-0.0006689625602928457,-0.043360324195783145,0.7015053451352993,0.07118635247681879,0
-0.00045531191284937456,-0.04003118395563614,0.7003120797885747,0.08874038490589245,0
-0.0004800994488325063,-0.041474131493296776,0.6965648211824773,0.08116209866509008,0
-0.0006214485616365226,-0.041912974156017205,0.7052526037413965,0.07876463871762115,0
-0.0005565328280314941,-0.0400033499225985,0.7102133549848337,0.088763482995493,0
-0.0003893828188662316,-0.036775268627405044,0.7090996267635103,0.10583940030450108,0
-0.00031279706590407524,-0.03337918401698516,0.7179202569816117,0.12366099720248191,0
-0.0004439712262017823,-0.03661544540094092,0.7190977038869544,0.10648714190007291,0
-0.0003508705309652947,-0.03507808713129499,0.713509941872561,0.11475019875349149,0
-0.0003907776232620258,-0.03490921353301522,0.723508018996005,0.11539794034906334,0
-0.0003408768194836443,-0.033193061840446014,0.7278969943587221,0.124342824667683,0
-0.00024275747368013604,-0.03002633249690501,0.7267234297428227,0.1411887145488662,0
-0.00027687431255068144,-0.03170500135498354,0.7223218433622172,0.13242485587567404,0
-0.0002960217784173669,-0.031505995794278645,0.7322985807393276,0.13310668334087514,0
-0.0002549033002706438,-0.029834237509550495,0.7362168155313586,0.1417758272864322,0
-0.00018317394903054725,-0.026910646419063954,0.7328561675179306,0.15748282502219318,0
-0.00021148084472479153,-0.028470201075735998,0.7297897986303766,0.1493357697855297,0
-0.0002195721281424582,-0.02826301240855241,0.7392831844189127,0.1499228825230957,0
-0.0001902502621413783,-0.02682825056001066,0.7413257989371602,0.1573836768426716,0
-0.00013868459131192697,-0.02395411464550748,0.741088381402761,0.17264666094262612,0
-0.00016021742567168192,-0.02543791733567461,0.7369722744603457,0.16506474298240964,0
-0.0001642427423734818,-0.025337639782814465,0.7454419058795754,0.16496559480288808,0
-0.00014438042737920925,-0.024079427852238815,0.7502141216574456,0.17119797770583953,0
-0.00010086622365377807,-0.02097879795202014,0.7512914184861166,0.18738259772702137,0
-6.734430187123742e-05,-0.018159457164426355,0.7431238582626255,0.20355094341269725,0
-8.324088034238685e-05,-0.019550666571054948,0.7472076383743711,0.1954667705698593,0
-8.350825435266782e-05,-0.019457620855494195,0.7571739819244332,0.1946128798057615,0
-6.837713852066319e-05,-0.01803019428955903,0.7530902018126876,0.20269705264859944,0
-4.6080359564015314e-05,-0.015607739515856549,0.754572612241442,0.2152907505289307,0
-2.3253108470099997e-05,-0.012802480932314751,0.7530793410653828,0.2307985996366293,0
-5.920760301307561e-20,-0.009599975424000158,0.7686646258365393,0.2431078637751487,0
-2.7422770639643177e-05,-0.013286024426920172,0.7626059839264026,0.22575818835887057,0
-1.5226084896283425e-05,-0.011692212114084074,0.7703986263119807,0.23191282042813027,0
-1.2072757683251203e-05,-0.011258052269381001,0.760871983450961,0.236953231705889,0
-0.0005021539184381426,-0.03836947253662773,0.7146071284723016,0.09731299069479732,0
-0.000424060647007907,-0.038403335695895706,0.7047058532760425,0.09728989260519677,0
-0.00010132063187764276,-0.02103909330294315,0.7611803974948722,0.1859257830183134,0
-0.00012223366263486426,-0.02257982727555649,0.7553156401991235,0.17856594609803716,0
-0.00011931642201955325,-0.022477993845672263,0.7461898999444387,0.18001462933482376,0
-5.628405669637793e-05,-0.016732599822278087,0.7588145788020959,0.20856695620671617,0
-3.903308604661308e-05,-0.014747199597996242,0.7633526195144321,0.2180042638050213,0
-3.420626419768584e-05,-0.014191683366155155,0.7538259766534123,0.22304467508278,0
-5.6836938435064726e-05,-0.016902473606696018,0.7488482352520338,0.20942084697081398,0
-1.1170246991916086e-20,-0.009599975424000016,0.7781285593152483,0.24004620396801155,0
-0.0017504705646784998,-0.05361459139637813,0.693150384122703,0.017558986302836324,0
-0.002324940152739426,-0.05404080981763915,0.7028251729255998,0.015273840922040436,0
-0.0017705753192181982,-0.05244944455493385,0.6990561846552338,0.02360238438061071,0
-0.0012162565796632755,-0.051568626637968816,0.6899903815996529,0.0282496344453577,0
-0.0004634204328738303,-0.05319176621506977,0.6734053904853596,0.01983860498527468,0
9.683015064623722e-05,-0.04974202774753988,0.6644853551626393,0.03784880833489062,0
-0.00014357265968923796,-0.0462751121233973,0.6715617256633514,0.05601153765479465,0
-0.00044070263108661716,-0.04624778094745379,0.682053573072001,0.05613119288852844,0
-0.00043752083987453835,-0.04789988739578341,0.6791960523699769,0.04747591012133687,0
-4.84940597732081e-05,-0.048007164051575325,0.6680235404129953,0.04693017299484263,0
-0.0003897702467383893,-0.049636169850119566,0.675657867119621,0.03839454546138485,0
-0.00012527977619475087,-0.05146565533013092,0.6689453728239995,0.028843706660082652,0
-0.0007135700482096875,-0.051357484584958396,0.6801178847809811,0.02938944378657688,0
-0.0011362512115782877,-0.05340511389406372,0.6832778873040313,0.0186987956440555,0
-0.000182058442728815,-0.04305072572063634,0.6756413750333566,0.07296547786312563,0
-0.00041359413049115855,-0.04463269132530585,0.6840933977570036,0.06460816299269392,0
-0.00016861023305184635,-0.04466141023291267,0.673601550348354,0.06448850775896015,0
-0.00034744952404125017,-0.04298610660831478,0.6842294688048683,0.07327464514370668,0
-0.00020441264836985908,-0.03988778315271933,0.6810343803938124,0.089657693305139,0
-0.00033543883236063416,-0.03996218651413507,0.6906732300911935,0.08919903910551572,0
-0.0003345575451447899,-0.041401080557617244,0.6869259714850962,0.08162075286471336,0
-0.00019812240757300327,-0.041467665867777836,0.6783378777135844,0.08131158558413232,0
-0.00022699755821584903,-0.03688728471291598,0.6891055171090846,0.10553085530036567,0
-0.00031476957510846574,-0.03683503878392893,0.6991025719362975,0.10568512780243337,0
-0.0003288890622428445,-0.03845630686765136,0.6947087984488296,0.09713562010312907,0
-0.00022081247140409965,-0.03838657481960705,0.6850699487514484,0.09759427430275233,0
-0.00021941146504211523,-0.03371527878760328,0.6979635288007222,0.12234404290939219,0
-0.00029646259508658157,-0.035240981584740906,0.7035315777821163,0.11409172160694664,0
-0.00027191895770427397,-0.033552179539683896,0.7079418928911669,0.12300252005593705,0
-0.00019046982709857777,-0.030411222685056336,0.7067658861222906,0.13988346324842124,0
-0.00020627445524330187,-0.03206309023609889,0.7023647074615065,0.13111375307890671,0
-0.00024665988542133416,-0.03188900647422779,0.7123430715519512,0.1317722302254516,0
-0.00022105189413356948,-0.03022488313412786,0.7167446579325567,0.14053608889864372,0
-0.00015184773547420577,-0.02710413905274115,0.7141489423286259,0.15749361050944405,0
-0.0001182048536701085,-0.023943140590595657,0.7218168129355966,0.17427317280008073,0
-0.00013478486242574078,-0.025524997417258683,0.7179828776321113,0.1658833916547624,0
-0.00014844296432390953,-0.025413832110622037,0.7273364902267636,0.16587799891113697,0
-0.00017024307443416496,-0.02701302778943634,0.7235025549232783,0.15748821776581862,0
-0.00019412640326993476,-0.028555847364691803,0.7204361860357242,0.14934116252915514,0
-0.00017097448659256643,-0.028757399234307663,0.7104574142254583,0.14868853687893263,0
-0.00022643515077643592,-0.03530065988240553,0.6935345229549035,0.11393744910487894,0
-0.00013049738239325753,-0.023953390200318572,0.7314525971691788,0.17345991687135343,0
-9.109164540710359e-05,-0.02096961803297093,0.7314305965037194,0.18970754700879008,0
-0.00010470999639222364,-0.022463087475782267,0.726623704719658,0.1819903599044354,0
-0.0001133478937874959,-0.022445032633858036,0.7362594889532402,0.1811771039757081,0
-9.7625149642483e-05,-0.02097745980316314,0.741361007494918,0.18854507236790574,0
-7.944219673066904e-05,-0.019579349933746902,0.7372772273831725,0.19662924521074365,0
-5.6353487458612294e-05,-0.018137816387397525,0.7233410144981921,0.20655959477064925,0
-7.240019540928748e-05,-0.019534022249192373,0.7273858055009558,0.19813357088971967,0
-6.283686974251873e-05,-0.018156413794154176,0.7332324363804088,0.20505526909167326,0
-4.073123200772887e-05,-0.015418377644323574,0.7374289616247404,0.21976388295495639,0
-1.8201238620889162e-05,-0.012509747404269338,0.7335649430165004,0.23768046323275388,0
-2.8686113465465094e-05,-0.013935416444300226,0.7354969523206204,0.22872217309385512,0
-3.2578754432381434e-05,-0.01414497569447781,0.7452541513450616,0.22528124129579286,0
-2.0947631948942057e-05,-0.012654525187771461,0.7433221420409416,0.2342395314346916,0
-3.3023697031077044e-20,-0.009599975424000108,0.7500000006248856,0.2499999997644252,0
-1.1003847157496617e-05,-0.011163082601238022,0.7515396708451342,0.24039929970052726,0
-7.29774537805168e-21,-0.009599975424000007,0.7593323132307124,0.24655393176978696,0
-5.321208205487685e-05,-0.016768317335642945,0.7402764099436829,0.2116574131838268,0
-4.922276561191726e-05,-0.016799958046473926,0.7303849880614662,0.21316173886280282,0
-4.389994846646734e-05,-0.015512274307730552,0.7460007869330911,0.21752731674194353,0
-9.852260141804079e-06,-0.011100608382140182,0.741782471820693,0.24384023149858952,0
0.0008949263239334277,-0.05327482756851566,0.6535363297801827,0.019390286288197958,0
0.0011312399338388086,-0.05030273547637481,0.6410458456759992,0.03485191081022769,0
0.00047452141195371766,-0.046720582181660676,0.6509651209699779,0.05364910434222672,0
0.0007554046820867199,-0.048510391728111314,0.6460054833229886,0.044250507576227206,0
0.0003275330606790355,-0.04823106259925631,0.6577252380663086,0.045748956338558674,0
0.0006241377899240124,-0.0500248755082716,0.6527656004193192,0.03635035957255915,0
0.0010602869950659352,-0.05178809310343932,0.647291087728091,0.027121098549212824,0
0.0004206814047321327,-0.05150747383318696,0.659010842471411,0.02861954731154429,0
0.00022236191667794082,-0.053235600175033634,0.6634708601327712,0.019614445636736318,0
0.0001624213139168751,-0.04650004182022073,0.6612634233166647,0.054830320998510686,0
0.00021464091449352446,-0.043280627490436645,0.6563244630072311,0.07175015879021517,0
0.0003258665877533205,-0.04499876660035754,0.6536447919886046,0.06269963156622094,0
6.748228622987519e-05,-0.0447778897516254,0.6639430943352913,0.06388084822250491,0
1.4183142914161316e-05,-0.04316809737905342,0.6659829190202939,0.0723578183266704,0
7.636392157223245e-05,-0.04014517018338422,0.6615167283339574,0.08832605320219457,0
0.00013585536723393322,-0.04171095806099814,0.6589205956705942,0.08003810599620487,0
-3.321494055546582e-05,-0.04159759151010528,0.6685790516836569,0.08064576553266009,0
-6.736082749845369e-05,-0.04001965293886331,0.6712755543638849,0.08899187325366678,0
-2.7772750655528704e-05,-0.03730951802268162,0.6692109190466925,0.10339471818372678,0
-8.653714127025736e-05,-0.03402176105529415,0.6780116925174369,0.12095686811099422,0
-6.343833204256368e-05,-0.03566326617512103,0.6736113057820647,0.11217579314736051,0
-0.00014870002666291155,-0.03545193576883796,0.6835586048132607,0.11324386170567995,0
-0.0001569719288616691,-0.03387416741042949,0.6879876106590795,0.12165045551019321,0
-0.00010539497015553314,-0.03067768810636219,0.6867839302866852,0.13892863523208765,0
-0.00010260912927283971,-0.027353058328810388,0.6955561665328726,0.15690042563254844,0
-8.193078284508481e-05,-0.02400994791140379,0.7011751905649749,0.17523306179680145,0
-9.231518215039453e-05,-0.025676353157672575,0.6983656785489237,0.16606674371467495,0
-0.000113555240980888,-0.025544365715897646,0.7076620664468004,0.16636333615312277,0
-0.00012946769271853986,-0.027236476208986074,0.7048525544307492,0.15719701807099623,0
-0.00014212490818699244,-0.028874169037414295,0.7011610263275816,0.14839194444048484,0
-0.00015121365236971226,-0.03055168438920894,0.6967749082044878,0.13940604924025446,0
-0.00010590903285653708,-0.029013134617233184,0.6911700484097789,0.14791453043231806,0
1.6653917117102725e-05,-0.03872571887055491,0.665363823690325,0.09586038569296068,0
-0.00010566045028909486,-0.038597764731068865,0.6751226497202525,0.09652620574443288,0
-0.00013222038665486037,-0.037102724621999136,0.6791582180778886,0.10446278674204623,0
-0.0001561935464836852,-0.0321915167416081,0.6923737295437037,0.1306363390707399,0
-9.957118164531705e-05,-0.03234716487988063,0.682397811402061,0.12994275167154093,0
-0.00010191620481503654,-0.023987315798017207,0.7114960017502858,0.1747531172984411,0
-7.045110460567782e-05,-0.021005294707314152,0.7115032078251344,0.19148912301952833,0
-3.8897736864769184e-05,-0.018042924008080302,0.7035456492212521,0.20946962498007032,0
-5.305955860756122e-05,-0.019503734101283414,0.7075244285231932,0.20047937399979932,0
-6.410446153252313e-05,-0.019581261887878582,0.7174221111616632,0.1990243588950888,0
-4.827305632878802e-05,-0.018105009726879805,0.7134433318597221,0.2080146098753598,0
-3.0482960979657568e-05,-0.015225199593869851,0.7168919994671578,0.224702947426285,0
-1.2852532709335504e-05,-0.012239555829056767,0.7165692025629304,0.24356395910103507,0
-2.1066356649180774e-05,-0.013705089990790327,0.716730601015044,0.23413345326366003,0
-2.5288371879214925e-05,-0.013900448328542684,0.7252284712418291,0.23119170532951944,0
-1.5607265935798473e-05,-0.012383957909716803,0.7250670727897155,0.24062221116689447,0
-2.0799952811013418e-20,-0.00959997542400011,0.7313353754428176,0.2568921357720906,0
-7.087444823139898e-06,-0.01094277292988541,0.723952289002874,0.2502280474365628,0
-8.389134858916412e-06,-0.011011540392798731,0.7324501592296591,0.24728629950242223,0
2.2656683772980567e-21,-0.009599975424000018,0.7406676880338516,0.2534460677682579,0
-8.210241960214202e-05,-0.020997786988808484,0.7214669021644269,0.1905983350141592,0
-9.226452191962484e-05,-0.022457909672973952,0.7166600103803655,0.18288114790980453,0
-7.706944178592738e-05,-0.02251028826711391,0.7063391991950547,0.1833610924081649,0
-4.225953599215265e-05,-0.016655062576947238,0.7201165069826749,0.21563127109846714,0
-3.5599607472284046e-05,-0.016646069038864227,0.7102188243442049,0.21708628620317766,0
-3.6099896669116054e-05,-0.015333217168355947,0.7271604805459491,0.22223341519062068,0
0.0021200924951809185,-0.05384762595640881,0.6338994449794721,0.016304589289934862,0
0.0019154323981828297,-0.05111027998794536,0.6203045672206051,0.030501911188286317,0
0.0011479096467757023,-0.0474751654532582,0.6274586597250903,0.0495636139271058,0
0.000667559973231245,-0.04400543630772753,0.6347481608178109,0.06781887641924503,0
0.000880762073331654,-0.04573860077770493,0.6311034102714506,0.058691245173175415,0
0.0008273375467612108,-0.04709992845295089,0.6392118903475341,0.05160635913466626,0
0.0006002512250469724,-0.045364002534314135,0.6428566408938945,0.060733990380735875,0
0.00044472678236538797,-0.043645323793314865,0.645536311912521,0.06978451760473009,0
0.00037077830438792426,-0.0406097076374553,0.6418524555381718,0.08576858667847814,0
0.00031045486961840126,-0.041946015918374456,0.6490884592727015,0.07875937273434666,0
0.0005017195901093093,-0.04230523247853446,0.6383003081779914,0.07679373154886159,0
0.0015474687517313176,-0.053562886929340664,0.6437178873798275,0.01784743778906641,0
0.0015615684412878762,-0.05207449401020377,0.6374726453277357,0.025578250050081276,0
0.0020396584767196366,-0.0524786511902767,0.6271020061000386,0.02340325023911059,0
0.0015552498019406262,-0.05070763785588915,0.6306752064483021,0.032676910999257,0
0.001164576622967105,-0.048889129277675816,0.6342522527005447,0.042207762368666746,0
0.0014905422540156768,-0.049291652748343656,0.6238816134728478,0.040032762557696056,0
0.000224680286035573,-0.040380209523283646,0.6516845919360645,0.08704731994033635,0
0.00019041088495664544,-0.03747476381537509,0.6492283758966237,0.10244832934583172,0
6.785153947688913e-05,-0.03428138885319455,0.6580592760512769,0.11957802233368121,0
8.201599393717129e-05,-0.037396257733158085,0.6592196474716581,0.10292152376477925,0
0.00012094818297710917,-0.03587474355557946,0.6536438259739503,0.11101317583975646,0
2.825168099455641e-05,-0.03579401590595193,0.6636350975489846,0.111486370258704,0
-1.0616085446820495e-05,-0.03415718901286593,0.6680354842843569,0.12026744522233772,0
-8.556861154212965e-07,-0.03096301748732224,0.6668319061544214,0.13754415391265448,0
-3.4259926144802015e-05,-0.027681659260413147,0.6756045218261504,0.15551049508633033,0
-3.360672795568128e-05,-0.02420670447485712,0.679837148331055,0.174910040333011,0
-3.460640884640157e-05,-0.025934532878683057,0.6777208350786027,0.16521026770967068,0
-7.023299385108212e-05,-0.027527689309308653,0.6855803441795114,0.15620546035943939,0
-6.369066428204724e-05,-0.02577197390143315,0.6876966574319638,0.1659052329827797,0
-5.912029070848305e-05,-0.024123548454849413,0.690506169448015,0.17507155106490624,0
-4.0793455247841215e-05,-0.020844877799131283,0.691640367844718,0.19382577282398628,0
-3.921365900286395e-05,-0.022522448161809386,0.6857387580878865,0.18436790657849864,0
-5.891105840926294e-05,-0.02241145270404364,0.6964077792048464,0.18452941731039385,0
-5.630938780060229e-05,-0.020938987324500717,0.7015717878349262,0.19265744792175732,0
-4.099578783247359e-05,-0.019447399147052454,0.6975930085329851,0.2016476989020283,0
-1.8105001926438352e-05,-0.01785714963293858,0.683717248901092,0.21210049613161952,0
-1.7431975769447592e-05,-0.01465003967351557,0.69793744860263,0.2310909978648876,0
-7.015342700319529e-06,-0.011599927155493964,0.702760122132168,0.25078041731931167,0
-1.2192534591292001e-05,-0.013100714668980348,0.700348785367399,0.24093570759209965,0
-9.760327426231178e-06,-0.01192512937579187,0.7096646623475492,0.24717218821017337,0
-1.6347475716447874e-05,-0.01347804330690652,0.7072533255827802,0.23732747848296132,0
-2.3911251108000487e-05,-0.014950955133907956,0.7074147240348938,0.22789697264558628,0
-2.6829007342503775e-05,-0.01631153428975302,0.7007415489119411,0.22028031142247895,0
-2.8747557008212918e-05,-0.01796986360811712,0.693631449061172,0.21078506055584492,0
-1.9139757909404068e-05,-0.01625403365987873,0.690827348751861,0.22159574699825357,0
0.00014399367881268204,-0.03881012947046275,0.6553725521152906,0.09538719127401314,0
0.0002700319812623551,-0.0390395823746621,0.6455404157173978,0.09410845801215492,0
-3.7419489357026806e-05,-0.032489339664203365,0.6724217993359292,0.12925051101182436,0
-5.4910662985662126e-05,-0.030828019803287404,0.6768079182205533,0.13823639457237108,0
-2.095896172676321e-05,-0.02931745846676928,0.6712182139902859,0.1465273244994924,0
-6.527895340910101e-05,-0.02917444193747613,0.6811942260564178,0.14721956515920898,0
2.7964782687820915e-05,-0.03261784216588881,0.6624455911028492,0.12856108812316785,0
-2.7929094904679767e-05,-0.0193325317863157,0.6876788083729051,0.2029631344778029,0
-1.1921988732604274e-20,-0.009599975424000097,0.7124075085155395,0.2630154554642965,0
-4.150461441546072e-21,-0.009599975424000045,0.7218714419791785,0.25995379561819354,0
-5.658454697841008e-06,-0.010868808198165832,0.714488355539235,0.25328970728266575,0
-3.793027528290362e-06,-0.010597460958455495,0.7075838153238537,0.2568979363918041,0
0.003044784326948385,-0.05480912097567117,0.6146962123202153,0.011146483323113954,0
0.0023749496124929152,-0.0518957775443801,0.5966934033902489,0.026217025589918855,0
0.0015616210953276102,-0.04806284941923521,0.6058959274376194,0.046307388196281364,0
0.0019402992239428468,-0.04997843230865932,0.6012946654139342,0.03626220689310011,0
0.0017433721662571842,-0.04958714876289455,0.6131002473291123,0.03840464969228384,0
0.0013857750216978817,-0.04776980619582453,0.6166772935813549,0.047935501061693586,0
0.0010466818611286925,-0.04464331729759838,0.6117923368527085,0.06425249213217964,0
0.0011132543502328437,-0.04606054052320939,0.6196254982888993,0.05690805302964272,0
0.0008766807251943591,-0.04432588097147895,0.6232702488352597,0.06603568427571233,0
0.0006381547518349161,-0.041026156922873556,0.6212906514186588,0.08335199165179427,0
0.0006636113974365988,-0.04251701613039538,0.6280194061182349,0.07558543403551965,0
0.0008229747441471893,-0.04283210819977746,0.6165414941356837,0.07380224189198695,0
0.002641861930323406,-0.05432893326263676,0.6242978286498437,0.013725536306524408,0
0.0024259350497395993,-0.05295944251149412,0.6175003897704102,0.020824197255700137,0
0.002714144599476935,-0.05335271943898451,0.6056948078552321,0.018681754456516403,0
0.002207324346191999,-0.051503233638784215,0.608498985305427,0.028359468389102586,0
0.0012820281425968679,-0.04635185044157911,0.608844132145164,0.055279940164230504,0
0.0005130078702649259,-0.04082011408493066,0.6315715534784153,0.08456028916513621,0
0.0003944625690175524,-0.03785555835512022,0.6293365515545126,0.10019972258306,0
0.000504800364703576,-0.03943797705751568,0.6253136014865857,0.09177585711742714,0
0.0003911130356694617,-0.03923382091698141,0.6355945035463422,0.09298415463076906,0
0.00029628214935195163,-0.03766829162233287,0.6392824637255682,0.10132402596444585,0
0.00021979411739249762,-0.0344921471388509,0.6381045041421292,0.11823298882418325,0
0.00021114141950077437,-0.03598369516514655,0.6436664400193765,0.11034065908500748,0
0.0002975363871474103,-0.036169436984505886,0.6337205278483209,0.10921635570362162,0
0.00014570950263396223,-0.034391734431212476,0.648081890096703,0.11890550557893223,0
0.00010973394077818719,-0.03118572266845927,0.6468787562802492,0.1361758331059018,0
0.00015817764057436126,-0.03283333029767585,0.6424916302111892,0.12720441096504254,0
9.404783353308917e-05,-0.03273264709893821,0.652469016165763,0.1278769277197915,0
5.4747828745562555e-05,-0.03108151822319126,0.6568553312173353,0.13685999350927813,0
4.368061446047027e-05,-0.028009258380614466,0.6556837897057489,0.1536768322811464,0
2.54758095108081e-05,-0.029483886049598233,0.6612578479300852,0.14561049309690044,0
4.061040063943125e-06,-0.027855264891878114,0.6656441557659496,0.15459366368373836,0
5.693020319491175e-06,-0.025815506790272166,0.6648525035879721,0.16595739908571983,0
-1.2287021270370833e-05,-0.026748401835843295,0.6702285127070613,0.16073394708602506,0
-1.6021568875809765e-05,-0.025016659529250435,0.6723448259595135,0.1704337197093654,0
1.811370179074159e-05,-0.023183641370185117,0.6586966294543096,0.1808393972054136,0
-8.202988931290414e-06,-0.02056752470900971,0.6717718803803362,0.19611543668518203,0
2.786913935345633e-06,-0.021872648785632325,0.6652342549173229,0.1884774169452978,0
-1.863344250643336e-05,-0.022369493174602063,0.6758045143556957,0.1855127385090965,0
-6.276959775283851e-06,-0.023709962723900743,0.6692668888926823,0.1778747187692123,0
1.3070762871547287e-05,-0.024493773681450337,0.6617745665211409,0.1733983981455667,0
7.238962082937206e-05,-0.029591014002940428,0.6512812729929991,0.14492633269352412,0
2.259286724426656e-05,-0.026909910355953165,0.6602681466468605,0.1598171156834331,0
-2.4548903064987617e-05,-0.020723310926061667,0.6817061241125271,0.19497060475458416,0
-1.4617612099794362e-05,-0.01920948903261169,0.6777445646407141,0.2041079664084008,0
2.8794403571926133e-06,-0.01754152022848727,0.6638587199206193,0.21447530152164518,0
-4.755028256757915e-06,-0.014325168733062863,0.6757489817829467,0.2350404798130082,0
-6.202995207923589e-06,-0.01238908356796523,0.6885888007374339,0.24736995193652703,0
-6.192645738236168e-06,-0.01336246736387851,0.6821688912601903,0.24120521587476762,0
-1.0978910502649844e-05,-0.013497706207245375,0.6932631246700319,0.2392304749007073,0
-6.962594236825426e-06,-0.01201524997528206,0.6956744614348009,0.24907518462791933,0
-8.468344239072876e-21,-0.009599975424000115,0.6930494219834117,0.2675774455059059,0
-3.094175396621424e-06,-0.01094917227598813,0.6908191113604227,0.25747369872121645,0
-2.7963475783227634e-06,-0.010561257057567152,0.6979047720577898,0.2591789314126088,0
4.8764917390383773e-23,-0.00959997542400003,0.7027284652494756,0.2652964504851012,0
-7.441397864429506e-06,-0.017722586298124614,0.6737879844108556,0.21328789882663235,0
-1.0064284207043523e-05,-0.016055153558398462,0.6797331153420194,0.22357048797231388,0
-2.3416813480748507e-06,-0.01591497129895574,0.669803850851783,0.2247578906673267,0
-1.1040226633220934e-05,-0.014520949993339765,0.6868432151927883,0.2330657388389479,0
-1.4605604236617283e-06,-0.019039305951923942,0.6678153001504777,0.20529536910341362,0
0.0035689890750064605,-0.056019423511792586,0.5958856350737063,0.004687790832024112,0
0.0028739263455928093,-0.05427622274448023,0.5820619213138853,0.013690931546413631,0
0.0020608683988985153,-0.05119744304463666,0.5739759932904268,0.02968117311072354,0
0.0016306107186162652,-0.048206049621427646,0.5840556411219433,0.04535209275250179,0
0.002256554815948692,-0.051546607512414626,0.5853346983403378,0.027949099350321197,0
0.001846200255625645,-0.049701045064733454,0.579015817206185,0.03751663293161266,0
0.0019741549314293266,-0.0500520123862444,0.5903745222560961,0.03578455917121032,0
0.0016318651926118853,-0.048134586626451,0.5949757842797814,0.045829740474391575,0
0.0011756415154795545,-0.044814287683494075,0.5922706950683312,0.06312897509466062,0
0.0008092461935528261,-0.041369338745062136,0.6008258255455229,0.08125270744459041,0
0.000980132209860063,-0.043089774379491734,0.596548260306927,0.07219084126962552,0
0.0009246502099073558,-0.04300769280713457,0.6063090811991156,0.07275259978838503,0
0.0011315618245022953,-0.044729303927866323,0.6020315159605198,0.06369073361342012,0
0.0013628532206866604,-0.046440008073244526,0.5990833112529753,0.05471818164547099,0
0.001391401561072494,-0.04650904423359986,0.5881631680951372,0.054240533923581205,0
0.0033700972117463182,-0.05541395671981014,0.6052909236969608,0.007917137077569032,0
0.002916352537782593,-0.05395785530711517,0.5962895192319776,0.015452408210971484,0
0.0032180899542115686,-0.055147973839564074,0.5889737781937958,0.009189361189218872,0
0.002646676779381316,-0.053085430243616005,0.5893776623520671,0.019953978568166244,0
0.0024372511242109996,-0.052737513152027994,0.5780189573021561,0.021686052328568586,0
0.0007375441086907495,-0.0411988548756476,0.6110582384820908,0.08230234954819235,0
0.000537671651221663,-0.03798577041101542,0.6095677399252863,0.09916565202309742,0
0.0004745158542508348,-0.03792293723334527,0.6194521457398995,0.09968268730307871,0
0.0005903554487518621,-0.03950778356825675,0.6154291956719726,0.09125882183744585,0
0.0006628799630639479,-0.03967442089111893,0.6051967827354046,0.09020917973384392,0
0.0003438743943890189,-0.03464149926758595,0.6181399985258692,0.11702767912447902,0
0.0002090349442425607,-0.03134412400564836,0.6269212073030672,0.1348706608404052,0
0.0002699805708865029,-0.032986652906502996,0.6225306029144682,0.1259491699824421,0
0.0002866935045039322,-0.034570618603072895,0.6281222513339992,0.11763033397433113,0
0.0003720137768150923,-0.036250157141211284,0.623738275040191,0.10861370085376951,0
0.0004322595207044271,-0.036309172252154194,0.6138538692255777,0.10809666557378822,0
0.00016185554240090956,-0.03127083053935253,0.6368999817916582,0.1355232469731535,0
0.00021769744153233794,-0.03291942306427234,0.6325128557225982,0.1265518248322942,0
0.00012012214372693622,-0.02828031384882125,0.6360098409204922,0.1517554199851469,0
0.0001601558076279943,-0.029804991286004355,0.6314655241117797,0.14331304041277604,0
0.00011784802337626166,-0.029733578839018004,0.6414442986003707,0.14396562654552436,0
8.269727088345397e-05,-0.028152983637992086,0.6458468153131205,0.15271612613314667,0
6.0491474087670164e-05,-0.025577218241303244,0.6462992636239611,0.16701221538441197,0
5.7073998264945926e-05,-0.02269304022239315,0.6390492390317896,0.1830304140624629,0
2.2276291620004022e-05,-0.02013685258402373,0.6519081407482807,0.19844608709590222,0
3.8776606483013213e-05,-0.02295371928578589,0.6488729342430496,0.18193490563393824,0
2.1154578707434588e-05,-0.021650591463517842,0.6553023851012951,0.1896427421506579,0
3.765034254652973e-05,-0.021406352890940884,0.6454786898900351,0.19073825057918256,0
8.727584542851033e-05,-0.02692204616958231,0.6411545522722266,0.15938381768477944,0
5.3985231350282626e-05,-0.026792602591644236,0.6509915266648549,0.1603445238327792,0
3.394822876838671e-05,-0.025706951984575947,0.6555758836059666,0.1664848072350659,0
3.693812072580995e-05,-0.024376555204082828,0.6524979465391354,0.17392580629491278,0
5.9628747608996864e-05,-0.024131427837925195,0.6426742513278754,0.17502131472343743,0
7.604623450946988e-06,-0.02037151562443531,0.6618400105643085,0.1972807618905421,0
1.1008197589800545e-05,-0.018830387715182993,0.6578834303344501,0.2064606943087737,0
2.0655024007306337e-05,-0.01709718235979539,0.6444440392971342,0.21648032082302776,0
2.215172858611594e-05,-0.01860593346972621,0.6481760900227075,0.207463203959465,0
1.2280061498963514e-05,-0.01734340497445299,0.6541513796088767,0.21547781117233647,0
6.10951558111574e-06,-0.014643818752673643,0.6559475766070665,0.23285225865602205,0
7.164245241357511e-07,-0.01192075110657849,0.6636053611338544,0.25194289681087667,0
-1.753400505841818e-06,-0.011292001465470417,0.6774139500142056,0.2562648882928344,0
-3.256591887309792e-06,-0.012770072951570335,0.6765814658985762,0.2456526840529213,0
-7.60962710325573e-07,-0.01162415411814859,0.67050965557403,0.2541038925518555,0
-1.1037775140180582e-06,-0.013110240385579742,0.6696771714584006,0.24349168831194246,0
4.6631655151983724e-07,-0.01451457017865796,0.6658482791950067,0.23394636923451512,0
2.6852102685669523e-06,-0.013254728387448551,0.6597764688704604,0.24239757773344936,0
5.282245829664625e-06,-0.016075193780484314,0.6599031482638429,0.2236637800888336,0
1.2200971022770547e-05,-0.0158558201014931,0.6501958079521004,0.2246662897395249,0
-3.6322350200847665e-06,-0.011842689385150111,0.6830013753758197,0.2518174201146807,0
-1.4681093138894005e-06,-0.01045160166875452,0.6852316859988086,0.2619211668993702,0
-8.481910001118747e-22,-0.0095999754240001,0.6732965042312522,0.2698440293940874,0
-3.441071348220595e-22,-0.00959997542400003,0.683172963107332,0.26871073744999663,0
-6.561987677426993e-07,-0.010420789617819321,0.6753552271227289,0.2630544588434609,0
0.0036470630421396068,-0.057332905674100466,0.5772577818202688,-0.002285719282501236,0
0.003669822803031131,-0.056675392963601384,0.5865717084469875,0.001201035774761438,0
0.003251407510493408,-0.05580465839747095,0.579659851567077,0.0057026061319561975,0
0.002616206167297446,-0.05490290251519802,0.5642255779305058,0.010314850200561021,0
0.0017770168967626739,-0.051916761165407235,0.5538867011009613,0.02580146769597234,0
0.0021661107374532323,-0.05341063120266537,0.5590561395157335,0.01805815894826668,0
0.0023423994873840834,-0.05304985361355224,0.5691007856104663,0.01999801165564228,0
0.0019515530186346253,-0.05155615852759344,0.563931347195694,0.027741320403347938,0
0.0014526433700204915,-0.048367789608156464,0.5630598491768982,0.044318559037954945,0
0.0016190149315233663,-0.05014193873837054,0.5584732751389297,0.03506001336696364,0
0.0017372368943354404,-0.04978358640523531,0.5685179212336625,0.03699986607433924,0
0.0015688947762728324,-0.0482863166028914,0.5735577451494207,0.044835325895228366,0
0.0011456874083616499,-0.04505858594621788,0.571879533643375,0.061609223002499346,0
0.0012975991114093084,-0.04671240801552825,0.5674696914101366,0.052963891020227145,0
0.001373069344911811,-0.04663388081625199,0.5779675873826591,0.053480657877500566,0
0.0011820122214549408,-0.04493605249161435,0.5820751143558531,0.062369099048579985,0
0.0008534961458345577,-0.041620530742539116,0.5807974365957141,0.07961844386094548,0
0.0008466153389805703,-0.041494957264455866,0.5908116310706185,0.08043557565276795,0
0.0010059693072733346,-0.043219423327333174,0.5865340658320226,0.07137370947780305,0
0.0009940821665650732,-0.04333800595011094,0.5763384851195446,0.07061383343172241,0
0.0027788489704524666,-0.05458895029829221,0.5731437496221956,0.012002890873487326,0
0.003103925838857777,-0.056118382885063454,0.5707416798753873,0.0040145654590298925,0
0.0006108681013674814,-0.038197577944016015,0.5896174340537164,0.0976335050478968,0
0.0007254483373820339,-0.03990642863268096,0.5852074353247152,0.08862597445442114,0
0.0007064440182113227,-0.03978596625471682,0.5952216297996196,0.0894431062462436,0
0.0005846492072349913,-0.038092456057322206,0.5995925869895014,0.0983995785354971,0
0.0004229185789743319,-0.03482298894881557,0.5981959789823307,0.11552830623615803,0
0.0002800608078507854,-0.03141737862250292,0.6069469971183857,0.1338046540654799,0
0.00017825352395559494,-0.02816207629763868,0.6162211337381043,0.15161856351084818,0
0.000224848942191443,-0.029781066918348607,0.611584065428245,0.14271160878816402,0
0.00019488597949643446,-0.029755914522576123,0.6215711705205857,0.14324461217562667,0
0.00024884120561230536,-0.03138490519573454,0.6169341022107264,0.13433765745294254,0
0.00031266990897678226,-0.03303281863234317,0.6125434978221275,0.12541616659497945,0
0.00039015441571398627,-0.0347342304604227,0.6081679887540999,0.11627799268031852,0
0.00034581203121087495,-0.03311395279363778,0.6025714880503582,0.12466648015081896,0
0.0005104757500876174,-0.036506270896818516,0.5939067065180235,0.10658090564202741,0
0.00047972785641049677,-0.03640748335067483,0.6038818594538085,0.10734697912962773,0
0.00015193170253018976,-0.02822858403806431,0.6261154873292982,0.15168699174799755,0
0.00010694114855750353,-0.02528798949984215,0.6271957364244403,0.1678583305605766,0
8.453624965413567e-05,-0.022101105383441233,0.6194723059933049,0.18510328950263005,0
4.615708712087513e-05,-0.01955650415498311,0.6321193564029985,0.2007234163836913,0
5.199311038634353e-05,-0.021118773779831294,0.635584297717394,0.1918769152230771,0
3.525131936601399e-05,-0.01986703383538206,0.6420137485756396,0.19958475173979676,0
3.1935427802415866e-05,-0.01831303631110026,0.6382816978500664,0.20860186860335952,0
3.3110727811169296e-05,-0.01655268888842511,0.6258424737268324,0.21800237371521797,0
3.9744424869015686e-05,-0.018047278284009663,0.6289809150649155,0.20936289504945463,0
2.7576302151071685e-05,-0.016847617897862655,0.6351432565119833,0.21724134726912286,0
1.488799768166416e-05,-0.014377101520632353,0.6382949733257581,0.23320400069122366,0
5.041611503636334e-06,-0.01198470541373893,0.6455152115923048,0.250307872102832,0
6.2705882956249055e-06,-0.01330304484369613,0.6507313940996857,0.24158006537942703,0
2.8961281649843258e-06,-0.011983791579764008,0.6545602863630796,0.25112538445685434,0
4.409865281642701e-21,-0.009599975424000087,0.6534213954170096,0.2693798926734765,0
7.676236084492098e-23,-0.009599975424000052,0.6633589498241309,0.26961196103378193,0
-1.8856833298791767e-07,-0.010726024011116341,0.6684509326825533,0.26089346310248207,0
8.748909706105917e-07,-0.010731881428084906,0.658513378275432,0.2606613947421766,0
1.86162644805052e-06,-0.01074690908550908,0.6494683035046572,0.25984388238815426,0
0.00011453549154968754,-0.026784242169198225,0.6316027886724662,0.15980687527286175,0
0.0001396124546543654,-0.026715154002181555,0.6217084350812723,0.15973844703571238,0
8.538615183576306e-05,-0.02544328941767944,0.6367475000242007,0.16743527297249428,0
7.972411272269356e-05,-0.02398112216717045,0.633122487728115,0.17544437231151977,0
9.587195818844333e-05,-0.023693980387530657,0.6233340212088726,0.17648081003160332,0
7.245889636518313e-05,-0.022412250947449842,0.6292607725125472,0.18406685178254648,0
6.36590760175245e-05,-0.020814541759051113,0.6257958311981517,0.19291335294316067,0
1.8056753982346377e-05,-0.015724910505432094,0.6413695063114462,0.2248421607571257,0
2.294889103892934e-05,-0.015448171454016231,0.6320687235262953,0.2256031872032208,0
1.0769216919930279e-05,-0.014534617332843308,0.6471212749664124,0.23302812967362285,0
9.234533189348205e-06,-0.013155397787721793,0.6419050924590315,0.24175593639702783,0
0.0032756606508235107,-0.058605127481995305,0.5585397280533286,-0.009010711723416059,0
0.002052741952350715,-0.055906326380281986,0.5434764442059479,0.0049939901124227415,0
0.0012240907322406695,-0.05223190663767047,0.5339997550099135,0.024065632701728058,0
0.0016001371280227924,-0.05407018524737638,0.5387380996079307,0.0145298114070754,0
0.0015209265684885207,-0.0520733395347776,0.5439432280554374,0.0249335501988502,0
0.001932742494013777,-0.05391147117944302,0.5486815726534546,0.015397728904197541,0
0.002374906689623262,-0.05540359375403731,0.5538510110682269,0.007654420156491881,0
0.002625110303466167,-0.057256252361666926,0.5510080861296383,-0.002008360805496659,0
0.002945342877077508,-0.05675420730738971,0.5613826529919173,0.0006520692385724811,0
0.0035143949349021545,-0.057968158023175925,0.5678987549367986,-0.005648215502958648,0
0.0011299391266996607,-0.048764740982947224,0.5431652971959229,0.04210908773071781,0
0.0011889653730659867,-0.050498358205623664,0.5385825261029182,0.03308736021622293,0
0.0014275210366178138,-0.05034186401269656,0.5485259991484421,0.033955277713345076,0
0.001311920556954301,-0.048565116213027705,0.5531125731864106,0.04321382338433638,0
0.0009628905750737278,-0.045311288454510525,0.5519374046617269,0.06008270304350815,0
0.001189744481028951,-0.046841028414138466,0.5574986269193125,0.05220063104073155,0
0.0010511402463176363,-0.04703777935370329,0.5475513509288249,0.05109589538711298,0
0.0010717263405103984,-0.04518382334717669,0.5619084691525509,0.06084596302300375,0
0.0007761209762511466,-0.04185327085401826,0.5607407613303323,0.07810099264816053,0
0.0005987575182543477,-0.03842380141301944,0.5695400365070811,0.09602236396417005,0
0.0006158105828147709,-0.038309950284589334,0.5795787352803987,0.09682793450603341,0
0.0007183590713463073,-0.04002519655484775,0.5751687365513976,0.08782040391255777,0
0.0006852705839992005,-0.04013682609250167,0.5651403989187067,0.08706167830616529,0
0.0008292286891713751,-0.041735873543655745,0.5707690989630232,0.07885971825455301,0
0.0009477518466633745,-0.043458143211821315,0.5663101474868537,0.06985510782532994,0
0.0008698725709380566,-0.04358147917927944,0.5563390829960296,0.06909184784583434,0
0.00044545705407832815,-0.035046045752893586,0.5782699058489318,0.11377133083375965,0
0.0005188314172761862,-0.03673189124326133,0.5739049711780064,0.10489684739896485,0
0.0005243306192341886,-0.03662577564023592,0.5839436699513241,0.10570241794082821,0
0.00044192990828545475,-0.034934397200517504,0.5882329424156312,0.11464981853495884,0
0.00031598157365369904,-0.0315845324273873,0.5870155293837709,0.13212510932864208,0
0.00021219597203058003,-0.028058193570612833,0.5967045926755369,0.1511557315611583,0
0.00030324029863023483,-0.03150221837055582,0.5969812632510783,0.132964881697061,0
0.00024521568764871544,-0.029742942798256795,0.6018257948969613,0.14248019281331908,0
0.0002604687577908736,-0.029812088434954268,0.5918600610296538,0.1416404204449002,0
0.0003676061420619936,-0.03320878749801123,0.5926057541830507,0.12382670778240006,0
0.0003768643118898661,-0.03331007790925976,0.5826427176163513,0.12294822008120086,0
0.00019860400819414576,-0.028114719471575615,0.6064628632068205,0.15138714753600324,0
0.00013707008887591532,-0.024846558356671565,0.6076610344759955,0.1690652897459275,0
0.00015728164740258713,-0.026507129772243013,0.6119410841070498,0.16034192662838784,0
0.0001719544841352326,-0.026439236543898664,0.6021828135757662,0.1601105106535429,0
0.0001244025805612578,-0.025077192076519088,0.6174283854502178,0.16846181015325207,0
0.00010888863825156287,-0.023459794412843748,0.6135666702346503,0.17708428962427877,0
9.778497142001165e-05,-0.021411327360439686,0.6001844654802541,0.18710386909456506,0
6.0500796021409914e-05,-0.018801644219932998,0.6122393283745259,0.20305109390546672,0
4.5698319832626246e-05,-0.017659297175768033,0.6190409010506792,0.21052673381034234,0
5.466015445492425e-05,-0.01919976833259188,0.6221793423887623,0.201887255144579,0
7.234002271974701e-05,-0.020450479196845547,0.6158558171839155,0.19407719170404839,0
9.29639462536766e-05,-0.02176959613834207,0.6098283857367794,0.18610357929859755,0
7.791629940433333e-05,-0.020086716634093078,0.60621189692739,0.1950774815000159,0
0.00011663366579410632,-0.02313237688774907,0.6039227499781248,0.17808457942024628,0
3.58769002190892e-05,-0.01528588001681835,0.6059643812784173,0.2224736444439812,0
2.117787868358695e-05,-0.014052542551463983,0.6214427303487884,0.2328381325424719,0
2.8160388713026107e-05,-0.014661751981293741,0.6137035558136028,0.22765588849322654,0
2.70972340885175e-05,-0.015294209976905893,0.6236426020378104,0.22542025312884495,0
3.5647733296784323e-05,-0.015949616978481494,0.615903427502625,0.2202380090795996,0
4.78193281546099e-05,-0.01703912201069607,0.6091018548264716,0.21276236917472396,0
1.838662683568857e-05,-0.014235882462696841,0.6298688518372733,0.2330210666168478,0
8.778221747868663e-06,-0.011887255247057481,0.627564050363254,0.24821266271919817,0
1.0429093163068573e-20,-0.009599975424000099,0.6337804105772695,0.2662788319031117,0
3.7051903217341214e-06,-0.010698573478561459,0.6306722304702618,0.2572457473111549,0
7.075581102152547e-06,-0.011964878168601104,0.6365396309777794,0.2492602674110151,0
1.2369800114356632e-05,-0.013133202504500003,0.6329295118445061,0.24070833170521092,0
1.43496953504997e-05,-0.012946074259172734,0.6245033903560212,0.24052539763083502,0
1.1434944787933055e-21,-0.00959997542400003,0.6436009029971396,0.2678293622882941,0
3.0130113736008727e-06,-0.010780451182340191,0.6396478110847872,0.2582933520029719,0
0.0024835347507429586,-0.059687052579438744,0.5394884403747824,-0.0147110115514686,0
0.002921333927752088,-0.059145313386634105,0.5490140842140555,-0.011860861637442328,0
0.0022701395258024754,-0.05779710273108819,0.5414824422903651,-0.004858510719522929,0
0.0015853977467140644,-0.058117544479719424,0.5277286746943781,-0.006561706176923481,0
0.0010786674424039622,-0.05546963185310945,0.5227960039222622,0.0072060866111512975,0
0.0011767842713147707,-0.0538507250131051,0.5283978794660878,0.01563585965643968,0
0.001570626582402011,-0.05568724473513201,0.5331362240641051,0.006100038361787019,0
0.0013156748573676736,-0.05679400906062488,0.5252623393083202,0.0003221902171139084,0
0.0018569701612867545,-0.05701133910922225,0.535602559450163,-0.0007838580322503696,0
0.002017135773516005,-0.05890237009421008,0.5336085575345803,-0.01063635886419604,0
0.0006542860430418561,-0.04901377932202969,0.5232136514427058,0.0407191578699324,0
0.000905469450578271,-0.04888789226092999,0.5331894743193144,0.04141412280032511,0
0.0009129081565897963,-0.050623827435532544,0.5286067032263096,0.03239239528583023,0
0.00055382081838415,-0.05238898081194494,0.5147337785744367,0.023195430463242402,0
0.0006193836589123492,-0.05070182482728998,0.5189737150085713,0.0319572941665874,0
0.0008991912274984809,-0.05230942259227693,0.5243667667921751,0.02363053158248523,0
0.0007927966721034384,-0.05392995624961369,0.5187648912483495,0.01520075853719685,0
0.0006551058514421696,-0.04554871869642073,0.531985759774169,0.058692773171725596,0
0.0005928048274077887,-0.04208296545962128,0.5407581982904186,0.07666165016145239,0
0.0005007516432955658,-0.038622891272648854,0.5495319588015312,0.09461157207636507,0
0.0006962513146886334,-0.04196622172410621,0.5507494798103755,0.07738132140480647,0
0.0006277846872078934,-0.0402411976111569,0.5551363600659318,0.08635628236226281,0
0.0005488798713024137,-0.04035235017618866,0.5451450785459748,0.08563661111890873,0
0.0006650930095058432,-0.0472815898748936,0.5275997056084374,0.049705965520828996,0
0.0008714679995186185,-0.04715818139311349,0.5375755284850459,0.0504009304512217,0
0.0008220603112915058,-0.045428367187204034,0.541961582217948,0.05938773810761687,0
0.0007622997078989131,-0.043699278499688576,0.5463478014760728,0.06837217660248027,0
0.0006295195390659043,-0.04381587429572024,0.5363719790322938,0.067677211666589,0
0.0005595640311675391,-0.03852130728933813,0.5595359976543062,0.09531696802026757,0
0.0004021750775847489,-0.035194507665320555,0.5583139721412529,0.11244301348057051,0
0.0004314530269287722,-0.03511840449540193,0.5682919389950923,0.11310717215716508,0
0.0004936969969698363,-0.03681353101625569,0.563927004324167,0.10423268872237028,0
0.00045142659862178723,-0.03690704814073279,0.553922965471392,0.10352729277846778,0
0.00031465973149418696,-0.031962874798256755,0.5671593730337748,0.12936453059392783,0
0.00021823823471456822,-0.028010950703585818,0.574564620384726,0.1501212670131319,0
0.0001473916365753865,-0.02434476704962598,0.5878182415969656,0.17019950574749476,0
0.0001813148820160918,-0.02616048993048613,0.5811914309908458,0.16016038638031332,0
0.00017792290506553934,-0.026208863730190324,0.5922614171362512,0.16067761865432653,0
0.0002199723181477471,-0.02803542475543577,0.5856346065301314,0.1506384992871451,0
0.0002646165671169672,-0.02980741896226608,0.5807900748842485,0.14112318817088698,0
0.00032099159569094445,-0.03177143635507654,0.5770874512087729,0.13074481996128495,0
0.0002632037410616478,-0.029981350092505556,0.5708619967092504,0.13974289880352986,0
0.0003765088423560491,-0.03350996016771763,0.5727146394413534,0.12156793071384374,0
0.0003575726006361762,-0.03357538171228455,0.5627366725875138,0.12090377203724917,0
0.00014489149560218838,-0.024602951985325784,0.5977396380364806,0.16963239774671113,0
0.00012133832255040068,-0.022859527482427717,0.5940013535386098,0.1786516874210299,0
9.640289217238033e-05,-0.020589162192271887,0.5804498258240766,0.1892421672744161,0
0.0001202775007989053,-0.02247627348440611,0.5841340337105211,0.17972083651095544,0
9.890079888971385e-05,-0.021011136973728046,0.5903171456521653,0.18817301818449056,0
6.509190181542563e-05,-0.018026411204794236,0.5928961291877738,0.20469081314116241,0
8.081805242624328e-05,-0.01972452296406572,0.5965402973340139,0.19589734111786372,0
6.405840318415276e-05,-0.01843120658758443,0.6025677287811498,0.20387095352331458,0
4.943108978174597e-05,-0.01662218403543981,0.5994302552330956,0.21358222879257183,0
3.9755400672911714e-05,-0.015004109539136386,0.5869997537431495,0.2202609489781849,0
5.205310600283524e-05,-0.016520275727913022,0.5899479414654616,0.21247588105967366,0
3.848511582572436e-05,-0.015157378245960008,0.5964820675107834,0.22136729671108307,0
2.005447696927322e-05,-0.012568860049019215,0.5919099502612322,0.23524636571898863,0
1.406573054883588e-05,-0.012168996895045059,0.6095477733936301,0.24229798174485975,0
2.405223359251079e-05,-0.013692272231483806,0.6077560773360238,0.23238581309442047,0
2.8555237937147358e-05,-0.01395438763345246,0.5989371657698248,0.2288600050814849,0
1.7117064003117082e-05,-0.012372010468637498,0.6007288618274311,0.2387721737319242,0
8.024436549661096e-05,-0.01928411551974657,0.5866729775059252,0.19696649020778925,0
1.8113357740234135e-05,-0.013126497350575942,0.6154952518712092,0.23756805714366583,0
1.1460065081596183e-05,-0.012045167498596784,0.618555911878442,0.24525532223202895,0
1.5564230405797772e-20,-0.00959997542400012,0.6145738133118693,0.2611084204283166,0
4.903136126350447e-06,-0.010752561259533798,0.6210689318375617,0.2546605415737574,0
8.407773938718682e-23,-0.00959997542399999,0.6241771119445694,0.2636936261657141,0
2.9371672585440617e-05,-0.013763313980847357,0.5894548520021908,0.22775365734858677,0
6.234362014443588e-06,-0.010835684389803148,0.6120607933527498,0.25170320108658817,0
0.0013476133500853287,-0.06042619945395031,0.5199919856465182,-0.018596944807448675,0
0.000635978518459677,-0.0579723948041416,0.5110914487090014,-0.005829799382898648,0
0.001112645138100846,-0.05804450598431579,0.5194100617016897,-0.006195752779911064,0
0.0008847825319115138,-0.05672090841258495,0.5169437263156318,0.0006881436141263249,0
0.00015224164403017536,-0.05525044213822179,0.5032238753005094,0.008322003946491562,0
-0.00020337235381065688,-0.052466498840560406,0.49464182546537844,0.022781940296283765,0
9.60995825537661e-05,-0.04927432798413792,0.5032620053486919,0.03932922797403587,0
0.00017804246263419658,-0.052426589331359755,0.5046878020199076,0.022988685379763084,0
-3.4801434899046986e-05,-0.050871072819847665,0.4989519154070352,0.031055584135159818,0
0.0002998816244635463,-0.05083223854881107,0.5089978919615643,0.03126232921863913,0
0.0003824761209117247,-0.04914256807860786,0.5132378283956989,0.040024192921984135,0
0.00026200004645431346,-0.04580057364537127,0.5120341147436943,0.05730284256830236,0
0.0003287721337435187,-0.04232021706955997,0.5208063444421174,0.07527474889266395,0
0.0003328244732871109,-0.03883429648491983,0.529578723280598,0.0932445534579163,0
0.0004507404530201142,-0.040461376677457375,0.5351684607855083,0.08495310180968435,0
0.0004243546929108094,-0.03872552681189895,0.5395553410410645,0.09392806276714069,0
0.00030150382834311356,-0.035343697113944236,0.5383504498819588,0.11122370230781742,0
0.0003202062504026943,-0.03708903595298108,0.5339645865812783,0.10223412788286686,0
0.0003925404170785436,-0.03698749574366902,0.543941204341745,0.10291763719209124,0
0.00035824703788923674,-0.03526554735052343,0.5483322110116058,0.11183335789419396,0
0.0002591853083071667,-0.03205989157961209,0.5471938689563843,0.12817365420632604,0
0.0002922013223113822,-0.032007664711860624,0.5571766209950796,0.12876909240012693,0
0.0003254379665387424,-0.03363282582661125,0.5527539205488186,0.12030833384344827,0
0.0002817308068931222,-0.03370046631754035,0.5427721594191716,0.11969867825707173,0
0.0014848916879400588,-0.05927186752882926,0.5238603301704481,-0.012579325492186077,0
0.0019436171504398744,-0.06005598495856599,0.5297402130106503,-0.016653978179458635,0
0.0009678207317606231,-0.059199528158496925,0.5155417171777598,-0.01221337209517366,0
0.0003729851738942108,-0.0566117503024014,0.5071576620047553,0.001246102281796457,0
0.0006160822142169223,-0.0553592170418355,0.5130099396113859,0.00776404527882143,0
0.00037917471182629146,-0.05381981070049796,0.5089788269374731,0.015758717204866983,0
-4.495841345974905e-05,-0.05385880724622003,0.4989328503829439,0.015551972121387665,0
0.0004374489538988985,-0.04740825747254783,0.5176238830932001,0.04901100021911738,0
0.0004667797658342393,-0.04567271023134977,0.5220099372589316,0.057997807870013976,0
0.00030529480817365545,-0.04406123885086821,0.5164202295929059,0.06628879573048316,0
0.0004757494162963909,-0.04393621447627624,0.5263960521081432,0.06698376103219478,0
0.00046905155679855865,-0.04219911680957205,0.530782271366268,0.07596819952705816,0
0.0003367170221344081,-0.040577874095026216,0.5251925338613577,0.08425965117529012,0
0.00019405872369531688,-0.04753832354065361,0.5076480600461931,0.048316035271169115,0
0.0002275677342602323,-0.02954817438003528,0.5562896788699381,0.14129718920615866,0
0.00016471488705150825,-0.026483156264194018,0.5546900899763073,0.1567669203006948,0
0.00013484130226656485,-0.0236595490241683,0.567822417254498,0.17204912137042525,0
0.00014358096998195484,-0.024006061243892082,0.5778203294257318,0.17112431355896002,0
0.00017262404635648188,-0.025846152056454078,0.571193518819612,0.16108519419177858,0
0.0001507337532421965,-0.025057983368234497,0.5612562536154027,0.16440802083556003,0
0.00019346545895077352,-0.027252197497337545,0.5646273551805167,0.15344409365691336,0
0.00019391565583758884,-0.02801954257031109,0.5554898844231226,0.14903205475342673,0
0.0002267023688772951,-0.028770378877525715,0.565427149627332,0.14570922810964526,0
0.000269331483275352,-0.030760692984288296,0.5617245259518564,0.13533085990004323,0
0.000244374776726573,-0.03080073302876501,0.5517417739131611,0.13473542170624236,0
0.00011538149667745323,-0.022103529053797304,0.5741361215392873,0.18064564432242067,0
8.201718610323017e-05,-0.019698485139720178,0.5607954551020379,0.1914047715583862,0
0.00010638363381752009,-0.021695030035902202,0.5643089361782679,0.18172694646440574,0
9.062605647504561e-05,-0.02014894957332626,0.5706226404630572,0.19032346941640116,0
5.520860181575237e-05,-0.01661528288395893,0.5720458490870644,0.20874012706236988,0
2.6010238481512638e-05,-0.013102659376764927,0.5729038564030826,0.22727053791073187,0
3.997179549282432e-05,-0.014848703853207202,0.5724748527450735,0.21800533248655088,0
4.759051763666094e-05,-0.015784410286478312,0.5795228014151069,0.2145005380202774,0
6.140887354318223e-05,-0.01734208550618803,0.5824709891374191,0.20671547010176616,0
7.46784578782717e-05,-0.018620374805440397,0.5762478374555704,0.198991147168393,0
6.852402202392135e-05,-0.018129180834282613,0.5664206520945512,0.20007244931037804,0
3.3272461892672164e-05,-0.014077468772342956,0.5799518050731161,0.22376574344445838,0
2.320991481659378e-05,-0.012821958990023967,0.5824069033321574,0.23125845181486027,0
3.1001405869507394e-20,-0.009599975424000122,0.5771256493879255,0.2476650949489697,0
1.059344700176538e-05,-0.011127923784832534,0.5845177998245789,0.24145573033397916,0
1.2403583067358999e-05,-0.011309689544857834,0.5750147528955041,0.2374678164298508,0
2.6628598279307067e-20,-0.009599975424000108,0.5957591842547643,0.2546417214683406,0
9.242689843076684e-06,-0.011037818040867299,0.5938345672579982,0.24494404359366462,0
4.300440677235718e-21,-0.009599975424000005,0.5864424168213449,0.25115340820865517,0
7.6004595715084335e-06,-0.010909156000229875,0.6026534788241972,0.24846985160660018,0
2.540168405067326e-21,-0.00959997542400004,0.6051664987833167,0.2578750709483286,0
1.1832334768301385e-05,-0.06069338932864632,0.5001667238268589,-0.020000204702152784,0
-0.0004192438980722815,-0.057879309754578875,0.4926414284758878,-0.005348030319787097,0
-0.00022587701372619404,-0.059286572409740675,0.4964040761513734,-0.01267411751096994,0
0.00010717864581589055,-0.05792524589196709,0.5018664385924446,-0.0055889148513428724,0
0.0003553847842743306,-0.05933296431286261,0.5056290862679301,-0.012915002042525716,0
0.0006896635970162944,-0.06055923635250533,0.5100793547366885,-0.019298574754800728,0
-0.00010707404962246044,-0.05656504712747874,0.4979326518881986,0.0014869868133522324,0
-0.0006329891527639957,-0.054929786500246575,0.4861714735889371,0.009997089857047755,0
-0.0002465084463553306,-0.05508945045605015,0.49469767444472323,0.009159546901769658,0
-0.0004006244914092838,-0.05369846406739995,0.49040664952715773,0.01638951507666576,0
-0.0010254978865204603,-0.05309471647810254,0.4738094212426978,0.019557365436513215,0
-0.0004961849185671443,-0.049546567600990875,0.4833103590922982,0.0379392980319706,0
-0.0007331127838693032,-0.05132172445760516,0.478559890167498,0.02874833173424191,0
-0.00037148837400194666,-0.05100665403855511,0.4889760922788383,0.030360619164127182,0
-0.00019885785168633388,-0.04940902797065125,0.49328618222049503,0.03863426300300324,0
-0.00017657400193845431,-0.04606815211141441,0.49208246934803157,0.05591291234053344,0
-0.00031752270822489045,-0.04780863421904961,0.48769641422016485,0.04692610518625202,0
-5.94955168831206e-05,-0.047671811427856654,0.49767223734836175,0.04762107015728465,0
4.582315229463907e-05,-0.045932402681768625,0.5020582920458629,0.0566078774544179,0
1.4356058412214484e-05,-0.042578584611137754,0.5008545796167106,0.0738865246520739,0
0.00011557601507720654,-0.03907617219446072,0.5096266911418413,0.09186014968912361,0
0.00020998090992897333,-0.040700149430115545,0.5152165177919794,0.08356744929089377,0
0.00022892503880226326,-0.03895160181066479,0.5196027072112197,0.09255235157351996,0
0.00015765894385133596,-0.035560143797947745,0.5183988186342836,0.10983378744800226,0
0.00014241453935500762,-0.03731984267651921,0.5140127548880624,0.10084696856856293,0
0.00023603605636390255,-0.03720052402393631,0.5239887709574408,0.10153917045295928,0
0.00023417363496144015,-0.03544713543391993,0.5283746342581213,0.11052874487790984,0
0.00016336036836962146,-0.03203193536138092,0.5271709424475661,0.12780741893228162,0
0.00015336101360218407,-0.02848981942811199,0.537373621912618,0.14587070895571058,0
0.00020125032320661288,-0.030283672544005602,0.5422837454345011,0.1370221815810183,0
0.00016080573789474043,-0.03025974054523578,0.532272282180092,0.1368390639439961,0
0.00021494478035890006,-0.032040349764793655,0.5371824057019752,0.12799053656930381,0
0.00022575319576153044,-0.0336931581600706,0.5327606961647624,0.11951556062004952,0
0.00016391466490468603,-0.033797334376997175,0.5227848805409249,0.11882060319014194,0
-0.0005422752946743569,-0.05640487138117686,0.4894064510324124,0.0023245297686303287,0
-0.0006104309447194397,-0.052779556834267924,0.4842256233540381,0.021169652866398492,0
-0.0008489541708085966,-0.05401192035669034,0.4799904474158174,0.014777227646780484,0
0.00012260899208702255,-0.044190676450079985,0.5064443471802025,0.06559468361018814,0
0.00017584827802039112,-0.04244671097403337,0.510830462029414,0.07458063677236892,0
7.40765551346991e-05,-0.04082906506771002,0.505240635379276,0.08287333717059875,0
-6.765931763523047e-05,-0.04432487943617348,0.4964685244823711,0.06489971849630367,0
0.00019185814730170262,-0.029017688752483735,0.546831650391278,0.14358394908093464,0
0.00016279056677813422,-0.027474655080431083,0.5460318559444626,0.15131881462820268,0
0.00011626129550303238,-0.025184780901871467,0.5398741073074961,0.16242553932503556,0
0.00010237103534485343,-0.022627706164050354,0.5485907001577854,0.17563268767061574,0
5.8330579363979256e-05,-0.01864120255500762,0.542221781092959,0.1944453534815225,0
7.846399345925002e-05,-0.02065583331032689,0.5454062406253722,0.18503902057606914,0
7.083928449191248e-05,-0.019168841056760193,0.5515086180974984,0.19292506251995434,0
9.293711318291998e-05,-0.02114507068104795,0.5546930776299117,0.18351872961450097,0
0.0001200028333112936,-0.023144696790085136,0.5582065587061418,0.17384090452052048,0
0.00013075528878290257,-0.024568869849033496,0.5516403950670463,0.16619980398565526,0
0.0001100123381023374,-0.02390063239150442,0.5442324037326407,0.16902911349782565,0
0.0001406847617976996,-0.025835402122802706,0.5472820986419017,0.1595962298128652,0
0.00013390477757242104,-0.026841121664576997,0.538623864610057,0.15414812414037307,0
4.9155452379910414e-05,-0.016468246578283694,0.5531203945788926,0.20630768599486513,0
2.61125179293441e-05,-0.013290218272962664,0.5554356510637373,0.22216453404984013,0
4.0528727789442016e-05,-0.014996659898924937,0.5637407500754008,0.21545233055610502,0
2.639234623950106e-05,-0.013178533896825106,0.5641697537334099,0.224717535980286,0
3.3351922298138076e-20,-0.009599975424000113,0.5583999212262512,0.2409425640570877,0
0.0,-0.009599975424000033,0.5677627853070883,0.2443038295030287,0
1.3263326736453514e-05,-0.0114120926598777,0.5656518888146669,0.23410655098390978,0
1.3041392365078395e-05,-0.011432103476355503,0.5569177861449942,0.23155354905346393,0
5.304832619462016e-05,-0.016532884366363267,0.5625831218329784,0.20752390652861752,0
3.742347597503999e-05,-0.014875408419939886,0.5542780228213149,0.21423611002235263,0
6.471667249805587e-05,-0.018102458932413155,0.5569579248404652,0.19885622877662568,0
5.4389651835033294e-05,-0.017536363990422545,0.5476710878359259,0.20037651973819381,0
-0.0013260743552437337,-0.06043483191048022,0.4803383476667487,-0.018642410080633078,0
-0.0008392507880438149,-0.0591572397654218,0.48648988807131827,-0.011995220200210087,0
-0.0006666814817295027,-0.06056355310697276,0.49025253574680383,-0.01932130739139293,0
-0.0013264060881713704,-0.05698818895058015,0.4748889678380457,-0.0006887327612172787,0
-0.002068908273009237,-0.056004614269658026,0.4564957906072974,0.004482077828477952,0
-0.0016780542632697014,-0.052412789461736616,0.452278664562013,0.023187670328626907,0
-0.0013780125552388198,-0.052752484956852995,0.4630440429023554,0.02137251788257006,0
-0.001871539863059178,-0.0542091169009873,0.4543872275846552,0.013834874078552429,0
-0.0015070893602454438,-0.054550141982040085,0.46515260592499763,0.012019721632495584,0
-0.0011699337217369855,-0.055042288697974846,0.4743491945403717,0.009434316337647968,0
-0.0017247175458421197,-0.05649562376101686,0.46569237922267154,0.0018966725336303368,0
-0.0008925417897711116,-0.05743312912629479,0.4837651981569667,-0.003018381540502188,0
-0.0013410042914446824,-0.05871184700039318,0.47761365775239717,-0.009665571420925178,0
-0.0009585447702672215,-0.055959122052230005,0.4805302207134914,0.004654178547915238,0
-0.0010608440310170188,-0.0497466350442681,0.46351214072987224,0.03697737432218151,0
-0.0013477955328648548,-0.05108043473442545,0.45789540264594264,0.03008252232540421,0
-0.001061443121163172,-0.05142069333804255,0.46866078098628505,0.028267369879347363,0
-0.000784660967373517,-0.04964540065711917,0.4734112499110852,0.03745833617707606,0
-0.0006154764912520633,-0.046343228524682784,0.4722590453380112,0.05456037314413439,0
-0.0005724038992545814,-0.04794494256552641,0.4777847022151547,0.0462498355880525,0
-0.0008169033553822569,-0.04804635840067892,0.4678855930339417,0.04576887373315795,0
-0.00039833552439519436,-0.04620398481443969,0.4821707573430214,0.05523664274233391,0
-0.00031716151493489,-0.0428582773248651,0.4809029343747063,0.07249659310678978,0
-0.000450310281960552,-0.04460267695890383,0.47658098985635877,0.06352848312546208,0
-0.00026072122711992573,-0.044463540559945246,0.48649270186136895,0.0642047527236616,0
-0.00015144889846469158,-0.042715920439582084,0.4908787569957085,0.07319155887943185,0
-0.00012646144830026992,-0.03934845435652721,0.4896750460170868,0.09047018281720928,0
-0.00021022249569091638,-0.04110582153347333,0.48528899019589655,0.08148338796199953,0
-6.728493905219203e-05,-0.04096442364605005,0.4952648128168987,0.0821783537346416,0
-4.0094349406519115e-06,-0.03920868898704809,0.49965086857946406,0.09116516625316645,0
-1.3640391708723808e-05,-0.03581676507644353,0.4984471519765661,0.10844383173718367,0
4.637059355931175e-05,-0.03225908294066031,0.507219358954435,0.1264175623474062,0
2.1669600276676516e-05,-0.03404138957464345,0.5028332554655006,0.11743069704229493,0
7.423124902264285e-05,-0.03568330373850721,0.5084229853054248,0.10913880959259296,0
4.208698000215217e-05,-0.03744839779273506,0.5040369215592038,0.10015199071315364,0
-6.204995700258544e-05,-0.03758561625482314,0.49406109899682643,0.09945700727719647,0
9.519822790378155e-05,-0.03391326530420816,0.5128090887943593,0.11812567489770423,0
0.0001073438398568413,-0.032138356662509124,0.5171951507010006,0.12711249063984392,0
7.20527214389751e-05,-0.028672970863691673,0.5159915009941116,0.14439119429856168,0
0.00011546828114956163,-0.02857039152520209,0.5266825614533648,0.14513095162713613,0
0.00011264390327769358,-0.030358913316968744,0.5215812217208389,0.13609930661542163,0
6.257548362861588e-05,-0.03046960846068708,0.5116054299742734,0.13540437832298394,0
7.380035068925867e-05,-0.025104948519883628,0.5237111161288163,0.16211268088176706,0
6.816719939880655e-05,-0.02184212519023223,0.5318038805459346,0.17827367173431372,0
6.431766259430946e-05,-0.020231830913648465,0.5370128308194468,0.1863595126079181,0
8.581653490418241e-05,-0.022229893282175978,0.54019729035186,0.1769531797024647,0
9.007160619152867e-05,-0.023527253464922175,0.5358389939267154,0.17034960552967465,0
9.613726296728231e-05,-0.025137144836031872,0.5317926117181562,0.1622691101034013,0
7.206387578381236e-05,-0.02347390162535293,0.5277574983373754,0.17019317630804037,0
7.458164675095144e-05,-0.02689261607430529,0.519851308561464,0.15325193759016437,0
0.0001096423020468936,-0.02680754167168249,0.5305423690207172,0.15399169491873882,0
3.06825821879163e-05,-0.017676754917190386,0.52264086419391,0.19721652582498073,0
2.4129505620741635e-05,-0.014076490040870923,0.5351032373061592,0.2147836437941295,0
2.8966389191102418e-05,-0.015856003089536032,0.5288720507500346,0.20600008480955512,0
3.9863871991721256e-05,-0.016399729239435477,0.5386625091995592,0.204614498637826,0
4.4660409712685995e-05,-0.01814463590496903,0.5324313226434345,0.1958309396532516,0
4.723364484555707e-05,-0.01978801608819803,0.5272223723699223,0.18774509877964723,0
3.614942590721718e-05,-0.015289467442332637,0.5441118159425259,0.21054566489449733,0
2.582382250720215e-05,-0.013631302840538213,0.5452694441849482,0.21847408892198483,0
3.2610768469290563e-20,-0.00959997542400011,0.5393392680234398,0.2352512486749969,0
1.2781407060153454e-05,-0.01185378082313681,0.5372212526647995,0.2250174462345632,0
1.2655449876755577e-05,-0.011519299054283897,0.5473874595435886,0.2287078913624185,0
1.1017441102055641e-21,-0.009599975424000037,0.5488695946248454,0.2380969063660423,0
-0.0024664766232222854,-0.05970263850966811,0.4608347018358542,-0.014793270732435615,0
-0.0032652821032099944,-0.05862518112776926,0.4417763484188282,-0.0091169315003369,0
-0.0029073838809556773,-0.059163134535852493,0.4513055251273412,-0.011955101116386257,0
-0.0022716622972693795,-0.05785399497058921,0.4586652462215758,-0.005155596451978831,0
-0.0026299776920797897,-0.05731539022767894,0.4491360695130628,-0.002317426835929474,0
-0.0025547680318361806,-0.05488754557296482,0.4376735059410473,0.010384070466897783,0
-0.0019378500927022281,-0.051248521002955356,0.43401308938457167,0.029356182320702952,0
-0.0022329696781833914,-0.05306831164372882,0.4358432976628095,0.01987012639380037,0
-0.0020917152304787186,-0.053650723406305424,0.44497608525153015,0.016785870397762345,0
-0.0018376853746505093,-0.051829661171682154,0.44314587697329233,0.026271926324664928,0
-0.0014166087439510292,-0.04945235177800982,0.44697112938363925,0.03860491344317874,0
-0.0010018395983280516,-0.046600647128583174,0.45294850672833303,0.053357406270185544,0
-0.000629984936724108,-0.04315612038101563,0.46095128948593567,0.07110666149374752,0
-0.000633964332830143,-0.04474921692025688,0.46660516741197344,0.06283351731894095,0
-0.0007988634550551794,-0.044880344515612965,0.4569498981071344,0.062232033881966534,0
-0.0008164057663178841,-0.046470709344808146,0.46260377603317215,0.053958889707159965,0
-0.001043138150840432,-0.048173262608512256,0.45823032372910266,0.045167390296183524,0
-0.0011943141479557344,-0.048027470302875415,0.44995981805598617,0.04598115985668214,0
-0.0012515980601227467,-0.049598669701140206,0.45524163505675574,0.03779114388268012,0
-0.0015475714299965939,-0.05093268029359508,0.44962489697282615,0.030896291885902823,0
-0.0016692921994904868,-0.05035085825754891,0.44049210938410543,0.03398054788194085,0
-0.0019235043160425185,-0.060068087070795875,0.47058652475130147,-0.016717840406534346,0
-0.0018567861659472373,-0.058345782171367135,0.46786183483694993,-0.007741001746826447,0
-0.0029028881526416764,-0.056756684474142075,0.4397249271799377,0.0006335694832804413,0
-0.0023478195476225325,-0.05544520238188183,0.4470846482741724,0.007433074147687868,0
-0.00047823510521506347,-0.04300520956984623,0.470927111930321,0.07180162730026865,0
-0.00036578400187735506,-0.039647776104503096,0.46972340165810905,0.08908024542599081,0
-0.000484646021811565,-0.041404761427420236,0.46533734557202233,0.08009345345986917,0
-0.000350718198170695,-0.041252814516699786,0.47531316801640766,0.0807884192663903,0
-0.00024825999451941953,-0.0394950400493962,0.4796992238375979,0.08977521412160006,0
-0.00019211522830386415,-0.036113111108348195,0.4784955206257258,0.10705399142909308,0
-8.286755822760031e-05,-0.032543525681175745,0.48726792488127685,0.12502789951576285,0
-1.834537652180667e-05,-0.028929028488323204,0.4960405243770195,0.14300190979867333,0
-1.7695526741873663e-05,-0.032394284907769924,0.49724364191785597,0.12572273093158454,0
-4.60302284298813e-05,-0.03074254949971778,0.4916542246291482,0.1340149046572181,0
9.131734946456013e-06,-0.03059752755366322,0.5016299416657273,0.13470973607303977,0
2.7913003856714273e-05,-0.028790684323256314,0.5060160126855655,0.1436965520486175,0
1.5907749948539977e-05,-0.02525961032837437,0.5048118314220336,0.16097474951323773,0
2.8878457200888785e-05,-0.021477886488650375,0.5131178134365054,0.1791694456348475,0
2.4317129562971718e-05,-0.023377650156854137,0.5089648224292695,0.17007209757404262,0
4.852092315773888e-05,-0.02330544790682331,0.5184144647826608,0.17064106325830727,0
4.5854922218630805e-05,-0.02516904132049609,0.514261473775425,0.16154371519750238,0
4.0223906287770366e-05,-0.02697332837430362,0.5104016662080726,0.1526829719058997,0
1.8371691596019027e-06,-0.027101799544387177,0.5004261778995265,0.15198832965595555,0
-0.0001669418088462175,-0.03773111405953544,0.4840852833214063,0.09876208712315118,0
-0.00010333329815686733,-0.035960252305868856,0.4884713363011459,0.10774891158313837,0
-5.444496253571142e-05,-0.03418157695889355,0.49285753842892144,0.11673586562647326,0
-0.0001308045700853082,-0.034333278661807895,0.48288172275350133,0.11604094547242796,0
-0.0002694313289784714,-0.0378842291993431,0.47410946114191743,0.09806711842754195,0
4.900120421727261e-05,-0.02164441092293148,0.52246084699122,0.17872155868458062,0
3.1349778872193196e-05,-0.01958199984838446,0.5178793388152076,0.1881929857299141,0
3.7327056099782335e-06,-0.017856582036295407,0.5025244973614061,0.19564371571897804,0
1.4227314388789522e-05,-0.01968238762407444,0.5078211553989558,0.18740658067691277,0
1.7749978359229306e-05,-0.017733229072877547,0.5125826807776581,0.19643012077197938,0
8.47811600327532e-06,-0.013799866941423709,0.5117538841919079,0.2136428248252014,0
1.6462984278358395e-05,-0.01387496630871591,0.5234285607490335,0.21421323430966543,0
1.7893686152196584e-05,-0.015768655979530897,0.517197374192909,0.20542967532509104,0
7.72951784690848e-06,-0.015845237330492895,0.507139190776657,0.20464327027208973,0
2.3071059900839003e-20,-0.009599975424000104,0.5198331783680623,0.2313814108030698,0
1.0411256213113799e-05,-0.011922812931467849,0.5274682078371107,0.22308252729859965,0
5.8031720604383485e-06,-0.011731010846318347,0.5157935312799851,0.2225121178141356,0
4.889565704803878e-21,-0.00959997542400003,0.5295862231957511,0.23331632973903332,0
-0.003644363519553262,-0.057354860880200906,0.4230544969715033,-0.0024026342634158007,0
-0.0026506233786370726,-0.05347982166700346,0.41924719307940556,0.01783453995770857,0
-0.0018879037210401389,-0.04971200579212939,0.41536629512007334,0.03750706535429104,0
-0.0022439845121469916,-0.05159589317031544,0.41730674409973945,0.027670802655999804,0
-0.0022818013376348675,-0.05236473084454082,0.4266301412319886,0.02359536113920576,0
-0.0019450879290025416,-0.05047925021257318,0.4246896922523225,0.033431623837496996,0
-0.0013689448597487691,-0.047255146347917804,0.43210324546857226,0.05014593430551727,0
-0.0008907817458883324,-0.04351835410900193,0.44097892975927716,0.06945053814879067,0
-0.0011080009784769076,-0.0453887736009722,0.43654108761392474,0.05979823622715397,0
-0.0011982322106353375,-0.04692738286322111,0.4425258760984526,0.05175167028785141,0
-0.0009548566057736187,-0.04505830265575333,0.4469637182438051,0.06140397220948811,0
-0.0007695832175833883,-0.04333605572504624,0.4509651096226064,0.07027859982126909,0
-0.0005732553395442019,-0.039968013586989815,0.44977175496780675,0.08769034690990124,0
-0.00035573171480354933,-0.03644262859345505,0.4585438640406727,0.10566397104188378,0
-0.000208211216778071,-0.03287952327024435,0.4673157349717331,0.12363781808722561,0
-0.00020499343770965476,-0.03449544970213732,0.47290562779872947,0.11534590475815934,0
-0.0002771881790397546,-0.0362743443338731,0.46851969233319923,0.10635898123548843,0
-0.00027455933400205134,-0.03466662267024221,0.46292979950620294,0.1146508945645547,0
-0.003507454656439062,-0.057989163618651994,0.43241542269516575,-0.00575978288187635,0
-0.003070873435662968,-0.05612169547402453,0.4303640014562753,0.003990718101740991,0
-0.003122925093283775,-0.05541763546762048,0.4211508450254544,0.007715952847146384,0
-0.002644529989246342,-0.054182838812554875,0.42846034951022643,0.014109305212303176,0
-0.0016321422406565134,-0.049252241067372166,0.433058167426572,0.03975105831311011,0
-0.0016228894822564387,-0.04848473433171589,0.4237347702943228,0.04382649982990415,0
-0.0014109987234951138,-0.048352554896761754,0.43953718742610576,0.04437542387434801,0
-0.0006078035109239207,-0.041560861877913254,0.4553615222268712,0.07939850420182437,0
-0.0007177739131989726,-0.04174596942309249,0.4453753423635419,0.07857044252934595,0
-0.0004753500222935403,-0.0398057796801446,0.45974757831295787,0.08838529616794602,0
-0.00036629955031272274,-0.038044005587504495,0.4641336328493909,0.0973721082339373,0
-0.00045431130624030394,-0.03820925175242513,0.45415780950423973,0.09667715897589252,0
-0.00014707810544956442,-0.03270580464234884,0.477291829926505,0.12433285880149422,0
-0.00011126842709926709,-0.02926359723631629,0.4760892569065582,0.1416125731667534,0
-0.00010115306914068353,-0.030903633557724682,0.4816785908939175,0.1333202363412581,0
-6.525099342756178e-05,-0.029087228498686037,0.4860648906417888,0.14230724148271337,0
-5.0257494160328214e-05,-0.02557499731740843,0.48486532564673207,0.1595896800330859,0
-7.702468186563714e-05,-0.027429744351566955,0.4804772912766451,0.15060112659991964,0
-3.766778397460375e-05,-0.02725417310117334,0.49045292501187576,0.15129579491587963,0
-1.6988658904980647e-05,-0.02540309975506859,0.49483857853438284,0.16028221477316182,0
-1.4397730808230888e-05,-0.021786335321885064,0.49365841540126804,0.17758162675793443,0
7.747582811551643e-06,-0.0216112285415758,0.5033881144188868,0.17837553619639096,0
-1.97279355563975e-06,-0.023529424675422954,0.49923512341165077,0.1692781881355861,0
-2.9709423469478182e-05,-0.023694530114165488,0.48926187052400005,0.16858565339551018,0
-0.0001544310950219588,-0.03107924440440465,0.47170249593914565,0.13262519562698952,0
-3.424531866726411e-06,-0.019839137290747943,0.4980914563813371,0.18661267123845623,0
-2.6068765686120138e-05,-0.018285516367705052,0.4824538711286614,0.19414145471861916,0
-2.223383382666632e-05,-0.020038329996650353,0.4880561432649647,0.1858615407382768,0
-1.099406330611238e-05,-0.018040080842058687,0.49248918424503374,0.1948925852187986,0
-6.532191959792173e-06,-0.0140193634892128,0.4913434742389064,0.21257156678302147,0
-6.392451773809798e-22,-0.009599975424000116,0.5000000014438634,0.23,0
-1.7282416918829336e-06,-0.011874250798387158,0.49567173784138485,0.22128578339151073,0
2.265680517161102e-06,-0.011755387484659669,0.5058769428178856,0.2218214124126007,0
2.2388911353720174e-21,-0.00959997542400004,0.5099165899059628,0.2306907054015349,0
-1.4625853578567174e-05,-0.01618736052592854,0.4868986726837839,0.2033565107508203,0
-3.2983901638081584e-06,-0.015950244282980426,0.49693398580015624,0.20410764125099976,0
1.1810212694295539e-06,-0.013849942554003803,0.5015486792154071,0.21310719580411142,0
-0.003573169366354127,-0.05604082599227891,0.40442742257122183,0.004572977889201488,0
-0.002392902437200458,-0.052018862723029885,0.3992154599472544,0.025605875226222558,0
-0.0015400550111451003,-0.047915660448247244,0.3944616558650932,0.0470721482559425,0
-0.001745564369034256,-0.04881299394951392,0.40491397549258323,0.04228960680511677,0
-0.0021424092633088323,-0.050866149690401215,0.4072908775336639,0.0315564702902568,0
-0.0019252323102285003,-0.04996656388277057,0.3968385579061738,0.036339011741082526,0
-0.0036693441704284354,-0.05669707718018591,0.4137409597713626,0.0010851718128928438,0
-0.0030922491254036133,-0.05476075259145793,0.4118373078253137,0.011203758923455029,0
-0.0025698796872406153,-0.05274870288118954,0.40923132651332994,0.021720207591965565,0
-0.002939855714975048,-0.05402989849611986,0.40182144125923813,0.015089426557712024,0
-0.0013954830428319796,-0.04654391763979526,0.412017938244576,0.054055935961296604,0
-0.0016256624287618632,-0.04812766333868569,0.41369211668232464,0.04578150065779382,0
-0.0014851143643212525,-0.0472307543079397,0.4032397970548346,0.05056404210861955,0
-0.0014074889437834966,-0.04689867883590465,0.42206059185657413,0.05210093513340694,0
-0.001041690014764543,-0.04372686394534536,0.4209802655058556,0.06862597283144081,0
-0.0012039336924917982,-0.0454894851724007,0.42654175548721396,0.05938595356847904,0
-0.0009811902408465173,-0.04362212710279541,0.4309795976325664,0.06903825549011575,0
-0.0007201341765412047,-0.040309057996210575,0.4298166577547481,0.08625605627611357,0
-0.00048224549713470527,-0.036795520681609066,0.438591584977771,0.10426679022718484,0
-0.0003128635399008141,-0.03325335900525165,0.4473641543228548,0.12224674960797809,0
-0.0003902189452325136,-0.03502967048399508,0.44297786965031294,0.11325676991758146,0
-0.0003370783946534332,-0.034845175087935526,0.45295400918176376,0.11395536032493093,0
-0.0004249894903232006,-0.03661714125034186,0.4485677245092219,0.10496538063453431,0
-0.0005303095552715797,-0.03837935852172317,0.44418166997278885,0.09597856856854303,0
-0.0006561126961117055,-0.04013761902985401,0.4397942063612774,0.08697320159300741,0
-0.0005913896767892096,-0.03855578144060308,0.4342041213662595,0.09526142325164921,0
-0.0012084247531231817,-0.04513656535308548,0.41649910187521577,0.061340954396368705,0
-0.0008685264483325865,-0.04202017819841149,0.4253984616303018,0.0774410145537772,0
-0.0008072550189256089,-0.04191177444097776,0.4353977937570126,0.07785329721245213,0
-0.0002641584267934372,-0.03306282000125396,0.457339944647294,0.12294228384760185,0
-0.00019441451797187978,-0.02966085880796094,0.4561366239737202,0.1402219328941805,0
-0.00011352606569771998,-0.025993500897941873,0.4649101875502384,0.15819684260614222,0
-0.00014998139288412688,-0.027838365551840213,0.46052340576197925,0.14920938775016135,0
-0.0001548410853882034,-0.02945584762715226,0.4661129404401392,0.14091725303046695,0
-0.00011491157612469885,-0.027625815014355456,0.4704997222283983,0.14990470788644783,0
-8.28176699290657e-05,-0.025773368513061144,0.47488775659848526,0.15889326131961407,0
-5.993878916299678e-05,-0.02221699938101775,0.473685329762481,0.17617426050041698,0
-5.632618007474385e-05,-0.019091900123263138,0.4625826183618804,0.1918261043306001,0
-5.95341621592781e-05,-0.02064567404790899,0.4681339740621807,0.18400018241550853,0
-4.136282555674908e-05,-0.018670300383962047,0.47251824474527093,0.19298377952460963,0
-4.092511697814449e-05,-0.020274717513206867,0.47806960044557123,0.18515785760951808,0
-3.7409952081524636e-05,-0.021983342928133653,0.4836718725818745,0.1768779436291757,0
-5.733975326795259e-05,-0.023894640215966483,0.47927532770460657,0.16788197026675145,0
-8.385321779683092e-05,-0.02412144768037148,0.4692977586563597,0.1671855515532796,0
-0.0002040410551892301,-0.03126717011365572,0.46172617947272665,0.13192987549070306,0
-0.000248189809289723,-0.0314648016956503,0.45175038914828747,0.1312343412510793,0
-2.484394596856677e-05,-0.015062632879465503,0.47145917020285144,0.20952974451689893,0
-3.709342564483793e-20,-0.009599975424000165,0.4801668244029419,0.2313814104215656,0
-1.517444844896745e-05,-0.014504996368134552,0.48140132222087895,0.2110506556499602,0
-1.1285175661732611e-05,-0.012437289079872228,0.47581299730289667,0.22045557746923228,0
-5.46609697775568e-06,-0.011833639836103818,0.4857551493209241,0.22197648860229352,0
-1.255547756541715e-22,-0.009599975424000002,0.49008341292340263,0.2306907052107828,0
-2.6851517461612653e-05,-0.016664982148331148,0.47695652066575644,0.20183559961775904,0
-3.9105034171958475e-05,-0.01711159375599186,0.46702089428236593,0.20067792442374952,0
-0.0030564880082693028,-0.05482757743206783,0.38562195258992515,0.011046694458921133,0
-0.003378784079339646,-0.05543386659999662,0.3950246875805735,0.007809836174061311,0
-0.0027157191527741515,-0.053423357265153605,0.39241870626858977,0.018326284842571844,0
-0.0019018560878278615,-0.05110894174776637,0.37913671878763733,0.03051168774409196,0
-0.0024245100968389647,-0.05296801230592669,0.38237933568878124,0.02077919110150655,0
-0.0021907349234917464,-0.05156408752812046,0.38917608936744585,0.02805878148515726,0
-0.0017275829210722819,-0.0495129828501527,0.38679918732636526,0.03879191800001723,0
-0.0011368855311377675,-0.047631237613673785,0.37115597060670175,0.0487551303291346,0
-0.0009442027248957976,-0.04438215446762529,0.38146855752762293,0.06569186233578037,0
-0.001075597461033475,-0.04410085438579942,0.40109635543149136,0.06693687839293229,0
-0.0010305332690588257,-0.04424269382988792,0.3912824564795572,0.06631437036435633,0
-0.001287491181102533,-0.04600861474328358,0.39777900564829227,0.05700451332443739,0
-0.0012214684055769272,-0.046147052596486486,0.3879651066963581,0.05638200529586143,0
-0.001042231647094397,-0.046006925781618975,0.37631226406716234,0.057223496332457484,0
-0.0013778323767953302,-0.04777458772053726,0.38280881323589744,0.04791363929253855,0
-0.0014806684982358294,-0.04936911457245284,0.37514634469716956,0.03963340903661328,0
-0.0012337929183252523,-0.04532118307306905,0.4065571468380337,0.06049640717711445,0
-0.0010769456347926724,-0.04391442074110166,0.41103831046867345,0.06778142561218656,0
-0.0007767455465938792,-0.04062743811989631,0.40985660143498853,0.08495295998890695,0
-0.0009160848611168992,-0.04236561537877169,0.40547647843324,0.07594491919091961,0
-0.0009058800523357284,-0.042174884361161444,0.41541843347042207,0.07678946641017388,0
-0.0007610450679678558,-0.04046850912479341,0.41983662959486834,0.08560450813251026,0
-0.0005507763841476207,-0.03715421431729404,0.41864057582039965,0.10288410970396852,0
-0.0006341717834193759,-0.03872847502975656,0.42422861678757384,0.09457008299004105,0
-0.0005249051785355074,-0.036974643865647715,0.42861608039908533,0.10357544996557669,0
-0.0003809249726316727,-0.03364607009805297,0.42741254159882186,0.12085808876726023,0
-0.0002556830341419489,-0.030095527936835186,0.43618457590968573,0.13883189660385162,0
-0.00031340314565454086,-0.03187733078123356,0.43179855875425377,0.12984499268555594,0
-0.0003523738296797208,-0.03344850889578289,0.43738834796083836,0.12155241918761917,0
-0.0002851688426403721,-0.031669171236362495,0.4417743651162703,0.13053932310591485,0
-0.00022849199828558385,-0.029875227670875557,0.446160599941703,0.13952691474901607,0
-0.00016494050934885165,-0.02647960849096175,0.4449571782719301,0.15680569734933894,0
-0.00020656043342464757,-0.02829754579631762,0.4405708770908079,0.14781879697659528,0
-0.0001809420156866542,-0.02806372973523195,0.45054690112282514,0.1485138151217597,0
-0.0001412574916771626,-0.026230540378199795,0.45493368291108427,0.15750126997774058,0
-0.00010033487275972551,-0.022764446311018916,0.4537292415543059,0.17477891147185817,0
-7.642574487772779e-05,-0.02094928348160995,0.4581559299580932,0.18330250790122915,0
-8.117507467572308e-05,-0.022479451021494776,0.4637072856583935,0.17547658598613758,0
-0.00010833219835340539,-0.02437123898467099,0.45931971455227216,0.1664878770390002,0
-0.0001298311838862844,-0.024637153158623564,0.449343209913118,0.16579230441059856,0
-0.0006558686881432658,-0.03889340395230715,0.4142485886276941,0.09391853484643774,0
-0.0004317129432566791,-0.03521664984126233,0.43300206328829643,0.11256243949722253,0
-0.0004595685234949703,-0.035404328372720645,0.42302655870961076,0.11187109923561438,0
-8.037452748969298e-05,-0.01975400957542942,0.4425933304794477,0.19072447324016423,0
-6.932583169248287e-05,-0.019413933255169376,0.45258797442066406,0.19127528878538216,0
-9.101861136090369e-05,-0.02124416794369656,0.44816128601687677,0.18275169235601119,0
-4.555324524601653e-05,-0.016339662229052872,0.4518073968214782,0.20618487999790416,0
-5.1734577005625425e-05,-0.017697802529048304,0.4571950075916793,0.19900549216425212,0
-3.517537197538344e-05,-0.01569159897311438,0.4616332835121648,0.20785731225740156,0
-1.9312511541722126e-05,-0.012908389647363403,0.4607144071920216,0.22071260135864335,0
-2.2812121959427113e-05,-0.01396093119462468,0.4660867886974365,0.21512117293777114,0
-8.141059465992752e-06,-0.011306385089712089,0.47044061579748175,0.22604700589010446,0
-3.721651011998582e-20,-0.00959997542400011,0.4606607345679865,0.2352512480151575,0
-9.885072966540248e-06,-0.011275432561692666,0.46068757088000406,0.22798192468690043,0
-5.299082632699098e-21,-0.00959997542400001,0.4704137794854642,0.23331632921836154,0
-6.192986748019243e-05,-0.01807076358765817,0.44720036365046295,0.1984546766190342,0
-3.1719891495560125e-05,-0.014655524140105028,0.4562609020067499,0.21344874067827374,0
-0.0021374908002133363,-0.053860633770369835,0.36642626473791157,0.016233172508496017,0
-0.0020363541134928395,-0.0524844517849168,0.3727814917627744,0.02337243012629399,0
-0.002656454721307352,-0.05434464231086422,0.37602410866391833,0.013639933483708575,0
-0.001136660635103692,-0.050449952991494476,0.35859148331968704,0.034082658811362875,0
-0.0005622962063919937,-0.04746140525779305,0.35051892238162163,0.04975751809242217,0
-0.000814912390860407,-0.048954833013852464,0.35455520285065434,0.04192008845189252,0
-0.0008711824847192568,-0.047548030813678574,0.3608374464941617,0.049256324210778385,0
-0.001158626581205458,-0.04904061839576771,0.3648737269631944,0.041418894570248735,0
-0.0015532452052993326,-0.05078059637825662,0.3688641010536622,0.032297173277727416,0
-0.001575482701202119,-0.052154745831603476,0.3625088740287993,0.025157915659929447,0
-0.0006260247446276831,-0.04451305642541613,0.36112187009896507,0.06517903303672379,0
-0.0005546637578645319,-0.041241464182901436,0.36995162158776435,0.082321085956827,0
-0.0007258063725261552,-0.040962254975871415,0.38991451484610795,0.0835288209488085,0
-0.0006545753299349158,-0.04110405452369109,0.3799330682169362,0.08292495345281775,0
-0.000732897967794433,-0.04280969906085054,0.37571008955769364,0.07400647414630368,0
-0.0008301798783141173,-0.042672682955276944,0.38569153618686547,0.07461034164229444,0
-0.0008907578372557132,-0.042529204231888315,0.39550543513879965,0.07523284967087039,0
-0.0007658313445879502,-0.040796230121270406,0.39988555814054827,0.08424089046885772,0
-0.0005451714529243958,-0.037508291493363675,0.3986869542873779,0.10150125677082966,0
-0.0005579899520304709,-0.03733261193780796,0.4086637650538888,0.10219268323739909,0
-0.0006553570486273514,-0.03906447222853213,0.4042717778611832,0.0932271083798683,0
-0.0006309726195338234,-0.03923667192083752,0.3943007345667429,0.09251503885981907,0
-0.0008556770151308268,-0.046070850136984275,0.3661389203528334,0.056967081682929195,0
-0.0008046080947904581,-0.04444946312720229,0.371295213813294,0.06543544768625208,0
-0.0005944751152775949,-0.04287698344900491,0.3655367458433647,0.07375005949677539,0
-0.0006101466446606416,-0.04598702758912765,0.3558203962402934,0.05746827556457298,0
-0.0003993973561098121,-0.03403914754451867,0.40746069744134955,0.11946896464031118,0
-0.0004681333476360655,-0.035776403778912856,0.4030738258643637,0.11048511070557042,0
-0.00047215450647847864,-0.03559193361801076,0.4130506366308746,0.11117653717213985,0
-0.00039699836471414904,-0.03384370898764153,0.4174366195200857,0.1201635267037857,0
-0.00028469270547350347,-0.030541329151018336,0.4162334488302231,0.13743608536416937,0
-0.00019630095203718048,-0.02699327536901314,0.4250052682089091,0.1554156587660972,0
-0.0002375062543051702,-0.02877480148034715,0.4206193585195661,0.1464258720651333,0
-0.0002747642361295111,-0.030318846327676157,0.42620901236995445,0.1381339909840105,0
-0.0002257273252607545,-0.028535724586220498,0.4305949220592974,0.14712377768497442,0
-0.00018357758957381182,-0.02673545399744959,0.4349812232404196,0.15611067805771806,0
-0.00012937679304527735,-0.02336991069365265,0.43377762597016867,0.17338927813767105,0
-9.663431465630448e-05,-0.02061710781216703,0.4226856666767301,0.18871652771695757,0
-0.00011288378704870285,-0.02197714597746842,0.42823164632344934,0.1810529029273143,0
-8.991092709071682e-05,-0.020188919659155154,0.4326394985780889,0.1897205004785609,0
-0.00010318759357521765,-0.021579625666910775,0.4381854782248082,0.18205687568891765,0
-0.00011664256674277448,-0.023063589551073727,0.4437534337622373,0.1740840948047646,0
-0.00014747207667158867,-0.024913176869246084,0.4393674021210494,0.165097487743505,0
-0.00016046521847976007,-0.025193430100232308,0.4293914470895389,0.1644024684518841,0
-0.0003315460801533165,-0.03208723705654567,0.4218229952145225,0.12914708706571482,0
-0.000338443529127683,-0.03229484852801344,0.41184707313578633,0.12845252500224028,0
-5.641582842362701e-05,-0.016788150770610345,0.4304250099057834,0.20741864030816365,0
-2.441672996577262e-05,-0.013087305090849018,0.4455040924483545,0.22293648198451974,0
-4.002546446306133e-05,-0.014984058894094331,0.43796455117706895,0.21517756114634168,0
-3.504334099782676e-05,-0.014696677631225948,0.4486557446349163,0.21456068099121195,0
-5.199464796772551e-05,-0.016554642989040805,0.4411162033636308,0.20680176015303392,0
-6.857611319324685e-05,-0.018242894964862002,0.4365091701926156,0.19907155677416394,0
-7.538762747865148e-05,-0.018719842035949782,0.42655533829125675,0.1980675840125606,0
-2.2012832873012465e-05,-0.0129799326121295,0.4531092498201881,0.22182454167158155,0
-1.1883672815613086e-05,-0.011413390411895713,0.45308241350817047,0.22909386499983864,0
-4.640152364177464e-20,-0.009599975424000123,0.4416000811974764,0.240942563242434,0
-6.776263578034401e-22,-0.009599975423999995,0.45113040788273145,0.23809690562879576,0
-1.2228116911716201e-05,-0.011327294230725175,0.44355208682291547,0.23193952261347686,0
-0.0009168232552863985,-0.053280237162859956,0.34679566888885954,0.019359244673334407,0
-0.0002700346766590295,-0.05026965865678733,0.33908258089063187,0.0350854896925731,0
-0.0007209139440397287,-0.050361522173028694,0.3488370321051595,0.03458407425196799,0
-0.0005427787633810124,-0.05177412789459361,0.3429391248897457,0.027222367182953754,0
-0.0010690159830814977,-0.051864439052278714,0.3526935761042733,0.02672095174234864,0
-0.0015677095868201637,-0.05357207879527285,0.35661096681338555,0.017796208590915213,0
-0.0004495520698000314,-0.04886517086391477,0.3448007516361268,0.04242150389249763,0
0.00011049802851956214,-0.047618546327237915,0.33014002279501103,0.04896380257602355,0
-5.050158365779262e-05,-0.04894353552681689,0.33461130184282145,0.04202464613429832,0
-0.0002359845187132526,-0.04754207028791281,0.34032947258831636,0.04936066033422286,0
-0.00019455378799623777,-0.04486068210976673,0.34119476540081106,0.06343687155272378,0
-0.0002819018587316376,-0.04154998580529214,0.35000570118832125,0.08085314608993407,0
-0.00029132863823758164,-0.03815677986047117,0.35878308826067035,0.09875040919872265,0
-0.0004570596894815168,-0.037841235487967285,0.37873381122955335,0.10014483534455793,0
-0.0003830961827903342,-0.03800247828690516,0.36875844974511185,0.09944762227164028,0
-0.0005064403508139259,-0.03954150804376822,0.37434271640865885,0.09123296065069246,0
-0.0004096966052602584,-0.03969655716315411,0.36436735492421735,0.09053574757777483,0
-0.0002930155907722768,-0.03985235693604001,0.3543943947244958,0.08980177764432837,0
-0.00042970197860859314,-0.04139849327180936,0.3599786613880428,0.08158711602338053,0
-0.0004348894028791568,-0.04303009196514271,0.35556378564364316,0.07301608956332893,0
-0.0004246314068089392,-0.044689128264339774,0.35115831774988804,0.06430795229472377,0
-0.00025087563119713315,-0.04320424391525938,0.34560023329456613,0.07214500882132893,0
-0.00035692278892703874,-0.04616035825394388,0.34585684389121635,0.05659719482257297,0
-6.730799936978593e-05,-0.0462391834690274,0.335667394097911,0.05620033706437366,0
-0.0005813364999434109,-0.039398543692384186,0.3843241630378307,0.0918368281466832,0
-0.0005114584061447465,-0.037677380803990024,0.3887103827584656,0.1008230460576938,0
-0.0003605325222231424,-0.03441568311597118,0.38750901026845697,0.11807923848265961,0
-0.00027427234715060296,-0.03096996417600624,0.3962815066381492,0.1360514792642184,0
-0.0003158136594295826,-0.0326951638496205,0.3918952584533031,0.127065358873439,0
-0.0003333177742037085,-0.032497910766741384,0.4018711020397494,0.12776022195226477,0
-0.0003873399230638287,-0.03423041488988434,0.3974848538549033,0.11877410156148539,0
-0.000446798232403643,-0.03595732278539404,0.3930979822779174,0.10979024762674464,0
-0.0004078263694665788,-0.03612945391680729,0.3831214107490052,0.10911203691360877,0
-0.0002846683250861258,-0.030758897500120504,0.4062574777341862,0.13674378231419387,0
-0.00020152216992880734,-0.02750386721279774,0.4050561025970938,0.1539904241927044,0
-0.00014239220313040237,-0.02401665744976473,0.41384055386369867,0.17178981045311423,0
-0.00017041773021077506,-0.025767817561540445,0.40944832823039623,0.1628901173229093,0
-0.00020247505465031203,-0.02725188593944971,0.4150306854030015,0.15470304147940078,0
-0.0001685016647278178,-0.025492245904397297,0.4194229110363039,0.16360273460960573,0
-0.000138230666565679,-0.02369652335038572,0.42380908991693367,0.17258954429539264,0
-0.00011837119971739191,-0.022328692337439577,0.41826311027021434,0.1802531690850359,0
-9.87923801731354e-05,-0.02131473954462497,0.4032263151421135,0.1872614450305646,0
-0.00011959182021107479,-0.022650387141813468,0.4085334345029061,0.17952562774183942,0
-9.944792268778422e-05,-0.020974379350454396,0.4129559909094218,0.1879889863737611,0
-7.320380398067123e-05,-0.018672627156860702,0.41220791800543277,0.20040988927098954,0
-4.585244622170592e-05,-0.01577563865065356,0.41184896758117934,0.2162394131598612,0
-2.5029813959612436e-05,-0.012987176074537338,0.42687643346105597,0.22793732166832995,0
-4.3029273720518467e-20,-0.009599975424000123,0.4228743529119792,0.2476650940878527,0
-1.195733845412414e-05,-0.011254669792781752,0.42487539318651757,0.23780120787809134,0
-1.2792493496456555e-05,-0.011353574552356173,0.4342382573292662,0.23443994245538197,0
-4.2861190620047685e-21,-0.009599975424000009,0.43223721705472784,0.24430382866514333,0
-0.0002412144112312073,-0.02901331642507787,0.4106447757136584,0.14571325477843688,0
-0.00023619557741715882,-0.029241344118002877,0.4006688046176215,0.1450209517284614,0
-8.478429958874305e-05,-0.019630441562880612,0.4174467923410814,0.19456320849397357,0
-6.56491410189965e-05,-0.01775291737214291,0.42131646395560807,0.20391426478957658,0
-5.8807235928507926e-05,-0.017215754913702343,0.4120284427933061,0.20832465121542537,0
-5.172013367544986e-05,-0.016262323462893344,0.4211369887434814,0.21182902673401244,0
-3.9977250657149496e-05,-0.014865733113597897,0.42865072168341967,0.2176779809882468,0
-3.5818896008139464e-05,-0.014416016084336486,0.4193627005211177,0.22208836741409557,0
-8.587241866175439e-05,-0.020003533475936124,0.40771711657377313,0.19383566715077707,0
-2.508349101399749e-05,-0.013018869990488615,0.4361902629547052,0.22543690182642484,0
0.00044089894344239794,-0.05318847069575171,0.3269276948026639,0.01985412120456511,0
1.9478105489189028e-05,-0.05172862919160913,0.33300513784664787,0.027469805448569105,0
-0.00024446468329224105,-0.05323666927518473,0.3368616818457617,0.01960668293894976,0
0.0007021988142615559,-0.050240343298151496,0.31805823792951393,0.03521759629655638,0
0.0007414193193383211,-0.047619028608025825,0.31069584752461843,0.04890818075449862,0
0.0007337700023272484,-0.04892915197831332,0.3143770427270662,0.0420628885255275,0
0.0003679139312121142,-0.048929215042258146,0.32409913036226246,0.042090699436289965,0
0.0004372164297436352,-0.047620624570036844,0.32041793515981476,0.04893599166526108,0
0.0003116650757881938,-0.04525050911517037,0.32128978319120277,0.06137715827380379,0
5.922908545263162e-05,-0.04184122186409734,0.3300615516800398,0.07935564600573239,0
0.00016520709122968175,-0.04354411406949268,0.32567566743562126,0.0703664021397681,0
5.428547019514764e-05,-0.04505784555509321,0.33124227429600694,0.06240701491326378,0
-4.755959072840751e-05,-0.04335005268399514,0.33562815854042544,0.07139625877922809,0
-0.00011665651156741299,-0.04169851250793233,0.34003362643418056,0.08010439604783323,0
-6.709716347659486e-05,-0.03844345399568716,0.33883200564282845,0.09735286435158774,0
-0.00012070515744372488,-0.03507087127215064,0.34760566538370047,0.11530408000471817,0
-0.00026438902417385006,-0.03476282772801346,0.3675576776804599,0.11668820061553212,0
-0.000352073770523144,-0.036298024056005185,0.3731457444550066,0.10841651798004502,0
-0.00028073884653132165,-0.03645914203583127,0.36317038297056514,0.10771930490712739,0
-0.0001974703899074286,-0.03492188902226282,0.3575816715320802,0.11599614031012515,0
-0.00019592495409539632,-0.03661086886628845,0.3531943768221854,0.10702724460172042,0
-0.0001006119326438441,-0.036755052626874236,0.3432188355132645,0.10632847217815296,0
-0.00018469855383925835,-0.03830395005934786,0.3488075469517494,0.09805163677515519,0
-0.00015984253900405893,-0.03999496594324481,0.3444188534155749,0.08910300522076091,0
-1.5749769220199186e-05,-0.040140334864727165,0.33444677866143413,0.08835425517866007,0
0.00022507119684075938,-0.0502571867714095,0.3285704094100729,0.035151542994564744,0
0.0006076950723081467,-0.051713450754657136,0.32249296636608893,0.027535858750560745,0
0.00022752125390339265,-0.04643420470022759,0.3257149029931069,0.05517048042491367,0
0.0005056846278666693,-0.0464343379298152,0.3159928153579106,0.055142669514151206,0
-0.0003192503317700218,-0.03459358891200467,0.3775333439744584,0.11738371954909586,0
-0.0002224673341118538,-0.031364851051787546,0.3763297977874208,0.13466177735003595,0
-0.00017716256675772793,-0.027961906957047138,0.38510197163135523,0.1526351633061291,0
-0.0001997854181631912,-0.02966466032704119,0.380715884709388,0.14364847032808253,0
-0.000222288944215344,-0.029457239362997333,0.3906917391347522,0.14434332128517374,0
-0.0002534359927012539,-0.031172728015277783,0.386305652212785,0.1353566283071272,0
-0.0002859803158257449,-0.03288427565591898,0.3819194040279389,0.1263705079163478,0
-0.000244388675418749,-0.03306388553103988,0.37194373773394035,0.12567498898278404,0
-0.0001930329629101862,-0.027739274712338946,0.39507903711422454,0.15331279374941675,0
-0.00013410302826141147,-0.024541195021443068,0.39387424986224134,0.17060908097655528,0
-8.287574775060852e-05,-0.021696227631695042,0.38269466263686813,0.18719260140904326,0
-0.00011609865606162928,-0.02293522454391931,0.3985502825021774,0.17893526300355994,0
-9.265619796636055e-05,-0.02151752098890382,0.3929604888894908,0.18722702321980395,0
-0.00010655628640948117,-0.02310339126586832,0.38828445624955477,0.17890084119279925,0
-0.00016574915039584587,-0.026010072414979622,0.3994651762296676,0.16229975258462984,0
-0.00014086631331342427,-0.02428626930400868,0.40385740186297003,0.17119944571483475,0
-0.00015515029406127528,-0.026254792506763935,0.3894881107467983,0.1616221221413422,0
-5.99379864982335e-05,-0.018219502176124936,0.39437094658328714,0.20549216607945117,0
-6.726936114376307e-05,-0.01844590064746713,0.40328943229436,0.20295102767522036,0
-5.391490707730505e-05,-0.017027782847653557,0.40310995708223324,0.21086578961965619,0
-3.439237462080903e-05,-0.014952126823750798,0.3968389105284671,0.22389567753372489,0
-2.0655202483604148e-05,-0.012647799113125066,0.4087666712425852,0.23460336936048354,0
-3.8804696896087634e-20,-0.009599975424000165,0.4042408179457537,0.2546417206614152,0
-9.4680968548995e-06,-0.011073203678326406,0.4065037445941695,0.24462254501094938,0
-1.0843747188106002e-05,-0.011165060333190372,0.4158205120772822,0.24113423172416812,0
-5.326381400351456e-21,-0.009599975424000009,0.41355758542886645,0.251153407374634,0
-7.785424169221423e-05,-0.019744320794492246,0.3987986308627003,0.1963768055550079,0
-7.179691095646556e-05,-0.019967385159621612,0.38853280461007766,0.19634238374424723,0
-3.249375104533864e-05,-0.014185754973592861,0.41030781941188227,0.22542139126017235,0
-2.3061270770051022e-05,-0.012808895721987443,0.4178215523518206,0.23127034551440673,0
-4.020875948018265e-05,-0.01535634691094858,0.40434393905482324,0.22006754534679304,0
-4.6489276426462586e-05,-0.016574626026206976,0.39560492855587714,0.21469392180658803,0
-2.7932597039176537e-05,-0.013820195321459797,0.4028027908855262,0.2292495234471042,0
0.0017322390372760794,-0.05360311053600365,0.30717781975523273,0.017617883086506317,0
0.0016039463285788098,-0.05063528356758354,0.295345399156984,0.033039301934979504,0
0.0011878412196194555,-0.04758574130920801,0.29292308644970216,0.048973053437000084,0
0.0013780788878196418,-0.04910986369913875,0.2941342428033431,0.0410061776859898,0
0.0009851997423904143,-0.04760359702607388,0.30180946698716027,0.04894061709574935,0
0.0011346543489560421,-0.0491268643724713,0.3030206233408012,0.040973741344739065,0
0.001189198058281377,-0.050439697770848245,0.30670181854324896,0.03412844911576794,0
0.0011465843836980915,-0.05192130040681943,0.31261802884237333,0.02641773969153135,0
0.0011168410244319982,-0.05339775685536415,0.3170527572789483,0.018736002145535714,0
0.0016894983799140431,-0.05211859547605415,0.30126160945610836,0.02532859251074291,0
0.0007886957867489053,-0.045496039652350044,0.30133814064827297,0.0599872283656734,0
0.0004101256904340737,-0.04208500730739463,0.3101082112062771,0.0779900786081987,0
0.00018185864157065713,-0.038701522092097686,0.318881563721234,0.0959458282398041,0
5.092354252918915e-05,-0.03534019632025214,0.3276544635677464,0.11390807632999243,0
1.6561687460646594e-06,-0.03689019215437118,0.33324323460528743,0.1056304703407901,0
-3.684627945474178e-05,-0.035210650558228085,0.3376300644757234,0.1146060781673553,0
-1.855299462908202e-05,-0.032004622113152664,0.3364265684047651,0.1318817050506196,0
1.0225010450603266e-05,-0.03366866863845557,0.3320405159862557,0.12289489069030601,0
-6.250984883394276e-05,-0.03353471616362801,0.3420161168942328,0.12359289252766889,0
-0.00013356030128429684,-0.03171192788782018,0.3563781945306536,0.13327170038860664,0
-0.00013079001385778838,-0.03338936694075511,0.35199192995717704,0.1242878901966624,0
-0.00019212269953339538,-0.0332326566986472,0.3619679361055568,0.12497995050206938,0
-0.0001821149455163256,-0.03154493366480781,0.3663539961590372,0.1339667388693213,0
-0.00012486511319145425,-0.028366714053007346,0.3651503124415488,0.15124528416929459,0
-0.00016909260455011532,-0.029858583901123545,0.3707400551144848,0.14295353075966527,0
-0.00013105768801865527,-0.03003769520607323,0.3607642534861012,0.1422584922789506,0
0.0007761230522639947,-0.046557652807066384,0.30601699408644567,0.054447704560086005,0
0.0009764936643447206,-0.04654036024376655,0.29713061354898757,0.05448014090133674,0
0.000560511231326465,-0.04537521430969688,0.31131396191973787,0.06068219331973859,0
0.0005766064977447604,-0.04378849982730869,0.30572317592727505,0.06898865348693606,0
0.0003769422978731953,-0.04366741333885779,0.31569899719873995,0.06968361844100125,0
0.00023767119587693214,-0.041965778983736664,0.32008488144315844,0.07867286230696555,0
0.00013348455894560504,-0.040270586009501,0.3244715577006369,0.08765073712276825,0
0.00028099244112258744,-0.04039063819444026,0.31449488746375553,0.0869679534240014,0
5.681248205918438e-05,-0.03857619164458246,0.3288567846820312,0.09664934629569592,0
0.0001067976784313094,-0.03701764344090622,0.3232680136444902,0.10492695228489826,0
-7.838985669378698e-05,-0.031865223124646194,0.34640238146770935,0.13257670271961314,0
-0.0001542657282610896,-0.02817268494635501,0.375126142036452,0.15194022373771185,0
-0.00010587201430829433,-0.025031268505457206,0.37392243332645914,0.16921885753984758,0
-5.644407851844206e-05,-0.02219172881820082,0.3627429008111452,0.1858025298088663,0
-7.869847323276053e-05,-0.023599429598492677,0.3683326670688022,0.17751069367435696,0
-9.461728583022394e-05,-0.023364467611672497,0.37830854798166363,0.1782057294744454,0
-0.00012246903827759626,-0.024796841848542053,0.3838983415943502,0.16991396925820143,0
-0.00013851545700831178,-0.026485967083517505,0.37951220247890716,0.16092701042298835,0
-0.0001161723579228195,-0.026698242888505017,0.369536372884004,0.16023207085457108,0
-4.620797075147467e-05,-0.018946838014053547,0.371789088830244,0.20396106139722148,0
-3.212455030252549e-05,-0.01578139118072968,0.38024223705680427,0.22184803019963786,0
-3.943721913535944e-05,-0.017361221127441078,0.3760156629435241,0.21290454579842966,0
-4.487426897343152e-05,-0.016975864472805652,0.3873065918200457,0.21367009813954452,0
-5.4640101210486286e-05,-0.018608959950762036,0.3830800177067656,0.20472661373833634,0
-6.284624009512545e-05,-0.02030363489894514,0.37724187573355605,0.19557683140313237,0
-7.123173281171427e-05,-0.02195961770071177,0.37271878172400663,0.18649756560895478,0
-5.198563142396786e-05,-0.02056625101584303,0.36726599482069455,0.1948817956030439,0
-3.39408779211632e-05,-0.015386709627417866,0.3885405737926357,0.22287185386668137,0
-1.4923353691369733e-05,-0.01238329110638862,0.38896572951491026,0.24129540924793022,0
-1.7965297183099437e-05,-0.012524101965517535,0.39886620037874776,0.2379493893042069,0
-8.16224962336842e-06,-0.011021915913384769,0.396603273730332,0.24796856495467273,0
-1.8736633491061138e-20,-0.00959997542400012,0.3854261888196495,0.2611084197600967,0
-6.666444798277835e-06,-0.010940682743068105,0.3871959591672799,0.25120191450401347,0
-3.7902014949032206e-22,-0.009599975424000004,0.3948335033827016,0.25787507021075595,0
-2.377372882062433e-05,-0.013634298004441072,0.3929023200216887,0.23259554339082755,0
-2.3661244270182958e-05,-0.01407726269196771,0.38460398328585726,0.23157171972378404,0
0.002773175721606846,-0.05444750528047047,0.2878206372897582,0.01308036282745146,0
0.0023954404574718473,-0.05218809715709308,0.27332317764750874,0.02476585761186665,0
0.0016130613013823575,-0.048585194757889937,0.27614555050752126,0.04360704690527026,0
0.0019676079260550847,-0.05038615250680664,0.274734364077515,0.03418645225856845,0
0.0016476813433683865,-0.04961120320329243,0.28574547483225265,0.03832317442012488,0
0.0020398410223579264,-0.051412143347673606,0.2843342884022464,0.028902579773423077,0
0.0021247899142614237,-0.05254096856323228,0.29158301822337107,0.02305983238121548,0
0.0025986658962547137,-0.053317804861108965,0.2805719074686335,0.018923110219659055,0
0.0023074511834391665,-0.05402623104146128,0.29749922852249544,0.015349122956978888,0
0.0014158086063218117,-0.04808573574162997,0.2845343184786117,0.046290050171135175,0
0.001117534618355689,-0.04552908497864866,0.2813137892455746,0.059640988171341135,0
0.0007045369190311282,-0.04228653390734834,0.29014638463057285,0.07674632363980921,0
0.0007536328684611369,-0.043891683822211966,0.29574226263942294,0.0683667760027413,0
0.0005680134343673433,-0.04218785274989239,0.30012729791842496,0.07736820112400396,0
0.00041366910407590146,-0.03892456566452335,0.2989283360324739,0.09457863632066643,0
0.00022402562162695874,-0.035567659343648673,0.3077022260425267,0.11252667124050736,0
0.00021042508978583554,-0.037134407058888805,0.31329189488188036,0.10423624974015573,0
0.00013908764206217635,-0.0354585240725477,0.31767834480513657,0.1132173737852499,0
0.00010603802114732589,-0.03224281474481571,0.31647492847844505,0.1304917592935036,0
4.372510871708556e-05,-0.03213030080009378,0.32645074844160504,0.13118673217206162,0
8.46202861046992e-05,-0.03379039886222872,0.32206469602309573,0.12219991781174802,0
0.00015770169010269726,-0.03390029402398653,0.3120885772604859,0.12150921526700548,0
0.0011622825805201495,-0.0465580624719483,0.28711843784763835,0.05430702080417061,0
0.0013457641608782148,-0.04705621626550772,0.2787296698765479,0.0516240175383057,0
0.000974313050934634,-0.04551400612772217,0.29132596494692375,0.05981410826850726,0
0.0008930793962056058,-0.043905915405702434,0.2857300869380737,0.06819365590557518,0
0.0005442105912623473,-0.040602674741313335,0.29453736033152333,0.08566247998023782,0
0.00042015971856500066,-0.04050506048017945,0.30451827361937545,0.08628435746443257,0
0.0003025475786792048,-0.038816165770174826,0.3089049498768539,0.09526223228023527,0
0.00030812224357529126,-0.03724223304847636,0.3033152810375003,0.1035526537805869,0
-5.034413841725334e-05,-0.02870052874360786,0.3451986760995946,0.14985532414703934,0
3.635943852755552e-05,-0.028960256944260777,0.325247035877854,0.1484653784810652,0
-7.757221723054915e-06,-0.028839548673107597,0.33522285598872426,0.14916035131405225,0
1.367930577143993e-05,-0.03047978620179956,0.3308368021413095,0.1401735417658424,0
-3.803951503839331e-05,-0.0303484727826378,0.34081262225217984,0.1408685145988295,0
-8.687200177383254e-05,-0.030201118779515815,0.3507884353151241,0.141563512267823,0
-8.984051920730144e-05,-0.028542871349639478,0.3551744942705717,0.15055030415816695,0
-5.977265148590736e-05,-0.025429792679369945,0.3539707881162477,0.16782892816754327,0
-1.9461853226283357e-05,-0.022558186716944484,0.3428021836718939,0.18441517825992468,0
-3.899056920196099e-05,-0.022391270836717485,0.35277254224151955,0.18510885403439548,0
-3.6969619889581355e-05,-0.023985669442263352,0.34838648589407084,0.17612205321373398,0
-5.9268483750870554e-05,-0.02380683844072324,0.3583568444636964,0.1768157289882048,0
-8.475715019495404e-05,-0.025242629862473692,0.3639466107213534,0.16852389285369543,0
-8.875882836816674e-05,-0.026890201830767967,0.3595605502788982,0.15953710616841893,0
-5.714521953503341e-05,-0.0270609656122687,0.3495847321079212,0.15884212615729132,0
6.63410450573941e-05,-0.030595515954905478,0.3208609821781495,0.13947856888728438,0
-2.4570419231889374e-05,-0.019446326127050537,0.3516090449210154,0.20241703197132385,0
-2.3253086263923724e-05,-0.02099397417873309,0.3472056142964547,0.19341610511562426,0
-3.8582492229123866e-05,-0.02080621407666772,0.35717597286608027,0.19410978089009506,0
-3.6364693196688696e-05,-0.019218347036557153,0.3616990668756297,0.20318904668427268,0
-2.188828194744412e-05,-0.016372458622285233,0.3606628266310143,0.22058067605091347,0
-2.7758461188519646e-05,-0.016103029905980382,0.37045253184390925,0.22121435312527565,0
-3.2653006508510826e-05,-0.017641173672399743,0.36622595773062916,0.21227086872406747,0
-2.402055516744703e-05,-0.01790096324959583,0.3561359357760149,0.21149885401111868,0
-1.4169992984641283e-05,-0.013529876361786305,0.36785530492985347,0.2379578925916937,0
-2.2109311370274295e-05,-0.01463291170256604,0.3740487709933289,0.2299029613956658,0
-1.8329670917674017e-05,-0.014939760218865089,0.3642590657804339,0.22926928432130358,0
-1.543624226073369e-05,-0.012998634162606049,0.37841051722238184,0.23962665091981195,0
-6.024232277506288e-06,-0.011205628628013713,0.3729031500833011,0.2528476153381518,0
-1.0152006690864077e-05,-0.012355875270046996,0.37037922750657726,0.24540275396492275,0
-1.0013165803444573e-05,-0.011789782737067718,0.3809344397991057,0.24707151229304103,0
-3.4191615990728253e-06,-0.010415088386308058,0.3791646694514753,0.25697801754912425,0
-9.7369084264842e-21,-0.009599975424000106,0.3662195914813676,0.266278831452245,0
-2.56995394642268e-06,-0.01037490353667474,0.36956137078233436,0.25956322339519844,0
-1.2070415252245661e-21,-0.009599975423999998,0.37582289015050857,0.2636936256061708,0
0.0034410401865371688,-0.055589750786607404,0.26889437454259557,0.006973095171538197,0
0.0026138685506497884,-0.05304517378033471,0.2530221599128696,0.02013801207817946,0
0.001838628585476359,-0.04935096726929667,0.25463714112017666,0.03941601227068407,0
0.0021957837174465863,-0.05119812713681573,0.2538296505165231,0.029777012174431766,0
0.0021214760398525524,-0.050770509220250074,0.26398015938384267,0.032090934941275365,0
0.0025537385513783486,-0.05261630469808903,0.2631726687801892,0.022451934845023055,0
0.0028816815933211445,-0.05388894090645658,0.27110877609505213,0.015869476391702424,0
0.0030161678574617086,-0.05431781214254277,0.2609582672277326,0.01355555362485883,0
0.0031719499975984625,-0.055018553026727736,0.2783575059161769,0.01002672899949483,0
0.0017641019910340707,-0.048967954430262195,0.26539134581384893,0.041511529587977165,0
0.001312421588366208,-0.0459448542082201,0.26143163779333733,0.05725354058428458,0
0.0012377486423088794,-0.04573735239574321,0.27137271351945597,0.058447264377812856,0
0.0014666265369044091,-0.04726621889247514,0.2687885941504293,0.05043029374477742,0
0.0015595087785363305,-0.04764707379413542,0.258034389456757,0.04833477642748432,0
0.0008983565073428927,-0.042534525407257724,0.27020635008392024,0.07518975324155869,0
0.0005893028962744484,-0.03913001695966685,0.27897645282153166,0.09319214337018439,0
0.0006491095564725346,-0.0407095718499822,0.28456141872605223,0.0849692335049968,0
0.0007313635301053063,-0.04082944183387152,0.274591401452726,0.08419094830587154,0
0.0008165889068357558,-0.042411688053366245,0.28017636735724655,0.07596803844068395,0
0.00100699898346704,-0.044032926403785054,0.2757600696647474,0.06741537070644991,0
0.0010915181812540932,-0.0442378727465908,0.2658189939386288,0.06622164691292164,0
0.0005105850061228205,-0.039029438575442374,0.28895239442700277,0.09388538984542541,0
0.0003705462039462077,-0.03576447302881602,0.2877507801973873,0.11113389868971148,0
0.00039588447548561675,-0.03734578616921815,0.2933395581149306,0.10285626750518895,0
0.00030225526296378917,-0.03566960341766547,0.297726503119957,0.11183028496510941,0
0.00022096827449464432,-0.03243230522630732,0.29652328452092813,0.1291018285198415,0
0.0002882943455433096,-0.0340928343403311,0.2921370323591577,0.1201178636047765,0
0.00022652665293155207,-0.03400087393016046,0.30211275528172743,0.12081424988017443,0
0.00016591968917673456,-0.03234306820312738,0.3064991064996866,0.12979679390667254,0
0.0001224678516812241,-0.029150243073661222,0.3052953927619725,0.1470754438775185,0
0.00016634696300976419,-0.03078401508394822,0.3009093386414503,0.13808863619868,0
0.00011790828343029757,-0.030696513261939395,0.31088516062020877,0.13878360158551106,0
8.033613245695382e-05,-0.0290634218095626,0.31527121431991323,0.14777041117929185,0
6.0214396769518624e-05,-0.025933477126840635,0.3140675016365796,0.16504905744354575,0
-1.6696719506943692e-06,-0.0257297771997999,0.3340209660783553,0.166439422548909,0
2.2990520421663326e-05,-0.022798698277473765,0.3228482654961819,0.18300965002396,0
1.310645950112279e-05,-0.02426003061566632,0.3284346157872686,0.1747245362864345,0
2.937611825242212e-05,-0.025843233507595046,0.32404423385746745,0.1657442399962274,0
1.420616198156574e-05,-0.027338017899696403,0.32963400097810464,0.1574524005149871,0
5.134839788806751e-05,-0.027445212018340714,0.3196572687572168,0.15675721796230546,0
8.759178773181567e-05,-0.027532790569185183,0.30968144719927604,0.15606225066053214,0
0.0004700144690738991,-0.037443188921208986,0.2833636165094595,0.10216302102994793,0
-2.24112275058941e-05,-0.027210152341281435,0.339609821088975,0.15814737334797418,0
-3.174965488103895e-05,-0.02559216158723557,0.3439958770973015,0.16713417535822614,0
-1.2550972725599774e-05,-0.024136215050127523,0.33841157487512463,0.17542730040441684,0
1.4588298574242954e-06,-0.02269427729206315,0.3328252245840379,0.18371241414194234,0
2.742432822491087e-06,-0.019754998924272536,0.33163161019155835,0.20098092550660748,0
-6.189726486778834e-06,-0.016832134713032014,0.3404574894189932,0.2188469353313974,0
-1.394303198847681e-05,-0.018127096101819767,0.34603326717000427,0.21063198365136063,0
-1.460045408791111e-05,-0.016629827218260534,0.35056015802500373,0.21971380569115545,0
-7.295783595852832e-06,-0.01405972500091783,0.3485064098452812,0.23650264621939343,0
-7.414048595537144e-06,-0.015430710535512846,0.3444819496321372,0.22767479077539543,0
-1.3477298299940687e-05,-0.015201278225423914,0.35458461823814774,0.22854166113515345,0
-1.1199372616195195e-05,-0.013826029842885681,0.35818085738756733,0.23723026940554356,0
-4.354432637542163e-06,-0.011593282264596784,0.3558842302883544,0.25295049954012816,0
-6.192330858512345e-06,-0.012811965642636425,0.3521953200668178,0.2447265728797608,0
-8.477446760978212e-06,-0.012545747143703318,0.36186976760910394,0.24545419606591093,0
-5.4582080247099085e-06,-0.011429189164662582,0.3643936901858278,0.25289905743914,0
-2.5340985790855563e-06,-0.010587519806171408,0.361051910884861,0.2596146654961866,0
-3.355044564515081e-21,-0.009599975424000115,0.3465786065780698,0.2693798924876393,0
-1.5813024153459352e-06,-0.010562405176642597,0.35123141843321215,0.26116519601388377,0
-7.653415135824797e-22,-0.009599975424000002,0.3563990990297187,0.26782936196994217,0
-1.1390170945609169e-05,-0.0196215699241593,0.3416203275562869,0.20169897873896567,0
-2.8703960041309805e-06,-0.0182801814195292,0.33604454980527576,0.20991393041900244,0
-6.459262517230236e-06,-0.02114879955674081,0.33721689693172613,0.19269805188326608,0
1.1142378517646381e-05,-0.021264465003302327,0.3272399378438701,0.19199528776528374,0
0.0036731953318188014,-0.05688433304106684,0.250234026539078,8.793427222369255e-05,0
0.0025892950862691274,-0.05439533975520811,0.2338967716914948,0.012972338348939455,0
0.0017409672072710215,-0.04998748924912359,0.23317811533940377,0.03591903574777911,0
0.002127859566210592,-0.052192238864485985,0.2335374435154493,0.024445687048359283,0
0.0026454639042217797,-0.0537194188235213,0.2434594658021822,0.016555175213559457,0
0.0021585634007519517,-0.051517486582314975,0.2431001376261367,0.028028523912979286,0
0.0018259936159463993,-0.049668443560863654,0.24390762822979023,0.037667524009231595,0
0.0012958568136139817,-0.04617029962497911,0.24148051739564363,0.05585609458219471,0
0.0009588389514343296,-0.0427456653369411,0.2502548683248539,0.07379749714405781,0
0.0006815352117977605,-0.03933073684184069,0.25902733433559144,0.09176596335958055,0
0.0008122049994835115,-0.04103582315934952,0.25464110133022266,0.08278173025181917,0
0.0009456276183172108,-0.04264029417587589,0.26023060920438706,0.07449362519280825,0
0.0007860982089120167,-0.040934761997655764,0.26461684220975584,0.08347785830056961,0
0.0006470269542357218,-0.039231277260129455,0.2690018935785615,0.09247905336488246,0
0.0004668363634495671,-0.03593928814142205,0.2677995321716415,0.10973828488421503,0
0.0005666429550415773,-0.03763128655368721,0.26341343325361644,0.1007521241218978,0
0.0005276188616749132,-0.037537193751473255,0.2733879924965866,0.10146521412719971,0
0.0004261379618314026,-0.03585393231156968,0.2777751561845144,0.11043609178696326,0
0.000307969334710143,-0.03258424245844747,0.2765716402496805,0.12771189956583764,0
0.00026896175735512004,-0.03251208219935137,0.2865474623853043,0.12840686404283957,0
0.0003404849417876639,-0.034177127587406354,0.2821612102235339,0.11942289912777457,0
0.00038103196584291866,-0.03425627394996589,0.272185586210661,0.11872509222502634,0
0.003619622796913278,-0.056236384286349805,0.2595642005408368,0.003530514721880945,0
0.0031101260214337835,-0.054965061880034485,0.2516280932259738,0.010112973175201576,0
0.0031059803644686483,-0.05564031725699595,0.2420653991152864,0.006530136310581574,0
0.001551288027258548,-0.04776208218783011,0.24805882925791015,0.047636053426439395,0
0.0015110800136318978,-0.048078257576812736,0.2373293163675237,0.04588756516498691,0
0.001327143202138985,-0.04605733087252419,0.2514560775944905,0.056554817583239644,0
0.0011260391795272116,-0.04434693515140547,0.2558432530590956,0.0655255188641712,0
0.001120537570957746,-0.0444565926599915,0.24586769286024876,0.06482679586312626,0
0.00019467484625911334,-0.029281719813664602,0.2853437485909745,0.14568551394876852,0
0.00024629700019047186,-0.030925288333107297,0.2809576944203275,0.13669870675730308,0
0.00020972378925508415,-0.030859624507495794,0.29093351655595134,0.13739367123430501,0
0.00016109389181042733,-0.029222336171497262,0.2953195706764735,0.1463804789131435,0
0.00011648841403684764,-0.026055765074943248,0.2941660863322043,0.16363461326327924,0
0.00015179152610679119,-0.027658493021093536,0.28975491746158943,0.15466006360602388,0
0.00012148236773802746,-0.02760478227022162,0.2997307395470884,0.15535502857039887,0
8.960954815388131e-05,-0.026004379869366514,0.30411679398439195,0.1643418353534125,0
6.459382578197261e-05,-0.022918940915825994,0.3028994279452172,0.18160084956352152,0
6.427131886688207e-05,-0.02442635163393936,0.3084834647908984,0.17332495350353364,0
8.777055705225047e-05,-0.024474335198567756,0.29853275713871075,0.17261773141340037,0
3.904211333727722e-05,-0.0243552725437027,0.3184578835663807,0.1740293537337529,0
4.43097899443777e-05,-0.02287306394384378,0.3128738467206995,0.18230524979374074,0
3.157967178076725e-05,-0.019896619507136157,0.31166790359758434,0.19957246752861937,0
1.216701056610233e-05,-0.017034092310932687,0.3204592642112151,0.21739200821388602,0
8.774473002479972e-06,-0.01838831267653623,0.32604543720138673,0.20918646686024675,0
2.8587199261168934e-06,-0.016958753692592563,0.33045837681510415,0.2181194717726417,0
2.304034226466706e-06,-0.014280281239428937,0.32916926302338184,0.2354788659148981,0
-8.081710611470807e-07,-0.011768675318790184,0.33737510031656337,0.2530287902605785,0
1.213241009391069e-07,-0.013004005559853964,0.33327218166997263,0.24425382808773832,0
-3.2166726700715834e-06,-0.012898636678154817,0.34294075508092225,0.24476571823998597,0
-2.672473560678162e-06,-0.014199917416008331,0.3388378364343315,0.23599075606714576,0
-8.617544608687386e-07,-0.015544975506191399,0.3348133762211875,0.22716290062314776,0
6.236683606972917e-06,-0.015636946023002536,0.3248142636172985,0.22643543706439206,0
2.8897575514198253e-05,-0.021345032118800972,0.3172580845468831,0.19129105877628969,0
1.7257365932648767e-05,-0.01984537861756632,0.3216497568945713,0.20027669651761343,0
2.0466750061408247e-05,-0.01844767651627216,0.3160635839043997,0.2084822378712527,0
4.60906287018207e-05,-0.02139205157368928,0.30728366577140076,0.19058665854607043,0
-2.721080751688709e-06,-0.011715291058624254,0.34662966530245887,0.25298964490035336,0
-8.314401290628681e-07,-0.010658035390472265,0.3419768534473166,0.2612043413741089,0
1.5127479042369772e-21,-0.009599975424000103,0.3267034976637463,0.2698440294831328,0
1.1911400820763599e-22,-0.009599975424000026,0.33664105212090806,0.2696119609853861,0
1.6120140025482246e-07,-0.010656734639288096,0.33203929899015483,0.2614364098718557,0
0.0034531977553822054,-0.058186804923741293,0.2315771711968221,-0.00680679018077263,0
0.0036188850910245035,-0.05753471599081186,0.24090559886795004,-0.0033594279542744684,0
0.0030020638582456583,-0.05629150929428793,0.23273697144415845,0.003082774084083413,0
0.002277328235644474,-0.055620204544725604,0.21680506882729628,0.00650534828926875,0
0.0028304691286187107,-0.05690401322775065,0.2241911200120592,-0.0001507209457519399,0
0.0024666225693263143,-0.055007010818811125,0.22535092025939554,0.009738843319104103,0
0.0018576353213846466,-0.05260759642812836,0.21951553687553502,0.0221978239726555,0
0.002212256126143784,-0.053501741577663436,0.22670615428351493,0.01758508116079748,0
0.0018203708574203081,-0.051296725718971474,0.2263468261074694,0.029058429860217304,0
0.0012857123429814868,-0.049827273649977924,0.2117049067526942,0.0366019355765966,0
0.001108512086302262,-0.04640648886938325,0.2215315657208501,0.054427509564587466,0
0.001221820954993016,-0.04628746997689922,0.23150604155824686,0.05514180207339109,0
0.001397279414228382,-0.04819868932111225,0.22735484053012694,0.04517327265618329,0
0.0012044020018462719,-0.04811647075738193,0.21661823623677215,0.04551472257059203,0
0.0015339440091565201,-0.049906512540545345,0.22244151104604898,0.036260485662187855,0
0.0015516924905389787,-0.051218212908675745,0.2156102218141146,0.029399879774626048,0
0.0020620235277530024,-0.05411420236402225,0.21816030285141563,0.014351586130962124,0
0.0008861010992247454,-0.04295995676559841,0.23030367300247992,0.07240112498061646,0
0.0009971394139643044,-0.04468244407804904,0.225917619361665,0.06341431727260197,0
0.0010765863919971188,-0.044567095299382506,0.2358920951990618,0.06412860978140558,0
0.0009384935690060173,-0.042852033019884245,0.2402792706636669,0.07309931106233714,0
0.0006772861315456755,-0.03952258190277848,0.23907568814206434,0.09037606571160273,0
0.0004979710899506058,-0.03610347145775948,0.24784787315665163,0.10834857132601067,0
0.0005834290211175898,-0.03781013760528233,0.24346178064935797,0.0993623185188067,0
0.0006915649648138175,-0.039426238767499566,0.2490515112388279,0.09107101453559163,0
0.0005853678699973796,-0.03772058668985197,0.25343760374612156,0.1000572673427956,0
0.0004910618983389526,-0.0360216840803902,0.25782370266414656,0.10904342810511285,0
0.00035318929351777373,-0.03271427650467093,0.2566199961326589,0.12632197074123105,0
0.0004212429167334762,-0.034404164068409335,0.25223393464465527,0.11733527103362086,0
0.00040829808331748613,-0.03433110080501202,0.2622097641521502,0.11803012781272304,0
0.00033642417948934075,-0.03265087675123174,0.26659581819116973,0.12701693515353435,0
0.0002415401121765224,-0.02937231629275259,0.2653921043281101,0.14429558533287914,0
0.0002934639869017473,-0.031036097823853817,0.2610060502303845,0.1353087780370551,0
0.0002745924126737349,-0.030983268964209502,0.2709818722888953,0.1360037424493584,0
0.00022185986204300114,-0.02933079209731503,0.27536792645954233,0.14499054964082383,0
0.00015859758767885912,-0.02613111274612957,0.2744655877105283,0.16212211150478403,0
0.0001397307895952262,-0.026100184461722447,0.2843158370213663,0.16287836238403164,0
0.00017720859923702932,-0.02771130000110876,0.27990466815075143,0.15390381272677628,0
0.00019687880277232626,-0.02774127788173938,0.2699288460193192,0.1532088484188316,0
0.0008095004674917738,-0.04113679032562538,0.24466527823345913,0.08208678142783027,0
0.0007786941307279919,-0.04123964887274159,0.23468968057227213,0.0813885953461096,0
9.946164701214119e-05,-0.02296820817557163,0.2828347040655827,0.18000229420998468,0
5.743828729435125e-05,-0.019904733924331976,0.2917191439224196,0.19808347786635072,0
3.026205406318306e-05,-0.017123415134071424,0.3005369918148757,0.21542623841296935,0
1.2726877389978886e-05,-0.014437038068697946,0.30984021475660745,0.2333235408610687,0
3.611273747496709e-06,-0.0119333548562829,0.31813421968876693,0.2512494460766307,0
3.6749743574697564e-06,-0.013099217203205738,0.3236517413560744,0.2433641559957644,0
7.354380167942348e-06,-0.013159043520991929,0.3139872172226872,0.2422864934688497,0
7.51116303304043e-06,-0.01438652215280667,0.31950473888999464,0.23440120338798343,0
1.3282761620514925e-05,-0.015730927727054294,0.3151497394839113,0.22535777453747735,0
2.1437180982879082e-05,-0.01710166291250787,0.31049812801304544,0.21640912331342768,0
2.0313216278450736e-05,-0.015756084129850453,0.3051886032857416,0.22437488963701901,0
0.00010902560545150212,-0.02451688198854772,0.2885003951988935,0.17181845373663196,0
0.00012647999186277787,-0.024535898290705505,0.2786501458880555,0.17106220285738435,0
8.33033423557471e-05,-0.02295497622594863,0.2928670660053999,0.1808015718867531,0
6.21063945598866e-05,-0.021414755230968873,0.2973092859338184,0.18984216371493612,0
4.51631259665429e-05,-0.019917722825964115,0.30169352376000197,0.19882797269748503,0
3.1937991448670384e-05,-0.018510530278997187,0.30610244770623,0.20749935297079436,0
4.240951501150002e-05,-0.01849373087145159,0.29612806786864765,0.20675485813966005,0
7.643843711352444e-05,-0.021418019146525562,0.2872769239940012,0.1890428860381677,0
1.3408446296116975e-06,-0.011886984769365425,0.3277546600026652,0.25213911816860457,0
1.1894707908438764e-06,-0.010725547348939655,0.32241885867625664,0.26054673777988174,0
8.49944623010487e-21,-0.009599975424000113,0.3069505797865654,0.2675774458242292,0
1.482307657695026e-22,-0.009599975424000033,0.31682703872515583,0.26871073765368103,0
2.2915323193537485e-06,-0.010749716683783897,0.3125423997376662,0.2594134459504299,0
0.002797748077244695,-0.059350285182821774,0.21266024130503655,-0.012943266715709499,0
0.002537430699077707,-0.05748560532753915,0.2147326550661664,-0.0032189592132203745,0
0.003171201938829558,-0.058767728073638455,0.22211870625092933,-0.009875028448241063,0
0.0014331569453725963,-0.05313036932040577,0.20389571589103672,0.019405128582624193,0
0.0016474727817764106,-0.05651201708150017,0.1992486080109675,0.001801789352351307,0
0.0015446210843519737,-0.05482159267696331,0.2015721619510021,0.01060345896748775,0
0.0019883727959471662,-0.05606538530715893,0.2080268384191319,0.004153568820810028,0
0.001828608279595537,-0.054375765738873524,0.2103503923591665,0.01295523843594647,0
0.0016614559485605776,-0.05286834123086116,0.21170562638328588,0.020801476277639848,0
0.0013682119371101632,-0.05147891893543622,0.20780031132186547,0.028003532079610396,0
0.0007978589164930457,-0.050086755729298896,0.192605039036664,0.035162929493762006,0
0.0007824568509939868,-0.046644750355485404,0.20157992068331138,0.05303757986807577,0
0.0006953829529852577,-0.04318263776826197,0.2103520285660685,0.07101119534913085,0
0.0008040195009310133,-0.043069692917729545,0.2203278507842742,0.07170616016487366,0
0.0008849683298613173,-0.04479651454488921,0.2159417971434593,0.06271935245685915,0
0.0007444750997088958,-0.04491363836102064,0.20596597462468993,0.06202438760860331,0
0.0009602809252761958,-0.04652418527489173,0.21155574320208073,0.05373254471633162,0
0.0010124947460702447,-0.048237314117950056,0.2066424137180028,0.044819757722336186,0
0.001055620592948806,-0.04995587687282622,0.2021549728946791,0.0358824325351793,0
0.0008013950987490378,-0.048365971537891565,0.19709247985998768,0.04410025468091889,0
0.0021821535613759917,-0.057931651475118376,0.205954424658002,-0.0055707386816790955,0
0.0010885157062792664,-0.05160938753937945,0.19825037746385038,0.0272840290381931,0
0.0005796440603503696,-0.039723097239509474,0.21912412098320985,0.08898503186060293,0
0.0004595922877084835,-0.03627252900070607,0.22789624421173305,0.1069584265860055,0
0.0005610333465816524,-0.03790148700046885,0.2334859661768987,0.09866724614880412,0
0.00048734933939931224,-0.0361865079531281,0.23787205868419234,0.10765349895600809,0
0.0003493542064058392,-0.032841159088077554,0.23666835215452864,0.12493204199257489,0
0.0004026937910938789,-0.034553588475704125,0.23228229818313084,0.1159452342892902,0
0.0004193640680678516,-0.03447762028307396,0.24225811265559014,0.11664030665929279,0
0.0003575743619835203,-0.032776872509941754,0.24664417414359377,0.12562700636690297,0
0.0002554338830789319,-0.02944513815411861,0.2454404602415247,0.14290565704196737,0
0.0002529137469132183,-0.029409322551048174,0.2554162822848174,0.14360062118742326,0
0.0003021241767264397,-0.031086525880197627,0.2510302281870918,0.1346138138915992,0
0.00030016978781658777,-0.03113744773171357,0.24105440619802665,0.13391884951727112,0
0.0007212115612384088,-0.04134433437292582,0.22471389699284489,0.08069307842060969,0
0.0006393108237181416,-0.04145222720364841,0.2147380747746392,0.07999811360486689,0
0.0006394858224871684,-0.0396211697130966,0.2290999045626371,0.08968054878610282,0
0.0005190630000795957,-0.03799616900723464,0.22351018259747146,0.09797172922330422,0
0.00018354721398814138,-0.026330289731827727,0.2546316568396136,0.15973896974310597,0
0.00021190420163204367,-0.027858647421834488,0.2600118805838618,0.15201727753799255,0
0.00017391171114393018,-0.02623276902548454,0.2645486222750709,0.16093054062394502,0
0.00012615480465930038,-0.023269037110698883,0.26289692549708976,0.17665947732552395,0
7.875368185926753e-05,-0.019826819695763862,0.2687211707023125,0.19602511104328607,0
0.0001004946161473933,-0.021530556404438694,0.26580904809970113,0.186342294184405,0
0.00011447302995516189,-0.023123085457722653,0.2728658147813362,0.1783308857677543,0
9.005268242664964e-05,-0.02141238348319469,0.2757779373839476,0.18801370262663536,0
6.959846154972084e-05,-0.019882046607493587,0.28022015731236605,0.1970542944548184,0
4.40089966339509e-05,-0.016906016399472448,0.28056701827500125,0.2142557956088521,0
5.1333649638607534e-05,-0.018412280329490223,0.28614308109871045,0.2061696367376014,0
5.992126558593924e-05,-0.01833843770438797,0.2746440944886569,0.2051404533260691,0
0.00021770558701462165,-0.027878915213817093,0.25003605854056915,0.15132231339253666,0
0.00015304160309466243,-0.024787801616421783,0.25876429116835165,0.16819922353431496,0
0.00014271164516563382,-0.024709116288762167,0.26868125660380904,0.16939079441515398,0
3.783007192457998e-05,-0.017035486607521085,0.2905520050449385,0.21484101701091074,0
2.4800978041751418e-05,-0.014795610040763078,0.28960480901580954,0.22841277145958672,0
8.309800501135506e-06,-0.012004228886043616,0.2987666628229027,0.24824400577318814,0
1.5408448476589313e-05,-0.013362058907278287,0.29418573591935615,0.23832838861638744,0
1.8800204894723217e-05,-0.014638873598667765,0.29972251188620846,0.23086815616032771,0
1.1115649988817477e-05,-0.013221304093834636,0.3043034387897551,0.2407837733171284,0
6.036120143953503e-06,-0.012001825726515635,0.3084504412558348,0.24974672592490943,0
3.3413568717896124e-06,-0.010752615711151737,0.30285862130473407,0.25791072579870866,0
1.4145450219146818e-20,-0.009599975424000099,0.287592493039636,0.2630154559094485,0
4.557656855746456e-06,-0.010798698379374961,0.29317957793126936,0.25562973084131835,0
1.3157821533732279e-21,-0.009599975424000042,0.2972715364131007,0.26529645086683884,0
2.8165154558031276e-05,-0.015965775729678427,0.2950709004153426,0.22191950493627804,0
3.3605851825600495e-05,-0.015832451082784936,0.28508591364540536,0.2213342835342194,0
0.0017661521426478185,-0.06022209518293338,0.19331445886741058,-0.01752986309331294,0
0.0008793789259843431,-0.057192221962559076,0.18288977839374493,-0.00177030980438501,0
0.0007920795931807889,-0.05355510539077231,0.18592638570608208,0.01714370023133325,0
0.0008404073562348967,-0.05537435356444297,0.1844080820499135,0.00768669521347412,0
0.0012797651363631588,-0.056851550507012724,0.1910691932023562,1.573977398314848e-05,0
0.0011841634429886438,-0.055034060980383166,0.19258749685852478,0.009472744791842277,0
0.0011267734168591875,-0.05334188853181234,0.19491105079855942,0.01827441440697872,0
0.0008061403401088919,-0.051821469409582044,0.18926571237137305,0.026153314862547627,0
0.00019925817646814948,-0.05032950927478471,0.17281059068919039,0.03385962221924662,0
0.0005068051322894593,-0.05020680626221388,0.1827078148629272,0.03451127585650431,0
0.0004638379434615032,-0.05194287667330031,0.17936848819763623,0.025501661225289934,0
0.0023145352509357075,-0.05978549455837574,0.20298735008622357,-0.01523656490451122,0
0.0017218278294528328,-0.058367396736918084,0.19628153343918903,-0.007864036870480817,0
0.001287414034119521,-0.05870758848551617,0.18810211863057774,-0.009650086448848976,0
0.0003587997969328275,-0.04689579301537537,0.18162827528294773,0.051647650055443625,0
0.00041300520067518565,-0.043420590506969,0.19040038388167238,0.06962126561539302,0
0.0005802226613101576,-0.04676854149657841,0.19160409798312955,0.052342614961759695,0
0.00039618713017137904,-0.04515886181354388,0.18601432958231007,0.06063445783541832,0
0.0005800154974280299,-0.045034303536598694,0.1959901522824919,0.06132942274173439,0
0.0005637460417086019,-0.04329943868599642,0.20037620622387042,0.07031623048226193,0
0.00040258908859625757,-0.03994090436585886,0.19917249215643792,0.0875948814104769,0
0.0003569241352466186,-0.036459979345627454,0.2079446002662402,0.10556849729912679,0
0.00045896591764114816,-0.038095335439536644,0.21353436062472503,0.09727676457986487,0
0.0004156431942405348,-0.03636318214030141,0.2179204222389866,0.10626346194256614,0
0.0002963526529100341,-0.03298454789926858,0.2167167083155852,0.12354211312916354,0
0.0003275499289827769,-0.03472096742154595,0.2123306542909127,0.11455530521414517,0
0.00037176183109025724,-0.03463406968741787,0.22230647626365913,0.11525026985758452,0
0.00032873913159289553,-0.03290960318667026,0.22669253023505692,0.12423707756086921,0
0.0002335697201257592,-0.029526942538479577,0.22548881638318702,0.14151572873653143,0
0.00017727328502038176,-0.02620286864974801,0.2342946669148519,0.159004990689591,0
0.00020469500389505327,-0.027858455312032335,0.22989174164901946,0.15026035971306123,0
0.00021429132053953618,-0.027833946787667426,0.23986756357818828,0.1509553238657792,0
0.00024895244212955626,-0.029483191099066226,0.23546463831235587,0.1422106928892494,0
0.0002875796565934722,-0.03119179965921265,0.23107858426885783,0.13322388536455315,0
0.0002646926514634966,-0.031252454310305794,0.2211027623493861,0.1325289209328475,0
0.00029464907719133906,-0.04861335509192541,0.17721943298606907,0.04275363613734512,0
0.0005562436010851378,-0.04849230124628567,0.18711665715980585,0.04340528977460281,0
0.0005357798417296928,-0.04156429456937641,0.20476226036125322,0.07930303837980388,0
0.00041381765772452103,-0.04168116737375189,0.19478643801905515,0.07860807351293496,0
0.0004998300742460732,-0.03982934912700079,0.2091483065698239,0.08828995663553992,0
0.00038269232196854467,-0.03820027903855956,0.20355854621133906,0.09658168935480185,0
0.00018379329534358162,-0.026266096481457855,0.24446316187723274,0.1593719802163485,0
0.00014071636747063854,-0.02379310533481281,0.2434041959356158,0.17213511550907823,0
0.00016186141255368356,-0.025071198682383,0.2490179263876147,0.1659370426260921,0
0.00013553555721091992,-0.023527733515354955,0.2531505607163528,0.1743972964173011,0
0.00010284614318302517,-0.021092967910434142,0.24877383585471732,0.18678714766155904,0
0.00011521036286928973,-0.02219486745223792,0.25583538067590356,0.1817233124935415,0
9.174408675500481e-05,-0.020448616182047755,0.2587475032785149,0.19140612935242257,0
7.044712793574353e-05,-0.018281682804199353,0.25184417251635693,0.20212006842193472,0
8.573938730534432e-05,-0.01967840069308483,0.25030900418553714,0.19445360804174688,0
7.571892062483534e-05,-0.019071978693091615,0.2602826716093347,0.19907258973261038,0
5.066243875192557e-05,-0.016480359004044595,0.26057725062433557,0.21341018500008901,0
3.169781419005592e-05,-0.014554937340899795,0.2700675911853902,0.2262827632173401,0
4.0669709688412176e-05,-0.015497869726515102,0.2653224209048629,0.21984647410871455,0
3.824565217806285e-05,-0.015741961152866867,0.2753173047301957,0.2202692794130961,0
2.878673434420017e-05,-0.014696190766915218,0.27983620010059984,0.2273477673384634,0
1.3226195703455193e-05,-0.01215718791363013,0.2802347811477303,0.2433555458218586,0
1.933720924244551e-05,-0.013479129620600026,0.2849197950817699,0.23588415864072265,0
1.086561317599869e-05,-0.012102868311727025,0.2895007219853165,0.24579977579752338,0
5.668756651746237e-06,-0.010823686275169867,0.28391363709368317,0.25318550086565356,0
1.689830729772329e-20,-0.009599975424000103,0.2686646259811488,0.2568921362760281,0
5.082197683525801e-22,-0.009599975424000026,0.2781285595103924,0.2599537960927383,0
7.014799967605238e-06,-0.010889389832379066,0.27444970356443954,0.25012384104894336,0
0.0001588024432603304,-0.02498961581156589,0.23884943142523385,0.16557005309933462,0
0.00012084809192780716,-0.02243488065932108,0.24608901589516657,0.17946113158531862,0
4.82961803748254e-05,-0.016709985939897122,0.27057213444966843,0.21383299030447056,0
6.439090312834918e-05,-0.018160508742435712,0.26464921066332403,0.20471764802168754,0
6.023607036387987e-05,-0.017366778644160932,0.25621071157034625,0.20776512671101188,0
2.1546924049821544e-05,-0.013322116077716,0.27515118616656026,0.23481915451959934,0
0.0004778906422518073,-0.0606600844734988,0.1735719231877624,-0.019831123562232898,0
-0.00014303180438252078,-0.05731334294027251,0.16400522064194423,-0.002411037736621837,0
-0.00010787603317421821,-0.05363377549940091,0.16401337703462057,0.016714979514813117,0
-0.0001245595477765764,-0.055474367798655805,0.1640092988382824,0.00715197088909564,0
0.0003262611068513479,-0.05541313803428559,0.17345157771418274,0.007472334855214054,0
0.00034705788741808136,-0.05359321746395279,0.17496988137035133,0.016929339873073185,0
6.657708866545174e-05,-0.05198225431585699,0.16841198386190548,0.02528730086702987,0
-0.00044506603443697816,-0.05057417519356036,0.15287607272323497,0.03260132198760329,0
-0.00012012619188521645,-0.04715503760122765,0.16166903375499198,0.050288651365175775,0
-0.00026315244682549344,-0.04886567725884745,0.1572725532391135,0.04144498667638953,0
1.8711193118006268e-05,-0.04874284802165273,0.16723981222209117,0.0420741367922112,0
0.00012344901306814257,-0.047023627801162066,0.17164865451896985,0.050968150710309704,0
7.099971674882501e-05,-0.04367583830558748,0.17044728024324773,0.06823775166333891,0
0.00016777434643172351,-0.040182377423679125,0.17922084783619,0.08620495165802615,0
0.00020281430666000956,-0.036676708742896795,0.18799295631789445,0.10417856777520786,0
0.00019129782665501294,-0.03843085941061819,0.18360690207704222,0.095191759716617,0
0.00029083518862375646,-0.04005842515289836,0.18919666999631396,0.08689991653425153,0
0.0002925816273213138,-0.038311891382067836,0.1935827242371662,0.09588672459284238,0
0.00028526103142388176,-0.0365641715815651,0.19796877829206733,0.10487353253716733,0
0.00020055514411658915,-0.03316205516062271,0.19676506458805612,0.12215218398368856,0
0.00017810699010633842,-0.029644608471679178,0.20553717273759187,0.14012580014449166,0
0.00019103578342660296,-0.031403048426682345,0.20115111866282398,0.1311389920640901,0
0.00025318503571626703,-0.03306810421332987,0.20674088645182065,0.12284714855642605,0
0.0002321839801696615,-0.031322085128526356,0.21112694052658854,0.1318339566368276,0
0.00020973076738770992,-0.029579747449598542,0.21551299456038944,0.14082076444051156,0
0.00014924490123516002,-0.02632053225255433,0.21426436367832333,0.15718335886400306,0
0.0001644151783594219,-0.027979874180492224,0.2099007682079576,0.14865457950424737,0
0.00018842388965827547,-0.027933826528623244,0.21987659003075516,0.14934954380026724,0
0.0001664140134950215,-0.0262550720639769,0.22427951529658763,0.15809417477679705,0
0.00012687147209935264,-0.0237585284507689,0.22306493666834368,0.17060656682661257,0
9.62555400871648e-05,-0.02084068069067154,0.23000858621310263,0.18594805237124726,0
6.781803759826877e-05,-0.017950536918145337,0.23633431904036645,0.20147052200374224,0
8.159035616413472e-05,-0.019383817818215434,0.23317145262673455,0.19370928718749475,0
8.493178309185628e-05,-0.01954329691659897,0.24255407744754187,0.19412883483265064,0
0.00010111946019882648,-0.020965757877193826,0.23939121103390998,0.18636760001640315,0
0.00011785652223818654,-0.02233418247090392,0.2367063910743592,0.17904158394016273,0
0.0001363239017965636,-0.02377092959681093,0.23323456630197975,0.1713708411678454,0
0.00011124012438341009,-0.022291918247107197,0.22653676144072316,0.1782773095989299,0
0.0011380251780555367,-0.06044050402362159,0.1834431910275865,-0.01868049332777292,0
0.0007107354176085769,-0.058926416407492375,0.17823085079075368,-0.010800716683308955,0
0.00013347447390218918,-0.05898707101656366,0.1687885719148533,-0.011121080649427368,0
0.00037251206893038833,-0.05725209230622933,0.17344749951784458,-0.0020906737705034236,0
-0.00012096890788374507,-0.050450528270486725,0.16284333170621268,0.03323047210342496,0
-0.00030057071700040556,-0.05210421471360205,0.15844472487892777,0.024658150751208203,0
0.0001977376097285954,-0.0452868982353306,0.17603777776309773,0.05994270085939127,0
-1.0420061332650268e-05,-0.0454167197677729,0.16605815699911985,0.059263201514257347,0
0.00024728960533352705,-0.043545798543183176,0.18042383206246004,0.06892950863936596,0
0.0001289369575620568,-0.04193049848621791,0.17483406403971885,0.07722135166068253,0
0.0002769505850136772,-0.041803350961413,0.1848106158589312,0.07791310863670958,0
0.00027143272469034414,-0.03481592124327368,0.20235483242714816,0.11386034064140768,0
0.00020512107265658559,-0.034920249736970575,0.19237901045297529,0.11316537587944821,0
0.00015118245435700921,-0.02498997274150208,0.2286798017915978,0.1648057787581018,0
0.0001385371200131334,-0.02503342406221301,0.2186646501733335,0.1638949628453078,0
6.989451064669286e-05,-0.018117942712193538,0.2440892457783617,0.20179529521283848,0
4.793108593249783e-05,-0.01578387158422109,0.2451392331066995,0.2142955119356659,0
2.4653833329776514e-05,-0.012971738693576035,0.2474022741034167,0.22999480690061797,0
3.5801487592803425e-05,-0.014362267847804009,0.2462707536050581,0.22214515941814195,0
4.9898091091559726e-05,-0.016142418584946718,0.25285824186551753,0.21385284846787744,0
3.786581948672688e-05,-0.014756199625078696,0.25398976236387616,0.2217024959503535,0
2.9309767857642355e-05,-0.01380474563146006,0.25873493264440345,0.22813878505897903,0
1.4356409006365127e-05,-0.011840398698137905,0.2632317591762537,0.24086754790233936,0
2.3026206593622227e-05,-0.013200365120665289,0.26664967518082194,0.2335751555598397,0
1.9304600569768585e-05,-0.012384006330672524,0.2553170166398352,0.23543117740147868,0
3.0784353676773484e-20,-0.009599975424000108,0.2500000006763947,0.2500000002549931,0
-1.9481757786848906e-21,-0.009599975424000016,0.25933231332877177,0.2534460682655106,0
6.545966877480213e-06,-0.01068193639022823,0.2659481925787013,0.24887984208918373,0
7.655480762760133e-06,-0.010750166241410288,0.2566158799263242,0.24543377407866623,0
5.770951411440069e-05,-0.016848424062217284,0.24073677607353297,0.20788301696970407,0
5.896058169389542e-05,-0.017042153020132605,0.24849170281152821,0.2082077901788003,0
1.4109326941865602e-05,-0.012017747563209643,0.271733270161992,0.24211154686209896,0
-0.0008827520704024483,-0.0605790409785229,0.15370234531853066,-0.019406093933373236,0
-0.00020543479635830433,-0.0606190115615417,0.16363713425314652,-0.019618608747803065,0
-0.00047667579770542035,-0.0589465591679145,0.15885378298023745,-0.010908565834997537,0
-0.001207199344226137,-0.05767878863958091,0.14494862708431352,-0.004295343309553527,0
-0.0009494439347946949,-0.05397219492898877,0.14408557789089088,0.014982714596658682,0
-0.0005275660598468655,-0.053802050312094646,0.1540494774627557,0.0158488470557359,0
-0.0006074108564650001,-0.05564225592289386,0.15404539926641755,0.006285838430018422,0
-0.001074266979540041,-0.05582623369933151,0.1445171024876022,0.0053436856435525775,0
-0.0006720526950617165,-0.05749542056806332,0.1544769238631289,-0.003353190523087682,0
-0.0010704557884939588,-0.059129015024929156,0.1493254862014221,-0.01185071862146338,0
-0.0006715971352687748,-0.05227408328369715,0.1484808253070629,0.023792018292130988,0
-0.0010708629488778321,-0.05072163130081833,0.13288149291042378,0.031898908547224096,0
-0.0006092169271663736,-0.047428722070772915,0.1417189768308169,0.04892581483604682,0
-0.00081843732709395,-0.04907637929369715,0.13730023487062035,0.04041236169163546,0
-0.0007641203518404843,-0.05064672841229876,0.14287878281682936,0.0322501152674137,0
-0.0005456467799160538,-0.04900152911248921,0.14729752477702596,0.04076356841182506,0
-0.0003662295229676681,-0.047290269092597675,0.15169400529290444,0.0496072331006113,0
-0.0002950285081921675,-0.0439511698424463,0.1504959373162994,0.06684897001827292,0
-9.83215512805387e-05,-0.04045009488136521,0.1592692034276804,0.08481502169744691,0
1.5532226883642685e-05,-0.03692888972962938,0.16804131234047567,0.1027886379480342,0
8.176184117315677e-05,-0.03855755260345591,0.17363108008833283,0.09449679480303017,0
0.00011201964972018314,-0.03679820115871364,0.17801713432918506,0.10348360286162103,0
7.351469494136284e-05,-0.03338605716212392,0.17681342092193736,0.12076225442929331,0
5.0106115702242855e-05,-0.03516031459570055,0.1724273666312065,0.11177544618866375,0
0.00013060558124701458,-0.035034881869982056,0.1824031886199159,0.11247041110225059,0
0.00014005764780155325,-0.03326775982348116,0.18678924275499675,0.12145721920649094,0
9.562888605196525e-05,-0.02982049453235149,0.18558552927602087,0.1387358710605716,0
8.80690543962878e-05,-0.025839630531169118,0.19294688226281032,0.15860487472029922,0
9.826640537493002e-05,-0.02389785207587278,0.20437922271215772,0.1686417291438969,0
9.482606354083e-05,-0.024862288059989295,0.198663052487484,0.16362330193209806,0
0.00012227411693035295,-0.02511654456769998,0.20932179319524052,0.16291254400395,0
0.00011454280911213344,-0.023818116660730644,0.2137220796902507,0.16962414798525474,0
8.024793816415864e-05,-0.021010911396375162,0.21040916556666242,0.18316262349655338,0
5.6956724246501924e-05,-0.01757857665818446,0.2171539298729855,0.20054321347345444,0
3.1571968963952755e-05,-0.013874776606403877,0.22788794340559163,0.22055180606503502,0
5.829704259477724e-20,-0.009599975424000168,0.2313353753844569,0.2431078642072558,0
2.8419440217251364e-05,-0.0133905787752485,0.23764510875450418,0.2252733064828265,0
1.545576007403539e-05,-0.011709059944554795,0.22961165939502426,0.2318298351361454,0
1.280534627130196e-05,-0.011346686111472057,0.23936882474393678,0.23655133555393687,0
1.1671700743843992e-05,-0.011247055574049503,0.2487011373899057,0.23999740357780552,0
7.115076756936122e-21,-0.009599975424000009,0.24066768803042582,0.24655393223112443,0
-0.0010330046346950146,-0.05234687643468143,0.13848353540065733,0.02344081157194139,0
-0.00022303921953243907,-0.045553505683203,0.1560824855356457,0.05856881069172434,0
-0.0004349222779886504,-0.04569163334395871,0.14610745707355816,0.05788739242715987,0
-0.00011132457210201585,-0.04381119790906261,0.16047160877977357,0.06754336084080592,0
-2.6199145539971457e-05,-0.04206392539204104,0.16485824183546405,0.07652638668039291,0
3.6846801310569343e-05,-0.040312955099597224,0.1692450256319352,0.08550998667773653,0
-3.2899803962216446e-05,-0.038692032798496236,0.16365525788407803,0.09380182982274055,0
-0.00018433225918937913,-0.04220275034164388,0.15488257037198988,0.07583199585785991,0
0.00014250130071219618,-0.031497263817544044,0.1911752969320385,0.13044402752213008,0
0.00013968224974014674,-0.029724173768446938,0.19556135100680638,0.1394308356025316,0
0.00012819607334388591,-0.02775455166893786,0.1992420275002011,0.14936533743239544,0
0.00012051738392162497,-0.026070933884955214,0.20360562297056684,0.15789411679215115,0
8.804809313545973e-05,-0.03160605119364173,0.1811994750989791,0.12974906274493245,0
9.332728792488921e-05,-0.02783486342670537,0.1892662057694156,0.1486703728904354,0
0.00010236022926933216,-0.02239844371796458,0.21673705111750305,0.17688459516158297,0
8.996515979461792e-05,-0.020912751244407494,0.22020887588988253,0.18455533793390033,0
6.863939063693475e-05,-0.019288165702630138,0.21378154771982397,0.1918529184850039,0
7.562078592996362e-05,-0.01923434852002995,0.22358125804304407,0.19324563292235086,0
6.337565884775474e-05,-0.01775798154805607,0.22674412445667597,0.20100686773859833,0
4.442170853928135e-05,-0.015690030903496223,0.22252093663928857,0.21054750976924475,0
4.885465428570441e-05,-0.015940525924444133,0.23211113122297905,0.21101116403438863,0
4.01666033817145e-05,-0.014854059501840704,0.23651358825614555,0.21742365900035046,0
8.944018355089344e-05,-0.022452734386908153,0.20739419413941007,0.17590217632022515,0
-0.002109405914886204,-0.05999555252838809,0.13406232536627577,-0.01634064671516371,0
-0.0018904855666964106,-0.05653434946735587,0.12888766617820496,0.0016983477536129735,0
-0.0020101560731741923,-0.058265233882436776,0.13147499577224037,-0.007321149480775368,0
-0.0015728724644012218,-0.05710599291451459,0.13691814663125923,-0.0012984977779702768,0
-0.0016312298735287882,-0.05883741475578418,0.13950547622529463,-0.010317995012358618,0
-0.0015177764735491194,-0.06028669295870647,0.14388233534240322,-0.017873370324268473,0
-0.0013871689622978768,-0.055253573366044195,0.13648662203454792,0.008340531175135828,0
-0.0016496602844683537,-0.053471011949456346,0.12427872329694625,0.017652917081402267,0
-0.0017412887936522836,-0.05142108587686859,0.11104854683431954,0.028381658962312307,0
-0.0010580855936559005,-0.047671856674822356,0.12175483363547811,0.04778114109456358,0
-0.0010793836557371698,-0.04919636072572418,0.12731816327295095,0.03984002482089384,0
-0.0008417430190836085,-0.047549016089265705,0.13173690523314752,0.0483534779653052,0
-0.0006468191731222332,-0.04423890953380994,0.1305446424857451,0.06548340596334425,0
-0.00036614639465348803,-0.04074260380875689,0.13931755895795192,0.08342509154446977,0
-0.00018307622188924646,-0.037216983274666764,0.14808966830643064,0.10139870780974364,0
-0.00023395257350124104,-0.040593489099467486,0.14929338119281615,0.08412005662095834,0
-0.00014939893743236404,-0.03883405819520938,0.1536794358670555,0.09310686475359528,0
-0.0002643242695332065,-0.03898310283554082,0.14370361363219128,0.0924118996771067,0
-0.0017736222898323993,-0.05500294697841292,0.12658319473757562,0.00967563241750762,0
-0.001319054048638379,-0.05372060928980569,0.13418215059391858,0.016317815839030476,0
-0.0013392785844109285,-0.05209701738303838,0.12858010810368503,0.024775912814313183,0
-0.001717225581178813,-0.05244541355356358,0.1176636350656329,0.023017288021857287,0
-0.0014150942494483276,-0.05107055913442608,0.12196501987237165,0.030140283754768203,0
-0.0013670946226264815,-0.04954807946798653,0.11640169023489882,0.03808140002843794,0
-0.0008333534707355528,-0.04595717894140422,0.1261497380606116,0.05663227352895391,0
-0.000640722923218133,-0.04583353867226816,0.136131809658281,0.05720461039969553,0
-0.0004751820010009166,-0.044093151676309415,0.14052028990102225,0.06616618799080859,0
-0.0004921916469935499,-0.04249324328045281,0.1349311007218485,0.074454248753907,0
-0.0003411749991556616,-0.04234685486422521,0.14490674813712567,0.07513703078137135,0
-8.381920442774381e-05,-0.0370686462817206,0.15806549032345316,0.10209367287888892,0
-6.951134247943837e-05,-0.03366112822171372,0.15686177724325753,0.1193723244028964,0
-4.090484880290054e-06,-0.03007141160919232,0.16560234240958574,0.13732467691172426,0
2.4213259805311596e-05,-0.026388154397292595,0.17297813232234238,0.15549842210714004,0
1.2797093305237141e-05,-0.02823687038903306,0.16929023736596405,0.14641154950943214,0
5.531155036492145e-05,-0.0281106147767603,0.17928183079918164,0.14711714658385583,0
4.718212124999875e-05,-0.029936751503555716,0.1755939358428033,0.13803027398614792,0
2.924318980109134e-05,-0.031732202279770236,0.17120788166576156,0.12904346567050878,0
2.939560554522968e-06,-0.03351726388189903,0.16683759908259743,0.12006728941609485,0
-3.397501913329351e-05,-0.03529659377185528,0.1624515447918666,0.11108048117546529,0
-0.00011909747103299617,-0.03544331992046687,0.15247572277484409,0.11038551610632003,0
-3.193468062492255e-05,-0.03187153238160254,0.16123205982642164,0.12834850065731032,0
5.813302139675965e-05,-0.02610016535966856,0.18296250729257635,0.15705164841371963,0
3.211306964616663e-05,-0.023337071857459354,0.1783199806453952,0.17031110653994566,0
5.781299500093318e-05,-0.021831151579481227,0.19268053746801656,0.17800151784774118,0
4.664036041360433e-05,-0.022572932796902492,0.18550025905670586,0.17415631219384342,0
7.178984071350417e-05,-0.023849236401959545,0.19281370986541344,0.16830319628402018,0
5.772630672053693e-05,-0.024591115218404,0.18563343145410277,0.16445799063012245,0
2.9227273307042914e-05,-0.02486872257129499,0.1756490564838688,0.16290476432354284,0
7.69369247426769e-05,-0.022869446712926962,0.19852988009008715,0.17332162349581903,0
7.071111995734403e-05,-0.021402729060442806,0.20154485151733947,0.18058207067214727,0
4.034346876383507e-05,-0.017751945708446123,0.19684541687073134,0.1974554699034941,0
2.397950154816881e-05,-0.013704474519591383,0.2054208624885619,0.2170195122270639,0
4.8503224142149376e-20,-0.00959997542400012,0.2124075083415633,0.2369845444859048,0
1.55636735669068e-05,-0.01182138767061153,0.22014772587357745,0.22876817527546991,0
1.0923201665906209e-20,-0.009599975424000009,0.2218714418630101,0.2400462043465803,0
5.868127478328104e-05,-0.019402541108596454,0.20362729121869688,0.19030904670002374,0
4.976555885539508e-05,-0.01763891378243428,0.20699967337185843,0.19899934168847427,0
3.936309908411419e-05,-0.015681514857083235,0.2112873961807737,0.20878136285025917,0
3.302074357249808e-05,-0.01571973471828457,0.20113313967964663,0.207237491065279,0
4.920383685786542e-05,-0.01980364261221335,0.19476297716937396,0.18772849387561763,0
2.8332365369991073e-05,-0.01375642884200151,0.21665440294707677,0.21878565914604947,0
1.2679111756842645e-05,-0.011638945802011892,0.2089141854150626,0.22700202835648436,0
-0.0030354759620669497,-0.05901822939178711,0.11485530579480457,-0.011196809675438393,0
-0.002428602951634245,-0.05777668451428233,0.12187148598650477,-0.00474923096091271,0
-0.0026096446162743453,-0.05950616153093921,0.12445881558054017,-0.01376872819530105,0
-0.0024392660179605773,-0.05538143307504826,0.11081229443925081,0.007771152034182489,0
-0.002636628077314692,-0.0540399185937742,0.09382229859529392,0.014854037677871142,0
-0.0020659695556049422,-0.05340202651460172,0.11093042063678518,0.0180764054982474,0
-0.0025728822910248,-0.05470991394110324,0.10231729651727237,0.011312594856026816,0
-0.0021664361297348443,-0.05273121341364152,0.10243542271480674,0.021617848320091726,0
-0.0019780191511741788,-0.05076582820985529,0.09257601298506565,0.03192103119527634,0
-0.0018865185873130179,-0.051092654750993595,0.1018122799096926,0.03015134507879432,0
-0.002287656254333806,-0.052403144417726304,0.09319915579017979,0.02338753443657374,0
-0.0021976459750946164,-0.05595708659215683,0.11984998030872789,0.004734749893897732,0
-0.002734504115575427,-0.05720015231755748,0.11283380011702769,-0.0017128288206279519,0
-0.0020273291155461933,-0.05442647729540045,0.11754550886809853,0.012712034557792379,0
-0.0014137010581915807,-0.04791009522598048,0.10178686595380268,0.04670493353794847,0
-0.0009429424078382697,-0.04452928107389295,0.11059579658424178,0.06416953950103818,0
-0.0011587198484746513,-0.04622133374228123,0.10619133126902222,0.055437236519493324,0
-0.0010090715007406654,-0.046099718743732206,0.11617531510985994,0.05597534029780088,0
-0.0008044193529460145,-0.04438284372195496,0.12057021953499344,0.06482647273219122,0
-0.0006040006212157254,-0.04105143897155004,0.11936624654977004,0.08205316026615232,0
-0.00036907646909899405,-0.03753589252793894,0.12813802420339981,0.1000087774157755,0
-0.00021093771888844393,-0.03398329768450552,0.13691013348473857,0.11798239394792416,0
-0.00010835120547881108,-0.030388185719766897,0.1456552051694697,0.13593778426229666,0
-0.00015386782260243514,-0.032192433582032276,0.14128266932710415,0.12696008910511042,0
-9.362433762611929e-05,-0.03202516054289356,0.15125849120636362,0.12765505433259652,0
-0.00014157719905128865,-0.03381688664087654,0.14688595536399807,0.11867735917541028,0
-0.00020262583921697259,-0.03559968133196935,0.14249990089558462,0.10969055087883389,0
-0.0002818738352022062,-0.03576450758673041,0.1325240788440692,0.10899558568184983,0
-0.0002791925892376512,-0.03737309288457029,0.13811384625491524,0.10070374261275958,0
-0.0003741789004852605,-0.03913838975057555,0.13372779158067588,0.09171693448012264,0
-0.00047534151223222663,-0.03929718436295661,0.12375213537658493,0.09103096884096391,0
-0.0004908314282956608,-0.04089496304237304,0.12934190275386098,0.08273912590531105,0
-0.0006329269129940638,-0.042644237214882655,0.12495544451775757,0.07376828311474828,0
-0.0007583317313114778,-0.042792817922730556,0.1149810215670059,0.07311134988359524,0
-0.001250867119149085,-0.04779018002686835,0.11177084979464039,0.04724303731625602,0
-0.0015808641906375719,-0.04966517668716239,0.10641770639406112,0.037543296250130385,0
-0.0016769566381055125,-0.04933889167461006,0.09718143946943417,0.0393129823666124,0
-5.6470807002656994e-05,-0.030221480667842433,0.15562877378952772,0.13663123058701046,0
-4.520500868469123e-05,-0.02674603887188231,0.15429212756261973,0.15382026850421857,0
-1.1941096100126198e-05,-0.022398270530477764,0.16140698059515463,0.17467883135407847,0
1.508209416003548e-05,-0.01875809673724803,0.17563733952807495,0.19166414356989392,0
2.2525010495935764e-05,-0.021075124406213393,0.17697866008673507,0.18098762505491978,0
9.135207840498074e-06,-0.02285525411825287,0.1698634806202749,0.17249496894701205,0
4.495374228435793e-06,-0.020582099561153838,0.1685221600616148,0.1831714874619862,0
-7.279641637721318e-05,-0.028575972348203593,0.1499736663660447,0.14487902638325761,0
-2.8491663981495158e-05,-0.02841108127410055,0.15994723498610275,0.1455724727079714,0
-1.0078643513711491e-05,-0.02655587379715558,0.16363512994248106,0.15465934530567932,0
-2.5817063932844103e-05,-0.024589549512319408,0.15784955407888718,0.16424954992914853,0
2.6304293815498476e-06,-0.024402672691374565,0.1671925564587485,0.16508862673060926,0
3.399420704895152e-05,-0.020300480526972867,0.18415893849804577,0.18483283070881756,0
2.930205903520531e-05,-0.018217077738068837,0.18624137819940315,0.194559806736694,0
1.3241360142654239e-05,-0.01378576000533484,0.18518095708606516,0.21415948332068865,0
2.5092809436628035e-05,-0.01580384954860247,0.19101318697839825,0.20580747661209137,0
1.898341409073973e-05,-0.013695146176897984,0.19530090978731351,0.21558949777387626,0
3.146198003457692e-20,-0.009599975424000106,0.1930494216221718,0.2324225544291266,0
1.1067035668446183e-05,-0.011726918149813012,0.19923514205536685,0.22472103332809523,0
5.454656963957646e-21,-0.009599975424000007,0.20272846498186756,0.2347035494575157,0
1.6101740300438444e-05,-0.016294810964453406,0.18040914830707006,0.2029118134452913,0
8.084427586213807e-06,-0.011713807523399294,0.18911518935411847,0.22329101887490763,0
-0.0035618073216757903,-0.057796066063263145,0.09604214617121896,-0.004745711928469512,0
-0.0036437531669476757,-0.056480403146277156,0.07741387293058563,0.0022266672328277995,0
-0.0024200825918702165,-0.05212693664207871,0.07435230514392593,0.024966526266057568,0
-0.001648882968472611,-0.048331027071737614,0.08187004793694364,0.04469799960449961,0
-0.001998681417192749,-0.050229715785953394,0.07811117654043478,0.03483226293527859,0
-0.002213231708058855,-0.05144668293963429,0.0834641590644958,0.028443778730666953,0
-0.0018188938690047957,-0.04954774532302553,0.08722303046100464,0.03830951539988797,0
-0.0015522495501743086,-0.04812043175797682,0.09182845694537316,0.045701466571224036,0
-0.0011443197773568588,-0.04485597759427676,0.09068894114158199,0.06270257604715343,0
-0.001281985475960374,-0.04638184842952898,0.09623790354769234,0.05470375479255095,0
-0.0013764246730401037,-0.046594810824827755,0.08627949453926281,0.05370028782582652,0
-0.0033478912313763486,-0.058406308994821014,0.10544872598301178,-0.007971260801953952,0
-0.0029705674444809845,-0.05658920724835265,0.10342722030523488,0.0015127200528564887,0
-0.0030761323432415425,-0.05591840308055626,0.09493222238325644,0.0050541628747008144,0
-0.0036610012196647257,-0.05713741197448412,0.08672800955090229,-0.0012595223478208562,0
-0.0031204937068780576,-0.055260595701672945,0.08561808576293978,0.008540352455349471,0
-0.002982202571001874,-0.05430395550115443,0.07588308903725578,0.013596596749442684,0
-0.0025751927284820538,-0.05308253170997791,0.08408730186960993,0.019910281971964355,0
-0.001058300187493416,-0.044692169770088,0.10064236886291189,0.0634360577740958,0
-0.0007797141972287932,-0.04137431044806038,0.09942697116839419,0.08067258310928091,0
-0.0005178702593526458,-0.0378762399301442,0.10818638004442838,0.09861884686449525,0
-0.00033223837984050416,-0.03434130275075371,0.11695848960525217,0.1165924631860185,0
-0.00020354937393966588,-0.030760038023818444,0.1257305988308126,0.13456607994108805,0
-0.0002618174688941602,-0.03255758751488719,0.1213445442180324,0.12557927156355328,0
-0.00021052749383937826,-0.03236939401757433,0.1313203661577756,0.1262742369445061,0
-0.0001579283849598293,-0.03056800860342246,0.13569290200014117,0.13525193210169234,0
-0.00011663316596782421,-0.027111911107545218,0.13450270777432627,0.15253969722874258,0
-6.316153024763232e-05,-0.023512444040026587,0.1423014753094773,0.16985715645146143,0
-8.705513593891358e-05,-0.025325045142759264,0.13840209154190178,0.161198426840102,0
-5.692462771511962e-05,-0.025127523647151602,0.1482968014360485,0.16183871247783999,0
-3.682079841064397e-05,-0.022942903712319135,0.15185422795231596,0.17226799390276995,0
-3.8176738184188724e-05,-0.020388729429651933,0.14620687813205344,0.184549981421824,0
-1.3599040717976423e-05,-0.018346773246907044,0.15737131929650813,0.19354886693030834,0
3.670134375745584e-07,-0.0185268748550955,0.16650432941229154,0.19260650525010115,0
-1.3512067741222962e-05,-0.02039189259105223,0.15938914994583137,0.18411384914219342,0
-2.4839453776202764e-05,-0.0193695446748674,0.15178909871428078,0.18904942417606618,0
-2.7055575674184274e-05,-0.0213814133164053,0.15380692936360402,0.17961440638795123,0
-4.957406884590463e-05,-0.02196271737383032,0.14425417672076535,0.1772035689366427,0
-0.0008645205972028454,-0.042950180577277425,0.10501138387631798,0.07242106130515955,0
-0.0009472333640479376,-0.04311722800831233,0.09505795615498809,0.07168757957821717,0
-0.0007016121536616756,-0.041211852875201835,0.10939660885908212,0.08136287168771661,0
-0.000564418897386308,-0.0394618510937514,0.11377631329709921,0.09033600356532379,0
-0.000449642928738126,-0.03770408831348305,0.1181622021239141,0.09931381214013538,0
-0.00041682546431148825,-0.03611352472363674,0.11257243482484028,0.10760565502525687,0
-0.00035415249599464433,-0.035936342427705825,0.122548256904326,0.108300620300897,0
-0.00027525789877655383,-0.03415873866369264,0.12693431154499538,0.11728742856697133,0
-0.000637792672830755,-0.03962846625125593,0.10380667560641128,0.08964571498688809,0
-0.00015566917377603606,-0.028945895034086223,0.13011665330256944,0.14355288858491533,0
-0.00011541778618043378,-0.028748316306609796,0.140078956471898,0.14423874074551962,0
-8.181347121804402e-05,-0.026918908226170348,0.144397417668473,0.15317998286648057,0
-4.062469016820828e-06,-0.014251045050691231,0.16118848683605824,0.21148477124991139,0
-8.086893217919832e-06,-0.016331073374950583,0.1592799030662832,0.20251681909010988,0
2.5750186901426214e-06,-0.01652472815997169,0.16841291318206658,0.20157445740990265,0
5.17394786811331e-06,-0.013938967261595436,0.17318472196106172,0.21282212728530003,0
1.0251745639737203e-20,-0.009599975424000127,0.1732965037666751,0.2301559705840823,0
3.9542643591368854e-07,-0.011979812277278323,0.16724249530136667,0.22082037091699686,0
4.8679188911424985e-06,-0.01175485140569677,0.17923873042637012,0.22215772695238548,0
3.109895211259499e-21,-0.009599975423999986,0.18317296269442346,0.23128926250660445,0
-0.0032742589558997304,-0.05521661580060089,0.058697695167019476,0.008956925525652826,0
-0.003521798216237609,-0.055847991751575995,0.06805578404880255,0.005591796379240312,0
-0.002829108014527063,-0.053672174896937916,0.0665250001554727,0.016961725895855196,0
-0.0021387239390210137,-0.051588809544925576,0.052479137927708835,0.027945072175369394,0
-0.0016518844098389245,-0.04852752037461727,0.06306673047766588,0.0438479189479343,0
-0.0020199839482720567,-0.050326359169816835,0.0687095178107959,0.034407222606995934,0
-0.0016770278785240146,-0.04842950357071397,0.07246838920730475,0.04427295927621695,0
-0.00120241192729371,-0.045140201172155774,0.07095402744940002,0.06145836036310104,0
-0.0008628672083594469,-0.04170629422482203,0.07947980371464274,0.0792643903641829,0
-0.0011929810892237337,-0.04499835625116131,0.080821484295491,0.062080468205127234,0
-0.0010010570962011988,-0.04327913201039783,0.08508437242811237,0.07098348320566816,0
-0.0010206009471108984,-0.043424610550851846,0.07521691558202137,0.07036137536364197,0
-0.0018838035298943063,-0.05005850116947196,0.05777293420268736,0.03589649556165185,0
-0.002334777800704026,-0.05185787097956971,0.06341572153581738,0.02645579922071348,0
-0.0026614327883860054,-0.05340260030679412,0.055588416547364156,0.01845099885051111,0
-0.00141918449487019,-0.04673426328712536,0.07641203769317183,0.05307817998380032,0
-0.001410785920649785,-0.046834460129431876,0.06701037896353296,0.05265313965551767,0
-0.0008347178810482896,-0.04154038042768727,0.08945338744151846,0.0799684867367319,0
-0.0006060273977625574,-0.03822664232293514,0.08824465840849362,0.09722698578924953,0
-0.0004155266869602371,-0.03471978667252434,0.09701146639194286,0.11520027707072991,0
-0.0005034826190934378,-0.036477128976828595,0.09262806240021823,0.10621363142998971,0
-0.0005708709969213264,-0.038050992619875046,0.09821551922646099,0.09792291632687239,0
-0.00046737581197784213,-0.036294479446092175,0.10259892321818562,0.10690956196761259,0
-0.00037967381724316666,-0.03452910940570078,0.10698497799859752,0.1158963701283742,0
-0.0002764830724542917,-0.031172965629455717,0.10577895503360588,0.133176148670842,0
-0.00017683036077984022,-0.027566312425396946,0.11455106422134102,0.15114976557657905,0
-0.00010681068732303618,-0.023869052449373155,0.1233231731648457,0.16912338313736758,0
-0.00011340413412125777,-0.02548449651598812,0.12891294046958598,0.16083154018305507,0
-0.00013864537855366922,-0.025731406669151705,0.11893711869309337,0.16013657435697332,0
-0.00014883325802268743,-0.027332985786982927,0.12452688599783365,0.1518447314026608,0
-0.00019181733493749966,-0.029157892969730235,0.12014083152607682,0.14285792275883355,0
-0.00024362759503765636,-0.030963332789934024,0.11575477693220924,0.13387111430596502,0
-0.0003057040719311824,-0.032752718843549807,0.11136872231942901,0.12488430592843025,0
-0.00034038506750969024,-0.032952425110721134,0.10139521071277437,0.12418821287078595,0
-0.0006923368594595948,-0.03979775559473164,0.09383581478844391,0.08894978444926521,0
-0.000725062604484147,-0.03996890624611297,0.08386223106156818,0.0882456880767162,0
-0.00022239424806912443,-0.02937879375816283,0.11016500962747344,0.14216295712371052,0
-8.611452512334063e-05,-0.023680169840083587,0.1328123242371615,0.1694902697944145,0
-6.254673998048182e-05,-0.020413519986094357,0.1312237864023907,0.1853632163628837,0
-6.442522621162388e-05,-0.02195637355168656,0.136762630855934,0.17761018640717258,0
-8.276125766852785e-05,-0.022157778203853413,0.1272734797836182,0.17724329975012565,0
-5.0942667952399244e-05,-0.02038938058251817,0.13871533226722207,0.18495659889235383,0
-3.0105143959228863e-05,-0.01725226983707913,0.1424518055509919,0.19926102120620293,0
-1.6338934461652394e-05,-0.013379992086938013,0.13936128954918633,0.21681796671578857,0
-1.5001308129643e-05,-0.01574916130629755,0.15182014619352507,0.20537289622805716,0
-2.3522253104009644e-05,-0.015332826340749672,0.14090654755008913,0.20803949396099575,0
-1.1161519112830916e-05,-0.013744674982156549,0.1502748881926223,0.21415136898284998,0
-1.241962058911618e-20,-0.009599975424000099,0.1534213948481647,0.2306201073795101,0
-3.71171307008364e-06,-0.011979216717888257,0.15730494084211147,0.22105243931471075,0
-6.572456500180031e-06,-0.011548502506158645,0.1463913421986755,0.22371903704764934,0
-4.484965129650067e-05,-0.018852058655851406,0.13683779597669132,0.1923121187845433,0
-3.442753155945986e-05,-0.018829006983128435,0.14432934184152268,0.19190550131401346,0
-2.2816319488850753e-05,-0.017778712851829165,0.14991156242375003,0.19640494406825565,0
1.4572076128249453e-22,-0.009599975424000026,0.1633589493074199,0.23038803898179622,0
-0.0024815613002117194,-0.05414963954850405,0.03964993526882097,0.014669121102945777,0
-0.0013373752467842515,-0.05025115291522775,0.031887093376807146,0.03507470628818769,0
-0.0014217128310497183,-0.0484174842175088,0.04663455516228683,0.044563162115688296,0
-0.0014065557094979305,-0.0493349040995153,0.03926082426954699,0.039818934201937994,0
-0.00174929880673255,-0.05000251241550955,0.04955684654499783,0.03625411714552884,0
-0.0017665367964118431,-0.05092072427430796,0.04218311565225799,0.03150988923177854,0
-0.002320644723194114,-0.052869061447297694,0.0460645365982649,0.021307096639157586,0
-0.0018371623827215823,-0.05219974864265001,0.035768514322814055,0.024871913695566735,0
-0.002940995082205397,-0.05468332228569472,0.04917381521792022,0.0118130233142993,0
-0.0015589660034648495,-0.048472939023952735,0.054850642819976356,0.0442055405318113,0
-0.0010951436440443732,-0.04538548909036243,0.05210715482887372,0.06038310188071565,0
-0.0008264503853909289,-0.042020268369662474,0.059604037748966575,0.07792479549194253,0
-0.001005179843184433,-0.04357815716024875,0.0652790325991833,0.06969157792752179,0
-0.0008606547938042998,-0.041864343879787845,0.06954192073180465,0.07859459292806271,0
-0.000614102807042624,-0.038574978769696976,0.0682931034516793,0.09583409947189049,0
-0.000445670729589152,-0.03510289034233053,0.0770829262520004,0.11379907014867144,0
-0.0003149800671915605,-0.031598966527810905,0.08582731102827333,0.13178621731458817,0
-0.00021579211476935697,-0.02805176255160232,0.09459942037899025,0.14975983368089382,0
-0.00014294906910328995,-0.024521657084088794,0.10353264365469377,0.16726585340033578,0
-8.787356277105449e-05,-0.02076113070226458,0.11199838919264862,0.1854181041599258,0
-0.00011325765946553676,-0.02265839561955437,0.10776551642367119,0.1763419787801308,0
-9.820231872531917e-05,-0.022302070844661234,0.11766078117874716,0.1772707436486467,0
-0.00012668115217841564,-0.024191685649032287,0.11342790840976974,0.16819461826885168,0
-0.00016044137097993722,-0.02603459965458283,0.1090418539380174,0.15920780948845742,0
-0.00019949164185468807,-0.027807383279699165,0.10457524230016563,0.15045479962873642,0
-0.0001767377542818754,-0.026297670192331004,0.099066032016842,0.1585128435406148,0
-0.0011698241060255719,-0.045263695866747236,0.06153059113913687,0.06092073112190834,0
-0.0009530577471597803,-0.04370323344439407,0.055855596288920145,0.0691539486863291,0
-0.0013575067006734083,-0.04695520910535815,0.0575869426532698,0.052115510414324974,0
-0.0012478651298475827,-0.0469013150145932,0.04937085499558028,0.05247313199820197,0
-0.0007143372429416241,-0.04029900548791386,0.06394857060032294,0.0868794474819165,0
-0.0007331143550148208,-0.04013762531808954,0.07388645358316101,0.0875492449180367,0
-0.0006210488585769968,-0.03840181308175908,0.07826888093008647,0.09653054263057001,0
-0.000523176315359871,-0.03666059194173515,0.08266379233024701,0.10551302796896048,0
-0.0004380192744306159,-0.03491200233726055,0.08704719632197164,0.11449967360970068,0
-0.0003642476407398934,-0.033153724129883225,0.0914193887101081,0.12349324719265904,0
-0.00037597604501591263,-0.03335535228068041,0.08145511864013687,0.1227926437316298,0
-0.0005247500107502726,-0.036841562492210086,0.07268801485183984,0.10481658481028097,0
-0.00030067671178294367,-0.03138584273737296,0.0958031330309396,0.13248118299271508,0
-0.00026185511117424046,-0.029832504772276017,0.09021336570363178,0.140773025497741,0
-0.00024611548335077334,-0.02960487545476142,0.10018918770629806,0.1414679911758679,0
-7.637396427885752e-05,-0.020576185930862727,0.12161108779751967,0.18539066026140474,0
-4.690509428496497e-05,-0.016791915589242555,0.12091574695508739,0.20368068708760956,0
-2.0951909884492217e-05,-0.012840136228937149,0.11953859428967273,0.2225332171600288,0
-3.371668027695034e-05,-0.014823539968280945,0.12022717062238006,0.2131069521238192,0
-1.9199289815328844e-05,-0.013056594885670637,0.12944994191942955,0.2196755919379087,0
-3.025667972677747e-05,-0.015117725821638318,0.13013851825213685,0.21024932690169906,0
-3.97600581009474e-05,-0.01698470949903222,0.13168377625303965,0.20147085414690624,0
-5.5577555875350206e-05,-0.018588990068428533,0.12606976667873904,0.1945219517252466,0
-6.582893612821103e-05,-0.018804503883081344,0.116457068073868,0.19454939562376766,0
-2.4749243927586588e-20,-0.009599975424000108,0.1337804099185941,0.2337211682411463,0
-9.920384252231267e-06,-0.011279498409791346,0.1266595021041334,0.22812719270058757,0
-9.07457776367975e-06,-0.01150432313794944,0.13657084973389022,0.22526956747846744,0
-7.803291026580244e-21,-0.009599975424000045,0.14360090238337941,0.2321706378103282,0
-0.0013456033877674725,-0.05342363901635434,0.020157099450370596,0.018573377943609904,0
-0.0019617206333514604,-0.05378791043684682,0.02990351735959578,0.016621249523277842,0
-0.0013702941949930566,-0.051836565915862366,0.026022096413588873,0.026824042115898797,0
-0.0007007970974895649,-0.050600038965413104,0.014837867997902366,0.03332717590280157,0
-0.0005577359292959917,-0.047628912342008056,0.016949329100825795,0.04886778727200126,0
-0.0008930440293986514,-0.04633488343177031,0.033632658456223354,0.055565010811391785,0
-0.001089471862445494,-0.048291573398274765,0.032759875916515246,0.04531985854978974,0
-0.000752424320627555,-0.04698316665648826,0.025290993778524576,0.05221639904169652,0
-0.0009144837593520124,-0.04893999638382985,0.02441821123881647,0.04197124678009448,0
-0.0010495706594754845,-0.050426711504639836,0.023362480687354754,0.03420094109549463,0
-0.000624557447303992,-0.04911340307447574,0.01589359854936408,0.04109748158740141,0
-0.0011476277160914151,-0.04737586884875407,0.040133606809255096,0.05006408646354004,0
-0.0010187671073354782,-0.045861754431561576,0.04286990664254854,0.057974056346053716,0
-0.000613767432204488,-0.04217270883600565,0.03703128125038759,0.07740031965003862,0
-0.0007394381087589828,-0.044252029013079536,0.03533196985330547,0.0664826652307152,0
-0.0008370281914175788,-0.04377706289208673,0.044569218039630654,0.06889171076537713,0
-0.0007401302265111605,-0.042098797750723733,0.04831765949967708,0.07766255757099058,0
-0.0005305757249834879,-0.03883861909709154,0.048879772250746766,0.09481049294509773,0
-0.00041251266011912567,-0.03547175262709389,0.057135902870056245,0.11240688420485594,0
-0.0004696033809564496,-0.037156103983101846,0.053007837560401505,0.10360868857497683,0
-0.0005832886884954959,-0.03870877647910348,0.058586437851213036,0.09532229620849411,0
-0.0005071271564367662,-0.03701915083887434,0.06271450316086777,0.10412049183837321,0
-0.0004373457263735637,-0.03528976149734422,0.06710941456102833,0.11310297717676368,0
-0.00031116721945239907,-0.03202928292271978,0.06604201544853772,0.13031509868188604,0
-0.00035972830657332746,-0.03375303658613122,0.06158895915929698,0.12136099144337098,0
-0.0003748947817765511,-0.03356020569880029,0.07156247085026907,0.12205708441527874,0
-0.0003187286079247288,-0.031816662880491266,0.07593466323840553,0.13105065799823712,0
-0.0002289030798437291,-0.02861626706700518,0.07564586784638604,0.1478827774401211,0
-0.0002700734375309076,-0.030100252821138804,0.08073658943732968,0.13983449737735465,0
-0.0002258567794318925,-0.028336547854917276,0.08512264411268813,0.14882130556050746,0
-0.00016147918597556694,-0.025164448425582762,0.08435933913427549,0.16544049922177947,0
-0.00010916386642468724,-0.021707978897394856,0.09236447502762603,0.18270353455593635,0
-0.00013374799973607163,-0.023446695119208105,0.08836190708095076,0.17407201688885793,0
-0.000126071110547765,-0.023100329331558582,0.0979485593411599,0.17498469397813607,0
-0.000154571796698458,-0.024845006197590155,0.09394599139448462,0.16635317631105762,0
-0.0001878781347492211,-0.026598278725691694,0.08947937975663287,0.15760016645133665,0
-0.00019324866202313727,-0.026897830918723286,0.08000260349033075,0.1566616383309503,0
-0.0009816061966817966,-0.05201113697420508,0.01749748372413648,0.025950276923205735,0
-0.0006675029382466778,-0.040426516729513785,0.05424190499985667,0.08636764421852014,0
-0.0005766405865220276,-0.040506832452579265,0.04295552675056718,0.08610540629756817,0
-0.00026821464284009806,-0.030327910971019764,0.07084394164746188,0.13909893806100357,0
-9.99515389304735e-05,-0.021237350606415156,0.10218143211013733,0.18406081935793106,0
-6.879186113903507e-05,-0.01822600360605042,0.10007266936860824,0.19960331096271489,0
-4.127717160050267e-05,-0.015225951407110692,0.10624818106337841,0.21365686515713192,0
-2.2741344156692665e-05,-0.012716593288229498,0.10052186213335892,0.22756238220247332,0
-3.186969238472761e-05,-0.013952192667662434,0.10338502159836867,0.22060962367980264,0
-3.0911005730792295e-05,-0.014057495920513498,0.11289338767652557,0.21809504115858036,0
-2.2158469781017723e-05,-0.012750885381664231,0.11003022821151583,0.22504779968125105,0
-2.713681804765965e-20,-0.009599975424000106,0.1145738125478943,0.2388915798111855,0
-1.147672080819964e-05,-0.011214321647528332,0.10754783734062662,0.23322698100682943,0
-1.072300832907082e-05,-0.01120748134549501,0.1170562034187835,0.23071239848560715,0
-1.2780301014111773e-21,-0.009599975424000023,0.12417711123324421,0.2363063740261659,0
-7.878710947581077e-05,-0.019472900722944143,0.10603552928062843,0.19251070756132033,0
-5.8509682687438236e-05,-0.017514723621484117,0.11049420816184782,0.20164199902516222,0
-5.4482681300673475e-05,-0.016740838578435238,0.10316042521599333,0.2066300880599234,0
-4.4817655002305e-05,-0.01598051488636077,0.1135819640092329,0.20866877612237072,0
-8.781904656121981e-05,-0.019982243381752446,0.09621857219811714,0.19115342275932562,0
-1.614105984287795e-18,-0.05315904758752378,0.00033344425193981825,0.019999339158766692,0
-0.00042221802830367394,-0.05187954110506389,0.007585656124921092,0.02666325753078413,0
-0.000693734667316221,-0.05329354007432348,0.010245271851155207,0.0192863585511883,0
-9.46813428440857e-19,-0.049475064158071354,0.0003077949059941746,0.039230162970625655,0
-6.1816464490618835e-19,-0.04580621385267719,0.0002821453304945181,0.058460985153293156,0
-0.00037348183617333245,-0.04398004396529971,0.017183382701851744,0.06802769579561127,0
-0.0002587017116500259,-0.04041522203645319,0.01757835616896023,0.08683285982948832,0
-0.0005187070012287711,-0.04307901578904905,0.02710733197611967,0.07271400772282494,0
-0.00031027652372271223,-0.042195308266300094,0.01738086943540599,0.0774302778125498,0
-0.0004303350046028077,-0.04129475490696839,0.02730481870967391,0.08211658973976346,0
-0.00037560668537915264,-0.03880220686106185,0.03162739377767037,0.09524842316330506,0
-0.0004816883039046945,-0.04048479620675748,0.03432933751402898,0.08632437140667185,0
-0.0003266326084694543,-0.03961048909958901,0.0246028749733153,0.0910406414963967,0
-2.710505431213761e-20,-0.05131510299129074,0.00032061957896699643,0.029614751064696174,0
-0.0003325106814601467,-0.05003843265747857,0.00757283145194827,0.03627866943671361,0
-0.0003171331477113636,-0.048552945464842345,0.008628562003409985,0.044048975121313456,0
-6.776263578034403e-20,-0.047638745129729834,0.00029497011824434637,0.048845574061959406,0
-0.00025561162730602217,-0.04671841308948036,0.008615737215660156,0.05366438621264721,0
-0.00021059048196040616,-0.0448944310729284,0.008732764016173131,0.06324434047445221,0
-0.00045524124273008717,-0.045802581126724765,0.01706635590133877,0.05844774153380626,0
-0.0006153438188244056,-0.04515735905055221,0.02540802057903755,0.06179635330350153,0
-0.00045974808212333185,-0.03882237580886057,0.04025358301420857,0.0950294580542014,0
-0.0002890082016951302,-0.03538858340260828,0.0354777188110803,0.11331730483960019,0
-0.0003983182736249848,-0.03710879789310367,0.04217874553091353,0.10406389889234896,0
-0.0003584322228698638,-0.03543379653941545,0.04630681084056827,0.11286209452222806,0
-0.00025931357395271956,-0.03240262679988076,0.045924022533969926,0.12900635515481101,0
-0.00019852290891419304,-0.028625556808538778,0.05570819230171065,0.14886389667901603,0
-0.00022849439154129926,-0.03051622636747237,0.05081610741784029,0.13893512591691354,0
-0.0002910508584024522,-0.03222052119897606,0.055983018991253825,0.1296607269183485,0
-0.00025029186126664007,-0.030318189751394827,0.06087510387512418,0.13958949768045104,0
-0.00021754846479440213,-0.028624141033054537,0.06567703007404835,0.14837333705956857,0
-0.0001677532414507067,-0.02599532201730711,0.06910858359904559,0.16216797754727622,0
-0.0001844022264458825,-0.027318931422375164,0.06240838795037812,0.15551593711314612,0
-0.00019657714255770628,-0.027299460423148767,0.07237722572271582,0.15502537749369866,0
-0.00016635697044228493,-0.025584999416859003,0.07673396136666054,0.16380423838452784,0
-0.00011475017435009873,-0.02249083393307649,0.07209911433638025,0.1806778235939315,0
-0.00011406700400872955,-0.0221073950798104,0.08223179468200315,0.18169067907493391,0
-0.00013739532191512052,-0.023812630432651683,0.07822922673532787,0.1730591614078555,0
-0.00013932721857064787,-0.024241874256698798,0.07060384896771292,0.17142290057060386,0
-0.0003298557961185886,-0.037093435298244326,0.033552556294375334,0.10428286400145262,0
-0.0003300357132985474,-0.03393166771924152,0.051529962702013085,0.12070661967983348,0
-0.0002764816597924908,-0.03389719405617905,0.04070087067252511,0.1211618299972056,0
-8.150226606711449e-05,-0.01939344165911972,0.08367656426770292,0.19587389478469744,0
-9.793774173861937e-05,-0.0209574517673867,0.07788783930204159,0.18827585918931447,0
-9.4984180046802e-05,-0.020537549274259673,0.08802051964766447,0.18928871467031688,0
-7.594420142901395e-05,-0.01881969234568507,0.09187461681815559,0.19773860287370615,0
-4.938344818647994e-05,-0.016055455665275567,0.08653150805184073,0.21316742355950427,0
-4.612574610163307e-05,-0.015647715791054423,0.09638984455760957,0.2134121443583181,0
-3.610479574862221e-05,-0.014424462353703243,0.09352668509259983,0.2203649028809888,0
-2.1726291691157764e-05,-0.01270963770967096,0.0807262719385404,0.2328310876767502,0
-3.471266399544465e-05,-0.014347911021499498,0.08362888999519057,0.22299925561812722,0
-2.2597103102124095e-05,-0.01270616179776989,0.09062406703594966,0.23019673493961176,0
-3.250488935088378e-20,-0.009599975424000104,0.09575918340417744,0.2453582788435678,0
-1.13781192601711e-05,-0.01120490802803618,0.08824272767135892,0.239094683260159,0
-1.1040304844517196e-05,-0.011125858562608788,0.09814052276876818,0.23646033052302057,0
-3.497825200666843e-21,-0.009599975424000033,0.10516649797603586,0.24212492932737667,0
-5.920944478686654e-05,-0.017112611809919298,0.0933020887102245,0.20638536726110956,0
-6.459771000636436e-05,-0.017725038089037574,0.08510403615977183,0.20452065917210085,0
-4.684092198316281e-19,-0.04215392324239438,0.0002564957549948614,0.07769180676286988,0
-2.8180786155150576e-19,-0.03852272850541175,0.0002308461794952048,0.09692262797995851,0
-6.36968776335234e-20,-0.0403352960994173,0.00024367096724503312,0.0873072173714142,0
-0.00014449145675367073,-0.04128650958947362,0.008917425961977546,0.0822623332961791,0
-0.00011861878874367932,-0.039470272340695264,0.008904601174227717,0.09187774390472342,0
-0.00017205609598687033,-0.03690988013762362,0.01700610087515449,0.10544435780427636,0
-0.00011783346410728045,-0.033408345771929665,0.016917093516883377,0.12419148225773735,0
-0.00023982218864524515,-0.03615367522771355,0.026241909843117396,0.10938083132193827,0
-0.00014230926384792977,-0.03515475815888966,0.016961597196018932,0.11481792003100685,0
-0.00019876398142018519,-0.03439888040149982,0.026197406163981838,0.11875439354866876,0
-0.00018132846558111324,-0.03210238419120985,0.03098746371368767,0.13099724439430818,0
-0.00022953913392522455,-0.03374065315781868,0.03323259126238398,0.12215727461695419,0
-0.00015357438584964148,-0.032758817394852396,0.023952278615285524,0.12759436332602275,0
-5.556536133988211e-20,-0.04397778106187561,0.00026932054274468977,0.06807639595808151,0
-0.0001715995397061374,-0.043067986977647264,0.008719939228423302,0.07285975127924058,0
-9.514023386610933e-05,-0.03771883670013397,0.008618473527324847,0.10118349289211744,0
-0.0002108884262807356,-0.038659377780858324,0.017292228522057362,0.09613860881688234,0
-0.00026790019799057875,-0.03785587715983861,0.02431674732641243,0.10034639048379071,0
-0.0002219952981092131,-0.032254789753544184,0.038455743123828795,0.1300017997745596,0
-0.0001497016859144322,-0.02938549314487093,0.034744487441177564,0.14559003919829164,0
-0.0001263380621552273,-0.02661820355313722,0.04073020823536782,0.16046013922151092,0
-0.0001381662865072222,-0.028000701398567376,0.03773734783827269,0.15302508920990127,0
-0.00016111181265915175,-0.027616904538635682,0.048219200268539236,0.15466201795026346,0
-0.00012984634560998115,-0.02488059522933663,0.054694036820095715,0.16917073418268824,0
-8.51623606488488e-05,-0.021580004005860486,0.05264546607776993,0.18754087055910518,0
-7.01012557407194e-05,-0.018900323266270287,0.06767920006198412,0.20075140422562257,0
-3.974532130401163e-05,-0.015601766661558167,0.06514761658648273,0.2197913801392747,0
-1.6489360912152812e-05,-0.01242367349846579,0.06206772932541654,0.23944809769956277,0
-2.847618889550551e-20,-0.009599975424000116,0.07712564843458453,0.2523349054079747,0
-8.903267405386797e-06,-0.011046432901893926,0.06959668888000053,0.24589150155376874,0
-1.9277126149712094e-05,-0.012569144226617791,0.07139700063197847,0.23613959268815649,0
-1.0137185486717994e-05,-0.01111085572340482,0.07892596018656246,0.24258299654236246,0
-9.815924888488372e-22,-0.009599975424000031,0.08644241591938098,0.24884659212577126,0
-0.00019962044784856364,-0.030887214366280877,0.040334254987573745,0.13729819717655134,0
-0.00017872761827435643,-0.029014683240260047,0.04522633987144411,0.14722696793865384,0
-0.0001651196353385154,-0.03074179952766221,0.03286597557743262,0.1382936417962999,0
-0.00014928199934089717,-0.025435034548127806,0.061901310209570654,0.16566935586498222,0
-0.0001609250373931597,-0.02674500174697548,0.05520111456090318,0.15901731543085212,0
-0.00013001098181082246,-0.02575741283094306,0.04771212252773177,0.16481543670209958,0
-0.0001242440165390339,-0.023702422100961466,0.06339657557823798,0.17492427888830986,0
-0.00010560077936947777,-0.023219321594446726,0.05366975144893282,0.1783558023708967,0
-0.00010091376518457502,-0.022033706950083227,0.06237229020707509,0.18410934707651833,0
-7.869364226874322e-05,-0.020258412859840782,0.060162333069877026,0.19414613739236386,0
-9.054663094473047e-05,-0.02067814087896723,0.06988915719918218,0.19071461390977704,0
-7.648751515264166e-05,-0.01914409781645323,0.07567788216484353,0.19831264950516,0
-6.073023290220189e-05,-0.017514211228014498,0.07710535405691243,0.20695941389256342,0
-5.380233389538986e-05,-0.017230729089925387,0.06641340832423342,0.21027139218244864,0
-4.5269642620825615e-05,-0.01582542173288449,0.07583956231916172,0.2164794018493895,0
-3.137984790036948e-05,-0.014190281990736658,0.07293694426251157,0.22631123390801244,0
-2.7222479299629016e-05,-0.013980287316074544,0.06360767295594963,0.22961973891941873,0
-2.069725006615883e-19,-0.03492007296007257,0.0002051966039955481,0.11615344891046633,0
-1.4878133718521784e-19,-0.031356813884453445,0.0001795470284958913,0.135384269540597,0
-3.3881317890172014e-20,-0.0331326751698217,0.00019237181624571972,0.12576885922553166,0
-6.472534519377257e-05,-0.03416775622996244,0.008561145060439463,0.12017246558410184,0
-5.342364407240417e-05,-0.032384256667398234,0.008548320272689635,0.12978787589916718,0
-8.444655216217755e-05,-0.030075594846709026,0.017370462853076533,0.14223472279033705,0
-6.789327215519288e-05,-0.02635588704469985,0.02124028793695824,0.16263021196379807,0
-8.498981993826779e-05,-0.023835960837130594,0.037264036442064524,0.17604581429242383,0
-7.946587813825395e-05,-0.02510450027692013,0.029252162189511384,0.16933801312811095,0
-0.00010393171694173625,-0.02521890463410163,0.038997122338716175,0.16825297675696738,0
-9.822967651468841e-05,-0.026495335498221285,0.030985248086163028,0.1615451755926545,0
-0.00010435053925941291,-0.027863064091724083,0.0279923876890679,0.15411012558104487,0
-0.00011994145125361666,-0.029737253341041103,0.02605747514712705,0.14391238099431436,0
-7.624247453370254e-05,-0.0282075958544011,0.019305375395017386,0.15243246737706756,0
2.168404344971009e-20,-0.03671723696713218,0.00021802139174537645,0.10653803844521242,0
-7.838132587698301e-05,-0.03591636600011146,0.00860564873957502,0.11079890335737134,0
-4.5872702357839915e-05,-0.030721655372568386,0.008775004940786212,0.13880949616546703,0
-9.981963005834788e-05,-0.031736519569464924,0.017143778184979953,0.1332131025240372,0
-0.00012947913208370066,-0.031087762229045014,0.0241789632833821,0.13661598359232263,0
-0.00010763083594159268,-0.02435931656935647,0.04597903663108012,0.17260827423755604,0
-8.691390559225032e-05,-0.02272066431871759,0.04495475125991723,0.1817933424257645,0
-5.2664171698169065e-05,-0.02059498817774998,0.03450077097373928,0.19466373417843652,0
-6.728010243035691e-05,-0.022200806481851625,0.0358824037079019,0.18535477423543018,0
-6.892720627660199e-05,-0.021090538952167635,0.0435731185257546,0.19110230236877085,0
-5.16268424378101e-05,-0.018248970047045353,0.050009622325015664,0.20677412360678368,0
-2.74295353599946e-05,-0.01500328347406862,0.047474124336009296,0.22651368132772873,0
-3.36897023371921e-05,-0.015306181066589902,0.05631087046124601,0.22315253073350172,0
-2.271386167275911e-05,-0.013737404349475034,0.05477092683071292,0.23298088951364576,0
-1.0694857570843307e-05,-0.012088329457155989,0.04426851258794351,0.24579500463341514,0
-1.8281813479140593e-05,-0.013512331176403831,0.0458713184619764,0.23615434298057192,0
-1.3626256042839174e-05,-0.012268415510746493,0.053168120956680026,0.24262155116648895,0
-2.4177496688189932e-20,-0.009599975424000125,0.05839992016843357,0.2590574362984617,0
-7.443344512098465e-06,-0.010962434000380284,0.060233824746925055,0.24925276699901222,0
-3.957853202636595e-21,-0.009599975424000004,0.06776278430150905,0.25569617085321816,0
-6.693145541677336e-05,-0.019896572898142208,0.051327544201392794,0.19715749708294444,0
-6.126280886426812e-05,-0.018576120994806586,0.058844411193499896,0.20376276391620313,0
-4.6609281392292626e-05,-0.016947899953083535,0.0575786194557492,0.2132827518730292,0
-3.847607862658887e-05,-0.016600123922661938,0.048741873330512483,0.2166439024672562,0
-5.357750409658746e-05,-0.019437964778067533,0.04225519664937747,0.20071892889261012,0
-5.949824080453653e-06,-0.010860511250996893,0.05133421637818854,0.25242622046593843,0
-1.5653168865259471e-19,-0.027848206156440073,0.0001538974529963768,0.15461508990233233,0
-1.14434151174056e-19,-0.02441508501816175,0.0001282478774970048,0.17384590980603906,0
-3.7635188920399684e-05,-0.027113805146094103,0.010697092694977308,0.1586226509330652,0
-3.0876627575827596e-05,-0.02539290096047686,0.010684267907227622,0.16823806088491855,0
-2.765195769882412e-20,-0.026120678200743173,0.0001410726652466908,0.1642304998541857,0
-1.1858461261560205e-20,-0.029594517648292476,0.00016672224074613405,0.14499967972146466,0
-3.7847183328201244e-05,-0.028963754497029683,0.008762180153036455,0.1484249063463347,0
-3.732705631838832e-05,-0.022647227863599656,0.018085984099570216,0.18366966827830425,0
-5.0704312977018536e-05,-0.024485999019882413,0.019663136018264228,0.17314994012105117,0
-2.1108301781574223e-05,-0.02354130246280211,0.00910711598853361,0.17875778904217166,0
-6.047871725442829e-05,-0.023247788527595514,0.02767501027081737,0.17985774128536403,0
-4.702012482861395e-05,-0.021633356850848155,0.026293377536654748,0.18916670122837037,0
-2.2394604978751167e-05,-0.019351584139201038,0.016923165906395275,0.20303132228148502,0
-3.6797254538653915e-05,-0.01997930624873848,0.025711968440067276,0.19884752822996077,0
-2.912183884266051e-05,-0.020981962862486672,0.017504575002982747,0.19335049527989462,0
-3.0479262224558952e-05,-0.017284466672477017,0.032756102509388596,0.21443940121389587,0
-1.5442450345946385e-05,-0.014297790937838837,0.03048332011216051,0.2334635005497058,0
-2.2245270368970764e-05,-0.015764553005284544,0.031619711310774554,0.22395145088180085,0
-2.126167969394099e-05,-0.014659507456417281,0.038978722224084904,0.22998859093871726,0
-2.9960467165187242e-05,-0.016160795480857713,0.040115113422698946,0.2204765412708123,0
-4.0837016073863915e-05,-0.01777061411808481,0.041382862417202126,0.21060676241033977,0
-4.053588532502536e-05,-0.018918322785375866,0.03362843674156393,0.2045515676961662,0
-2.785863051235718e-05,-0.018331748161202296,0.024839634207891936,0.20873536174769045,0
-1.3798603971191159e-05,-0.013208365330537045,0.03737591635005201,0.23962925259156048,0
-5.6668038413992265e-06,-0.01174143185225036,0.027197519554464426,0.25126295647555075,0
-1.5781282598531687e-20,-0.009599975424000116,0.03933926684023236,0.2647487516262761,0
-3.294095673759479e-06,-0.010669019670451826,0.033268393197348395,0.2580058540509134,0
-8.133631801014075e-06,-0.011934212686253253,0.035733016071203966,0.24852898055448294,0
-4.627789775794285e-06,-0.010795213265466182,0.04180388971408794,0.25527187812984564,0
-2.1670238580768404e-21,-0.009599975424000012,0.04886959350433297,0.2619030939623689,0
-1.001843845683531e-05,-0.012990689056048804,0.028840419833312467,0.24236322851262826,0
-5.617946022664148e-20,-0.021084356945914665,0.0001025983019976328,0.19307672921228156,0
-1.7082177594981994e-05,-0.021873868076691172,0.009094291200783925,0.1883731987452929,0
-8.879938972121606e-21,-0.022734891651569677,0.00011542308974731881,0.1834613195091603,0
-1.2812571256041059e-05,-0.020229045127985658,0.008512882104196455,0.1980540257468833,0
-3.7878254610028243e-20,-0.01789073423827672,7.694872649826076e-05,0.21230754811294625,0
-1.3102946137992145e-05,-0.016286043779675463,0.016496416445256585,0.22191444108537378,0
-7.65930260667569e-06,-0.017101858411510858,0.008286682585877423,0.21711099459916,0
-1.735974875486866e-05,-0.01779737156054436,0.016709791175825932,0.2124728816834294,0
-1.0110251936283387e-05,-0.01863027945916961,0.008500057316446768,0.20766943519721565,0
-3.256136394095387e-21,-0.019467969637995814,8.977351424794678e-05,0.2026921386626139,0
-2.132087184316663e-05,-0.01679348508165272,0.02462625947732259,0.21817692114963483,0
-1.5176493426366269e-05,-0.01530301040733874,0.023489868278708546,0.2276889708175398,0
-5.913776799458468e-06,-0.013420564540201012,0.014707244787395527,0.2408555196384562,0
-2.131036588739698e-06,-0.01130383326858308,0.01308305376647548,0.2560111549711927,0
-8.496799252144702e-21,-0.009599975424000156,0.01983317706159195,0.2686185893768014,0
-2.2390149143185087e-06,-0.010629576741483833,0.023515348308028188,0.25994077292617607,0
-2.562274665444258e-21,-0.009599975424000014,0.029586221950912157,0.26668367050153874,0
-1.0307006931673292e-05,-0.013870111965709298,0.022595282449778018,0.23715951009408098,0
-9.108058161678691e-06,-0.014825465110331292,0.015601830616326057,0.231384980361915,0
-6.346614957172716e-06,-0.01259043566134932,0.020952382170929977,0.24605923805700347,0
-3.822423198470605e-06,-0.012341390622494706,0.013895149276935503,0.24843333730482445,0
-3.774914945502441e-06,-0.011538707192877994,0.020140286660469953,0.2536370557233717,0
-1.2617080128012658e-06,-0.010435211448395234,0.016458115414033716,0.26231487217399707,0
-2.0011153378882846e-20,-0.014875731499742256,5.129915099888874e-05,0.2315383663321977,0
-5.724914074718147e-06,-0.015591421721751106,0.008273857798127737,0.22672640370878575,0
-4.7433903532559255e-21,-0.016358056029969023,6.412393874857475e-05,0.221922957222572,0
-3.6551566727046096e-06,-0.01416014251184892,0.0073792719691972075,0.23619694298532695,0
-9.063252535621016e-21,-0.01208589054232183,2.564957549951444e-05,0.25076918390944924,0
-2.3763104964576366e-06,-0.01276182205815447,0.007366447181447521,0.24581235177395272,0
-1.3065138564274209e-21,-0.013449642052132109,3.847436324920159e-05,0.24115377512082348,0
-1.343704680488463e-06,-0.011710028430984702,0.006554351670987497,0.253390169440321,0
-3.832824086325709e-21,-0.009599975424000094,0.0,0.27,0
-4.980080802922832e-07,-0.010434272589835921,0.00654152688323774,0.2630055774855964,0
-6.220398206398767e-23,-0.009599975424000002,0.009916588530795975,0.2693092946884007,0
-4.1292856178647145e-22,-0.01079470558001898,1.282478774975722e-05,0.26038459195472463,0
