"f:0","f:1",":0",":1",":2"
0.00027738692411714014,-0.0996101247845957,0.9901624601832264,0.00979734633661257,0
0.0005492069859593715,-0.09960974419893383,0.9803249203664528,0.009645294682913265,0
0.0,-0.09961026609619665,1.0,0.009949397990311876,0
0.00040526585562652035,-0.09961023971349621,0.9855625990199682,0.024207283107616943,0
0.00020273878780456035,-0.09961025375452662,0.9927812995099841,0.01707834054896441,0
0.0004750813613057839,-0.09960993618994089,0.9829437596932105,0.016926288895265103,0
0.0008336772030135613,-0.09960937698487486,0.9697230529035898,0.026227389672307255,0
0.0005443092202800653,-0.09961098958833131,0.9814672134395505,0.04094029206539743,0
0.0006918793603367305,-0.09961010099619039,0.9755951331715702,0.03358384086885234,0
0.0004705082043099665,-0.09961053272207686,0.9835149062297593,0.03257378758650718,0
0.0,-0.09961082113004596,1.0,0.029954866994200264,0
0.0002683340697773581,-0.09961100460145579,0.9907336067197752,0.035447579529798844,0
0.00020464368787318906,-0.09961059372841954,0.9927812995099841,0.027081075050908603,0
0.0,-0.09961039679204634,1.0,0.01995213249225607,0
0.0010538466672534621,-0.09960843657257178,0.9606676345717237,0.00875254280263734,0
0.0009395785188350696,-0.0996088554507521,0.9651953437376568,0.017489966237472298,0
0.0008096761218970875,-0.099609161141665,0.9704962774690882,0.009198918742775303,0
0.0006879293335266313,-0.09960953771900173,0.9750239866350213,0.01793634217761026,0
0.000622795395063633,-0.0996098804059201,0.9776428259617791,0.025217336389962097,0
0.0011465626164164234,-0.09960890342364055,0.959513648788594,0.04131075027417025,0
0.000854078455571243,-0.09961009739197321,0.9704904311140723,0.04112552116978384,0
0.0009836411926481521,-0.09960918552896623,0.9646183508460919,0.03376906997323875,0
0.0013163717096553622,-0.09960760306914745,0.949512146143585,0.025134995317638482,0
0.001231017769285339,-0.09960815392793818,0.9545128974660895,0.033222872795904364,0
0.0010856485177052578,-0.09960852724511882,0.9596175995235874,0.025681192494972867,0
0.0011793888060222918,-0.09960804391367449,0.9550898903576543,0.016943769060137913,0
0.0014754739154585882,-0.09960688745315452,0.9410415133943968,0.007327989279244177,0
0.0012770748739504903,-0.099607649387097,0.9508545739830603,0.008040266040940759,0
0.0013895779999521785,-0.09960723365888727,0.9452768297689909,0.01623149229844133,0
0.0009871019181773937,-0.09961090057156803,0.968264813755964,0.05499427095021229,0
0.0007578714413976732,-0.09961104547675219,0.9748660135977572,0.047967281507804854,0
0.001069161517613417,-0.09960977458676246,0.963889231272279,0.048152510612191265,0
0.0,-0.09961263031523122,1.0,0.04996017495489563,0
0.0005541589792157592,-0.09961350915530937,0.9832148887465306,0.06089018689528224,0
0.0002686706731277407,-0.09961318790433217,0.9916074443732653,0.05542518092508894,0
0.0005463149175820624,-0.09961203000731536,0.9823410510930406,0.05091523948033984,0
0.0002800445004691934,-0.09961192833799466,0.9907336067197752,0.04545023351014653,0
0.0,-0.0996115308455803,1.0,0.039957520974547946,0
0.0007782906768683889,-0.09961223960837948,0.9757398512512473,0.057942228922747266,0
0.0015746737254036724,-0.0996076579889823,0.9486386738290525,0.059552359100209284,0
0.001176361770412074,-0.09961242156636013,0.9662024531892881,0.07087124264552093,0
0.0013921817476110316,-0.09960980245120014,0.9574205635091704,0.0652118008728651,0
0.0010744454424970165,-0.09961157705603732,0.967233633472626,0.06293275679786661,0
0.0012860409535429117,-0.09960948381840518,0.9584517437925082,0.05727331502521078,0
0.0013463674380826194,-0.09960844986320616,0.9540761613088233,0.05043155468718977,0
0.001646697512785977,-0.09960616254804737,0.9379573678619509,0.041467643270866314,0
0.001611364151007298,-0.09960669958528909,0.9432980208455017,0.0505100011855378,0
0.0014104167641888902,-0.09960755276510827,0.9487355083252724,0.04138919677251828,0
0.0014725107021538544,-0.09960700349398817,0.943734757002768,0.033301319294252396,0
0.0016924566010421964,-0.09960594281009581,0.9295447946744053,0.023421514842422355,0
0.0016642026711919924,-0.09960600630173182,0.9337510812681782,0.032444579056644336,0
0.0015185014074789887,-0.09960671245168175,0.9395284704089952,0.02427825508003042,0
0.0015767876441966245,-0.09960647977717325,0.935293154034401,0.015374752060833266,0
0.0017858602317767783,-0.09960577709418895,0.9214522974070611,0.005460762920684588,0
0.0017315094207125366,-0.09960589419808828,0.9254985460407332,0.014441138881553472,0
0.0016458434692047462,-0.09960623738906804,0.931246905400729,0.0063943760999643825,0
0.0008576961814708443,-0.09961326628350382,0.9747086709679094,0.06588071477040158,0
0.0006626217100988347,-0.09961780889549135,0.9827807265863739,0.08010713394029216,0
0.0,-0.09961633441911295,1.0,0.06996539472937269,0
0.0002879960343964167,-0.0996150684721785,0.9916074443732653,0.06542779081232747,0
0.0,-0.09961417475803665,1.0,0.05996278484213416,0
0.0006033987011197818,-0.09961534901329384,0.9829978076664523,0.0704986604177872,0
0.0003189287919223806,-0.0996172947201325,0.991390363293187,0.07503626433483243,0
0.0009345102674068347,-0.09961507320902581,0.974491589887831,0.07548918829290654,0
0.0018471569289338805,-0.09960825224397883,0.9488848264186078,0.07980531677776279,0
0.0015073138727919257,-0.09961074088021811,0.957543639803948,0.07533827971164186,0
0.0016976453702812677,-0.09960786716423416,0.9487617501238301,0.06967883793898604,0
0.0020872239990251886,-0.09960394031511038,0.934984939363648,0.07113325770520758,0
0.0019794558627425607,-0.09960582646006433,0.9419348828911279,0.07546928724148519,0
0.0018244716993156516,-0.09960606642317932,0.9418118065963503,0.06534280840270842,0
0.0020249514690284715,-0.09960360530351392,0.927115059644204,0.05626034859612751,0
0.0018262557971537928,-0.09960507624883674,0.9325362137530775,0.04886399593349691,0
0.0018194492833485411,-0.09960548461611284,0.9378768667366283,0.0579063538481684,0
0.0020551485569901807,-0.0996036233631983,0.9310499995039261,0.06369680315066754,0
0.0014224632721304416,-0.09961597955929755,0.9654307809276558,0.08987824772565758,0
0.0008044905999105283,-0.09962577991508718,0.9826795332111831,0.09997307732428226,0
0.0011357327157831348,-0.09962077113139937,0.9740551570694194,0.09492566252496992,0
0.0010314105155478056,-0.09961741384066998,0.9741057537570148,0.08499269083297487,0
0.0007279557714344482,-0.09962123554627024,0.9827301298987785,0.0900401056322872,0
0.0,-0.09962311925403602,1.0,0.0899705399988509,0
0.0003849391872502364,-0.09962483301013808,0.9913397666055915,0.09497180866156658,0
0.00034830792077837657,-0.09962069449094661,0.991390363293187,0.08503883696957154,0
0.0,-0.09961919774592157,1.0,0.0799679673641118,0
0.001289288253294032,-0.0996139493613441,0.9658166170584719,0.08037474518558926,0
0.0016540322708655168,-0.09961180046748752,0.9571578036731319,0.08484178225171018,0
0.001972146645102877,-0.0996042089453722,0.9179683315070348,0.03905742238228728,0
0.0018257366779023947,-0.09960504699297754,0.9279628496844929,0.0402625328265768,0
0.00199500810995594,-0.09960383110132744,0.9225416955756194,0.047658885489207395,0
0.0018237989532048373,-0.09960520904516465,0.9237565630907201,0.03123946861235482,0
0.0019426791083974545,-0.09960511825830523,0.9097730718163648,0.021302916580159443,0
0.0019505618590708524,-0.09960468723862584,0.9138707016616998,0.03018016948122336,0
0.001833577852714134,-0.09960539249004137,0.9196589332453851,0.0223622157112909,0
0.0018564166601850172,-0.09960553338326454,0.915612684611713,0.013381839750422016,0
0.001969308805669828,-0.09960566220341274,0.9018969145286605,0.0032652587257167957,0
0.0018939299140361128,-0.09960557091762832,0.9116746059678609,0.004363010823200692,0
0.0019478071548609417,-0.09960545950425806,0.9058349931725127,0.01228408765293812,0
0.002588321875077795,-0.0995999903485393,0.9302321908966389,0.08900898463925386,0
0.0022343641259157413,-0.09960949741764188,0.9486632255704985,0.09929356803153762,0
0.0020257753860267068,-0.09960874989253615,0.9487740259945532,0.08954944240465021,0
0.0022163879929574847,-0.09960461300482468,0.9395585086576234,0.08440715070850832,0
0.002437882779452245,-0.09960405266718624,0.9394477082335687,0.09415127633539574,0
0.0018197335104463608,-0.09961340726676206,0.9570470032490772,0.09458590787859761,0
0.0017137507155542463,-0.09962311002486364,0.965789179719304,0.10942132502170127,0
0.0020004222565255026,-0.0996157869350287,0.9572262026449012,0.10435744652661944,0
0.001557878832342352,-0.09961902344242576,0.9656099803234799,0.09964978637367942,0
0.0012443268395985355,-0.0996252601886244,0.9742343564652436,0.10469720117299176,0
0.0009908619492661494,-0.0996398408794793,0.9826795115870424,0.1199781222135178,0
0.0,-0.09963507456385638,1.0,0.1099756146497541,0
0.00047222426548575955,-0.09963809148844244,0.9913397557935212,0.11497686843163595,0
0.0008912419286838887,-0.09963185859833881,0.9826795223991127,0.10997559976890003,0
0.0004254808756197039,-0.09963081065164521,0.9913397666055915,0.10497434598701819,0
0.0,-0.0996282052503802,1.0,0.0999730773243025,0
0.0023190730349715253,-0.09960227018882893,0.9326085651301435,0.08007112117223072,0
0.0024651527109076183,-0.0995994015482032,0.9179702061411669,0.07151499564693749,0
0.0023054225343763202,-0.09960127210012903,0.9081541305023956,0.054781119427583666,0
0.002382740402830838,-0.09960023547782325,0.9130621683217812,0.06314805753726058,0
0.0022325159712975316,-0.0996017879228785,0.9225426328926855,0.0638876721215325,0
0.0021816989135381233,-0.09960223399495267,0.9176345950732998,0.05552073401185559,0
0.0021279305980737304,-0.09960294036046774,0.9130612310047153,0.04691927090493547,0
0.0021615441315973676,-0.09960366096380918,0.8980880694630816,0.036809014873332976,0
0.0020600253026236384,-0.09960557170408754,0.8902141117332445,0.019056364167801113,0
0.002102580096438025,-0.09960470257701974,0.8941510905981631,0.027932689520567044,0
0.0020441422260560546,-0.0996045057391162,0.9039305706397232,0.029055965726746208,0
0.0020177121983192842,-0.0996051721058473,0.8999935917748046,0.020179640373980276,0
0.0020066771250681383,-0.09960570219883154,0.8960555131309524,0.011160811446758954,0
0.002022335658674227,-0.0996068082971447,0.8823643946424562,0.0008733878224706102,0
0.0020119042474111607,-0.09960607481661256,0.8921306545855583,0.002069323274093703,0
0.0020329398628143045,-0.09960627590855484,0.8862892531878503,0.00996487599513586,0
0.002288837709236853,-0.09960156023206952,0.9264775727524075,0.07132412667607253,0
0.0025314588177159495,-0.09959925052569141,0.9241011985189029,0.08026199014309568,0
0.0013811556210294024,-0.09963125969166185,0.9742343456531732,0.11469972361760952,0
0.0020843883236141255,-0.09960372631540736,0.9080282004850582,0.03793321862781013,0
0.002227940558714667,-0.09960248220458372,0.9031210999827386,0.04579506715045832,0
0.0029723984904028865,-0.09959925648466306,0.934099733093948,0.1069681509734249,0
0.0025998201090951176,-0.09960492012783978,0.9413814793322233,0.10313085950248126,0
0.0027701530211988548,-0.09959944909454492,0.9321659619952934,0.09798856780633938,0
0.003390058140047696,-0.09958868220266162,0.9180060496690917,0.10458488703505421,0
0.0030227374008215653,-0.09959226480217163,0.9090987125047334,0.08724145701762073,0
0.0032024881801740283,-0.09959023573706502,0.9135523810869126,0.09591317202633748,0
0.002970018766363213,-0.0995951315328132,0.9241191202828654,0.09679693583715404,0
0.002831755258058074,-0.09959565474498869,0.9196654517006861,0.0881252208284373,0
0.0027283185858378266,-0.09959627704648046,0.9135344593229502,0.07937822633227912,0
0.0027355449049551077,-0.09959635773509172,0.8982362099425462,0.0706648316612525,0
0.002620862366604683,-0.09959751936787055,0.9081032080418565,0.07108991365409499,0
0.0025081269017669244,-0.09959910038325637,0.9031951702224709,0.06272297554441808,0
0.002443668327496736,-0.09960105616801837,0.8881584511378333,0.05270160004427948,0
0.002213979187880745,-0.09960478170835155,0.8787582787058942,0.03497943740583161,0
0.0020483412546826096,-0.0996073694150075,0.8710179059076872,0.01664831102309722,0
0.002121448921681026,-0.09960620839849144,0.8748880923067908,0.025813874214464412,0
0.0020694423383032104,-0.09960631062990731,0.8806160088204659,0.017852337595449165,0
0.002129210482857799,-0.09960525881545705,0.8844861952195693,0.02701790078681636,0
0.0022044590560727586,-0.09960400575609542,0.8884231740844879,0.03589422613958229,0
0.0022926204831655774,-0.09960251771470845,0.8931232603004575,0.04475530745880622,0
0.0023208143034225024,-0.09960304729127362,0.8834583649218637,0.04384051872505554,0
0.0031996733368293696,-0.09959357837464279,0.9260528913815198,0.10577651900423955,0
0.0028061723391430947,-0.09961251729393156,0.9483888114212532,0.12051645923914713,0
0.002242480724198977,-0.0996191089600852,0.9570889955702786,0.11496889213042419,0
0.0024990883087435177,-0.09961070619754929,0.9485260184958759,0.10990501363534237,0
0.002912472127442134,-0.09960471219739864,0.9412442722576007,0.11374230510628601,0
0.001968326162422236,-0.09963429433597713,0.9671357554126981,0.12590987271954787,0
0.0014345386246059331,-0.09966141394453164,0.979772315456653,0.13983071022207286,0
0.0017313717900758092,-0.09964670677122052,0.9734540354346756,0.13287029147081036,0
0.0014706563252370535,-0.09963807517312583,0.9749076334998703,0.12294399746653284,0
0.0011949017783501664,-0.09964932052173553,0.9812259135218477,0.12990441621779533,0
0.0,-0.09965568302387218,1.0,0.1299806297772511,0
0.0005257681063316928,-0.09964839569555853,0.9913397557935212,0.12497937599538445,0
0.0,-0.09964387734848014,1.0,0.1199781222135026,0
0.0018352619092698007,-0.09962801215520785,0.9664624675660011,0.11766559887062457,0
0.00241577127281779,-0.09962332994517197,0.9577622834169757,0.1232131659793475,0
0.0006839254469773435,-0.09966019248632167,0.9898861577283264,0.13490566999966197,0
0.00287736985269539,-0.09959418992378502,0.9036674612236397,0.07895314433943662,0
0.0023942458825308177,-0.09960085093955777,0.8981562908201144,0.05374135973593157,0
0.0025824848798504775,-0.09959879259114082,0.8931973305401897,0.06168321585276598,0
0.002027801988967875,-0.09960715364970013,0.8766911502750717,0.008760849422783915,0
0.0019516103080540483,-0.09960914449886846,0.8628385349488094,-0.0015730374086015736,0
0.001992354753794988,-0.09960833723440139,0.8669282204282482,0.007537636807247824,0
0.0020016964937730084,-0.09960784442905432,0.8726014647956328,-0.0003498247930654817,0
0.0037581667562537717,-0.0995891068912,0.9275336805775177,0.12206168381552832,0
0.004342820745810582,-0.09957065059323333,0.908339955566304,0.12126289988759742,0
0.003769427744728459,-0.09957974325517643,0.8987934390520658,0.10377226013044266,0
0.004050371294019104,-0.09957501196084823,0.9035666973091849,0.11251758000902004,0
0.0036059179462536693,-0.09958350272486866,0.9083997443605787,0.10417857358274843,0
0.003376751044363682,-0.09958672759067856,0.9039460757783996,0.0955068585740317,0
0.003264779296587284,-0.09958882774672814,0.8891110009821003,0.08661277672535116,0
0.00350968998727889,-0.09958437140888181,0.8939522200170831,0.09519251842789692,0
0.0031686762843405043,-0.09958993775390738,0.8991048567434168,0.08692711687148594,0
0.0029859730717747826,-0.09959297912116656,0.8936736054623232,0.07863880419330183,0
0.0028538681104929757,-0.09959626558056793,0.8794001541585448,0.0705823704045117,0
0.0024484714787126765,-0.0996029733240605,0.8690903924454152,0.05182381671087568,0
0.0026398511228518614,-0.09959989656665,0.87424527330198,0.06120309355769368,0
0.002463782865520517,-0.09960172470365572,0.8786244217916243,0.05226270837757758,0
0.0026338196431431402,-0.09959893436287662,0.883779302648189,0.06164198522439558,0
0.0028142296629294775,-0.09959590415306506,0.8888181820505454,0.0706236010328821,0
0.0030525287793969824,-0.0995927071371031,0.8842555775703225,0.07859757356493142,0
0.003343614146507529,-0.0995949078003123,0.9308167068357329,0.11451491739447661,0
0.003304071096085657,-0.09960108040442119,0.9379612459993855,0.12128907152733773,0
0.004029200657920462,-0.0995998221997872,0.9379597404669692,0.1391301419902776,0
0.0028648769543325307,-0.09963427097090628,0.9581413804449024,0.13938987472909545,0
0.0026851331347068075,-0.09966640680120124,0.9670157782734878,0.15349425048422646,0
0.0027942017759323133,-0.09964853951533513,0.9625785793591951,0.14644206260666096,0
0.0020229714706554943,-0.09966518082330848,0.9733940468650704,0.14666248035314966,0
0.002168747468194334,-0.0996496696242411,0.9689568479507777,0.13961029247558415,0
0.0023920057089056265,-0.09963491709297592,0.9626385679288003,0.13264987372432166,0
0.0028506649698989317,-0.09962140650112027,0.9532650959330777,0.1299531669841213,0
0.003375620450310345,-0.09960774213601092,0.9431742759441112,0.12982330061471237,0
0.003472492943724485,-0.09961766822670608,0.9480505604559357,0.13926000835968652,0
0.003575157007279087,-0.09958817115300597,0.9227698651233047,0.11332328542529127,0
0.004079592262223411,-0.09957911546060072,0.9179368180719109,0.12166229185156287,0
0.003840459282930576,-0.09958083946265306,0.9131730026176978,0.11292389346132581,0
0.002321289930893936,-0.0996039797424981,0.8739243355756547,0.04340162705835364,0
0.002142509864575503,-0.09960745992492799,0.8595111498908632,0.03371116516442562,0
0.0020876773510345686,-0.09960744810058766,0.8652645278992752,0.025179738093761422,0
0.002194009727960959,-0.09960593157073223,0.8691347142983787,0.03434530128512861,0
0.002285410026204896,-0.09960542834046307,0.8643007711681392,0.04276749093765065,0
0.0019288701639805794,-0.09961021258619862,0.8517836530967444,0.015811978219122367,0
0.0017711175427147239,-0.09961232255237165,0.8433016188122275,-0.003929536808684484,0
0.0018740145050082427,-0.09961065801539266,0.8530700768805184,-0.002751287108643029,0
0.0019318796600101258,-0.09960971839318793,0.8573110940227768,0.0071194704052603966,0
0.001841178111375737,-0.09961134398957389,0.847542635954486,0.005941220705218941,0
0.002002452200230105,-0.09960866783632048,0.8614007795022158,0.016230144621109794,0
0.002026245481201915,-0.0996089731217542,0.8556474014938038,0.024761571691773995,0
0.0039044173608953473,-0.09959286835100654,0.9327467105222434,0.13059591290290296,0
0.0015431932651152943,-0.09970477354522365,0.9826794774470266,0.15998801863399997,0
0.0,-0.09969017288583468,1.0,0.1499855779376466,0
0.0007330627928661582,-0.09969922520463892,0.9913397387235132,0.1549867982858233,0
0.0007642304368337024,-0.09967740119709188,0.9898861577283264,0.14490814407985975,0
0.0014921956511912385,-0.09968021923542508,0.9812258964518398,0.14990936442803643,0
0.002145194241031589,-0.09968605943755655,0.9748476278602571,0.1567411345591132,0
0.0,-0.09967055410422991,1.0,0.13998310385744886,0
0.004943341803538001,-0.09956538127395077,0.9179709846816704,0.13876189190167107,0
0.00431734465746285,-0.09957899627409843,0.9227523326295941,0.1304117878585997,0
0.004641813158515422,-0.09956721344441309,0.9131554701239872,0.13001239589463426,0
0.005544150776735567,-0.09954030220522976,0.8983299255305527,0.13818526091216554,0
0.004701796779319903,-0.09955989829878123,0.8891141098297856,0.12086785662789203,0
0.005112218231047105,-0.09955025754181246,0.8937220176801691,0.12952655877002878,0
0.004554569658623635,-0.0995640356683372,0.8987270326980448,0.12106537825774472,0
0.00491244520978166,-0.09955728234743207,0.9033349405484283,0.12972408039988148,0
0.0052821739923342706,-0.09955127504907439,0.9081504551061115,0.13847357640691832,0
0.004519436618961821,-0.09958205652064991,0.9279653625743198,0.13894601694597433,0
0.00552576842445804,-0.0995698811551989,0.9272487215259979,0.1558826714274713,0
0.004283082174430618,-0.09962966867149813,0.9485257275307146,0.15850720063279522,0
0.003390342644204563,-0.0996960388583708,0.9653589550553133,0.16999059178716425,0
0.0038930168421255646,-0.09966024792426617,0.956942341293014,0.16424889620997973,0
0.0030177223900004807,-0.0996797990920027,0.9661873666644005,0.16174242113569537,0
0.003482403807412618,-0.09965075639495849,0.9577707529021012,0.15600072555851086,0
0.003521452698034332,-0.0996335670948013,0.9533335539878085,0.14894853768094535,0
0.004174810900279852,-0.09961144258904514,0.9432427339988418,0.14881867131153642,0
0.004734122686237122,-0.09958750658525975,0.9326042309964835,0.14750640670887444,0
0.004952689846972225,-0.09959910594179212,0.9378872245283563,0.15719493603013326,0
0.004211614963029069,-0.09957088851331501,0.8939537744409256,0.11232005837916734,0
0.003961061447116846,-0.09957699100291015,0.8788061034683312,0.10359490478591309,0
0.004320900495694478,-0.09956879383954374,0.8839601066490583,0.11223138070690256,0
0.003895425905485092,-0.09957735761676502,0.8887997712601985,0.10368358245817788,0
0.0035960500967009237,-0.09958344274277274,0.8839585522252158,0.09510384075563212,0
0.0033149389797443875,-0.09959052554876588,0.8691236889293668,0.08636820309474542,0
0.0027523359385135384,-0.09960057798109034,0.8593635692511605,0.06834432366291043,0
0.002591548483277805,-0.09960183567401648,0.8642269808482879,0.06008407018689306,0
0.0028251792408434955,-0.09959798210530801,0.8693818617048527,0.06946334703371107,0
0.003074518065958002,-0.09959356789866279,0.8742619215439558,0.07847528674962856,0
0.0030192431550051507,-0.09959603323387561,0.8642436290902636,0.07735626337882792,0
0.0033158767309117705,-0.09958896598410086,0.8791173449557335,0.08649048991004829,0
0.003625053175764397,-0.09958424590007525,0.873964896198849,0.09498155394032926,0
0.0023024157624240995,-0.0996072675486593,0.8493507389402187,0.050624009583372584,0
0.001956591499374524,-0.09961135353830913,0.8404116299246466,0.03283752893694678,0
0.0016825665957338409,-0.09961401211484036,0.8317493339308574,0.01288744481608141,0
0.0018079830402195356,-0.09961282636051687,0.836080481927752,0.022862486876514095,0
0.0019373109647880058,-0.0996107386541245,0.8460976415106956,0.024324753578034576,0
0.0018184801258065834,-0.09961206258607856,0.841766493513801,0.01434971151760189,0
0.001721533239368524,-0.09961314939526032,0.8375254763715425,0.004478954003698464,0
0.0014989445324628547,-0.09961583945443947,0.8237384202369997,-0.006056047218916125,0
0.001583324126977379,-0.09961495724070119,0.8277438770839285,0.0034156987985826427,0
0.0016452508030566772,-0.09961407351029475,0.8335200195246136,-0.004992792013800304,0
0.0023934162586325618,-0.09960486889384569,0.8592205656928169,0.05122391314712413,0
0.002515043495574102,-0.09960427696669757,0.8543571540956896,0.05948416662314151,0
0.0022153609215828534,-0.09960734775508716,0.8544309444155409,0.0421675873738991,0
0.0021182760802478185,-0.0996095423984851,0.8448811844324327,0.041730769260159686,0
0.0020636654589888132,-0.09960927914088379,0.8499613899077549,0.0332743470506862,0
0.005238691282783747,-0.09956589126584374,0.9226098531038341,0.14732228166457118,0
0.00242948262278145,-0.09970417440571173,0.9740192162511699,0.1649893052105821,0
0.0018592933445936996,-0.09977007488910646,0.9831730419016278,0.17913778396068256,0
0.0,-0.09974783376059833,1.0,0.1699904593304254,0
0.0016943070701766578,-0.09973347626308567,0.9829262596743271,0.16956290129734125,0
0.0008199153848483165,-0.09972805559455272,0.9913397387235132,0.16498923898221268,0
0.0008864829029799779,-0.09976178332512928,0.9915865209508139,0.17456412164555396,0
0.0026817549220902836,-0.09973317368461265,0.9742659984784705,0.17456418787392342,0
0.0,-0.09971539236547769,1.0,0.159988018634036,0
0.006390783438608193,-0.09952431229782287,0.9080893966137477,0.15490235348207734,0
0.007562313865219449,-0.09950608218133584,0.9155300118714881,0.17383147819590755,0
0.005999900699404117,-0.0995454753430121,0.9176690590698728,0.1553925124547743,0
0.0069626155157960935,-0.09951412181016633,0.9118097042426179,0.16436691583899243,0
0.006485341262263349,-0.09954304911420926,0.9213893666987429,0.16485707481168943,0
0.006064334201426476,-0.09958743316512057,0.934831815024411,0.1714178201599224,0
0.005296111039802898,-0.0996591019640868,0.9500133990398596,0.1793995925365299,0
0.00431407938402473,-0.0996818377290258,0.9576861770475864,0.1746950921618471,0
0.0047634757152281255,-0.09964184512134044,0.9492695632852871,0.16895339658466257,0
0.0057267132785707876,-0.09962051050077267,0.9424226070321353,0.17540870634822614,0
0.005136390061553623,-0.09961231389591269,0.9416787712775628,0.1649625103963588,0
0.00580028550528629,-0.09957632964656059,0.9310402682752045,0.16365024579369686,0
0.0068463965608710885,-0.09954694930499443,0.9251809134479496,0.17262464917791498,0
0.0056302723640140806,-0.09954746364994897,0.913030190647709,0.1468321226918742,0
0.005964541036139502,-0.09953156333810971,0.9032096610721502,0.14654380719712146,0
0.006996672874531208,-0.09949341504293034,0.8893273665375159,0.1551823330659637,0
0.005906075678774644,-0.09952801800833806,0.879842946774976,0.1389948323102499,0
0.006439379258836911,-0.09951123174239776,0.8845851566562459,0.14708858268810682,0
0.006233370649677359,-0.09951945014615483,0.8938286460340343,0.14668379698906464,0
0.006736321620691227,-0.09950645397443923,0.8987083815756318,0.15504234327402053,0
0.0057613744961304844,-0.09953227504854802,0.8890864361527644,0.13859004661120772,0
0.0052720812635133445,-0.09954563426704838,0.8844785283023808,0.12993134446907095,0
0.004868299060870971,-0.09955851360340087,0.8697969203157652,0.12184246624607892,0
0.003942248877331644,-0.09958204207506205,0.8588557054660668,0.10425321124514188,0
0.004387627657271639,-0.09957126834686143,0.864326312890916,0.11304783874561039,0
0.004390806121506004,-0.09956860117813658,0.8743015118920482,0.11271868551599601,0
0.004819390108758184,-0.0995576791105075,0.8794555150727754,0.12135516143698546,0
0.005370699606426033,-0.09954420229573377,0.8748199335453706,0.1304186492781644,0
0.004007673907489076,-0.09977682472375113,0.9678977979753209,0.19117614500140512,0
0.0018655457148462477,-0.09986047266766983,0.9854716773044501,0.19516027064206182,0
0.0030025561092067374,-0.09982168646548736,0.9766847376398855,0.19316820782173347,0
0.00188357333815042,-0.09981043849043696,0.9843223596030389,0.18714902730137217,0
0.0028748529527500145,-0.0997779486953222,0.9755354199384744,0.18515696448104385,0
0.0036889524039138534,-0.09973049418477314,0.9666283765153172,0.18058336839428468,0
0.004730635885262733,-0.09971402001725928,0.9589555985075903,0.18528786876896752,0
0.003982907113336319,-0.09957841271830421,0.868830904467199,0.10392405801552748,0
0.0036143644940201084,-0.09958649715459676,0.8639896971977168,0.09531070716994365,0
0.003144234418387131,-0.09959792743779512,0.8491365340063238,0.0857202636490201,0
0.0025261972676521058,-0.099607436263944,0.8394318791973332,0.06798646190443797,0
0.002037578715721411,-0.0996130193365256,0.8297638959514486,0.05038703812659378,0
0.002267574938033783,-0.09961060976266617,0.8345978875743909,0.05918675001551588,0
0.0024079628974884733,-0.09960723809144614,0.844391309068776,0.059305235743905275,0
0.0021861283517273806,-0.09960998798397593,0.8395573174458337,0.05050552385498318,0
0.0019928447001946042,-0.09961204415223016,0.8350877629380475,0.04161228353177028,0
0.0016530006539554614,-0.09961621912626992,0.820087201442617,0.032871958655435685,0
0.001818722327238932,-0.09961372965615214,0.8302494156836318,0.03285474379619123,0
0.0016624627184493451,-0.09961498000697412,0.8259182676867372,0.022879701735758547,0
0.0013682411464678043,-0.09961779700474917,0.8121644452303399,0.013039294572630982,0
0.001155208968505026,-0.09961915123623775,0.8041397329282322,-0.007824242049252122,0
0.0014288263135731629,-0.09961673967415524,0.8179514327336699,0.0034916236768574287,0
0.0012534083144637434,-0.09961845484225883,0.808152089079286,0.0026075262616894303,0
0.0013347834581350485,-0.0996175536657776,0.813939076582616,-0.006940144634084123,0
0.0032552495962182575,-0.09959358786208895,0.8591301114678453,0.08604423337188277,0
0.0029395695452928963,-0.09959921233717298,0.8542500516287421,0.07703229365596527,0
0.002818111599629673,-0.09960327772789739,0.8442842066018286,0.07685336277672904,0
0.002659983799537277,-0.0996036622665246,0.8493977242242469,0.0681653927836742,0
0.0035218016701550354,-0.09959090620954444,0.8539961197361954,0.094986737447081,0
0.0018338944748943645,-0.09961483881017716,0.8249255486970328,0.041629498391014735,0
0.0015355294839851012,-0.09961591494965175,0.8219568895805986,0.012963369694356196,0
0.0014993267273717306,-0.09961708928674709,0.8161258233364785,0.022955626614033334,0
0.0,-0.09984111541820734,1.0,0.1899952828142224,0
0.0009886913014186772,-0.09980799895705177,0.9915865209508139,0.1845665333874525,0
0.0,-0.09978950115651647,1.0,0.1799928710723239,0
0.0009367169689923565,-0.09985504964311938,0.992735838652225,0.1925777767281421,0
0.007925175267727864,-0.09946575926294957,0.8979001156302583,0.1684998811543198,0
0.009847306120975181,-0.09938295122154742,0.8951928276711635,0.1856615479529135,0
0.00947136243175325,-0.09944346465165656,0.9133705750739678,0.19155636452240166,0
0.008461017767437086,-0.09947861823136742,0.9144502934727279,0.1826939213591546,0
0.009711709219479395,-0.09940821710062593,0.9042817013725657,0.18860895623765758,0
0.008698116040556177,-0.09944862412658986,0.9053614197713258,0.17974651307441053,0
0.007798247802804687,-0.0994815414312765,0.9067150637508732,0.17116567967511367,0
0.008831226754946441,-0.0994291658589381,0.8965464716507109,0.17708071455361665,0
0.008828443142859705,-0.09941942958158764,0.8813610031878567,0.1729217155283395,0
0.007456979052495858,-0.09947730695842633,0.871485630838049,0.15794248895478094,0
0.00597020330741625,-0.09953262404346361,0.8610037799764985,0.1399486000094338,0
0.004718521792470748,-0.09957131734061969,0.8493188587101564,0.12257807281942483,0
0.0036494620268587674,-0.09959582358838669,0.8388957242183794,0.10435685137469392,0
0.0043136324230134086,-0.09957683355353618,0.8540872820881116,0.11341564203228335,0
0.004155974637259576,-0.09958516030529017,0.844107291464268,0.11346746209705938,0
0.0038267445187715947,-0.09958800855073029,0.8488757148422231,0.10430503130991789,0
0.0033873645895927413,-0.09959662197958796,0.8440161291123516,0.09503855751185701,0
0.0027783097383472055,-0.09960953083104113,0.8291237584868268,0.08516507514913023,0
0.0021405720873487227,-0.09961633247932956,0.8194416843191774,0.06755404003070525,0
0.002351714483799893,-0.09961173955844707,0.8294367817582553,0.06777025096757161,0
0.002087732055950918,-0.09961437881833858,0.824602790135313,0.05897053907864952,0
0.001642528463731319,-0.09961957502315512,0.8097656070902048,0.05002159703371789,0
0.0012611254320280658,-0.09962075738996061,0.800761781291185,0.03166915324835131,0
0.0009780779650618203,-0.09962105250355296,0.7928146601569316,0.01061152233405319,0
0.001108460982000716,-0.09962089151889884,0.7967882207240583,0.02114033779120225,0
0.0013138448656180748,-0.09961909365238454,0.8064631132607625,0.022354223910491147,0
0.001179782638101627,-0.09961952827408475,0.8024895526936358,0.011825408453342085,0
0.001064817704375186,-0.09961999493646465,0.7984771965425819,0.0013936401424005339,0
0.0007598617431193397,-0.09962178148993056,0.7845046623611628,-0.009125226331410292,0
0.0008630074747358298,-0.0996213512717304,0.7886596612590472,0.0007431480013214489,0
0.0009627570114585622,-0.0996205783527789,0.7943221976446975,-0.008474734190331207,0
0.007129280110536881,-0.09949780410664955,0.902994756122003,0.16170111731819858,0
0.007458681432022032,-0.09947915645659268,0.8936137410838871,0.16184110711014177,0
0.007864014554793063,-0.09946044561906014,0.8853441848626863,0.1640520242971516,0
0.008131397306298927,-0.09944927642990799,0.8764233170129528,0.1654321022415602,0
0.0072668852063208665,-0.09948259426069576,0.8804064986877824,0.15656241101037233,0
0.0066386319400540406,-0.09950534419051847,0.8756642888065125,0.1484686606325154,0
0.005979491132374072,-0.09952792964320724,0.8704233633757372,0.13947171615984183,0
0.006686276604602447,-0.09950724455279289,0.8662447054072737,0.14894554448210737,0
0.007656258704625417,-0.09957126288617289,0.9328412425493231,0.1894682060832065,0
0.008589437802098367,-0.09950904703396342,0.9231059088116454,0.19051228530280406,0
0.007675827798283737,-0.0995300924045653,0.9241856272104056,0.18164984213955704,0
0.006812737967530603,-0.09958065559118119,0.9338365287868671,0.18044301312156447,0
0.006444120577934868,-0.09962200578896524,0.9414273207945913,0.1844338993098682,0
0.006259888831699996,-0.09969758294081217,0.9509069382490214,0.19540445001508858,0
0.007010148075101965,-0.0996325269592206,0.9418740903991722,0.19243632804914754,0
0.0057571498032201575,-0.09967611442443551,0.9504601686444405,0.18740202127580924,0
0.005127270511000102,-0.09974301419567001,0.9594023681121712,0.19329029750824683,0
0.005863499416630173,-0.09982794886499097,0.9606540458959356,0.2088023656315051,0
0.003364411297617271,-0.0999433876583163,0.980318106281572,0.2096956954311213,0
0.0036412802608429434,-0.0998541486251975,0.9741079521284465,0.20043592021626322,0
0.0048960355280684795,-0.09980116733857171,0.9642759219356283,0.19998925531645512,0
0.004519276759104616,-0.09989782849278862,0.9704860760887538,0.2092490305313132,0
0.008408783590421222,-0.09944040273864613,0.8896305594090574,0.17071079834132963,0
0.00539266130283229,-0.09954658150762873,0.8654003501461318,0.13089553312775637,0
0.004834167721217194,-0.0995631212567881,0.8595578895129607,0.12221026953275188,0
0.005320720402091382,-0.09955383826161861,0.8551613193433274,0.1312633364144293,0
0.0025192498677660585,-0.09990087121778915,0.982894891793011,0.20242798303659154,0
0.00215208968171807,-0.09997683986805068,1.0,0.21,0
0.0,-0.09991027255336588,1.0,0.19999764140711118,0
0.001173357785286826,-0.09992353822228422,0.992735838652225,0.20258013532103092,0
0.001242878839728754,-0.099992275962645,0.990159053140786,0.20984784771556064,0
0.006130837461651125,-0.09975437021268842,0.9557804920724785,0.20210340782329683,0
0.002984960152812212,-0.09960332473245204,0.8391301462465753,0.08544266939907516,0
0.0026491397254555403,-0.09960814810852243,0.8342778188420801,0.0765757685267841,0
0.002440258417743659,-0.09961351137439792,0.8242827214030022,0.07635955758991775,0
0.00318631095569631,-0.09960377404676625,0.8340097413526031,0.09476096326191208,0
0.0018541264817430304,-0.09961629228661664,0.8197647515208267,0.05020431758015584,0
0.0018762188047399433,-0.09961827533569632,0.8146036457046911,0.05878781853221157,0
0.0016471544961234861,-0.0996176671718424,0.8149264042664109,0.04144677784457679,0
0.0014391676232999196,-0.09962030082635798,0.805263694190695,0.040845375141034604,0
0.0014664780093537623,-0.09961856421495684,0.810424491366901,0.0322705559518935,0
0.009359946814562618,-0.09939836151843791,0.88827691542951,0.1792916317406265,0
0.010573591945906203,-0.09933284522940655,0.8772077493785783,0.187079254187413,0
0.00945409450050522,-0.09939646898611942,0.8643683929717788,0.1774219964119777,0
0.007623801721285868,-0.09949149283089585,0.8490850875299303,0.1623624398652086,0
0.0056297390829450605,-0.09956475579716079,0.8369338967583307,0.14223820987234262,0
0.006755520156612761,-0.09951313509976685,0.8550444337532144,0.15115551993732118,0
0.006574348800311315,-0.09953316297960721,0.8430094921441305,0.1523003248687756,0
0.005872218823323584,-0.09954468823224742,0.8489688383674145,0.1410934049408882,0
0.005163785108271219,-0.09956704799658209,0.8431263777342436,0.13240814134588372,0
0.004197926686189099,-0.09959853228021477,0.8281147498437166,0.12290268081829377,0
0.004500706586355396,-0.09958351621777353,0.8387168042769365,0.1227403768188593,0
0.003919002034724913,-0.09959629634671466,0.8335052370310481,0.11362976609649383,0
0.003062213221401941,-0.09961559857209298,0.8188296727052086,0.10292840071891955,0
0.0035901513104635097,-0.09960877234298682,0.8234722112744626,0.11291554076860666,0
0.003381936284038342,-0.09960539975875397,0.828862698461794,0.10364262604680674,0
0.0029198498542057443,-0.09961185131019185,0.8239767155960177,0.09404673793402489,0
0.002239915728494166,-0.09962300372566213,0.8090996028983564,0.08474029163882449,0
0.0016229649322094932,-0.09962542381594865,0.7994372136966151,0.06718315880731285,0
0.0018965210643156075,-0.09962097814435338,0.8094394490078962,0.06736859941900905,0
0.0019112394780013441,-0.09962463695629821,0.8042684082974858,0.07596172522306867,0
0.0021926230008631276,-0.09961911358480516,0.8142706436087669,0.07614716583476487,0
0.0025292923010562527,-0.09961620824040861,0.8191116806925915,0.08495268339397735,0
0.0026239708701039045,-0.09962016270880605,0.8139646378017824,0.09383434617887201,0
0.01211442017431487,-0.09926349189828146,0.8823244412923026,0.2009191174150899,0
0.011486665074263632,-0.09933809201646542,0.901863450217593,0.2033120094520914,0
0.012244722853364169,-0.09924750254915415,0.8920939457549477,0.20211556343359066,0
0.010724877902631734,-0.09935119457680641,0.8985281389443782,0.19448677870250247,0
0.011034082744827936,-0.09931756724924387,0.8887586344817331,0.1932903326840017,0
0.011383791389473099,-0.09929273728927557,0.8797660953354405,0.19399918580125144,0
0.010250643876716906,-0.09935455429266324,0.8862002885248709,0.18637040107016326,0
0.009658971665575318,-0.09938035148571775,0.8792843762832174,0.18000048485787623,0
0.0100254674237455,-0.09936402668787286,0.8707880711751785,0.18225062529969535,0
0.009183979854924348,-0.0994039584125319,0.8728646980798178,0.1751718559701586,0
0.00839730893724848,-0.09944129696945758,0.8679270119049138,0.16768224268337933,0
0.007615156492842137,-0.09947842502580466,0.8602853591839896,0.16015246440999475,0
0.008536082533651313,-0.09944591480683972,0.8567267402508545,0.16989221813859315,0
0.010525825130772984,-0.0993873615918367,0.9076170126457803,0.19743418698724652,0
0.010173801384749827,-0.09948112265844072,0.921425379683128,0.2055086350647987,0
0.008251453297301058,-0.09965898614014947,0.9410212191544387,0.2073769316668632,0
0.009560586768823856,-0.09954192674765662,0.9312232994187833,0.20644278336583094,0
0.008032436922192458,-0.09960217715784803,0.9369312308518809,0.19842256887503484,0
0.008922201677857068,-0.0995271239832841,0.9271333111162255,0.1974884205740026,0
0.009902129194638936,-0.09945071919006698,0.9173979773785479,0.19853249979360016,0
0.011241038522412481,-0.09936618666798921,0.9116444149503604,0.20441032225844505,0
0.00486827289289554,-0.09958440379257769,0.8325243233010237,0.1325704453453182,0
0.0016357429328782624,-0.09962209856437788,0.80460141039341,0.05860237792051537,0
0.0011504411450578601,-0.099625444161602,0.7898798872269367,0.04951114801211199,0
0.0014067369164859848,-0.09962267242608046,0.7998227471585708,0.04976637252291494,0
0.0012088750274371462,-0.09962280840350483,0.7953208342590609,0.04059015063023165,0
0.0007918420984694888,-0.09962452030782398,0.7806904059042996,0.031248548823730786,0
0.0010337451838609223,-0.09962280926722879,0.7907260935977423,0.03145885103604105,0
0.0008871165177693736,-0.09962254463813032,0.7867525330306155,0.02093003557889199,0
0.0005521777024800991,-0.09962346060934188,0.7734259923559162,0.011410427298330972,0
0.00033247170079558273,-0.09962336960285803,0.7648410453656829,-0.009877208411253838,0
0.0006560459498477882,-0.09962246401659725,0.7789653273585395,0.00114260048346034,0
0.00043709268711876015,-0.0996232829382375,0.7691335188607995,0.0007666094435385667,0
0.0005490189909827887,-0.09962272383330266,0.7746728538634229,-0.009501217371332065,0
0.0013710686278059483,-0.09962560969767514,0.7946585504617759,0.058347153409712416,0
0.0009593762382024954,-0.09962500352214088,0.7852851465656181,0.04037984841792139,0
0.0006639193868902265,-0.0996238899936514,0.777058199130108,0.02132948806103088,0
0.0007701718688829599,-0.09962239524648288,0.7831203262564239,0.01101097481619208,0
0.007259677256991126,-0.09967949680403679,0.94596407870173,0.20139069084097588,0
0.007287229417710372,-0.09973412799745957,0.9508376325251872,0.20808964864918414,0
0.012024092947988396,-0.09927447400403683,0.8627921253644149,0.1984719234020252,0
0.009855604029305989,-0.09939973794065658,0.8497835916357206,0.1826422796078467,0
0.008712552124409084,-0.0994860880838231,0.8351247721021403,0.17780806612553524,0
0.00656817922338296,-0.09956558444887599,0.8273958426938335,0.15977899582910624,0
0.0075745818984325215,-0.09953213617431209,0.831260307397987,0.16879353097732075,0
0.007162519153756394,-0.09952541562925103,0.8382404651118819,0.16107071784715743,0
0.008176076483718615,-0.09948533077028811,0.8421049298160352,0.17008525299537192,0
0.009306207659194479,-0.0994426932304098,0.8424541818689304,0.18022517286669099,0
0.008662502767525674,-0.09945208200407459,0.8494343395828254,0.17250235973652767,0
0.00968676348002156,-0.09939452683905871,0.8570759923037496,0.1800321380099122,0
0.01073663064962134,-0.09933416485140607,0.8635802591680968,0.18794695990700144,0
0.011031609618512817,-0.09932803213310087,0.8562878585000677,0.19055710150493596,0
0.011402808017981289,-0.0992902507568529,0.8699999373714966,0.19277558879471912,0
0.012522352288572989,-0.0992128554833539,0.8725582833283587,0.19969552040855754,0
0.006088838482813102,-0.09956357161962943,0.8321648697260822,0.15100860285072443,0
0.004715482143047296,-0.09961273340290447,0.8172381201041434,0.14071335664617785,0
0.0033277778278133314,-0.0996306662436788,0.8080795609877511,0.12117154968702522,0
0.003970939222387367,-0.0996240110661081,0.8126588405459473,0.13094245316660152,0
0.004459756657888007,-0.09960368896728497,0.82267643497393,0.1318080187322358,0
0.0037913877827848836,-0.09961461079546388,0.8180971554157339,0.12203711525265949,0
0.0032008204477623646,-0.09962165280412948,0.8134546168464798,0.11204997520297239,0
0.002305370707240647,-0.09963581263996897,0.7986749902905479,0.10223238827566371,0
0.0027786973906080877,-0.09963434975391101,0.8033772756391495,0.11170196898134446,0
0.002705587641796941,-0.09962592148229246,0.8087523314978782,0.10258039449729163,0
0.0022801276008536475,-0.09962842753948828,0.8038872965944521,0.09348633995724409,0
0.001561187776958649,-0.0996354175961966,0.7890958485101429,0.08436569510480639,0
0.0015997827677642713,-0.09962977758066212,0.794266531103379,0.07577442695605963,0
0.0019157638003293239,-0.09962953055951103,0.7990977257042496,0.08455299337181543,0
0.001906465438317359,-0.09963609479979509,0.7938854194003454,0.09329904169023505,0
0.005581830565262905,-0.09959367392477834,0.8223169813989885,0.15024617623764203,0
0.005212565221348129,-0.09958790661855561,0.827086008431237,0.14147578325926025,0
0.0010056425702460834,-0.09963274228788391,0.7794457808502696,0.06679044433123682,0
0.0006182176609851848,-0.09962933968001535,0.7708735907250681,0.049045751853181135,0
0.00027694447748083937,-0.09962650465674731,0.7605860222863373,0.030222727956518345,0
0.0004362897159467091,-0.09962782942224026,0.7657298065057028,0.03963423990484974,0
0.0005375009570971194,-0.09962576175479852,0.7706382140953185,0.030735638390124567,0
0.0007101851804219224,-0.09962666027585848,0.7757819983146839,0.040147150338455964,0
0.0008900598214436775,-0.09962765783948985,0.7803767389760023,0.04927844993264656,0
0.0010852122703545197,-0.09962867623209296,0.7846628340386032,0.0581507961716744,0
0.0007980981663411088,-0.0996309891393074,0.7751596857876688,0.05791809809220898,0
0.001263467244237288,-0.09963423658750471,0.7842708146802062,0.07557806971802161,0
0.001324383955769219,-0.09962941783384839,0.7894414972734424,0.06698680156927483,0
0.0004204951722843162,-0.09962481847353902,0.7670060073211268,0.020816577627424657,0
0.00011428423380905476,-0.09962421203046773,0.7548681994309319,0.007090219863489975,0
0.00033324737083255705,-0.0996240021719243,0.764147095893424,0.009250323580910474,0
0.00022508962125214506,-0.09962369786422323,0.7598546223983074,-0.0013934942738819318,0
-0.00010866130246590575,-0.09962371240499047,0.745163732170169,-0.010032147366356547,0
3.9890216590974046e-07,-0.09962387429307266,0.7500159658005504,-0.0014709637514332863,0
0.00011246402011131435,-0.0996237043177531,0.7550023887679259,-0.009954677888805193,0
0.00018999437926447144,-0.09962510029969662,0.7577271108586345,0.01865647391000416,0
0.011220039699449302,-0.09936855996311339,0.8432487611881002,0.1961150490981094,0
0.009743408065129262,-0.09952419805894666,0.8236791101517987,0.1939886763111289,0
0.007262499999016998,-0.0996030752594975,0.8153373722730174,0.1760345761787945,0
0.005129816706036735,-0.09964901946911606,0.8063719461497232,0.15785354655376244,0
0.0049360598635628345,-0.09962724896925794,0.8118050331269333,0.14928345159997014,0
0.005900958220006632,-0.09960709393779056,0.8168838944217783,0.15881627119143432,0
0.00612074376425653,-0.09963177526038307,0.8108546592113703,0.16694406136627848,0
0.006928666997249458,-0.09957939873202598,0.8213666074834254,0.16790678600395037,0
0.008040136872347857,-0.09954358332428041,0.8252310721875789,0.17692132115216486,0
0.00848796139674934,-0.09956588079334473,0.8195082412124081,0.1850116262449617,0
0.009301064398154842,-0.09949231601868856,0.8294019411269695,0.18589837121833208,0
0.010882068724913617,-0.09940613955016216,0.8334639356699495,0.19505186270461916,0
0.009978902481950675,-0.0994270874027003,0.8391867666451203,0.18696155761182232,0
0.010568454696896861,-0.09937852878816546,0.8465161764119105,0.18937866435297807,0
0.012060635261190647,-0.09927004118613318,0.8530204432762576,0.19729348625006732,0
0.003489238899500495,-0.09966304278939242,0.7969298915009732,0.13945749718673592,0
0.004136010182733527,-0.09963856010546364,0.8070840058025583,0.14008542691645687,0
0.003425028643426523,-0.09964409255582012,0.8025047262443621,0.13031452343688057,0
0.0022957084141854247,-0.09966083717418242,0.7877614787983671,0.12115354177197651,0
0.0014129086970204791,-0.09965219679935511,0.7786094267386858,0.10191382984250637,0
0.0023167936453579985,-0.09964645303005697,0.7932182345444575,0.11169296502382012,0
0.0018167047456139895,-0.09965680079993516,0.7831854527685265,0.11153368580724143,0
0.0018745641433807103,-0.09964475293330943,0.7886422085146169,0.10207310905908504,0
0.0015014350198377993,-0.09964279756333434,0.7838526376244144,0.09313976247365638,0
0.0007854730829014008,-0.09964389623132404,0.7691254220086214,0.08391505180854036,0
0.0003682193716395374,-0.09963679166205482,0.7605475842710436,0.06692562448657276,0
0.0006920971905884548,-0.09963519780909198,0.7699966825606566,0.06685803440890478,0
0.0005037967636986161,-0.09963269900653414,0.7657105874980559,0.057985688169876946,0
0.000152346361737781,-0.09963126336014293,0.7550305600105114,0.050433038972533685,0
0.0002186239799732931,-0.09962856267528242,0.7578082911484243,0.04032788346452602,0
0.0003884493559857042,-0.09963051602400876,0.7629520753677898,0.04973939541285741,0
0.00025254858194494065,-0.0996337875273983,0.7577890721407775,0.058679331729553225,0
0.00424919446954715,-0.09965892425734793,0.8016509188253482,0.14865552187024916,0
0.0028461571729700187,-0.09966310605827756,0.7923456851496702,0.1303055194793562,0
0.00283739378684673,-0.09964645145369551,0.7979205198930591,0.12116254572950086,0
0.0011822577220398642,-0.09964029390794216,0.7791106352593822,0.08414037345667338,0
0.001073545644736116,-0.09964803118868111,0.7738674243736536,0.09291444082552336,0
0.0009079214524222961,-0.09963774546302626,0.7742856014294455,0.07535274806988859,0
0.0005607409598445516,-0.0996401716015302,0.7648365031398325,0.07542033814755655,0
-0.00020192573025753181,-0.09962850302066552,0.7427690540290041,0.03987933672460857,0
-3.196026887768399e-05,-0.09962991166905127,0.7488998070197577,0.04515618784857113,0
4.539785085821159e-05,-0.09962765761920718,0.7516775381576707,0.035051032340563455,0
-0.00012360089177868223,-0.09962557129100223,0.7450618761865013,0.02198448448027816,0
7.234018906446106e-05,-0.09962615225072344,0.7528239492364193,0.026103606218398252,0
-0.00016017305642211405,-0.09962683098036179,0.7439154651077526,0.030931910602443366,0
-8.360432685405362e-07,-0.09962482453903197,0.7499650378087166,0.014537352171884068,0
-0.0003111332667294433,-0.0996239163154672,0.7366839098530802,0.006839851072284053,0
-0.0005453717733568396,-0.09962276668159852,0.7254909802683076,-0.009580068789580166,0
-0.000429716108573911,-0.09962326031762207,0.7310874450606939,-0.0013701088586480564,0
-0.00020723043450234806,-0.09962373041541855,0.7409238210116246,-0.0015961481470362473,0
-0.0003286933258820404,-0.09962339768173134,0.7353273562192383,-0.009806108077968357,0
-9.903800985806368e-05,-0.09962422109520806,0.745776054642006,0.0069650354678870135,0
-0.00022002960361378258,-0.09962464647135261,0.7408728930197908,0.014412167776281105,0
0.007673249873794801,-0.09970517156283507,0.8040739682388426,0.1922212148074821,0
0.005342384509385279,-0.09972426153618938,0.7953286756726416,0.1745454593598957,0
0.006345112880474775,-0.09966615432992842,0.8053330239728296,0.1752900177693451,0
0.0052628073717176736,-0.09968053407435953,0.8008503109111824,0.16619950295682906,0
0.0034464496910724517,-0.09972118436667994,0.7861099950985537,0.15670910445947175,0
0.004318037785025756,-0.09972591756936915,0.7907193353855977,0.16562728190968373,0
0.004324801005438768,-0.09968730855022795,0.7962409706241385,0.1572813255066171,0
0.0034966010342187513,-0.09968794506654452,0.7915199432997635,0.14808330082310384,0
0.0020760773459210973,-0.09970174781042043,0.776975910622798,0.13848776956625905,0
0.0011065819705753485,-0.09967928494336206,0.7679085309715709,0.11972604696551654,0
0.0015467557425470006,-0.0996902783274563,0.7724422207971844,0.1291069082658878,0
0.0017111816704798522,-0.09967171772155824,0.7778350048849689,0.12043979436874652,0
0.0012838253566457127,-0.0996642559594631,0.7732589788551283,0.11081993840401146,0
0.0004380429733950653,-0.09966028946421268,0.7587678077290901,0.10103402925673018,0
-3.5971781616246266e-05,-0.09964661732623527,0.7491310412812427,0.08356970952202476,0
0.000377168079256438,-0.09964605593818034,0.7591282316449321,0.08374238066528256,0
0.00018358558269870908,-0.09964139599154752,0.7548393127761432,0.07524766700429876,0
-0.000337370488190649,-0.09963505954207096,0.7399380462012692,0.06256595908425082,0
-0.0007281976301093498,-0.0996280283250839,0.724758231944067,0.04634236376842357,0
-0.0002629519921006292,-0.09963131207917014,0.7413535501151367,0.051222647904429694,0
-0.0005481925117809657,-0.09963132898314668,0.732348139072668,0.054454161426337196,0
-0.00046149456080204533,-0.0996285464055978,0.7337636429865355,0.04311085024651607,0
-0.0004966463508352464,-0.09962522359787065,0.7304022047684189,0.02589027767066744,0
-0.0007272250786363611,-0.09962265591371465,0.7187888146277926,0.010835046538449421,0
-0.0009593356014168918,-0.0996206580240058,0.7058399090545994,-0.00855000189694301,0
-0.0007563666896609142,-0.09962184502671184,0.7156654446614534,-0.009065035343261588,0
-0.0006309057699044159,-0.09962259563242779,0.7221398974480502,0.0006274888744346278,0
-0.0008433771821439025,-0.09962153101459831,0.712314361841196,0.001142522320753206,0
0.009046362797592016,-0.09958997600227841,0.8138765391953207,0.19310494555930552,0
0.0075493897028408915,-0.09964076164461559,0.80970567025593,0.1841278954931383,0
0.006471674085362024,-0.09971697369639773,0.7997013219557421,0.18338333708368892,0
0.002213168866353457,-0.09967876699230686,0.7823686947105826,0.12982065566911777,0
0.002804206544576395,-0.0996844359483716,0.7869529010618856,0.13897263337649748,0
0.002703092956717669,-0.09971227648337896,0.7815429528606759,0.1475984370128654,0
0.0006310078575186645,-0.09965135971778269,0.7639466148688558,0.09247454053263526,0
0.00017925702468261375,-0.09965300643671358,0.7539494245051664,0.09230186938937747,0
0.0009309833145923476,-0.0996573859709831,0.768688617233888,0.10147392954961827,0
0.000740342872270015,-0.09966925066085847,0.7633381693503305,0.11038003811112336,0
-0.00020279691590022493,-0.09964019674849618,0.744534543741256,0.07306783430313779,0
8.275064013459836e-06,-0.09963646423919263,0.7502428152361564,0.06474579178541179,0
-8.01268754367531e-05,-0.09963327639676438,0.7474843031058903,0.056499499028392255,0
-0.0003562075676093083,-0.09962677889488593,0.7365856293987114,0.032884807197638005,0
-0.0006030973299891416,-0.09962644570375034,0.727580218356243,0.03611632071954551,0
-0.0003093029215947559,-0.09962552458181824,0.7377320404774601,0.023937381075472802,0
-0.0003985147410737157,-0.09962443527647383,0.7335430573107495,0.016365064371475748,0
-0.0005203125512428789,-0.09962343484641539,0.7277363622404365,0.008837448805366736,0
-0.000615628680727015,-0.09962383446214328,0.7245955096981058,0.018362662104558433,0
0.00512694669629721,-0.09986848560768996,0.7844324567857922,0.1909215934450424,0
0.003096665474819766,-0.09981840708489728,0.7753583603679799,0.17346680159849995,0
0.0033158712470244683,-0.099763794442223,0.7807341777332668,0.16508795302898585,0
0.004247819400040749,-0.09977695190330763,0.7853435180203108,0.17400613047919783,0
0.004056601498417675,-0.09984368463458845,0.7798954085768861,0.18219419752177118,0
0.0053202493105386625,-0.09978438277346054,0.789880566229217,0.18273352640246904,0
0.0066526476791649615,-0.09977846600773611,0.7942532125123174,0.19157140412626225,0
0.0015893027941250824,-0.09976716800206464,0.7662569922562711,0.1558979496356639,0
0.000557785775937898,-0.09971944531626667,0.7572048197383279,0.1372675448959562,0
0.0008681273816608308,-0.09969750098604788,0.7625566753549493,0.12849679593073637,0
0.0013232567584428858,-0.09971350948406127,0.767090365180563,0.13787765723110762,0
0.001020173906501267,-0.09974183650699638,0.7617309059972994,0.14658274726581005,0
0.0018745789478822287,-0.0997308511126503,0.7716164514395345,0.14719285960096146,0
0.002537755475148606,-0.0997482095892858,0.7761834936774124,0.15630352704756784,0
0.0022726096941882916,-0.09979255427707225,0.7708076763121254,0.16468237561708193,0
-0.00011479666845426692,-0.09968351674903307,0.7481317534198452,0.11849951385184958,0
0.0004957314633422093,-0.09968330046852726,0.758020142195708,0.11911278040868306,0
0.00018395417654083906,-0.09969998705559482,0.7526682865790866,0.12788352937390288,0
0.0001910402999434526,-0.09967104670667014,0.7534497805744677,0.10976677155428988,0
-0.0005562796459932266,-0.09965939549130944,0.7388095524359336,0.10071999417415949,0
-0.00036057505337618257,-0.09967038386614939,0.7434706529278894,0.10960975401300453,0
-6.053223540252249e-05,-0.09966106829692215,0.7487886800825119,0.10087701171544483,0
-0.00027305039991201084,-0.0996526738199476,0.7439702968585882,0.09214485184809212,0
-0.0008505952873821613,-0.0996429954427814,0.7291095800641979,0.08329081928389952,0
-0.0007207041163875809,-0.09965039611130587,0.7339595662500658,0.0920054067290295,0
-0.00044760790614895436,-0.09964557355927366,0.7391203106727203,0.08343026440296214,0
-0.0005703235860533808,-0.0996388164381208,0.7345238131327336,0.07292838918407517,0
-0.0010777322541829077,-0.09963165667409277,0.7180010183830148,0.06575786666375877,0
-0.0012821334575322874,-0.09962389913488341,0.7047037888863548,0.04863671328509079,0
-0.001190719272546684,-0.09962734192217063,0.7113524036346848,0.057197289974424775,0
-0.0010105588813041151,-0.09962625970790626,0.7147310104152109,0.04748953852675718,0
-0.0008889630716943841,-0.09962972195630555,0.7213796251635409,0.05605011521609117,0
-0.0007089629421758102,-0.09963397415376465,0.728969532292142,0.0641619128740048,0
-0.000977557831973559,-0.09963672654751837,0.7235552992236063,0.07452434297382915,0
-0.000972199320873773,-0.09962309338844326,0.7114699112680598,0.029749577034139593,0
-0.0011621703835890203,-0.0996197267148148,0.6983184867491671,0.011440413567588561,0
-0.001069643611726985,-0.0996212195666566,0.7048941990086135,0.020594995300864078,0
-0.0008416751612643978,-0.09962282019988904,0.7151293629479263,0.02029231178629451,0
-0.0009510440793817454,-0.09962133045188501,0.7085536506884799,0.01113773005301899,0
-0.0010538818009023434,-0.09962014205336257,0.7020791979018832,0.001445205835322776,0
-0.0013318007674020034,-0.09961766567592956,0.6862222710577626,-0.007007292042037529,0
-0.0012443885292782433,-0.0996186023085502,0.6922703789034648,0.002216560762775516,0
-0.0011520035439234273,-0.09961924906318478,0.696031090056181,-0.0077786469694902695,0
-0.0011156103510973204,-0.099623487377009,0.7080868500772073,0.039193145159615195,0
-0.0008579527754788683,-0.0996253293802463,0.7181140716060634,0.03804597040128158,0
-0.0007364781700441113,-0.09962437280253256,0.7209360580182393,0.027819927352403517,0
0.002257206471198818,-0.09997452184905138,0.7647624404709625,0.1901715774472619,0
0.0006933603616466797,-0.09986239959765976,0.7556069611688689,0.17279172940342719,0
-0.00031660081078876035,-0.09977633265571757,0.7467488631593808,0.15499953298055524,0
-0.0009393768176086723,-0.09971377588766032,0.7376551113022071,0.13616299067138954,0
-0.0006710422638270966,-0.0997418059803143,0.7422019872307939,0.1455812618259724,0
-0.00019781029761465322,-0.09971949379812721,0.7474299655202674,0.13671526778367288,0
0.00017172703839665924,-0.09974570426255792,0.7519768414488543,0.1461335389382557,0
0.0006368097066253055,-0.09977649019279244,0.7565029277078259,0.15544874130810957,0
0.0012013059439299912,-0.09981049092205257,0.76093197671257,0.16434483951954554,0
0.0019060056040048116,-0.09984786079853165,0.7654826607684244,0.17312926550096358,0
0.002762594630824421,-0.09988743657411985,0.7700604004194712,0.18181918952288093,0
0.0038396397386244573,-0.09992625864445022,0.7745974486283773,0.19054658544615216,0
0.001406783243650274,-0.09991492815480257,0.7601847008199157,0.18148165342534456,0
0.00012947412881048526,-0.09981577930261842,0.7511779121641249,0.16389563119199121,0
-0.00048585261785175955,-0.09969786606906184,0.7428934323610261,0.12733125226161957,0
-0.0013030731791395143,-0.09967391033020126,0.728327452197138,0.11783583610920273,0
-0.0015084956713459522,-0.09964933550826237,0.7187952641025327,0.10042978199143596,0
-0.0008978533832289949,-0.09966656788580694,0.7335685023165358,0.10927791514168111,0
-0.0014240710102485425,-0.09966023077111749,0.7235613581498354,0.10913280905031934,0
-0.0010421693580951361,-0.09965539876430013,0.7288024082692331,0.10057488808279771,0
-0.0011545313744545506,-0.09964631047573394,0.7239524220833653,0.09186030063766773,0
-0.001614236256114244,-0.09963401651875256,0.7089816998543247,0.08338724456686247,0
-0.0012426990654442395,-0.09963909813667494,0.7190456399592613,0.083339031925381,0
-0.0015730449551016952,-0.09964075455349088,0.7138884819784287,0.09190851327914921,0
-0.0007176435297425765,-0.09968045148163718,0.7382296028084916,0.11816767498052616,0
-0.001149674616534896,-0.09969164437576793,0.7329912817496725,0.12699941339029613,0
-0.0013267550355792607,-0.09963298293534595,0.7134913591186698,0.07457255561531062,0
-0.0017268306747902937,-0.09962362556727296,0.6964876717067265,0.06658249959558803,0
-0.0017879756567595667,-0.09961748327337584,0.6835588711092021,0.05023491074799717,0
-0.001763882147609155,-0.09962012508568914,0.6900232714079644,0.0584087051717926,0
-0.0014891355430231145,-0.09962391801742174,0.7005957302965407,0.05760960644033941,0
-0.001414191289929547,-0.09962799948292148,0.7072443450448707,0.0661701831296734,0
-0.0016818774728120667,-0.09962814756820938,0.7027346857805257,0.07498487208122526,0
-0.001546899632737158,-0.0996208520016108,0.6941313299977785,0.049435812016543984,0
-0.0014345407860702185,-0.09961895381140781,0.6909581239548512,0.031760891473159164,0
-0.0012113370434828194,-0.09962118412911224,0.7012140176114555,0.03075523425364938,0
-0.0012873004022318701,-0.09961936327982956,0.6946383053520091,0.021600652520373863,0
-0.0015253401692888401,-0.09961614707885383,0.6787461552467758,0.013200456992380464,0
-0.0016428859751589006,-0.09961421555717505,0.6666416888130032,-0.005047976324438514,0
-0.0014201399741756349,-0.0996169120786574,0.6824842131522693,0.0030965824751714673,0
-0.001579049024396758,-0.09961513105104246,0.6726939220298895,0.004076240333970974,0
-0.0014962925935160922,-0.09961596728306174,0.6764319799353828,-0.006027634183238022,0
-0.0013641597465885807,-0.09962113311221449,0.697830956420603,0.04019880237912497,0
-0.0015984252806666467,-0.09961835139928879,0.6872584975320266,0.04099790111057817,0
-0.0014784079595199027,-0.09961738206717712,0.6848521396008136,0.022480674232769813,0
-0.0013520640691609544,-0.09961800464231312,0.6885323209979715,0.012320435279984512,0
-0.0007564537675811385,-0.09999713884755698,0.7450787942757616,0.1900191158835712,0
-0.0017199027625420381,-0.09984493364575898,0.7358694853253214,0.17207561853237768,0
-0.0021160102515844106,-0.09974572791902739,0.7273261431358657,0.15298161970920818,0
-0.001958844259470067,-0.09978909339566447,0.7315978142305936,0.16252861912079292,0
-0.0012398485790326862,-0.09976492549337668,0.7370375031476233,0.15399057634488172,0
-0.0009461584951578287,-0.09980942280475336,0.7413091742423511,0.16353757575646646,0
-0.0005234612634169299,-0.09986132079108317,0.7457382232470952,0.17243367396790243,0
5.0878514867054715e-05,-0.09992476968888263,0.7503428777223153,0.18140542264349918,0
-0.0013133523701906785,-0.09991284746416014,0.7404741398005414,0.18104736720797443,0
0.0007805498220482764,-0.0999969536634759,0.754920617373362,0.19009534666541655,0
-0.0014756472465807483,-0.0997297359560264,0.7324906272190363,0.14457230519029884,0
-0.0023261749116794093,-0.09968727317774269,0.7180920301432709,0.13490431130906205,0
-0.0023922050549196,-0.09965273365884723,0.7084989859700426,0.11746314984066698,0
-0.0018651073143452275,-0.09966453145969924,0.7184132190835903,0.11764949297493485,0
-0.0019181753998017104,-0.09965164653669918,0.7136471250362877,0.10894646591605148,0
-0.002348250856892556,-0.09963271932342421,0.6988238510772371,0.10007186609874015,0
-0.002380858802418691,-0.09964130425885662,0.7036614185236398,0.10876750796970357,0
-0.0019457726519652527,-0.09964160518154447,0.708809557589885,0.10025082404508806,0
-0.0019573495662190445,-0.09963391641239344,0.703902775465781,0.0917295553328013,0
-0.0023013647304542845,-0.09962119580134828,0.6882065302189702,0.08395782534655387,0
-0.002249370246097193,-0.09961408418878039,0.6754741188157569,0.06752037324306245,0
-0.0020047062539947573,-0.09961892812200193,0.6859808952612417,0.06705143641932523,0
-0.0020039843514345914,-0.09961607557399409,0.6795164949624795,0.05887764199552981,0
-0.0021627641966478588,-0.09961070904086762,0.6625798948737689,0.050872627875363285,0
-0.001802414055399754,-0.09961419794046987,0.6713366651821979,0.03360350671607292,0
-0.0018101566864111652,-0.09961232730913712,0.6589997231734535,0.014453172652003191,0
-0.0018009404268604875,-0.0996131580037961,0.6651681941778257,0.024028339684038058,0
-0.001651375969224807,-0.09961528184748593,0.6750414102144868,0.02340198185422669,0
-0.0016790397347720676,-0.09961422085457508,0.6688729392101147,0.013826814822191828,0
-0.0017178848835402928,-0.09961332540158671,0.6628207059932283,0.004702598163782339,0
-0.0018724328326412262,-0.09961082616583103,0.6470930048478153,-0.002791478301953078,0
-0.0018347090320727057,-0.09961158184523068,0.6530463640106343,0.005830847175025057,0
-0.0017691074315161102,-0.0996124790998032,0.6568673468304093,-0.003919727313195796,0
-0.0016529526131383449,-0.09970267403990947,0.7278735707227391,0.1355336509902258,0
-0.002249786353152515,-0.09971281454204078,0.7227090866395683,0.1439429655091351,0
-0.0017734347583638263,-0.09968105037288492,0.7232097411702045,0.1263700737091324,0
-0.002377804174945908,-0.09966773797688898,0.7132955080566568,0.1261837305748645,0
-0.001974360288168411,-0.09962791276355419,0.6985941150366475,0.08367253495670818,0
-0.002332656901309013,-0.0996261086143053,0.6935151906481036,0.09201484572264701,0
-0.0019951596205197816,-0.0996227762971637,0.6923471009628483,0.07527016247107095,0
-0.0022821331903850055,-0.09961702065880738,0.6818403245173635,0.07573909929480815,0
-0.0019714511856826905,-0.09961267077629539,0.6669582800279834,0.04223806729571811,0
-0.001991928283737135,-0.09961403198815723,0.6730693829914856,0.05055376931168023,0
-0.0017959872966461675,-0.0996156043117244,0.6774477681457001,0.04191920873203504,0
-0.0016291766514207923,-0.09961661764403854,0.6811473945685246,0.032682199094616046,0
-0.0022078585258371464,-0.09961205344629452,0.6690270068447629,0.05919650055921287,0
-0.0037217732137357048,-0.09993071802076472,0.7253997900510565,0.1904740301919498,0
-0.004024822456219401,-0.09977203122519063,0.7155545928919509,0.1716235165319037,0
-0.0037296335113677103,-0.09969276486448399,0.7078639108196667,0.15209166739993116,0
-0.0038888771348771414,-0.09972631351469717,0.7117092518558088,0.16185759196591742,0
-0.002982609112156596,-0.09976135272061094,0.7214403680139083,0.16230256812055593,0
-0.002902143500851117,-0.09981472163199943,0.7257120391086361,0.1718495675321407,0
-0.0026442043935341625,-0.09988683803803068,0.7306346376881889,0.18127482436216374,0
-0.003950283870400965,-0.0998391403872458,0.7204771914715037,0.18104877336192676,0
-0.00232896487819766,-0.0999728759344062,0.735239292163409,0.1902465730377605,0
-0.00295453878378898,-0.09972174981572787,0.7175950269777662,0.15253664355456967,0
-0.002974552538136765,-0.09969167723845368,0.7129779704814688,0.1434979893544966,0
-0.0035717273551717243,-0.09964811245212664,0.6981854102367349,0.13460897634609936,0
-0.0029768775520526373,-0.09966891767064356,0.7081387201900029,0.1347566438275807,0
-0.0029411017031401305,-0.09965189473168597,0.7033421981033887,0.12603606309338317,0
-0.0033197508335602375,-0.09962482591060194,0.6885053865612801,0.11721167214599196,0
-0.0028029980689388795,-0.09962991312251458,0.6936646188192586,0.10864176912236606,0
-0.002881696171040543,-0.09963920210107552,0.6985021862656613,0.11733741099332948,0
-0.003453796706612492,-0.09963448355177144,0.6933453983990074,0.12591032424604565,0
-0.003667568491925225,-0.09966701181117403,0.7030246605282008,0.14335032187301527,0
-0.003042513062349075,-0.09961361577801112,0.6788177853758091,0.10022403496147705,0
-0.0031837956531416377,-0.0996181363639576,0.6836615859685446,0.1087178535537345,0
-0.0027179520805828876,-0.09962324294592677,0.6888208182265231,0.10014795053010861,0
-0.0026508603886600778,-0.09961813377315765,0.6835121577973896,0.09209093015401545,0
-0.0028164459240382664,-0.09960753834809388,0.6670221384052237,0.08365685520343777,0
-0.0026054646788049108,-0.09960537869718647,0.6549548435223673,0.06804281843727393,0
-0.002711872462323486,-0.09960609007334442,0.6609884909637955,0.07584983682035584,0
-0.0024474509193770913,-0.09960951946310082,0.6652144811690621,0.06778159584016819,0
-0.0025172512565072194,-0.09961128427701027,0.6712481286104903,0.07558861422325011,0
-0.0025828572262303062,-0.09961418058301273,0.6776143343120969,0.08380734027499581,0
-0.00293315729546181,-0.0996098481526123,0.6729199618905164,0.09194044508245741,0
-0.0023702361692752986,-0.09960837867137019,0.6587673691980681,0.05945772315631861,0
-0.0024020878670406886,-0.09960517540000635,0.6425424897291323,0.05237920808279612,0
-0.0020676437213470946,-0.09960952442249188,0.6511453481685373,0.034534332237125716,0
-0.0019496533890098731,-0.0996117716698944,0.6612410066753676,0.03406891947659932,0
-0.0019264334513203003,-0.0996110885839808,0.6550725356709954,0.024493752444564455,0
-0.0020009097425264335,-0.09960890291204436,0.639336257721319,0.01672510808518585,0
-0.0020010445808445712,-0.09960803594898712,0.6275636729224299,-0.0003728335026374571,0
-0.00192730237937546,-0.09960995388675774,0.6432146312845671,0.006966814891616387,0
-0.0019925729479471055,-0.09960852594696856,0.6334499653218744,0.008176137291274197,0
-0.001950478041278808,-0.09960932502569275,0.6373283388851225,-0.0015821559022952676,0
-0.002299848181270443,-0.09960775068187845,0.6525611923014506,0.0516259179790797,0
-0.0021119217397297936,-0.09960999853243258,0.656862621521153,0.0427034800562445,0
-0.0022235560188787174,-0.09960758553216015,0.6468439189488349,0.04345677015996092,0
-0.0025018500078719764,-0.09960511553379348,0.6487486666257498,0.06021101326003503,0
-0.0020270629170970533,-0.09960920404288955,0.6452408029449281,0.025629720161155785,0
-0.0019190095436487256,-0.09961052683222453,0.6491679904473862,0.01558914036859452,0
-0.0064508298684737685,-0.09979171706112717,0.7057425391897695,0.1915070909240959,0
-0.005288431082487032,-0.09986006457381162,0.715571164620413,0.19099056055802285,0
-0.005170306761335472,-0.0997840089294052,0.7106485660408601,0.18156530372799978,0
-0.00613110823187045,-0.09965567647800327,0.6934932943237226,0.17132676133116106,0
-0.00511098753867661,-0.09962630518661043,0.6878673391076521,0.15172148439374783,0
-0.004463737711325855,-0.09966018913613087,0.6978656249636594,0.15190657589683948,0
-0.004838601706979038,-0.09968150910472652,0.7006786025716947,0.1617092143655461,0
-0.005597285902474643,-0.09963810049351778,0.6906803167156874,0.16152412286245443,0
-0.005134422961863319,-0.0997170351465832,0.7045239436078368,0.17147513893153238,0
-0.006379029235050447,-0.09970754838674407,0.699617916756746,0.1814169261276285,0
-0.004292016976814774,-0.09964010707805052,0.6930263746721934,0.1431652303699236,0
-0.004556222747753863,-0.09960448298449157,0.6781890525709107,0.13422674628344264,0
-0.00401128359265122,-0.09959710785614746,0.6685088866419782,0.11685893199227469,0
-0.004281017196035943,-0.09959956757841175,0.6733489696064444,0.12554283913785866,0
-0.003697526677464563,-0.0996105028135397,0.6785071366016291,0.11703530206913332,0
-0.0039015801107085573,-0.09961666235585344,0.6833472195660955,0.1257192092147173,0
-0.0041011963981146295,-0.09962612206057227,0.6881872314038228,0.13441786131477101,0
-0.004835974259932498,-0.09961290343560143,0.6830281958392814,0.14297411533859522,0
-0.0035011404173355323,-0.0996066624125198,0.6736633360088936,0.10854148347687587,0
-0.003519120158160476,-0.09959636148115421,0.6588208920915285,0.0999115967916055,0
-0.003759903031397355,-0.09959619156636626,0.6636648893667534,0.1083852643919401,0
-0.0033083923421305225,-0.09960448369128368,0.6688193387336687,0.10006781587654127,0
-0.0031490762622385865,-0.09960267587134637,0.6629215152483761,0.09178422599752163,0
-0.003152087195837844,-0.09959685844177507,0.6471247281171602,0.08460458300871838,0
-0.0028638065789839597,-0.09960159961831655,0.6510397858197637,0.07632370072299616,0
-0.0030074638861573425,-0.09960178444946323,0.6570734332611919,0.08413071910607808,0
-0.003334655023645545,-0.09959624530718189,0.6529728101043444,0.09225808990016193,0
-0.0028048893732887294,-0.0995990950390568,0.6349856935918818,0.06922323247222033,0
-0.002505093049898257,-0.09960151682586708,0.6226818919771172,0.05448258153846357,0
-0.0022147351443908797,-0.09960592021158,0.6313541757646238,0.03622826265852279,0
-0.0020719058077598145,-0.09960650944473744,0.6198616545266524,0.018299186508793485,0
-0.002133285758747963,-0.09960629747803505,0.6256079151456382,0.02726372458365814,0
-0.002096254571854739,-0.0996075787568461,0.6353452167429714,0.026476685371854318,0
-0.002051417042651796,-0.09960755782508826,0.6295989561239856,0.017512147296989668,0
-0.002027631742932005,-0.09960736678710154,0.6237126637245411,0.008963176503078015,0
-0.0020123031145333516,-0.09960628728465859,0.6080367537498933,0.00206483164046315,0
-0.00203379223024921,-0.09960648006926887,0.6139492041382728,0.010182009074628318,0
-0.002022179195054793,-0.09960701114286521,0.6178002133361615,0.0008459990689128464,0
-0.002591418317241522,-0.0996024382953605,0.6387640916605071,0.06080122027750823,0
-0.002650740921513447,-0.09960030905251117,0.6288337927844996,0.06185290700534195,0
-0.0024724873375712455,-0.09960305674612374,0.6326121908531248,0.05343089481062985,0
-0.0023021704594738237,-0.09960555020311279,0.6369483327468781,0.04430373537065946,0
-0.0023492352385768083,-0.0996039217079771,0.6270180338708705,0.04535542209849318,0
-0.002726232140019811,-0.09960186792521787,0.6449702685571246,0.06863302545474713,0
-0.002975141077898053,-0.09959785275307288,0.641055210854521,0.07691390774046936,0
-0.00215721188932552,-0.09960755242089243,0.6412497619665806,0.035381297447824256,0
-0.008776069649350364,-0.09961415863977273,0.6861187615548019,0.1930527247722307,0
-0.008287036573171959,-0.09952671269520146,0.6724328221102094,0.17774052697426052,0
-0.008634103641482732,-0.09955496643883184,0.6792757918325056,0.18539662587324562,0
-0.0072366527276860075,-0.09959536522119784,0.682963058216966,0.17453364415271078,0
-0.007398537709278015,-0.09963763022581214,0.6898060279392623,0.18218974305169588,0
-0.007911487061151837,-0.09968655060980536,0.6959306503722857,0.1922799078481633,0
-0.006558779440956554,-0.09957997818180395,0.6772547212778564,0.16268699144238455,0
-0.005814019611691542,-0.09960585344701962,0.6825610301927543,0.1572042379180662,0
-0.006399983429611362,-0.09961315859184862,0.6853740078007895,0.1670068763867728,0
-0.007374043258469363,-0.09955729949254066,0.6748437716940329,0.17021375920832255,0
-0.006076221126317691,-0.09956394969972407,0.6678797995371718,0.15086239706508744,0
-0.005218717297483888,-0.09956733667654638,0.6581935327131019,0.13382307904866048,0
-0.005637969673360356,-0.09956461776875886,0.6630366661251368,0.14234273805687397,0
-0.004930015238993062,-0.09958451147477587,0.6681912926420063,0.13402491266605154,0
-0.005276582474595387,-0.09958733070830232,0.6730344260540413,0.14254457167426504,0
-0.005645579181272215,-0.09959352300203843,0.6778735693224119,0.15129194072941765,0
-0.0063253315990862815,-0.09956992750221645,0.6725672604075141,0.156774694253736,0
-0.004585063250601507,-0.09958421208069275,0.66335120967754,0.1253410055204676,0
-0.00443347502780195,-0.0995759184303947,0.6485131494010864,0.11653569936689184,0
-0.003775383102260932,-0.09958453087592739,0.6388217200732813,0.09984102585499197,0
-0.0040926500552267734,-0.09958028089319597,0.6436674347371838,0.1081883626109419,0
-0.003955784072696947,-0.09958729013113064,0.6536670207463074,0.10822364807924867,0
-0.003676905171734343,-0.09958958953423316,0.6488213060824048,0.09987631132329873,0
-0.0034504247035928195,-0.09959125521748952,0.6429732240952207,0.09222280443185518,0
-0.00329356711861543,-0.09959052107123079,0.6277846547501044,0.08557922324187936,0
-0.003529084624965074,-0.09958753484252456,0.6333031874116928,0.09271012454843566,0
-0.0032466217980748795,-0.09959309792487475,0.6374546914336323,0.08509190312529888,0
-0.0030364425156769593,-0.09959518883399834,0.631385174170993,0.07740122785704984,0
-0.00286762470131352,-0.0995956511424906,0.6148084652466624,0.07193641868759375,0
-0.002442611004642212,-0.0996005431391422,0.6028818571241223,0.056015668132084036,0
-0.0022240436578004267,-0.09960396728667772,0.6115071884891837,0.03763383309945917,0
-0.0022368125808019056,-0.09960471676300396,0.6214306821269038,0.03693104787899098,0
-0.0021375405342276377,-0.09960537079413674,0.615684421507918,0.02796650980412633,0
-0.0020206997215841674,-0.09960535385505874,0.5999911495741254,0.02079606852758322,0
-0.002112557722934116,-0.09960478712584953,0.6057491690316545,0.029214950813521195,0
-0.0020630948557311493,-0.09960574975425811,0.609926402050389,0.01954762751818835,0
-0.002007584721960346,-0.09960590687983402,0.6040139516620093,0.011430450084023186,0
-0.001895429731144422,-0.09960580375794283,0.5884947741754336,0.004377462840116336,0
-0.0019702357483063725,-0.0996058854705625,0.5982657639626634,0.003221147240289743,0
-0.0019489814017017834,-0.09960567798250311,0.5942429618747795,0.012586765683849779,0
-0.0042577594225966684,-0.09958537546332032,0.6585110180215323,0.11669731567958327,0
-0.0048137473837172855,-0.0995713755780524,0.6533533410570942,0.12517938920777616,0
-0.0028591132085554944,-0.09959689638913995,0.6248970794192721,0.07057982557990704,0
-0.0026754498521663296,-0.09959881236378765,0.6187451786118898,0.06320950011302866,0
-0.002645320824736559,-0.099598312972818,0.6088451611853924,0.0639760434098389,0
-0.002493457998529023,-0.09960069782691444,0.6127818745506197,0.055249124835273805,0
-0.0023546831934409393,-0.09960287519990542,0.6170945402331505,0.04605820731896137,0
-0.002324221521418715,-0.09960236887035478,0.6071945228066531,0.0468247506157716,0
-0.0030773125411503394,-0.09959312554708251,0.6212965599983834,0.07875782096473655,0
-0.010561757915464959,-0.09944068216648116,0.6665320285254098,0.1950146595390509,0
-0.009567323481635505,-0.09941931991328541,0.653143161032559,0.18098201392421995,0
-0.010161535305328321,-0.09941538804781867,0.6598375947789844,0.1879983367316354,0
-0.008976113480436662,-0.09947120636955173,0.6627879915713841,0.17936127044924022,0
-0.00941830601779355,-0.0994844934938309,0.6694824253178095,0.1863775932566557,0
-0.010041106521679603,-0.09949460377236692,0.6763253950401058,0.1940336921556408,0
-0.007553616953961699,-0.09950780414750648,0.6587574467209467,0.1641236038961153,0
-0.008504185839224283,-0.0994692296121358,0.6559503038767529,0.1725528089101676,0
-0.007939334024487796,-0.09951290400786354,0.665595134415578,0.1709320654351879,0
-0.00710687638677464,-0.0995416916384377,0.6680060839994015,0.16340529766924994,0
-0.0067896781467544085,-0.09953866197252473,0.6633186231290593,0.1574930004806014,0
-0.0066152015762942235,-0.09952058069538075,0.6478910634603384,0.15007202371832662,0
-0.005888642511571863,-0.09954643320731252,0.6530422980867201,0.14194755138349355,0
-0.006400297282952395,-0.09953928039148983,0.6578854314987551,0.15046721039170702,0
-0.0070820823493440615,-0.09951296809823046,0.6533242550906426,0.15709781380722096,0
-0.005535040487822491,-0.099544542898157,0.6381960794351208,0.1334737778174943,0
-0.004564591021660676,-0.0995654470307553,0.6285242730063835,0.11614788912004545,0
-0.0037795110321352807,-0.09958047287589644,0.6188358512595086,0.09945407749487455,0
-0.004154507038066769,-0.09957354581399311,0.623680062132946,0.10780098330745999,0
-0.004156464251271688,-0.09957569660840673,0.6336729965398324,0.10799445748751871,0
-0.003807405832778588,-0.09958150447502785,0.628828785666395,0.09964755167493325,0
-0.003530302699455108,-0.09958572665743068,0.6233102530048065,0.09251665036837695,0
-0.0031973506847815395,-0.09958998905981094,0.608437727960483,0.08514923896694679,0
-0.0032691721621083006,-0.09958962263130403,0.6181111913552937,0.08536423110441307,0
-0.0030264743317017185,-0.099592947278092,0.6116230966035727,0.07854282882727026,0
-0.0027033539084618794,-0.0995969182157386,0.5996033384565682,0.07029888922226547,0
-0.0022864287450565283,-0.09960147664477731,0.5842653481723592,0.060115205120768025,0
-0.0024958441865612618,-0.09959929732928505,0.5919343433144637,0.06520704717151675,0
-0.0025644901444426076,-0.09959885994208077,0.6012425977903453,0.06315727867717476,0
-0.0023822981894243756,-0.0996007115063076,0.5935736026482408,0.058065436626426034,0
-0.0021012196972250885,-0.099603770279486,0.5918088318524192,0.03969861670801881,0
-0.002051969887950503,-0.09960463073994368,0.5958999907132723,0.030247342617801015,0
-0.0021801906009329785,-0.0996036416563407,0.6016580101708014,0.038666224903738985,0
-0.0022610522739738327,-0.09960236134302787,0.5973453444882708,0.04785714242005142,0
-0.002182630492819924,-0.09960267236207997,0.5880370900123892,0.04990691091439342,0
-0.004962156616973316,-0.09956172551721637,0.6433546144181036,0.12500473859219308,0
-0.005029147783011732,-0.09955567811227362,0.6333601762207521,0.12481083346876988,0
-0.004535309007779095,-0.09956920388283114,0.6385187112037349,0.11634179424346865,0
-0.005421293180245774,-0.09955380769134123,0.6481948060741114,0.1336484284330774,0
-0.0060565604671922665,-0.09953293133863314,0.6430435714477296,0.14177290076791046,0
-0.003478071002739236,-0.09958556648306606,0.6136367896099958,0.09230165823091066,0
-0.002797323226865995,-0.09959605040999796,0.6072059018516154,0.07111765395492961,0
-0.0029380448669416763,-0.09959379687755568,0.6040205332085256,0.07772406409460614,0
-0.00183360824109455,-0.09960563375175788,0.580237724188765,0.02270250430458708,0
-0.001956732490979675,-0.09960486066600117,0.5860232780205921,0.031200560506302946,0
-0.0019436049360757124,-0.09960533217508064,0.5901144368814452,0.021749286416085152,0
-0.0018563839866747856,-0.09960577250038224,0.5843662491820993,0.013539983572351708,0
-0.0016484143990756113,-0.09960649101089286,0.5689236871281883,0.006427187981086475,0
-0.0017878875853416013,-0.09960602058125673,0.5787092306518109,0.005402325410601406,0
-0.0017327478173456868,-0.09960614510676633,0.5745807056584766,0.014564846142836776,0
-0.011709578778375574,-0.09931206253438245,0.6469771203754761,0.1972732467138197,0
-0.010656720561071014,-0.09936413078362397,0.6500601407040175,0.18912763031901983,0
-0.011558126551344729,-0.09932980273122007,0.6567545744504429,0.1961439531264353,0
-0.010087777781616507,-0.09936287585948014,0.6336764376951409,0.1825568671187171,0
-0.008167922415327652,-0.09945732081481314,0.6399473269695536,0.16589721028256493,0
-0.009082665398559035,-0.09941485945221643,0.6368118823323472,0.17422703870064102,0
-0.008859705046661713,-0.09943716450354807,0.6465452440010563,0.17343961210339243,0
-0.009886346179741264,-0.09938611790022857,0.6434097993638499,0.18176944052146854,0
-0.01097770450881394,-0.0993258541969551,0.6403267790353084,0.18991505691626842,0
-0.007917612449823967,-0.09947867576135953,0.6493523868452502,0.16501040708934012,0
-0.007360671101517388,-0.09949185100134884,0.643919195214946,0.15798461700044578,0
-0.0067867058196462915,-0.09950140854466513,0.6278864784449886,0.15013094347419687,0
-0.006754931569318598,-0.09950752041892036,0.6378887709526635,0.15010148359626174,0
-0.007460166558681273,-0.09947998321190497,0.6339169027072711,0.1580140768783809,0
-0.006141124619604133,-0.09952450678033961,0.6330412789400547,0.1418023606458456,0
-0.005494604907349473,-0.09953988955763647,0.6182140459721367,0.13306580557111397,0
-0.0044073501141409675,-0.09956684154963905,0.608563254508245,0.11568913653968602,0
-0.0035445428442999107,-0.09958405902586613,0.5989550974785128,0.09886019967159707,0
-0.0028074235896811206,-0.09959545105343497,0.5891650618463233,0.08058227338208716,0
-0.002340975275667443,-0.09960167937886825,0.5716164962991718,0.07610014542745158,0
-0.002523275590492314,-0.09959892112627236,0.5867152050093413,0.0703487392514276,0
-0.0023186069844952978,-0.09960127418085217,0.5779409222357654,0.0681076752741098,0
-0.0025844876235950743,-0.09959854338963105,0.5803907790727476,0.07834120940476938,0
-0.005558180941306922,-0.09953992799486312,0.6282050627036287,0.13326979169430414,0
-0.006111657090924911,-0.09952230144827345,0.6230502622085626,0.14159837452265542,0
-0.005015986061384157,-0.09955336958194934,0.6233691594892601,0.12460684734557971,0
-0.004923881747664668,-0.09955472496698353,0.6133886502401908,0.1243774710554,0
-0.0045206536623497795,-0.09956472197441837,0.6185437637573142,0.11591851282986573,0
-0.004086409525294413,-0.09957383276776374,0.6136995528838768,0.10757160701728027,0
-0.0036898260649876166,-0.0995814125459551,0.6088954743690107,0.0991571385832358,0
-0.003953712023156569,-0.09957638500138569,0.6037591759933789,0.10727466810564154,0
-0.0033695881665231314,-0.0995869525392889,0.6036964127194979,0.09200471931927193,0
-0.0030195008079463913,-0.09959241641468773,0.5988013949034032,0.08286575617451697,0
-0.0031529445802293016,-0.09959050878393276,0.594060079662418,0.08972123652684211,0
-0.002759701564988111,-0.09959601123546838,0.5943842001514458,0.07544058130217632,0
-0.0018510021562947903,-0.09960555921958374,0.5629803873129194,0.05882574450542985,0
-0.0018250764088234759,-0.0996053154468572,0.5717044731170685,0.040837944820847995,0
-0.0018231506497025625,-0.09960545952843744,0.5759710986529167,0.03177022456271754,0
-0.001980140112503933,-0.09960437313325823,0.5817566524847438,0.0402682807644334,0
-0.002038778324941038,-0.09960373226408441,0.5779849106447139,0.050476574970808014,0
-0.0018345033406352404,-0.09960531516614006,0.567342430214994,0.04983184466313892,0
-0.002086300306788341,-0.09960339870063614,0.5736228677426394,0.05947047481309894,0
-0.0020791971752246743,-0.09960394577610074,0.5672984418060456,0.06746294496644072,0
-0.001517730064893742,-0.0996069944124017,0.5604276802918396,0.02432274524607912,0
-0.0016616114607871358,-0.09960629357009085,0.5660660767044541,0.032580345033463555,0
-0.0016907430997710228,-0.09960621402459958,0.5703327022403023,0.0235126247753331,0
-0.001576173359831974,-0.0996067526178275,0.564675683710014,0.015374966613582796,0
-0.001280569211578869,-0.0996079247955106,0.5493161652143279,0.00808973255525302,0
-0.001392473617195326,-0.0996075052170875,0.5548719227530838,0.016206238900666067,0
-0.0014785137453317844,-0.09960715195836349,0.559119926171258,0.007258460268169747,0
-0.01215957777444023,-0.09925797030136879,0.6274414338011367,0.1996932485171144,0
-0.010026178479141964,-0.09936469131933529,0.6137008194361561,0.18442723353123444,0
-0.008260863458454483,-0.09944378682207881,0.6208486744104308,0.16706827460455306,0
-0.009145864891243617,-0.0994057549515833,0.6272625560527858,0.1748125708616351,0
-0.010119344300512844,-0.09935788760587594,0.6236886285656484,0.1834920503249758,0
-0.009109579760169201,-0.09940699780655327,0.6172747469232934,0.17574775406789375,0
-0.012383356183554474,-0.09923030025970528,0.6372092770883064,0.19848324761546704,0
-0.01115440147801571,-0.09930644579520018,0.6305589357481388,0.19112505781791575,0
-0.011155409678958991,-0.09930362489208643,0.6205711266186464,0.1920602410241744,0
-0.008274564457544688,-0.09944566143126397,0.6303980006899922,0.16648274244355898,0
-0.007495079520043206,-0.09947474637838484,0.6243675764277097,0.15859960903937498,0
-0.006507834127881153,-0.09951058622424196,0.6078960224421456,0.14982249233889638,0
-0.005123295427281248,-0.09955214313590045,0.5982331338620105,0.1327128845157255,0
-0.00397776791267189,-0.09957833158487368,0.5886642583584052,0.11501169719222618,0
-0.0030595436597451627,-0.09959358336393731,0.5794882451971441,0.0966185091114733,0
-0.0024677401638969177,-0.09960468436468305,0.5598407620350464,0.09633309602043826,0
-0.0026716297639843224,-0.09959832734558965,0.575552370748158,0.08635932726946244,0
-0.0024088105722900113,-0.09960251559166967,0.5657286291671091,0.08621662072394493,0
-0.0027833466497975993,-0.09959898138584088,0.5696645036160952,0.09647580256595578,0
-0.005991707597286905,-0.09952548992422992,0.6130550342071411,0.14144414895500518,0
-0.0066979446931551756,-0.09950276117640917,0.6178912504435671,0.14997671790654662,0
-0.007349501386724775,-0.09948013154000283,0.6143723484262882,0.1584453834717247,0
-0.00534888943907155,-0.09954411782778953,0.6082235899170736,0.13288934504341973,0
-0.004760019124642098,-0.09955933342851753,0.6033981941851277,0.12420101052770575,0
-0.004518083110306002,-0.09956692359511454,0.5934486961102079,0.12386229085397583,0
-0.004223317947308727,-0.09957156968209865,0.5986137564333252,0.1153504168659561,0
-0.0037605688080494105,-0.0995808591967174,0.593809677918459,0.10693594843191162,0
-0.0033230687437926887,-0.09958842905733205,0.5892216713378284,0.09773935439153518,0
-0.0034893791051283066,-0.09958707378538668,0.5840762517777747,0.10581510315184973,0
-0.005780249548019249,-0.0995337150243121,0.603064578152078,0.14126768842731094,0
-0.002933240018310971,-0.09959423969255021,0.5843266535217337,0.08860039124678024,0
-0.0018296236939502838,-0.0996082969944538,0.551702487687624,0.07762250833622499,0
-0.0021032720895340666,-0.09960488311237653,0.5616594919933979,0.07686132688183828,0
-0.002125230323802125,-0.09960691101969105,0.5557716248613351,0.08697780217833162,0
-0.0018441609183034503,-0.09960652794457471,0.5573414375002717,0.06822412642082742,0
-0.0013027211105820456,-0.09961017020300426,0.5409598238315996,0.06099285618840907,0
-0.0014178965664870336,-0.09960784927722832,0.5513066234962053,0.04235465726622542,0
-0.0016222837129981412,-0.0996069231539675,0.5571435054045624,0.050590200885827635,0
-0.0015946031796375297,-0.09960784620780685,0.5519701055722595,0.059909300346919464,0
-0.0013618506355658774,-0.09960876419366424,0.5461332236639025,0.05167375672731725,0
-0.001550183413459835,-0.09960950205626265,0.5463311557596118,0.06930768226231702,0
-0.001636640323011474,-0.09960651189420108,0.5615055483066369,0.041596301043536704,0
-0.0014642339037920472,-0.0996073336984127,0.5558671518940225,0.03333870125615227,0
-0.0010886421995938743,-0.09960881860308872,0.5405102877099335,0.025691730957507892,0
-0.0012442850481312856,-0.09960842132819364,0.5459084556030693,0.034023194111866654,0
-0.0013155165706875815,-0.09960789577114476,0.5504689840008865,0.025007238101793505,0
-0.0011793354458995834,-0.09960833804912997,0.5449132264621307,0.016890731756380457,0
-0.000813837160448008,-0.09960945726215346,0.52967348007889,0.00926217077880227,0
-0.0009465671246424535,-0.09960913764731577,0.5350918838944118,0.01747695086815508,0
-0.0010576990474172666,-0.09960872221628188,0.539494822646609,0.008675951667027644,0
-0.01188901302617234,-0.0992907416089918,0.6079079889629149,0.2021313692806051,0
-0.01247597909905208,-0.09921869756008722,0.6176747113820258,0.20091230889885975,0
-0.010998679061101392,-0.09932109207154341,0.6108044041995355,0.19327930140591976,0
-0.009537977416663016,-0.09941289976917166,0.5961733438795003,0.18670827538568024,0
-0.007735844361424516,-0.0994747138069179,0.6001372709605297,0.16725666125575211,0
-0.008592190796630402,-0.09944612344698824,0.598155307420015,0.17698246832071618,0
-0.00882912469081034,-0.09942569898153376,0.6069190451983428,0.1758419473934933,0
-0.009826385889993555,-0.09938500616365531,0.6049370816578281,0.18556775445845736,0
-0.01074651740741274,-0.09934911410285407,0.6020406664212076,0.19441982233314267,0
-0.008063275349783709,-0.09945431793728868,0.6104929726854802,0.1671624679301526,0
-0.007104660821905477,-0.09949299549879173,0.6040166467013377,0.15853957679732425,0
-0.005864762502831271,-0.09954159617113176,0.5878919649019371,0.1497969084713814,0
-0.006753135639550312,-0.09951238870362134,0.5940146179312333,0.15852678486356675,0
-0.006231728198079134,-0.09952378237526258,0.5978939936720413,0.1498097004051389,0
-0.005494048562320128,-0.09954590805987527,0.5930625493819738,0.14125489649355344,0
-0.004449620056375746,-0.09957665348237228,0.5782684070955685,0.13228061965346197,0
-0.005116361017957478,-0.09956164290503333,0.5830801859987528,0.1410387640624217,0
-0.004820814787443123,-0.0995632933455713,0.5882507704787895,0.13249675208459372,0
-0.004216373381975694,-0.09957658137421008,0.5834663327269869,0.12364615842284407,0
-0.0033324302659249253,-0.09959563241905757,0.5687234782221746,0.11466987923662882,0
-0.002497167290037188,-0.09961432766638068,0.5487126003283265,0.11438534183912685,0
-0.0017278387777132486,-0.09961580726435841,0.5397656687058228,0.09647272777410357,0
-0.0011241830510017065,-0.09961520666988163,0.5299535831488056,0.07903311492716113,0
-0.0017905236873412187,-0.09961130482816935,0.5457340781967234,0.08704761805516428,0
-0.0014927651206226035,-0.09961195090826652,0.5408280354182148,0.07832781163169306,0
-0.0014050390367419804,-0.09961572702193194,0.5348596259273142,0.08775292135063234,0
-0.003681536775634672,-0.09958650412634869,0.5786938682902899,0.1148407882144275,0
-0.003200163951669203,-0.09959382068849197,0.5741058617096594,0.10564419417405105,0
-0.00287070732853894,-0.09960102465026123,0.5642821201286106,0.10550148762853354,0
-0.002935523280726064,-0.09960512229774268,0.5587180392752505,0.11452761053787783,0
-0.002494188678424719,-0.0996084424838183,0.5542766811816864,0.10535921892978256,0
-0.002085291348558842,-0.09961552679381123,0.5442391345170746,0.10542903480661521,0
-0.0021139029890179413,-0.09961045263636323,0.5498032153704346,0.0964029118972709,0
-0.0038568513738558127,-0.09958768121021197,0.5734959426588715,0.1234752494450454,0
-0.0012217393722806912,-0.09961227267421845,0.5354567034902026,0.0700129855577851,0
-0.0006496489355671953,-0.09961372502261998,0.5196011227036911,0.06185723103860305,0
-0.0008899351758996551,-0.09961048042472688,0.5304510680900173,0.043592710495497136,0
-0.0011655838264569333,-0.09960922709413177,0.5408788457931113,0.04297368388086128,0
-0.0010837768612867189,-0.09961042919685184,0.5357054459608084,0.0522927833419531,0
-0.0007755578404257317,-0.09961186316095699,0.5250260953968542,0.05272497076705009,0
-0.0009862666969274062,-0.09961216178838428,0.5302804732676454,0.061425043613506064,0
-0.0008713926457203393,-0.09961452960318296,0.5247773529262483,0.07044517298288208,0
-0.000989027536402571,-0.09960951851368868,0.5354806778999754,0.03464222072650251,0
-0.0005670856905327125,-0.099610366432488,0.5202558969210754,0.02655112253161791,0
-0.000721117338857187,-0.09961042977916268,0.5253534825055464,0.035071916513557524,0
-0.0008361742918500153,-0.09960967583647386,0.5303830923155044,0.0261214267445629,0
-0.00068749721063599,-0.09960984869608412,0.5249646884999828,0.01790664665521009,0
-0.0002819241002080594,-0.09961043366684769,0.5100054080127254,0.009870457454473215,0
-0.00042224560522405476,-0.09961035610258562,0.5151306524669004,0.01821078999304556,0
-0.0005535351652814949,-0.09961004849984646,0.5198394440458077,0.009566314116637742,0
-0.010911504955287768,-0.09940291273202621,0.5883592993452134,0.204443428867555,0
-0.008399549785464444,-0.09951205237643883,0.576796701311347,0.1885083361809605,0
-0.006688198938163207,-0.09954088535490103,0.578053839188775,0.1679479345743295,0
-0.008039496858540862,-0.09948679050357119,0.5871135915341377,0.17732810498000487,0
-0.0090183324483127,-0.09945975141096092,0.5864850225954237,0.18760830578332038,0
-0.007492840594141586,-0.0995277902141003,0.577425270250061,0.17822813537764498,0
-0.011831520726022416,-0.09929760881969789,0.5981336441540641,0.20328739907408006,0
-0.01029407254482675,-0.09939649003333895,0.5922663216123568,0.19557585212661763,0
-0.009668126680241888,-0.0994578984227298,0.5825780003282801,0.19647588252425774,0
-0.007277132301689207,-0.09950431155944477,0.5890955550746524,0.1676022979150408,0
-0.006279362112963858,-0.09953899555860246,0.582972902045356,0.15887242152285547,0
-0.004870972318473502,-0.099586022081983,0.5678878347354749,0.1494996642154175,0
-0.00467001752540048,-0.09957943522832327,0.5730781209155217,0.14089014193443972,0
-0.0054051160281472135,-0.09956292828784682,0.577889899818706,0.14964828634339944,0
-0.0057224021179752595,-0.09956739669594805,0.5729708369621249,0.1587237993948735,0
-0.0035288150921974877,-0.09960636669580357,0.5582097387265026,0.13199272345183058,0
-0.003441447837976932,-0.09959957745154907,0.5634666084743386,0.1233313013442297,0
-0.002978717456934566,-0.09961141001294192,0.5534611695274145,0.12318903264547872,0
-0.002416241510832314,-0.09963357327669344,0.5382304999668875,0.13161298233238006,0
-0.0015222034386484084,-0.09962954070867402,0.5287087194839304,0.11401918860610602,0
-0.0008509312610431245,-0.09962405425786963,0.5189867253704225,0.09653570301168728,0
-0.0003518755737332507,-0.09961889378005515,0.5091789262339435,0.07910185744502742,0
1.530984086388935e-05,-0.09961481456864589,0.49954755649652316,0.06154660939104922,0
-0.00030213876748721877,-0.09961205962293267,0.5100726549016726,0.04410872379198111,0
-0.0004656826313624878,-0.09961283964470775,0.5148368888026819,0.05298297741529208,0
-0.0006018091065349541,-0.0996114382295287,0.520261861495845,0.04385071714373912,0
-0.00043705647157333747,-0.09961109532718397,0.515164275911374,0.03532992316179951,0
-1.2548022870323346e-06,-0.0996109673650662,0.5000514831899218,0.026918415604756146,0
-0.0002870681334117221,-0.09961080841310345,0.5101536900554986,0.026734769068187027,0
-0.00014675700674329455,-0.0996114460015832,0.5050620690457972,0.03551356969836863,0
-0.004017367122477652,-0.09959133151860543,0.5682390729110356,0.13213667155264627,0
-0.004157727183851742,-0.09959821611419221,0.5630487867309888,0.14074619383362402,0
-0.00202328972084208,-0.09962263706288274,0.5387106599061284,0.11420226522261644,0
-0.0016422978599910521,-0.099621682905773,0.5342371940948766,0.1052459581901048,0
-0.001161306816387224,-0.09962685343880866,0.5238477224271765,0.10527744580889664,0
-0.001299920424796481,-0.09962051832039223,0.5293761970381226,0.09650421539289541,0
-0.001002075968862328,-0.09961906347393011,0.524470154259614,0.0877844089694242,0
-0.0005826797872155292,-0.09962136931359791,0.514082825802183,0.08781878022835735,0
-0.0007443309563326073,-0.09961749563655849,0.5195662546913745,0.07906748618609427,0
-0.0005116013525371958,-0.09961601723729337,0.5143900244688173,0.07047954424181524,0
-0.00015556957766946463,-0.09961668754378958,0.5043632413652333,0.07032423341803831,0
-0.00031939214313579255,-0.09961456710197844,0.5095743396001071,0.061701920214826136,0
-0.00015152788157089909,-0.09961329443086274,0.5048101056990979,0.052827666591515166,0
-0.002474369364540259,-0.09962241389159858,0.5434715501476071,0.12299916208575346,0
-0.0019365504811895034,-0.09963194481024634,0.533469609725409,0.12281608546924304,0
-0.002992317852265887,-0.09962072366066321,0.5482201193466951,0.1318028528921053,0
-0.0001411730831562418,-0.09961063315893917,0.5050284456013237,0.01839443652961468,0
0.00027300621429235313,-0.0996104409944021,0.4903279946487956,0.009875624368793443,0
0.000135462645815403,-0.09961063543930991,0.4951897389193587,0.018397019986774794,0
-4.511593551076813e-06,-0.09961056856491235,0.5001667013307605,0.00987304091163333,0
-0.00927757476757043,-0.09956870294641888,0.568781339891721,0.2064914852893641,0
-0.01048156466159733,-0.0994491669258461,0.5785703196184672,0.20546745707845954,0
-0.00891479270611251,-0.09952754888183131,0.572789020601534,0.1974999107351623,0
-0.006837841926318341,-0.09963353111122003,0.5575773575020339,0.19081105508771634,0
-0.008054937863386962,-0.09960278883998101,0.5631793486968775,0.19865127018854023,0
-0.007661654870543854,-0.09957248706405296,0.5671870294066904,0.18965969563433843,0
-0.006565628472220873,-0.09958740201471468,0.5649921964596999,0.17852242257061404,0
-0.006664255219171026,-0.09956034314909373,0.5715230178242374,0.17323517857247178,0
-0.007454383454860007,-0.09955404693892736,0.5708944488855234,0.18351537937578727,0
-0.006713571306812056,-0.09960735212073632,0.5612847769808669,0.18466673882916518,0
-0.005070777114020261,-0.09961576702266824,0.5574400601243891,0.16496564958780083,0
-0.00360947133323286,-0.09963154543440646,0.5478967364490851,0.14905875376915775,0
-0.002971740076694103,-0.09963366835483065,0.5430636182079863,0.14033586805076892,0
-0.003587435140702437,-0.09961665670729668,0.5530532375877939,0.14052573861049417,0
-0.004267863957274788,-0.09960938422161804,0.55789228559228,0.14927920899228764,0
-0.004296677114680653,-0.09962578311807889,0.5526683982867371,0.1570122016784793,0
-0.004991157190759998,-0.09959790635721166,0.562663947429932,0.15723265690160915,0
-0.005908121678493685,-0.09957946763260576,0.567746949656582,0.16645679208106517,0
-0.005782261754755499,-0.09960394818597251,0.5612161282920445,0.17174403607920743,0
-0.0011794256587631007,-0.09965187062318935,0.5182539587561364,0.13123180693319575,0
-0.0004621084883259983,-0.09963767623900018,0.5085891174443274,0.11371750648591471,0
-0.0009985411774064068,-0.09963467577680309,0.518648918464129,0.11386834754601036,0
-0.0006765335432330453,-0.09963016714001934,0.513787921407375,0.10512660474880099,0
4.997083450378923e-05,-0.09962652673715827,0.49889510936623477,0.09622053517845772,0
0.0004127699752608152,-0.0996186237097242,0.48919873110914475,0.07872933180467682,0
3.1305334749286246e-05,-0.0996192298639955,0.4991888286715441,0.07891559462485212,0
0.00020067942955612629,-0.09961659275339851,0.4943731438028339,0.07013797059786303,0
0.0006767277227441657,-0.09961351564995978,0.4794836597636799,0.06124114904618042,0
0.00030640262868674334,-0.09961205392600726,0.4897982598626697,0.044114845103051824,0
0.0005599504579866117,-0.0996103837444076,0.4800257155986514,0.02667012103533807,0
0.0008056897155685753,-0.09960947556647265,0.47065961767397485,0.009277338781187855,0
0.0006798173760156339,-0.09960986501945422,0.47534266663631314,0.017973729908262962,0
0.0005449065462288296,-0.09961006228999572,0.48049380616138526,0.00957648157499065,0
0.0004142142787808277,-0.09961036738032852,0.48517685512372355,0.018272872702065755,0
0.0002821072063730676,-0.09961081525654396,0.4900385993942866,0.02679426832004711,0
0.0001475449247315105,-0.0996114452868887,0.4949248715262957,0.03551663035390398,0
0.0004353915812961564,-0.09961110116018836,0.4849119877306606,0.035392483069194944,0
-0.001809065174138864,-0.09964415549177834,0.528242229361512,0.1314223946327879,0
-0.001374186818275352,-0.09963940502077347,0.5234813391200335,0.12262549776965088,0
-0.0007910166376762336,-0.09964445254510504,0.513421538100232,0.12247465670955524,0
-0.0021688893179950108,-0.09966747673102584,0.5279023342354373,0.1487551599845401,0
-0.0016354699962057555,-0.09965968712121435,0.5230781464957869,0.13999348345886792,0
-0.0023183773530162633,-0.09964832185374006,0.5330664171011624,0.14018407115846007,0
-0.0029075597253444296,-0.09965128528017443,0.5378995353422612,0.1489069568768489,0
-0.0004027895993657895,-0.09962602621034146,0.5089409173683286,0.09637811909507249,0
-0.00016743295079640007,-0.09962237921714694,0.5040370178000891,0.08766119631174257,0
0.0002467642226542565,-0.09962218797090475,0.49404692023768976,0.08747493349156726,0
-0.00018399857012685585,-0.09963168769500352,0.5037421134052811,0.1049690208321862,0
0.00016821067091119063,-0.09961328148977615,0.4946729081795964,0.05283072724705053,0
2.1423089642629657e-06,-0.09961226202463982,0.49993545738217116,0.04411178444751647,0
0.000349214877935647,-0.09961445409248167,0.48951560813010153,0.06139387921861482,0
0.0004813759571297813,-0.09961275956969211,0.4846409598131748,0.05267799707461612,0
0.0005543390495456933,-0.09961576116436296,0.4843411954364123,0.06998524042542863,0
-0.0070759072762110525,-0.09974934353778205,0.5491668371792392,0.2081512655447921,0
-0.004820511736059015,-0.09975230143259989,0.5383415371813723,0.19246945199348245,0
-0.005928786976020273,-0.09975236986076537,0.5437541871803058,0.20031035876913728,0
-0.005861411230916874,-0.09969585932466182,0.5479594473417031,0.19164025354059938,0
-0.0070368661870419316,-0.09967913464352512,0.5533720973406365,0.19948116031625424,0
-0.00849548941835815,-0.0996384798134865,0.5589740885354801,0.2073213754170781,0
-0.005003990429467685,-0.09966994866581262,0.547378585036233,0.1786465743494127,0
-0.004940008337090906,-0.09970667171517063,0.5428600611088027,0.18555801317144757,0
-0.005877636860826589,-0.09965570311154963,0.5524779712691334,0.1847288147185645,0
-0.00581518988386564,-0.09962969515125432,0.5561853907479665,0.17858449846001337,0
-0.005064858031541768,-0.09963924060617602,0.5524093225803111,0.17180611196860676,0
-0.0034946086988988066,-0.09967926104282823,0.5375806551162606,0.16585567738592658,0
-0.0016745984375769085,-0.09972203048359334,0.5175761401431237,0.16589622209692084,0
-0.0006218676702686546,-0.0996857560072653,0.5079067445133933,0.1483846393892846,0
0.00011460473923885203,-0.09965723282261009,0.49823467400011046,0.13087452019552176,0
-0.0005348452046220093,-0.09965631674754521,0.5082443163781234,0.13105316356435875,0
-0.0002014015741218911,-0.0996466759824114,0.5034118957222189,0.12229601334071824,0
0.0006130595048431917,-0.09963673228107897,0.48855345396924454,0.11336965125056664,0
0.0009389599557612129,-0.09962313559108153,0.4788730353156368,0.09586582777946606,0
0.000498938301811873,-0.09962553225610256,0.4888840723409358,0.09604318147896189,0
0.0007938545846032356,-0.09962916733030312,0.4837132446424407,0.10461773951501635,0
0.0003082231586075126,-0.09963133544341354,0.49372428166773963,0.10479509321451218,0
7.701265651933408e-05,-0.09963835674153233,0.498571285706786,0.11354357886824068,0
0.0003892764805647055,-0.09964603026012463,0.4933940639846775,0.1221220857230442,0
-0.0043146582088484904,-0.09964893400206319,0.5475103576203249,0.1654106634868637,0
-0.003580040218816306,-0.09965198858584713,0.5427386957826729,0.15745721557754216,0
-0.0027842788917145193,-0.099674187255514,0.532741494675849,0.15730541868523334,0
-0.0026015114275042958,-0.09970392546604413,0.5275783976296922,0.16587594974142372,0
-0.001957932302320841,-0.09969178832780362,0.5227392371892805,0.15732569104073046,0
-0.0011033021685132633,-0.09970302942486543,0.5127414423282586,0.15714043074310272,0
-0.0014031463232093324,-0.0996791596444346,0.5179045393744153,0.14856989968691234,0
-0.0009326478845993748,-0.0996672006564777,0.5130803516347648,0.13980822316124017,0
-0.0002192381251098627,-0.09967046379070366,0.5030707092567519,0.13962957979240317,0
-0.004211633187287906,-0.09967678472243433,0.5424796200762468,0.17225112586766964,0
0.000656728864277709,-0.09962083919773158,0.48403588321239077,0.08729757979207145,0
0.0011488521106628232,-0.0996148347684,0.4691775857867603,0.07836509126959937,0
0.001055368472510425,-0.09961842619504259,0.47402531055119856,0.08711545952453272,0
0.0007874658880843751,-0.0996171221966481,0.4791881584479525,0.07854721153713809,0
0.0008974459066964824,-0.09961424556423222,0.4743306227752201,0.06980312015788989,0
0.0012939604867481078,-0.0996101857801618,0.45926131879088483,0.060693703366120316,0
0.0008876463386249561,-0.09961050039209883,0.4696731722323575,0.04376176801704173,0
0.0010731150483721404,-0.09960888153823064,0.4601860371072162,0.02607327325479901,0
0.0007163414012459465,-0.09961044960929169,0.47484944391550443,0.035215944526189896,0
0.000979821625577702,-0.09960956362863771,0.46492960466978683,0.034917520635920365,0
0.0008243164448902497,-0.0996097161886065,0.47010587635293377,0.02637169714506854,0
0.0009343186868055085,-0.0996091744611604,0.4654228273905955,0.01767530601799343,0
0.0012738629118114418,-0.09960794445510981,0.4510163987724046,0.008113934749234658,0
0.0010501991760194689,-0.09960874257068306,0.46083800822318977,0.008695636765211257,0
0.0011682008005071858,-0.09960837586366322,0.4556012179398104,0.017093604002016833,0
0.0009941443555306216,-0.0996120448335804,0.46937248927728237,0.060967426206150366,0
0.0012277472728962893,-0.0996121298730699,0.46421945228882255,0.06952939731785984,0
0.000786706060939186,-0.09961179116535361,0.4745784159980187,0.052501458531611075,0
0.000602535502657613,-0.09961144278355054,0.47973571604751364,0.043938306560046776,0
0.0010788913511694431,-0.09961044488736161,0.46446724551162116,0.052227735691581026,0
-0.004433188880615796,-0.09990168585338709,0.5295171421655228,0.2093199305123607,0
-0.004703436068897538,-0.09981702395083444,0.5339293396734476,0.2008946912529216,0
-0.0059824602589180495,-0.099820890445089,0.539341989672381,0.20873559802857639,0
-0.0024267331326816,-0.09984174692407836,0.5185821780179004,0.1938279786522987,0
-0.003392385289942688,-0.09987219098524644,0.5240496600917116,0.20157395458232968,0
-0.0036470706765702947,-0.09980286723489173,0.5284618575996364,0.19314871532289057,0
-0.0030064032873534713,-0.09974512805677618,0.5274549948292057,0.17905659926817202,0
-0.0008296196624464665,-0.09978185754373946,0.5074984697194257,0.17868850204398382,0
-0.0019279403906955512,-0.09976878804605542,0.5174767322743157,0.17887255065607793,0
-0.0027529122439276963,-0.0997891535400017,0.523018586423553,0.18644228896023535,0
-0.0038608739021957603,-0.09975152448286805,0.532898266005289,0.18576302563082725,0
-0.004033323921629959,-0.0997110030230603,0.5374167899327194,0.17885158680879237,0
-0.0032837488915467153,-0.09970923748676047,0.5325178249727331,0.1724561383270493,0
-0.0023009114049921454,-0.09973439240247424,0.5225155674861647,0.17247641068254643,0
-0.00128803025140133,-0.09975029941731944,0.5125373049312747,0.17229236207045234,0
0.0002312444627267218,-0.09973330671271136,0.49757954429474205,0.16552631398200893,0
0.0009457973633590429,-0.09968273321786833,0.4879053735287662,0.14801744771140554,0
0.00016467814049680752,-0.09968695818359648,0.49790605902107976,0.14820104355034508,0
0.0004936597643614455,-0.09966930249470783,0.4930700237644383,0.13944598395346364,0
0.0013914188430768416,-0.09964859923597423,0.4782265318026472,0.13051116714991473,0
0.0011972193430244947,-0.09966383777942278,0.4830659526657067,0.13926430743066015,0
0.0007595473455659551,-0.09965459569493523,0.4882306029013788,0.13069284367271825,0
0.0009713834019747103,-0.09964257063988699,0.48338999288594586,0.12194040920024068,0
0.0016437009015386529,-0.09962719297876639,0.46854601622806724,0.11300654623028143,0
0.0015375171436152757,-0.09963654086821094,0.4733862740153572,0.12175885669009809,0
0.0011375331624046197,-0.09963292421146192,0.4785497350986559,0.11318809874042404,0
0.0012657693981613545,-0.09962533972670679,0.473709525771852,0.10443618700487375,0
0.0017655734432689006,-0.09961488950469906,0.4588673190403745,0.09550386231240013,0
0.0018159433491952508,-0.09960852166210492,0.4489313532493986,0.07795018395795121,0
0.0018233264718153538,-0.09960587990472809,0.4388494414918395,0.05991561958791998,0
0.0015725590563640866,-0.09960806307731579,0.44905538014136215,0.06030466147702015,0
0.0015380735229407318,-0.0996096096111304,0.4540963360201417,0.06932194366203576,0
0.0018221753413104975,-0.09960684437869263,0.4438903973706191,0.0689329017729356,0
-0.000724312648225514,-0.09973171325246723,0.5075778422189329,0.1657112680394649,0
-0.00023777216469196864,-0.09970774871713302,0.5027431444040678,0.15695547668564674,0
0.0006274716683173782,-0.09970574919349254,0.4927424589117541,0.15677188084670723,0
-0.0002610538146554651,-0.09975686195910546,0.5025390070070839,0.17210740801299637,0
0.0014364423449688489,-0.09961512382552361,0.4640224524135674,0.08693447679099975,0
0.001494809833086271,-0.09961188667498183,0.45905446951807943,0.07815763761377528,0
0.0017982487586092116,-0.09961110557351555,0.45389933614488653,0.08672702313517566,0
0.001363136457419965,-0.09961950562123463,0.4688701771780056,0.0956848450459331,0
0.0017174457326532319,-0.09962011192266193,0.46370666763422086,0.10425520427134077,0
0.0014044948831700985,-0.09960794701651898,0.44945269814115424,0.0429284580457092,0
0.001510555328630223,-0.09960702234883088,0.4400899040418185,0.025024197462369835,0
0.001454467601948489,-0.0996073897991407,0.4447713010914864,0.03397632775403952,0
0.0012295702664456107,-0.09960850094082697,0.4548193676241852,0.034500865650254106,0
0.0013041747482628303,-0.0996079467643739,0.4501379705745173,0.025548735358584422,0
0.0013846166677606445,-0.09960753200536801,0.4455531514071116,0.016569066105802246,0
0.0016436442504017567,-0.09960650003816125,0.43140824470078365,0.006458909021378126,0
0.0015696184778310033,-0.09960677056478875,0.43574907437130106,0.01574155324187398,0
0.0014727217731570505,-0.09960716770667181,0.44121232173659414,0.007286421885306392,0
0.0013506449833069509,-0.09960884332014303,0.45435700846601956,0.05181108070591476,0
0.0016007777970168135,-0.09960711963521551,0.4441510698164969,0.05142203881681459,0
0.0011567149693088219,-0.09960929112028262,0.45956293518675584,0.04334511303137546,0
-0.0015098647230817443,-0.09998860089289174,0.5098421182743784,0.209923614096859,0
0.00011621319195600126,-0.09986900427411151,0.4991142770581959,0.193806937460048,0
-0.000638029067625913,-0.09992623002477162,0.5044781976662871,0.2018652757784535,0
-0.0011590916356347767,-0.09986285004700751,0.5088482275380481,0.19381745805617334,0
-0.002030709750527235,-0.09990881154328764,0.5142121481461395,0.20187579637457886,0
-0.003090557142820519,-0.09995223087328743,0.5196796302199507,0.20962177230460985,0
-0.0015679908561463183,-0.0998118377080515,0.513040323868663,0.18625824034814126,0
-0.0003986058981304845,-0.09982245530669079,0.5033063733888108,0.18624771975201593,0
0.0013900563492968531,-0.09977399244245239,0.48734317207309236,0.17821903392700483,0
0.0002850155438656567,-0.0997836231378978,0.49742082089625905,0.17845376798549434,0
0.0008137261803693303,-0.09981882250659836,0.49322872456564415,0.18601298569352642,0
0.0007725285501949272,-0.09975353235227251,0.49246135818391723,0.1718726739545069,0
0.002098755985953089,-0.09971098057479336,0.4775909161267984,0.1647372932295722,0
0.0024501586421755528,-0.09965945669092109,0.4679060608386381,0.14764922212282383,0
0.0018812948114781032,-0.09965442180533272,0.4730662963206427,0.13908019463636928,0
0.0017110131946690467,-0.09967337354454574,0.4779057171837021,0.1478333349171147,0
0.002305363777075141,-0.09968219446094834,0.4727484884827182,0.15619325767619802,0
0.0014768993213710143,-0.09969669264210347,0.4827481448277823,0.15637737047048889,0
0.0011766436296721968,-0.0997259042794442,0.4875852302107702,0.16513180360579055,0
0.0017792941065516183,-0.09974026080977813,0.48246704409994534,0.17147816357828852,0
0.00258051495448512,-0.09962824647638834,0.4582275756141606,0.1301427924620087,0
0.00253685029476483,-0.09964163746438998,0.4630668182263994,0.13889600729241625,0
0.002001136869135757,-0.09963962910486485,0.4682270537084039,0.1303269798059617,0
0.002079425538256831,-0.09962833020566866,0.4633867959211139,0.12157466934614505,0
0.002571689599490674,-0.09961155737021386,0.44854900690956545,0.11263639540688986,0
0.0025896031563589703,-0.09961846070240117,0.45338829126186303,0.12138959393444927,0
0.0021239666509384495,-0.0996199136133234,0.45854751156881635,0.11282147081858565,0
0.0021420477164307288,-0.09961383106548,0.45370816297496996,0.10407012885964499,0
0.002481765987393062,-0.09960399939866905,0.43887041156176765,0.0951566464564003,0
0.0021402868018762515,-0.09960960271861725,0.44886886530107106,0.09533025438440021,0
0.002127485868998904,-0.09960675577908731,0.4439008824055831,0.08655341520717576,0
0.002356673453313819,-0.0996016653723671,0.42907654818294927,0.07762808058125956,0
0.002227693955318882,-0.09960203548340718,0.4186347696228034,0.05943511310083167,0
0.0022911993710778315,-0.09960161077646192,0.42385565890287635,0.06853159684104561,0
0.0020719416197793644,-0.09960414902685875,0.4339629948373944,0.06877185008458978,0
0.002042528740232911,-0.09960382057314303,0.42874210555732145,0.05967536634437583,0
0.0018168026357876347,-0.09960535805239513,0.4292925432890146,0.04181767563084071,0
0.0016251515260436707,-0.09960659462764813,0.4393726207150844,0.04237306683827496,0
0.0016532396916525036,-0.09960633123522009,0.43469122366541657,0.03342093654660527,0
0.0018323111284441551,-0.0996056008861189,0.4202611556021914,0.023785989291588892,0
0.0018928719216076107,-0.09960579224976916,0.41183657798572176,0.004414758788521244,0
0.0018532253112050563,-0.09960575800383882,0.4160488667939566,0.01410037404005507,0
0.0017280490781738911,-0.09960614700414165,0.4258347001514875,0.01512244915648351,0
0.0017841956637003667,-0.09960602023591081,0.42162241134325273,0.005436833904949685,0
0.0025338795757689023,-0.0996069134512859,0.44370970923566655,0.10389652093164509,0
0.002102692306970131,-0.09960505404662562,0.43900395071617393,0.07778913226960538,0
0.002421650204424361,-0.0996023565227483,0.43397347987235846,0.08639236351882992,0
0.0018178747674813046,-0.0996054636985888,0.43407099239042707,0.050866647609380346,0
0.0020077883327549507,-0.09960396709802467,0.423963656455909,0.050626394365836186,0
0.0016863688257942099,-0.09960621609986918,0.43017552982200497,0.024405093376979364,0
0.001819173257445818,-0.09960545044414636,0.424776849445603,0.032801832461214805,0
0.0015098643046715101,-0.09998860089921002,0.4901578846305079,0.2099236141418919,0
0.0007639283895105506,-0.09992539501205061,0.4946360808443519,0.20186527580096997,0
-2.336598964686283e-10,-0.09999999999999999,0.5000000014524432,0.20992361411937543,0
0.0027182442337236505,-0.0998324227832753,0.47905697803589153,0.1934686380885159,0
0.002195390124921376,-0.09990415117612204,0.4846074313331997,0.20169612611520388,0
0.0014260509345291762,-0.09985844377945897,0.4890856275470437,0.19363778777428195,0
0.0020061943934326443,-0.09980230956769481,0.4832000750544919,0.18584383600776036,0
0.0034723452344419268,-0.09972239986546136,0.46736084753388635,0.17707729428041818,0
0.002453690063120905,-0.0997526569935477,0.47735200980348935,0.1776481641037115,0
0.003149931843737757,-0.09977194920620122,0.47320891278488897,0.18527296618446704,0
0.0027487718623639672,-0.09971805909447659,0.4724758818303424,0.1709072937549952,0
0.0038311474153694164,-0.09966247234663907,0.4575997514051175,0.16406772688816068,0
0.00298754490572983,-0.09968940976047831,0.46759533376595797,0.16440251005886644,0
0.0030943938089110575,-0.09966233225388406,0.4627529061218778,0.15585847450549226,0
0.0038104641020940545,-0.09962149480623109,0.4479086224516602,0.14728005402887223,0
0.0031547841025361327,-0.09962626442143942,0.4530680990329104,0.13871142324544045,0
0.003153154766393252,-0.09964181001261979,0.4579073416451491,0.14746463807584803,0
0.0038431468218139793,-0.0996388054726163,0.45275418692838887,0.15567389045851646,0
0.003681131040103913,-0.09968952098601087,0.4624802994695019,0.17057251058428943,0
0.0036158129433646203,-0.09960118503439228,0.4382304607788948,0.1297734818146998,0
0.003726452162007477,-0.09960924070500338,0.4430695416152775,0.13852676792178603,0
0.0031213111928236584,-0.09961515929577239,0.4482290181965277,0.12995813713835425,0
0.003060790237110738,-0.0996075588685627,0.44338973384423014,0.12120493861079483,0
0.0033437341206914847,-0.0995938309968322,0.4285523111565404,0.11226688924313445,0
0.003486051024680884,-0.09959632401435915,0.43339138596771765,0.12102018552891713,0
0.0029803125066155773,-0.09960266759623745,0.4385506590330529,0.11245164232501215,0
0.002886560054196435,-0.09959981866362769,0.433711361359154,0.10371176784976738,0
0.003044321282136783,-0.09959340169146805,0.4188737574712236,0.09479159759704961,0
0.002784586456601663,-0.09959846840617308,0.4288720845164956,0.09497412202672495,0
0.00319507590232482,-0.09959303181769251,0.42371303431388196,0.10352924342009204,0
0.0026797507504651716,-0.0995981635033015,0.4239751528270864,0.08620983908915458,0
0.002768785588558993,-0.0995958820002318,0.40816168082947796,0.07732139102003108,0
0.0024823750408986553,-0.09959997554746503,0.39786863208321815,0.05852026191684546,0
0.002480473234313977,-0.09959939907759628,0.41339822522614067,0.06837825206043137,0
0.0023758532913927327,-0.09960069551848223,0.40825170085301077,0.05897768750883856,0
0.0026192039592895233,-0.09959791898000019,0.40301515645634806,0.06792082646843826,0
0.0025849140071060976,-0.09959845352229871,0.4186191145062136,0.07747473580064532,0
0.0029058981248104125,-0.0995943577798731,0.41351771915035074,0.08605649430854034,0
0.0021167383082792606,-0.09960356839504718,0.40855976501036123,0.04140767931112783,0
0.0021680310359744976,-0.09960274429950668,0.4135972673165823,0.05042139620597975,0
0.0022868169897543463,-0.09960201250232073,0.4032141985467897,0.04996397061398664,0
0.001984449297893129,-0.09960429494038481,0.4189261541496879,0.041612677470984266,0
0.0019627401585553036,-0.09960476198467011,0.4144104603062763,0.03259683430135836,0
0.0020319838323745545,-0.09960520502671281,0.4000732553749163,0.022806024966241574,0
0.002012026155294685,-0.09960625091066194,0.392294206881982,0.002105461905904704,0
0.0019502713539289419,-0.09960563082742105,0.405954916680319,0.01361039187738141,0
0.0020099086410904207,-0.0996058460042489,0.3961837311284492,0.01245574343607314,0
0.001968815930694554,-0.09960586149762267,0.40206539243385186,0.003260110347212974,0
0.0019490755947627677,-0.09960523873907412,0.41016720548855384,0.023296007128915233,0
0.0020661307098058354,-0.09960444527026877,0.40431651019263876,0.0321068521386847,0
0.004433188490378719,-0.09990168587070397,0.4704828605194097,0.2093199306346598,0
0.005028628458678993,-0.09974282535068162,0.459882842562385,0.19246512721042977,0
0.0048245024436963544,-0.09981161848299125,0.46518285154089734,0.20089252892254478,0
0.0038952878570306143,-0.09979296382863244,0.46946991029913826,0.19296688264947282,0
0.0035446113655863854,-0.09986580905698812,0.4747699192776506,0.20139428436158785,0
0.0030905567109006937,-0.09995223088664258,0.4803203725749588,0.20962177238827584,0
0.0042010415124765,-0.0997335889182673,0.46362184504813564,0.18477121074542396,0
0.005348443796411627,-0.09964343911741762,0.4473724431138469,0.1762645937590878,0
0.004443767736667925,-0.09968549695255605,0.4573666453238666,0.17667094401975297,0
0.0052380440035029304,-0.0996864641807643,0.45362764283811596,0.18436486048475878,0
0.004555214282951589,-0.09965541149709027,0.4524860972594822,0.17016616032362425,0
0.0053673656794335,-0.09959870244815983,0.4375998371836758,0.16387313240107346,0
0.004951457660680185,-0.09957783374797555,0.42791180312960986,0.1469106306815855,0
0.004243624173891831,-0.09959161627226726,0.43307113195425234,0.13834205624814266,0
0.004412777292695537,-0.09959972532939694,0.437910212790635,0.14709534235522886,0
0.005172101293498328,-0.09958549208171083,0.4327558201566428,0.1553918815413295,0
0.004541840007586312,-0.09961271029859287,0.442754229817668,0.15557659321497286,0
0.004630625190405224,-0.09963179286967704,0.44759979429439667,0.16397042964461706,0
0.00538154890665949,-0.09961804637922271,0.4424861401487613,0.17006886308008062,0
0.0044374581052515965,-0.09957414195115255,0.41823371510347157,0.12940625898464894,0
0.0038590585764361534,-0.09958548979104288,0.423393013130006,0.1208365741138917,0
0.004056777486398853,-0.0995872099362201,0.42823208794118317,0.12958987039967437,0
0.004698662799630661,-0.0995745007332199,0.42307275911654074,0.13815844483311723,0
0.0039136354401578775,-0.09957867734737486,0.40855563391539174,0.11190261467508963,0
0.0034269053695149708,-0.09958597763477565,0.3988729793063,0.0946496940201523,0
0.003665395548398842,-0.0995821762839651,0.40371430661084584,0.10327615434762097,0
0.0034546178235500694,-0.09958702907263921,0.41371469569330765,0.10334710613606962,0
0.0036565127756525454,-0.09958564312912424,0.41855397253596605,0.11208475195911205,0
0.004174050877660173,-0.09957578394608703,0.4133946745094317,0.12065443682986929,0
0.0032606582095414264,-0.09958911770965957,0.40887336838876176,0.09472064580860096,0
0.003078204687600425,-0.09959153927961667,0.403517330067889,0.08598554252009169,0
0.0029700461183987483,-0.09959384736241159,0.3879501368752329,0.07639086967348115,0
0.0025545829528143805,-0.09960114514006882,0.374718713690261,0.057014676652999405,0
0.002755077339949742,-0.09959767100870093,0.38133442528274697,0.06670277316324028,0
0.0027102684060148086,-0.09959726850782742,0.3929093844792255,0.0674555657951633,0
0.002545718932987392,-0.09960008080849475,0.38629367288673955,0.057767469284922435,0
0.002243956536834357,-0.09960378138325492,0.38776063378367465,0.03901039418512929,0
0.0020767531676627042,-0.09960640504301341,0.3805503256026722,0.019022773732158917,0
0.0021477531869621867,-0.09960525298524661,0.38415547969317343,0.029016583958644104,0
0.002129722812387417,-0.09960460421903566,0.3939169445792955,0.030908209575685432,0
0.00207072355906412,-0.0996056257708625,0.3903117904887943,0.020914399349200245,0
0.002034970906817061,-0.0996064212881986,0.3864222662423271,0.01056411781903181,0
0.002002952403512765,-0.09960797529587768,0.37276717496149375,-0.0003312769570631054,0
0.002023011425240924,-0.09960696216023321,0.38253069092173786,0.0008870924744207993,0
0.0020301230553899903,-0.09960729400730833,0.37665875028208295,0.009345748387547906,0
0.0028929730616224225,-0.09959435460052708,0.3980559088523554,0.07685613034675612,0
0.003191513521091291,-0.09958998024408229,0.39341155809076644,0.08552028184681673,0
0.0022001144781983724,-0.09960341312403374,0.39816019939701797,0.04020903674812856,0
0.00235401502107137,-0.09960198999624587,0.39281463293344643,0.04876532805098738,0
0.0023891195685082156,-0.09960259302428982,0.3812396737369678,0.04801253541906435,0
0.007075906954560056,-0.09974934356059915,0.4508331653730723,0.2081512657305875,0
0.00603512644747892,-0.0997464666189676,0.45535800396772863,0.20030819647050863,0
0.005982459896201097,-0.09982089046682734,0.460658012946241,0.20873559818262366,0
0.007146855014619738,-0.09961877738997812,0.4400157971501921,0.1916353379083417,0
0.006945571738297506,-0.09955603952152946,0.42814650190049686,0.17652344690464072,0
0.006584674541045015,-0.09953259358148366,0.4171145974210248,0.1630162271076411,0
0.006787942428832694,-0.09954086746691494,0.42263054966076086,0.1697698370061409,0
0.0061232022071152185,-0.09958031854958099,0.4328731695420863,0.1701982896528571,0
0.006183980806301417,-0.09960036753370399,0.43775947250717184,0.17639402033186424,0
0.006195474159073616,-0.09963418769683889,0.4436941201320195,0.18394996583371476,0
0.007080294056488945,-0.09958148356930697,0.4340811495253445,0.1840793924064912,0
0.006119960559406351,-0.09968407938034927,0.44994931985628855,0.19205023255938575,0
0.007217657401541996,-0.09967021784409649,0.4454244812616322,0.1998933018194646,0
0.006022194933741001,-0.09956455348067451,0.4273572173023503,0.16344467975435728,0
0.005725381063797723,-0.0995585098777793,0.42251320027531736,0.1549634288946133,0
0.005797169507881283,-0.09953929523073474,0.4078363359627245,0.14637068627918287,0
0.005080851620424605,-0.09955904615935773,0.413035025533098,0.1378884726319159,0
0.005414654761336624,-0.09955721719906459,0.4178740695461672,0.14664065848038418,0
0.006191639992353737,-0.09953446574810551,0.4124754666918746,0.154693456693412,0
0.004994748380203749,-0.09955415882568659,0.3982369789177245,0.12904277887104532,0
0.004246417974062817,-0.09957034335219624,0.388558336174643,0.11157194967098913,0
0.003591575473636208,-0.09958429767464776,0.37887557915164244,0.09432463280138252,0
0.003907903202584292,-0.09957766930480218,0.38371695766314273,0.10294829123618582,0
0.0035367924258733817,-0.09958432656712236,0.3888742792289712,0.0944871634107674,0
0.00381617884349338,-0.0995789767319334,0.3937156577404715,0.10311082184557072,0
0.004111660167320736,-0.09957343191260476,0.39855698504501735,0.11173728217303938,0
0.004425899498915114,-0.09956788694471096,0.4033963064165581,0.12047269677306748,0
0.004611120337656035,-0.09956237101164933,0.3933976575461838,0.12030736427101722,0
0.0047518993112141295,-0.09956285900295034,0.40823534701059805,0.12922451892784714,0
0.0053905301273739345,-0.0995462573934627,0.40303665744022454,0.1377067325751141,0
0.003262311814638816,-0.0995895703665419,0.38341285801343766,0.08535775123743183,0
0.0030131954148492623,-0.09959543456748467,0.3692032422141302,0.07651457901990656,0
0.0030122848416630093,-0.09959415355029341,0.37857668954468154,0.07645272434669385,0
0.0027642608465657547,-0.09959864870156546,0.3719609779521956,0.06676462783645298,0
0.0026719790718285306,-0.09960172284402388,0.35941606867371023,0.06491421037118678,0
0.002840070428041969,-0.09959871573079165,0.36430965544392024,0.07071439469554666,0
0.002621945126101547,-0.09960121177399836,0.3670673911819856,0.06096444351209309,0
0.0023312287794479383,-0.09960632917686446,0.3544810959875255,0.04955685083387322,0
0.0022040588445873055,-0.09960604507418638,0.36845192423526474,0.03533439392549272,0
0.00224051097572101,-0.09960470392050623,0.3781062790094697,0.037172394055311,0
0.0021333383190862217,-0.09960627466169772,0.3745011249189685,0.02717858382882582,0
0.0019975268781284145,-0.0996088877222617,0.36106144550901315,0.01562752157008367,0
0.0020885936294933135,-0.09960763489994898,0.36475668487213897,0.025480957747788198,0
0.0020522485590758997,-0.09960750181702778,0.3708058855558427,0.017325147651121295,0
0.0019932906459932324,-0.0996084777606747,0.36691431023525345,0.007648122306510282,0
0.0018762899107150686,-0.0996107473150851,0.353238032759538,-0.0027514486287292406,0
0.001953380394270001,-0.09960925468009402,0.36300260386051586,-0.001541362792896173,0
0.0019290256752250332,-0.09960989375520748,0.3571497391342756,0.0064380364706772145,0
0.0032892543955605927,-0.0995903018512004,0.3740394106828863,0.08541960591064454,0
0.0023603109189831903,-0.0996039240073382,0.37158531896276287,0.04617453528924606,0
0.002267209703688834,-0.09960609928875108,0.3614665101113951,0.04244562237968297,0
0.002459868940967738,-0.09960354331488627,0.36459990483889326,0.05328576374343631,0
0.002490737534154039,-0.09960425912511695,0.3569485823306179,0.05723553060253,0
0.009277574524399907,-0.09956870296907681,0.4312186625324201,0.2064914855210821,0
0.008705957596126761,-0.0995070963785619,0.423389249770698,0.19176800781413073,0
0.008941221977846898,-0.09944457235592843,0.4076958102085597,0.18325005870726221,0
0.0074963021061221395,-0.09948083194335035,0.3975965775455853,0.16367837088530912,0
0.008205944081301873,-0.09946153529662127,0.4026461938770725,0.17346421479628565,0
0.007086991378615902,-0.09950433673053781,0.407355587483305,0.1633472989964751,0
0.0076826248561551016,-0.09949576311930265,0.4124052038147923,0.17313314290745166,0
0.007960560788359754,-0.09950269578406587,0.4179211560545283,0.17988675280595146,0
0.007778314591967317,-0.09953495716396484,0.4257678758355974,0.18414572735938572,0
0.008866244702653013,-0.09947129293173305,0.4155425299896288,0.18750903326069646,0
0.008215803187579428,-0.0995938007467384,0.43561722984130613,0.1990634117147119,0
0.00849548913103103,-0.0996384798379849,0.44102591395274615,0.2073213756258348,0
0.007946521463036198,-0.09956429637803618,0.431702523460445,0.1917016728612362,0
0.009071892346953646,-0.09952615810035494,0.42730395615155903,0.1991297466676064,0
0.006602574554329232,-0.09951361482948244,0.4027164567541549,0.155024528582246,0
0.006316966962006726,-0.09951561495166769,0.3879243891848557,0.14616989102901565,0
0.005248046611595346,-0.0995470304273954,0.3782405458936665,0.12866512704309355,0
0.004315535694238154,-0.09957173488288161,0.36856149456770443,0.11121636776016976,0
0.004764453175388752,-0.09956027141329292,0.37340102023068544,0.11994074740163166,0
0.004724204313163161,-0.09955974563125664,0.3833994410341548,0.12011853835704134,0
0.004314752379701947,-0.099569727402582,0.3785599153711737,0.11139415871557945,0
0.00393797380281694,-0.09957845277071821,0.37371853685967343,0.10277050028077614,0
0.0035210990093907115,-0.09958957394754103,0.3588834853410449,0.09371200663283492,0
0.003900658836349128,-0.09958147583441154,0.3637224899543747,0.10246418719650234,0
0.0035845659100138057,-0.09958609167667126,0.3688795322463437,0.09401831971710872,0
0.0032558677860775615,-0.09959262551059718,0.36404336377758756,0.08511329282637074,0
0.0028902779443620357,-0.09960126441522749,0.3490046300782149,0.07724330030537668,0
0.0031916413950341975,-0.09959599971476074,0.3539440577096299,0.0854776534691058,0
0.002975956883039912,-0.0995977944381809,0.35910393614617253,0.07687893966264162,0
0.002780553760730431,-0.09960136011839334,0.3542103493759626,0.07107875533828173,0
0.002362012437305416,-0.09960884542474033,0.3394276181991043,0.06026841576722965,0
0.0019309328260944082,-0.09961322023566377,0.33112130700881603,0.04129375958845574,0
0.0020366664543251148,-0.09960971383055116,0.3492496244938492,0.03136187849396549,0
0.0019945029519711456,-0.09961124951673775,0.3401854657513326,0.036327819041210616,0
0.0021707930415369803,-0.09960822944202329,0.3518653602406874,0.040459364663919355,0
0.002148154674779745,-0.09960976691980457,0.3428012014981707,0.04542530521116448,0
0.0021310582168146343,-0.09961134491877999,0.33527446260396015,0.050781087677842694,0
0.0023541020814427504,-0.09960733322270797,0.3469543570933149,0.05491263330055143,0
0.0025343130835572118,-0.09960511539866033,0.34942184343640725,0.0625913130692082,0
0.0026121641385740404,-0.09960550410670874,0.3442161241386596,0.06875585803630316,0
0.006102162764596399,-0.09952507027757435,0.3978803625737901,0.14627028865409925,0
0.005623647149915581,-0.09953694175711135,0.39308068405129015,0.1376063349500305,0
0.0057668197284457675,-0.09953204668223908,0.3830824675392611,0.1374175090360546,0
0.005161147439758604,-0.09954872205603446,0.38823876240569555,0.12885395295706942,0
0.006895086555226807,-0.09949826724738038,0.3927604833652205,0.1549241309571624,0
0.002134836403344119,-0.09960774766227344,0.358850774364557,0.03334813620972911,0
0.0020124484809506188,-0.09960928037573473,0.35515553500143116,0.023494700032024578,0
0.0018144594266715972,-0.09961212640725117,0.3424362381758018,0.012114217875942322,0
0.0016484145008541927,-0.0996141261873835,0.33368979872050014,-0.005011852011701476,0
0.0017738052962052568,-0.09961239449216748,0.3434639157400191,-0.0038816503202153585,0
0.0018406172283174462,-0.09961144273710285,0.3478371354676699,0.004681384623606541,0
0.0017259866930024973,-0.09961316805382202,0.338063018448151,0.003551182932120423,0
0.0019179571266392478,-0.09961043434224949,0.3517488418424075,0.013870869723012996,0
0.001914191302844141,-0.09961105369962633,0.3458429313348255,0.021738048184953906,0
0.010911504796168515,-0.09940291274949248,0.4116407029594826,0.2044434291270096,0
0.011889012952117224,-0.0992907416178591,0.392092013242154,0.2021313695513354,0
0.009953195993120957,-0.09941662355156022,0.4096682565840212,0.1938467439171359,0
0.010437201414696584,-0.09936708490153737,0.3998939117253568,0.1926907141292988,0
0.011831520610758171,-0.09929760883343165,0.4018663581008183,0.2032873993391725,0
0.010481564459165423,-0.09944916694718144,0.42142968274595133,0.20546745732404587,0
0.0098407515539365,-0.09945388600423194,0.4175149763650903,0.19810571847057018,0
0.009907636481545419,-0.09936942664432677,0.38463919896284726,0.18304151736199287,0
0.007967125542476026,-0.09945610192032475,0.37660598761627256,0.16376238712876753,0
0.007796249436919669,-0.09946368700883446,0.3871012825809289,0.16372037900703834,0
0.00889544805488677,-0.09941624516090723,0.38062259328955994,0.1734019522453802,0
0.008635287241408138,-0.09943214083150295,0.3911178882542163,0.173359944123651,0
0.009501133623410686,-0.09940106433123162,0.3961675045857035,0.18314578803462755,0
0.010940665336136173,-0.09932295839563757,0.3883656061025006,0.19258644345666415,0
0.007105431889782518,-0.09948858676053748,0.3822651884005641,0.1549661390788916,0
0.006434441452480974,-0.09951488828270841,0.36775502937798465,0.14567704385447033,0
0.007171074025377967,-0.09948778089094189,0.3721805084971286,0.15471971549161895,0
0.006426481042557002,-0.09951211832147032,0.3778397092814202,0.145923467441743,0
0.005817178323250313,-0.09953211905696471,0.3729977876358256,0.13717108544878193,0
0.005169329239391217,-0.09955584058079793,0.3583166225890097,0.1281786880559429,0
0.004110655037972374,-0.09958348284382697,0.3485656106955338,0.11080869507673505,0
0.004615690935029656,-0.09957113910185922,0.35344111664227174,0.11949369156633897,0
0.004726522899896572,-0.0995641390362289,0.36343905857835707,0.11969752790805632,0
0.004246924471651347,-0.09957638737338181,0.3585635526316191,0.11101253141845241,0
0.003805927959494338,-0.09958645934184504,0.35372454801828934,0.10226035085478499,0
0.003235642833528068,-0.09960088255257278,0.3388877515124044,0.09329563401545196,0
0.002534500680918892,-0.09961107314648629,0.32899272105105876,0.07606305444021297,0
0.00286585180669032,-0.09960670431329076,0.3339402362817316,0.08467934422783246,0
0.002733408934902171,-0.09960588562855827,0.3389986755646368,0.07665317737279483,0
0.0030586843266209307,-0.09960082857401109,0.34394619079530964,0.08526946716041432,0
0.003405509763231801,-0.09959455853373483,0.34888561842672466,0.09350382032414345,0
0.003650319685261525,-0.09959327952577568,0.3437266811039691,0.1020521645460935,0
0.005249864115966131,-0.09954943190568949,0.3682785842413381,0.1284219075495182,0
0.00577579744312601,-0.09953722213440609,0.36303582598349715,0.13692786595520662,0
0.0024469621939826624,-0.09960968370318476,0.33421016962508154,0.06816573510372131,0
0.001972797089755477,-0.09961650380834515,0.3193122363125808,0.05841852958721296,0
0.001542174170506864,-0.099619144912566,0.30980166945683135,0.04131174789902823,0
0.0017447767669508303,-0.09961806202941666,0.3145569528847061,0.049865138743120596,0
0.0017516297459330501,-0.09961617034557622,0.3204614882328237,0.04130275374374198,0
0.0019519256484323716,-0.09961458793432769,0.3252167716606984,0.049856144587834356,0
0.00218337414573188,-0.09961261605404498,0.3293699272558426,0.0593434726772213,0
0.0022366645743336997,-0.09961424404526413,0.3241524786818198,0.06724079201371297,0
0.0015497235574126367,-0.09961670935327352,0.3181979016063242,0.024695954012916257,0
0.0015533133755334788,-0.09961559433485313,0.32421898842891916,0.009134533121350003,0
0.0018069446192944534,-0.09961319170992745,0.3342512214712364,0.02556452138509565,0
0.001674189194721034,-0.09961448084944202,0.3292351049500778,0.017349527253222828,0
0.0018072852014676302,-0.09961263066009367,0.3383437298235191,0.018839369630518986,0
0.0016932974692700626,-0.09961385248741829,0.3333276133023605,0.010624375498646163,0
0.0015975928410004018,-0.09961483741430006,0.3289543935747097,0.0020613405548242634,0
0.0013386591119951597,-0.09961757516776892,0.3141098237316705,-0.006977253010420732,0
0.001442293238235706,-0.09961660622716814,0.31916440608029484,0.0010786400554646356,0
0.0015024615114220285,-0.0996158771609342,0.32389981122608535,-0.005994552511061104,0
0.001543398892437098,-0.09961777563481762,0.3139997855315778,0.03300385095597225,0
0.0017329361732465812,-0.09961516539566667,0.3246596043075701,0.032994856800686,0
0.001685989781994578,-0.09961494716592147,0.3262245615387803,0.025130237699005954,0
0.0018613784491202522,-0.0996132054971253,0.33268626424002623,0.0334291404867757,0
0.001928190322329847,-0.0996114536240676,0.3417504229825428,0.02846319993953057,0
0.012159577780880653,-0.09925797030057966,0.3725585682950345,0.1996932487804034,0
0.009877947188776357,-0.09937488704904106,0.36477631227321705,0.1808890464158389,0
0.007775654782356014,-0.0994761989842303,0.35662998358747594,0.16235934034076707,0
0.008774607160428336,-0.09943111099139788,0.3607031479303465,0.17162419337830298,0
0.00888384380702339,-0.09941856237233009,0.37069114994474484,0.1723257167723032,0
0.007934778336677953,-0.0994612685094154,0.36661798560187425,0.1630608637347673,0
0.007084101639534369,-0.09949621518756667,0.36219250648273027,0.1540181920976187,0
0.00608899808800301,-0.09954052936737653,0.34757148672994354,0.14450401415073064,0
0.006892625464694056,-0.09951192961619244,0.35210073515870977,0.15343167724574885,0
0.006312983240738912,-0.09952480296114609,0.3576632580539641,0.1450905290026005,0
0.005617906207043429,-0.09954796815300809,0.35294405465947665,0.13634135110333678,0
0.0047451676413165994,-0.09957986025880296,0.33833365561046397,0.12739413480836104,0
0.0036436053687169253,-0.09960350857257645,0.32856927805145597,0.11042502136663354,0
0.004165405866285871,-0.09959336449508972,0.33345146683095994,0.11890957808749729,0
0.004421167479903727,-0.09958117802056618,0.3434496331529989,0.11910141494254804,0
0.003908795886718052,-0.09959268309136894,0.3385674443734949,0.1106168582216843,0
0.003436763768461617,-0.09960158563659809,0.3337285147819302,0.10186032769104275,0
0.002745334344794781,-0.09961616055078826,0.31889132959375094,0.09291593408453035,0
0.002639955182393406,-0.0996130795726276,0.32394202532240485,0.08448949426237165,0
0.0030147094273436418,-0.09960821108239763,0.3288895405530777,0.09310578404999115,0
0.0031677652332450165,-0.09961094276338327,0.3237303038226035,0.10167047772558194,0
0.01107066777051536,-0.09930876573127298,0.3785988836289409,0.19136738307119813,0
0.012475979069041307,-0.09921869756386063,0.38232529076859423,0.20091230916586938,0
0.00995413536148902,-0.09936648353135046,0.37470775561803216,0.18196528188891586,0
0.011052252588083044,-0.09931217335531492,0.3686674402841258,0.19029114759812116,0
0.0049973205093996505,-0.09956624834208161,0.34832513909973684,0.12778641143215197,0
0.005383886510079638,-0.09956261986159859,0.3429525711702037,0.13594907447954585,0
0.002042142954159116,-0.0996219167500817,0.3092133757676542,0.07540674010286706,0
0.0023716718474337366,-0.09961967650821169,0.31405235268070253,0.0841613370936987,0
0.0023057793108846253,-0.09961647429789262,0.31910304840935644,0.07573489727154001,0
0.002008816381098646,-0.09961878313907639,0.31426280604011747,0.06691263484504001,0
0.0014965591391108274,-0.09962390034636429,0.29949873719167985,0.05792444341062568,0
0.0017476788049597947,-0.09962029572127662,0.3094054867521303,0.05817148649891932,0
0.0017518493918422674,-0.09962323690728399,0.304356056479667,0.06666559175674637,0
0.0015216805303465307,-0.09962121642600667,0.30465020332425563,0.04961809565482696,0
0.0010794252721881869,-0.09962414807563066,0.28983288001534124,0.04100879172759755,0
0.0013204938036282675,-0.09962178457975598,0.2998172747360863,0.04116026981331289,0
0.001275405192846169,-0.09962416022218276,0.29466580860351055,0.04946661756911161,0
0.0011543561367596356,-0.09962086954643931,0.29804909482505004,0.024330122067844812,0
0.0012304521224649615,-0.09961891149963449,0.30589280762090965,0.00789245992469471,0
0.0011903405842592885,-0.09961977455424735,0.30197095122297984,0.01611129099626976,0
0.0013842427862373991,-0.09961790361890616,0.31204535461361693,0.016294206968805486,0
0.001361699813667721,-0.09961886612375875,0.30812349821568713,0.024513038040380533,0
0.001338862926413493,-0.09962015630850435,0.30392538214094067,0.03282093498343652,0
0.0011171128978499521,-0.09962231292527167,0.29394098742019564,0.03266945689772118,0
0.0015468617244342798,-0.09961609748173841,0.3212084450176217,0.01691524356713313,0
0.0013994991811770838,-0.09961729725848763,0.3150558980249144,0.008513496523022357,0
0.001281896437459613,-0.09961819038697543,0.3100013156762901,0.0004576034571369893,0
0.000967225659459507,-0.09962057326599434,0.29449280791576216,-0.008527898826917528,0
0.0011593506345648258,-0.0996191613074443,0.30430131582371633,-0.00775257591866913,0
0.0010952697788720557,-0.09961975235855244,0.3001928077683359,-0.0003177194511114088,0
0.011709578857161961,-0.09931206252509299,0.3530228816138251,0.1972732469543295,0
0.012383356232570494,-0.09923030025358842,0.36279072495442977,0.19848324786736643,0
0.010846477078224365,-0.09933476755480732,0.3588995969435211,0.1890811466850842,0
0.009299723988017981,-0.09943475792552156,0.34520135874434316,0.17920454537081912,0
0.007030705868984769,-0.09953300385958071,0.33642709797911485,0.1603948927491061,0
0.008098619064410001,-0.09949100205488992,0.34081422836172903,0.1697997190599626,0
0.007464636885923953,-0.09950090177843415,0.3465285407832954,0.16137711654493658,0
0.008515442987282582,-0.0994553828371326,0.35091567116590955,0.1707819428557931,0
0.009647968866747013,-0.09940006394856121,0.35498883550878013,0.180046795893329,0
0.010521862917076217,-0.09937234003404273,0.3491121201790841,0.1882388961625743,0
0.006555630618331428,-0.09953532716414572,0.3419992923545292,0.15244945344991837,0
0.005356100148854077,-0.09958518956304582,0.3275052388828707,0.14340284228569913,0
0.005769627211527802,-0.09956101937246556,0.33753836280640714,0.14395342821821488,0
0.005051437145990789,-0.09958107621670713,0.33291944724666733,0.13539848854703007,0
0.004043296108928154,-0.09961354830532036,0.31825628235630393,0.12725962357689283,0
0.004431799725642685,-0.09959581034444778,0.32829496898338395,0.12732687919262692,0
0.0038455493739884723,-0.09960726960522227,0.32341278020388,0.11884232247176318,0
0.002939980454585756,-0.09962754935449356,0.3085727552516227,0.11005141546870709,0
0.0034573267846391463,-0.09962209702340563,0.3134145188039633,0.11865551952279996,0
0.0033190440551973868,-0.09961536093609545,0.3185710166515393,0.11023821841767031,0
0.002847440223569901,-0.09962082600894172,0.3137320424226868,0.10148367477661871,0
0.0020792663966301486,-0.0996321042014922,0.29889475622139294,0.09254397453148434,0
0.0020668351605034893,-0.09962626110006431,0.30405406599452356,0.0839753573171757,0
0.002431881424566788,-0.09962428148991812,0.3088930429075719,0.09272995430800735,0
0.002480767183121984,-0.09963066014790514,0.30373375573650785,0.10129769500009572,0
0.006148823078611438,-0.09956283161375117,0.3319661684309928,0.1518988675174026,0
0.004664244039531526,-0.09960167328400316,0.3228807606195873,0.13533123293129598,0
0.0014243375026478703,-0.09963194199883897,0.2892106342464749,0.075040913008872,0
0.0009295630340858864,-0.09962990371110213,0.27952730707491796,0.057647721809589623,0
0.0011599017420470933,-0.09963104322096422,0.28436897066069644,0.06634431740923082,0
0.0012223247426991156,-0.09962717567162488,0.2895130221332989,0.05778608261010765,0
0.0014666555406840224,-0.0996274139099513,0.2943546857190774,0.06648267820974885,0
0.0017469126873742502,-0.0996271924152201,0.2992120050070646,0.07522382655586954,0
0.0017291044012041723,-0.09963240060055734,0.29405269523393396,0.08379244377017817,0
0.0010101994505808964,-0.09962671297502079,0.2846800935451296,0.049328256768593585,0
0.0005520559631798296,-0.09962747767358665,0.2698533076624932,0.04021805022476873,0
0.0006971218785217253,-0.09962397475601159,0.2780889623290202,0.023483049963088094,0
0.0008348886204295671,-0.0996218247700135,0.2864803159156376,0.007588674393665912,0
0.000988244882966765,-0.09962139201259108,0.2922647053703438,0.015959398230755362,0
0.0009317841716717137,-0.09962259038505249,0.2880690285770351,0.023906586015466455,0
0.0007667080374735531,-0.09962277321303507,0.28228463912232893,0.015535862178377003,0
0.0008211672537660682,-0.09962606948654015,0.27984309383891726,0.04061342097618314,0
0.0006275049206701005,-0.09962552912047033,0.2739711349957567,0.03185055009392841,0
0.0008781166507090126,-0.09962412539291556,0.28396092117218075,0.03224592084534282,0
0.0007284640158737309,-0.09962867577689692,0.2746903073687056,0.04893288601717918,0
0.0010389204918225118,-0.09962047477046554,0.2961865617682736,0.007740567159180312,0
0.00089956931229421,-0.09962111071063229,0.2904865619156999,-0.00046961221662580833,0
0.0005539188676122583,-0.09962269572392027,0.2748422253386977,-0.009567292415520331,0
0.0007645537902303524,-0.09962176662155418,0.2846675166272299,-0.009047595621218929,0
0.000690460627687642,-0.09962223922424289,0.2806612706271676,-0.00098930901092721,0
0.010561758054509124,-0.09944068215171332,0.3334679733597575,0.1950146597444102,0
0.008034238227801343,-0.09954333131008589,0.3250819773945694,0.17682698405848266,0
0.005889821450943318,-0.09960878064539695,0.31645794106859987,0.15902559249939927,0
0.006892804548923346,-0.09958225841097282,0.32076995923158463,0.16792628827894096,0
0.007531034693573894,-0.09953486973162347,0.33075453768684215,0.16861093840379437,0
0.0065143797334955515,-0.09956922884280954,0.3264425195238574,0.15971024262425268,0
0.005633170450353037,-0.09959401272169449,0.3219815899757353,0.1512142173925492,0
0.004256703214978793,-0.09964026292091141,0.3068358982843847,0.14265300117325241,0
0.003003539574599664,-0.09965028417840152,0.2976838236166528,0.12620638049528868,0
0.003589541326726181,-0.09964702902698716,0.3022598609505187,0.13442969083427053,0
0.0041657809175416486,-0.09962452209297636,0.3125460903203443,0.1349563123750726,0
0.0048497829197015055,-0.09961234097379698,0.3171705685836277,0.14302792172947576,0
0.0050248571266442036,-0.09962788785384921,0.3116469196764923,0.15083929683632585,0
0.0115581266690193,-0.09932980271752759,0.3432454274867913,0.19614395334936985,0
0.009999944048889032,-0.09942578631568678,0.3393346660520503,0.18710960255761466,0
0.009293637650292516,-0.09949365061605119,0.32927497537716344,0.18592082190144643,0
0.008723469796520077,-0.09948673482898938,0.3351416680694563,0.1780157647146509,0
0.002986007432966409,-0.09963720845395696,0.3031282894341377,0.11812889798199788,0
0.0035531524225087666,-0.09963235066745445,0.3079700529864784,0.12673300203609075,0
0.0020435295292672746,-0.09965002148404688,0.28857617471846236,0.10968072065584421,0
0.002512418797377038,-0.09963934109346076,0.29857446498504253,0.10986606806227564,0
0.002490561034866535,-0.09965098067719722,0.29312999916755755,0.11794355057556644,0
0.002073716368161697,-0.09963985949681153,0.2937354654699277,0.10111234759366428,0
0.0012804127398530474,-0.09964504605820701,0.27889814474075003,0.09217372948267427,0
0.001633072854028659,-0.0996478650384042,0.2837371597296062,0.10092722506925925,0
0.0016933039693985295,-0.09963916677262705,0.2888964504810715,0.0923588520070793,0
0.0013641359604907352,-0.09963773167858206,0.2840543894936125,0.08360732124577314,0
0.0007190295445597644,-0.09963881025231926,0.2692200950230735,0.0746667913844573,0
0.0008346836656805963,-0.09963390531272769,0.2743737010489957,0.06615725659702346,0
0.0010798619510028215,-0.09963588887979372,0.2792153646347742,0.07485385219666466,0
0.0009780380573260266,-0.09964194124228566,0.2740591198819118,0.08342026043356579,0
0.0003063851104856077,-0.09963310810537788,0.25954086636629664,0.057222268322741715,0
0.0004971631237786006,-0.0996358364986581,0.26438048069468506,0.0659445298535995,0
0.0006222924980614372,-0.09963191260474322,0.2695340867206073,0.05743499506616567,0
0.0004378532708557514,-0.09963003570705843,0.2646970870143949,0.048720159273755226,0
-2.6075412689479406e-06,-0.09962864275000007,0.2498570028067586,0.040026869228304424,0
0.00014150264379154202,-0.09963071825463966,0.2546989345865276,0.04862456877552307,0
0.00027660339474354427,-0.09962836809262068,0.2598551552346259,0.04012245972653658,0
0.00020941034937778765,-0.09962558554092105,0.25826423133228715,0.02330004298787917,0
0.00036060766701403167,-0.09962370223077877,0.2654467775411896,0.005874144103705157,0
0.00028702108253484597,-0.09962449583624254,0.2618555044367384,0.014587093545792164,0
0.0005221354645003098,-0.09962383058816635,0.27176786993510493,0.014678597033396626,0
0.00045626783475707564,-0.09962499464440201,0.26817659683065365,0.02339154647548363,0
0.00037177756864297,-0.09962649752512424,0.26405876949739016,0.03175904660632395,0
0.00010879132257200602,-0.09962695867976634,0.2540606170695229,0.0316634561080918,0
0.0006012964747565935,-0.09962295206951072,0.2759635467284136,0.006731409248685535,0
0.0004580651359939845,-0.09962311958658616,0.2701445014399436,-0.0018465741559075873,0
0.00011761665507382951,-0.09962365524912395,0.2551697078478191,-0.010029514824603817,0
0.0002363832568296857,-0.09962362618294626,0.26030824269450437,-0.0020776853604493302,0
0.0003374600781409386,-0.09962333303725185,0.26500596659325837,-0.009798403620062075,0
0.00877606983335693,-0.09961415862356174,0.313881240220007,0.1930527249326497,0
0.006361963124533957,-0.09966483131468964,0.30540786375166196,0.17528077489572408,0
0.004314179330768527,-0.09968983087332388,0.2957756811367778,0.15776594664262775,0
0.00514806462338545,-0.09965032295442514,0.30611681110268885,0.1583957695710135,0
0.006143236822143098,-0.09963145434813009,0.31093290241013094,0.16715318369756166,0
0.005263325223059482,-0.09968220077206463,0.30059177244421986,0.1665233607691759,0
0.010041106694343322,-0.0994946037549417,0.32367460678988225,0.19403369233852996,0
0.008480370405281528,-0.09956564368719784,0.3194816088072882,0.18493985449556616,0
0.007543572835294444,-0.09964194886287654,0.3096445519858345,0.18416674991418688,0
0.007245035948601815,-0.09960477263057585,0.3152449205731157,0.17605387947710338,0
0.004310472112855533,-0.09966140045571005,0.30130578971058125,0.1502094739079401,0
0.0028356091452836824,-0.09969166665485148,0.28586992446348397,0.14199634189229132,0
0.003579270740737151,-0.09966748353023755,0.2963529113739343,0.14232467153277187,0
0.0029478022867941538,-0.09966831246903636,0.29177687404006836,0.13410136119379001,0
0.001806146234888824,-0.09968003115272,0.27737628000639575,0.1261501620942769,0
0.0010141615330357952,-0.09966547436025143,0.26857957832573814,0.10931072933504862,0
0.0013781123763125873,-0.0996727103786213,0.27297792916606695,0.11773044571466276,0
0.0019487274073229077,-0.09966329516194741,0.28297622736242906,0.11791544137506055,0
0.0015412133415082028,-0.09965891163215497,0.27857787652210025,0.10949572499544641,0
0.0011663067517118225,-0.0996541872263626,0.2737388615332441,0.10074222940886145,0
0.00040211453865917284,-0.09965193918731773,0.2589015220755283,0.09180381959396772,0
-2.7981361643087813e-05,-0.09964098612554134,0.2492234422974504,0.0742969433952626,0
0.00016806769803104458,-0.09964610401839719,0.25406248218648936,0.08305038149461516,0
0.0003476807722672194,-0.09964054154270287,0.2592217686602619,0.07448186738985996,0
0.0005770803757214992,-0.09964478728921652,0.2640608085493009,0.08323530548921251,0
0.0008475626063533431,-0.09964938967076899,0.26889983340813917,0.091988774538321,0
0.0006814438383821856,-0.09965843957817583,0.26374055020063325,0.10055727446450817,0
0.003524902214000729,-0.0996929109420057,0.2908228028001309,0.14988114426745952,0
0.0024270720090456346,-0.0996664963715749,0.28753005181152425,0.1261782712947828,0
0.002283352684142715,-0.09968637398765769,0.28162310223493986,0.13407325199328413,0
0.00015288139396253596,-0.09963675295857762,0.2543821543318735,0.06575960585900216,0
-0.0003315621631742768,-0.09963285990287804,0.23954533372302322,0.05679012723083655,0
-0.00019257072951330654,-0.09963658329486903,0.24438438801023682,0.06554353531304957,0
-1.3304233628313644e-05,-0.09963342767375116,0.24954310004465993,0.05700619777678913,0
-0.0001563873078167955,-0.0996306254606518,0.2447011682648909,0.04840849822957048,0
-0.0005531793394831666,-0.09962721707429803,0.2298671944941988,0.039283342717937264,0
-0.00028072826616412167,-0.09962822941790356,0.2398620986504787,0.039655105973120844,0
-0.00045019404159946,-0.09962975983973146,0.234706264108611,0.0480367349743869,0
-0.0002642835073032863,-0.09962553967118894,0.23946253070211454,0.023886154138879276,0
-6.905728766468908e-05,-0.09962415172813556,0.24698739768345587,0.006515957247332892,0
-0.0001625149141021857,-0.09962472964296608,0.24322496419278522,0.015201055693106084,0
6.498204807086777e-05,-0.09962479458657603,0.2526258145078715,0.014908000117606032,0
-2.7249561177291745e-05,-0.09962577176910598,0.24886338101720085,0.023593098563379225,0
-0.00014002392342296128,-0.09962696671715011,0.24465976675443657,0.03195651168359185,0
-0.00040174404040211687,-0.09962633750597498,0.23466486259815666,0.03158474842840827,0
0.0001467809816323564,-0.09962408685558186,0.25621708761232276,0.006195050675519025,0
2.6132274094427056e-05,-0.09962381120972333,0.2510785527656375,-0.0017567787886354626,0
-0.0003233584387244928,-0.09962332668089065,0.23549231599849002,-0.009884889432411944,0
-0.00010342032486265446,-0.09962365420209288,0.24533101192315457,-0.00995720212850788,0
-0.000198435338313098,-0.09962366896938324,0.24123985684097293,-0.0016844660925395259,0
0.006450830082172743,-0.09979171704731314,0.2942574624549822,0.1915070910332105,0
0.004199095826877255,-0.09977721552374744,0.28498409835661215,0.1737107071903866,0
0.004292365204384745,-0.09972770048440224,0.290379889746695,0.16573832691650717,0
0.005316336612641278,-0.09972555391662348,0.295195981054137,0.17449574104305532,0
0.005276326716595877,-0.09978621300598814,0.2896207804057972,0.18260889911179856,0
0.0064910117967070646,-0.09971536448113195,0.2998326631033221,0.1833939329644673,0
0.007911487270571345,-0.09968655059318507,0.3040693513374946,0.1922799079829301,0
0.002432839305926253,-0.09974926878410824,0.2751969358868711,0.1558837087075899,0
0.0032387214116425768,-0.0997650061536773,0.2800905171217416,0.16479720794898825,0
0.00339769826056065,-0.09972343486519866,0.28548630851182444,0.15682482767510883,0
0.002667875000556973,-0.09971767015112944,0.2805334301751775,0.1489400252999406,0
0.0012581529824952328,-0.09972487287025533,0.26542371413386945,0.14181426164087066,0
0.0015699923881563624,-0.09970042814323961,0.2713999970701326,0.13398221186757378,0
0.002066146848655497,-0.09971110547143648,0.27564681929867674,0.141905301766581,0
0.0018029187186803623,-0.0997376360696088,0.2703103250103703,0.14884898517423029,0
0.00047417240802830036,-0.09969461725550001,0.25707383910544457,0.12561017569148586,0
-7.681152336862422e-05,-0.09967013014910053,0.24858297678566865,0.10894083854285007,0
0.00017211221435326388,-0.0996815126317649,0.2528284079455566,0.11727550711716797,0
0.0007755836898133447,-0.09967889697793018,0.26282670871559133,0.11746045251326724,0
0.00047166308153413577,-0.09966928264753569,0.25858127755570337,0.10912578393894934,0
0.00018687264144518078,-0.09966036763801633,0.2537422494305985,0.1003723290684089,0
-0.0004961266269317347,-0.09965119838275227,0.23890489578506482,0.09143391148900043,0
-0.0007675961925529042,-0.09963802560057788,0.22922678795574705,0.07392701456907753,0
-0.0006466995483750339,-0.09964397304715175,0.23406584187040594,0.08268046302903898,0
-0.00040177737601080395,-0.09964012684973629,0.23922511512659872,0.07411197898217006,0
-0.0005336837326445623,-0.09963537224491363,0.23438606083938512,0.06535857089995704,0
-0.0009444717843558991,-0.09962928592136663,0.21954865052980413,0.05642015017570153,0
-0.0008650284076645055,-0.09963318471798044,0.2243877192427756,0.06517358237238953,0
-0.0006435798462457837,-0.09963145444168266,0.22954699212641366,0.05660513870326904,0
-0.0007365527389692691,-0.09962826515259625,0.22470792251200145,0.0478517464468194,0
-0.0010706830949572432,-0.09962375680511074,0.20986456281105287,0.039233605610678526,0
-0.000818121731722188,-0.0996257252170648,0.21986587865262583,0.039258474164307895,0
-0.001012105532298074,-0.09962620534874478,0.2147066066704285,0.047826877893190026,0
0.0011487605096659904,-0.09968950655712572,0.26722505955592013,0.1258801688928814,0
0.0008313455616231923,-0.09970898316611258,0.261248776619657,0.13371221866617827,0
-0.00024214179198916167,-0.09964582262623069,0.2440641690412576,0.08286542744213152,0
-4.83406545027218e-05,-0.09965254951961738,0.24890320893029655,0.09161886554148407,0
-0.00030883120744795646,-0.09965986816293437,0.24374393628536672,0.10018737501592526,0
-0.0007380542939003846,-0.09962373796943062,0.22014812140620615,0.02398939154519131,0
-0.000516078564390792,-0.09962325728901543,0.2277240553751484,0.007309586378915965,0
-0.0005043997206456169,-0.09962483936491061,0.22980532605416035,0.02393777284203529,0
-0.0003943353008979696,-0.09962428739553394,0.23359329303863147,0.01559787025889762,0
-0.0006216692023064204,-0.09962344052135998,0.22393608839067727,0.015649488962053638,0
-0.0008967604057880388,-0.09962379904644113,0.2150063421086295,0.03161149857793492,0
-0.000649645686207982,-0.09962531625425106,0.22500765795020247,0.031636367131564286,0
-0.0002940116093705646,-0.09962387767659599,0.23735572652930215,0.006912771813124429,0
-0.0004164752439635333,-0.09962321029572321,0.2316081856868192,-0.0012876515267479893,0
-0.0007509777269081246,-0.09962174867541658,0.21582832793458315,-0.009142727054783032,0
-0.0005399875886321781,-0.09962268546207756,0.22566032196653657,-0.009513808243597488,0
-0.0006346216832934246,-0.099622420684522,0.22177619165486578,-0.0009165703379335334,0
0.003721773437272889,-0.09993071801243938,0.2746002114883518,0.1904740302508034,0
0.0018617706652358287,-0.09984882518050144,0.2650868973555873,0.17314602365466675,0
0.0021969551099750746,-0.09979351436240506,0.2701419166212292,0.16451486618112832,0
0.0030522730453751323,-0.09981965836856146,0.2750354978560997,0.17342836542252665,0
0.0027273090158779463,-0.09988858754761205,0.26984355442196956,0.18181002695273507,0
0.0040431124629065306,-0.09984321184349788,0.279792154922482,0.18209236872059498,0
0.0052884313110567235,-0.09986006456170694,0.284428836971667,0.19099056064200695,0
0.000510495856372693,-0.09977860344737796,0.2551840816436278,0.1557972878797819,0
0.0011167700275650561,-0.09981214010441908,0.2601354894996076,0.16447165576722433,0
0.001486065165261624,-0.09976861729352399,0.26519050876524947,0.1558404982936859,0
0.000923560537381409,-0.09975001304548875,0.26030389788874864,0.14880577476032628,0
-0.00038216644760781905,-0.099732096553621,0.24533226839062988,0.14173047405300404,0
-0.0008438859344417802,-0.09969190553962647,0.23732169349337726,0.1255117970506196,0
-0.0011529554420564635,-0.0996629886146547,0.2285863736038882,0.10857089065958486,0
-0.0010196524658065743,-0.09967599006888368,0.23295403354863273,0.11704134385510223,0
-0.0004250843822668102,-0.09968065732011973,0.24295233513952297,0.11722631779673484,0
-0.0006214820579803627,-0.09966797379570581,0.23858467519477844,0.10875586460121747,0
-0.0007971033062551892,-0.0996569928461526,0.2337456346944765,0.10000240107429265,0
-0.0013536307548093344,-0.09964312814116917,0.21890826861891416,0.09106392595073598,0
-0.0010388979164034078,-0.09964068086282796,0.22406752828733062,0.08249547025990675,0
-0.0009336685567501335,-0.0996479859977621,0.2289065822019895,0.0912489187198682,0
-0.0012695754141280836,-0.09965194523145093,0.22374732111140117,0.09981740830516042,0
0.00044172637591147684,-0.09973192874489985,0.2553779912622497,0.14177236784693736,0
8.983802862605863e-05,-0.09971240469294698,0.2512030537480372,0.13367032487224495,0
-0.000640023810178119,-0.09971020658868066,0.24132698094200355,0.13362113555181182,0
-0.0001868898438553346,-0.09969548344024971,0.24719776629941093,0.12556098637105273,0
2.36914315090572e-05,-0.09975431452295117,0.2502581750171289,0.14876388096639298,0
-0.0014519685713395582,-0.09963070082990094,0.2092299983682273,0.07356440454994845,0
-0.0014951959564133835,-0.09962320606436995,0.19955100949837348,0.05610218628470085,0
-0.0014781091381043158,-0.09962646755187284,0.20439050393330038,0.06483329541732465,0
-0.001181393867816151,-0.09963015562263323,0.2143893244490157,0.064992277362825,0
-0.0012298660990514934,-0.09962648609628326,0.2095498300140888,0.05626116823020119,0
-0.0012705988596124083,-0.09962363329272221,0.2047077861547132,0.04766789594768969,0
-0.0015276009556753193,-0.09961883949726028,0.18985966844681956,0.03954210499632499,0
-0.0013087688788445957,-0.09962143283732973,0.19986211562893622,0.03938785530350176,0
-0.0015126715759915359,-0.0996207443193051,0.1947053389725965,0.04782214564051292,0
-0.0011195464983615793,-0.09963481818061043,0.21922839316198717,0.07374570955951298,0
-0.0014123694906119618,-0.09963615901874723,0.21406913349357073,0.08231416525034221,0
-0.001194368063438016,-0.09962037577096497,0.19992576322726793,0.024365956062155303,0
-0.0009555582626639662,-0.09962097037424306,0.2077438365374861,0.007991525832033438,0
-0.0011467174550729962,-0.09961912341437532,0.19619268456784178,-0.007850451115061666,0
-0.0008489590866635316,-0.09962131491906796,0.21178608223603462,-0.000575600611374797,0
-0.0010505773953797546,-0.09961997354880221,0.20196826055266393,7.05373584858858e-05,0
-0.0009540157504052319,-0.09962054844079572,0.20601050625121248,-0.00849658908492235,0
-0.0011346785705494426,-0.09962189887354825,0.2048951630191604,0.031799780836416915,0
-0.0009730065384104292,-0.09962221652590728,0.21003694231673703,0.024177673803673305,0
-0.0010687369561983196,-0.09962067615011819,0.20383479988237702,0.016178740947094372,0
-0.0008497278899411425,-0.09962222933338373,0.21394597897184614,0.015990458688612375,0
-0.0007403488375491634,-0.09962226796146968,0.21773394595631723,0.007650556105474701,0
-0.0013535938901538924,-0.09961971756149887,0.19489271583704376,0.031954030529240146,0
0.0007564539871830229,-0.09999713884589576,0.2549212071454445,0.1900191158946087,0
-0.0006268537360938156,-0.09986442070774278,0.24494735273776694,0.17304424353173006,0
-0.0014552127321950502,-0.09976937174415001,0.23513573548626332,0.15592716754733363,0
-0.0010966932086180067,-0.0998124340673424,0.24004154411201511,0.16448570553953185,0
7.419079124238548e-06,-0.09981844295115058,0.25006571719069737,0.16442076570575598,0
0.000622192253792348,-0.09986478430023077,0.2550171250466771,0.1730951335931984,0
-1.2144592853359364e-05,-0.09992575230814747,0.24993427994160572,0.18153167971316939,0
0.0013900950423845638,-0.09991586875230901,0.2600040522505159,0.18158256977463771,0
0.002328965108936854,-0.09997287592903085,0.2647607093168981,0.19024657307270604,0
-0.0004763483637414417,-0.09977907463921522,0.24515990856494557,0.15586222771355776,0
-0.0008748945569841146,-0.09975053056616921,0.2402340019384466,0.14882882080016885,0
-0.0020168139658692658,-0.09971148438280676,0.22489963331639307,0.1416728519842113,0
-0.002165103955791472,-0.09967093608730801,0.21641023744131263,0.1252612655209455,0
-0.002110647131074194,-0.09968887563479598,0.22065493537885283,0.13346705875257842,0
-0.001382097872719072,-0.09970236779659895,0.23111066340488517,0.13359232451741546,0
-0.0012117837637383201,-0.09972508508350332,0.23511595085351147,0.14170166301860768,0
-0.0017723958343789814,-0.0997379941877923,0.2300176844013282,0.14880000976577246,0
-0.0015205254596812013,-0.09968343363290823,0.22686596546734494,0.12538653128578253,0
-0.001620300861934816,-0.09966770322801091,0.22249830552260041,0.11691607809026518,0
-0.002139754377811142,-0.09964605725834913,0.20858976941103125,0.10820085393001744,0
-0.001661841356208719,-0.0996555161611116,0.21858807150745974,0.10838587229480115,0
-0.002162123456414614,-0.09965692202041677,0.21250000342617192,0.11673105972548146,0
-0.0017182783145247944,-0.09964506235495706,0.2137490190149727,0.09963238994037671,0
-0.0021136678334876956,-0.09962980287122558,0.1989116430398375,0.0906938505437836,0
-0.0021358111758084317,-0.09963679189461351,0.20375070622543437,0.09944735223690052,0
-0.0017490959973239103,-0.09963693757376202,0.20890995582937583,0.09087888824725979,0
-0.0017609859210705073,-0.09963068536203247,0.2040708207040324,0.08212912754686602,0
-0.0020372206418056357,-0.09962075298863479,0.18923362895102905,0.07317925312751,0
-0.0019512833055948013,-0.09961594168843463,0.179556919460319,0.05587500112259676,0
-0.001994151191201428,-0.0996179612358137,0.18439527420567403,0.06452712712505337,0
-0.0017370537330453281,-0.09961963054319531,0.18955396447934625,0.05598859370364881,0
-0.0017498166263229696,-0.09962232124927438,0.19439231922470127,0.06464071970610542,0
-0.0017594063214533197,-0.09962591801860285,0.19923181365962817,0.07337182883872923,0
-0.0020791086503396533,-0.09962459146346508,0.19407263599543328,0.0819365518356468,0
-0.0017283597537196768,-0.09961762603873761,0.18470829395356927,0.047708553059460874,0
-0.0018873784048462237,-0.09961340506667077,0.1698871429696604,0.03932397206691652,0
-0.0019170506494211642,-0.09961447711993882,0.1747220312149897,0.04759948659475664,0
-0.0017205594018711628,-0.09961611290560152,0.17987340570823998,0.03943303853162075,0
-0.0015878357997217245,-0.0996160418777757,0.1794557299269162,0.02483412616459862,0
-0.0013405197949234809,-0.09961775916597795,0.18822996745860585,0.009067496554578862,0
-0.0014912115477265415,-0.09961580631502055,0.1765933631646834,-0.006089332052773254,0
-0.0012386860720769806,-0.09961843291448794,0.19221132601322383,0.0006085227197585976,0
-0.0014139515824731334,-0.09961673387539494,0.18241166531164463,0.0014890822509028038,0
-0.0013265983121457227,-0.09961752424171233,0.1863930238662626,-0.00696989158391746,0
-0.001401385816531157,-0.09961827773323567,0.18969074657709206,0.024600041113376964,0
-0.001458199657653112,-0.09961695963246218,0.18384284869276102,0.01695081135958874,0
-0.0012681465792504269,-0.0996189518629223,0.1940778653429369,0.016716726308367083,0
-0.00115499121893089,-0.09961945907622959,0.19798690199804597,0.008529511193306149,0
-0.0015580606202408624,-0.09961729153311999,0.18465769918686786,0.03218811558046181,0
-0.0017314555819802958,-0.09961485137005115,0.1746714364482883,0.03207904911575757,0
-0.0022572062721831487,-0.09997452185354476,0.2352375608496372,0.1901715774166525,0
-0.0030732069409966723,-0.09981914844688741,0.22484048969855952,0.17346664337452689,0
-0.003418415033232654,-0.09972413011794615,0.21445141043923793,0.1571971953749662,0
-0.0032877076440970586,-0.09976598863921246,0.21964595006889873,0.16533191937474656,0
-0.0021880898667139877,-0.09979458841646632,0.22998811259241142,0.16469690546093024,0
-0.0024549047200605398,-0.09975141025277269,0.22479357296275063,0.15656218146114992,0
-0.0026666093449811334,-0.09971931173779114,0.2196755218778155,0.14943502367958877,0
-0.0035165765129043895,-0.09966874656699003,0.20433278460830107,0.14197058491407522,0
-0.002792702168384605,-0.0996923449856271,0.21461620896234707,0.14182171844914326,0
-0.0027932040241532194,-0.09967175935796317,0.21037151102480683,0.13361592521751037,0
-0.003258589205132141,-0.09963929352393931,0.19639784003489044,0.12485086511807574,0
-0.0033934619782024153,-0.09965181635449157,0.20036531232159577,0.13341072501607548,0
-0.0027375463690144175,-0.09965600162778067,0.20640403873810154,0.1250560653195106,0
-0.0026632796883314506,-0.09964414796913616,0.20249380472296086,0.1165258595240466,0
-0.0029621507533323676,-0.09962370324656196,0.1885982342035149,0.10755648552318363,0
-0.0025115005236110185,-0.09962762588582134,0.1937549386216762,0.09912516803348362,0
-0.0025744672094444726,-0.09963518954130551,0.19859400180727307,0.10787866972660054,0
-0.0031108656035526536,-0.0996302295742315,0.19249803711920266,0.11620367532062968,0
-0.0007805496049814475,-0.0999969536651702,0.24507938399754084,0.1900953466556306,0
-0.0013710085983774103,-0.09991643594555824,0.24009245679370206,0.18160791047419128,0
-0.0027489049358572007,-0.09988783258625214,0.23003902527409836,0.18181911039558968,0
-0.0018631916926192184,-0.09984948244832438,0.23489392121816322,0.1732554434531285,0
-0.0034938690151019164,-0.09969295984617312,0.2093920975237695,0.14958389014452073,0
-0.0027265730349090305,-0.09961445203004993,0.17891586569216214,0.0902779864830691,0
-0.002487734949168194,-0.09961043469093327,0.1692372573486785,0.07279462087965669,0
-0.002281206753299867,-0.09961549687793225,0.1792354431498538,0.07298693700358334,0
-0.002604852207976346,-0.09961198531849369,0.17407656152042034,0.08153630368136289,0
-0.002361567747628111,-0.09961823759514715,0.1840747473215956,0.08172861980528956,0
-0.002440992612978655,-0.09962215437517832,0.18891375436599983,0.09048591851342636,0
-0.0028461273522997813,-0.0996182069256622,0.18375704994783854,0.09891723600312637,0
-0.002204826435614611,-0.09961361100932996,0.17439708840449875,0.06433481100112673,0
-0.0022783179792459384,-0.09960902054849333,0.1595587060269967,0.05530676828506527,0
-0.0021317159939312526,-0.09960855872885228,0.14998395764400366,0.03906094725020017,0
-0.002199673339087338,-0.0996087148226013,0.15477133183550018,0.04718385776763272,0
-0.002024884776520867,-0.09961085211288627,0.15993555030683204,0.039192459658558346,0
-0.0020736202648807445,-0.09961146009753734,0.16472292449832854,0.0473153701759909,0
-0.0021317837925430615,-0.09961234226384562,0.16955781274365783,0.055590884703831014,0
-0.0023780588520760696,-0.0996095182653302,0.1643979816878376,0.06405069458236098,0
-0.0018822416301136897,-0.0996117104923685,0.15970136752113775,0.02573841039052235,0
-0.0016665508801137557,-0.09961401728246454,0.16858542247993005,0.011237919995306576,0
-0.0017643539299332669,-0.09961227504829417,0.15702961935907672,-0.003967868264233462,0
-0.001573041750661538,-0.09961493783585118,0.17258939282230673,0.002574293971266661,0
-0.0017117000782738633,-0.09961312812155594,0.1628075209195034,0.003635025865536557,0
-0.0016379487838086256,-0.0996140347200839,0.16681149126188005,-0.005028600158503357,0
-0.0017472246327205558,-0.099613847997931,0.16957854872402697,0.025286268277560486,0
-0.0017697740383283752,-0.09961293887271441,0.1641433950005339,0.018488165192914463,0
-0.0016264412629347165,-0.09961495544599991,0.17402057620342312,0.0180360230799526,0
-0.001513071730622664,-0.09961591968821597,0.17840769496926795,0.010152708274942718,0
-0.0018835773434430795,-0.09961246650306411,0.1647942552453991,0.03253119122871943,0
-0.0020030982025660326,-0.09961024237883724,0.1548426625825707,0.03239967882036126,0
-0.005126946527139696,-0.0998684856163741,0.2155675444190997,0.1909215933815534,0
-0.005339973464426693,-0.09972512873567853,0.20477684316779043,0.17466449796256817,0
-0.005181688761583034,-0.09964943648309119,0.19363047109621176,0.15864822346808138,0
-0.0052892999841911825,-0.09968137463458576,0.1992036571320011,0.16665636071532478,0
-0.004337514127509985,-0.09968933181207411,0.20404094076772483,0.1579227094215238,0
-0.004303383474443951,-0.09972810684462974,0.20961412680351418,0.16593084666876717,0
-0.0042341590659433475,-0.09977792731096334,0.21480866643317498,0.17406557066854753,0
-0.004044160427321881,-0.09984420800994165,0.2202040170588296,0.18219411837804014,0
-0.005317904150573143,-0.09978497841991078,0.21017219379344507,0.18279304567206078,0
-0.0038396395481833765,-0.09992625865176816,0.22540255263436845,0.19054658539910296,0
-0.00429478958671716,-0.09966236106138447,0.19898162785225643,0.1503094041910783,0
-0.004733936012229424,-0.09961609801411574,0.1842071221355862,0.14229783370252436,0
-0.004145319893208569,-0.09960463580275129,0.17635378150681058,0.1250358019459711,0
-0.004433539746526229,-0.09960899990153779,0.1802804518211984,0.13366681782424772,0
-0.003950720781386542,-0.09963051408198569,0.19030248108523834,0.13357434941030005,0
-0.004161982550698433,-0.09964291893855642,0.19426995337194364,0.14213420930829979,0
-0.004965792357243925,-0.09962965614052911,0.188918796615899,0.15047302858530287,0
-0.00373394394241055,-0.09962189473418721,0.18637581077085053,0.12494333353202342,0
-0.0035198627702132204,-0.09961606028211374,0.18247600785516274,0.11629614373457736,0
-0.0035835032460358883,-0.09960157155261457,0.16860261662500728,0.1071329618139705,0
-0.00315763668023807,-0.0996005646237664,0.1589195549514979,0.0898912594364053,0
-0.0033652123370340415,-0.09960062739440195,0.1637610857882526,0.0985121106251879,0
-0.0031317529387510324,-0.09960904013357975,0.1737592411585847,0.0987054741485198,0
-0.0033012519566612882,-0.09961229282838407,0.17860042541426108,0.10734472366857706,0
-0.0038549656931692756,-0.09960245101330162,0.17247819906590894,0.1160843818799708,0
-0.0028050788555380114,-0.09960616994168618,0.1640784061500882,0.081342940158031,0
-0.002966672425838966,-0.09960712610905655,0.16891771032183,0.09008462295973721,0
-0.0027778544544755763,-0.0996018889738899,0.14924048076365562,0.07243252457636859,0
-0.002465591813440162,-0.09960373381171948,0.13956208530249406,0.05493588581666127,0
-0.002612526097456381,-0.099602814749826,0.14440128303307484,0.06368420519651494,0
-0.0023907268130235644,-0.09960610704683177,0.14956039566474538,0.05512132705086327,0
-0.0025153072325626857,-0.09960586202915123,0.15439959339532616,0.06386964643071694,0
-0.0026541345473612907,-0.09960582472968334,0.15923886905616708,0.07261357272801264,0
-0.0029598915231108564,-0.0996010829674254,0.15408001785757675,0.08116189200638695,0
-0.0022914787190409657,-0.09960634733422474,0.14477302147324886,0.04699841653343072,0
-0.0022129439601214444,-0.09960536126615793,0.12895063383718255,0.0358306809117754,0
-0.0023273245113350307,-0.09960463200447414,0.1342563595698383,0.04538328336421833,0
-0.0021905098754524746,-0.09960670844780979,0.1394672957405931,0.03744581408098779,0
-0.002057853214872348,-0.09960819333487551,0.1410241188723039,0.02607041701294643,0
-0.002138120645643244,-0.09960678191303403,0.13498737635474323,0.030950548962360915,0
-0.0020913275677788023,-0.09960835855761156,0.14550403825815378,0.0325656821315733,0
-0.0019828971286411025,-0.09960984646250634,0.15036274319672083,0.02590441370173439,0
-0.0019052489791947578,-0.09961037381055039,0.14927187057609903,0.013903034823831192,0
-0.0019461482163589154,-0.09960906989178275,0.137492371737023,-0.00161412204033743,0
-0.0018277426847668476,-0.09961138294770895,0.15315074496758788,0.004967583279798866,0
-0.0019201107336821604,-0.09960974241491893,0.14338212115656102,0.006144456391746881,0
-0.0018678640563837068,-0.09961059834560544,0.14726099554804986,-0.0027909951522854456,0
-0.001892613000581885,-0.09961100410493358,0.15448661904861838,0.019820722607176773,0
-0.0017975864559445004,-0.09961215312338557,0.15892864652801453,0.012570477409568884,0
-0.0019790761982197403,-0.09960933464539173,0.14514799472420148,0.019986725918388813,0
-0.007673249742058434,-0.09970517157297344,0.1959260328513177,0.1922212147213933,0
-0.007273157531480294,-0.09960271915694242,0.18461776570414204,0.17611322447728361,0
-0.006565686280995294,-0.09956710253044448,0.17314147549672418,0.16009195262234246,0
-0.005769778128219929,-0.09956021907889138,0.16203873721510104,0.14377925718549459,0
-0.004672438364647958,-0.09957784637162746,0.15827810321469454,0.12459736323172596,0
-0.005187559716551014,-0.09956990369105717,0.1601584202148978,0.13418831020861027,0
-0.004916308353576033,-0.09958597951381151,0.1691962593609558,0.13440752956573285,0
-0.004440155763744944,-0.09959031751235264,0.16731594236075256,0.12481658258884853,0
-0.004099683950646662,-0.09959134088248939,0.1634403599198509,0.11586516252284823,0
-0.003978347311530132,-0.09958418040546736,0.1486011631746216,0.10702531316716081,0
-0.003385126347035116,-0.09959093066178681,0.13892219017917778,0.08956201146359706,0
-0.0028914478628493364,-0.09959666661065232,0.12924374491563137,0.07206909600832723,0
-0.002857256113245413,-0.09959879931270135,0.1392421128396435,0.07225081029234791,0
-0.0031255623161428807,-0.09959397405265683,0.13408296754740456,0.08081555373596214,0
-0.003067460782180871,-0.09959695727685237,0.14408133547141672,0.08099726801998283,0
-0.003297959233267339,-0.09959508218464944,0.14892087256533784,0.08972663545000117,0
-0.0035482991537432607,-0.09959333120347112,0.15376035906305974,0.09845828630178305,0
-0.003669385672201033,-0.09958762265855262,0.1437616766768997,0.09829366231537894,0
-0.006652647525891179,-0.09977846601795554,0.2057467886352087,0.19157140405147335,0
-0.006471166384438039,-0.09971747889122876,0.20035143800955407,0.18344285634198074,0
-0.007555367735706181,-0.09964057610156551,0.19027189927772986,0.18416721959933846,0
-0.006350208052899243,-0.09966642642869257,0.19469730443596622,0.1753888612199259,0
-0.006156587873747931,-0.0996316660807384,0.1891241184001769,0.1673807239726825,0
-0.006929905476113988,-0.09958031942237448,0.1788796206004331,0.16810258854981303,0
-0.005925291450426083,-0.09960786430952442,0.18338597329646797,0.1593700880452119,0
-0.005596704743306109,-0.09959602814010148,0.1786742988161552,0.1511948931624334,0
-0.006168797545930747,-0.0995613968328066,0.1675901063559126,0.15193560490391853,0
-0.005303941677165281,-0.09958699541606816,0.17312292967534362,0.14303854544400946,0
-0.0038122571089060937,-0.09959202182097655,0.15860188989981444,0.10707913749056566,0
-0.00431388559059321,-0.09958078674320052,0.1534396331946581,0.11581133819944339,0
-0.0026685833592010604,-0.09960049532728718,0.13440291510906271,0.06350249091249424,0
-0.00249390660333979,-0.09960094876241052,0.11940992368694632,0.054300159488040504,0
-0.002679660186175672,-0.0995990084503305,0.12432683430128885,0.06318462774818387,0
-0.002499538302901746,-0.09960200350293236,0.1294860044947202,0.054618022652350884,0
-0.0023435788572678776,-0.09960333957870172,0.12418027876206444,0.04506542019990795,0
-0.0021913763540431282,-0.09960348677972021,0.10630797473193489,0.03731663029149256,0
-0.002063761778139117,-0.09960552062138776,0.11190163887151129,0.019338224253137706,0
-0.0020414006900343422,-0.09960734968343266,0.1298479826458038,0.016523089463281862,0
-0.0021355759007547063,-0.09960544205256269,0.12042613635434693,0.027584452582456554,0
-0.0020659097542127915,-0.09960629689340482,0.12087481075865755,0.017930656858209784,0
-0.0021121743035225093,-0.09960652913015666,0.12939930824149318,0.026176885187528632,0
-0.0020500193391343865,-0.09960774449658946,0.13543605075905385,0.021296753238114148,0
-0.001987353550531722,-0.09960874790076021,0.1395599266109514,0.015213062143556527,0
-0.0019858023449834086,-0.099608292119014,0.1336701771914134,0.007454483711472216,0
-0.0020183458161147677,-0.09960669755299847,0.11796647194798766,0.0008319802619767707,0
-0.001996949938376045,-0.09960775277342834,0.12772942184250533,-0.0003910708891803296,0
-0.002022823688313029,-0.0996070822120986,0.12390722729689574,0.008677534862629316,0
-0.002116894846846364,-0.09960462693959424,0.10910480680172309,0.028327427272315134,0
-0.0022249067540933585,-0.09960412797228521,0.11762930428455873,0.03657365560163398,0
-0.002333759901725253,-0.09960234776858609,0.1128589492094406,0.045808394889766534,0
-0.009743407972531095,-0.09952419806801201,0.1763208908223542,0.1939886762133007,0
-0.008755177353577955,-0.09948395134162966,0.16469463387595099,0.17809967018654219,0
-0.007544587978207491,-0.09949723957458495,0.15290673188499537,0.16208557116223085,0
-0.008142528761653715,-0.09948851818602521,0.15880068288047317,0.17009262067438652,0
-0.007113904081166364,-0.09952941452349529,0.1630241036908598,0.16108876189228666,0
-0.007593916671913073,-0.09953217332649782,0.16891805468633758,0.16909581140444233,0
-0.008066185854964715,-0.09954250078085684,0.1746561997900465,0.1771064473319129,0
-0.008493688740912478,-0.09956565914278626,0.18046932826324813,0.18505095034529218,0
-0.009323997153961545,-0.09949118982850616,0.1705077623491526,0.18604417319992145,0
-0.009046362685807609,-0.09958997601243239,0.18612346183683595,0.19310494546734702,0
-0.006609844723481557,-0.09953288272829806,0.1574727345500482,0.15293241417386272,0
-0.0062843290363353566,-0.09952474339860773,0.14137007337293614,0.14458199378668912,0
-0.004964715154261261,-0.09955894435384824,0.13828151202379288,0.12422707612963531,0
-0.005580186671027082,-0.09954391739978882,0.1398257926983645,0.1344045349581622,0
-0.00485874459842167,-0.09956667988307749,0.1482798076192437,0.12441221968068064,0
-0.005451886637454763,-0.09955411068938581,0.14982408829381533,0.13458967850920756,0
-0.006079409302670182,-0.09953983730482295,0.15170440529401857,0.14418062548609184,0
-0.006897493860469399,-0.09951075513784761,0.14713840262896577,0.15333378247446,0
-0.004450737260135484,-0.09957279520815081,0.14344133759920724,0.11562619464839806,0
-0.004106893291322207,-0.09957515685612037,0.12860363286804755,0.1067056365486515,0
-0.004075182753573979,-0.09957851443405068,0.13860239802133456,0.10686547485790615,0
-0.00451690464494106,-0.09956757790325153,0.13344257244592023,0.1154663563391434,0
-0.0037316846240848574,-0.09958368866992906,0.13376291152361267,0.09813382400612428,0
-0.0033969612065413136,-0.0995871483736751,0.11892531326855839,0.08920699944496688,0
-0.002823966521543152,-0.09959540278163119,0.10924704896328337,0.071704601268408,0
-0.0023792684384091748,-0.0996006142122095,0.09893908205953526,0.054698968617559025,0
-0.002457044247397494,-0.09960044598620019,0.10917450287324079,0.054499564052799765,0
-0.0025878974604275147,-0.09959830977686897,0.10409306551140932,0.06320178494298351,0
-0.002651540984941279,-0.09959831391592233,0.11432848632511484,0.06300238037822425,0
-0.0028801922345620097,-0.09959553972354403,0.11924539693945738,0.07188684863836761,0
-0.0030939963321090684,-0.09959169754845718,0.11408618111592088,0.08045580035668744,0
-0.0031343933456941904,-0.09959221553006826,0.12408452909209489,0.08063804772664705,0
-0.003417940852925777,-0.09958827061220005,0.12892375172386808,0.08938450545428198,0
-0.0037341514744768643,-0.09958166139408572,0.12376447306830296,0.09795631799680919,0
-0.0022767467627378417,-0.09960214526026677,0.10262352839573508,0.046007799454525794,0
-0.0020788075993621665,-0.09960335145977851,0.08901660093753974,0.04099359614059499,0
-0.0019395115321338436,-0.09960489787782269,0.08990260562625144,0.022300970760135548,0
-0.001995153607940638,-0.09960426075746527,0.08945960328189559,0.03164728345036527,0
-0.0021488134409195798,-0.09960323929670908,0.09766228783473732,0.03915511321604377,0
-0.002062465332906104,-0.09960426062021854,0.09810529017909317,0.029808800525814055,0
-0.0020224501245437003,-0.09960498686653706,0.10090212224888137,0.020819597506636627,0
-0.001966906825089856,-0.0996055079850041,0.09843421010143448,0.0032259741799398295,0
-0.001944267435003319,-0.09960527738853932,0.09416840786384295,0.012763472470037689,0
-0.0020081924072658406,-0.09960559099747907,0.10516792448647289,0.011282099216538768,0
-0.002008706448575824,-0.09960594282638965,0.10820034102471107,0.0020289772209583002,0
-0.0020308173358670285,-0.09960621514374784,0.11493405540974948,0.010085102257557238,0
-0.0022215279913303182,-0.09960213252811581,0.0939778414985375,0.04784628237907701,0
-0.011220039645500337,-0.09936855996920493,0.1567512396874989,0.1961150489967212,0
-0.009693105988250902,-0.09939662159666558,0.1449658286700426,0.18028742227060254,0
-0.008057824481825434,-0.09945593710085207,0.13298574856280973,0.16433327143642018,0
-0.006709908774531071,-0.09950226094500085,0.12108697197545623,0.14970293244961222,0
-0.007367869330184786,-0.09948001504156642,0.12703636026913298,0.1570181019430162,0
-0.006548425410886085,-0.0995104557459666,0.13122852267419619,0.14714246311815066,0
-0.007125471353621318,-0.09949409898570317,0.13717791096787293,0.15445763261155465,0
-0.007863439980415594,-0.09947218756381271,0.14294624022390257,0.16320942129932553,0
-0.008851535443763462,-0.09942728210962216,0.13897578861642618,0.17231034685351138,0
-0.008561333112495306,-0.09945317158704779,0.14893628027751898,0.1711864967164167,0
-0.009281671321494626,-0.099436628062534,0.15483023127299678,0.17919354622857236,0
-0.010519900122719975,-0.09937192939175767,0.15085853417877076,0.18820123563366187,0
-0.009994805509251333,-0.09942658460440988,0.16072293678172495,0.1871073595916317,0
-0.010882068653678799,-0.09940613955796028,0.16653606525492654,0.19505186260501095,0
-0.00568760433167807,-0.0995357212074195,0.1274345482234502,0.13527729238118094,0
-0.005325973536571517,-0.09954754649773832,0.13285803012362155,0.12975218425540813,0
-0.005998747534285711,-0.09952918310695888,0.13440231079819318,0.13992964308393502,0
-0.006181387448318665,-0.09952007610418158,0.12426076009945322,0.14249011241539658,0
-0.0049133394972245455,-0.09955490864329723,0.11829380372442423,0.12337630701264275,0
-0.004498133245140373,-0.09956559444365132,0.12344871829623588,0.11504097178064712,0
-0.004977687275697947,-0.09955513067677528,0.12828765787410856,0.12380169157113903,0
-0.0052916017047184745,-0.09954572536528923,0.12286417597393723,0.12932679969691185,0
-0.003976345466699927,-0.09957547385842125,0.1086068426079906,0.10634633421436011,0
-0.0036781770223452076,-0.09958152371478032,0.11376607793827449,0.09777666682966349,0
-0.004073134292619689,-0.09957418142917525,0.11860523773801906,0.10652598538150582,0
-0.004421906113076467,-0.09956619951816738,0.11345032316620741,0.11486132061350143,0
-0.0031977351322188315,-0.09958926346042071,0.09892865251725468,0.08884110017417442,0
-0.002583772063796969,-0.09959772802950793,0.08914580554264517,0.07150973038315743,0
-0.002477716186315046,-0.09959912849156517,0.09404244380109023,0.06310434950035823,0
-0.002725282483130026,-0.09959616090225724,0.09919642725296426,0.07160716582578272,0
-0.002872258371145109,-0.09959403239019446,0.09403722902994993,0.08017541527866592,0
-0.003005536750100507,-0.09959235407796412,0.10408785074026902,0.0802728507212912,0
-0.003322932631195324,-0.09958752437066547,0.10892698289290653,0.08902404980957065,0
-0.0035653395536098063,-0.09958315603074473,0.10376774756262264,0.09759371719426727,0
-0.002113944483789209,-0.09960259625186435,0.07957406171086889,0.05437646665102109,0
-0.0017582497076147313,-0.09960524578736625,0.07035927917982929,0.036274959588881425,0
-0.001929203496888585,-0.09960424677868342,0.07968794005868451,0.038634277864738206,0
-0.0018623525189443398,-0.09960487340503943,0.08013094240304036,0.029287965174508487,0
-0.0016716732923788768,-0.09960585635338674,0.07036524837215333,0.018901449127075955,0
-0.0017037290204746447,-0.09960562063312395,0.07036226377599131,0.02758820435797869,0
-0.0018189077116151633,-0.09960528386531219,0.08013392699920238,0.02060120994360575,0
-0.0017849843237806085,-0.09960557902825559,0.07887932485836452,0.005425942812039746,0
-0.0018922988203351285,-0.09960539489752106,0.0886567674798995,0.004325958495989788,0
-0.001852379121950057,-0.09960534251763822,0.08439096524230798,0.013863456786087646,0
-0.001725805211664376,-0.09960572412409481,0.07462228661525892,0.01216369596955785,0
-0.002333242095052704,-0.09960050872207239,0.08435993362675703,0.06294309851708926,0
-0.002263358468514066,-0.09960139228590213,0.08925657188520209,0.05453771763429006,0
-0.0020963506779641404,-0.09960290208313782,0.08429533132420432,0.04768503139580804,0
-0.0019212538761725542,-0.0996041495680964,0.07496667044534909,0.04532571311995126,0
-0.012024092927024542,-0.09927447400657605,0.1372078753933555,0.1984719233079192,0
-0.010070337524458522,-0.09935928557538937,0.12540895466462085,0.18277786804611512,0
-0.008151510377368472,-0.09944921867207034,0.11376099665724002,0.16727092264012022,0
-0.00907395634980837,-0.09940798983060659,0.11958497566093043,0.17502439534311767,0
-0.009016870598856063,-0.09941230642054188,0.1291973516137153,0.17355556974126765,0
-0.008165072093762393,-0.09944770404818636,0.12337337261002487,0.1658020970382702,0
-0.007403858930005116,-0.0994774411551048,0.11742398431634812,0.1584869275448662,0
-0.006547636058423238,-0.09951199175879803,0.10142183591532777,0.15259701536890644,0
-0.007323406979554837,-0.0994831369305083,0.1075914162862839,0.15993396900451334,0
-0.006680616619266224,-0.09950376421183958,0.111254403945392,0.15114997390925933,0
-0.005603506504689778,-0.09953678096733003,0.10899159266477516,0.13673838872218871,0
-0.004554623441133863,-0.09956436535885478,0.09845333364630088,0.12228153982257368,0
-0.00360369970710253,-0.09958385545851277,0.0886102176991942,0.1059786358203165,0
-0.002804095233700458,-0.09959593952425334,0.07893206790664906,0.08847201485196643,0
-0.003179849576697755,-0.09959075079369684,0.08377114280292162,0.09722532533614146,0
-0.0030237507423979005,-0.09959215780139698,0.08893036021195186,0.08865655751307042,0
-0.003398172117207557,-0.09958633349482379,0.09376943510822444,0.09740986799724546,0
-0.003818680238794742,-0.09957881654331625,0.09860853015359239,0.1061624850173383,0
-0.004261957721167047,-0.09956979067639757,0.10353008812714573,0.1143139370184669,0
-0.0047684002448344165,-0.09955822771989631,0.10837356868536255,0.12282892341760822,0
-0.005255110682257958,-0.09954587707990617,0.1136426981945997,0.13005734786741574,0
-0.005059269469926902,-0.09955180654050948,0.10372246315553801,0.1295099642723812,0
-0.012060635227192144,-0.09927004119026367,0.14697955754042719,0.1972934861523202,0
-0.010886326229620397,-0.09933271986593666,0.14108685203169904,0.18937967278926088,0
-0.011097550731918319,-0.09930949649191598,0.13130841502898816,0.19062489567701718,0
-0.00994058783506523,-0.09937277932434983,0.13518739166733174,0.18153264515835882,0
-0.005683662437059179,-0.09953420504346318,0.1182130704441127,0.13600784055168483,0
-0.006145295460796316,-0.09952038356323971,0.1150392823201157,0.14322066058590047,0
-0.006063549924606821,-0.09952462643119167,0.10520671429005146,0.14466770204554757,0
-0.00405494477295301,-0.09957526440422339,0.09353177567274754,0.1141300878214451,0
-0.002693137409369732,-0.09959659598438932,0.08403893672464711,0.07999087261756194,0
-0.0021806824559332727,-0.09960256753764829,0.06925392173723796,0.07096525760475429,0
-0.002472351118156545,-0.09959977923733278,0.07409299482194351,0.07971863622836037,0
-0.0024002744503526514,-0.09959994462032178,0.07919986363994157,0.07123749399395586,0
-0.0021476060203611752,-0.09960238209788633,0.07441399172405343,0.0626708621278877,0
-0.0017129713379775786,-0.09960588600995328,0.05963200636877104,0.05427757331965956,0
-0.0019319162734536823,-0.099604515325097,0.06444296405300451,0.06262141546220693,0
-0.0019288683787751046,-0.09960414349279767,0.06960303403981996,0.05432701998534033,0
-0.0017345952498041793,-0.09960541617844422,0.06499564277430017,0.04527626645427049,0
-0.0013149736792959993,-0.09960772529864992,0.047970655224732685,0.03953013840476921,0
-0.0013674020181820691,-0.09960711638874598,0.053394319035444504,0.023205662539788254,0
-0.0013361693207360656,-0.09960737180160271,0.05068248713008859,0.031367900472278734,0
-0.0015550456449703683,-0.09960639192316678,0.05916496720228098,0.03790254899682532,0
-0.0015617661689787494,-0.09960628573429851,0.061876799107636896,0.02974031106433484,0
-0.00153012563817612,-0.0996064247470782,0.061879783703798916,0.021053555833432103,0
-0.0014758685109065174,-0.09960665098689848,0.059290731417976715,0.00729974492479779,0
-0.001415324970019069,-0.09960688690989997,0.05634252522671061,0.015252703732293022,0
-0.001571730251898302,-0.09960627847653998,0.06482798989506502,0.013100597025936873,0
-0.0016456904019380124,-0.09960601896951038,0.06908502813817062,0.006362843868418767,0
-0.001505090477322669,-0.09960697015979168,0.05380133079675187,0.046903855862214384,0
-0.012114420180076814,-0.09926349189757844,0.1176755593694548,0.2009191173322832,0
-0.012522352285907958,-0.09921285548369055,0.12744171738140514,0.1996955203201012,0
-0.011139467433441453,-0.09930472561319816,0.12154225701703783,0.19184849268919918,0
-0.009870631811895883,-0.09938035820327694,0.10578079733896695,0.18550565316889203,0
-0.010029315354253733,-0.09936434644258163,0.1155948760017939,0.1841417606075036,0
-0.008980730627367558,-0.09941657036145515,0.10977089699810348,0.1763882879045061,0
-0.007758124155597743,-0.09948099006373004,0.0944130893253621,0.1701696631242239,0
-0.005897808037875093,-0.09955294257830868,0.07877764198450873,0.15655938586588092,0
-0.006800532919878755,-0.09952078483861204,0.08659536565493542,0.1633645244950524,0
-0.006290495000728896,-0.09952869666533352,0.09009973894991825,0.1545782006173937,0
-0.007135674771665989,-0.09949652921369191,0.09791746262034494,0.16138333924656517,0
-0.008015819424097946,-0.09946036419284975,0.10408704299130106,0.16872029288217205,0
-0.008766602003381276,-0.09943630125787858,0.10009694333216453,0.17783765814655797,0
-0.011031174990148407,-0.09931780913870301,0.11172817835421087,0.19321238525058762,0
-0.005191887852811749,-0.09955498078826307,0.0888619342221361,0.13869107045555176,0
-0.005846962440734948,-0.09953553545539787,0.09514188506873195,0.1456440429122291,0
-0.005547397622088868,-0.09955231625880086,0.08381978810332241,0.14762522816071633,0
-0.00544158682936328,-0.09954376945009133,0.09892676344345563,0.13771472958887024,0
-0.004871176050812994,-0.09955912537314104,0.0936576339342185,0.13048630513906273,0
-0.0040134189585982714,-0.0995819992585355,0.07829176064859195,0.12311608221370107,0
-0.004317985535093624,-0.09957210786325782,0.08837254714744641,0.12269881101813737,0
-0.004573955103364663,-0.09957022469679801,0.08357684743536403,0.1309035763346264,0
-0.0038103705088738627,-0.09958223228018653,0.08345098917389307,0.11454735901700878,0
-0.0030179671742864463,-0.09959728665691327,0.06861363859732908,0.1056090441728583,0
-0.002914211537791255,-0.09959604330396832,0.07377285325198907,0.09704052951241236,0
-0.0033352221199675672,-0.09959017403749199,0.07861192814826164,0.1057938399965874,0
-0.0034853199139927757,-0.09959087429350987,0.07345269962296051,0.11436256319327968,0
-0.0022431965002693995,-0.09960490406234557,0.058935515213289866,0.08810212504238404,0
-0.0016589809859191803,-0.09960809852250917,0.04968620982773018,0.07056065055381625,0
-0.0019313622554304724,-0.09960686455033765,0.054310862520510025,0.07933138779810014,0
-0.0019339002658103092,-0.09960533553949612,0.059470065782484066,0.07076295407928526,0
-0.001688753375734081,-0.09960672937723705,0.054659108098250614,0.0624191119367379,0
-0.0012287623271816843,-0.09960942067297121,0.040096703024082435,0.05607999724681431,0
-0.0009098378851231684,-0.09960969621792233,0.03163541495332351,0.04226550855226176,0
-0.0010617569742547993,-0.09960961882199248,0.03586605898870297,0.049172752899538034,0
-0.0011201856440512831,-0.09960872814293908,0.0398030350890281,0.040897823478515484,0
-0.0008791295705581583,-0.09960898127739734,0.03229004798760202,0.026612260896199783,0
-0.0010942752431032977,-0.09960846034817247,0.040130351606167354,0.033071199650484495,0
-0.0011359074687682384,-0.09960806158935104,0.04284218351152326,0.02490896171799402,0
-0.00105507204644722,-0.0996081712154836,0.039665213662954564,0.008732623624139768,0
-0.0009616702186460437,-0.09960852398141214,0.035977630825278294,0.017672442260169775,0
-0.0012089230441982455,-0.09960767376582258,0.04652976634919953,0.01596914308196401,0
-0.0012779451455231928,-0.09960739752697749,0.04947797254046564,0.008016184274468778,0
-0.002215392177236668,-0.09960331442881723,0.0640947184752639,0.07953369132356916,0
-0.0025424828225381344,-0.09960029844187669,0.06893379155996945,0.08828706994717524,0
-0.0026057101400196957,-0.099601809573585,0.06377457690530947,0.09685558460762117,0
-0.001483936301251676,-0.09960765536435241,0.049864354696426735,0.055178785283236935,0
-0.0014327683664812844,-0.09960893163776945,0.044891456425906306,0.06332032390031528,0
-0.0012713048989441904,-0.09960841681591481,0.04403367912440756,0.04780506782579176,0
-0.000889826066857898,-0.09960927599123827,0.03196273147046277,0.03443888472423077,0
-0.011486665098684476,-0.0993380920136417,0.09813655032930213,0.2033120093872453,0
-0.009051407571474284,-0.09946154770767936,0.08528954886122726,0.1885843814723487,0
-0.006476542555137607,-0.09957724741021337,0.06733286173056054,0.17489667011705107,0
-0.007231240252248453,-0.09952259437865504,0.08087297552796133,0.1725331666206375,0
-0.00839712538532888,-0.09946904799009373,0.08985131909329469,0.1793770222982863,0
-0.007720677518105942,-0.09952714073231435,0.0763112052958939,0.1817405257946999,0
-0.012244722873951265,-0.09924750254661413,0.10790605484937846,0.20211556335976427,0
-0.010739860429592529,-0.09934935036253457,0.10195867383413454,0.19440883127806868,0
-0.0103032716395963,-0.0993980869329233,0.09171304959526469,0.19594819542979702,0
-0.009523793128095646,-0.0994159986029491,0.0955351731000971,0.18704501732062037,0
-0.0062068275911703686,-0.09956077969208624,0.07305525185753464,0.165728027991466,0
-0.004645131184351995,-0.09961150242369489,0.05766050494733731,0.15708045980174662,0
-0.004384962714886551,-0.09958864733047894,0.06797328640890532,0.14025299400591804,0
-0.004830309920789176,-0.09957055070298719,0.07841761031552072,0.1394720322307349,0
-0.00510035596733676,-0.09957359418582014,0.07337546419670703,0.1484061899358995,0
-0.004531412374662179,-0.09959746773660856,0.06281689567812132,0.1486667269038323,0
-0.00531412026992395,-0.09958175770645618,0.06821907346592301,0.15681992283381377,0
-0.005503090377079241,-0.09959798417678724,0.06249668333894892,0.16598856495939884,0
-0.004207170486574292,-0.09958384345999584,0.07313252352874863,0.13168453810980957,0
-0.0031851592894075703,-0.09960515036168852,0.05829518220043556,0.12274605378541245,0
-0.002258468882593475,-0.09961186901111281,0.04861707760037921,0.10523910628567887,0
-0.0026571467053898607,-0.09960468569931913,0.058615358098854146,0.10542407522926858,0
-0.002259314536388543,-0.09960763899452768,0.05377629640683454,0.09667061566403146,0
-0.001478774593806452,-0.09961465229861732,0.036631718846262776,0.08871562204060444,0
-0.0011065150942225408,-0.09961243645121592,0.03206871100333151,0.0701829106940847,0
-0.000628779332293953,-0.09961246819760464,0.019730173549673158,0.05790301061744511,0
-0.0007757535831553745,-0.09961091859023802,0.025682794251498334,0.050084259584853436,0
-0.0009385742013655324,-0.09961110055202836,0.029913438286877796,0.056991503932129706,0
-0.0008584881270127153,-0.09961260458710537,0.025899442276502333,0.0640429606557649,0
-0.0011709851254942897,-0.09961072742447898,0.03608270701370697,0.0631314539704495,0
-0.0013908630896586282,-0.09961041471942776,0.04087746041553084,0.07037178062395047,0
-0.0015820723661963952,-0.09961076177895482,0.04315896433699648,0.07963813629721034,0
-0.001879815032824025,-0.09960998335207506,0.04778361702977632,0.08840887354149424,0
-0.0018444339444910816,-0.09961383293007943,0.042624398223320994,0.09697736416314165,0
-0.0031102497755635295,-0.09960013249001577,0.06345441039888232,0.11417754897913537,0
-0.002691227474792149,-0.09960937756591404,0.053456129900407386,0.11399258003554566,0
-0.003624753035770345,-0.0995934200077538,0.06829347142451375,0.12293106799955676,0
-0.0037472723960645647,-0.09959851938683055,0.06313423430467044,0.13149952389566524,0
-0.0012778878479287852,-0.09961346585778565,0.034350214924797146,0.07944926636734456,0
-0.0004614319336750175,-0.09961067682220875,0.016091796669227196,0.03857055308984293,0
-0.0006872729257258984,-0.0996102917157705,0.023863605811275355,0.040418030821052345,0
-0.0005380553607460729,-0.09961143147669047,0.017910985109450175,0.04823678185364402,0
-0.0006763976491717029,-0.09960980708493107,0.02419092232841461,0.032591406993021356,0
-0.0004008955730364864,-0.09960995319985617,0.01457262461702071,0.023939392279023693,0
-0.0005505228411950432,-0.09960946392899314,0.020008363638691466,0.009634959831350126,0
-0.0008110154645723167,-0.09960888728426764,0.029836788650823017,0.009183791727744948,0
-0.0007114110324305962,-0.09960921187127353,0.026149205813146746,0.018123610363774953,0
-0.0004735699311279624,-0.09960965624395932,0.017290494127856087,0.01678717605518691,0
-0.0006442356439170579,-0.09960955672683133,0.023431336302311367,0.02527582658761174,0
-0.000428519393252203,-0.09961024562988752,0.015332210643123952,0.031254972684433315,0
-0.010173801416468195,-0.09948112265519693,0.07857462076905876,0.2055086350173741,0
-0.011241038557953538,-0.09936618666396863,0.08835558554918044,0.2044103222023097,0
-0.009678690093975616,-0.09946032055829031,0.08193208481514301,0.19704650824486142,0
-0.008050922748298231,-0.09956466539131367,0.06788656099243144,0.19309819861981276,0
-0.005842358314493453,-0.09968119430741816,0.049256957253499156,0.1891244367965917,0
-0.004634245381626688,-0.09965099881096631,0.04852743746108784,0.17007005292028185,0
-0.0052027426692811485,-0.09966430032399867,0.0488921973572935,0.17959724485843676,0
-0.005563993831986786,-0.0996172476443965,0.05793014959582419,0.17248336151866644,0
-0.006239888212089774,-0.09962167579639468,0.058294909492029846,0.18201055345682138,0
-0.006949616433020497,-0.09962809687923461,0.0585717591229653,0.19111131770820222,0
-0.00721966657688573,-0.0995715570815204,0.06760971136149599,0.1839974343684319,0
-0.008595428316650645,-0.09951039638904484,0.07658805492682935,0.19084129004608075,0
-0.009136671510824642,-0.09952252218001502,0.0732305908807451,0.19930341681859343,0
-0.004659703354663942,-0.09962866230530643,0.053093971204212574,0.16357525636101422,0
-0.0031976292886246255,-0.09966071896391737,0.03823606436669581,0.15672760678834005,0
-0.0032550160010870063,-0.09962455834972019,0.04797670069104887,0.1398828600601229,0
-0.003905267042558491,-0.09961990665905184,0.05281860281919309,0.14848165993093476,0
-0.003944874855406387,-0.09963753235002995,0.04794828465701656,0.15690403329504332,0
-0.003248408329724217,-0.09963997068343096,0.04310638252887234,0.14830523342423146,0
-0.0038457132746333817,-0.09960703276441138,0.057974993549977094,0.14006792703302046,0
-0.003235952228613613,-0.09961302213255664,0.05313594144574221,0.13131445692276766,0
-0.002220750293125271,-0.09962609008756658,0.038926001071700016,0.12262479409256469,0
-0.0027026260390035847,-0.0996261292677161,0.043451350881374445,0.1312538270763438,0
-0.002720889166339007,-0.09961612276881886,0.04861059163606779,0.12268542393898857,0
-0.002252411037260964,-0.09961778985711887,0.04377153933603961,0.11393195018912178,0
-0.0015780798056593342,-0.09962289299677927,0.03230842631720901,0.1070907540275182,0
-0.0008044276296419756,-0.09962530809222298,0.017520820437589568,0.09974806968939227,0
-0.0006664444644398517,-0.09961742527544747,0.017537185696221192,0.07999679831813543,0
-0.0011684854898179268,-0.09961984027961275,0.027076269641926172,0.09423184586499836,0
-0.0007299763434266117,-0.09962081738000444,0.01752900306690538,0.08987243400376385,0
-0.0010637435579203094,-0.0996166419620704,0.027084452271241982,0.08435621017936994,0
-0.000899275022901029,-0.09961485102738726,0.024802948349776352,0.07508985450611005,0
-0.0006448679580598728,-0.09961452366063747,0.018633679622947173,0.06894990446779027,0
0.0,-0.09961601573622098,0.0002334111370453746,0.0699653382895077,0
-0.0003306706859814109,-0.09961436933356566,0.009981792343359266,0.0639341744534764,0
-0.00032112021750847,-0.09961694916917786,0.008885298416633283,0.07498106830382156,0
-0.003878737436693909,-0.09965786470104666,0.04338175091389183,0.16339882985431095,0
-0.0019311092872144617,-0.09961757999806092,0.04046275195879411,0.10616493015659853,0
-0.0015277732325558017,-0.09961813678585504,0.03447007258173589,0.09790318803406133,0
-0.00118195600531159,-0.09962468525934878,0.02491462337739929,0.10341941185845524,0
-0.0018789167732099364,-0.09962460760469366,0.035617213694454516,0.11485777406004144,0
0.0,-0.09961235666950014,0.0002667555851949112,0.04996010801887266,0
-0.00023790085068410878,-0.09961155641701035,0.008179276127211053,0.0442653305543578,0
-0.00030887595058580204,-0.09961261082286088,0.009998464567434034,0.053931559318158885,0
0.0,-0.09961384132299614,0.0002500833611201429,0.059962723154190184,0
0.0,-0.09961053283925514,0.0003001000333443396,0.029954787328807953,0
0.0,-0.09961123274753284,0.00028342780926962543,0.03995744767384031,0
-0.00022835557961805737,-0.09961067389899406,0.008195948351285768,0.03426267020932544,0
-0.0002023527152075001,-0.09961030256253632,0.007436362325182524,0.026947089803915823,0
0.0,-0.09960998148911386,0.00033344378488767195,0.009949310345442351,0
-0.0002007442070545825,-0.09960996866188834,0.007453034200954191,0.01694435131223302,0
0.0,-0.09961011109696903,0.00031677190911600576,0.019952048837125154,0
-0.00027830420949956174,-0.09960984116628695,0.010170903711789568,0.009792135088396239,0
-0.008251453332288982,-0.09965898613725277,0.05897878113556556,0.2073769316422593,0
-0.005863499442401079,-0.09982794886347729,0.03934595430376511,0.2088023656195966,0
-0.00728722944889276,-0.0997341279951815,0.04916236771966534,0.20808964863092794,0
-0.007023675658976757,-0.09967099243437832,0.05411786919453236,0.1982506842194255,0
-0.005924685316332995,-0.09974157882899473,0.044301455778632134,0.19896340120809414,0
-0.004455369198639483,-0.09978643624334836,0.03419721592653727,0.19536850810771766,0
-0.003363364754459266,-0.09972021781537659,0.03200899766598824,0.1760150706116592,0
-0.0038763268108986636,-0.09974972589656368,0.03310310679626276,0.18569178935968844,0
-0.005195481481251592,-0.09973290317764354,0.04172708659001821,0.19224647245215468,0
-0.004542100034274567,-0.09970781747440617,0.0406329774597437,0.18256975370412543,0
-0.00404109847527962,-0.09968535939972942,0.040268217563538045,0.17304256176597052,0
-0.0032936873273053014,-0.09968612813029518,0.03512253101634202,0.16637133869999962,0
-0.0015232067778112477,-0.09970009932403781,0.017478448695662025,0.15835078919016832,0
-0.002016578016800406,-0.09965249721227681,0.02877934856676509,0.13985976950775872,0
-0.0025656013470167585,-0.09965726976315707,0.03350770646673045,0.14829368814804939,0
-0.0023851855530391953,-0.09968298625803468,0.027857256531178917,0.1575391979892542,0
-0.0018086109479327674,-0.09967347052014316,0.023128898631213556,0.1491052793489635,0
-0.009560586806787884,-0.09954192674401026,0.06877670095231216,0.2064427833298167,0
-0.008234881963792667,-0.09960026459027523,0.0634326710639985,0.20023756513103602,0
-0.005139095720176766,-0.09980638909751005,0.03677158511515119,0.20208543686365715,0
-0.002652604732962928,-0.0996397552728711,0.03837802462890698,0.13987131478394083,0
-0.0021406964795563635,-0.0996375191543337,0.033852674819232556,0.1312422818001617,0
-0.0010581909537521574,-0.09964025343027771,0.018378482137178624,0.12127724243514348,0
-0.0016475643956979148,-0.0996344516959048,0.02865224160443932,0.12195101826385409,0
-0.0014980318377795186,-0.09964646173816696,0.023578915351971857,0.1305685059714511,0
-0.002370918179515857,-0.09971241400811294,0.024743723180825135,0.16718292990091377,0
-0.0013452704043788195,-0.09963086719709302,0.025343454227193817,0.11418399823133085,0
-0.0009211443060277582,-0.09963169092802239,0.017949651287384096,0.11051265606226787,0
0.0,-0.09963466859919727,0.0001667222407464953,0.10997557373824514,0
-0.0005011326685470174,-0.09963818663699969,0.00927260218896256,0.1156264080866943,0
-0.00042606906379738513,-0.09963035645761545,0.008843771339168032,0.1048618217138187,0
0.0,-0.09962276964825278,0.0002000666888959734,0.08997048921939134,0
-0.00038538813192827426,-0.09962442684333202,0.008860443563242771,0.0948592794543918,0
-0.0003505895946502193,-0.09962032764701634,0.008868626192558583,0.08498364376876338,0
0.0,-0.0996188629568687,0.000216738912970674,0.07996791375444952,0
0.0,-0.09962783659673558,0.00018339446482123437,0.09997303147881824,0
-0.0033644113135046167,-0.09994338765778166,0.01968189381931244,0.2096956954280177,0
-0.002669327949256858,-0.09979710164386334,0.022022973748015626,0.18770639458334068,0
-0.003539979020336632,-0.09979515594407211,0.028110094837276445,0.19153745134552919,0
-0.0030507217524432615,-0.09975608609923792,0.027015985707001935,0.18186073259749994,0
-0.0015057838376776288,-0.09975611206221448,0.01434383550730264,0.17475780777908836,0
-0.0020514038588163907,-0.09977624182319537,0.018183404627659133,0.18123210118121452,0
-0.0024402118249437364,-0.09974188388803475,0.02317641658664544,0.17538643919537378,0
-0.001522168448951178,-0.09972522918263112,0.015911142101482333,0.16655429848462833,0
0.0,-0.09974754889288115,6.668889629864687e-05,0.16999044158289117,0
0.0,-0.09969009730670313,0.0001000333444479161,0.14998554514995202,0
0.0,-0.09971497787374053,8.336112037328148e-05,0.1599879933664216,0
-0.0007300843844351475,-0.0996969958966238,0.008789241020054971,0.15416816717006016,0
-0.0008164786545969123,-0.09972509226389265,0.008772568795980335,0.16417061538652974,0
-0.0007352152001984293,-0.09975399737086234,0.0072052622018006435,0.17237412468098978,0
-0.004519276781245354,-0.09989782849178729,0.029513924061538778,0.20924903052380717,0
-0.0038753427188781137,-0.09986299392777688,0.026939554872924855,0.20253210176786768,0
-0.002878593869054527,-0.09986337656302585,0.020852433783664033,0.1987010450056792,0
-0.0008820781908061771,-0.09966682589972066,0.012444546964179974,0.1399740212083066,0
-0.0014563941367748076,-0.09966095365560614,0.02061194776547253,0.13991689535803264,0
-0.0011758860422562733,-0.09968188082560411,0.014961497829921,0.14916240519923746,0
-0.00046748967592834316,-0.09967871856172308,0.006272290154313945,0.1449797831791293,0
0.0,-0.09965505133853503,0.0001333777925972035,0.12998058846104685,0
0.0,-0.09964352010370521,0.0001500500166718494,0.119978081099646,0
-0.0005578316572916447,-0.09964855201149217,0.009255929964887914,0.12562891544809518,0
-0.0004184293360110254,-0.09966119771543239,0.006288962378388589,0.13497730483467674,0
-0.0009840079412016174,-0.09965191278019757,0.015411514550679298,0.13062563182172504,0
-0.0015502178213592443,-0.09988383186630796,0.0119543736512521,0.19775322539184859,0
-0.0023424162699500124,-0.09991548168144693,0.01581813373528227,0.20372446040993314,0
-0.002164441068406885,-0.09983858853141614,0.016988673699633864,0.19272980998759465,0
0.0,-0.09984046173530901,3.334444814934153e-05,0.18999526352570523,0
-0.000820251977142772,-0.09979775715843209,0.007188589977725991,0.1823765356523968,0
-0.0013503095372842133,-0.09982790024800887,0.011028159098082484,0.18885082905452294,0
-0.0007719211428561193,-0.09986526421140748,0.005993859049700721,0.1938742444587769,0
-0.002152089692241254,-0.09997683986782414,6.046694677848738e-25,0.21,0
-0.0011500024723285999,-0.09993388034403905,0.00597718682562605,0.20387661269592428,0
-0.001242878846229033,-0.09999227596256419,0.00984094690965622,0.20984784771400883,0
0.0,-0.09978885298118728,5.00166722239942e-05,0.1799928525542982,0
0.0,-0.09967022408963988,0.0001167055685225598,0.13998306680549943,0
0.0,-0.09991055359221777,1.6672224074670764e-05,0.19999763176285262,0
