"f:0","f:1",":0",":1",":2"
0.0,-0.02493920871464421,1.0,0.08729520226643536,0
0.00013009402983525125,-0.025121915493763556,0.982676840863493,0.08525516998767303,0
0.0,-0.025823062310628274,1.0,0.07767908771203612,0
0.0,-0.02405830267377847,1.0,0.09691131682083459,0
5.878975044336184e-05,-0.024590557247641434,0.9913384204317466,0.0910832434042538,0
7.152296982235912e-05,-0.025473482300838776,0.9913384204317466,0.08146712884985458,0
0.00032081319066866367,-0.026232369726804837,0.9640499094219559,0.07306253334851681,0
0.00018573005167044933,-0.026835265710812486,0.9832129077831874,0.06666444144734235,0
0.00026360682775140393,-0.02653496029602329,0.9736314086025717,0.06986348739792958,0
0.00015517939941836286,-0.02597751332190436,0.9829448743233402,0.07595980571750768,0
0.00021963401897074464,-0.025677144176174907,0.9733633751427244,0.07915885166809492,0
0.00020661656455149457,-0.02457579770128237,0.9672197520897027,0.09106611370166864,0
0.0002576066621163429,-0.02540295669408899,0.9656348307558293,0.08206432352509273,0
0.00017308738425506846,-0.02484987345304755,0.9749482964765979,0.08816064184467085,0
9.757765383325692e-05,-0.02319011542226653,0.9799756931199143,0.10633093833475156,0
0.00014679535469862653,-0.02388187224697086,0.9735977226048085,0.09869852601821011,0
0.0001129035975012278,-0.02415427869536554,0.9813262669917037,0.0957930541612123,0
5.478340278262199e-05,-0.02362607005100165,0.9899878465599572,0.10162112757779307,0
0.0,-0.02230742928102678,1.0,0.11614352019274939,0
0.0,-0.023180845359778192,1.0,0.10652741850679198,0
4.516972049641464e-05,-0.022750146281495975,0.9899878465599572,0.11123722926375047,0
8.413110855448109e-05,-0.026329536920431867,0.9916064538915936,0.07217176457968924,0
0.0,-0.027598078729922947,1.0,0.05844682976235806,0
0.0,-0.026709456593573388,1.0,0.06806295873719709,0
0.00010317311269210804,-0.027217341268919226,0.9916064538915936,0.0625556356048502,0
0.0004758684824624594,-0.026599328153697917,0.9421709136794589,0.06886169264596599,0
0.0005999954685534748,-0.028225434360467535,0.9535707506218634,0.05145609528283468,0
0.0005373873399284198,-0.027412755337838112,0.9478708321506611,0.060158893964400335,0
0.00044367024965551887,-0.027227626363777638,0.9588103300219096,0.062259314315675746,0
0.00040601909189502705,-0.026416398284304587,0.9531104115507074,0.0709621129972414,0
0.0002989198184595473,-0.024821909808363705,0.9503533063344074,0.08817026425245506,0
0.0003790007232176631,-0.025709271340110595,0.9462621100069332,0.07851597844921052,0
0.0003142222000891227,-0.025527937033368107,0.9572016078781816,0.08061639880048593,0
0.00025536087126546764,-0.02469942728742968,0.958786529212055,0.08961818897706185,0
0.00018182692066894825,-0.023209617315442996,0.9597423935468284,0.1058440260934825,0
0.00011438039971794373,-0.0217267061030004,0.9661342362743724,0.12221424034394163,0
0.00010961524278528821,-0.02245929300982448,0.9730549646971434,0.11427258933934659,0
0.0001448759256396724,-0.022466274211794653,0.9629383149106004,0.11402913321871205,0
0.0001424310055586191,-0.023201722645236574,0.9698590433333714,0.10608748221411703,0
0.00019490556615305458,-0.023892698867165843,0.9634810728182656,0.09845506989757558,0
0.00023493026632147545,-0.024013990862599807,0.9550478499406179,0.09700714517296877,0
0.00039559731443658585,-0.027845187287703244,0.9701510825826887,0.0556793700770967,0
0.000271051548878212,-0.028485973240202776,0.9833457894991794,0.048830681191721445,0
0.0003424821191427042,-0.02816594587470804,0.976748436040934,0.05225502563440908,0
0.0002835347308104163,-0.027340145160712263,0.976681995182938,0.06117190576221952,0
0.00035710434118545566,-0.027038428224654715,0.9671004960023223,0.06437095171280675,0
0.0005024046684134511,-0.02803563245199911,0.961860916602276,0.05356773267996569,0
0.00012423131635692493,-0.02804243975497688,0.9916728947495896,0.05363875547703975,0
0.0,-0.029381163893712044,1.0,0.03921453262108675,0
0.0,-0.028488698831953985,1.0,0.0488306811917224,0
0.000153928202999003,-0.028934035473326854,0.9916728947495896,0.044022606906404096,0
0.00022395010096969348,-0.027659821591958046,0.9832793486411834,0.0577475613195319,0
5.210670910608006e-05,-0.02132990523142531,0.9840566447468675,0.1268822250936209,0
8.320877040535412e-05,-0.021529799161777885,0.97509544051062,0.12454823271878127,0
7.178051750045489e-05,-0.022257185690994358,0.9820161689333908,0.11660658171418622,0
2.9388220034979986e-05,-0.02181995845455755,0.9920283223734337,0.12151287264318514,0
0.0,-0.020575673162564485,1.0,0.1353756994894001,0
0.0,-0.021438751999091704,1.0,0.12575960984107473,0
2.424969812533364e-05,-0.02095398103196821,0.9920283223734337,0.1311289622915105,0
0.0007672160282204287,-0.0286333665118757,0.9339413413987955,0.04688807506637477,0
0.0005264111529685646,-0.026702908618976933,0.9223279624841487,0.06749356151026151,0
0.0006377334426071902,-0.027668885857295558,0.9281346519414722,0.05719081828831814,0
0.0005105360369203073,-0.026651310399002565,0.9322494380818038,0.06817762707811376,0
0.0006075592918849701,-0.02761537361672358,0.9380561275391273,0.05787488385617038,0
0.0006954275419876264,-0.028429524809984924,0.9437560460103294,0.049172085174604724,0
0.0009924407484957986,-0.03016263531273078,0.9468134932900184,0.030561553297571993,0
0.0006306782790194318,-0.029641354071729003,0.9684684074842633,0.03631712404301677,0
0.0006264156320422363,-0.028933629472248083,0.9610195790530633,0.04388660966292572,0
0.0008287992190308818,-0.02990241989875071,0.9576409503871408,0.03343933867029438,0
0.0007748857524827272,-0.02919344785136649,0.9501921219559408,0.04100882429020333,0
0.000876784535488934,-0.029398302733796566,0.9403774173444069,0.03872481418197338,0
0.00036030333212823645,-0.024949070051387922,0.9310187142379803,0.08647910643755004,0
0.0003352786438630116,-0.02488595173598261,0.9406860102861938,0.08732468534500254,0
0.00041602750194842664,-0.025775038805121945,0.9365948139587197,0.07767039954175801,0
0.0004376597962748223,-0.02582484135739627,0.9266733383610646,0.07698633397390578,0
0.0004983903373293376,-0.028742562098582076,0.969309745033476,0.045998247060056736,0
0.0004374972662784868,-0.029063715371345708,0.9759070984917213,0.04257390261736911,0
0.0003387886743128778,-0.029926723506673764,0.9854965941405212,0.033323846671124945,0
0.0003028613869846694,-0.029205826252604542,0.9844211918198502,0.04107726393142319,0
0.0005010337809115121,-0.02978457158070959,0.9769825008123922,0.03482048535707086,0
0.00024192867200347747,-0.02330048366905459,0.9397907526377396,0.1044540480630844,0
0.0002704742231203813,-0.024062068725060587,0.9450720294860735,0.09631215615776972,0
0.00029666964104344744,-0.02412309469278228,0.9354047334378599,0.09546657725031722,0
0.00021566577085555542,-0.023256139789061863,0.949766573092284,0.10514903707828345,0
0.0001576666749492361,-0.021691753382966084,0.9481661102023985,0.12216152003975406,0
0.0001016801529203374,-0.020208614167249915,0.9560248847310299,0.13870589315587964,0
7.41512099502055e-05,-0.02044588434382821,0.9715049796297575,0.13650438478825708,0
3.525500689525349e-05,-0.019664682438116563,0.984380088278886,0.1454910870326434,0
5.3626362771523295e-05,-0.02005522903664538,0.9779425339543217,0.14099773591045023,0
6.497277527585819e-05,-0.020889141957483166,0.9777808121883125,0.131693304940939,0
4.289385634543645e-05,-0.0204942362023049,0.9842183665128768,0.13618665606313216,0
1.9737525451714675e-05,-0.02012194524824311,0.992190044139443,0.14043339326102175,0
0.0,-0.018870469303580138,1.0,0.15460785640909375,0
0.0,-0.019719197418428557,1.0,0.14499177794924692,0
1.627352581359835e-05,-0.019268980424351528,0.992190044139443,0.15004947172086858,0
0.0001962399189841217,-0.02249379201606993,0.943978431420069,0.11330778405141922,0
0.00017096736560187994,-0.02245181480034026,0.9539542518746135,0.11400277306661827,0
0.0001381523921875013,-0.02171091206949697,0.9571501732383855,0.12218788019184784,0
0.0001272672542137992,-0.02094740114912553,0.9520954974667142,0.13043370659781683,0
0.0001089419677367453,-0.0209682956217771,0.9610795605027012,0.13046006674991062,0
8.924799812510813e-05,-0.02032941092188178,0.9637649321803936,0.13760513897206836,0
9.250237934831656e-05,-0.021084446884621695,0.968819607952065,0.12935931256609934,0
0.00016082760121603252,-0.029654372056524426,0.9927482970702606,0.03626918964610584,0
0.0,-0.031171623745639424,1.0,0.01998211869443736,0
0.00020354473590468344,-0.03054917194287366,0.9927482970702606,0.02665298268278115,0
0.0,-0.030275442951174326,1.0,0.029598325657762055,0
0.0007107586299690947,-0.02827510835572641,0.9134747272574814,0.050529201704131,0
0.0011349953856917337,-0.030490305994986436,0.9244163492721428,0.026864288195710326,0
0.0008999543084897042,-0.029383424587757136,0.9189455382648121,0.03869674494992066,0
0.0009406456623403969,-0.029561401919820537,0.9291788453354691,0.036876181631042546,0
0.0007515553252590754,-0.028454508015101042,0.9237080343281384,0.048708638385252884,0
0.0006148823014584191,-0.027488399335043157,0.9179013448708151,0.05901138160719625,0
0.0004937570129103475,-0.02671392978433686,0.9022950547829718,0.06711417429655675,0
0.00037087568142936514,-0.02504551869480604,0.9110670744819664,0.08508912940468691,0
0.00043009929869237604,-0.025878933026004705,0.9066810646324691,0.07610165185062183,0
0.0005188509309970104,-0.02670827570421747,0.9123115086335603,0.06730386790340913,0
0.0005948220234846562,-0.027495353669409944,0.9078848910202266,0.058821688000343875,0
0.0010905712036217295,-0.030326448646839168,0.9356149212810806,0.02871292074664116,0
0.0015897194798797027,-0.03216156546788054,0.9416192611954682,0.009045092701165429,0
0.0013513601888041657,-0.031326196987501234,0.9330178052338055,0.01795469044843788,0
0.0012617637890604714,-0.0311620064386678,0.9442163772427433,0.01980332299936871,0
0.0012021684346830612,-0.03164533938248709,0.9606738411110569,0.01473374306663452,0
0.0006495305208016825,-0.031295973297080185,0.9801735660869282,0.018601508363989213,0
0.0009486421291426322,-0.03147128190488418,0.9704237035989925,0.016667625715311867,0
0.0006533795325016649,-0.03046818574764066,0.9743209867855958,0.02745931620350299,0
0.0008777104042389983,-0.03064296329511512,0.9645711242976601,0.025525433554825644,0
0.0011008041309309555,-0.03090388582628693,0.9537436672005377,0.022647648182103255,0
0.0014258902707777715,-0.03190355627037927,0.9511465511532626,0.011889417883899973,0
0.0004437361383105298,-0.02587538638028265,0.9166975184830576,0.07629134545747421,0
0.0003722126745027447,-0.02499725657129168,0.9210428943599733,0.08578411792111848,0
0.00026807076885761345,-0.02338562109950267,0.9198391116855295,0.10306407834697934,0
0.0003167624781544013,-0.02421420540758644,0.9154530930837479,0.09407660387583312,0
0.0003122707994999902,-0.024168772393032372,0.9254289129617549,0.09477159239226468,0
0.00025960636841896337,-0.023343386449686348,0.9298149321616345,0.10375906320503187,0
0.0001869100998846953,-0.021739728533119566,0.9286111657430528,0.12103901477035757,0
0.0001752503425097837,-0.02171671816173288,0.9383886379727256,0.1216002674050558,0
0.00021385791033337964,-0.02252184061089801,0.9342009591903961,0.11274653141672099,0
0.00022484081492189515,-0.02256050636564384,0.9242251387142911,0.11205154655866845,0
0.00047426772950927656,-0.030611007700342266,0.9828350801137247,0.025962677517557077,0
0.00033355295911245323,-0.031234871190891664,0.9900867830434641,0.019291813529213286,0
0.00012669518500442502,-0.020144205553020007,0.9370987814901152,0.13868636263438078,0
8.098365751565228e-05,-0.018522175380176607,0.9461553236422974,0.15698880794444317,0
5.759834768109255e-05,-0.01871044685059347,0.9667960859680571,0.15581614151294296,0
6.562614499447446e-05,-0.019575842627946247,0.9691505327989073,0.14616026315060002,0
4.85577792458124e-05,-0.019191402339171267,0.9755880871234716,0.15065361427279317,0
2.481442235478361e-05,-0.018016060481666707,0.9839134661107171,0.16422392117563422,0
2.9612345666737208e-05,-0.018836233744799365,0.9841467771948016,0.15485750410413882,0
4.051877068273426e-05,-0.018364495316158816,0.975354776039387,0.1600200313442886,0
0.00014232437349923668,-0.020919901204456377,0.9426324458462568,0.13042394133706742,0
0.00011611101833356408,-0.02017849681941553,0.9465618331105725,0.1386961278951302,0
0.00010190909527598799,-0.019328405077325986,0.9416270525662063,0.147837585289412,0
9.145502471382538e-05,-0.019366618189941422,0.9510901041866636,0.1478473505501614,0
7.083430841965835e-05,-0.01862088449907666,0.9564757048051773,0.15640247472869306,0
7.7531278881701e-05,-0.019455482340825784,0.9614104853495435,0.1472610173344113,0
0.00015457600118485272,-0.02093888165159227,0.932854973616584,0.12986268870236917,0
1.3858825376715002e-05,-0.018445997143201016,0.9919567330553585,0.15941588879236399,0
0.0,-0.01720183152575262,1.0,0.17383998594218616,0
0.0,-0.0180308358168029,1.0,0.16422392117563994,0
1.1371861836764323e-05,-0.017610894424080963,0.9919567330553585,0.1690319535589102,0
0.000917895025632182,-0.02990385501529142,0.9034875507693478,0.03298981617571841,0
0.001037052238184929,-0.030197194365300085,0.9139519500207454,0.02992705218571437,0
0.0008134641394689309,-0.029089088010238948,0.9084811390134147,0.04175950893992471,0
0.0006268571844800914,-0.028368650882315213,0.893509380077197,0.049335438060846774,0
0.0004053228364256619,-0.026822717236526548,0.8823433821539495,0.06572418555768995,0
0.0003300860108853383,-0.025144558441185984,0.8911154180591644,0.08369916948413267,0
0.0003681071140232741,-0.025983253139584373,0.8867294001065569,0.07471167752091132,0
0.0004059474279169297,-0.025930467287163785,0.8967052364210681,0.07540667189034471,0
0.00035661706621249473,-0.025094434816644026,0.9010912462705654,0.08439414944440979,0
0.00025664021562885286,-0.02347127052718163,0.8998874697856402,0.10167410885790139,0
0.00029260277270629775,-0.024307055030398934,0.8955014439224023,0.09268663917101702,0
0.0003100919043940779,-0.024260078612829607,0.9054772721338034,0.09338161913129414,0
0.0002670535218364515,-0.02342798525242871,0.9098632907355848,0.10236909360244037,0
0.00019172894102639275,-0.021807649142167776,0.9086595103006309,0.11964911371352004,0
0.00013801649924415768,-0.0201609618125264,0.9174315775930312,0.1376240329484662,0
0.00016342153745769607,-0.020981621303294628,0.913045543946831,0.12863657333099313,0
0.00016153011427316407,-0.020953159991267838,0.923021371668042,0.12933152385941188,0
0.00019271871724696422,-0.021773588637912632,0.9186353380218418,0.1203440642419388,0
0.00022788115334821063,-0.022598868081245813,0.9142493109930802,0.1113565960302497,0
0.00022287477471226048,-0.022637862841984897,0.9042734900431355,0.11066161128571071,0
0.0005596259679663754,-0.02754088889225888,0.8979022174300844,0.058224806178701766,0
0.0004570188528831745,-0.02676769662785376,0.8923192184684606,0.06641917992712335,0
0.000507425483007987,-0.02759653573256968,0.8879263811155733,0.05752981180926836,0
0.0006795908484586814,-0.0283215440429283,0.9034920536673392,0.04993231988248889,0
0.0007613710834822083,-0.02913683418996404,0.8984984654232724,0.04116262711828259,0
0.0017723577326675126,-0.03277465784575504,0.9228994266841678,0.0023250611618817934,0
0.0017110905685833418,-0.03246786267664519,0.932259343939818,0.005685076931523611,0
0.001422984964921585,-0.031632688641366015,0.9236578879781553,0.01459467467879606,0
0.0012949461511447189,-0.03158759860414229,0.9075456234850465,0.014969510336756836,0
0.0015235768984609482,-0.032181338474427994,0.9152225250846071,0.008647285749319314,0
0.0012314444160749323,-0.031038563935789208,0.9159809863785946,0.02091689926623358,0
0.001091315498004396,-0.030746057008562835,0.9055165871271972,0.023979663256237623,0
0.00013465190261074405,-0.02015328517087047,0.9272651795415732,0.1381551977914235,0
9.561997684615272e-05,-0.018541579695178046,0.926203659343724,0.15559891572778908,0
6.337288542361201e-05,-0.016963406590443757,0.934975751881805,0.17357377816635217,0
5.039537422586272e-05,-0.017014335978229687,0.9544992368417012,0.17445382371337798,0
6.432821552648988e-05,-0.01776248621817004,0.9503272802419993,0.1657213158289106,0
5.784168673188886e-05,-0.01699269220380061,0.9447374943617531,0.17401380093986507,0
7.228597109399546e-05,-0.017746355622854027,0.9405655377620512,0.16528129305539768,0
8.983745161018824e-05,-0.01853372841012278,0.9361794914930106,0.15629386183611613,0
7.832705298647687e-05,-0.01774633495211824,0.9305897056127646,0.16458634694707064,0
0.0001107969292630558,-0.019346106616953514,0.9316512204169196,0.14714263918108494,0
0.00011545870704331144,-0.019347070281536944,0.9218176184683775,0.14661147433812766,0
5.4811666992092147e-05,-0.017864184361218706,0.9606476614048791,0.16513498261316045,0
3.564709277849553e-05,-0.017165536176974184,0.9708097262358004,0.17361010105238503,0
1.6825100911271346e-05,-0.01636961549253412,0.983628057914426,0.18339542420501562,0
2.5616191908496354e-05,-0.01676716526970531,0.9772188920751133,0.17850276262870032,0
3.1179881309049834e-05,-0.017593375904478722,0.9773615961732587,0.16891701111400964,0
2.050260126642599e-05,-0.017186883977385065,0.9837707620125715,0.17380967269032493,0
9.451443774937286e-06,-0.01678960740004109,0.991814028957213,0.1786177050736009,0
0.0,-0.015582980926417363,1.0,0.19307208260180417,0
0.0,-0.016385219954047337,1.0,0.18345603427199517,0
7.657501722379393e-06,-0.015979117386496405,0.991814028957213,0.1882337534034099,0
4.363814057685043e-05,-0.017094003400495977,0.9626544815387508,0.1740319623828815,0
4.549922318968986e-05,-0.017933097904715496,0.9688029061019288,0.164713121282664,0
0.000731335503793216,-0.029859958242357112,0.8844840245393087,0.033325880523977336,0
0.0004697590542710593,-0.0284996591355033,0.8735690607437104,0.04778193498277631,0
0.0005910756529750053,-0.029180288709344936,0.8790265426415096,0.04055390775337682,0
0.0006817409015309303,-0.029114106291250188,0.8889967023082529,0.04133065929241206,0
0.0005568089543961115,-0.028433553090188683,0.8835392204104537,0.04855868652181154,0
0.0004398763544483251,-0.027661088949470825,0.8779562214488299,0.056753060270233135,0
0.00026446589438935806,-0.026937193831153634,0.8623913119022688,0.06433963061129067,0
0.00024448355395572307,-0.02525024867937192,0.8711636589211106,0.08231036535424865,0
0.0003404631630713904,-0.026879047773002863,0.8723673470281091,0.0650319080844903,0
0.0002571751716852258,-0.026093792978481408,0.8667774854116896,0.07332499798276966,0
0.0003179762695852368,-0.026037632659214605,0.8767535205375301,0.07401727545596931,0
0.00029228481907700134,-0.02519633458941178,0.8811395384901375,0.08300476741919066,0
0.00020945720287884146,-0.023563552145946957,0.8799357853533827,0.10028428982758299,0
0.00022810382584797188,-0.02440666698660173,0.8755497221372466,0.09129732759091583,0
0.0002649600371935158,-0.0243557484471322,0.8855256017062736,0.09199172965585783,0
0.0002372210626083624,-0.023516226302180282,0.8899116275695114,0.10097919934274219,0
0.000169618356468447,-0.0218806838281048,0.8887078371158185,0.11825930219426356,0
0.00018967077209320804,-0.0227213305877462,0.8843218112346005,0.10927179601092327,0
0.00020999561991325784,-0.022678395076790186,0.8942976534507293,0.10996670552608248,0
0.00018394899573943315,-0.02184299505624293,0.8986836737082247,0.1189542079538918,0
0.00013111963991841287,-0.020207623201173062,0.8974799228004932,0.13623417588595116,0
9.708306465646933e-05,-0.018553847166702057,0.9062520071821042,0.1542090536393279,0
0.00011343711629347781,-0.019377554293257545,0.9018659649912987,0.14522161476263953,0
0.00011651382462410998,-0.019361742311393253,0.9118417923875677,0.14591654329389706,0
0.00013700620234062172,-0.020183409224285045,0.9074557501967622,0.13692910441720868,0
0.0001595289261825905,-0.021010956767660793,0.903069716550562,0.1279416447997356,0
0.0001499482486546414,-0.021042435780052063,0.8930938799581558,0.12724673904010736,0
0.0008338133486462258,-0.0298816118340474,0.8939857876543282,0.03315784834984788,0
0.0010220500915180297,-0.031002168751142006,0.8941398271954732,0.021161328861886913,0
0.000868398088525934,-0.030431349235220357,0.8893119258673909,0.027243604692932126,0
0.0009743208036040792,-0.030452820952288327,0.8988136889824105,0.02707557251880266,0
0.001157970444910326,-0.03129492898032931,0.9008427253402599,0.018065419599321876,0
0.0012127315259672772,-0.03232259700096298,0.8898226169387047,0.006989879403952194,0
0.001735632026343739,-0.03341414378373372,0.9042719559791966,-0.004649901592325048,0
0.0015058490896543565,-0.0325010357149663,0.9059087897321216,0.005159804372215894,0
0.0017823407905312126,-0.03309399860070089,0.9135856913316822,-0.0011624202152216274,0
0.0003577590078591564,-0.027719186580689496,0.8679801863229897,0.056060782797033484,0
9.808142970050658e-05,-0.01854760762374713,0.9162278332629141,0.15490398468355848,0
6.86481567045667e-05,-0.016933715747734498,0.9150240925843993,0.17218393833799917,0
4.5837309630008104e-05,-0.015367265271484562,0.9237961927089979,0.1901587898028655,0
5.656283529232626e-05,-0.01614230821382208,0.9194101426466986,0.18117136407043233,0
5.449711659863531e-05,-0.016171230977632695,0.9293859722954014,0.18186628398460883,0
6.717915341683784e-05,-0.016949990670891996,0.9249999222331022,0.17287885825217567,0
8.166697307125564e-05,-0.017742947969408823,0.9206138759640616,0.1638914270328941,0
8.214616598157821e-05,-0.017738458134985834,0.9106380498832518,0.16319649598866354,0
0.0014615763250344271,-0.03286856139998277,0.8970472864589507,0.0011699889058135729,0
0.0012732542442335075,-0.031954689912393176,0.8986841202118756,0.010979694870354516,0
0.0011166017007622259,-0.03166243102340305,0.891981222067089,0.014075604132919552,0
3.962933483818546e-05,-0.015443589759991931,0.9437478635394619,0.19154859423039852,0
4.5251962805785976e-05,-0.01623181843797549,0.9491235501905816,0.18300120897188826,0
5.054366551106454e-05,-0.0161950347831301,0.9393618077106335,0.18256118619837536,0
4.348692961114123e-05,-0.015409380840365462,0.9337720281242299,0.190853692016632,0
2.733003941607944e-05,-0.015514040116859886,0.9651997912417675,0.1926229481843846,0
1.0834872788619858e-05,-0.014776603108185585,0.9835800831144655,0.20260314193272883,0
1.857609544001787e-05,-0.015147520152183284,0.9743899371781165,0.1976130450585567,0
1.3585992485882124e-05,-0.015565033984734935,0.9836040705144458,0.1929992830688722,0
2.315057257872582e-05,-0.0159495554346686,0.9744139245780967,0.1880091861947001,0
3.14983964103499e-05,-0.01633598666124826,0.9680047587387839,0.18311652461838482,0
3.768014776420334e-05,-0.01625599037293324,0.9598495140417344,0.18353838594888128,0
3.415229301363729e-05,-0.015486541401170069,0.9544738273906147,0.19208577120739156,0
6.159572261207791e-06,-0.015184940984159491,0.9917900415572327,0.19783761226726648,0
0.0,-0.01403063892148578,1.0,0.21230414511089124,0
0.0,-0.014797310081369896,1.0,0.20268811385634772,0
4.8661950286233615e-06,-0.014407447997070957,0.9917900415572327,0.20745364352181003,0
0.0004907933336473574,-0.030031661880966714,0.8646674450438773,0.031388143027311195,0
0.0006199800385520276,-0.02994525846875926,0.874575734791593,0.03235701177564426,0
0.0004854103049203868,-0.02926565916610127,0.8691182528937939,0.03958503900504375,0
0.000254431143900393,-0.028623226232652572,0.8536191588493018,0.046365585464737444,0
0.00036236899740268693,-0.02932784329429026,0.8591433019465895,0.03887686424602432,0
0.00036780041752984034,-0.028560695571708105,0.8635941097965061,0.04707376022375688,0
0.00026433429071104613,-0.02778042961795303,0.8580052353757853,0.055352608038014055,0
8.773191621825295e-05,-0.027060424855877813,0.842439848535149,0.06294613054856388,0
0.00016189163292369544,-0.027842371273801098,0.8480295036922254,0.05465585800665066,0
0.00017948855530824654,-0.0269977577941784,0.8524155802187089,0.06364288057992727,0
0.00012493817581286806,-0.025365849594602502,0.8512118949005141,0.08092078793793463,0
0.00013263729097515503,-0.02366754937915689,0.8599840099615621,0.09889492254434273,0
0.00013160259332955194,-0.024517117228757608,0.8555979524310381,0.08990785524113867,0
0.0001832034696543829,-0.02446034533721732,0.8655738344413364,0.0906026439492957,0
0.00018815795560236934,-0.025306683031292403,0.8611877769108123,0.08161557664609165,0
0.00018753018835637186,-0.026152425532412055,0.8568016034013914,0.07263020927461264,0
0.00011096422797661407,-0.026213647022566993,0.8468258717178315,0.07193345924324926,0
0.0008101782273849448,-0.03129679542552995,0.8763270766652329,0.017914124916058736,0
0.0006392906919489575,-0.030664514681116948,0.8704972608545551,0.024651133971684967,0
0.0007751428045026686,-0.030578332258174294,0.8804055506022708,0.025620002720018034,0
0.0009274811319861623,-0.031149100037104274,0.8852334519303531,0.019537726888972824,0
0.001001492052664858,-0.0318098615576587,0.8830748468019688,0.012452002160005464,0
0.0009273297046593691,-0.03284155478558945,0.8712239448341094,0.0013569417821788048,0
0.0014830208979427686,-0.03400940985035683,0.885463785920966,-0.011116482954254122,0
0.0011891434981655413,-0.03342565914507415,0.8783438653775377,-0.004879770586037659,0
0.0010861922448019608,-0.03258167203513519,0.880523280886407,0.004173410593065499,0
0.0013476092881368235,-0.03316612937361293,0.8876432014298353,-0.0020633017751509643,0
0.0016334406732659635,-0.033711366967906914,0.8948678709500812,-0.007883192273289586,0
0.00017423654414157466,-0.02361382566048878,0.8699598976574724,0.09958960618596285,0
0.00012327490922392967,-0.021966811911273375,0.8687560594387984,0.11686989805802525,0
0.0001625480525984527,-0.02276741932722532,0.8743459223960905,0.10857709394280413,0
0.00012946644011478328,-0.022817322460886948,0.8643700347001803,0.10788241030118399,0
0.00014918334806281753,-0.02192166733766163,0.8787319482773084,0.1175646001261444,0
0.00010548926423293755,-0.020267167670453484,0.8775282253889778,0.13484452571828093,0
0.00011502712355027351,-0.021116531466150237,0.8731421424138881,0.12585721188815308,0
0.00013496288979878131,-0.021077264867943084,0.8831180312523981,0.12655191395627224,0
0.00012051049534777908,-0.020235076462138034,0.8875040740947355,0.13553935080211604,0
8.478114200319035e-05,-0.018575408940807024,0.8863003666759973,0.15281920980079686,0
6.430968045716437e-05,-0.016903778491075203,0.8950724544498287,0.17079410345000018,0
4.5790464737998925e-05,-0.015281957343189718,0.9039772383074446,0.18868379634065932,0
4.6629176458608275e-05,-0.015325075024874533,0.9138867155082213,0.18942129307176242,0
5.670650911066554e-05,-0.01611588373225726,0.9095006654459219,0.18043386733932926,0
5.4778630497461725e-05,-0.016086117239998858,0.8995248463786367,0.17973894989532974,0
6.769206545000986e-05,-0.01691732316396863,0.905048273517114,0.17148902089399967,0
7.97054397558067e-05,-0.017735307954356756,0.9006622308159664,0.16250157854466404,0
9.261356186230357e-05,-0.018562407586287872,0.8962761869290508,0.1535141317200624,0
0.00010628658029116169,-0.019396297074531412,0.8918901447382452,0.144526692843374,0
9.525711049227845e-05,-0.019419689582219495,0.8819142960324875,0.14383186775953888,0
7.43881496049871e-05,-0.017736029640017956,0.8906864105629131,0.1618066566253985,0
0.0008710424715467822,-0.03206930394862814,0.8737755107496712,0.00963553334911877,0
2.9363065586351362e-05,-0.013694173912041703,0.9127784671484725,0.20695343123912627,0
3.722049287118399e-05,-0.014476836553291603,0.9083778527279586,0.1978186137898928,0
3.739883173560852e-05,-0.014539928785318179,0.9182873299287353,0.19855611052099587,0
2.862451895377805e-05,-0.013929235798769306,0.9326077795056242,0.20756706595151145,0
2.3132623970812646e-05,-0.013954296928482006,0.9506328545587338,0.20985060954693166,0
1.4442052548392641e-05,-0.013657580279036114,0.9675632605636049,0.21544444340238778,0
1.8793373626517553e-05,-0.013809697988044763,0.9590980575611694,0.21264752647465973,0
2.0174762684329995e-05,-0.014571943603266599,0.9663815259026862,0.2040336957933862,0
1.3397338988470797e-05,-0.014223434878297464,0.9755716718390353,0.2090237926675583,0
6.514219328853518e-06,-0.013249005923878327,0.9833456236581359,0.22192015252463393,0
0.0,-0.012564991889062429,1.0,0.23153615993840532,0
2.8488570001760095e-06,-0.012912347028877785,0.991672811829068,0.22672815623151962,0
3.8097347020283816e-06,-0.013646621533978854,0.991672811829068,0.21711214881776258,0
0.0,-0.01328559451597831,1.0,0.22192015252464828,0
3.6661408433996666e-05,-0.014637274732193376,0.9282019861073111,0.19886292787718846,0
3.4247511384580155e-05,-0.014692112812511352,0.9381778215225431,0.19955783009095499,0
2.6226657109251888e-05,-0.013946797150723106,0.9416203170321791,0.20870883774922155,0
3.063600357038792e-05,-0.014688404407102645,0.9471903590490979,0.2006996018886651,0
2.5895744254608645e-05,-0.014739894116174945,0.9579163229002506,0.20123677886565813,0
2.9541622088629162e-05,-0.013816717279519226,0.9226931233270483,0.20726024859531886,0
8.517787546355134e-06,-0.0140021069353621,0.9834628533863008,0.21226164722868138,0
1.0303567215099728e-05,-0.013457689556189626,0.9754544421108704,0.21868229796351085,0
0.00019073853844663646,-0.030222557634008707,0.8447840166084573,0.02929526638814836,0
4.373903108203075e-06,-0.028750996660265538,0.8336677501781793,0.04497059243327574,0
8.702816309141638e-05,-0.029487044529646327,0.8392258833933183,0.03713292941071205,0
0.0002299905493165809,-0.029423118376378867,0.8492015877288795,0.0378304259264429,0
0.0001323275519381548,-0.028686315207013532,0.8436434545137406,0.04566808894900659,0
5.302778784918943e-05,-0.02790621481990989,0.8380537993566641,0.05395836149091981,0
-0.00010679282915713082,-0.027191916993731694,0.8224882312198801,0.061554685865472525,0
-5.9683013269150404e-05,-0.02797171870027237,0.8280779906990297,0.05326263914937413,0
-8.490777086777586e-06,-0.02712512747046522,0.8324640398775145,0.0622504082070182,0
-1.505448625279049e-05,-0.025492827484845503,0.8312598053950184,0.07953128647362277,0
3.5349956821151834e-05,-0.02378646289580657,0.8400318602916054,0.09750657421490493,0
1.4356340716005645e-05,-0.024640631086173693,0.8356458328433118,0.08851893034426385,0
5.6581252989971975e-05,-0.02542788591104706,0.8412358501477663,0.0802260372057787,0
7.478558206833605e-05,-0.0245771423863215,0.8456218775960598,0.08921368107641978,0
8.58893446769372e-05,-0.023725016060997525,0.8500079351265837,0.09820074837962384,0
5.831494949132532e-05,-0.022071943841085594,0.8488038384699976,0.11548214083404011,0
9.267808610283966e-05,-0.02201671788750035,0.858779948954398,0.11617601944603267,0
9.142032835257641e-05,-0.022871455051401483,0.8543939242157799,0.10718853168919143,0
4.954034661092171e-05,-0.02293023439165712,0.8444178493808014,0.10649435752447252,0
0.0003468149102722667,-0.030126499636713353,0.8547257308261673,0.030341704707729778,0
0.00045360599531688104,-0.03178617701543829,0.8546615875660182,0.012609039087652586,0
0.0005914631754212362,-0.03341552939672659,0.855013316079551,-0.004828285005660708,0
0.0005192759855807095,-0.03260115663274201,0.8548374518227846,0.003890377040995939,0
0.0007715077045508382,-0.033128257187970495,0.8631186304568301,-0.0017356716117409516,0
0.001035734882223773,-0.034486946246877655,0.8662640578336969,-0.016289082793204335,0
0.0009861035886587696,-0.03366438407371835,0.8687440013339032,-0.007466070505512765,0
0.0012776014340120545,-0.034247821187956363,0.8758639218773314,-0.013702782873729228,0
0.0003091206906966847,-0.031004717312059837,0.8497228020872377,0.02095215273790047,0
0.0004825513099403112,-0.030909031564536085,0.8596645163049477,0.021998591057481892,0
0.0006468450166222875,-0.03154087565187865,0.8654943321156255,0.01526158200185566,0
0.000676820844451097,-0.032313901087871535,0.8629427662000637,0.006982990434915695,0
2.949866286162467e-05,-0.02627716017696046,0.8368498269650837,0.07123870851109332,0
-5.4734942385437963e-05,-0.02634323114416363,0.8268740183074492,0.07054298616954766,0
0.0008008789132743146,-0.033951339278538877,0.8606386869566239,-0.01055868389943252,0
6.413362400582114e-05,-0.0203498310485888,0.8575763263243317,0.13345571787513885,0
8.650578640618168e-05,-0.0203050783071714,0.8675522758566547,0.13415012179670988,0
9.074558254159095e-05,-0.021161140745318694,0.863166192881565,0.12516280796658205,0
6.285244849028195e-05,-0.021211769206844172,0.8531900823971647,0.12446892935458947,0
6.017450245977599e-05,-0.018635090225213344,0.8663575335678947,0.1513021035532271,0
5.067238027404226e-05,-0.016897391898078998,0.8751208398861814,0.16940423912989325,0
5.585217355336867e-05,-0.017765283820344244,0.870739186727038,0.16035317134156019,0
7.390361705055224e-05,-0.018601065927863824,0.876328950121946,0.15206065667701196,0
6.633416583671234e-05,-0.017743141200415896,0.8807106032810894,0.16111172446534505,0
5.858508183307985e-05,-0.01689613765718591,0.8850966471680051,0.17009917128994673,0
3.951705632254924e-05,-0.015237330546618244,0.8840089603145271,0.18691135521202346,0
5.108880712176398e-05,-0.016079697824816074,0.8895407073821779,0.17885272933101182,0
4.34540105490376e-05,-0.015255513529894505,0.8939930993109859,0.18779757577634137,0
2.7009922957014972e-05,-0.013563928116633688,0.893019442543307,0.20505070809356502,0
1.318245252657405e-05,-0.011774255985140758,0.9018502497263741,0.22540595484748097,0
1.993369761502553e-05,-0.012651027754841962,0.8974348461348405,0.215228331470523,0
2.868821695660139e-05,-0.013627361666079585,0.9028989548458898,0.20600206966634566,0
2.106575148224331e-05,-0.01274940202241117,0.9073143584374233,0.21617969304330362,0
1.7191683777741885e-05,-0.01240965178632174,0.9237136610685733,0.2234772212795361,0
2.2987897112433892e-05,-0.013035926252594086,0.9182460641085229,0.21521532625933118,0
1.561230468967009e-05,-0.012104541185540304,0.9127819553974736,0.22444158806350853,0
8.077975578639475e-05,-0.01945552001745298,0.8719428794784363,0.143073314635754,0
6.305341112775269e-05,-0.01949275691339833,0.8619669299461132,0.14237891071418296,0
4.52924440101364e-05,-0.01606363495925473,0.8795649001003543,0.17815779717095837,0
3.3282911977429715e-05,-0.014392010398510947,0.8885142014289171,0.19598103165279424,0
3.5942254226634525e-05,-0.01443505701323649,0.8984983404253758,0.19686725221711215,0
2.2863979505008852e-05,-0.013174893175512433,0.9281607202870987,0.21552214361552377,0
1.743191749131209e-05,-0.012761467599928002,0.9391912202542236,0.22247464502121872,0
1.75766081992391e-05,-0.0125929033760422,0.9314524406613984,0.2229759331503774,0
2.2657286355393496e-05,-0.013335770565550326,0.9358994998799239,0.21502085548636507,0
2.0539127544061586e-05,-0.013363894291604062,0.9449120374064788,0.2161626272840752,0
1.1804499434600363e-05,-0.01236562239491783,0.9529882631768256,0.22991729520397816,0
1.3625862535437385e-05,-0.013018935336762955,0.9602757618702152,0.22268086930318298,0
1.697638791501563e-05,-0.013146358327785244,0.9518105588677797,0.2198839523754549,0
1.4551910634600775e-05,-0.012562752583701379,0.9460897417155246,0.22619597011259845,0
7.491599848056302e-06,-0.012273146637368205,0.9697635407168214,0.2336337112875095,0
9.699553245302821e-06,-0.012326878531134833,0.9613759019468235,0.23177550324574384,0
1.0647611630861297e-05,-0.012953480232430394,0.9686634006402131,0.22453907734494866,0
7.430978674733156e-06,-0.012765874318970447,0.9765545821874786,0.22777693190607173,0
2.902210671619955e-06,-0.011862389200827923,0.9853938504913019,0.24079045201897573,0
0.0,-0.011208668252572785,1.0,0.25076812940961785,0
1.1653895053181964e-06,-0.011539570876295145,0.992696925245651,0.24577929071429677,0
1.7908430150052992e-06,-0.012219477739174889,0.992696925245651,0.2361633059786905,0
0.0,-0.011871691033774811,1.0,0.24115214467401158,0
4.499572360160106e-06,-0.012542257114422098,0.9843697370747189,0.23135530227180484,0
5.024707364190783e-06,-0.012073150359533234,0.9775786956040616,0.23721208165324262,0
-0.0001446702905097906,-0.030342998929434706,0.8248357826436785,0.028006136903699557,0
-0.0002577678285114906,-0.02888460207768679,0.8137160613182189,0.04357948640214245,0
-0.00017359413690692916,-0.02803896899685517,0.8181021462690495,0.05256708613380749,0
-0.0001266256505577509,-0.028817054776912408,0.8236919057481991,0.04427503941770909,0
-0.0002108550647945734,-0.029613863886763608,0.8192759219809487,0.035792811652921,0
-6.0921226152968275e-05,-0.029547390490300186,0.8292517664109289,0.03648836466848765,0
2.4950897489805913e-05,-0.03028217433443214,0.8348098996260679,0.02865070164592396,0
4.203587105891208e-05,-0.031524709502960185,0.8353667650869676,0.015381356494369837,0
7.871919727470661e-05,-0.033189256857520194,0.8362870419329663,-0.0024231507305510127,0
0.00024546979607061324,-0.031655040402144445,0.8450141763264929,0.013995197791011212,0
5.865874189360928e-05,-0.03235732074159117,0.835826903509967,0.006479102881909412,0
0.0002902909411577856,-0.03248748755244532,0.8454743147494923,0.005092944178550786,0
0.0003326428029451032,-0.0333020993021691,0.8456501790062587,-0.0036257178681058603,0
0.0004412858291537701,-0.03477420984719157,0.8466299449095378,-0.01939515684795855,0
0.0002423465553304298,-0.033981913265437785,0.8414584934212521,-0.010909153789254781,0
0.0005278241249310563,-0.034094914691762956,0.8508216304945444,-0.012111720926809628,0
0.0007492350769854221,-0.03463028335150048,0.8564470013716173,-0.017842119820581443,0
0.00012533839210973692,-0.030873738482191715,0.8400753908477124,0.0223383114412591,0
-6.0718609208072955e-05,-0.030933900621915134,0.8301012738653231,0.021693746699034698,0
-0.0002997107585748275,-0.02733113302775807,0.802536541676551,0.060164219418675134,0
-0.0001603320770126495,-0.02563073438206985,0.8113066214265188,0.07814475129407684,0
-7.121292960503669e-05,-0.02392108415207791,0.8200789120583597,0.09612001461006471,0
-4.7997466480166474e-05,-0.02470735366821729,0.825669358726689,0.08782565054184374,0
-1.7528783420715198e-05,-0.023851833203565067,0.8300553861749825,0.09681329441248482,0
-1.752029157632016e-05,-0.022198517661944098,0.8288497631436781,0.11410083426751026,0
-4.071855474140241e-05,-0.02306152275169243,0.8244643376010189,0.10511042443878749,0
5.052456085403071e-06,-0.02299341763729918,0.8344408117176417,0.1058037042412076,0
2.1207981262651523e-05,-0.022132432932079157,0.8388268008068378,0.11479148755077519,0
1.202345059964775e-05,-0.020461951694053692,0.8376236091788727,0.1320704297685044,0
2.6183699767411734e-05,-0.018783984692323046,0.8464502210316418,0.1492745981511079,0
2.0638702951643595e-05,-0.01962485649976692,0.8420369151052572,0.14067251395980615,0
4.305467733135341e-05,-0.01956987905684534,0.8520132736779867,0.14136515801312338,0
3.905070792085641e-05,-0.020401955298377124,0.8475999677516022,0.13276307382182162,0
3.219005015060193e-05,-0.02126878571429442,0.8432137238244352,0.12377628530127224,0
-3.103958771939528e-07,-0.021332274831440623,0.8332366861612754,0.12308563201800732,0
-0.00028598344759567923,-0.028107830014323036,0.808126301497385,0.05187185291040879,0
-0.00020471292873786682,-0.027260630277581965,0.8125123864482156,0.06085945264207383,0
-0.00013954428999110783,-0.02641143329448424,0.8168974263231994,0.06984971857977468,0
-0.0002226537171007497,-0.026481999477571662,0.8069215815515349,0.06915448535637599,0
-8.80305778958211e-05,-0.025560456433920437,0.8212832134107686,0.07883801888384981,0
-0.00011050869994381545,-0.02477728673465053,0.8156927667424392,0.08713238295207078,0
4.425165187139566e-05,-0.018704095824694133,0.8564038772997682,0.15028835085216752,0
3.0403210047419037e-05,-0.01713131801067957,0.85508960868682,0.16608241680320318,0
4.388457912798012e-05,-0.017887612338846674,0.8607235711273573,0.15869226017821514,0
4.160608088358083e-05,-0.017006542318168488,0.8651052242865007,0.16774332796654823,0
2.5220927169432622e-05,-0.01519617113909294,0.8617163048515515,0.18544595933975316,0
3.31520312574507e-05,-0.015206319875694669,0.8728626325830393,0.1861786572758883,0
3.676316553986914e-05,-0.01605578397492065,0.8684185723688664,0.1774250992348232,0
2.8170407754122445e-05,-0.016167057947926274,0.8584029567691858,0.17576418807147817,0
2.9232116307268552e-05,-0.017959082058173956,0.8507699148592309,0.15767850747715556,0
2.190679155170781e-05,-0.013648578855135875,0.8728913299973503,0.2014102086916023,0
3.0109605047014263e-05,-0.014454225803630124,0.8784501451559388,0.19416078195181288,0
2.498676648799045e-05,-0.013595254798733011,0.8829553862703287,0.20323045839258366,0
1.1803896189332289e-05,-0.011816973601555302,0.8798161627471142,0.22007936600939834,0
0.0,-0.01000000000000012,0.8854261880583083,0.2388915800012268,0
1.2754789030584297e-05,-0.011780355710785489,0.8908332062367441,0.22274266042843965,0
6.044283877828595e-06,-0.010900206328123335,0.8826211754027112,0.22948547300531258,0
6.658013051913394e-06,-0.01092265762497465,0.8936382188923412,0.23214876742435386,0
0.0,-0.01000000000000008,0.9042408170745975,0.2453582790191335,0
6.398071476394099e-06,-0.010874162112046613,0.9030455334004858,0.23538211693330724,0
0.0,-0.010000000000000007,0.8948335025664529,0.24212492951018016,0
2.415222465962824e-05,-0.014416084750054316,0.867303817424451,0.19342808401567774,0
1.9071226926907398e-05,-0.012709922918322958,0.8864178026452105,0.21256503705148166,0
1.702818028053895e-05,-0.012727065779787973,0.8763537463722322,0.21074478735050034,0
7.061251208123872e-06,-0.011008251428096182,0.9174847028197525,0.23820905295870512,0
8.044373416104857e-06,-0.011336925529143338,0.9361441244835792,0.2394421931002711,0
1.2570146564792719e-05,-0.01204321191184384,0.9376676723689015,0.2309584190607449,0
1.2266118664349034e-05,-0.011855923633806192,0.9299288927760763,0.2314597071899036,0
7.792653729137586e-06,-0.011183485646263537,0.9268144136516658,0.23882562302948812,0
1.2074174083912074e-05,-0.011711830810448083,0.9205991819441629,0.2308431371191206,0
1.0036156724443392e-05,-0.011371753183484627,0.9096674762730632,0.23180750390309304,0
3.7161391413926403e-06,-0.010520298617035132,0.910862759947175,0.24178366598891932,0
1.0357497815241779e-05,-0.011867090052002774,0.9445661938302023,0.23467974415212461,0
5.038446528389564e-06,-0.011156547592225268,0.955386590690912,0.24645361106484304,0
2.859178577713714e-06,-0.011058085652502735,0.9725808459792648,0.2509809162387356,0
3.961974962721805e-06,-0.011117819800717691,0.9639837183350883,0.2487172636517893,0
6.6516216179693165e-06,-0.011722945585727066,0.9625750657038668,0.24004366117617626,0
4.93701922053774e-06,-0.011652335024240585,0.9711721933480431,0.24230731376312253,0
3.159596640758927e-06,-0.011465366721957668,0.9789873482352833,0.24588568412885564,0
1.0510700960448942e-06,-0.01082978533088985,0.9869217502453348,0.2559891166143068,0
0.0,-0.010000000000000068,1.0,0.27,0
2.45935940058004e-07,-0.010406311655510906,0.9934608751226675,0.2629945583071534,0
6.622552095553541e-07,-0.011026625010515054,0.9934608751226675,0.25337862301196235,0
0.0,-0.010580911762511046,1.0,0.2603840647048089,0
6.5592124193264415e-06,-0.011253371860537377,0.9457653575872456,0.24294790208255707,0
8.157319466746427e-06,-0.01174899856399012,0.9541874269338688,0.23818545313441059,0
1.880468675622209e-06,-0.011335927806967613,0.9861578003683183,0.24838978431664127,0
1.887460973731215e-06,-0.010951813016510062,0.9797512981122998,0.2534850164265212,0
-0.0003820615355409782,-0.03208365902990518,0.8162653949370245,0.009419493194516668,0
-0.00016202678481869274,-0.03180383657489434,0.825816080011996,0.012400424844443252,0
-0.000172945420034021,-0.03263613776345749,0.8262762184349954,0.0034981712319828275,0
-0.0004227349569851695,-0.033579167152650954,0.8182760883536475,-0.006589801516331561,0
-0.0004035906961154286,-0.03283164016415203,0.817270741645336,0.0014148458390925533,0
-0.00016578160991742013,-0.03338395074312597,0.827281565143307,-0.004506476123441287,0
-0.00021976272203327635,-0.03481785819924259,0.8267610165945096,-0.019866783672707618,0
0.00011235293281962353,-0.034795765026686985,0.8366954807520237,-0.019630970260333086,0
-5.4160446568761675e-05,-0.03400372971970697,0.831524029263738,-0.011144967201629316,0
-0.0003322527646940694,-0.03419855509251178,0.8225185524740786,-0.013228292594519589,0
-0.0004808656085166806,-0.03045389732795247,0.804919449467674,0.02686782800929459,0
-0.0005069947093974594,-0.029005727876699163,0.793751055493052,0.0423795735493212,0
-0.0004700630166956982,-0.02747352038555703,0.7825826253630852,0.05880577213632604,0
-0.0002945405478221539,-0.02577724411719598,0.7913537909291097,0.07676704780134574,0
-0.00017457575703847686,-0.02406773288272324,0.800116604344687,0.09475742493858191,0
-0.00022987134806338577,-0.025702973163396505,0.8013302061778143,0.07745589954771129,0
-0.00022864162085272846,-0.024924027942811136,0.7957351976368984,0.08576223636996383,0
-0.00017134747670880332,-0.02484902255684762,0.8057116128856029,0.08645108811632937,0
-0.0001241114734133727,-0.023992804734013634,0.8100977582015234,0.0954387197743233,0
-9.507189669232877e-05,-0.02234412470678868,0.8088876447635037,0.11274351187204933,0
-5.6694757661626726e-05,-0.022268837323232562,0.8188687039535909,0.1134221730697798,0
-8.640072574956747e-05,-0.023132650087265224,0.8144832784109317,0.10443176324105702,0
-0.00013056274561664175,-0.023208029948414963,0.8045021245540953,0.10375046840531563,0
-0.0003142832208710261,-0.030397909094683668,0.8148776160556763,0.027436982456497075,0
-0.0002501316323533643,-0.031213759509533135,0.8205505887903515,0.018712815049108114,0
-0.0004443680909732566,-0.03126881675121927,0.8105924222023493,0.01814366060190563,0
-0.0003587441175188415,-0.029669745312863108,0.8093177553929465,0.03522365720571852,0
-0.0005023729882117982,-0.029729683868324214,0.799335252480363,0.034623700779307896,0
-0.00038556057827578177,-0.028944549075958205,0.8037335584056355,0.04297952997573183,0
-0.0003934604648145337,-0.028169221061078806,0.7981437985848014,0.05127189648399817,0
-0.0004938998668673121,-0.0282393215555839,0.7881668404280686,0.05059267284282362,0
-0.0003890562410555192,-0.027401686638590862,0.792559583519818,0.05948499577750059,0
-0.00030170028063142176,-0.026553888091220786,0.7969451663028304,0.06846563361001044,0
-0.0003742302604893035,-0.026626483813602757,0.7869682081460975,0.06778640996883589,0
-4.445976110110243e-05,-0.02060384632371801,0.8176678067537066,0.13069998074403208,0
-1.3923274899491886e-05,-0.01896812120868831,0.8266579467079035,0.14733759300421195,0
-2.7246185605649312e-05,-0.01978893796474955,0.8221628767308051,0.139018786874122,0
-2.882083223217379e-06,-0.019716247235188816,0.832140777943388,0.13970401138635818,0
-1.6111361100928722e-05,-0.020529138586167305,0.8276457079662897,0.13138520525626823,0
-3.364531598926732e-05,-0.021401773581843902,0.8232587849486923,0.12240040750577116,0
-6.676380924545203e-05,-0.02147677489662401,0.8132777257586052,0.1217217463080407,0
6.617837805181906e-06,-0.018870657241930485,0.8365540838697727,0.14830609557765995,0
4.481199752777468e-06,-0.01741310608927962,0.8362579545071919,0.16292443013493893,0
1.4068632166440667e-05,-0.01810064205777995,0.8413540877694168,0.15609951414302342,0
1.8143007951893446e-05,-0.01726513282292632,0.8456737815970059,0.16450342346907104,0
1.3059745028570699e-05,-0.01588136625697958,0.8452643720555375,0.1780826943881243,0
6.921551908440021e-06,-0.01425098497628399,0.8426286482765658,0.19354552425318278,0
1.425661754257125e-05,-0.01365610245881485,0.8568401860307572,0.1997971284015493,0
8.076729694627035e-06,-0.01191683016096743,0.8593264310281677,0.21594604358640265,0
1.1277951908075293e-05,-0.012794233217146851,0.8580833085294625,0.20787158599397598,0
1.832805709459688e-05,-0.013643302206908337,0.8648657580140537,0.2006036685465758,0
1.4332718507050338e-05,-0.012799020998854091,0.866108880512759,0.2086781261390025,0
1.0165506325707952e-05,-0.011842871147186353,0.869571296887641,0.2180127047979005,0
0.0,-0.010000000000000082,0.8662195908051051,0.2337211683996453,0
5.593383453285346e-06,-0.010942194267870109,0.8730178767761096,0.22690026720452183,0
0.0,-0.009999999999999993,0.8758228894317067,0.23630637420043604,0
-3.353264818623055e-06,-0.018193197993853924,0.8314579506075477,0.15513101156957543,0
9.67048969485467e-06,-0.016649423888504412,0.8407611632813647,0.17050356226153163,0
2.092100879997313e-05,-0.01650934325787424,0.8501769903711788,0.17208255559566374,0
1.9974967153611886e-05,-0.0155300716369661,0.8534903384535445,0.18176432686393873,0
9.67992404074759e-06,-0.015073993199812728,0.8439465101660517,0.18581410932065354,0
1.5457493479071603e-05,-0.014718933176633713,0.8521724765640586,0.18949574179646797,0
1.9293340590432793e-05,-0.014434402743104877,0.8592782454411543,0.19262154387065122,0
1.1069989048348468e-05,-0.013944481056989687,0.8497344171536615,0.19667132632736606,0
4.577021836302577e-06,-0.01096346741853915,0.8627730109166365,0.224833605993024,0
0.0,-0.010000000000000087,0.922874351952651,0.2523349055529612,0
0.0,-0.01000000000000009,0.9416000801136555,0.2590574363932764,0
0.0,-0.010000000000000028,0.9322372160331532,0.2556961709731188,0
3.5871646874584024e-06,-0.010642758614794117,0.9388721022986173,0.24924981474677374,0
4.27330858306237e-06,-0.010681532355342258,0.9295092382181152,0.24588854932661613,0
3.309655160512187e-06,-0.010489399522243509,0.9201795273862017,0.24527197925583316,0
0.0,-0.009999999999999998,0.9135575845136242,0.24884659228604733,0
2.79787674230345e-06,-0.01058602975855629,0.9484933354022838,0.25275552372905974,0
0.0,-0.010000000000000104,0.9606607333493586,0.2647487516745506,0
0.0,-0.010000000000000097,0.9801668230395538,0.2686185893907269,0
1.1251279146146584e-06,-0.010508539736156612,0.9763738345094093,0.2597997528147312,0
1.6503144265506124e-06,-0.010527595476246586,0.9666207896643118,0.25786483395664306,0
0.0,-0.010000000000000004,0.9704137781944562,0.26668367053263875,0
2.1786285897568845e-06,-0.010555712067516895,0.9580236620201353,0.2556011813696968,0
0.0,-0.009999999999999997,0.9511304067315071,0.2619030940339135,0
6.220602964593889e-07,-0.010406778152517665,0.9835442866424443,0.26230385300251685,0
0.0,-0.010000000000000007,0.990083411519777,0.26930929469536347,0
-0.0007437472506211395,-0.03170374880566648,0.7970225942624279,0.013533193503692883,0
-0.0006031975711555762,-0.03107908908638344,0.800971021865051,0.020200510756493737,0
-0.0005732657171325737,-0.03189325275660063,0.8066439945997262,0.011476343349104776,0
-0.0008174801400320659,-0.033084384447622704,0.8014711941535589,-0.001260798883306987,0
-0.0008473388496545484,-0.03460894604948335,0.807013186771111,-0.017608716648434795,0
-0.0008388605678216253,-0.0338467706274476,0.8042421904623349,-0.009434757765870891,0
-0.000630981702585396,-0.03333149403541065,0.8098736412536032,-0.003925300199819274,0
-0.0006228493629498875,-0.03409412429921455,0.8126446375623793,-0.012099259082383178,0
-0.0005413521312780619,-0.03471312264448847,0.8168871016828103,-0.018737750160571207,0
-0.0007831673670252046,-0.032394184970489764,0.7992468942079934,0.006136197310192948,0
-0.0005872106811439837,-0.03258404551073346,0.8088682945452917,0.00407934715560484,0
-0.0008292879286104836,-0.03067567708077841,0.7833037181597425,0.02459447159116351,0
-0.0006597829198651418,-0.030564324853893304,0.7941115838137083,0.02573114980022905,0
-0.0006537815381846258,-0.029841319215030783,0.7885273868263973,0.03348702257024236,0
-0.0007086433088245521,-0.029061920769767387,0.773734571316652,0.04191889629155631,0
-0.0005943740152096473,-0.0276077631277786,0.7626197698247998,0.05757586048600764,0
-0.0006543663377369417,-0.028334365553207622,0.7681771705707259,0.049747378388781974,0
-0.0005795714299465986,-0.02826843456784589,0.7781585983398687,0.05036233421394118,0
-0.0005393187494428741,-0.027540310977600554,0.7726011975939425,0.05819081631116684,0
-0.00040061794716831343,-0.02592956466931888,0.7714027721906658,0.07539620243756888,0
-0.0002616528484620038,-0.024225195083112116,0.7801516407366366,0.09339370800475455,0
-0.00016433288053302716,-0.02249960976973936,0.7888877474627715,0.11146497348403128,0
-0.0002084985873376304,-0.02336454334757719,0.784519694099704,0.10242934074439292,0
-0.0002209700319826931,-0.024145411507003403,0.7901341225406617,0.09407556647166823,0
-0.0001717069920800951,-0.023282886553838204,0.7945021759037292,0.1031111992113066,0
-0.00013137649255901907,-0.02242004521177449,0.7988876961131376,0.11210424267804031,0
-9.800836889152079e-05,-0.020766743899445068,0.7977015364012557,0.12939478188594847,0
-5.315995723219903e-05,-0.019014198592053857,0.8069913021896244,0.14721659980088436,0
-7.319900857779741e-05,-0.01989469973132649,0.8023464192954401,0.13830569084341643,0
-5.0421009825556415e-05,-0.019808968354461793,0.8123295544716655,0.1389582902724582,0
-3.4059419893060365e-05,-0.018986304680022124,0.816824624448764,0.14727709640254816,0
-2.313508240352883e-05,-0.017407833972556703,0.8179486561996329,0.16314697718258622,0
-3.472309024366671e-06,-0.015893835477105808,0.8301944492141181,0.1778255571348541,0
-6.931941883170807e-06,-0.014015077013662752,0.8233954303895767,0.19575694192365375,0
-5.830221947320086e-06,-0.014962158009901163,0.8267949398018475,0.1867912495292539,0
2.8331439510076118e-06,-0.015074416361162706,0.836411548745342,0.18568554069401844,0
-2.2831548245500264e-07,-0.014118661818510188,0.8330120393330713,0.19465123308841825,0
2.029119672056557e-06,-0.01226551390408688,0.8385229061422875,0.21143569066185078,0
7.196800644753306e-06,-0.012958588609778035,0.8476815460865224,0.20561640953170005,0
5.434668616927631e-06,-0.012060287238531149,0.8489246685852276,0.21369086712412672,0
0.0,-0.010000000000000075,0.8465786060015866,0.2306201074586626,0
1.8645028078289058e-06,-0.011158722041284498,0.8425507560719371,0.2210278990602567,0
3.3060310541454237e-06,-0.010989133102050467,0.8529525185148772,0.22328307552253263,0
0.0,-0.010000000000000037,0.8563990984033458,0.23217063792915393,0
-0.0007984497477661287,-0.031189411864738878,0.7901631562110852,0.019063832547428196,0
-0.0006151412428787254,-0.029033362769596085,0.7837428134048521,0.04214923492043876,0
-0.000772887694904307,-0.029868637047190373,0.7785191447381973,0.03325668394135991,0
-0.0004378622874481561,-0.02670091652836054,0.7769926987768755,0.06710098728694747,0
-0.000352167023714085,-0.02585281592812982,0.7813782815598878,0.07608162511945732,0
-0.000280519186988417,-0.02500047822696267,0.7857527158328732,0.08508037790305015,0
-0.00032508859676045953,-0.025078838156428543,0.7757772064636512,0.08439495522116172,0
-0.0004894851786241312,-0.02676962804866437,0.7670112710077328,0.06648603146178826,0
-7.206912923116691e-05,-0.020682303754882538,0.8076846715774813,0.13004738131499027,0
-9.854036433786237e-05,-0.021554773210918997,0.8032945905823797,0.12106914687899889,0
-0.00012792077324226921,-0.02163620718805936,0.7932946419320136,0.12042987768498987,0
-1.9600145088356713e-05,-0.018189641575223285,0.8223033014537682,0.1552422850933991,0
-3.649166673231779e-05,-0.018215324369831858,0.8124699791946286,0.1551817884917353,0
-9.489329406070084e-06,-0.017404164312950464,0.8271033053534124,0.16303570365876258,0
-1.325911497551341e-07,-0.016657573302357783,0.833226201860655,0.1703749936348965,0
-1.2026423053936964e-05,-0.0166539378946631,0.8240715527068755,0.17048626715872017,0
4.86126604761991e-06,-0.015881545901015513,0.8377294106348279,0.1779541257614892,0
4.0899807971393966e-06,-0.013273737993837681,0.8405757772094267,0.2024906074575168,0
-1.2864635740366059e-06,-0.013142113790255545,0.8309591682659321,0.20359631629275227,0
-0.0011016595866246328,-0.03237569619674606,0.7834949304327468,0.006391049514012516,0
-0.0012613899744530494,-0.03180927218263405,0.7664406059945907,0.012547544574753343,0
-0.0010354430785549501,-0.031242712664368205,0.7748721620771666,0.018571008082958425,0
-0.0009578398379805585,-0.03152598427308862,0.7833993242962447,0.015492760552588013,0
-0.0011972786253951185,-0.03209212027839359,0.7749677682136688,0.00946929704438293,0
-0.0009174924839594556,-0.03203972847944936,0.7902587623475874,0.0099621215088527,0
-0.0009767672300435822,-0.03272964861774667,0.7924830622931529,0.0025651253153527644,0
-0.0013515565115760184,-0.034188195322843444,0.7876595005337012,-0.013054537870912163,0
-0.001226683795864918,-0.03328212190355585,0.7855772154832239,-0.0033317441784498237,0
-0.0010696044476610142,-0.03363642304062516,0.79456534734363,-0.007157668377109575,0
-0.001115349290693471,-0.034398236628957336,0.7973363436524061,-0.01533162725967348,0
-0.0009853463398318695,-0.03035192023199098,0.7646672949840738,0.0281786771193157,0
-0.0009203264935788138,-0.030513379307441576,0.7739855065719081,0.026386574355239605,0
-0.0011168759145455001,-0.031080714298564672,0.7655539504893323,0.020363110847034523,0
-0.0008382319823284908,-0.02970730676685242,0.7692009331503629,0.03504878670543601,0
-0.0008685710312385675,-0.029311971983258925,0.7538608519466334,0.03940892853874497,0
-0.0006494141634249849,-0.027736522236858862,0.7432421288217717,0.05641197964126479,0
-0.0006312854044097667,-0.027672145361662907,0.7529309493232857,0.05699392006363622,0
-0.0007568718861148149,-0.02852369682973818,0.7485514903842025,0.047910454090004884,0
-0.0007201007893639807,-0.028460504339949087,0.7582403108857166,0.0484923945123763,0
-0.000797831555286889,-0.029186831362508363,0.7637977116316428,0.04066391241515064,0
-0.0009316019459533406,-0.02983166386590573,0.7592640734653536,0.033793802829030335,0
-0.00046175239187689276,-0.026086404527440345,0.7514510397275577,0.07400703513337399,0
-0.0003198402413594551,-0.02439266986641229,0.7602050181066791,0.09198477718335507,0
-0.0003853359429900957,-0.025240705612917927,0.7558280289171184,0.08299590615836452,0
-0.0003606621475232713,-0.025160006236125413,0.7658038951486724,0.08369048981046198,0
-0.000437846617645795,-0.02600787457610655,0.7614269059591117,0.07470161878547144,0
-0.0005278456579675798,-0.026846262819804633,0.7570354047761787,0.06579144780969082,0
-0.0005485791698581773,-0.026912112741696505,0.7473465842746647,0.0652095073873194,0
-0.000295131790517429,-0.02430854509325456,0.7701783294216578,0.09268924259405481,0
-0.0002159857737602091,-0.02268052854597565,0.7689230041571212,0.11003276919055462,0
-0.00023967328843112776,-0.023451443105787555,0.7745373224468789,0.10171323859765458,0
-0.00019296113172708414,-0.022589179048250092,0.7789053758099463,0.11074887133729294,0
-0.0001399879772516083,-0.020890248396607854,0.7774734580789188,0.12871606565871796,0
-8.543262982956105e-05,-0.019075385659468053,0.7873775202687681,0.1472933788028045,0
-0.00012090492332592504,-0.020826462879344605,0.7875874972400873,0.1290554237723332,0
-9.255704371984776e-05,-0.019919631961151745,0.7925395283350118,0.13834408034437648,0
-0.00011020467084144391,-0.019987541906820738,0.7824254891738434,0.1380047222307612,0
-0.00026372674147951244,-0.02353843576984422,0.7645640111319001,0.10100877318695484,0
-0.0001531941946767305,-0.021693138438248844,0.7831806027708451,0.12009051957137462,0
-0.00017462508094733808,-0.02178830137631156,0.77319823111802,0.11937441742463628,0
-7.043613454865103e-05,-0.01904109222289081,0.7971844112291963,0.14725498930184444,0
-4.894249331242858e-05,-0.01735832769961792,0.798023263934633,0.16437649879668836,0
-5.1751789014156426e-05,-0.018185952727728185,0.8025072830621287,0.15579654929878636,0
-6.55036456473768e-05,-0.018222962625798336,0.7927003921017005,0.15583493879974641,0
-3.680832297813795e-05,-0.017376270972359487,0.8079859600671329,0.16376173798963728,0
-2.358242382390036e-05,-0.015715164368711104,0.8102871671870793,0.18009688663032142,0
-1.401239898474512e-05,-0.01579371399706069,0.8202408082005987,0.17896122188258776,0
-1.41378020321947e-05,-0.014872681342744555,0.816841298788328,0.1879269142769876,0
-1.9066751528878276e-05,-0.013891694215232718,0.8029934763677143,0.1981350431324455,0
-6.30434459642038e-06,-0.012034607629900744,0.8148190976990626,0.21415792277064982,0
-1.189384335882827e-05,-0.012979040285860782,0.8089062870333885,0.20614648295154767,0
-1.339713833515756e-05,-0.013937077874921863,0.8131944533786455,0.19694599252804962,0
-2.172374748783137e-05,-0.014805431203088044,0.8066403217773968,0.18911596488138346,0
-2.3978636901916386e-05,-0.016563722756199346,0.8141179116933561,0.1716219319064538,0
-3.4997334816036824e-05,-0.01654376001815852,0.8041552155608561,0.1722366927135049,0
-7.311837288358649e-06,-0.013031074344298264,0.8191072640443197,0.2049574323471518,0
-2.4232139667649017e-06,-0.012111813876887638,0.8266710019206751,0.2127968067162503,0
0.0,-0.010000000000000097,0.8267034971897799,0.2301559705391388,0
0.0,-0.010000000000000024,0.8366410515956832,0.2303880389989007,0
-1.4000095024857276e-07,-0.01115953575982212,0.8326132016660337,0.2207958306004948,0
-2.296149909967893e-06,-0.011047399005489747,0.8207612974444212,0.22215694665489433,0
-0.001673635875705775,-0.03362444496968773,0.7687361693064394,-0.006937147289082505,0
-0.0015347337208030088,-0.03390592449074926,0.7781978349200702,-0.009995842579997334,0
-0.0013706441353281606,-0.03300031676259337,0.7761155498695931,-0.0002730488875349944,0
-0.0014586708407806495,-0.032717066113915234,0.7675883876505151,0.002805198642835419,0
-0.0017844974211617707,-0.03299191893842604,0.7500769391266549,-4.8373872209368965e-05,0
-0.0012197171128117237,-0.03090818626235667,0.7467558181070125,0.022344583009864638,0
-0.0008829678390704849,-0.029249547460725507,0.7384454058423409,0.04021613114221831,0
-0.0006557895684213968,-0.028051427785511316,0.7260008855651556,0.05321036239209886,0
-0.000768526349918282,-0.028650073026890262,0.7322231457037482,0.04671324676715859,0
-0.0007572703799179877,-0.028493225297354288,0.7408437673320563,0.04831405539174155,0
-0.000661605939383732,-0.027894318907493162,0.7346215071934636,0.05481117101668183,0
-0.0004623165916070809,-0.02623871444347169,0.7315950506439348,0.07265480323155066,0
-0.00033769128635144683,-0.024561057803133175,0.7402894718876597,0.09057036989675446,0
-0.0002415023916762946,-0.022873237139825586,0.749012151088671,0.10850858258605903,0
-0.00028637767251332594,-0.023718449733296152,0.7446508114881654,0.09953947624140674,0
-0.0002798187564219537,-0.02363119049475114,0.7546085845976751,0.10024667988470705,0
-0.0003344094705483108,-0.02447712986082316,0.7502472449971693,0.09127757354005477,0
-0.0003976652939279646,-0.025322447963691482,0.7458702558076087,0.08228870251506423,0
-0.0003960646965678671,-0.025400615131343233,0.7359422612657973,0.08161258656415256,0
-0.0004703367114218809,-0.026162901504973957,0.7415230451857462,0.07333091918246232,0
-0.0005525656958764526,-0.026986721850350254,0.7374185897328532,0.06453339143640772,0
-0.0005506842780528744,-0.027145140696308037,0.7287979681045452,0.06293258281182476,0
-0.0017560790026110024,-0.03330776663878445,0.7594065542165471,-0.003492760580645937,0
-0.0015113569165723928,-0.03240081874803628,0.7582587725606228,0.0062495853512719865,0
-0.0014824513181721018,-0.03195022338073746,0.7484163786168336,0.011148104568827635,0
-0.001264448334405541,-0.03135824915980578,0.7565982120508017,0.01744606379230899,0
-0.0011087531913477227,-0.030630106149526645,0.7557115565455432,0.025261630064590167,0
-0.001030119482449273,-0.030110408061935066,0.7503083350268229,0.030876755774304803,0
-0.0008847704584167138,-0.0292807054899129,0.7461531288944871,0.03981252984048164,0
-0.001044179200883028,-0.030078621245904255,0.7426006119746766,0.03128035707604147,0
-0.00023251417981511963,-0.022776948733031356,0.7589675776228961,0.10927067588830683,0
-0.00016882961495135178,-0.021179701200721067,0.7576649310758472,0.12636508438615457,0
-0.0001923164458108278,-0.021927781456305123,0.7632939676164843,0.11819892678835459,0
-0.000202591826902025,-0.022028580788549593,0.7533385410822591,0.1174368334861068,0
-0.00015671763769598666,-0.021034886253560984,0.767569194577383,0.12754057502243626,0
-0.00010725847583249241,-0.01911606093256238,0.765073466814984,0.1479755701717662,0
-6.582600231146001e-05,-0.017304034700137926,0.7790020606161498,0.16608073933802908,0
-8.5110665312493e-05,-0.01821797447365645,0.7720377637155669,0.15702815475489765,0
-7.555708446014836e-05,-0.01818757033030206,0.783189790442459,0.1566870590704168,0
-9.851344815475363e-05,-0.019092950147283252,0.776225493541876,0.14763447448728534,0
-0.0001237487328557753,-0.01999907134139008,0.7712734624469514,0.1383458179152421,0
-0.00013508819170742408,-0.020151628912448698,0.7613691989454157,0.1371703272789604,0
-5.8432174186860864e-05,-0.017326405244260667,0.7885126622753914,0.16522861906735872,0
-3.865065873886606e-05,-0.01563159584342613,0.7908442975546339,0.18219648251892068,0
-5.121089413654453e-05,-0.016476581143932394,0.7849231790853919,0.17413861092847488,0
-4.395561102805629e-05,-0.01649443049735537,0.7944337807446334,0.17328649065780452,0
-3.1788779720801395e-05,-0.01566449803778037,0.8005657323708566,0.18114668457462105,0
-2.7972693253774888e-05,-0.014773676736740961,0.7969188869611741,0.1901657628256831,0
-2.7425117963007254e-05,-0.013880005219561202,0.7830282393728052,0.2004935874098283,0
-3.312830733038147e-05,-0.014751585527179818,0.7869362684637196,0.1913450349643745,0
-2.3728286334741555e-05,-0.01387428850617976,0.7930108578702597,0.1993143152711369,0
-1.1452750730396695e-05,-0.011980521524499499,0.7945861312959052,0.21715164169652534,0
0.0,-0.01000000000000008,0.8069505794200263,0.2324225542416914,0
-5.2780810434466e-06,-0.011026200275421881,0.8007683553579658,0.22478709796910837,0
-3.864333780522332e-06,-0.011027456308272593,0.8108848385595444,0.2232902385061706,0
-9.068798309270074e-06,-0.011982960866404591,0.8047026144974838,0.21565478223358758,0
-1.5662167226061354e-05,-0.01293197887822707,0.7987898038318098,0.20764334241448543,0
-1.8897052399658067e-05,-0.012949866135920871,0.7888071853343552,0.20882261455317683,0
0.0,-0.010000000000000002,0.8168270383049031,0.23128926239041508,0
-0.0016754443443908395,-0.032362050682766715,0.7314190061305521,0.006843585777523459,0
-0.0010459618906188731,-0.030254000065484298,0.7246797367297733,0.02954192380069895,0
-0.000594769278213293,-0.028571149940609435,0.7074304002869565,0.047777107390254675,0
-0.0008103339252370933,-0.02941214858604073,0.7160550685083649,0.03865951559547681,0
-0.0006392829688433236,-0.028311879445442344,0.716715642926056,0.05049373489117677,0
-0.0008269298973677503,-0.029152390360997902,0.7253403111474644,0.04137614309639891,0
-0.000967269848395686,-0.029752040953535567,0.7315625712860571,0.03487902747145863,0
-0.001159503995344827,-0.03058087339096987,0.735717777418393,0.025943253405281794,0
-0.0014363351400445508,-0.03163535765779078,0.7390874121187823,0.014594084393694048,0
-0.0013332007535910644,-0.03130796068788909,0.7280493714301627,0.018192754789111205,0
-0.0017600120399215446,-0.032676661595053114,0.7407479726286035,0.003397605952657045,0
-0.0004036021093813723,-0.02662212599054227,0.7101929897700703,0.06877522990101724,0
-0.0004892098433607727,-0.027596020677377344,0.7088116950285134,0.05827616864563596,0
-0.0005245019573377137,-0.02733601588247521,0.718096937667613,0.060992796146558045,0
-0.0004444458680494389,-0.02643145862151098,0.7208940202070026,0.07071501656628396,0
-0.0003087031305185765,-0.024760649984898464,0.7201145691117553,0.08877444745922446,0
-0.00023345089807005906,-0.023049152063241516,0.7290957827421136,0.10712414933502293,0
-0.00024187386261299046,-0.02296205559310419,0.7390539669153924,0.10781636596054098,0
-0.00028278516068998847,-0.02380325364812541,0.7346926273148866,0.0988472596158887,0
-0.00032975263418560886,-0.02466175561545371,0.7302020204997075,0.08967240867798945,0
-0.0002694228462212056,-0.02390559031304664,0.7246051759269345,0.09794929839712369,0
-0.0003810140017487456,-0.025498448083076945,0.725854809877845,0.08071462534538756,0
-0.00035474798786272336,-0.025691657019793104,0.7151537794409129,0.07877483868012085,0
-0.00017293217495110042,-0.021372540030827853,0.7378737866578531,0.12501528981387655,0
-0.0001738781863918552,-0.02127689302115456,0.7477693588668501,0.12569018710001556,0
-0.00020571902267098598,-0.022120311317294035,0.743442968873262,0.11676193619996779,0
-0.00020162585621052867,-0.02221216122773469,0.7334847846999833,0.11606971957444974,0
-0.00012564925682285284,-0.01973722670902213,0.7457103005198821,0.14235491921732263,0
-0.00014787744841315048,-0.020556768631133798,0.7417920435888676,0.1336851045155996,0
-0.000146760445674067,-0.02045481877290091,0.7516876157978647,0.1343600018017386,0
-0.00011807194010302492,-0.01942912273636491,0.755391883667433,0.14516524469454442,0
-9.352059711695831e-05,-0.01833093441065879,0.7497955594847342,0.15727765986227166,0
-7.090446429081282e-05,-0.017099910718381038,0.7593400111597713,0.1697434547249795,0
-6.969311926944242e-05,-0.017197990804627347,0.7691710358879607,0.16791209703150428,0
-8.768247556307417e-05,-0.018104837489843824,0.7622067389873777,0.15885951244837287,0
-8.18731920442473e-05,-0.0177192565378363,0.7545677853222528,0.16351055729362557,0
-0.00010128985218478937,-0.018719620581430927,0.7574345131498591,0.15262661501701894,0
-0.00010858816045842469,-0.01903515687666146,0.7477529300023081,0.14981628953979714,0
-4.7694132059056596e-05,-0.015594367144327718,0.7710695365161186,0.18446439303936332,0
-5.6531255808851726e-05,-0.016444792107987667,0.7750357985661342,0.1752725661886962,0
-5.87965378448901e-05,-0.016354912385612156,0.765204773837945,0.17710392388217142,0
-4.401953295708433e-05,-0.015606946380703816,0.7809569170353763,0.18333043777914199,0
-3.6954317804763556e-05,-0.014749849909599018,0.7770488879444619,0.1924789902245958,0
-3.25404529552749e-05,-0.014032089332013524,0.7630567103905032,0.20183983098915134,0
-1.5107748966917697e-05,-0.012061052490374867,0.7721327531594452,0.22071608688286493,0
0.0,-0.01000000000000009,0.7875924927939573,0.2369845441608744,0
-7.445689326764681e-06,-0.011071010239968497,0.7798626229767012,0.22885031552186966,0
-6.061491499200683e-06,-0.010983756447879675,0.7910893120449312,0.22706809292869987,0
-1.3549674109836122e-05,-0.012004552665785347,0.7833594422276752,0.21893386428969513,0
-2.1352158451161976e-05,-0.012952257027435323,0.7775804962661252,0.21060483714634662,0
-3.0515397001223865e-05,-0.01395212957911082,0.7730424748816542,0.2011667091994898,0
-2.3430440084738668e-05,-0.013060998506229732,0.7675947317749742,0.21127795893600815,0
-3.989501718191038e-05,-0.014805191978813885,0.767063123453311,0.19315211201425733,0
0.0,-0.009999999999999995,0.7972715361069918,0.2347035492012829,0
-0.0013546989719419827,-0.03180501663592445,0.7124991644827129,0.012970708594616602,0
-0.0015455892494324348,-0.03208349235459412,0.7219590853066324,0.00990714718607003,0
-0.0011937637252077383,-0.031029471934779337,0.7185894506062431,0.021256316197657776,0
-0.0008444371401108878,-0.030259368028454383,0.7049615350618832,0.029629075783573655,0
-0.0007070925509540763,-0.029414862461606232,0.7061959676744198,0.038703091586914165,0
-0.0009676175555537435,-0.03025698131064689,0.7148206358958282,0.029585499792136302,0
-0.0010775478470252343,-0.031032114671634296,0.7087303497722981,0.02129989218909513,0
-0.00040475082564798325,-0.029404273277198783,0.6868301777543017,0.038924268833261846,0
-0.0003456444190695725,-0.027795766210701456,0.6925452746772572,0.05623619585500803,0
-0.0003758662550015373,-0.02859952071079668,0.6896877262157795,0.04758023234413494,0
-0.00046793534844562326,-0.028183560707719237,0.6999878374821069,0.05200665162263135,0
-0.0005249399644439522,-0.0289884549025949,0.697130289020629,0.04335068811175826,0
-0.0006211827773717126,-0.02983223560499924,0.6958958564080924,0.03427667230841775,0
-0.00038756133071100163,-0.027209773735782317,0.7013691322236637,0.06250571287801264,0
-0.0002422869093533991,-0.026192824873708078,0.6928174838744023,0.07357048285955285,0
-0.00028898058475366345,-0.026993552419217314,0.6926813792758297,0.06490333935728045,0
-0.00032511625094493624,-0.0264079103958815,0.7015052368222363,0.07117285638028505,0
-0.0002212808691414335,-0.02478991002869185,0.7003120352863771,0.08872820764800589,0
-0.0002333280316304356,-0.025491199006809274,0.6965647595803897,0.08114934525377937,0
-0.0003020238013343889,-0.025704481836137702,0.7052525125282236,0.07875171877451156,0
-0.0002704740751866568,-0.024776382707680508,0.7102133021990662,0.08875132755361517,0
-0.0001892386176991976,-0.023207498239205163,0.7090996233936637,0.1058285136950841,0
-0.00015201756200231516,-0.021556962766115587,0.7179202984985654,0.12365145369034018,0
-0.00021576834415372944,-0.023129822811675162,0.7190977030678887,0.10647633151505351,0
-0.00017052141428554394,-0.022382648836475595,0.7135099609461146,0.11473998369271214,0
-0.00018991603553678043,-0.022300574997481823,0.7235080406203396,0.11538780151268155,0
-0.00016566412003132588,-0.021466505905184525,0.7278970425782092,0.12433337175210837,0
-0.00011797823499328236,-0.01992743924206726,0.7267235143561742,0.14118049995382442,0
-0.0001345590294168171,-0.020743291128439093,0.7223219064273698,0.1324159768220823,0
-0.00014386453208026126,-0.02064657300772093,0.7322986505070137,0.1330978948838505,0
-0.00012388097809933125,-0.019834079650961903,0.7362169074380281,0.14176770958557353,0
-8.902077961710704e-05,-0.018413180742369917,0.7328562867558465,0.1574758461014891,0
-0.00010277784550504271,-0.019171141827235158,0.7297899005560103,0.14932817302765677,0
-0.00010671010949983445,-0.019070446742180627,0.7392832936378643,0.14991538265940585,0
-9.245978528079295e-05,-0.018373136214583537,0.7413259231202903,0.15737675298188036,0
-6.739915805084747e-05,-0.01697627336495461,0.7410885283007754,0.17264086533121809,0
-7.786399912927175e-05,-0.017697417937978837,0.736972407528311,0.16505835571635358,0
-7.982024894634947e-05,-0.01764868291619702,0.7454420438927548,0.16495926259674487,0
-7.016727368719241e-05,-0.01703717801416919,0.7502142697302734,0.17119216002809878,0
-4.901970867702494e-05,-0.01553023659143663,0.7512915838077286,0.18737800734786733,0
-3.2728404651450134e-05,-0.014160003794139413,0.7431240172672926,0.20354744056606092,0
-4.045396790687449e-05,-0.01483614805023226,0.7472078005375107,0.19546272395696412,0
-4.058389895127795e-05,-0.014790927663954373,0.7571741470991159,0.19460891916850934,0
-3.323034415724166e-05,-0.014097181640411944,0.7530903638288979,0.20269363577760613,0
-2.2394382415069764e-05,-0.012919841046864436,0.7545727592859122,0.21528829906277794,0
-1.130065522162007e-05,-0.011556453211195248,0.7530794438101538,0.23079727299632666,0
0.0,-0.010000000000000115,0.7686646258365393,0.2431078637751487,0
-1.3327053838365918e-05,-0.011791461753616384,0.7626060984847995,0.2257566799395958,0
-7.3996463208614195e-06,-0.011016851097360005,0.7703986894979922,0.23191197532900681,0
-5.867171176764791e-06,-0.010805843582494817,0.7608720348233465,0.2369525683857377,0
-0.00024404547769810774,-0.023982299876576674,0.7146070962527096,0.09730148057715428,0
-0.00020609235680410864,-0.023998757291240853,0.7047058293400204,0.097278360671545,0
-4.924054391227382e-05,-0.015559542032229992,0.7611805601619237,0.18592120019361533,0
-5.9404102030508183e-05,-0.016308355707134632,0.75531579748375,0.17856073103642342,0
-5.798635453823127e-05,-0.0162588622571411,0.746190056054252,0.1800094363395427,0
-2.7353250462775866e-05,-0.013466536631854731,0.7588147348382077,0.20856406502596464,0
-1.8969501594360964e-05,-0.012501609454788802,0.7633527562226787,0.21800219297282142,0
-1.6623733012799808e-05,-0.012231621521887465,0.753826101548033,0.2230427860295523,0
-2.762194404369611e-05,-0.013549095901558996,0.7488483882766024,0.20941786981441943,0
0.0,-0.010000000000000012,0.7781285593152483,0.24004620396801155,0
-0.0008507449019382699,-0.031391603883026385,0.6931498876734488,0.017541241933826734,0
-0.0011299425915160422,-0.031598750438406605,0.7028245260780808,0.015255975264221667,0
-0.0008605136381938528,-0.03082532854373087,0.699055711367666,0.023585158858700196,0
-0.0005911093875684146,-0.030397240770418957,0.6899900327138753,0.028232755383544292,0
-0.00022522659960905173,-0.031186106393859506,0.6734052544328715,0.019820981115172255,0
4.706000363417519e-05,-0.029509492150214246,0.6644853800919306,0.037832679915388,0
-6.977670363021447e-05,-0.027824530531954203,0.6715616950220947,0.05599684999518497,0
-0.00021418269226408304,-0.027811247288442732,0.682053484849676,0.0561165229250965,0
-0.0002126368436789622,-0.028614190261284325,0.6791959363881982,0.047460559414223405,0
-2.3568334898959325e-05,-0.02866632809202193,0.6680235375570127,0.046914764955286486,0
-0.00018943051952594574,-0.029458043797695073,0.6756577789231162,0.03837847437432493,0
-6.088677577818362e-05,-0.03034719583444457,0.668945317262401,0.02882683051528013,0
-0.000346800237474335,-0.030294623498145254,0.6801177160935865,0.02937262497421705,0
-0.0005522286408131031,-0.03128979553684284,0.6832775710531601,0.018681111524499493,0
-8.848047627097912e-05,-0.026257441481796408,0.6756413455901255,0.07295209126640625,0
-0.00020100736520770667,-0.027026295136955585,0.6840933101336913,0.06459414356070714,0
-8.194483618131363e-05,-0.027040252794058032,0.6736015203061101,0.06447447063079562,0
-0.0001688606028230582,-0.026226035957675302,0.6842294147322638,0.07326128706297955,0
-9.934419532742215e-05,-0.024720215092530615,0.6810343603636322,0.08964556277802926,0
-0.0001630227187663983,-0.024756376152024084,0.6906731978250047,0.08918688521301757,0
-0.00016259472644315645,-0.02545569518006956,0.6869259221190173,0.08160802281879107,0
-9.628735978119806e-05,-0.025488056246958265,0.6783378529768789,0.08129882702221776,0
-0.00011031998843520863,-0.023261938572144866,0.689105514665279,0.10551990879966601,0
-0.00015297686271194193,-0.023236546740067174,0.6991025690294714,0.10567421124737506,0
-0.00015983921939561916,-0.024024501550356292,0.6947087749758281,0.09712405822383595,0
-0.00010731426937483126,-0.023990610695317945,0.6850699375144556,0.09758273578884763,0
-0.0001066327441808192,-0.021720307600108874,0.697963554242874,0.12233434443603738,0
-0.00014407944239104296,-0.022461816943976178,0.7035315888182689,0.11408142906556074,0
-0.00013215106504833583,-0.021641039924209893,0.7079419263707197,0.12299289906318878,0
-9.256689457175521e-05,-0.02011449887810696,0.7067659463761572,0.13987506457184215,0
-0.00010024802616481648,-0.02091732520983394,0.7023647503095156,0.13110470450393977,0
-0.00011987505337896295,-0.02083271912872305,0.7123431224373613,0.13176325913109116,0
-0.00010742952031950798,-0.020023936303326207,0.7167447303661657,0.1405277822628333,0
-7.379656462738575e-05,-0.018507218784180247,0.7141490373448209,0.15748651562094862,0
-5.744624345185221e-05,-0.01697093795344706,0.7218169379253662,0.17426732960621932,0
-6.550405388825226e-05,-0.017739738132752474,0.7179829876350936,0.16587692261358397,0
-7.214173917543352e-05,-0.0176857114567673,0.7273366123406063,0.1658715878538542,0
-8.273651186976117e-05,-0.018462938359203717,0.7235026620503338,0.15748118086121887,0
-9.43437532184065e-05,-0.01921276621547919,0.7204362758504976,0.14933350778738652,0
-8.309214349835594e-05,-0.019310721928659087,0.7104574918604891,0.1486807900963954,0
-0.00011004643729799966,-0.022490820840403047,0.6935345344540765,0.1139271266178517,0
-6.342027067402597e-05,-0.016975920234692965,0.7314527331130708,0.1734540974687187,0
-4.4269394727194635e-05,-0.015525772875447095,0.7314307454753944,0.18970289742612237,0
-5.088781480063204e-05,-0.01625161557359726,0.7266238417003803,0.18198511351617086,0
-5.5085727237046406e-05,-0.01624284185709223,0.7362596368880849,0.18117188137867024,0
-4.7444591540453965e-05,-0.015529585075411731,0.7413611646415615,0.18854045238699485,0
-3.860785914208616e-05,-0.014850087172534917,0.7372773813713436,0.19662516899609164,0
-2.7387021926424368e-05,-0.014149484202040773,0.7233411490863965,0.20655604335518005,0
-3.5185542543034414e-05,-0.014828056627041869,0.7273859472808955,0.1981294703906512,0
-3.053785530384024e-05,-0.014158523591272298,0.7332325831768445,0.20505174196062048,0
-1.9794781028734597e-05,-0.012827807385953245,0.7374290966220062,0.2197614561637503,0
-8.845518730909537e-06,-0.011414180322970636,0.733565028178848,0.23767921469294617,0
-1.3941017824642154e-05,-0.01210707151150992,0.7354970624004271,0.22872033542834824,0
-1.5832783521274967e-05,-0.012208920062660906,0.74525427021608,0.2252793645800385,0
-1.0180225809644123e-05,-0.011484544438770615,0.7433222359945009,0.23423824384463643,0
0.0,-0.010000000000000082,0.7500000006248856,0.2499999997644252,0
-5.347698041083949e-06,-0.010759687290482161,0.7515397222175197,0.24039863638037592,0
0.0,-0.010000000000000007,0.7593323132307124,0.24655393176978696,0
-2.5860315274172664e-05,-0.013483893771052946,0.7402765569446494,0.2116544483649056,0
-2.392156273728794e-05,-0.01349927032361749,0.7303851228542013,0.2131587497594652,0
-2.1334732647734618e-05,-0.01287344300231352,0.7460009279539592,0.2175248776132641,0
-4.788040387173638e-06,-0.01072932343686339,0.7417825144018668,0.2438396072286857,0
0.00043494247850930576,-0.0312264750906989,0.653536584804518,0.019372638633712757,0
0.0005497894297877071,-0.029782002623296694,0.6410461287571926,0.0348355759872469,0
0.00023061889497798886,-0.028041034217025973,0.6509652193737087,0.05363423950681647,0
0.00036713006215669837,-0.028910902612520217,0.6460056740654506,0.04423490774703169,0
0.00015918253749819697,-0.028775145384224998,0.6577252997328196,0.04573345971110224,0
0.0003033346360674807,-0.029646959351206262,0.6527657544245615,0.03633412795131745,0
0.0005153075407247429,-0.030503904284017738,0.6472913567808554,0.02710410731047983,0
0.00020445412780254615,-0.030367520058778824,0.6590109824482243,0.028602659274550378,0
0.00010806997151899376,-0.031207410074029242,0.6634709196186948,0.019596809874442504,0
7.893723989589246e-05,-0.027933848928900294,0.6612634571979017,0.05481554475100072,0
0.00010431561938775973,-0.02636917639605321,0.6563244966683374,0.0717366810488635,0
0.00015837175334555988,-0.027204211935639686,0.653644858021023,0.06268546027783999,0
3.2796532248667485e-05,-0.02709686313723309,0.663943095845216,0.06386676552202424,0
6.893018770893812e-06,-0.026314485385042986,0.6659829211292314,0.07234438615763487,0
3.711275381689177e-05,-0.024845308020147193,0.6615167358598089,0.08831382057383687,0
6.602564411483186e-05,-0.02560629899811809,0.6589206162640731,0.08002525081135017,0
-1.6142427942489668e-05,-0.025551201501506315,0.6685790407249672,0.08063295592012157,0
-3.273724968215595e-05,-0.024784305169476994,0.6712755481117205,0.08897969167593306,0
-1.3497458879902633e-05,-0.023467148487247978,0.6692109184161465,0.10338360068278422,0
-4.205657953977307e-05,-0.021869260913082486,0.6780117012179693,0.12094703751720413,0
-3.0830748811345986e-05,-0.02266705123086546,0.673611309817058,0.11216531909999418,0
-7.226753558578714e-05,-0.022564342390069818,0.6835586079416242,0.11323347315843507,0
-7.628749196585981e-05,-0.021797528872944092,0.6879876277304217,0.12164069097662075,0
-5.122117430931369e-05,-0.02024400322577679,0.6867839614776015,0.13892011156225564,0
-4.9867084013082944e-05,-0.018628195273164665,0.6955562273647767,0.15689320452786232,0
-3.981745602104066e-05,-0.017003405545290125,0.7011752764776029,0.17522715061252053,0
-4.486423880712629e-05,-0.0178132974708061,0.6983657519211899,0.16606017757019143,0
-5.518668173606464e-05,-0.017749150679244867,0.7076621569112119,0.16635683311673458,0
-6.292008576576831e-05,-0.018571535453322047,0.7048526323547988,0.15718986007440547,0
-6.907150547164864e-05,-0.019367472897442,0.701161086870467,0.14838413454985222,0
-7.348870266917164e-05,-0.02018276428040292,0.6967749539268793,0.13939758806704888,0
-5.147090469982191e-05,-0.019435011247312117,0.6911700944211892,0.14790665804505898,0
8.093764330691556e-06,-0.024155438387237056,0.6653638271379777,0.09584871062831055,0
-5.1350702427027684e-05,-0.02409325124930813,0.6751226393898894,0.09651458173040675,0
-6.42586426069159e-05,-0.023366644570475655,0.6791582165407128,0.10445175474122512,0
-7.590904527040844e-05,-0.020979741570000543,0.6923737578602378,0.1306272279991465,0
-4.839095437859885e-05,-0.021055388026773002,0.6823978313477854,0.1299335745397299,0
-4.953014561715729e-05,-0.016992406668528387,0.7114961072014845,0.17474724010936993,0
-3.42383569740132e-05,-0.015543110379745111,0.7115033227283011,0.19148440955871157,0
-1.890376604194613e-05,-0.014103364010861454,0.7035457438702384,0.20946606896607783,0
-2.5786249209713314e-05,-0.014813334615161329,0.7075245332992697,0.2004752392623947,0
-3.1153926243968e-05,-0.01485101455426851,0.7174222359073488,0.1990202264569458,0
-2.346004239216101e-05,-0.014133538892471889,0.7134434464783175,0.20801105616062893,0
-1.4814268444935142e-05,-0.012733919140848081,0.7168921034284856,0.22470055107108397,0
-6.246127795446537e-06,-0.011282863564568242,0.716569265991496,0.24356279905871384,0
-1.0237927275436157e-05,-0.011995129138884949,0.7167306847099908,0.2341316750648989,0
-1.228976273947379e-05,-0.01209007560973483,0.7252285658036668,0.23118988288201509,0
-7.584885985206358e-06,-0.011353044781896577,0.725067147085172,0.24062100687583,0
0.0,-0.010000000000000082,0.7313353754428176,0.2568921357720906,0
-3.4443824847152897e-06,-0.010652613330825404,0.7239523207171568,0.2502274674154022,0
-4.076985627281471e-06,-0.010686035520460819,0.7324502018108328,0.24728567523251838,0
0.0,-0.010000000000000014,0.7406676880338516,0.2534460677682579,0
-3.9900746845596096e-05,-0.015539462268155039,0.7214670341018478,0.19059365349241697,0
-4.483946662035522e-05,-0.01624909836696875,0.7166601303268336,0.18287586958246543,0
-3.745484036071666e-05,-0.016274554052545697,0.706339299602952,0.18335578008561604,0
-2.0537532227991893e-05,-0.013428848913921298,0.720116626257441,0.215628297213132,0
-1.73009002504707e-05,-0.013424477050234324,0.710218923649362,0.2170833100185809,0
-1.7544017510855003e-05,-0.012786417500385904,0.727160600025246,0.22223100361741716,0
0.0010303846370146147,-0.03150486111996858,0.6339000504673463,0.016286778417693135,0
0.0009309124630268658,-0.030174478465780016,0.620305054316285,0.03048530254424194,0
0.0005578882819466191,-0.028407770730153027,0.6274589084258242,0.04954846849625856,0
0.0003244349045495571,-0.026721442199843036,0.6347482746622756,0.06780512117322056,0
0.00042805244708635475,-0.02756378022522553,0.6311035915440499,0.05867679483473956,0
0.0004020888641536466,-0.028225400971934354,0.6392120638997665,0.05159135400153751,0
0.0002917233782781132,-0.027381720921867258,0.6428567470179921,0.06071968034001851,0
0.00021613760109689349,-0.026546423105802918,0.6455363856653065,0.06977090111104203,0
0.00018019781360672853,-0.025071078858489068,0.6418524956936538,0.08575617796130659,0
0.00015088098035074356,-0.025720539902449827,0.6490884961809955,0.07874642950508504,0
0.00024383569057473138,-0.02589512354497475,0.6383003851779647,0.07678064956726358,0
0.0007520842327618087,-0.0313664748991388,0.6437183176359322,0.017829708525702946,0
0.0007589340637015003,-0.030643098134206185,0.6374730896122695,0.025561177202470017,0
0.0009912898609932518,-0.030839523127905603,0.6271025523918157,0.023386040480967537,0
0.0007558611544518412,-0.02997878975214468,0.6306755915367388,0.03266043926574442,0
0.0005659898477287842,-0.029094973571619335,0.6342525185915084,0.04219202224175273,0
0.0007244110084619954,-0.02929060459845074,0.6238819813710546,0.04001688552025025,0
0.00010919431370551614,-0.024959539905984974,0.6516846157767313,0.08703499926757173,0
9.253907551787477e-05,-0.02354746000954491,0.6492283814825267,0.1024371515347905,0
3.297549643695644e-05,-0.021995442958120705,0.6580592702686122,0.11956809026433371,0
3.9859505410880484e-05,-0.023509304959417787,0.6592196499493366,0.10291037610878737,0
5.878030411270864e-05,-0.022769831745110932,0.6536438258755695,0.1110026208995621,0
1.373020137785345e-05,-0.022730597061277984,0.6636350943423794,0.11147584547355896,0
-5.159357522263816e-06,-0.021935080301967943,0.6680354857432907,0.12025756389076891,0
-4.158537408172354e-07,-0.02038267627086429,0.6668319065365936,0.13753551211789006,0
-1.6650010911058594e-05,-0.018787898498291284,0.6756045405565176,0.15550312885897088,0
-1.6332502069304648e-05,-0.017099030589678245,0.6798371830042703,0.17490402956651677,0
-1.6818366151882506e-05,-0.017938775056918765,0.677720861780394,0.1652035792127438,0
-3.413258874084925e-05,-0.018713067452403247,0.6855803839606471,0.1561981666934166,0
-3.095301732991004e-05,-0.01785976977146273,0.6876967051845235,0.16589861704718956,0
-2.8731811672141327e-05,-0.017058616029251898,0.6905062297409366,0.17506559008951866,0
-1.9825107943294284e-05,-0.01546514474326529,0.6916404360821822,0.19382108982742205,0
-1.9057377209129723e-05,-0.016280462862256834,0.6857388095432262,0.1843625596969694,0
-2.863007902631336e-05,-0.016226518357842255,0.6964078562798925,0.18452412021997128,0
-2.7365657711510807e-05,-0.015510883441240334,0.7015718794052417,0.1926527496930668,0
-1.9923413444293957e-05,-0.014785954444542998,0.6975930899762103,0.20164357939674993,0
-8.79878056348915e-06,-0.014013074719452815,0.6837172945460633,0.21209699071157245,0
-8.471678251780996e-06,-0.01245438415981154,0.6979375138454434,0.2310888054804825,0
-3.4093429203289605e-06,-0.010971996827789888,0.7027601581458163,0.2507795242283977,0
-5.925381507900325e-06,-0.01170139546990011,0.7003488359956298,0.2409341648544401,0
-4.743362746940117e-06,-0.011130048650545772,0.7096647120686561,0.2471711616435558,0
-7.94461967858827e-06,-0.011884781257345487,0.7072533899184696,0.23732580226959815,0
-1.162051120708825e-05,-0.01260063266367754,0.7074148086369645,0.22789467827578325,0
-1.3038511747662514e-05,-0.013261889151848508,0.700741628857841,0.22027743722328016,0
-1.3970916349536544e-05,-0.014067855177646301,0.6936315192081508,0.21078152983882514,0
-9.301645452109245e-06,-0.01323394259595604,0.6908274041957534,0.22159289809602747,0
6.99805900228404e-05,-0.024196462955136763,0.6553725586711678,0.09537548605431367,0
0.00013123493909524843,-0.024307979908702166,0.6455404385880903,0.09409666474804854,0
-1.8185630700122868e-05,-0.02112448645185306,0.6724218038772815,0.1292412748175471,0
-2.6686178255501314e-05,-0.020317065845539828,0.6768079340070976,0.13822781184007285,0
-1.0185881937426572e-05,-0.019582915703065352,0.6712182235465556,0.14651932048843047,0
-3.172503026282031e-05,-0.019513408183975105,0.6811942510170595,0.14721162021061326,0
1.3590712428961367e-05,-0.02118694014164053,0.6624455884026029,0.12855180119111187,0
-1.3573171661653368e-05,-0.014730127294476815,0.6876788653141228,0.20295904026949724,0
0.0,-0.010000000000000075,0.7124075085155395,0.2630154554642965,0
0.0,-0.010000000000000035,0.7218714419791785,0.25995379561819354,0
-2.749917139494485e-06,-0.010616665801269612,0.7144883872535177,0.25328912726150515,0
-1.843348390220804e-06,-0.010484787962231592,0.7075838333306779,0.2568974898463471,0
0.0014797935276648173,-0.03197215766470276,0.614697081753839,0.011128398387709645,0
0.0011542411735768355,-0.030556238805532605,0.5966940094087679,0.02620019557295393,0
0.0007589540811512791,-0.02869339216773291,0.6058962728799735,0.04629205116630201,0
0.000942995727480702,-0.029624387245537637,0.6012951411443708,0.03624612336962797,0
0.0008472878803415575,-0.02943421916103153,0.6131006635981293,0.038388676855271975,0
0.0006734919771937989,-0.02855096962454953,0.6166775906528988,0.04792025983128029,0
0.0005086890510095075,-0.027031460341894357,0.6117925246167771,0.06423850861761947,0
0.0005410445161450523,-0.02772024690102418,0.6196257165213006,0.056893488556939015,0
0.00042606803020915325,-0.026877182259595452,0.6232703996395264,0.06602181489542001,0
0.00031014264373166716,-0.02527347867009451,0.6212907266293037,0.08333943444381768,0
0.00032251521473460526,-0.02599805309752447,0.6280195006457896,0.07557227780851912,0
0.0003999660040785113,-0.026151191870719834,0.6165416256230405,0.07378897153071858,0
0.0012839695147153168,-0.031738781435254916,0.6242985661105926,0.01370758840270139,0
0.0011790235023211397,-0.031073192693286532,0.617501068035062,0.02080685046597579,0
0.001319095597326383,-0.03126432954106122,0.6056955455813035,0.01866429698033179,0
0.0010727740571489707,-0.030365458197241235,0.6084995318625265,0.028342749058597932,0
0.0006230692465651221,-0.02786182706758583,0.6088443987483754,0.05526527989196074,0
0.0002493212898935313,-0.025173339078049948,0.6315716111614788,0.08454780620256214,0
0.00019170763475372544,-0.023732531145431883,0.6293365675987164,0.10018840886138662,0
0.00024533199496216154,-0.024501604954573084,0.62531364711401,0.09176392165260215,0
0.00019008011917485097,-0.024402382307282915,0.6355945316461851,0.09297229341134661,0
0.00014399220324066335,-0.023641516967462542,0.6392824745406216,0.10131278019808856,0
0.00010681882252156367,-0.022097874399369628,0.6381044868457406,0.11822298576722824,0
0.00010261385125923418,-0.02282278366892544,0.6436664341641336,0.11033006865100936,0
0.00014460147879827073,-0.022913056713268685,0.6337205272222285,0.10920569731430743,0
7.081406751159875e-05,-0.022049072304294728,0.6480818785571765,0.11889553801578098,0
5.3329921056412276e-05,-0.02049091383831802,0.6468787283510196,0.13616711241586144,0
7.68733695773967e-05,-0.02129167026399584,0.6424916075983801,0.12719504909154483,0
4.57066711888649e-05,-0.0212427367553461,0.6524689993098158,0.12786760134009756,0
2.6607056466287373e-05,-0.02044026898549488,0.6568553174438065,0.13685131226687575,0
2.122839368088628e-05,-0.018947115443571406,0.655683768265368,0.15366934143188277,0
1.23810418682216e-05,-0.019663801394179798,0.6612578374009808,0.1456024267748864,0
1.9736316601634017e-06,-0.0188722726542247,0.6656441544109428,0.15458623514542683,0
2.766753603952227e-06,-0.017880926820957006,0.664852500680052,0.16595075951214996,0
-5.971372102497094e-06,-0.01833432456087526,0.6702285206182848,0.16072694418556044,0
-7.786312795133294e-06,-0.01749267784931054,0.6723448418421611,0.17042739453933337,0
8.803055659696175e-06,-0.016601810093051277,0.6586966077384613,0.18083378282081183,0
-3.986547642775634e-06,-0.015330347454438696,0.6717718951163,0.19611084884855332,0
1.3544088996898392e-06,-0.015964652614600842,0.6652342514273806,0.18847231583468257,0
-9.0556316497191e-06,-0.016206124825991264,0.6758045390602851,0.18550743920753504,0
-3.0505303024186827e-06,-0.016857608118074484,0.6692668953713659,0.1778689061936643,0
6.352253210154312e-06,-0.01723854939999221,0.6617745542092566,0.1733922711664809,0
3.5180779338218965e-05,-0.019715867010292466,0.6512812483081938,0.1449182269238721,0
1.0979921870876654e-05,-0.01841281958707717,0.6602681344727099,0.15981005047201635,0
-1.1930456927595425e-05,-0.015406061367236875,0.6817061655992411,0.19496596933798768,0
-7.103964981897162e-06,-0.0146703267580274,0.6777445948311817,0.20410391978006287,0
1.3993695169782962e-06,-0.013859675074634314,0.6638587116741571,0.21447191566833776,0
-2.310870924504835e-06,-0.012296492807733154,0.6757490000602459,0.23503840777067853,0
-3.0145566694791095e-06,-0.011355534856923453,0.6885888311818164,0.24736870903772118,0
-3.009528765672613e-06,-0.011828609552541192,0.6821689156210311,0.24120355840419985,0
-5.335580613438483e-06,-0.01189433743282572,0.6932631725136299,0.23922875725910184,0
-3.3837084368089186e-06,-0.011173847794939483,0.6956744946638163,0.24907411663305945,0
0.0,-0.010000000000000085,0.6930494219834117,0.2675774455059059,0
-1.503718119376179e-06,-0.010655723174380105,0.690819126582614,0.25747307727181357,0
-1.3589786382970486e-06,-0.010467192541982324,0.697904790064614,0.2591784848671518,0
0.0,-0.010000000000000024,0.7027284652494756,0.2652964504851012,0
-3.616415002818022e-06,-0.013947675074498306,0.6737880031101102,0.2132844531899551,0
-4.891095627523039e-06,-0.013137284543561847,0.6797331473031546,0.2235676992411255,0
-1.138021733161296e-06,-0.013069154222616852,0.6698038558672015,0.22475516171950816,0
-5.365382524373606e-06,-0.012391644597374926,0.6868432569528446,0.2330636066255805,0
-7.098113431696487e-07,-0.01458761582775127,0.6678153033952285,0.20529138225844554,0
0.0017345620172882301,-0.03256037703485893,0.5958866519542261,0.004669361004730472,0
0.001396750668425863,-0.03171316141015661,0.5820626989956369,0.013673242693931359,0
0.0010015940321823956,-0.03021684009979686,0.5739765022315025,0.029664694873757506,0
0.0007924832970187269,-0.028762989403004775,0.5840559993445051,0.04533674915443033,0
0.0010966995905535278,-0.030386538107459272,0.5853352558201352,0.027932445223355716,0
0.000897262398668837,-0.029489573946823867,0.5790162507880039,0.03750072201409392,0
0.0009594496834074118,-0.029660148109155814,0.5903750043766365,0.03576847236369213,0
0.0007930929913090704,-0.028728257417589834,0.5949761361122393,0.04581440016036617,0
0.000571363794826743,-0.0271145545496209,0.592270906919955,0.06311495352235884,0
0.0003932931524109509,-0.025440269887655666,0.6008259265436273,0.08124003680163586,0
0.0004763447919764544,-0.026276421362759084,0.5965484167317912,0.07217749516199734,0
0.0004493804453089617,-0.02623652838383905,0.6063092255802023,0.07273927270962766,0
0.0005499409230699508,-0.02707325113372308,0.6020317157683661,0.06367673106998915,0
0.0006623505285079025,-0.027904672948941722,0.5990835898999642,0.054703502344330426,0
0.0006762251318456932,-0.02793822552208275,0.5881634531322301,0.05422585133839458,0
0.0016378986560719076,-0.032266114010829655,0.6052918668540326,0.007898879696220058,0
0.0014173706193016345,-0.03155843173999009,0.5962903306814971,0.0154347782888422,0
0.001564019220923586,-0.032136842469411765,0.5889746754749314,0.009171301849330914,0
0.0012863040706403066,-0.031134423147847416,0.5893783542022024,0.019936719133442644,0
0.0011845206655259567,-0.030965331351344706,0.5780196006135697,0.02166896878384443,0
0.0003584458845541737,-0.025357412276853286,0.6110583265864655,0.08228973562272676,0
0.00026130688505351344,-0.02379581667155751,0.6095677635387405,0.09915430747158624,0
0.0002306133199003857,-0.02376527847641257,0.6194521655687284,0.09967135816648642,0
0.0002869116385443516,-0.02453553211996761,0.6154292450840222,0.09124687095770195,0
0.00032215850484528224,-0.02461652032573012,0.605196845041184,0.09019717213661105,0
0.0001671212387230545,-0.022170462219253537,0.6181399734668778,0.11701763849981184,0
0.00010158952226327917,-0.02056789957948318,0.6269211557438354,0.13486189868615675,0
0.0001312089360321677,-0.021366187753154648,0.6225305646053566,0.12593976859298428,0
0.0001393315969169857,-0.022136012822746503,0.6281222301563092,0.11762031213352003,0
0.00018079721145206109,-0.02295228802475288,0.6237382705327971,0.10860302368059924,0
0.00021007642440535923,-0.022980970639998165,0.6138538685028092,0.10808597298569904,0
7.866065616522484e-05,-0.020532277548195546,0.6368999420474275,0.13551450555100908,0
0.00010579964076302418,-0.021333512678629152,0.632512821294788,0.1265424422266925,0
5.837831376225685e-05,-0.0190788521915557,0.6360097824815399,0.1517478403190923,0
7.783446157218117e-05,-0.01981986322303592,0.6314654691126877,0.14330486950262453,0
5.727320867948892e-05,-0.019785155418001556,0.6414442554162798,0.14395747636747686,0
4.0190147105113416e-05,-0.01901696775041006,0.645846775373454,0.15270859087548755,0
2.939824300192059e-05,-0.017765116219743395,0.6462992152577846,0.16700567697921043,0
2.7737301567126084e-05,-0.016363372928406138,0.6390491658901538,0.18302500873393043,0
1.082599493832699e-05,-0.015121036086037978,0.651908099366879,0.1984416728013495,0
1.884498692916129e-05,-0.016490065416792894,0.6488728868143075,0.18192939577737113,0
1.028087163716628e-05,-0.01585673038517642,0.6553023535526701,0.18963772781108068,0
1.829760851731495e-05,-0.01573802791944968,0.6454786326285165,0.19073334076763998,0
4.2415235966287017e-05,-0.01841871828858149,0.6411544988696622,0.15937675864915135,0
2.6236310141386583e-05,-0.018355806831788855,0.6509914917615762,0.1603375092055466,0
1.6498498159037784e-05,-0.017828167950816518,0.6555758579689183,0.1664782182456802,0
1.7951530549962424e-05,-0.01718158001919074,0.6524979114981229,0.17391972990001114,0
2.8978922436744836e-05,-0.017062445633932524,0.6426741905739692,0.17501534285657044,0
3.695752383522219e-06,-0.015235084662061167,0.6618399972415895,0.19727626082495142,0
5.349838990729266e-06,-0.014486079238419977,0.657883405520518,0.20645679423484364,0
1.0038052867704742e-05,-0.01364372226265342,0.644443981731841,0.216477124794817,0
1.0765444113872212e-05,-0.014376992168964441,0.64817604054936,0.20745939879808326,0
5.967939696082205e-06,-0.013763388783679052,0.6541513467029991,0.21547452023157737,0
2.969133773975239e-06,-0.012451360173165877,0.6559475539248677,0.23285005675629375,0
3.4817128309681843e-07,-0.011127920268779921,0.6636053581571671,0.25194184871906167,0
-8.521235894196703e-07,-0.010822341511591001,0.6774139614454897,0.25626411557565315,0
-1.582651907719965e-06,-0.011540699704000614,0.6765814807528678,0.24565126167316584,0
-3.698150740400487e-07,-0.01098377095836944,0.6705096598013285,0.2541029821473574,0
-5.364181124270309e-07,-0.011706024527258073,0.6696771791087065,0.2434901282448701,0
2.2662374640233555e-07,-0.01238854371217461,0.6658482769925568,0.23394423226348615,0
1.3049711893466986e-06,-0.011776247305293861,0.6597764560410174,0.24239595273767772,0
2.5670963927064636e-06,-0.013147024146286932,0.6599031327995124,0.22366098621231575,0
5.929495884233289e-06,-0.013040406254273013,0.6501957678283543,0.22466359077555537,0
-1.7652071702500831e-06,-0.01108998148522294,0.683001396313653,0.25181641230668717,0
-7.13476358870285e-07,-0.010413898711296037,0.6852316917144508,0.2619207805407795,0
0.0,-0.010000000000000075,0.6732965042312522,0.2698440293940874,0
0.0,-0.010000000000000024,0.683172963107332,0.26871073744999663,0
-3.189015431334674e-07,-0.010398923809272702,0.675355232838371,0.2630540724848703,0
0.0017725067692409041,-0.03319874254077259,0.5772588253270959,-0.00230452346229897,0
0.001783568140835951,-0.03287918479475596,0.586572738640661,0.0011824187712157507,0
0.0015802120972543392,-0.03245599775096327,0.5796607621613664,0.005684359615816195,0
0.0012714965701008415,-0.03201773404420713,0.5642262831402971,0.010297001557011309,0
0.0008636409405000669,-0.030566436530996357,0.5538871437011568,0.025784768545172563,0
0.0010527448250152022,-0.031292473767322714,0.5590567134207269,0.018040885051091936,0
0.001138422183262495,-0.031117131966126407,0.5691013926858999,0.019980848215384407,0
0.000948466321111178,-0.030391179759503336,0.5639318229663297,0.027724731709465034,0
0.0007059904641160924,-0.02884159708651353,0.5630601683377662,0.044303199729218354,0
0.0007868494130357133,-0.02970385320742762,0.5584736560194614,0.03504398413719546,0
0.0008443056435326141,-0.029529690040497845,0.5685183352846344,0.03698394730148793,0
0.0007624890995486272,-0.028802000196160707,0.5735580838411356,0.04481997444182434,0
0.000556806228769036,-0.027233286918180902,0.5718797423439629,0.06159513908780523,0
0.0006306369868115223,-0.028037063052074318,0.5674699553408645,0.05294916940851179,0
0.0006673157128934332,-0.027998897777902817,0.577967870844234,0.053465944121117784,0
0.0005744600640991338,-0.027173733960286797,0.582075324631959,0.06235504630508203,0
0.00041479877824070877,-0.025562353009616415,0.5807975460731476,0.07960570152953451,0
0.0004114546232586311,-0.025501322390433283,0.5908117363083875,0.08042286916558519,0
0.0004889017361184837,-0.02633943261972077,0.5865342264965513,0.07136032752594668,0
0.0004831246673367454,-0.026397065520160783,0.5763386442085552,0.07060042030866986,0
0.0013505422549943155,-0.0318651501500935,0.573144491067967,0.011985122125471334,0
0.0015085345465696346,-0.03260847097987014,0.5707425542336966,0.00399623904735617,0
0.0002968802574040763,-0.02389875873104087,0.5896174643491175,0.09762210295277954,0
0.0003525667678823854,-0.02472927979854753,0.5852075052111325,0.08861390224115703,0
0.00034333062443712775,-0.024670733131328577,0.5952216954463725,0.0894310698772077,0
0.0002841378942121894,-0.02384766767794914,0.599592613943929,0.09838820521218289,0
0.00020553637094515738,-0.022258669582889225,0.5981959506351263,0.11551822279330694,0
0.00013610760241461827,-0.02060350350725101,0.6069469283092043,0.13379589418035934,0
8.66296377843068e-05,-0.0190213886334281,0.6162210435735215,0.15161106085480025,0
0.00010927480597843383,-0.01980823703446184,0.6115839859413629,0.14270347751757978,0
9.471304201420155e-05,-0.01979601185873144,0.6215710996586785,0.1432364797704785,0
0.00012093508946902243,-0.020587720282439357,0.6169340420265199,0.13432889643325804,0
0.00015195570417306679,-0.021388625362685258,0.612543450888041,0.12540676634008557,0
0.00018961312196601136,-0.02221553123625149,0.6081679620510021,0.11626793064655938,0
0.00016806259671069235,-0.021428058295833625,0.6025714394721653,0.12465705848683314,0
0.0002480892825894273,-0.023076764079914287,0.5939067074921219,0.10657016287304324,0
0.00023314588248253887,-0.023028751485229603,0.6038818570869334,0.1073362651324466,0
7.383747289880931e-05,-0.019053711393665313,0.6261154130275307,0.15167945058694626,0
5.1972291430989336e-05,-0.017624548705267973,0.6271956457862647,0.16785193020263245,0
4.108360795345001e-05,-0.01607568706624377,0.6194721875600344,0.18509815115916015,0
2.2431743367153622e-05,-0.014838980981389223,0.6321192639075675,0.20071925480174355,0
2.52680105855383e-05,-0.015598261625462103,0.6355842148988606,0.191872131767837,0
1.7131687195505323e-05,-0.014989901283310056,0.6420136816372233,0.19958046380154654,0
1.552018645141906e-05,-0.014234641235845358,0.6382816228197042,0.20859818979828026,0
1.6091342539982123e-05,-0.013379093193737807,0.6258423755263504,0.2179994226198216,0
1.9315248037088573e-05,-0.014105480285736965,0.6289808197169588,0.20935933871078258,0
1.340169313801604e-05,-0.013522431350298028,0.6351431786290958,0.2172382737073193,0
7.2353430095967885e-06,-0.01232173307123733,0.6382949163021018,0.2332019225152214,0
2.4501428148516913e-06,-0.011159002887174719,0.645515186339478,0.25030679886636387,0
3.047409151738507e-06,-0.011799729651906286,0.6507313701321729,0.24157842781132882,0
1.4074719712586938e-06,-0.011158558450637632,0.6545602722483226,0.25112432379271277,0
0.0,-0.010000000000000063,0.6534213954170096,0.2693798926734765,0
0.0,-0.010000000000000044,0.6633589498241309,0.26961196103378193,0
-9.164084749767399e-08,-0.010547270766731643,0.6684509311942097,0.2608929390565745,0
4.2518265717408984e-07,-0.010550117516331146,0.6585133767870883,0.2606608706962691,0
9.047200344207587e-07,-0.01055742122033572,0.6494682908782439,0.2598433457699202,0
5.5663154941414705e-05,-0.018351744390029866,0.6316027141339023,0.15979988526086236,0
6.7850311498969e-05,-0.018318167471406542,0.6217083446798931,0.15973149552871635,0
4.149679438773826e-05,-0.017700025588196867,0.6367474305220246,0.16742880359092144,0
3.874504290669827e-05,-0.01698939587187398,0.6331224058382092,0.17543846946828145,0
4.659270104438227e-05,-0.016849842249453552,0.6233339166731495,0.1764750406808963,0
3.521417038166598e-05,-0.01622690654476356,0.6292606767250941,0.1840615799465453,0
3.09375157190278e-05,-0.015450402040726308,0.6257957257338009,0.19290870298045185,0
8.775320199400662e-06,-0.012976782977631308,0.6413694490169715,0.2248395236550192,0
1.1152825358290569e-05,-0.012842285120629026,0.6320686459142261,0.2256006725675215,0
5.233677900046201e-06,-0.012398287086074725,0.6471212351134847,0.23302598963575757,0
4.487840303019765e-06,-0.01172797184305492,0.6419050513207899,0.24175436069079265,0
0.0015920017633835476,-0.03381705492261953,0.5585406614960522,-0.009029878526025686,0
0.000997648899834654,-0.032505408338104565,0.5434769990123973,0.004975839524659026,0
0.0005949155106586398,-0.03071960053434413,0.5340000566867583,0.024048856056438524,0
0.0007776779250690273,-0.03161302382849899,0.5387385278495778,0.014512347790548776,0
0.0007391794908651154,-0.030642535294914806,0.5439436001939575,0.024916812300805544,0
0.0009393264449426526,-0.031535887160903615,0.548682071356777,0.015380304034915795,0
0.0011542232899929938,-0.03226107515999564,0.5538516410763472,0.007636420540835168,0
0.0012758263804762858,-0.03316148698393705,0.5510088302542248,-0.00202701950068333,0
0.0014314620439662762,-0.032917487944402135,0.5613834723181746,0.0006335615154928111,0
0.0017080287432191428,-0.033507481496251004,0.567899743411574,-0.005667200994162328,0
0.0005491551057487461,-0.029034520051501093,0.5431655471092544,0.04209361041648279,0
0.0005778432622715504,-0.02987707701448458,0.5385828018980063,0.033071233236460655,0
0.0006937825240955292,-0.029801019167132146,0.5485263454052056,0.03393918948082768,0
0.0006375987196880176,-0.028937500140668294,0.5531128577235103,0.04319840507285057,0
0.00046796677216546975,-0.027356103696862977,0.5519375821084034,0.060068551250586216,0
0.0005782194023587863,-0.02809957421772587,0.5574988752230847,0.052185875489902285,0
0.0005108574239404142,-0.028195197497039127,0.5475515646088289,0.051081080833534506,0
0.0005208610918074147,-0.027294153997333953,0.5619086622261831,0.06083184516919572,0
0.00037719461940673437,-0.025675468215646258,0.5607408633906555,0.07808818674662657,0
0.0002909946559406775,-0.024008707099904016,0.5695400692568041,0.0960109015894667,0
0.0002992823473349903,-0.023953373576751993,0.5795787668029608,0.09681650227112312,0
0.0003491214629096581,-0.024787002845300457,0.5751688076649759,0.0878083015595006,0
0.0003330405700809383,-0.024841256602426674,0.5651404663237298,0.08704954416804664,0
0.0004030048812854138,-0.025618411383489834,0.5707692047319015,0.07884694413808055,0
0.0004606081813503409,-0.026455453947174412,0.5663103028673092,0.0698416629172159,0
0.0004227588608660161,-0.026515396942776766,0.5563392227495294,0.0690783689986064,0
0.00021649002919622208,-0.022367079169414352,0.5782698795238693,0.1137611921418934,0
0.0002521501946378147,-0.0231864194466236,0.5739049743903367,0.10488604686568004,0
0.00025482274032589616,-0.023134845329645614,0.5839436719364934,0.10569164754733647,0
0.00021477581880632518,-0.022312815976082416,0.5882329150794978,0.11463970746760016,0
0.00015356486968616493,-0.020684743789956574,0.5870154537372425,0.13211632215838345,0
0.0001031253440840396,-0.018970902110235374,0.5967044818681817,0.15114831113008997,0
0.00014737268521513618,-0.020644737367116188,0.5969811910232234,0.1329561081693714,0
0.0001191728701776695,-0.019789708945868612,0.601825705088693,0.14247210265522464,0
0.00012658574984394558,-0.01982331552580308,0.5918599678027121,0.1416323166442367,0
0.00017865442257584326,-0.021474149692449936,0.5926057021861844,0.1238172724758452,0
0.00018315386581534837,-0.021523378874314703,0.582642666630556,0.12293875715013843,0
9.651978196029518e-05,-0.01899837341704409,0.6064627627208516,0.1513796859924451,0
6.661460403143202e-05,-0.017410009664555907,0.6076609087066928,0.16905910276806754,0
7.643734558834445e-05,-0.018217065974130166,0.6119409761401071,0.1603350818114339,0
8.356819162665629e-05,-0.018184070094488188,0.6021826952874372,0.16010370694907877,0
6.0458347771286184e-05,-0.01752209936141174,0.6174282772464788,0.16845551648535,0
5.2918646939692664e-05,-0.016736026064647625,0.6135665481333636,0.17707862696361384,0
4.752228995794727e-05,-0.015740448817024567,0.6001843137525544,0.18709905143220915,0
2.9402576655080516e-05,-0.014472111881795672,0.6122391948309442,0.2030472733263431,0
2.2208752344023914e-05,-0.013916917787122344,0.6190407851786472,0.21052334797308236,0
2.656411227884782e-05,-0.014665603794737586,0.6221792293692558,0.20188326406404333,0
3.515633244899865e-05,-0.015273464146476907,0.6158556911954893,0.19407271224275163,0
4.517934876213548e-05,-0.015914570489763046,0.6098282506562944,0.18609860129568465,0
3.786631856260109e-05,-0.015096672374754184,0.6062117542917493,0.19507316237927613,0
5.668261785198117e-05,-0.016576898163788302,0.6039226112296237,0.17807907710013834,0
1.7435646991583377e-05,-0.012763411214453449,0.6059642573528744,0.22247124605444488,0
1.0292128401739708e-05,-0.01216399452399263,0.6214426478079796,0.23283621140252542,0
1.3685529295952301e-05,-0.01246007747568683,0.613703452580427,0.22765372872848516,0
1.3168857543775238e-05,-0.012767458513975753,0.623642511667165,0.22541781701117353,0
1.7324281680456536e-05,-0.01308599390425355,0.6159033164396124,0.22023533433713324,0
2.323952037597667e-05,-0.01361550633062813,0.6091017260919094,0.212759259690394,0
8.935622606667645e-06,-0.012253099228862618,0.6298687820550407,0.23301906695887342,0
4.266075955307107e-06,-0.011111641421256186,0.6275640063724475,0.24821164320302966,0
0.0,-0.010000000000000077,0.6337804105772695,0.2662788319031117,0
1.8006620801425201e-06,-0.010533929793104493,0.6306722084748585,0.25724523755307066,0
3.4386190560629e-06,-0.011149366598371327,0.6365395963559628,0.24925922103469678,0
6.011530921823464e-06,-0.011717184805141707,0.6329294613372747,0.24070678285912553,0
6.973729366304451e-06,-0.011626238870108585,0.6245033270902136,0.24052392730277755,0
0.0,-0.010000000000000024,0.6436009029971396,0.2678293622882941,0
1.464273867690148e-06,-0.01057372296257831,0.6396477984583737,0.2582928153847378,0
0.001207021201375267,-0.034342881106991366,0.5394891510529718,-0.014730486702040984,0
0.0014197955826394447,-0.03407959058633894,0.549014906274512,-0.011880182614033334,0
0.0011033075808745021,-0.033424345556756135,0.5414830750326846,-0.004877323588690979,0
0.0007705170726086935,-0.03358008346649985,0.5277291183504129,-0.00658060962927407,0
0.0005242405469343524,-0.032293169749721094,0.5227962943336727,0.0071881375023895066,0
0.0005719251770932632,-0.03150636365090345,0.5283981755102155,0.015618496779414015,0
0.0007633366838735201,-0.032398932154645885,0.533136646673035,0.0060819885135242665,0
0.0006394287236471142,-0.03293683115609278,0.5252627063420428,0.0003037639365577184,0
0.0009025029162979243,-0.03304245610625565,0.5356030586814051,-0.0008023850523075217,0
0.000980346240759581,-0.03396151706767821,0.5336091347016924,-0.010655548165657527,0
0.000317985792422689,-0.029155555509556078,0.5232137959723954,0.04070361100547821,0
0.00044006194510500484,-0.029094373016047788,0.5331896715408249,0.0413986107109805,0
0.00044367810014024693,-0.02993805645789526,0.5286069263295768,0.032376233530958365,0
0.00026916027297452065,-0.030795940195754795,0.5147339145819153,0.023178618717958954,0
0.0003010236481870759,-0.029975964005127885,0.5189738552771553,0.03194111486171858,0
0.0004370123700974662,-0.03075727411935174,0.5243669856343368,0.02361373738719874,0
0.0003853046318082909,-0.03154487082433795,0.518765104457794,0.01518337811017423,0
0.000318382863752222,-0.02747149781115081,0.5319858816732189,0.058678553002166935,0
0.0002881031134393762,-0.02578710306982739,0.5407582781773811,0.07664877812373239,0
0.0002433641256490572,-0.024105468062267005,0.5495319883636516,0.09460005800411174,0
0.00033837804155006907,-0.025730364009794827,0.5507495707840183,0.07736848243517948,0
0.0003051025548002589,-0.024891982763924347,0.5551364258771536,0.08634412237536915,0
0.00026675496058426595,-0.024946004586521787,0.5451451332705164,0.08562441806392207,0
0.00032323733958879413,-0.02831369232510307,0.5275998388228071,0.04969108200382257,0
0.00042353622009118255,-0.028253714374554154,0.5375757143912366,0.05038608170932486,0
0.00039952303333051596,-0.02741300550264407,0.5419617318908112,0.05937355212637657,0
0.0003704784186351454,-0.026572649018390862,0.5463479301428922,0.0683586646871593,0
0.000305947165222229,-0.026629316109661953,0.5363720799253,0.06766366556294966,0
0.0002719467649066717,-0.02405609663025686,0.5595360288102278,0.09530547979678922,0
0.00019545523597327838,-0.022439234716903136,0.5583139501387091,0.1124328489610849,0
0.0002096841622418419,-0.022402247066607924,0.5682919148312893,0.11309702055148915,0
0.00023993498633470358,-0.02322609785772014,0.5639270096977567,0.1042218752752758,0
0.00021939175721852748,-0.023271548874822065,0.5539229692511803,0.10351645348259832,0
0.00015292253029098994,-0.020868624136526404,0.567159305125718,0.12935563462772393,0
0.00010606180892521151,-0.018947943703553266,0.5745645029847612,0.15011392044534672,0
7.163071579386331e-05,-0.017166135353428667,0.5878180937513465,0.17019357022861595,0
8.811721263463692e-05,-0.018048598226769148,0.5811912983680538,0.16015374533698135,0
8.646875360771414e-05,-0.018072107076450156,0.5922612878097642,0.16067094067935295,0
0.00010690456837571104,-0.01895983725952897,0.5856344924264715,0.15063111578771834,0
0.0001286015403625982,-0.019821046949130127,0.5807899783610019,0.1411151213018651,0
0.00015599973981686422,-0.020775582083197026,0.5770873794314803,0.13073597839305368,0
0.00012791494436136368,-0.01990558050876257,0.5708619040552396,0.13973477753653532,0
0.00018298115306344574,-0.021620524583752014,0.5727145923247936,0.12155841338480866,0
0.00017377826498725244,-0.021652321035902672,0.5627366276322135,0.12089424179440442,0
7.041569935717189e-05,-0.017291615069992307,0.5977395012290196,0.16962633649834175,0
5.896900790397305e-05,-0.016444291419356792,0.5940012037519504,0.17864631083041255,0
4.6850573325944405e-05,-0.015340869337797476,0.5804496573289835,0.18923773604961489,0
5.845343060889191e-05,-0.016258026491670564,0.584133875540165,0.17971565313911542,0
4.806454541440417e-05,-0.015545952684556788,0.590316985540769,0.18816839374091202,0
3.163376972436408e-05,-0.014095341644857108,0.5928959695885034,0.20468735456536014,0
3.927651630765107e-05,-0.014920642919843085,0.5965401416705289,0.19589320299878465,0
3.1131513719595614e-05,-0.014292075718227411,0.6025675822097238,0.2038673139458516,0
2.4022807643272855e-05,-0.01341287076774835,0.599430113470689,0.21357930030990252,0
1.932053939903183e-05,-0.012626469170870092,0.5869996156662256,0.22025871451624626,0
2.5297066458827846e-05,-0.013363342865889014,0.5899477926273645,0.21247303454080319,0
1.8703199755263034e-05,-0.012700958570231697,0.59648193650955,0.22136498028534557,0
9.746166743453917e-06,-0.011442910130437536,0.5919098582498821,0.23524510845018662,0
6.835724215338489e-06,-0.011248571406758629,0.6095477061949776,0.24229686297939504,0
1.1689020641328888e-05,-0.011988900069915334,0.607755981773926,0.23238405451691996,0
1.3877413798461621e-05,-0.012116291333951066,0.5989370578013782,0.22885817725231575,0
8.318626486781518e-06,-0.0113472385482486,0.6007287822224299,0.23877098571479083,0
3.8997697163659315e-05,-0.014706601152206717,0.5866728134587434,0.19696254530748752,0
8.802811610717011e-06,-0.01171392662403316,0.6154951770014786,0.23756653719096021,0
5.56940974954712e-06,-0.01118838855788166,0.6185558562837126,0.24525425309121235,0
0.0,-0.010000000000000092,0.6145738133118693,0.2611084204283166,0
2.3828436592313623e-06,-0.010560168331402187,0.6210689098421585,0.25466003181567315,0
0.0,-0.00999999999999999,0.6241771119445694,0.2636936261657141,0
1.4274190770797697e-05,-0.012023428370452829,0.5894547369580538,0.22775191148321644,0
3.0297996660031925e-06,-0.010600567398591498,0.6120607597534234,0.2517026417038558,0
0.000654952741074801,-0.034702113669209195,0.5199923706185473,-0.018616630587028758,0
0.0003090909971646983,-0.033509538983569044,0.5110916283025766,-0.005848630551836659,0
0.0005407551111062718,-0.033544585899910835,0.5194103733264948,-0.006214620090555364,0
0.00043001141368066514,-0.03290130338243729,0.5169439613181246,0.0006697534752764236,0
7.399058259855345e-05,-0.03218664114026651,0.5032239187734215,0.008304146439556712,0
-9.884020084990849e-05,-0.03083361477277834,0.49464177362017786,0.02276510478161707,0
4.6704818544894346e-05,-0.029282185047059848,0.5032620259605696,0.03931359232785547,0
8.652971299385334e-05,-0.03081421837133988,0.5046878441010466,0.022971861749788013,0
-1.6913698580708707e-05,-0.030058220376962437,0.4989518997903737,0.031039348554736272,0
0.00014574406313935204,-0.030039346516011887,0.5089979702712424,0.031246105522907214,0
0.0001858850366909782,-0.02921814832246632,0.5132379109664824,0.04000860166666684,0
0.00012733263142756228,-0.02759390229130664,0.5120341639796661,0.05728853880587485,0
0.0001597832950520631,-0.025902410439407615,0.5208063900608411,0.07526180027459814,0
0.0001617519686404485,-0.02420821412801528,0.529578744677567,0.09323297634547142,0
0.00021905936185343233,-0.02499899300162278,0.535168511427474,0.0849408772346019,0
0.0002062354218194367,-0.024155350548357244,0.5395553665206093,0.09391651717479158,0
0.00014652950550051404,-0.022511743603378497,0.5383504347557259,0.11121350579240934,0
0.00015561916764850797,-0.023359997920170756,0.5339645897166465,0.10222324106894037,0
0.00019077330238799226,-0.023310647775597427,0.5439412115596887,0.10290678189826054,0
0.00017410643166437028,-0.022473761456467373,0.5483321924472175,0.11182317737674712,0
0.0001259623424555463,-0.02091577688959153,0.5471938130908284,0.12816475668904287,0
0.00014200790144301223,-0.020890393369322025,0.5571765591082731,0.1287601956583834,0
0.00015816102381008846,-0.0216802401312288,0.5527538816147688,0.12029880282506389,0
0.00013691960337436406,-0.021713114863146366,0.5427721239232771,0.11968913124072611,0
0.0007216707684479396,-0.03414109641227131,0.5238607444844801,-0.012598620108151413,0
0.0009446161006209672,-0.034522185851164774,0.5297407608357596,-0.01667355864453487,0
0.00047036961178687853,-0.03410593860340915,0.5155419994605619,-0.012232630569432709,0
0.00018127382185836502,-0.03284825132766516,0.5071577735379991,0.0012277579438600265,0
0.0002994205768590173,-0.03223950696833221,0.5130101065535471,0.007746141970973109,0
0.00018428144264685323,-0.03149133889439093,0.5089789166776684,0.01574138257875783,0
-2.1850061181047275e-05,-0.03151029161771328,0.4989328461967997,0.015534625610586892,0
0.00021260164704681566,-0.028375254255256267,0.5176239799760307,0.048996074905676534,0
0.00022685601086883448,-0.027531759224287525,0.5220100228264425,0.0579835459040209,0
0.00014837364733546275,-0.02674856630638723,0.5164202770202535,0.06627516954023649,0
0.00023121477058764885,-0.026687802961613848,0.5263961358670299,0.06697017663838253,0
0.00022795906996669207,-0.025843554214471442,0.5307823341191111,0.07595528919916526,0
0.0001636441246596551,-0.025055612312994226,0.525192567369204,0.08424738831003478,0
9.431318255308063e-05,-0.028438467810926387,0.5076480949701179,0.04830106556686516,0
0.00011059605706537739,-0.019695053448663978,0.5562895895043304,0.1412892765586434,0
8.004979197742444e-05,-0.01820542028980361,0.5546899718160567,0.15676023260365382,0
6.55313326198373e-05,-0.016833113848217864,0.5678222660287952,0.17204351714714566,0
6.977874242250534e-05,-0.01700152155482471,0.5778201798900708,0.17111854368788082,0
8.389351279013688e-05,-0.01789582728586995,0.5711933845067783,0.1610787187962462,0
7.325498829501798e-05,-0.01751276964121284,0.5612561189224259,0.16440187487539976,0
9.402237299730663e-05,-0.018579182002516955,0.564627237400409,0.15343707652450028,0
9.424124517916517e-05,-0.018952121236329063,0.5554897806601935,0.1490247545811486,0
0.00011017539913474042,-0.019317035354550427,0.5654270462445459,0.14570159850199504,0
0.0001308931009435325,-0.02028435063091362,0.5617244473150242,0.13532245559318368,0
0.0001187643312162595,-0.020303811430536934,0.5517417012975794,0.13472701662384312,0
5.607400885091108e-05,-0.016076869853574934,0.5741359616788893,0.18064062659838026,0
3.985926798229408e-05,-0.01490799244455396,0.5607952929916941,0.19140076014134794,0
5.1701128526030664e-05,-0.015878335551231942,0.5643087795102446,0.1817221386442468,0
4.404308437117705e-05,-0.015126922108282615,0.5706224751603388,0.1903192480954814,0
2.6830594468410366e-05,-0.013409519430857868,0.572045686187784,0.20873729508468336,0
1.2640583195673663e-05,-0.01170234387041987,0.5729037452171415,0.22726910840015385,0
1.9425704900657536e-05,-0.01255094166490121,0.5724747157024628,0.2180032017424186,0
2.312830353415553e-05,-0.013005705123100314,0.5795226509270048,0.21449800480046483,0
2.98438514368201e-05,-0.013762752519095279,0.5824708278881436,0.20671232482502175,0
3.6292715726679716e-05,-0.014384016508157571,0.5762476717583838,0.1989875155671491,0
3.3301732916839156e-05,-0.01414529209222475,0.566420489589739,0.20006902761301565,0
1.616991813410518e-05,-0.012176111671516016,0.5799516804416835,0.22376391145820007,0
1.127966489612977e-05,-0.011565919688029407,0.5824068017335118,0.23125710842517022,0
0.0,-0.010000000000000094,0.5771256493879255,0.2476650949489697,0
5.148247485412221e-06,-0.01074259927201789,0.5845177538189038,0.24145510169957818,0
6.027950724890379e-06,-0.010830940203896975,0.5750146973025335,0.23746710167456178,0
0.0,-0.01000000000000008,0.5957591842547643,0.2546417214683406,0
4.491801540978184e-06,-0.010698806958151657,0.5938345212523232,0.24494341495926358,0
0.0,-0.010000000000000002,0.5864424168213449,0.25115340820865517,0
3.6937004273856916e-06,-0.010636275296023122,0.6026534452248709,0.24846929222386782,0
0.0,-0.010000000000000031,0.6051664987833167,0.2578750709483286,0
5.750635560314641e-06,-0.03483197053560982,0.5001667286588564,-0.020019966648648184,0
-0.00020375606833108534,-0.033464298636327425,0.49264131555869917,-0.005366825811523252,0
-0.00010977819350757392,-0.034148242896715475,0.49640402210877776,-0.012693396230085717,0
5.208975249461803e-05,-0.03348662412157971,0.5018664719306378,-0.005607728181679955,0
0.00017272014845528616,-0.03417078987180516,0.5056291784807165,-0.012934298600242422,0
0.00033518295956202294,-0.03476677091067453,0.5100795496387018,-0.019318298617838472,0
-5.203886450847518e-05,-0.03282555308175935,0.49793261716606035,0.0014686603140167303,0
-0.00030763732533531965,-0.032030799122612696,0.4861713084215508,0.0099793428423892,0
-0.00011980489202087537,-0.03210839751060642,0.4946976135974862,0.009141744640972956,0
-0.00019470620281483071,-0.03143236314379079,0.49040654102086434,0.016372223812003137,0
-0.0004983985827230853,-0.031138935422066413,0.47380916452940725,0.019540279376490968,0
-0.00024114811336228207,-0.029414496462980753,0.4833102472842047,0.03792355336786777,0
-0.00035629687480469774,-0.03027724198623709,0.47855970590680597,0.028731916372179367,0
-0.00018054530268991564,-0.03012411433956266,0.4889760104521913,0.03034432907474242,0
-9.664579803553588e-05,-0.029347650753984957,0.49328613662238713,0.03861857284786162,0
-8.581539633613715e-05,-0.027723948389037478,0.4920824354361437,0.05589850637690952,0
-0.00015431716199722518,-0.02856984175692612,0.4876963413601742,0.04691102987238864,0
-2.8915007093744652e-05,-0.028503344410366043,0.49767223069835664,0.047606049352382496,0
2.2270164327479343e-05,-0.027657972725451875,0.5020582997079048,0.056593522591392185,0
6.977054098941674e-06,-0.026027980082599354,0.5008545820029202,0.07387348094002087,0
5.6169715016951026e-05,-0.024325768809233,0.5096266996377725,0.09184848793169671,0
0.00010205053174134975,-0.025115039656210706,0.5152165448493068,0.08355514410314743,0
0.00011125709141808256,-0.024265226118660558,0.5196027221576698,0.09254073213858408,0
7.662156436091607e-05,-0.02261693983214062,0.5183988122380416,0.10982352251705585,0
6.921301491774875e-05,-0.023472173091046947,0.5140127559379071,0.10083600522437627,0
0.00011471275774214702,-0.023414182667670695,0.5239887784578043,0.10152824943126364,0
0.00011380735358018461,-0.022562016262867766,0.5283746234968838,0.1105185141547326,0
7.939205413338789e-05,-0.020902191002201524,0.5271709068353289,0.12779855934981404,0
7.453209512384212e-05,-0.019180682549187592,0.537373544764988,0.14586325658035512,0
9.780609740669595e-05,-0.020052514817092873,0.5422836789279082,0.13701400663469898,0
7.815033954722365e-05,-0.020040884333122035,0.5322722258001584,0.13683090796508457,0
0.00010446173793662893,-0.020906280049330882,0.5371823599630786,0.12798165801942846,0
0.00010971479616091018,-0.021709563481757097,0.5327606707955274,0.1195060325711117,0
7.966162578503667e-05,-0.021760194723021122,0.5227848595366853,0.11881104093343495,0
-0.0002635500397004852,-0.03274770597690157,0.48940631199012496,0.0023062585154329743,0
-0.0002966732646187786,-0.030985764422933472,0.4842254690747926,0.02115269207905402,0
-0.0004125975328329623,-0.0315847063514529,0.479990236475479,0.014759811109440083,0
5.958814346975845e-05,-0.026811474485995322,0.5064443729912931,0.06558100987294786,0
8.546230036573855e-05,-0.025963888036121784,0.5108304860318806,0.0745676406073095,0
3.600114321045446e-05,-0.02517769416783324,0.5052406408203464,0.08286098443585879,0
-3.288252404165955e-05,-0.026876698613028195,0.49646850871953196,0.0648859936584652,0
9.32414266298554e-05,-0.01943723227717603,0.5468315671346592,0.14357626656949926,0
7.911468171187552e-05,-0.01868730077120015,0.5460317582905223,0.15131174459200447,0
5.650174148041186e-05,-0.01757439659693923,0.5398740046714011,0.16241940527050708,0
4.975109368424625e-05,-0.016331628595155002,0.54859056530133,0.17562755261091692,0
2.8347864405620146e-05,-0.014394142996936513,0.5422216482811402,0.19444182347271846,0
3.813248759021457e-05,-0.015373276156913952,0.545406106791235,0.1850346880418177,0
3.4426939512873944e-05,-0.014650580432426254,0.5515084706364171,0.1929212918070332,0
4.516626257951695e-05,-0.015611050414084102,0.554692929146512,0.18351415637613244,0
5.8319970549665255e-05,-0.016582890887424494,0.5582064156650626,0.1738355348790313,0
6.354562698248175e-05,-0.01727505569771245,0.5516402685586934,0.16619389260728537,0
5.3464742991310005e-05,-0.016950285635988892,0.5442322849863656,0.169023478940712,0
6.837133689400793e-05,-0.017890605175637796,0.547281988243729,0.15958981893708046,0
6.507640763306824e-05,-0.01837939687327359,0.5386237747181946,0.15414133092543109,0
2.3888847936697737e-05,-0.01333806018843983,0.5531202513696155,0.20630497876210135,0
1.2690294965127836e-05,-0.011793501066452829,0.5554355395196939,0.2221630758969877,0
1.9696366257373997e-05,-0.012622850585215074,0.563740612853739,0.21545018549083553,0
1.2826285436381446e-05,-0.011739220585880747,0.5641696423684177,0.22471609214857077,0
0.0,-0.010000000000000083,0.5583999212262512,0.2409425640570877,0
0.0,-0.010000000000000028,0.5677627853070883,0.2443038295030287,0
6.44577223456633e-06,-0.010880709255583184,0.5656518332216963,0.23410583622862077,0
6.3379207373714325e-06,-0.010890435557778065,0.5569177303729725,0.2315528199770377,0
2.5780730618226472e-05,-0.013369473930248696,0.5625829687786997,0.20752113692339236,0
1.818726203121072e-05,-0.01256392219183574,0.5542778954446548,0.21423402732954452,0
3.145140864516667e-05,-0.014132305711629135,0.5569577721806548,0.19885286945172465,0
2.6432611146621117e-05,-0.013857178338605771,0.5476709498253778,0.20037340111740992,0
-0.0006444845834484976,-0.0347063091269517,0.480337969210711,-0.018662098346706964,0
-0.0004078834401234234,-0.0340853859818189,0.48648964238470505,-0.012014462079115107,0
-0.000324013423563797,-0.034768868895270644,0.49025234893478364,-0.019341032497677574,0
-0.0006446442506785304,-0.033031204686845936,0.47488860594966337,-0.0007072307944183285,0
-0.0010055059430852426,-0.03255317730118301,0.45649523110891443,0.00446389178898376,0
-0.0008155448549858702,-0.03080751163489365,0.4522782434325427,0.02317080031783492,0
-0.0006697228244487931,-0.03097260730489717,0.46304370398097494,0.021355539847162944,0
-0.0009095817633570607,-0.03168054617090203,0.45438673727072854,0.01381734605340934,0
-0.000732456361821269,-0.031846287991080774,0.46515219781916084,0.012002085582737364,0
-0.0005685964150517028,-0.03208547633056627,0.47434888523953533,0.009416524291036319,0
-0.0008382266555561342,-0.03279181297924597,0.46569191852928893,0.0018783304972827155,0
-0.00043378271140105483,-0.03324745024779739,0.4837649607541813,-0.00303702830297079,0
-0.0006517399047090155,-0.03386892047483778,0.4776132875801872,-0.009684664570562647,0
-0.00046586021636020277,-0.032531067187667295,0.4805299571856071,0.004636056023985436,0
-0.0005155751796095246,-0.029511731399402347,0.4635118963049229,0.03696153160213655,0
-0.0006550360296785805,-0.03015997263609782,0.4578950698687328,0.030066165959985736,0
-0.0005158672837869871,-0.03032534195895281,0.46866053041716504,0.028250905489313756,0
-0.0003813488424479053,-0.029462530436169154,0.47341107179456376,0.03744254248500216,0
-0.0002991232013228546,-0.027857638419563457,0.472258924716174,0.05454584870243854,0
-0.0002781903434638402,-0.02863608907795646,0.47778458600018936,0.046234701035153154,0
-0.00039701805318877046,-0.028685378231824633,0.46788541051054844,0.04575369015228754,0
-0.00019359208007907488,-0.027789964566211866,0.4821706800761588,0.055222177539674025,0
-0.00015414063176128173,-0.026163913703565224,0.4809028881875578,0.07248343436223316,0
-0.00021885150169111418,-0.027011711130090012,0.4765809064518659,0.06351464153233585,0
-0.0001267108860199149,-0.026944089415001735,0.48649266181185075,0.06419097036957133,0
-7.360421359667444e-05,-0.026094726824427174,0.490878735095239,0.07317845765112702,0
-6.146002337710747e-05,-0.024458100948990636,0.48967503717259053,0.09045841300501292,0
-0.00010216798495388038,-0.025312200786112758,0.48528896268007415,0.08147092368362305,0
-3.2700416176031546e-05,-0.025243479949599024,0.4952648095877554,0.08216594697251689,0
-1.9485716301251373e-06,-0.02439017353601578,0.4996508684051815,0.09115345046835482,0
-6.6291666726539605e-06,-0.02274166084166642,0.49844715312626864,0.10843347005397137,0
2.2535811367325963e-05,-0.02101258780182092,0.5072193498781616,0.126408625781298,0
1.0531314193349111e-05,-0.021878808608891562,0.5028332515022151,0.11742104791763469,0
3.607607563137776e-05,-0.022676797172001602,0.5084229826821551,0.1091284962855136,0
2.0454150880850837e-05,-0.023534652409630548,0.5040369263820206,0.10014097899283404,0
-3.0156087592504865e-05,-0.023601342076667378,0.4940610951494296,0.09944594152949215,0
4.626582729090472e-05,-0.021816538677172728,0.5128090810581016,0.11811607414917692,0
5.2168403300952515e-05,-0.020953913378700055,0.5171951283567453,0.12710359256555603,0
3.5016993644880296e-05,-0.019269697282481648,0.5159914662547278,0.1443836960300766,0
5.611656945784527e-05,-0.019219842260381582,0.5266825055098578,0.14512347630521588,0
5.474407032687004e-05,-0.020089083834544382,0.5215811865450284,0.13609112768994533,0
3.0411209037895118e-05,-0.020142883230074817,0.5116054080664447,0.1353961609056873,0
3.586617343089285e-05,-0.017535598309670664,0.5237110488637079,0.16210660765058507,0
3.312841188175841e-05,-0.01594982887462659,0.5318037789676145,0.17826889383933892,0
3.125754291487969e-05,-0.015167207233910813,0.5370127136243774,0.1863553586560287,0
4.1705787605410566e-05,-0.01613828790783886,0.5401971721344723,0.17694822322512793,0
4.377375421684342e-05,-0.016768819835301034,0.5358388918195078,0.170344149554923,0
4.672167505531203e-05,-0.017551245651940148,0.5317925267675545,0.1622630064605461,0
3.502220441401701e-05,-0.016742890977637235,0.5277574139156612,0.170187750744962,0
3.6245949522988566e-05,-0.018404424879782874,0.5198512575592178,0.15324515184033083,0
5.328507935729623e-05,-0.01836307714123871,0.530542296814348,0.1539849321154701,0
1.4911306980816857e-05,-0.013925411979085187,0.5226407834736408,0.19721342660573352,0
1.1726585660299507e-05,-0.01217563995843054,0.5351031395131336,0.21478193660407788,0
1.4077249632982228e-05,-0.013040505126295792,0.5288719614933872,0.2059976816049057,0
1.9373270708390792e-05,-0.013304761101140528,0.5386623938971369,0.20461188003839817,0
2.1704342586154992e-05,-0.014152806976928844,0.5324312158773905,0.195827625039226,0
2.2954923619237293e-05,-0.014951508676058654,0.5272222812206278,0.18774116022253623,0
1.756809538687386e-05,-0.012765160557677846,0.5441116954413745,0.21054345768308963,0
1.2549998808809565e-05,-0.01195927338489165,0.5452693395164138,0.21847250625053277,0
0.0,-0.010000000000000078,0.5393392680234398,0.2352512486749969,0
6.211576468686223e-06,-0.011095376703604248,0.5372212037682866,0.22501659263953738,0
6.150358170519033e-06,-0.010932813701962118,0.5473874037715669,0.2287071622859923,0
0.0,-0.01000000000000003,0.5488695946248454,0.2380969063660423,0
-0.0011987307709382343,-0.03435045602045705,0.4608339985108123,-0.014812750325249983,0
-0.0015869576954097484,-0.03382680119103365,0.44177541668442516,-0.009136104012169131,0
-0.0014130157184685053,-0.03408825183881295,0.45130470759761876,-0.011974427168709556,0
-0.0011040476919915252,-0.03345199578602748,0.45866461480986337,-0.0051744292681331116,0
-0.0012781920259589952,-0.033190228609899564,0.44913532389666977,-0.0023361061115926857,0
-0.001241637039421058,-0.03201027035938259,0.4376728202241596,0.010366233779242149,0
-0.0009418063006590957,-0.030241664516613365,0.43401261512517575,0.02933970657769278,0
-0.0010852384187261717,-0.031126102716637953,0.43584271767466765,0.019852970178467464,0
-0.0010165882464897922,-0.0314091611542789,0.44497553182835115,0.016768517048538534,0
-0.0008931261174746908,-0.030524104985404466,0.44314542927885925,0.02625525344776385,0
-0.0006884783532952463,-0.029368706396423472,0.44697080447590337,0.03858915669267011,0
-0.0004868968762385145,-0.027982746405578043,0.4529483058369637,0.053342761379124824,0
-0.00030617307147366924,-0.02630866832937595,0.46095119410633806,0.07109337040183515,0
-0.00030810770290371956,-0.027082931031029094,0.466605059411256,0.06281960955213685,0
-0.0003882490294660761,-0.027146660281711036,0.4569497499716509,0.062218065890479984,0
-0.00039677543322088065,-0.027919595398279613,0.46260361527656885,0.05394430504078168,0
-0.0005069690781371385,-0.028747054974879054,0.4582301010709433,0.045152146490630686,0
-0.0005804411214703996,-0.028676198223891294,0.44995955515643354,0.045965959035897466,0
-0.0006082824634977753,-0.029439818593959555,0.45524135039041314,0.03777534414740333,0
-0.0007521281348925644,-0.030088162318379578,0.44962452395422303,0.030879978505252516,0
-0.0008112846484179841,-0.029805390481588003,0.44049170980053953,0.033964431635181445,0
-0.0009348410668674491,-0.03452806759542463,0.47058598386076167,-0.016737424335978475,0
-0.0009024144897585945,-0.03369100941206092,0.4678613022302378,-0.007759990559834156,0
-0.0014108286215261613,-0.03291869183765335,0.4397241184542924,0.000615064883536509,0
-0.0011410587298591385,-0.03228129736829523,0.44708402566653704,0.007415062784112954,0
-0.0002324225133700732,-0.02623532426469251,0.47092704114694794,0.07178840238203416,0
-0.00017777041058491194,-0.024603574239855857,0.4697233720950047,0.08906834576972315,0
-0.00023553771739895845,-0.02545748847837032,0.46533728310067135,0.08008085808577915,0
-0.00017044882308082308,-0.025383640863979554,0.47531313014128124,0.08077589006597816,0
-0.00012065391581077925,-0.02452934311004331,0.4796992046337976,0.08976337938736803,0
-9.33672254450166e-05,-0.022885688002031557,0.4784955257685308,0.10704350401415538,0
-4.027310047521164e-05,-0.021150830040330117,0.48726794124394124,0.12501884657533652,0
-8.915688459235864e-06,-0.019394144380332122,0.4960405331495387,0.14299431419753272,0
-8.599905907977704e-06,-0.02107829758036265,0.49724364556105144,0.12571373617831727,0
-2.2370339769396494e-05,-0.020275535639470377,0.49165423719673995,0.13400658038643462,0
4.437960917159546e-06,-0.020205053454395123,0.5016299415138502,0.13470146998941535,0
1.3565481963984045e-05,-0.01932690767656718,0.5060159997021333,0.14368900511380467,0
7.730999602426874e-06,-0.017610766278522438,0.5048118175568986,0.16096863256030178,0
1.4034567934751108e-05,-0.015772805835393942,0.5131177683212655,0.17916484431015553,0
1.181784249247069e-05,-0.016696112457038705,0.5089647929390821,0.17006673843522865,0
2.3580599859435746e-05,-0.01666102099019232,0.5184144085924867,0.1706357259803703,0
2.228500069714674e-05,-0.017566748680016606,0.5142614332103033,0.16153762010544342,0
1.9548429100149432e-05,-0.018443652220009873,0.5104016419058133,0.1526761642951892,0
8.92851190888538e-07,-0.01850609075662754,0.5004261753532186,0.15198147337891726,0
-8.113322142292242e-05,-0.02367205552609727,0.4840852814705607,0.09875095850958415,0
-5.021955341228791e-05,-0.022811397200102158,0.48847133944739973,0.10773848703406338,0
-2.6459956064537653e-05,-0.021946941222998954,0.49285754718510494,0.11672615831465394,0
-6.357033807856885e-05,-0.022020669718957882,0.48288173350623603,0.11603117529474595,0
-0.00013094285900215082,-0.023746470912101563,0.47410944893176776,0.09805592489193926,0
2.3813973228476288e-05,-0.015853738321136162,0.52246077364444,0.1787168690747472,0
1.5235574653479989e-05,-0.014851383205947546,0.5178792758974532,0.18818913545794452,0
1.8140456086529537e-06,-0.014012810714278253,0.5025244882344058,0.1956405693968684,0
6.914287520355625e-06,-0.014900173063343842,0.5078211282778357,0.18740270685351196,0
8.626244067354917e-06,-0.013952859889439841,0.5125826358540233,0.19642699800130098,0
4.120241693143502e-06,-0.012041199051218634,0.5117538499053131,0.21364126728080132,0
8.000772420406509e-06,-0.012077698413925968,0.5234284947092234,0.2142116019424396,0
8.69607441562816e-06,-0.012998053731330941,0.517197316689477,0.20542734694326742,0
3.7564365400666244e-06,-0.013035273604216194,0.5071391690698595,0.20464091833883485,0
0.0,-0.010000000000000077,0.5198331783680623,0.2313814108030698,0
5.059717729049662e-06,-0.011128927274029268,0.527468158940598,0.22308167370357385,0
2.82025891454329e-06,-0.01103570979944839,0.5157935141366877,0.22251133904193554,0
0.0,-0.010000000000000023,0.5295862231957511,0.23331632973903332,0
-0.001771194765090253,-0.03320941298907656,0.42305345761784474,-0.002421444726148935,0
-0.0012882223330373062,-0.0313261016338234,0.4192464942970851,0.01781715946020539,0
-0.0009175305885295115,-0.02949490102776562,0.41536585177688007,0.0374911313061904,0
-0.0010905903112079336,-0.03041049134006637,0.4173061730369826,0.027654145383197895,0
-0.0011089703303829156,-0.030784154992018618,0.4266295547111304,0.023578433018949085,0
-0.0009453231813860353,-0.029867790385106226,0.42468923345102794,0.03341541894194159,0
-0.0006653116965694738,-0.028300839951762254,0.4321029626156754,0.050130999468191495,0
-0.00043292068800290464,-0.02648471736223849,0.44097878938006546,0.06943708045854016,0
-0.0005384907748750275,-0.027393761997405355,0.4365408759978704,0.05978403996336583,0
-0.000582344508848257,-0.02814154345265046,0.4425256342263195,0.05173688042365816,0
-0.0004640620738130365,-0.027233149697035205,0.4469635476085146,0.0613899209188325,0
-0.0003740180110191781,-0.026396118653384985,0.45096499174320176,0.07026522543018765,0
-0.0002786012471233847,-0.024759212501645173,0.44977170344251954,0.08767830007676485,0
-0.00017288425782080482,-0.023045836410289313,0.45854386830396754,0.10565333340947873,0
-0.00010118936883661313,-0.02131412790322625,0.4673157709121593,0.12362861320050038,0
-9.96257633896627e-05,-0.022099486397361607,0.4729056483403451,0.11533605860732787,0
-0.00013471236931627604,-0.02296404885988398,0.4685196970362492,0.10634841871181705,0
-0.00013343446771667592,-0.0221826778677236,0.46292981960806345,0.11464097330498955,0
-0.001704655704829524,-0.03351769042298877,0.4324144371511349,-0.005778774369159033,0
-0.0014924707117666442,-0.0326100809021932,0.4303631389210022,0.003972394526546607,0
-0.0015177677776633282,-0.032267900286805776,0.42114997595746495,0.007697857367028228,0
-0.001285261478664178,-0.0316677754407251,0.42845965726062235,0.01409169661972377,0
-0.0007932285464633614,-0.029271450223653638,0.43305778887042556,0.039735353022942135,0
-0.0007887309635066022,-0.028898433393944174,0.42373440719627775,0.04381106538719095,0
-0.0006857509495027215,-0.028834192832534935,0.43953688354578935,0.0443600780804308,0
-0.00029539224725855213,-0.025533354760336975,0.4553614487744288,0.0793858352393,0
-0.0003488379015144636,-0.025623318703427416,0.4453752464112925,0.0785576902676525,0
-0.00023101936162768323,-0.024680365439100377,0.4597475377687621,0.088373322923244,0
-0.00017802057442830566,-0.023824123732335504,0.4641336201994861,0.09736083958960094,0
-0.0002207940952706248,-0.023904434743448378,0.4541577858732435,0.09666581674312179,0
-7.147903577938729e-05,-0.021229699208081446,0.47729185607805025,0.12432372988791845,0
-5.407551117572782e-05,-0.019556747974156016,0.4760893048832852,0.1416048293452851,0
-4.915963530432701e-05,-0.02035382410732076,0.4816786230636132,0.13331183796031082,0
-3.1711419917729036e-05,-0.019471031275161803,0.48606491901641197,0.1422995717714089,0
-2.442460284809087e-05,-0.017764047627370636,0.484865368505899,0.1595834300465044,0
-3.7433254122920094e-05,-0.018665475141646688,0.48047733669459214,0.15059412969589475,0
-1.8306172758773728e-05,-0.018580145949446628,0.4904529508277189,0.15128887212201858,0
-8.256301157291391e-06,-0.017680503896872875,0.4948385930313988,0.1602760313034031,0
-6.997111891332274e-06,-0.015922715616396955,0.49365843795779724,0.17757690743221785,0
3.7652318806033128e-06,-0.015837612021264574,0.5033881031395314,0.1783708758711867,0
-9.58749287827257e-07,-0.016769876692867076,0.4992351277573479,0.16927276999625981,0
-1.4438429247538113e-05,-0.016850119567386357,0.48926190323184815,0.16858016873936113,0
-7.505238023394349e-05,-0.020439172455070438,0.47170253789772226,0.13261672127289273,0
-1.6642729248785328e-06,-0.014976355247589205,0.4980914630961015,0.18660873841454312,0
-1.2669054803079643e-05,-0.014221277335259545,0.48245393525172897,0.19413812351277931,0
-1.0805343944093344e-05,-0.015073165111767938,0.48805618660476313,0.18585751547249857,0
-5.342958485746358e-06,-0.014101993517484795,0.49248921174306737,0.19488934645482386,0
-3.1745481626399354e-06,-0.012147877149331633,0.4913435001939542,0.21256992506955266,0
0.0,-0.010000000000000083,0.5000000014438634,0.23,0
-8.3989908383523e-07,-0.011105326251151243,0.4956717508189088,0.22128496253477634,0
1.101088250073898e-06,-0.011047557185850944,0.5058769256745883,0.22182063364040067,0
0.0,-0.010000000000000031,0.5099165899059628,0.2306907054015349,0
-7.1079513281680336e-06,-0.013201549216418935,0.48689871772284155,0.203354024291166,0
-1.6029677474454148e-06,-0.013086308335967488,0.49693399421417994,0.20410524723321055,0
5.739608716798867e-07,-0.012065537224278776,0.5015486750496336,0.213105596175177,0
-0.0017365936700720935,-0.032570778856661355,0.40442640408783087,0.0045545419362452,0
-0.0011629667445967836,-0.030616059708405943,0.3992148462985367,0.02558897843611878,0
-0.0007484727089961967,-0.028621856664381884,0.3944613214070168,0.04705686996298089,0
-0.0008483520378320752,-0.029057971020166634,0.4049135865919484,0.04227400063458565,0
-0.0010412234014812115,-0.03005582806078672,0.4072903490377084,0.03154005487115459,0
-0.0009356731399568869,-0.029618619109446593,0.39683808385277675,0.036322924199549834,0
-0.0017833354951545758,-0.032889723541299626,0.4137399308528378,0.0010665486050481325,0
-0.0015028586879291606,-0.03194864862082356,0.411836449192458,0.011185850698225294,0
-0.0012489796425703393,-0.030970769978533912,0.4092306702978109,0.021703068948162083,0
-0.0014287936376829351,-0.03159344559382638,0.4018206251931838,0.01507176018618199,0
-0.0006782087627338062,-0.027955174368211017,0.41201765823146536,0.05404124135821333,0
-0.0007900783216198481,-0.028724892690778908,0.4136917550041727,0.045766186332201864,0
-0.0007217705760349927,-0.02828898462336962,0.40323948981924107,0.050549055660597114,0
-0.0006840439572916827,-0.028127592541408335,0.4220603104235704,0.052086120413202416,0
-0.0005062623644934476,-0.026586054753367522,0.4209800962519082,0.06861240398693717,0
-0.0005851143571020454,-0.027442708667607254,0.42654152943379176,0.059371701727564334,0
-0.0004768593549369061,-0.026535151855102405,0.4309794428159868,0.06902474222273866,0
-0.00034998428848982807,-0.024924962968093402,0.42981658630664443,0.08624384830519075,0
-0.000234369580956595,-0.02321734482391799,0.43859158377009044,0.10425598545382929,0
-0.0001520498345677263,-0.021495815069169196,0.4473642009139531,0.122237366509443,0
-0.00018964455499255654,-0.022359122025850622,0.4429778923420218,0.11324667598163615,0
-0.00016381846068650105,-0.022269455891247618,0.45295403460896033,0.11394534995946087,0
-0.00020654332150130234,-0.0231306510233001,0.448567726037029,0.10495465943165401,0
-0.00025772909904179993,-0.023987108112167418,0.44418164360630497,0.09596714276529707,0
-0.00031886986662352115,-0.02484164220828264,0.439794144874582,0.08696107419097779,0
-0.00028741394345799986,-0.02407285103956872,0.43420408503836744,0.09524991687951001,0
-0.0005872967463266616,-0.02727118538545742,0.41649887724168677,0.06132682267257525,0
-0.00042210372208968205,-0.02575658641602712,0.42539834127927634,0.07742812614606395,0
-0.00039232577015167817,-0.025703901429536425,0.435397687843355,0.07784046438186545,0
-0.00012837940412102833,-0.021403211663525778,0.45733998591305625,0.1229329898549717,0
-9.448386356942976e-05,-0.019749820344536644,0.45613670016152846,0.1402139994099598,0
-5.517248753458695e-05,-0.017967443955323525,0.46491027674329877,0.15819039514746033,0
-7.288955994146455e-05,-0.018864068440596616,0.46052348845241364,0.14920219727871006,0
-7.525147779585658e-05,-0.01965018335907678,0.46611300252240684,0.14090941437762244,0
-5.584593828676169e-05,-0.018760767300395487,0.47049979081329196,0.1498976122463727,0
-4.024851434675906e-05,-0.01786045791954513,0.4748878226245989,0.15888691259698237,0
-2.91295077391664e-05,-0.01613202235364739,0.4736854152299392,0.17616934452503072,0
-2.7373754829250374e-05,-0.014613187657891205,0.462582740372688,0.19182240939180056,0
-2.8932825412919766e-05,-0.015368340139856987,0.46813407780131355,0.18399587695841563,0
-2.010176232867683e-05,-0.01440828638213312,0.4725183378122085,0.19298026645228994,0
-1.9889063006179283e-05,-0.015188051481688843,0.4780696752408341,0.185153734018905,0
-1.818076708208812e-05,-0.016018463435886223,0.4836719265938682,0.17687312597862428,0
-2.7866454708172008e-05,-0.016947375068002826,0.4792753918679191,0.16787638728576756,0
-4.075170418674159e-05,-0.017057605272532205,0.46929784598661894,0.16717986983624553,0
-9.916248601601611e-05,-0.020530506014510872,0.4617262355368439,0.13192130630523008,0
-0.0001206184966078529,-0.020626556407060848,0.45175045053774077,0.13122568295970138,0
-1.2073793176899137e-05,-0.01265491767486036,0.4714592587620868,0.20952766092368647,0
0.0,-0.010000000000000122,0.4801668244029419,0.2313814104215656,0
-7.3745593316440504e-06,-0.012383900675928669,0.4814013794780205,0.21104879299661955,0
-5.4844280691099555e-06,-0.011378969131291078,0.47581304158251436,0.22045453567262602,0
-2.656443472505575e-06,-0.011085588849516537,0.48575516229844806,0.22197566774555913,0
0.0,-0.010000000000000005,0.49008341292340263,0.2306907052107828,0
-1.3049451592244017e-05,-0.01343367877126063,0.47695659700690785,0.2018328922182329,0
-1.9004487979620948e-05,-0.0136507361350022,0.4670209995673874,0.20067503515774351,0
-0.0014854816280434767,-0.0319811276900856,0.3856210812058666,0.011028604303709638,0
-0.0016421205494497732,-0.03227579041526767,0.3950237426468487,0.007791573119977419,0
-0.0013198611196452803,-0.03129866037249846,0.3924179637522016,0.018308791369914208,0
-0.0009243142909021812,-0.030173828036401586,0.37913623642769423,0.03049507979362689,0
-0.0011783309660515651,-0.03107735768415411,0.3823786588167804,0.020761842048668266,0
-0.0010647116664323564,-0.030395033917781346,0.3891755413631155,0.028042029114872837,0
-0.0008396141196805183,-0.02939817367180813,0.3867987789173555,0.03877597487830389,0
-0.0005525306519909917,-0.028483623560405995,0.37115572422053333,0.04873992057600202,0
-0.0004588838401895546,-0.0269045319998788,0.38146839398292565,0.06567797415015271,0
-0.0005227416768843175,-0.02676781763320313,0.4010961740977766,0.06692312879657539,0
-0.0005008405187730777,-0.026836752845635463,0.39128228404035115,0.06630055147336406,0
-0.0006257239722099176,-0.0276950108039833,0.3977787477523967,0.05698999937977814,0
-0.0005936368633812741,-0.0277622928811725,0.38796485769497124,0.0563674220565668,0
-0.0005065272434432936,-0.02769418942795032,0.3763120591017295,0.05720894736307737,0
-0.000669631821422352,-0.02855329348854882,0.3828085228137751,0.04789839526949145,0
-0.0007196124029270805,-0.029328251901288915,0.3751459803241138,0.039617500184814455,0
-0.000599625880524952,-0.027360911384718946,0.406556916164621,0.06048218507739436,0
-0.0005233967585010762,-0.026677209113032018,0.4110381351748424,0.06776776639175627,0
-0.0003774974780716066,-0.025079698280088072,0.4098565178360413,0.08494059762375414,0
-0.00044521728778496695,-0.025924471937136366,0.40547634596690896,0.07593186321016476,0
-0.0004402576487187509,-0.025831774937641234,0.41541830704397475,0.07677650080534565,0
-0.0003698669968401592,-0.02500245750213133,0.41983655207134285,0.08559222296447244,0
-0.0002676754626926954,-0.023391672708690928,0.41864056670124355,0.10287313245939372,0
-0.00030820600867731857,-0.024156781561686148,0.42422857650394397,0.09455849038229223,0
-0.00025510208974540024,-0.023304400087769413,0.428616075235667,0.10356455895661151,0
-0.00018512738824792786,-0.021686675613349544,0.4274125893823972,0.1208485143591151,0
-0.0001242599404100037,-0.019961072805566978,0.43618466583558335,0.1388237487488318,0
-0.0001523118074725425,-0.020827048640462798,0.43179862760899024,0.12983613155397344,0
-0.000171251649234431,-0.02159065941202811,0.4373883951481752,0.12154294043427905,0
-0.00013859008969926054,-0.02072588168163856,0.44177443337476824,0.1305305576291374,0
-0.00011104527664857948,-0.019854005280130097,0.44616068299855594,0.13951887407939578,0
-8.015943065499793e-05,-0.018203696006561042,0.444957296269218,0.15679900969853522,0
-0.0001003865154506649,-0.019087233531460968,0.44057098105240067,0.1478113792236835,0
-8.793616656542738e-05,-0.018973597339891898,0.45054699821537325,0.14850650455424752,0
-6.864969812959676e-05,-0.018082647080359646,0.4549337865062584,0.1574947024229978,0
-4.8761539162926676e-05,-0.01639808607774579,0.45372937186799356,0.17477372909227074,0
-3.7141925227675354e-05,-0.015515896630593957,0.45815605612034077,0.18329806924203565,0
-3.945009467460131e-05,-0.016259576190256832,0.4637073935489664,0.17547153680865074,0
-5.2648229613351825e-05,-0.017179006084452893,0.45931982430564616,0.16648206211986555,0
-6.309651611420341e-05,-0.01730824223733643,0.44934333406860577,0.16578636939540298,0
-0.0003187507103035478,-0.024236938255043004,0.41424854226864244,0.09390686504157393,0
-0.00020981049539836526,-0.022449995521351584,0.43300208657624384,0.1125522499064722,0
-0.000223348228197942,-0.022541208620738693,0.42302657804182037,0.1118608234092544,0
-3.906095012608219e-05,-0.014934978320596872,0.44259348898083933,0.1907204529766785,0
-3.369142024968139e-05,-0.014769698553245511,0.45258811467676363,0.19127143118423953,0
-4.4233888710533e-05,-0.015659213086935287,0.4481614304244165,0.18274709103447462,0
-2.2138219636905594e-05,-0.013275567153140131,0.45180753307558535,0.20618224279317085,0
-2.5142277603871925e-05,-0.013935639818236187,0.4571951367241367,0.1990023260924857,0
-1.709471916609577e-05,-0.012960601953942998,0.46163339591883606,0.20785495185842867,0
-9.385593308400184e-06,-0.011607929128973415,0.46071448912679563,0.22071133375530586,0
-1.1086355437255175e-05,-0.012119477439513835,0.4660868739444412,0.21511949733949615,0
-3.956434404887842e-06,-0.010829335858083525,0.4704406567648688,0.22604637208843573,0
0.0,-0.01000000000000008,0.4606607345679865,0.2352512480151575,0
-4.8039989130060045e-06,-0.010814292379323019,0.46068761184739104,0.22798129088523167,0
0.0,-0.01000000000000001,0.4704137794854642,0.23331632921836154,0
-3.0097051477255892e-05,-0.01411690180557283,0.44720051102821234,0.1984513478849247,0
-1.5415398664030923e-05,-0.012457056637823082,0.4562610111011905,0.21344678827423835,0
-0.0010388403609370989,-0.031511183052760586,0.366425654574815,0.016215357917251524,0
-0.0009896839070606613,-0.030842342263106542,0.3727809455012546,0.02335521885543921,0
-0.001291061733978888,-0.0317464161948462,0.3760233678903408,0.013621981110480581,0
-0.0005524240658569188,-0.029853552030526333,0.35859119777940024,0.03406626361926068,0
-0.0002732780256014931,-0.028401082858087123,0.35051879974955824,0.04974235106450401,0
-0.00039605137292233214,-0.02912690623689163,0.35455499876447927,0.041904307341882344,0
-0.00042339794765323084,-0.028443183924640656,0.3608372619850458,0.04924113582025302,0
-0.0005630982304876438,-0.029168599013623196,0.36487346099996676,0.04140309209763135,0
-0.000754887003468253,-0.030014248419250215,0.36886371710354726,0.03228067170644378,0
-0.0007656966044753843,-0.030682101432219538,0.36250842617710766,0.0251408107682561,0
-0.0003042489452850801,-0.026968151328278872,0.3611217603159804,0.06516507087915915,0
-0.0002695661506229955,-0.025378120149612108,0.36995155429121523,0.08230843476334318,0
-0.00035274122544305913,-0.025242422097837867,0.38991443116339713,0.08351630009571691,0
-0.0003181230523235802,-0.025311337830239193,0.3799329927273062,0.08291236742953004,0
-0.00035618862510658283,-0.026140300493628362,0.3757099741370704,0.07399320445674795,0
-0.000403467605424023,-0.026073709461260215,0.3856914125731614,0.07459713712293481,0
-0.0004329084360108328,-0.02600397756373562,0.39550530263058686,0.07521971444614614,0
-0.00037219325750307463,-0.025161732585589756,0.39988547449971923,0.08422844885973552,0
-0.00026495159206958084,-0.0235637569673821,0.3986869382367844,0.10149011052758963,0
-0.000271181287871555,-0.0234783753118398,0.408663752469014,0.10218162149349168,0
-0.0003185021181326549,-0.024320078853056256,0.40427172803641287,0.09321535407567189,0
-0.00030665139338475735,-0.024403769278470554,0.3943006847000908,0.09250320531165326,0
-0.0004158612441836274,-0.027725257163326845,0.3661387422682569,0.056952495727580585,0
-0.00039104069173253605,-0.02693724445914153,0.37129507714945303,0.06542152251465594,0
-0.0002889151018605646,-0.026173001182166332,0.36553665730359786,0.07373675282125117,0
-0.0002965328335352571,-0.02768451830778734,0.35582028003276933,0.05745371097183158,0
-0.0001941049608893423,-0.021877714167133955,0.4074607387180841,0.11945919906804985,0
-0.00022751079708705526,-0.02272204009936376,0.4030738384774343,0.11047465479781973,0
-0.00022946501601919277,-0.022632386271659227,0.4130506527096638,0.11116616576372179,0
-0.00019293901582075268,-0.021782729561980615,0.4174366640502406,0.12015385671358247,0
-0.00013835850011811258,-0.02017773544708231,0.4162335379520796,0.13742771649709132,0
-9.540036271259768e-05,-0.018453341912878965,0.4250053951969263,0.1554087136677169,0
-0.00011542598722550065,-0.01931918330278562,0.420619466574503,0.1464182150824041,0
-0.00013353329740796213,-0.02006960717053392,0.4262091018938315,0.13812573262296157,0
-0.00010970149504856907,-0.019202990343730825,0.4305950305162548,0.14711623120827436,0
-8.92168986877119e-05,-0.01832803884046119,0.4349813457330721,0.15610386168312607,0
-6.287561365575162e-05,-0.016692346495311858,0.4337777779877851,0.1733837943626537,0
-4.6963032919799594e-05,-0.01535445161332701,0.42268583391747444,0.18871209543908735,0
-5.486013459104629e-05,-0.016015446482704882,0.4282318059526298,0.1810479449008705,0
-4.3695532948582294e-05,-0.015146348427161525,0.4326396614491569,0.18971627420788292,0
-5.0147876648520634e-05,-0.01582224796859844,0.4381856334843122,0.1820521236696661,0
-5.668690556896829e-05,-0.016543472091809286,0.44375357492788936,0.17407876172746223,0
-7.166982617192122e-05,-0.017442392093097593,0.4393675371285015,0.16509140203059447,0
-7.798437945458335e-05,-0.017578597059616046,0.4293915865923557,0.16439625401518532,0
-0.00016112920163495833,-0.020929064755301933,0.42182306366723843,0.12913811542810322,0
-0.00016448135842832122,-0.021029965340341263,0.41184713833508185,0.12844345778257057,0
-2.7417285901907524e-05,-0.013493535449817495,0.43042517256981816,0.20741575093267153,0
-1.186616427395863e-05,-0.011694883030657086,0.4455041989046789,0.22293510269300632,0
-1.9451783466849496e-05,-0.012616726523308044,0.43796468573724856,0.2151754268128389,0
-1.703054737018863e-05,-0.012477057330295856,0.44865586599013213,0.2145586727430886,0
-2.5268652430236053e-05,-0.013380049248316147,0.4411163528227018,0.2067989968629212,0
-3.332704355295742e-05,-0.014200558788659456,0.4365093307753287,0.199068101954675,0
-3.663735725305291e-05,-0.014432359049330448,0.42655550324364633,0.19806392318587945,0
-1.0697909064182855e-05,-0.011642699476717306,0.45310934401573727,0.22182321822415607,0
-5.77528517476993e-06,-0.010881340920942973,0.4530824667363327,0.2290931753540819,0
0.0,-0.010000000000000092,0.4416000811974764,0.240942563242434,0
0.0,-0.009999999999999995,0.45113040788273145,0.23809690562879576,0
-5.942680136144255e-06,-0.010839497120359557,0.4435521400510777,0.23193883296772017,0
-0.00044558457713012083,-0.03122910421045714,0.34679540542315523,0.01934159544758824,0
-0.00013123849200209374,-0.029765926942342782,0.33908251065892536,0.03506914290104553,0
-0.0003503686279489401,-0.029810573584860157,0.3488368542191628,0.0345677032601531,0
-0.00026379450905164836,-0.03049711705051243,0.3429389580410403,0.027205369174316884,0
-0.000519549941505973,-0.03054100929182835,0.35269330160127776,0.02670392953342446,0
-0.0007619214501754959,-0.031370942242712745,0.3566105299989851,0.017778476682419882,0
-0.00021848452093152471,-0.029083329404600504,0.3448006552042418,0.04240574698277477,0
5.3702481113851844e-05,-0.0284774551747206,0.3301400450860365,0.04894856476198099,0
-2.454396784931097e-05,-0.029121415512941562,0.3346112778724809,0.04200885383151326,0
-0.0001146893611835373,-0.028440286888324593,0.3403294224177974,0.049345457913242505,0
-9.455346630704155e-05,-0.027137101158957944,0.34119473051772764,0.06342275867955428,0
-0.000137004124665131,-0.025528064693159862,0.35000566491964247,0.08084036006138903,0
-0.00014158488674691444,-0.023878927839363448,0.3587830733493129,0.09873896749805293,0
-0.00022212963456383458,-0.023725570445265822,0.37873379266115564,0.10013353405112653,0
-0.00018618362366609528,-0.023803935809974627,0.36875843300523425,0.09943625077458973,0
-0.0002461290462267171,-0.024551922174843387,0.37434267347618544,0.09122098440723486,0
-0.0001991117978755231,-0.02462727747462304,0.3643673138202641,0.09052370113069805,0
-0.00014240506633812357,-0.024702997673255518,0.3543943691344777,0.08978966377972097,0
-0.00020883486086331846,-0.025454437755443416,0.3599786096054288,0.0815743974123661,0
-0.00021135641906331842,-0.026247413442663778,0.35556371261781144,0.0730027154702741,0
-0.00020637154076111,-0.02705372406784849,0.35115824541685403,0.06429391477935673,0
-0.00012192569110262597,-0.026332053165264213,0.34560019771868505,0.07213155937047167,0
-0.00017346541048645535,-0.027768758888059235,0.34585676513364294,0.05658255487202915,0
-3.2711881647594367e-05,-0.027807068816792634,0.3356673878018821,0.05618566172076764,0
-0.00028252839015948744,-0.024482440335134456,0.3843241119122764,0.09182491707342172,0
-0.0002485672036371549,-0.023645935684989468,0.38871036544897003,0.10081182228935809,0
-0.00017521694114386413,-0.022060713341455342,0.3875090404153916,0.1180692935152448,0
-0.00013329436238354171,-0.02038605523461973,0.3962815829959368,0.13604290059570487,0
-0.00015348346851058633,-0.02122452160680318,0.39189531170566416,0.12705609705547483,0
-0.00016199032136346396,-0.021128655199134757,0.40187116085701047,0.12775104983187735,0
-0.0001882451567887433,-0.021970671507495758,0.39748488956673783,0.11876424629164732,0
-0.00021714207071830304,-0.02280996821202993,0.39309798932608797,0.10977970202141721,0
-0.0001982019450944164,-0.02289362525827393,0.3831214165382736,0.10910141378318566,0
-0.00013834669199848062,-0.020283475220436276,0.4062575604740082,0.1367353085463981,0
-9.793789522383184e-05,-0.018701493348150904,0.40505622026094357,0.1539832256434455,0
-6.920101099140125e-05,-0.017006670545741783,0.41384070411859836,0.17178400803877547,0
-8.282126064654532e-05,-0.0178577537941879,0.40944846218977093,0.16288361684111047,0
-9.840095280596136e-05,-0.01857902853235807,0.41503080772893497,0.1546959696555812,0
-8.189004427410399e-05,-0.01772382406369664,0.41942304965776234,0.1635963608532462,0
-6.717852206888134e-05,-0.01685108280860825,0.42380924105319173,0.1725839012007146,0
-5.7526971688062374e-05,-0.01618630064298755,0.4182632690180364,0.1802480517389314,0
-4.8011863173535434e-05,-0.015693506415083,0.4032264703326779,0.18725667414648112,0
-5.812020466800255e-05,-0.0163426470991918,0.40853358722563815,0.1795203410926283,0
-4.833042913945566e-05,-0.01552808846667823,0.4129561521250762,0.18798438479278423,0
-3.5576051589246546e-05,-0.014409410561888217,0.4122080810941285,0.20040619006705168,0
-2.228361898712697e-05,-0.013001440998663445,0.4118491162616588,0.21623686493500294,0
-1.2164108193315461e-05,-0.011646217658255178,0.42687654299296146,0.22793593710903118,0
0.0,-0.010000000000000092,0.4228743529119792,0.2476650940878527,0
-5.811081095661257e-06,-0.010804199974258997,0.42487544795247034,0.23780051559844195,0
-6.216952988631494e-06,-0.010852268793601457,0.4342383120952189,0.23443925017573258,0
0.0,-0.010000000000000009,0.43223721705472784,0.24430382866514333,0
-0.00011722816285737439,-0.019435103473546263,0.4106448791065116,0.1457054710702684,0
-0.00011478908529139511,-0.01954592649071658,0.40066890162844015,0.14501306311957518,0
-4.120404664853801e-05,-0.014874920009694531,0.41744695750580146,0.19455914275306951,0
-3.1904563671024744e-05,-0.013962421922494027,0.42131662683197335,0.20391097049986162,0
-2.8579485136413872e-05,-0.013701353999350475,0.41202859867789365,0.2083215275010273,0
-2.5135238298241883e-05,-0.013237976429510662,0.42113714441573846,0.21182630793383722,0
-1.942835244648156e-05,-0.012559218248677445,0.4286508577813898,0.21767584402085136,0
-1.7407445306558478e-05,-0.012340649411412028,0.41936282962731014,0.22208640102201704,0
-4.173287218132105e-05,-0.015056245676774329,0.4077172757134032,0.1938314321067664,0
-1.2190198416976585e-05,-0.011661622155646732,0.4361903709488202,0.22543551990101873,0
0.00021428099051196015,-0.031184504738617336,0.32692781862283005,0.01983649812317134,0
9.466403582597082e-06,-0.030475004185017696,0.3330051646408777,0.027452820512108435,0
-0.00011881210197795585,-0.031207929668737092,0.33686161202299264,0.019589046785379788,0
0.0003412728938285307,-0.029751679346959548,0.3180584117818909,0.03520126876513925,0
0.0003603326335534356,-0.028477689681315803,0.31069600683796417,0.048892954522538355,0
0.00035661584156148783,-0.029114425005861973,0.3143772093099275,0.0420471116438388,0
0.0001788079522412849,-0.029114455582099963,0.3240992284339637,0.04207491676356012,0
0.0002124888855097976,-0.028478465213288624,0.3204180259620003,0.04892075964225967,0
0.0001514698682792726,-0.027326561639236625,0.3212898417607915,0.061362888402459445,0
2.8785327219164118e-05,-0.02566960864075139,0.3300615590713191,0.07934274076020112,0
8.029077811519853e-05,-0.026497233954227206,0.3256757004160553,0.07035281458133028,0
2.638284922150877e-05,-0.027232924819968668,0.33124228613925955,0.062392823541006864,0
-2.3113967847845535e-05,-0.026402917832956244,0.3356281447945234,0.07138274971987771,0
-5.66949955060286e-05,-0.025600250227619838,0.34003361199548077,0.08009155041079508,0
-3.260902988539203e-05,-0.02401825439945303,0.33883200129287083,0.09734130252022785,0
-5.866211861174215e-05,-0.02237914056450955,0.34760567153095734,0.11529384206472042,0
-0.00012849174786788435,-0.022229428506675745,0.36755769524201043,0.11667809634236342,0
-0.0001711064413420239,-0.02297555180649549,0.37314574395158306,0.10840581519674497,0
-0.00013643797814932127,-0.02305385654267733,0.3631703842956617,0.10770853192020818,0
-9.596963929340806e-05,-0.022306733682534496,0.3575816833864839,0.11598596920354193,0
-9.52187687638554e-05,-0.023127597236023943,0.35319437244013513,0.10701640478138667,0
-4.889701453392862e-05,-0.023197672006833238,0.3432188364119141,0.10631757229247413,0
-8.976298098853159e-05,-0.023950453962993175,0.3488075373210919,0.09804013500914038,0
-7.768319526031744e-05,-0.024772307116549996,0.34441883310625665,0.08909083129080844,0
-7.654354541479406e-06,-0.02484295802861255,0.33444678018209495,0.08834202164021449,0
0.00010938600739993284,-0.029759865380369354,0.3285704612204081,0.03513520583309239,0
0.0002953444691833972,-0.030467627313346183,0.32249311520236046,0.027518883444155297,0
0.00011057602058181434,-0.02790185141595459,0.325714943423414,0.05515572658222022,0
0.000245764195743123,-0.027901916221820176,0.31599292429937786,0.0551279214624989,0
-0.00015515404057528663,-0.022147176950069295,0.377533367828701,0.11737369492880412,0
-0.00010811755704218031,-0.020577973355274556,0.3763298531163968,0.13465301123348725,0
-8.609940852925006e-05,-0.01892410414472546,0.3851020658629731,0.1526277412177543,0
-9.709410545960317e-05,-0.019751661445277232,0.38071595948968495,0.14364037622562076,0
-0.00010803061100605538,-0.01965085331994882,0.39069182442945494,0.14433532090672957,0
-0.00012316807668074782,-0.020484599962505737,0.38630571805616676,0.13534795591459606,0
-0.00013898468317452694,-0.02131643151051952,0.3819194467658942,0.12636115237436601,0
-0.00011877142458837294,-0.021403723332018787,0.3719437741792036,0.12566555378792532,0
-9.381224885051554e-05,-0.018815903092587623,0.39507914306195835,0.1533054834305999,0
-6.517261096689049e-05,-0.017261599731419237,0.39387437970711475,0.17060301742275888,0
-4.027659761501895e-05,-0.01587891201385973,0.3826947863782438,0.18718762726718235,0
-5.642258631550917e-05,-0.016481080099591334,0.39855042501989635,0.17892984578462,0
-4.50297654111669e-05,-0.01579205936129778,0.39296062835546086,0.18722215070683174,0
-5.1785120246581836e-05,-0.01656281022198397,0.38828458304267927,0.17889532234497063,0
-8.055240889147333e-05,-0.0179754915747566,0.39946529998402913,0.16229312153310219,0
-6.845946963174508e-05,-0.017137703841393324,0.40385754191285655,0.17119351273076716,0
-7.540149453948217e-05,-0.018094427292113982,0.3894882227850439,0.1616153793202566,0
-2.912903688620084e-05,-0.014189184825491152,0.3943710914899522,0.20548859236599823,0
-3.2691988844496204e-05,-0.014299217911858682,0.40328958629204037,0.20294739121652494,0
-2.620187700785091e-05,-0.013609996280905949,0.4031101038758055,0.2108627286505006,0
-1.6714180876354377e-05,-0.012601203606088894,0.3968390319006161,0.2238934226248285,0
-1.0038107805630956e-05,-0.01148127541942926,0.40876676417827484,0.2346020819755807,0
0.0,-0.010000000000000127,0.4042408179457537,0.2546417206614152,0
-4.601344633713923e-06,-0.010716004781711676,0.4065037910620143,0.24462190131849795,0
-5.26988824202662e-06,-0.01076064805826749,0.415820558545127,0.2411335880317167,0
0.0,-0.010000000000000002,0.41355758542886645,0.251153407374634,0
-3.783613864445233e-05,-0.014930264617159884,0.39879878091131504,0.19637263325623966,0
-3.4892361562525813e-05,-0.015038675239577075,0.388532938934098,0.19633810981659028,0
-1.579147351651677e-05,-0.012228739446068565,0.41030794021996686,0.2254194734552918,0
-1.1207423168749123e-05,-0.011559570784068806,0.4178216535856182,0.23126900954230595,0
-1.95408635741592e-05,-0.012797659772931673,0.4043440740811375,0.2200651437799157,0
-2.2593120279784903e-05,-0.013389756462357748,0.39560506169528414,0.21469100749541337,0
-1.35748152149233e-05,-0.012051072526301146,0.40280289803944547,0.2292477523002046,0
0.0008418842509480258,-0.031386024065894906,0.30717831277806706,0.017600141888478676,0
0.0007795278152723981,-0.029943624787302166,0.2953458022222374,0.033022861122738875,0
0.0005772952887345291,-0.028461511957833693,0.2929233438028326,0.04895786132795407,0
0.0006697531250849044,-0.02920225309204207,0.294134573012535,0.040990361225346474,0
0.00047881082782564606,-0.02847018985494215,0.3018096753203984,0.04892540792524622,0
0.0005514476538421617,-0.02921051544588243,0.3030209045301008,0.04095790782263861,0
0.0005779576015699901,-0.02984856780355957,0.30670210700206413,0.03411206494393906,0
0.0005572486462049375,-0.0305686444147961,0.31261836227997897,0.026400705326808965,0
0.0005427951525795013,-0.031286219939701446,0.31705306570044856,0.018718320005825007,0
0.0008211091024739839,-0.03066453206428898,0.3012620575001522,0.025311501505608777,0
0.00038330790351563844,-0.02744589265242459,0.30133828988005673,0.059972871441204036,0
0.00019932101288481138,-0.02578809144448118,0.31010826744859865,0.0779770817549882,0
8.838286605145861e-05,-0.02414367857003599,0.3188815751966897,0.09593416663636474,0
2.474862242959484e-05,-0.022510035517850066,0.32765446106469304,0.11389773071224758,0
8.049091358358206e-07,-0.023263351301984793,0.33324323117878196,0.10561951661623772,0
-1.7907105874374805e-05,-0.022447074722853663,0.3376300662978252,0.114595786388484,0
-9.016619182914505e-06,-0.020888908089995696,0.3364265720299034,0.13187265940983986,0
4.969310381048897e-06,-0.02169765386261615,0.3320405165472982,0.12288519506104373,0
-3.0379415780412647e-05,-0.021632551464802016,0.3420161217804304,0.12358325073728013,0
-6.490938844366634e-05,-0.02074665572425387,0.35637822444334477,0.1332627773607954,0
-6.356317900889519e-05,-0.021561910257902238,0.35199194798715105,0.12427830971275791,0
-9.337049078158156e-05,-0.02148574763924456,0.3619679598426776,0.12497043685157941,0
-8.850659723684037e-05,-0.020665494957902587,0.36635403877987077,0.13395789429714133,0
-6.0683347056669205e-05,-0.019120843740598296,0.3651503735267498,0.151237672271684,0
-8.217766466930826e-05,-0.01984590997157402,0.3707401133215733,0.1429453417525856,0
-6.369300877834445e-05,-0.01993295957481214,0.36076429898504725,0.1422502248162397,0
0.00037719815074637293,-0.027961848838133872,0.30601714835901045,0.054432912981871195,0
0.0004745788253279749,-0.027953444610117978,0.29713081684144466,0.05446536638457905,0
0.0002724096574375047,-0.02738716990505689,0.3113140658204241,0.060667879921831744,0
0.0002802313256530371,-0.026616008561336224,0.3057232786643277,0.06897497659809612,0
0.00018319431222931052,-0.026557158925683937,0.31569905460469505,0.06966998507872382,0
0.00011550814261178124,-0.02573014488800574,0.3200849132599589,0.07865991125759467,0
6.487332280848751e-05,-0.02490626161257107,0.3244715671340044,0.08763845369828294,0
0.00013656195529791702,-0.024964608529587772,0.31449492132264417,0.08695562419567647,0
2.761073485334751e-05,-0.024082766375704712,0.32885678824478026,0.0966377345782963,0
5.190330540176104e-05,-0.023325294176427147,0.3232680181306914,0.10491594867430616,0
-3.809693279347967e-05,-0.020821158628273495,0.3464023982366241,0.1325677183853176,0
-7.497176994744049e-05,-0.019026543865490565,0.37512621969486143,0.15193270674471915,0
-5.145267657427183e-05,-0.017499779432604046,0.3739225277976378,0.16921255924341289,0
-2.743114314327854e-05,-0.016119729931636177,0.36274297921616727,0.1857973236276212,0
-3.824656662694931e-05,-0.016803889006426518,0.36833275350690253,0.17750494143551704,0
-4.598291707646003e-05,-0.016689695371420628,0.3783086570879408,0.17820009325529762,0
-5.951863634861652e-05,-0.017385846039971543,0.3838984537523763,0.1699077883330859,0
-6.731715090413642e-05,-0.018206780095882297,0.3795122968303054,0.1609201502305836,0
-5.645863756448673e-05,-0.018309947822852876,0.36953645066219376,0.16022511575754844,0
-2.2456451467085385e-05,-0.014542676544963004,0.3717891900378839,0.20395714834529835,0
-1.5612059138501485e-05,-0.013004234194347073,0.380242341848797,0.22184540514728587,0
-1.916593174805823e-05,-0.013772049014404148,0.37601576594334046,0.2129012767462921,0
-2.1808256618036555e-05,-0.013584762260139577,0.3873067166693746,0.21366699875664205,0
-2.6554344602777327e-05,-0.014378464570999496,0.38308014076391805,0.2047228703556483,0
-3.054246379683402e-05,-0.015202095710093457,0.37724198820806387,0.19557238780624037,0
-3.4617757166954295e-05,-0.016006921728664966,0.37271888279720555,0.18649247544740177,0
-2.52643527210171e-05,-0.015329729388804366,0.3672660846270256,0.19487723598645978,0
-1.6494762951575274e-05,-0.012812414973497612,0.38854068687470655,0.2228694138860572,0
-7.252514110705868e-06,-0.011352720700524961,0.3889658017834574,0.2412941939144246,0
-8.7308525634313e-06,-0.011421156651066536,0.3988662829808661,0.23794813794500264,0
-3.966720151928276e-06,-0.01069107778147787,0.39660330986460557,0.24796795728791993,0
0.0,-0.010000000000000089,0.3854261888196495,0.2611084197600967,0
-3.2397838805727843e-06,-0.01065159770438314,0.38719599530155346,0.25120130683726066,0
0.0,-0.01,0.3948335033827016,0.25787507021075595,0
-1.1553667621030961e-05,-0.011960724016631593,0.39290241684203675,0.23259380826962656,0
-1.1499002795248007e-05,-0.012176009090031225,0.3846040718161272,0.23156979953085524,0
0.0013477892025830118,-0.031796408706177184,0.28782142812377265,0.013062381022141856,0
0.0011642008336165397,-0.03069830971809227,0.27332380392169126,0.024748868324486042,0
0.0007839548814669316,-0.028947257911579392,0.2761459139345135,0.043591493746054866,0
0.0009562686460533838,-0.029822544002573358,0.27473485892810234,0.034170181035270454,0
0.0008007817928026302,-0.029445909855896197,0.28574585807837544,0.03830717743439687,0
0.0009913762666078757,-0.03032118738635553,0.28433480307196435,0.02888586472361246,0
0.0010326642607484786,-0.030869809779077523,0.291583615173005,0.023042621072440365,0
0.0012629726354915216,-0.03124736098240277,0.280572616022732,0.01890562467331395,0
0.001121442771622003,-0.031591665000894345,0.29749987045091986,0.015331261455310266,0
0.0006880887582431434,-0.028704515029569274,0.28453462886867303,0.04627467753700447,0
0.0005431243158483437,-0.02746195351829163,0.2813140005192797,0.059626645179290574,0
0.0003424049261488691,-0.0258860362756323,0.29014648434500945,0.07673326185487424,0
0.0003662663916539065,-0.026666157415119143,0.2957423871125331,0.06835306664803914,0
0.0002760544717995342,-0.025838075739838744,0.30012737589680405,0.07735517180493122,0
0.00020104224946429738,-0.024252080857988224,0.29892836515847987,0.09456689766864892,0
0.00010887547204054598,-0.022620585575573463,0.3077022182057643,0.11251624485774198,0
0.00010226588196484744,-0.02338204279323218,0.31329189670122704,0.10422520574705335,0
6.759597976059391e-05,-0.02256754425827984,0.3176783396352287,0.11320698778499477,0
5.1533807542436407e-05,-0.0210046726545691,0.3164749079020196,0.1304826254282556,0
2.1250130858155666e-05,-0.02094998933715364,0.3264507399659615,0.13117764241904772,0
4.112500639772684e-05,-0.021756816215306535,0.32206468448335634,0.12219017807025159,0
7.664217309968175e-05,-0.021810226794741965,0.312088563053892,0.12149943514299878,0
0.0005648727939512818,-0.027962048300848245,0.28711867216105613,0.05429225325362232,0
0.0006540458249519668,-0.02820415685188243,0.2787299572268966,0.05160906946267272,0
0.0004735183119810842,-0.027454624747101596,0.2913261451996682,0.05979975831024731,0
0.0004340375583952818,-0.026673074405894236,0.28573024243214457,0.0681799535170824,0
0.0002644857155439352,-0.02506766130534148,0.29453742475174466,0.08565007976176159,0
0.00020419710942947387,-0.02502021929631488,0.30451831630353926,0.08627198971181857,0
0.00014703741663285737,-0.02419939690143429,0.3089049701775848,0.09525053215250684,0
0.00014974638137698346,-0.023434447803972303,0.3033152916821221,0.10354157126319545,0
-2.4466811172307445e-05,-0.01928308080734085,0.3451986990470262,0.14984756521146322,0
1.767039684302514e-05,-0.019409311638298354,0.3252470201353347,0.14845751717498132,0
-3.769931766416896e-06,-0.019350645888173878,0.3352228595911805,0.14915254119322227,0
6.648054432162036e-06,-0.020147820304357,0.33083679608261907,0.1401650882924106,0
-1.848690438697838e-05,-0.020084000523708827,0.3408126355384648,0.14086011231065154,0
-4.221911512572091e-05,-0.02001238499035687,0.3507884617451855,0.14155517128612932,0
-4.366170779799656e-05,-0.01920645768611696,0.355174536286888,0.1505426187415736,0
-2.904888459714007e-05,-0.017693465715970903,0.3539708380194335,0.16782244714789593,0
-9.458223893949128e-06,-0.016297831980964177,0.3428022095886659,0.18440980977137028,0
-1.8948948148067833e-05,-0.01621670907069594,0.3527725944024166,0.18510356669949574,0
-1.796681893847387e-05,-0.016991605098063748,0.3483865238040497,0.1761161284596331,0
-2.880381623452035e-05,-0.016904691500877735,0.3583569086178004,0.17680988538775855,0
-4.119108426091431e-05,-0.017602502766561164,0.36394668290853566,0.1685175031956544,0
-4.3135936372814714e-05,-0.018403241614420363,0.3595606057730917,0.15953005970978995,0
-2.777202863864477e-05,-0.018486234383233702,0.34958476853322984,0.15883500617967958,0
3.2241268788808456e-05,-0.02020406644464741,0.32086096401867714,0.13947007130161845,0
-1.1940894837291092e-05,-0.014785432482271176,0.35160909563025755,0.20241289402117366,0
-1.1300703102435679e-05,-0.015537606923352086,0.34720565260946173,0.19341135189627195,0
-1.875060108484111e-05,-0.01544635373133111,0.3571760374232124,0.1941051088243974,0
-1.7672753159826165e-05,-0.014674632288102566,0.36169914283407073,0.203185021183236,0
-1.0637386052917414e-05,-0.013291498625453244,0.36066289356141196,0.22057777777668708,0
-1.349020540532772e-05,-0.013160553498106183,0.3704526177051045,0.2212115914619865,0
-1.5868903517784398e-05,-0.013908108659953379,0.3662260417996479,0.2122674630609927,0
-1.1673653557357731e-05,-0.014034368817221251,0.3561359945958348,0.21149533589893038,0
-6.886395442354256e-06,-0.01190997268255216,0.3678553655297803,0.23795617108091102,0
-1.07447907707084e-05,-0.01244606017710394,0.37404885368928864,0.22990078811409845,0
-8.90794319673997e-06,-0.012595191485763718,0.36425912954559614,0.22926697442879906,0
-7.501770103682541e-06,-0.011651783373389221,0.37841058365661884,0.23962518249766782,0
-2.9276776987683035e-06,-0.010780363755053696,0.372903182985728,0.25284689373779906,0
-4.933712473378801e-06,-0.011339395642952919,0.3703792742577542,0.24540153240935503,0
-4.866237128181193e-06,-0.011064268937363361,0.3809344923845927,0.24707054382611182,0
-1.6616551231168216e-06,-0.010396153071051606,0.37916468590268876,0.2569776567489479,0
0.0,-0.010000000000000078,0.3662195914813676,0.266278831452245,0
-1.2489545413203082e-06,-0.010376622870568033,0.3695613872335478,0.25956286259502204,0
0.0,-0.01,0.37582289015050857,0.2636936256061708,0
0.0016723776364687734,-0.032351551735655557,0.26889535808302156,0.006954787798844184,0
0.0012703588304898968,-0.03111485808286783,0.25302284404881825,0.020120774868962375,0
0.0008935822571759023,-0.029319432236743985,0.2546375663313425,0.03940021009173175,0
0.0010671640178816022,-0.03021717267260579,0.25383020519008037,0.029760492480347064,0
0.0010310497470600779,-0.030009345791836048,0.26398068512651685,0.0320745392081089,0
0.0012411350435668047,-0.030906423153534493,0.2631733239852547,0.02243482159672421,0
0.0014005208477073743,-0.03152493895711694,0.2711095810023564,0.015851828061665112,0
0.0014658822728168238,-0.03173337493964491,0.2609591010659199,0.013537781333903279,0
0.0015415972816776508,-0.03207394376645289,0.2783583931033971,0.010008584410493019,0
0.0008573616633984835,-0.029133283555723026,0.265391740132928,0.04149585191889331,0
0.0006378401608939558,-0.027664022603546543,0.26143189167985137,0.05723906870506663,0
0.0006015487656727391,-0.02756317409276683,0.2713729460995655,0.058432856942178604,0
0.0007127855156111746,-0.028306220725625792,0.26878890280718243,0.05041528122556074,0
0.0007579269402112044,-0.028491320674973685,0.25803472900559693,0.048319639398399186,0
0.00043660142037051965,-0.026006563745435817,0.2702064801749643,0.07517661771327569,0
0.0002863999712481039,-0.024351933423937308,0.2789764972219858,0.09318034308998696,0
0.0003154665511194132,-0.025119614889076596,0.28456149078349763,0.08495680247243059,0
0.0003554419657430481,-0.025177873537769728,0.27459148869847505,0.08417848040163133,0
0.00039686227224864994,-0.025946862966703708,0.28017648225998687,0.07595493978407497,0
0.0004894027037285691,-0.026734803525678558,0.275760240347122,0.06740163144628314,0
0.0005304792899916159,-0.02683441009890384,0.26581918592740783,0.06620784320917115,0
0.0002481431992453554,-0.024303050673055535,0.28895243119023284,0.09387362037931794,0
0.00018008387712132454,-0.022716240159093022,0.28775077002783916,0.11112341316727697,0
0.00019239856277593125,-0.023484776160626226,0.2933395675931595,0.10284515541796295,0
0.00014689475099219037,-0.022670131911068352,0.29772649411680174,0.11181982901250948,0
0.00010738919293386094,-0.02109676797680748,0.29652324418249265,0.12909263763218276,0
0.00014010952737843088,-0.021903804440561156,0.2921370071051659,0.12010802539972987,0
0.00011009074492077463,-0.021859110086092263,0.3021127311941285,0.12080444124496237,0
8.063591997597075e-05,-0.021053397248224904,0.3064990760422561,0.12978763153021916,0
5.951837884770161e-05,-0.019501647664449822,0.3052953417809742,0.14706752268871826,0
8.084342065167626e-05,-0.020295679889939834,0.3009092929817334,0.1380800801604505,0
5.730257167272579e-05,-0.020253152515095865,0.3108851248414969,0.13877507405848694,0
3.904270659234175e-05,-0.019459451080499773,0.31527118095815443,0.1477625199318498,0
2.9263607386909446e-05,-0.01793826209579999,0.31406745590054996,0.16504237921318698,0
-8.11432109479851e-07,-0.017839261267370073,0.33402096759862804,0.16643281519450945,0
1.1173137660896642e-05,-0.016414723369455646,0.3228482370042059,0.18300418803342772,0
6.369608431388061e-06,-0.017124947566185482,0.32843460230141697,0.17471850161396857,0
1.4276510228846175e-05,-0.01789440230379508,0.324044211749589,0.16573759720384823,0
6.9040755255877135e-06,-0.018620884789759085,0.32963399386698133,0.15744516618474538,0
2.4954862892529157e-05,-0.01867298247025429,0.3196572380179423,0.15674994819408417,0
4.256882092335341e-05,-0.018715547027943976,0.30968139884076207,0.15605495095095262,0
0.00022842553168808102,-0.023532115552237012,0.28336363362491246,0.10215187812863197,0
-1.0891635596372576e-05,-0.01855874066401945,0.3396098333228271,0.15814019020298634,0
-1.5429998008010015e-05,-0.017772378483818303,0.3439959028090308,0.1671276311712027,0
-6.0996255112451075e-06,-0.017064771806689034,0.33841158859364695,0.17542131248293985,0
7.089843268928166e-07,-0.0163639733425566,0.33282522329643593,0.183706998902399,0
1.3327950607631217e-06,-0.014935450681482486,0.3316316056461112,0.20097665731549563,0
-3.008113587056968e-06,-0.013514905829489242,0.3404575081810691,0.2188438357828494,0
-6.776116898969252e-06,-0.014144271670399855,0.34603330190566334,0.21062836490201153,0
-7.095606792194256e-06,-0.013416582118177544,0.3505602008712405,0.21971080677976823,0
-3.545636029512427e-06,-0.012167484346052235,0.34850644006847536,0.23650068852842823,0
-3.6031138109805946e-06,-0.012833798230017393,0.3444819741247722,0.22767226215563882,0
-6.549763381205026e-06,-0.012722291810260893,0.35458466681494366,0.22853923315255764,0
-5.442719686331784e-06,-0.012053905987080378,0.35818090279912784,0.23722842980466963,0
-2.116182094692463e-06,-0.01096876718838075,0.35588425422848075,0.2529495978975079,0
-3.009372821946088e-06,-0.011561060009311166,0.35219534714847806,0.24472514321296807,0
-4.119903052800758e-06,-0.011431675193169009,0.36186980987913053,0.2454528844892095,0
-2.652598525344804e-06,-0.010889016168378549,0.36439371860710434,0.2528982458176535,0
-1.2315289440266849e-06,-0.010479956373202337,0.36105192285492416,0.25961421467487644,0
0.0,-0.010000000000000087,0.3465786065780698,0.2693798924876393,0
-7.684859985397231e-07,-0.010467750445931219,0.3512314304032753,0.2611647451925736,0
0.0,-0.010000000000000002,0.3563990990297187,0.26782936196994217,0
-5.535466926086094e-06,-0.014870602568422393,0.3416203506381844,0.20169477566833466,0
-1.3949664638467596e-06,-0.01421867273981336,0.33604455691359014,0.2099102465491725,0
-3.139113050309342e-06,-0.01561285366452217,0.33721690761738854,0.19269323354343296,0
5.415068532301623e-06,-0.015669068438505025,0.32723992132515856,0.19199042267446167,0
0.001785207271499565,-0.03298073176674394,0.25023507408702633,6.925793655977665e-05,0
0.0012584170221765828,-0.03177105311793748,0.23389746015997026,0.012954666084390892,0
0.0008461187836792827,-0.029628789095564375,0.2331785212411938,0.03590304332157189,0
0.0010341532210822015,-0.030700321736345182,0.233537990700582,0.02442885470298139,0
0.001285714952488355,-0.031442548379538394,0.24346015210439426,0.016537720476676634,0
0.0010490748841996522,-0.03037238494133043,0.243100682645006,0.028011909095267132,0
0.0008874418196128784,-0.029473729320922865,0.24390804378626812,0.03765162670665182,0
0.0006297897981580105,-0.027773592158729644,0.24148077085732012,0.055841570085725316,0
0.00046599606368243475,-0.026109180997722865,0.2502550096130831,0.07378430701582453,0
0.00033122479970008873,-0.024449486648309204,0.2590273883035522,0.09175410962495247,0
0.00039473098659096565,-0.02527817817063628,0.25464119895831766,0.0827692083203885,0
0.0004595752717559516,-0.02605796898485656,0.2602307448940237,0.07448046236455011,0
0.00038204303645776073,-0.02522906078016261,0.26461693423925825,0.08346536366911408,0
0.000314453797865155,-0.024401147592359937,0.269001942762769,0.0924672263574697,0
0.00022688054391474562,-0.02280120350477385,0.26779952191550266,0.10972775662585703,0
0.000275386754846381,-0.02362353429208593,0.2634134551095274,0.10074093312540475,0
0.00025642112062123105,-0.02357780346351902,0.2733880095687442,0.101454049857922,0
0.00020710126092344947,-0.022759718937734298,0.2777751459716709,0.11042558489656701,0
0.00014967118307240574,-0.021170612445209135,0.2765715863728668,0.12770267667381346,0
0.00013071373216651662,-0.02113554102478336,0.2865474152776797,0.1283976571529981,0
0.00016547389677283315,-0.021944772418133623,0.28216117820035297,0.11941304492054522,0
0.00018517955948872883,-0.021983239192084687,0.2721855541441847,0.11871521664983525,0
0.001759170436999391,-0.03266582215981594,0.2595652160850239,0.00351202286770198,0
0.001511547053585033,-0.03204794483754677,0.25162895906792226,0.010095016402761076,0
0.0015095326638388557,-0.032376126136871956,0.2420662671234983,0.006511962010475335,0
0.0007539316901158402,-0.028547216269845535,0.2480591685943313,0.04762089008872854,0
0.0007343906797478255,-0.02870088112517613,0.23732964604925694,0.0458723067036486,0
0.0006449949850992681,-0.027718687809298485,0.25145633126858574,0.05654031939539597,0
0.0005472566307239966,-0.026887416017334714,0.25584345064646724,0.06551168786044557,0
0.000544582926396273,-0.026940711143026413,0.2458678902352016,0.06481293855077493,0
9.461039190523468e-05,-0.019565548031035253,0.2853436696071377,0.14567756928252074,0
0.00011969857107624972,-0.02036434152851498,0.28095762799000223,0.1366901229781671,0
0.00010192424784320732,-0.02033242739635321,0.2909334568948152,0.13738510345735175,0
7.8290319022502e-05,-0.019536686187246605,0.29531950569405596,0.1463725459856195,0
5.661222121559328e-05,-0.01799769642139172,0.2941659992164425,0.16362791298194185,0
7.376931328351892e-05,-0.018776640962422333,0.28975483441179006,0.1546527411322313,0
5.903933586234352e-05,-0.018750536201727494,0.2997306704987084,0.15534771783533005,0
4.354935830321282e-05,-0.01797272196068039,0.3041167275584962,0.16433514609756442,0
3.139186576826775e-05,-0.016473163388896983,0.3028993485052411,0.18159536009785793,0
3.12351799762004e-05,-0.017205781985100272,0.3084834022028955,0.17331886965552246,0
4.26555577363962e-05,-0.017229103158681418,0.2985326738608418,0.1726116365398999,0
1.8974056889253174e-05,-0.017171236459776758,0.31845784645237796,0.17402328362330735,0
2.1534056895583284e-05,-0.01645086608493634,0.3128737927547235,0.18229977406564282,0
1.5347322182199103e-05,-0.015004280284360984,0.3116678440407962,0.1995681550051379,0
5.913002369983741e-06,-0.013613059557176545,0.32045923150573774,0.21738882984951602,0
4.2642824831416214e-06,-0.014271225745865033,0.3260454185759245,0.20918274358250583,0
1.389303650491642e-06,-0.013576443850515067,0.33045836984340343,0.2181163328161827,0
1.1197297863088105e-06,-0.012274676952392235,0.3291692551959464,0.23547681228717535,0
-3.9275618498885544e-07,-0.011054009908352052,0.3373751053002943,0.25302780526987867,0
5.896463097201284e-08,-0.011654393330194511,0.33327218024812033,0.244252308778527,0
-1.563249738559001e-06,-0.011603182951348361,0.34294077268438483,0.24476424689915344,0
-1.2987775602754298e-06,-0.012235619080950116,0.3388378476322109,0.2359887504078018,0
-4.1879514711486756e-07,-0.012889332164604004,0.33481338168850777,0.22716032403501238,0
3.0309423940892242e-06,-0.012934030938504008,0.3248142433508421,0.22643282106834567,0
1.4043877501407355e-05,-0.015708225107788642,0.31725804052250106,0.1912861715192828,0
8.386865239666675e-06,-0.01497937619524199,0.3216497248434537,0.20027240616031677,0
9.946572003728084e-06,-0.014300077503175268,0.316063537773267,0.20847849242732697,0
2.239949190883666e-05,-0.01573107755406885,0.30728359627301866,0.19058175755149792,0
-1.3223991801014729e-06,-0.01102806442794654,0.3466296797643875,0.2529887015836933,0
-4.040651266746764e-07,-0.010514227620863254,0.34197685593918203,0.261203848878759,0
0.0,-0.01000000000000008,0.3267034976637463,0.2698440294831328,0
0.0,-0.010000000000000018,0.33664105212090806,0.2696119609853861,0
7.834207904425779e-08,-0.010513595440806411,0.3320393014820203,0.26143591737650573,0
0.0016782864516165401,-0.03361374604215694,0.23157815591035902,-0.006825837763123145,0
0.0017588119330729927,-0.03329682437226764,0.24090661499869268,-0.0033782899132816843,0
0.0014590286147019666,-0.03269261193428589,0.23273780803516464,0.0030644141606338735,0
0.0011067995348745287,-0.03236635022182999,0.21680568421988688,0.006487282553004034,0
0.0013756324671276644,-0.03299029525471409,0.22419192006512295,-0.00016927760505955564,0
0.0011987976488324853,-0.032068331681936894,0.22535157218992857,0.009720974318697463,0
0.0009028226785679245,-0.030902190011375882,0.21951601006393143,0.022180868014359045,0
0.001075171944081326,-0.031336754478431164,0.22670673511195083,0.017567767049374967,0
0.0008847106613678859,-0.030265092451657087,0.2263472656525626,0.02904195566796547,0
0.0006248623593734637,-0.029550922569092676,0.21170520587346975,0.036586051720902686,0
0.0005387399070374041,-0.027888383214350942,0.2215317838956392,0.05441292731905107,0
0.0005938082510987914,-0.027830538511084423,0.23150627737647966,0.05512724870238819,0
0.0006790832186874854,-0.028759412464330898,0.22735515256841649,0.04515798532031148,0
0.0005853439250106279,-0.028719453399829464,0.21661849488455448,0.04549948951997688,0
0.000745504286099041,-0.0295894335654934,0.22244186355733175,0.03624454752123729,0
0.0007541312690830796,-0.030226934325492477,0.21561060796870057,0.029383459867630864,0
0.001002158260783852,-0.031634416825784765,0.21816084714190914,0.014334075283681538,0
0.0004306455892151685,-0.026213329853500007,0.23030380593513475,0.07238787956901255,0
0.0004846113859825786,-0.027050478082528365,0.225917794915387,0.0634004034440318,0
0.0005232226707397916,-0.026994417000989618,0.23589228839622745,0.06411472482736894,0
0.00045610827939024417,-0.026160877315881684,0.24027940777410894,0.07308609329241854,0
0.0003291598671682499,-0.024542726632338984,0.23907574404282123,0.09036416458262861,0
0.00024201195645544044,-0.022880999821356763,0.24784786440234788,0.10833800909865156,0
0.000283544820098791,-0.02371045916389764,0.24346180422258457,0.09935108684064009,0
0.0003360992984633276,-0.024495902229878155,0.24905156617318672,0.09105913710379054,0
0.0002844870471713241,-0.023666935725688613,0.25343762635295003,0.10004605936180201,0
0.00023865408537736225,-0.022841249533260537,0.2578236931589253,0.1090328828622543,0
0.00017164782647744698,-0.021233812005542987,0.2566199362803756,0.12631273163510168,0
0.00020472191586129234,-0.022055116922225483,0.2522339003413617,0.11732537036687662,0
0.00019843076818683243,-0.02201960651240717,0.26220972909793916,0.11802024413047935,0
0.000163500071914788,-0.02120299819170069,0.2665957613266212,0.12700770415445756,0
0.00011738653061479394,-0.01960958056001396,0.26539200773046384,0.14428764396853577,0
0.00014262139850787468,-0.020418197788968077,0.26100597200541975,0.13530018780181874,0
0.00013344994040371172,-0.020392521417180377,0.2709817970516653,0.13599516032117462,0
0.00010782208799516104,-0.019589398438263378,0.27536783866880077,0.14498260662552825,0
7.707685794078731e-05,-0.018034317785223766,0.27446547045866587,0.1621154211661889,0
6.790778281731867e-05,-0.01801928538974721,0.2843157348375542,0.16287166707406536,0
8.612177893223391e-05,-0.018802306369511385,0.2799045700329018,0.15389649522435483,0
9.568131969138341e-05,-0.018816876948113934,0.26992873909456483,0.15320153256736235,0
0.0003934166534419564,-0.025327249813048295,0.24466537682795217,0.08207423579922657,0
0.00037844486361848887,-0.025377240721354336,0.23468977498897797,0.08137602207582058,0
4.8337222114100585e-05,-0.01649710920468673,0.2828345816098923,0.1799968238738247,0
2.791427457723508e-05,-0.015008225048804455,0.291719035677237,0.19807919189798098,0
1.470694009611378e-05,-0.013656472110189836,0.30053690954522483,0.21542304538286294,0
6.185075035339649e-06,-0.01235086277455556,0.3098401675693777,0.2333214312344924,0
1.7550232009544471e-06,-0.01113404593835277,0.3181342019027892,0.25124839098133533,0
1.7859831886934806e-06,-0.011700667186791141,0.3236517285493678,0.24336260163425533,0
3.5741177105486955e-06,-0.011729743623500924,0.31398718473608345,0.24228491110791386,0
3.650315717961261e-06,-0.012326311106188873,0.31950471138266207,0.23439912176083388,0
6.455233722153668e-06,-0.0129797071829069,0.3151496995375577,0.2253551305420042,0
1.0418174825366134e-05,-0.01364589971524255,0.3104980705254813,0.21640593761618948,0
9.87193312171628e-06,-0.012991933870774847,0.30518853855730127,0.22437223830867767,0
5.2985280736183623e-05,-0.017249781922287048,0.2885002904131674,0.17181236842788328,0
6.146792361920695e-05,-0.01725902500929695,0.2786500260342791,0.1710561225200068,0
4.048447350762058e-05,-0.016490677464350356,0.2928669650575667,0.18079609198584132,0
3.01829570173508e-05,-0.015742112210707412,0.29730919209123907,0.18983727599791944,0
2.194870481006529e-05,-0.015014537051869016,0.30169343985901664,0.19882367345155944,0
1.552144073010884e-05,-0.014330625390566216,0.30610237679301056,0.20749560019400043,0
2.061046012306138e-05,-0.014322461332126954,0.2961279726112309,0.20675111864042195,0
3.7148153662824805e-05,-0.015743699348197235,0.28727680864356464,0.18903800788590286,0
6.516308109280555e-07,-0.011111509306677834,0.32775465360154177,0.252138098125607,0
5.780642348542963e-07,-0.010547039169150717,0.32241884978326774,0.26054621023223407,0
0.0,-0.010000000000000083,0.3069505797865654,0.2675774458242292,0
0.0,-0.010000000000000028,0.31682703872515583,0.26871073765368103,0
1.113647773365056e-06,-0.010558785668907632,0.3125423908446773,0.25941291840278224,0
0.001359731803127871,-0.034179208870861705,0.21266103884390278,-0.012962645898638351,0
0.0012332133673802013,-0.033272954726955926,0.21473336153189482,-0.003237681672817159,0
0.0015412337605215827,-0.033896080425860634,0.22211959737713088,-0.009894241830880748,0
0.0006965236743709419,-0.031156263169705326,0.2038960833443802,0.019388012008577517,0
0.0008006851007401897,-0.03279978027504868,0.19924905521530809,0.0017834454313734698,0
0.0007506972059625972,-0.03197821586332296,0.20157256927984413,0.010585728719975493,0
0.0009663650521972655,-0.03258271267103004,0.2080273697175975,0.004135363992188752,0
0.0008887168861678581,-0.031761539390996775,0.21035088378213354,0.012937647280790776,0
0.0008074783522359762,-0.03102891476755214,0.21170604670415583,0.02078444001146828,0
0.0006649587942301998,-0.030353640233165877,0.20780064460892497,0.0279870318647401,0
0.0003877633261717905,-0.029677033764593318,0.19260522612401831,0.03514697307184442,0
0.0003802762699965697,-0.028004181251824415,0.2015800767266363,0.053022932913544533,0
0.00033795658591386136,-0.02632155595786381,0.2103521348524849,0.07099788858049966,0
0.00039075395552730363,-0.02626666322161339,0.22032797039380983,0.0716928840747561,0
0.0004300961274811663,-0.027105917866909652,0.21594195937406208,0.06270540794977536,0
0.00036181622327537225,-0.027162841544924776,0.2059661057895606,0.0620104107470221,0
0.00046669921313433955,-0.02794558517543655,0.21155593031113776,0.0537179301162978,0
0.000492076342825175,-0.028778184726224055,0.20664264130005303,0.04480449231722361,0
0.0005130367009970614,-0.029613425214202117,0.20215521599874403,0.03586651239637355,0
0.0003894811286630792,-0.028840713701567697,0.1970926514253273,0.04408495299269448,0
0.001060545772512067,-0.03348973773321734,0.20595504702960543,-0.005589600233632441,0
0.0005290248956643998,-0.030417049415997172,0.19825065473419926,0.027267492540210967,0
0.00028170608970055287,-0.024640180333283412,0.2191241709844301,0.08897307857278852,0
0.00022336007433479773,-0.022963165018201934,0.22789623816405136,0.10694782885194795,0
0.0002726606270980879,-0.023754856537798755,0.2334859911034363,0.09865599671728828,0
0.0002368498616664462,-0.02292135718925497,0.2378720512831996,0.10764291897529976,0
0.00016978402378086145,-0.02129547999804297,0.23666829461360822,0.12492279072609284,0
0.00019570717806932907,-0.02212774033696142,0.2322822663888298,0.11593530978902039,0
0.0002038088229745153,-0.022090818124614265,0.24225807950797806,0.1166303999123722,0
0.00017377895624211514,-0.02126423519338155,0.2466441154469919,0.12561776118059725,0
0.00012413879020910958,-0.01964497466254742,0.24544035903738765,0.14289773206333634,0
0.00012291402444124204,-0.01962756692256514,0.25541618338392574,0.14359268801593605,0
0.00014683019030507034,-0.02044270713334044,0.25103014765888165,0.13460523184921902,0
0.00014588038114913334,-0.020467456731822844,0.24105432682549793,0.1339102613947146,0
0.00035050843193843096,-0.02542811945734719,0.2247139884597824,0.08068047907090053,0
0.000310704769926692,-0.02548055697890027,0.2147381529184575,0.07998548357664409,0
0.0003107890377980448,-0.02459064195690374,0.22909995751362566,0.08966862157770857,0
0.0002522631994640628,-0.02380087366532704,0.22351020457424073,0.09796045371236824,0
8.92021347098975e-05,-0.01813112201163128,0.2546315254872904,0.15973225110647454,0
0.00010298353203290161,-0.018873920658676747,0.26001176660887715,0.15200994753750516,0
8.451937247229947e-05,-0.018083724805799038,0.26454849797297814,0.1609238361363317,0
6.130979715324617e-05,-0.016643317421990086,0.26289677748194773,0.17665394012979752,0
3.827327318250588e-05,-0.01497035977939197,0.26872101915265273,0.1960209131581086,0
4.8839159695507385e-05,-0.015798395708734817,0.26580889831730026,0.18633742664395306,0
5.5632584398871545e-05,-0.01657238218714981,0.27286567954592,0.1783253820018111,0
4.376450389375098e-05,-0.01574096109426392,0.27577780038127253,0.18800886851596665,0
3.382395792712095e-05,-0.014997199493613727,0.2802200274149449,0.1970500525280448,0
2.1387757056198174e-05,-0.013550815117144198,0.28056689547033314,0.21425272768643067,0
2.4947465322010968e-05,-0.014282875948019948,0.28614296557378505,0.2061659597922058,0
2.912092922901947e-05,-0.014246988732232823,0.27464395731149294,0.20513682042226963,0
0.00010580295249151364,-0.018883772167916375,0.25003594226233905,0.15131499158490544,0
7.437658887673711e-05,-0.017381454852162685,0.25876415148461906,0.16819309561813603,0
6.93563371741839e-05,-0.0173432116982641,0.2686811239703068,0.16938468064799322,0
1.8384888071554624e-05,-0.01361373825612581,0.29055190250777896,0.2148378865346468,0
1.2052910616521518e-05,-0.012525133465297135,0.28960472049551506,0.22841053976601944,0
4.038432763599755e-06,-0.011168491734539968,0.29876662167991097,0.24824293223845537,0
7.488272283729229e-06,-0.011828411842441074,0.294185671087713,0.23832673600223742,0
9.136621930216964e-06,-0.01244895721439503,0.2997224440324464,0.23086598550025592,0
5.402036435882667e-06,-0.011760003008727416,0.30430339462464434,0.24078218173647387,0
2.9334594803188998e-06,-0.011167323391888414,0.3084504117913501,0.24974566160989536,0
1.623845830942523e-06,-0.010560194820368183,0.3028586007332382,0.2579101890313423,0
0.0,-0.010000000000000073,0.287592493039636,0.2630154559094485,0
2.214947376643977e-06,-0.010582591405662036,0.2931795573597735,0.25562919407395196,0
0.0,-0.010000000000000033,0.2972715364131007,0.26529645086683884,0
1.3687862607883633e-05,-0.013093846619799164,0.2950708150203699,0.2219167925744412,0
1.6331962111368795e-05,-0.013029050065666048,0.2850858079829241,0.22133163372622505,0
0.0008583665296334951,-0.03460291701971173,0.19331496404471382,-0.017549490743374672,0
0.00042738540437269577,-0.033130366833932945,0.18289001699526075,-0.001788871424937315,0
0.0003849559737307517,-0.03136268932808019,0.18592659154895352,0.017126454405542575,0
0.00040844427100103134,-0.032246863356747264,0.18440830427210714,0.0076687914903026295,0
0.0006219762796489638,-0.03296479702782993,0.19106953610528443,-2.7129967819226105e-06,0
0.0005755122391496095,-0.032081477672656705,0.19258782338213082,0.009454949918458022,0
0.0005476193193484618,-0.03125906374132652,0.19491133744666686,0.018257233207060047,0
0.00039178887518070987,-0.030520123423225333,0.18926590883648592,0.026136713738693494,0
9.684047652036062e-05,-0.02979501469116403,0.17281063726597914,0.03384358502975511,0
0.0002463097912777757,-0.029735379705824235,0.18270793169499872,0.034495279050799764,0
0.00022542799448042712,-0.030579128706544247,0.17936861440746632,0.02548501971764884,0
0.0011248857648762016,-0.03439072489033927,0.20298800144430829,-0.01525606832100651,0
0.0008368234220165237,-0.033701514176626354,0.19628200963001097,-0.007883022656000601,0
0.0006256946617181965,-0.03386685085805535,0.1881024905199873,-0.009669181084155994,0
0.00017437778783318655,-0.028126190955393968,0.18162834772305197,0.05163292123168809,0
0.00020072088142081043,-0.026437204070804052,0.19040044839573048,0.06960788365314236,0
0.00028198991543946616,-0.02806434526842874,0.19160421222484414,0.05232792707261631,0
0.0001925477138938742,-0.027282023161725975,0.18601439805939124,0.06062040244241522,0
0.00028188862303874884,-0.0272214863411309,0.1959902625611834,0.06131540828334345,0
0.0002739810060365057,-0.026378322785945315,0.2003762916241077,0.070302886116821,0
0.0001956577283023572,-0.024746037776493996,0.1991725286665443,0.08758286358056383,0
0.00017346380407589547,-0.023054269088986345,0.20794459751157815,0.10555785248728441,0
0.00022305621936886852,-0.02384907011118846,0.21353438424800414,0.09726546553003647,0
0.00020200101708564024,-0.023007224086273245,0.21792041783781474,0.10625284066961618,0
0.0001440256189585053,-0.0213651700492035,0.21671666118078348,0.12353284066571886,0
0.00015918767613490393,-0.022209089652234344,0.2123306293461808,0.11454534657650164,0
0.00018067441945450566,-0.022166855702818386,0.22230644967241742,0.11524033475883341,0
0.0001597652386864932,-0.02132874540616618,0.22669247789719585,0.12422781569590585,0
0.0001135129886877033,-0.01968473435401453,0.2254887248269275,0.1415078170799128,0
8.615304271311187e-05,-0.018069196070288753,0.23429453681239917,0.1589983782450516,0
9.94799132669953e-05,-0.018873830419649015,0.22989163081966335,0.1502530976624822,0
0.00010414363465396395,-0.018861917858710175,0.2398674479248934,0.15094805515419396,0
0.00012098886488444187,-0.01966346978919955,0.23546454193215757,0.14220277457162456,0
0.00013976167067936845,-0.02049387310908462,0.23107850972026786,0.13321530390300282,0
0.00012863876018705316,-0.02052335286746889,0.2211026930038555,0.13252032887281584,0
0.0001432006301138074,-0.028960944939162937,0.17721949249451557,0.042738253130721604,0
0.00027033661160043575,-0.028902111413734263,0.18711678692353514,0.04338994715176625,0
0.00026038881149394427,-0.025535023277471838,0.2047623317595146,0.07929037608053174,0
0.00020111526689844386,-0.025591825025065868,0.1947864885311374,0.07859537361685309,0
0.00024291666439917747,-0.02469182038357399,0.2091483498254872,0.08827797107667618,0
0.00018598748643195017,-0.02390007432711129,0.20355856308906123,0.09657035803392412,0
8.932171535066634e-05,-0.018099924436642365,0.2444630311498448,0.1593653146757631,0
6.838657427840797e-05,-0.01689802271944036,0.2434040425694865,0.17212943069497444,0
7.866293658904364e-05,-0.017519189935546322,0.24901778402838845,0.1659308409007245,0
6.586874736569736e-05,-0.01676904790757273,0.25315041002571714,0.17439168541238598,0
4.9981944152054554e-05,-0.015585724490409592,0.24877366940827217,0.18678251171051066,0
5.5990859863696105e-05,-0.016121259344886067,0.25583522344510995,0.18171822592015408,0
4.4586462619139255e-05,-0.015272561101529912,0.2587473442804624,0.19140171243430965,0
3.423634962292711e-05,-0.014219407438203614,0.2518440091482628,0.20211653130421714,0
4.166822537507995e-05,-0.01489822853836535,0.2503088392782675,0.1944495215073639,0
3.67983917438105e-05,-0.014603499200023488,0.2602825141504578,0.19906872223116287,0
2.462122809852205e-05,-0.013343942569400571,0.26057710203582857,0.21340733734012066,0
1.5404669478096766e-05,-0.012408165099312567,0.27006747514120033,0.22628066611248326,0
1.97648913060662e-05,-0.012866441298268682,0.2653222885885145,0.21984400172630197,0
1.8586835749048744e-05,-0.012985071481863179,0.27531718530576677,0.22026669689945697,0
1.398992757419636e-05,-0.012476815024788285,0.2798360978183577,0.22734560293925135,0
6.427724987843426e-06,-0.011242831966504205,0.2802347175353008,0.24335442693442247,0
9.397590160155757e-06,-0.011885309684862526,0.2849197190154079,0.23588248335022094,0
5.280517362547152e-06,-0.01121643160882138,0.2895006696076059,0.24579867958643892,0
2.7549253170382443e-06,-0.010594736116351552,0.28391360528746845,0.2531849414219355,0
0.0,-0.01000000000000008,0.2686646259811488,0.2568921362760281,0
0.0,-0.01000000000000002,0.2781285595103924,0.2599537960927383,0
3.4090801598080307e-06,-0.010626668660617618,0.2744496717582248,0.2501232816052253,0
7.717629930170634e-05,-0.017479541010747918,0.23884928969094282,0.165563904470013,0
5.873073920865556e-05,-0.01623790979611451,0.24608885598887933,0.17945597120274254,0
2.3471263234414256e-05,-0.013455542802262256,0.27057199875308086,0.21383003251327565,0
3.129310475890169e-05,-0.014160513992551317,0.26464906059424065,0.20471412524911464,0
2.9273895751656255e-05,-0.013774753152173518,0.2562105555920457,0.20776193432216888,0
1.0471478880854667e-05,-0.011809000068919667,0.2751510963382506,0.23481754652345288,0
0.00023225935623550663,-0.03481578406060763,0.17357206204103523,-0.019850876053751507,0
-6.951463251637508e-05,-0.03318923278299355,0.16400518089677774,-0.0024296313274174176,0
-5.242845953195035e-05,-0.03140092381591564,0.16401334914764457,0.016697713317465546,0
-6.05368677849541e-05,-0.03229547125666142,0.16400926502221114,0.007134040995024064,0
0.0001585654264019009,-0.03226571303174398,0.17345168307145264,0.0074544209462641155,0
0.00016867245139092458,-0.03138121223315437,0.17496997034829903,0.01691208386150406,0
3.235684205921699e-05,-0.030598266645936505,0.16841199320681186,0.025270649173610327,0
-0.00021630435118180419,-0.029913924999196474,0.15287596709026288,0.03258518884086604,0
-5.838168666045725e-05,-0.028252186722286392,0.161669009413887,0.050273825355296314,0
-0.00012789317770711927,-0.029083576291122713,0.15727248825207496,0.04142950709808117,0
9.093750296713245e-06,-0.029023879954371598,0.1672398233399331,0.04205870519252571,0
5.999661329815668e-05,-0.028188320148606026,0.1716486785684695,0.0509533732934922,0
3.4505953022017486e-05,-0.02656125751368194,0.1704472919765732,0.0682242773024935,0
8.153813769532535e-05,-0.024863396784978644,0.17922086424705266,0.08619285073161173,0
9.856704141535543e-05,-0.02315960272406893,0.18799295637500363,0.10416785560323463,0
9.297029455321226e-05,-0.024012139503623575,0.18360691031102816,0.09518035316742318,0
0.00014134552221844348,-0.024803154484626486,0.18919669645679849,0.08688785715608778,0
0.00014219395256204792,-0.023954319473295238,0.19358274252077395,0.09587535959189923,0
0.00013863582936680428,-0.023104908149656222,0.1979687769432909,0.10486285404525952,0
9.746863153643455e-05,-0.021451441678412127,0.19676503442799934,0.12214286865111502,0
8.655856360342511e-05,-0.01974192286763914,0.20553710383268034,0.14011788094308875,0
9.284206230428168e-05,-0.020596544596527,0.20115106913033984,0.13113037479710188,0
0.00012304643311279148,-0.021405780028315974,0.2067408478043914,0.12283785465841694,0
0.00011283978429396938,-0.02055719483965418,0.2111268825067319,0.1318253608044038,0
0.00010192745816923973,-0.01971039902787014,0.2155129143298039,0.14081284901150076,0
7.253153140019337e-05,-0.018126383872752,0.2142642567398353,0.1571767521135087,0
7.990429106312521e-05,-0.01893284309072515,0.2099006802862578,0.1486473165282987,0
9.157230186682813e-05,-0.01891046245499571,0.2198764907833814,0.14934228459671076,0
8.087554741934061e-05,-0.018094568609660265,0.22427939677611725,0.15808756517928016,0
6.165809932567821e-05,-0.016881220246593772,0.22306479740679747,0.17060095758559496,0
4.6778975867368676e-05,-0.015463112245811712,0.23000842299968544,0.1859435796170678,0
3.295863667912578e-05,-0.014058468503493123,0.23633415208588401,0.20146717043679108,0
3.965183653479823e-05,-0.01475505994293291,0.2331712875427847,0.19370537502692944,0
4.1275730878999256e-05,-0.014832567242993172,0.2425539107470781,0.19412484107365086,0
4.9142788549174835e-05,-0.015523900080534173,0.2393910462039788,0.18636304566378925,0
5.727685896909567e-05,-0.01618897022925008,0.23670623278458597,0.17903650515602113,0
6.625187926336725e-05,-0.016887246263516568,0.23323441998814198,0.1713651941402847,0
5.406136513594825e-05,-0.016168430723907237,0.22653661020324145,0.17827226860133139,0
0.000553090886347657,-0.03470906585490697,0.18344351304287454,-0.018700183398563087,0
0.000345423648866431,-0.03397320335430361,0.178231039518148,-0.010819873739344411,0
6.486984884840662e-05,-0.0340026820692525,0.1687886214689065,-0.011140253690584462,0
0.00018104392793335828,-0.033159464415798395,0.17344759894601924,-0.0021092513761773665,0
-5.879148616950945e-05,-0.0298538312893691,0.162843302178121,0.03321438693531058,0
-0.00014607910371341104,-0.03065754074163215,0.15844465811895372,0.024641451079165794,0
9.610090181916396e-05,-0.027344250364350703,0.1760378198498126,0.05992859926709079,0
-5.064159984480471e-06,-0.027407345075009887,0.1660581506952301,0.05924905132889491,0
0.00012018298818630056,-0.026498056729347033,0.18042387018615186,0.06891608047781793,0
6.266335948894659e-05,-0.025713002993859528,0.17483407811181295,0.07720856401705262,0
0.0001345979460108694,-0.02565120778515224,0.18481065632139157,0.07790036719237704,0
0.00013191500897148992,-0.02225523872184824,0.20235481596978874,0.11385036056919973,0
9.968788153864015e-05,-0.02230594397536793,0.1923789954015015,0.11315536212717484,0
7.347305824499855e-05,-0.017479715443545082,0.2286796671095983,0.1647996679153233,0
6.73275623297506e-05,-0.01750083444590233,0.21866452707331638,0.16388885484955185,0
3.3967779423074735e-05,-0.014139828738941622,0.2440890806170734,0.2017918508705041,0
2.3293819723634747e-05,-0.013005443324103068,0.2451390838709619,0.2142929885929805,0
1.1981392055511605e-05,-0.011638714439674923,0.24740216529269762,0.2299934053215315,0
1.739899620272091e-05,-0.012314527590938833,0.24627062458182974,0.22214319695725598,0
2.424975998017132e-05,-0.013179700385546085,0.25285809295339523,0.21385016296655057,0
1.8402231323060578e-05,-0.01250598193873419,0.2539896336642631,0.2217003713308261,0
1.424410735968196e-05,-0.012043564109874593,0.258734820216949,0.22813703571700739,0
6.976991663701838e-06,-0.011088869623810203,0.2632316902191329,0.24086658836074154,0
1.1190386643077123e-05,-0.011749828061816002,0.2666495826801666,0.2335736272366124,0
9.381741315704656e-06,-0.011353069444348144,0.25531692775591525,0.23542999684113652,0
0.0,-0.01000000000000008,0.2500000006763947,0.2500000002549931,0
0.0,-0.010000000000000014,0.25933231332877177,0.2534460682655106,0
3.181236339454718e-06,-0.01052584447999942,0.26594815810014083,0.2488793623183848,0
3.720441947654166e-06,-0.010559004873996232,0.25661584544776384,0.2454332943078673,0
2.804601464163899e-05,-0.013522828623037036,0.24073661797842294,0.2078800795148858,0
2.8654017889434326e-05,-0.013616982086603906,0.24849154650961236,0.20820475994859883,0
6.856912447277626e-06,-0.011175062637099841,0.2717332038772169,0.24211050764758202,0
-0.0004290257773774738,-0.034776396138624856,0.15370209546603597,-0.019425823310779182,0
-9.984321467149458e-05,-0.03479582224854942,0.16363707875353561,-0.019638349682265344,0
-0.000231668713512897,-0.033982992918937194,0.15885363818140685,-0.0109277273190983,0
-0.0005867090784774391,-0.03336684335425237,0.14494829521688368,-0.004314078902250893,0
-0.0004614362835343348,-0.031565399446236146,0.14408532882120703,0.01496530667671756,0
-0.00025640067045889787,-0.03148270729203674,0.1540493389844258,0.015831509997091552,0
-0.0002952061997145766,-0.032377066808761484,0.1540452548589924,0.006267837674650071,0
-0.0005221020321650408,-0.03246648195982191,0.14451681201904537,0.0053256138872333336,0
-0.00032662321672072357,-0.03327772450794191,0.1544767380568307,-0.003371855114834155,0
-0.0005202510280592841,-0.034071668451109816,0.14932519534145983,-0.011869951106515036,0
-0.00032640026673038644,-0.03074009874873789,0.14848064795573496,0.0237752477587918,0
-0.0005204449967564338,-0.02998559025654046,0.132881235321761,0.031882700566932945,0
-0.0002960814229338634,-0.02838520028764738,0.14171885073297943,0.04891087323129256,0
-0.00039776405284729343,-0.02918597972788219,0.1373000430273702,0.040396786899112753,0
-0.00037136642641596827,-0.029949186686152346,0.14287860120601192,0.032233944703899495,0
-0.00026518660866334893,-0.029149601763787593,0.14729740891162116,0.040748031036079296,0
-0.0001779887083207313,-0.02831791071910249,0.15169393007343324,0.04959234929329444,0
-0.0001433841706781164,-0.02669507160900271,0.15049588976182343,0.06683538417323863,0
-4.778413903162171e-05,-0.024993510488015534,0.15926919435726472,0.08480281623481113,0
7.548633675197423e-06,-0.023282165758587946,0.16804131328578192,0.10277783252585607,0
3.973608871948989e-05,-0.024073713927746754,0.1736310887664173,0.0944853416287339,0
5.444117774912405e-05,-0.023218649645166924,0.17801713483039278,0.10347284406454535,0
3.572773977201981e-05,-0.02156030973544703,0.17681341133879452,0.12075286505670549,0
2.4351363457642897e-05,-0.022422618564589953,0.17242736231228822,0.11176534879128078,0
6.347372301075388e-05,-0.02236165671657571,0.18240318385689908,0.11246036032997006,0
6.806721893164087e-05,-0.021502815766419547,0.18678922288339694,0.12144786685391026,0
4.647488828150956e-05,-0.01982740645042058,0.18558549439936223,0.13872790901351076,0
4.280066022353139e-05,-0.017892661811118805,0.19294681330221855,0.15859850443715937,0
4.77563658808652e-05,-0.016948934926682778,0.20437911795391517,0.1686361129368007,0
4.60844465542734e-05,-0.017417662150199645,0.19866296562806685,0.16361730868698005,0
5.942391934981048e-05,-0.017541232708386322,0.20932168734687523,0.1629064325251547,0
5.566651158146223e-05,-0.016910181860277564,0.21372195768035632,0.16961853526119783,0
3.8999485908778936e-05,-0.015545848479029517,0.21040903199165067,0.1831581458555788,0
2.7680179764624447e-05,-0.013877693687424725,0.21715378044842365,0.2005400783144743,0
1.5343511839654846e-05,-0.01207760269648307,0.22788781601914998,0.22055010187585025,0
0.0,-0.010000000000000127,0.2313353753844569,0.2431078642072558,0
1.3811426193514977e-05,-0.011842276375184556,0.23764499065592382,0.2252717535986909,0
7.511268018283951e-06,-0.011025039340398191,0.22961159570180345,0.23182898304155303,0
6.223200558091291e-06,-0.01084892063638035,0.23936877033857726,0.23655063476439364,0
5.67226705673722e-06,-0.010800499113545817,0.24870108298454618,0.2399967027882623,0
0.0,-0.010000000000000004,0.24066768803042582,0.24655393223112443,0
-0.0005020465133798872,-0.030775477031348492,0.13848328207148403,0.023424003621825253,0
-0.0001083975098049219,-0.027473824525808804,0.15608244958785522,0.05855460476426747,0
-0.0002113731902841356,-0.027540956007220365,0.14610737024740145,0.057873128702265596,0
-5.410383868445278e-05,-0.026627043810777608,0.16047159086919832,0.06752983073786606,0
-1.2732753493489717e-05,-0.025777849984402915,0.16485824316691897,0.07651354676865232,0
1.7907524325886507e-05,-0.024926859102139366,0.16924502930215868,0.08549783348321144,0
-1.598920751588315e-05,-0.024139072805553982,0.16365525382152332,0.0937903243803336,0
-8.958546348873581e-05,-0.025845320379920465,0.15488254205954408,0.07581910020402488,0
6.92546556139116e-05,-0.02064233472697183,0.19117526441368077,0.1304353888323129,0
6.788446081402378e-05,-0.019780593164199636,0.19556129911602127,0.13942289497829974,0
6.230211664805652e-05,-0.018823334431885688,0.19924195856744945,0.14935819269012407,0
5.85702302476375e-05,-0.018005077239352855,0.2036055350210269,0.15788762827533404,0
4.2790783747409036e-05,-0.020695206954599768,0.18119945286907838,0.12974038703510812,0
4.535621524751983e-05,-0.018862367448367782,0.18926615385079038,0.14866320672533506,0
4.9745843268388114e-05,-0.016220204210952965,0.21673691469922407,0.1768795517205869,0
4.3721932151945696e-05,-0.015498140607537242,0.22020872749566806,0.18455086273632332,0
3.3357833101387816e-05,-0.014708574104626473,0.21378140622003716,0.19184911208502653,0
3.67506955718692e-05,-0.014682416996098383,0.22358110172405454,0.19324182896577105,0
3.07996973719176e-05,-0.013964885542646107,0.22674396626715382,0.20100362437563268,0
2.158831559591979e-05,-0.01295983824021542,0.22252079823378682,0.21054509009516226,0
2.3742661965046374e-05,-0.013081580273460028,0.232110984052517,0.21100863615632065,0
1.952038267812722e-05,-0.012553544626193397,0.23651344994505594,0.21742154523441537,0
4.346685864182276e-05,-0.016246591159207062,0.20739407497278292,0.17589712939618973,0
-0.001025191076925764,-0.03449281509283755,0.1340617211669482,-0.016360209773881244,0
-0.0009187913962120056,-0.032810634178601465,0.12888715053585947,0.001679983342979231,0
-0.0009769535382362382,-0.033651862113856526,0.13147443585140384,-0.0073401132154510065,0
-0.0007644290393005465,-0.0330884587777943,0.13691772287637158,-0.0013170477796358307,0
-0.0007927923302979455,-0.033929947888071195,0.13950500819191594,-0.010337144338066068,0
-0.0007376535427137517,-0.03463431218777386,0.14388190831649209,-0.017893016542330213,0
-0.0006741745913018738,-0.03218816317912136,0.13648623967853324,0.008322645009848395,0
-0.00080174604706021,-0.03132181926152658,0.12427829667158555,0.017635662379897273,0
-0.0008462763773271763,-0.03032553289305134,0.11104812228740205,0.028365144798460723,0
-0.0005142332713620779,-0.028503366183320528,0.12175461217801371,0.04776608275862164,0
-0.0005245851633475932,-0.029244291967016958,0.12731792374988735,0.03982439166277729,0
-0.00040908994487923547,-0.028443664449062312,0.13173673145549658,0.0483384779949571,0
-0.00031435495526136185,-0.02683491597295131,0.13054453456964404,0.06546969287446222,0
-0.00017794677941818666,-0.025135672763077547,0.13931752075161824,0.08341276067817423,0
-8.897441968139407e-05,-0.02342218221550751,0.14808966661936912,0.10138778205356846,0
-0.00011370068574117467,-0.025063201597881526,0.14929335755444148,0.08410778845649268,0
-7.260752731248612e-05,-0.024208098663394018,0.15367943048831692,0.09309529914418979,0
-0.00012846101733103693,-0.02428053579848908,0.14370359368549368,0.09240027136587134,0
-0.0008619937032266612,-0.03206635612477571,0.12658272360372252,0.009657822861438252,0
-0.0006410692373552888,-0.03144312622189675,0.1341818127463963,0.016300484528307416,0
-0.0006508974564676476,-0.030654042889159613,0.12857976599667326,0.02475918147341511,0
-0.0008345823884791071,-0.03082336730789261,0.1176632094794938,0.023000403589179,0
-0.0006877435667341991,-0.030155173063003943,0.12196467880458152,0.030123922682696834,0
-0.0006644143279094335,-0.029415231101836692,0.11640136723270789,0.03806561377854118,0
-0.0004050117892028058,-0.027670013839898238,0.12614957337382887,0.05661788781654193,0
-0.00031139280722540275,-0.027609923459424826,0.13613169265131175,0.05719028305287739,0
-0.00023093901817410498,-0.02676407625606316,0.14052021216573374,0.06615253852385042,0
-0.00023920522124463943,-0.025986502846434008,0.13493102766063114,0.07444122677631823,0
-0.0001658110590195995,-0.02591535666969719,0.14490670525672084,0.07512407242570643,0
-4.073582657210562e-05,-0.02335008900722485,0.15806548995257552,0.10208280728971227,0
-3.3782096189683845e-05,-0.021693997329895246,0.1568617873367012,0.11936282485132332,0
-1.987919178313175e-06,-0.019949355262427824,0.16560234507675703,0.13731662283654084,0
1.1767418442069352e-05,-0.01815925123555992,0.1729781143176311,0.15549185158599926,0
6.219293008785491e-06,-0.019057747781227458,0.16929022969719407,0.14640423721127005,0
2.6880930478015194e-05,-0.018996386006800384,0.17928180435849667,0.14710988029975502,0
2.293015658052112e-05,-0.019883908995539823,0.17559391973805963,0.1380222659250258,0
1.4212014898273357e-05,-0.02075651793455461,0.17120787820777578,0.12903474394662318,0
1.4286345858026441e-06,-0.021624077815436227,0.16683759933774786,0.1200578449540144,0
-1.6511677317125687e-05,-0.022488851782227808,0.16245155031124156,0.1110703286885897,0
-5.788081715817868e-05,-0.022560162165875818,0.15247572697803516,0.1103753034524459,0
-1.5520014055010618e-05,-0.020824233883717312,0.1612320662067291,0.12833972384393208,0
2.8252070346138457e-05,-0.018019285266418644,0.1829624638099248,0.1570451780115793,0
1.560659103436197e-05,-0.01667639090444196,0.17831994479068178,0.1703057599966788,0
2.809641011063811e-05,-0.015944496001012266,0.1926804545753706,0.17799675621870267,0
2.2666666062576654e-05,-0.016305010583409628,0.1855001996830262,0.17415125810769072,0
3.488905383982063e-05,-0.016925307867787943,0.19281363393879458,0.16829763032793102,0
2.8054362253906755e-05,-0.01728586977490209,0.18563337904645016,0.16445213221691907,0
1.4204152995445728e-05,-0.017420790338358257,0.17564902955415646,0.16289880579133903,0
3.739044027962151e-05,-0.016449118740360136,0.1985297862646429,0.1733164345777517,0
3.436472634285618e-05,-0.01573627731849818,0.20154474328351063,0.18057745103714073,0
1.9606371646060157e-05,-0.013961954944200482,0.19684531292791196,0.19745232938285948,0
1.165368922701095e-05,-0.011994835737357453,0.20542076563925932,0.21701794065726662,0
0.0,-0.010000000000000089,0.2124075083415633,0.2369845444859048,0
7.563711944526035e-06,-0.01107963193973285,0.22014766218035664,0.22876732318087753,0
0.0,-0.010000000000000007,0.2218714418630101,0.2400462043465803,0
2.8518322054801776e-05,-0.014764162631436092,0.20362717245978132,0.19030523761921914,0
2.4185376101373176e-05,-0.013907019493649645,0.2069995466881678,0.1989962038486669,0
1.9129902076358553e-05,-0.012955699961045708,0.21128727304384148,0.20877900948587047,0
1.6047612698142978e-05,-0.01297427651252677,0.20113303928358564,0.20723513502006305,0
2.3912422535472896e-05,-0.014959103364918173,0.1947628837516413,0.18772454280078107,0
1.3769116702655103e-05,-0.012020085571432085,0.21665429082920465,0.21878402126655844,0
6.161864109897748e-06,-0.01099096414481143,0.2089141369904113,0.22700124257158572,0
-0.0014752697767788337,-0.03401782651478832,0.11485443924721311,-0.011216094193953169,0
-0.0011803223719270056,-0.033414422353650906,0.1218707948915363,-0.004768055425486969,0
-0.001268311669284747,-0.034254966320713835,0.12445808020708066,-0.013788151983917207,0
-0.001185502502619985,-0.03225030486472063,0.11081163532220054,0.007753155909657869,0
-0.0012814209628844544,-0.0315983147062141,0.09382159614790003,0.01483647727660766,0
-0.0010040753782306398,-0.03128829164950525,0.11092987880480129,0.018059150354059295,0
-0.0012504405446228494,-0.03192393952405628,0.10231661573505028,0.011294816593132764,0
-0.001052902280823283,-0.030962269426635238,0.10243485921765104,0.021600811037534192,0
-0.0009613282570774057,-0.03000707047094729,0.09257553517904944,0.031904720562419185,0
-0.000916858675043424,-0.030165911787064854,0.10181182873322575,0.030134932680439954,0
-0.001111815882942138,-0.03080282429934934,0.09319856566347473,0.023370598919513423,0
-0.0010680735256009151,-0.03253007846809494,0.11984939292903,0.00471656962631855,0
-0.0013289927153851996,-0.033134221732662235,0.11283303728470682,-0.0017314691421476498,0
-0.000985296803267986,-0.03178618588691214,0.11754496599689304,0.012694409144777572,0
-0.0006870639161346747,-0.028619152466727096,0.1017865625500733,0.04668975041617088,0
-0.0004582714180813873,-0.026976039277932788,0.11059563420642947,0.06415568862839545,0
-0.0005631408533123884,-0.02779839561449275,0.10619109837825139,0.05542271952228316,0
-0.0004904112645591783,-0.027739289585977614,0.11617512319222159,0.055960885693508544,0
-0.00039094892677026157,-0.026904869384346806,0.12057008438803676,0.06481269075142884,0
-0.0002935438241129712,-0.025285769478284485,0.11936617853065819,0.0820406881120035,0
-0.00017937000649338,-0.02357717502430961,0.12813801570564612,0.09999770781450236,0
-0.0001025145649840037,-0.0218505747034187,0.13691015825494515,0.11797275063029246,0
-5.265782389514392e-05,-0.020103310613985684,0.14565524235229627,0.135929591807504,0
-7.477872523664554e-05,-0.02098019492585441,0.14128270030362072,0.12695117121889823,0
-4.550077582499093e-05,-0.020898898759342675,0.15125851484449873,0.12764620832941365,0
-6.880571312889669e-05,-0.021769697502590085,0.14688597279582316,0.11866778774080788,0
-9.847525062657935e-05,-0.0226361553513234,0.14249991243715715,0.10968026634193045,0
-0.00013698946443251487,-0.022716262323517197,0.13252408698029564,0.10898522922239741,0
-0.00013568668934706867,-0.02349805299617906,0.13811384116250763,0.1006927449340354,0
-0.0001818501695450815,-0.024356006731839203,0.1337277682286322,0.0917052342463383,0
-0.00023101504560809572,-0.024433182282633397,0.12375209711815216,0.09101919796325293,0
-0.0002385436358935879,-0.02520972080269536,0.1293418496411382,0.08272672439508887,0
-0.00030760264116071445,-0.02605988734862403,0.12495535655015111,0.07375519049323287,0
-0.0003685494947647098,-0.026132098900374583,0.11498090636854383,0.07309818837019948,0
-0.0006079258869139021,-0.02856087252662521,0.11177058736404351,0.04722791658739626,0
-0.0007683074985070699,-0.029472141552773137,0.10641734241873768,0.0375274476073158,0
-0.0008150086563749719,-0.029313563417239646,0.09718104886456137,0.039297235489295035,0
-2.744434591395705e-05,-0.020022290487607296,0.15562879371452665,0.13662310732202243,0
-2.1969161928348706e-05,-0.01833318696832971,0.1542921599046008,0.1538135496254845,0
-5.8032082788218154e-06,-0.016220123043923534,0.16140699846770024,0.1746738667746807,0
7.329703937365853e-06,-0.014450957191225121,0.17563730676513456,0.19166063252802928,0
1.0946881612718689e-05,-0.015577058830606411,0.17697862577790818,0.18098319626235404,0
4.439619631236202e-06,-0.016442222380397838,0.16986347162919102,0.17248981338567976,0
2.1847086871750867e-06,-0.015337443511697026,0.1685221526164174,0.183167249651355,0
-3.537839028836824e-05,-0.019222554826544055,0.14997370112844854,0.14487157071649426,0
-1.38466691980534e-05,-0.01914241622411322,0.15994725249067893,0.14556508623101266,0
-4.898098111267836e-06,-0.018240764906348194,0.16363513711111594,0.15465270060574188,0
-1.2546784937832261e-05,-0.017285109031910856,0.1578495791861505,0.1642437082000826,0
1.2783795424576354e-06,-0.01719428496911166,0.16719255639266567,0.16508285918034,0
1.6520752632904917e-05,-0.015200573019828916,0.1841588806702526,0.18482869437336596,0
1.4240407440326777e-05,-0.014188015627607853,0.18624130984652326,0.19455648095544437,0
6.435112893448281e-06,-0.012034342659517824,0.1851809036837664,0.21415792313926685,0
1.2194750731971467e-05,-0.01301515773626739,0.19101310830583917,0.20580512626106318,0
9.225668117582521e-06,-0.011990303230537796,0.19530083466151288,0.21558793189826675,0
0.0,-0.010000000000000078,0.1930494216221718,0.2324225544291266,0
5.37841843311826e-06,-0.011033719807753297,0.19923509363071557,0.2247202475431966,0
0.0,-0.010000000000000004,0.20272846498186756,0.2347035494575157,0
7.825224926240553e-06,-0.013253771498337355,0.18040910522445047,0.20290927783364807,0
3.92891788821013e-06,-0.01102734859846465,0.18911516265296913,0.22329023878419674,0
-0.001731071708378863,-0.03342384310271643,0.0960411300196216,-0.004764648135897266,0
-0.0017708980822295334,-0.032784417801969196,0.07741283609146206,0.0022081059892012493,0
-0.0011761762717274573,-0.030668584694627608,0.07435168706465782,0.024949621241834714,0
-0.0008013637969600201,-0.028823729837991162,0.08186968666237399,0.044682606283772935,0
-0.0009713698520612036,-0.02974651394637211,0.07811068686351591,0.03481611376280382,0
-0.0010756440672555075,-0.03033797363295657,0.08346361112185363,0.02842717090212695,0
-0.0008839911583160587,-0.029415068559737117,0.08722261092071171,0.038293663423096064,0
-0.0007543992673248892,-0.028721378276335377,0.09182812460622364,0.045686178349971907,0
-0.0005561413737581751,-0.02713481684874904,0.09068873714904416,0.06268856604967647,0
-0.0006230484142756715,-0.02787640731819677,0.09623764984955874,0.054689158232923675,0
-0.0006689463507693681,-0.027979909256287527,0.08627921190570907,0.053685586166724704,0
-0.0016271064039802897,-0.033720427206610754,0.10544778463341736,-0.007990371164925217,0
-0.0014437213815370509,-0.032837296411815896,0.10342638267091106,0.0014942538868803015,0
-0.001495026377031502,-0.03251127852467065,0.09493136308376082,0.005035914570355196,0
-0.0017792807617631812,-0.03310373067467814,0.08672698305554183,-0.0012782710733480085,0
-0.0015165860859752565,-0.03219157758021561,0.08561721611968104,0.008522291632904454,0
-0.0014493744538580924,-0.03172664005036159,0.07588226157805994,0.013578863615517982,0
-0.0012515619336086645,-0.03113301430936225,0.08408664160627893,0.019893049259221186,0
-0.0005143355869097235,-0.027055204728608794,0.1006421856777368,0.06342212733903596,0
-0.00037894063863341837,-0.025442687807869447,0.09942687699868177,0.08065995756194841,0
-0.00025168344011368334,-0.023742586700786793,0.10818636152846721,0.09860761694911044,0
-0.00016146610901949027,-0.022024568124365967,0.11695852163801403,0.11658265075659577,0
-9.892345040172502e-05,-0.02028403395492069,0.1257306614741347,0.13455771143253367,0
-0.0001272416079120968,-0.02115766276418791,0.12134459155607435,0.12557018109456472,0
-0.00010231497823684127,-0.021066199299782273,0.1313204098645399,0.12626523103141307,0
-7.675197109781175e-05,-0.02019070616865457,0.13569295191321548,0.13524365162001883,0
-5.6682564400171595e-05,-0.018511004046963143,0.13450278351012987,0.15253280635881117,0
-3.06957461704684e-05,-0.016761623169072138,0.14230154917214285,0.1698517249911997,0
-4.23078410186131e-05,-0.017642567328654005,0.13840216634113636,0.16119226567500544,0
-2.766473041542091e-05,-0.017546570332377782,0.14829685453837183,0.16183263730834208,0
-1.7894448389587733e-05,-0.016484820790816982,0.15185427381992156,0.1722627958829402,0
-1.8553378286454255e-05,-0.01524346278417875,0.14620694952321803,0.1845458083141781,0
-6.608931637314003e-06,-0.014251049127917283,0.15737135436379604,0.19354552445326484,0
1.7837678165299475e-07,-0.014338581034063784,0.16650433056446529,0.19260307849064706,0
-6.56667166103323e-06,-0.015245000494337666,0.15938917641574812,0.18410969561397278,0
-1.2071624227197463e-05,-0.014748127630760846,0.15178915194350703,0.18904566638372147,0
-1.3148648828479036e-05,-0.0157259189117702,0.15380697399545912,0.17960983754442938,0
-2.409236269731234e-05,-0.0160084385772517,0.14425424934768044,0.1771987666526889,0
-0.0004201574047171382,-0.026208578589036736,0.10501125560255561,0.07240782309517194,0
-0.00046035594775730245,-0.026289765128784653,0.09505780707386297,0.07167426180581243,0
-0.000340983023066177,-0.02536373205332587,0.10939652776466999,0.08135032283697596,0
-0.0002743065400527648,-0.024513211780458295,0.1137762700295627,0.09032415253055698,0
-0.00021852510688076852,-0.02365891962985639,0.11816218861705666,0.0993026623818064,0
-0.00020257547604034492,-0.02288588754335831,0.11257244158324062,0.1075951338528531,0
-0.00017211662628889733,-0.022799775583148933,0.12254826867183008,0.10829017928554907,0
-0.0001337738583544485,-0.021935840549901317,0.1269343399464796,0.11727770069344412,0
-0.0003099661244108932,-0.024594188092596028,0.10380661926357448,0.08963378725552942,0
-7.565385526871013e-05,-0.019402340379661258,0.1301167224921323,0.14354525889567243,0
-5.609201175975086e-05,-0.01930631560346628,0.14007901293121305,0.14423119908315757,0
-3.976052118733236e-05,-0.018417203157561787,0.14439747170736533,0.15317317799214783,0
-1.9742932571748614e-06,-0.012260477100028557,0.16118850467467166,0.21148304666749532,0
-3.930103496925741e-06,-0.0132713954171732,0.15927992951923386,0.2025142855603801,0
1.2514325555663614e-06,-0.013365514210621937,0.1684129057199031,0.20157183959776231,0
2.514470669040327e-06,-0.012108804395087847,0.17318470417921905,0.21282048490338107,0
0.0,-0.010000000000000096,0.1732965037666751,0.2301559705840823,0
1.921758330358641e-07,-0.011156630493227824,0.16724250422067338,0.2208195086257888,0
2.3657406482997545e-06,-0.01104729651186708,0.17923870372522077,0.2221569468616746,0
0.0,-0.009999999999999986,0.18317296269442346,0.23128926250660445,0
-0.0015913203699093788,-0.0321702043485695,0.058696761566611966,0.008938724455281778,0
-0.0017116267588737945,-0.032477059474048366,0.068054798829037,0.005573415222241513,0
-0.0013749688943272514,-0.031419588275799326,0.0665242243156349,0.016944172848558245,0
-0.0010394341282429517,-0.03040704925880571,0.05247858578715418,0.02792829264203952,0
-0.0008028229085983574,-0.02891922759747663,0.063066359634314,0.04383240222111998,0
-0.0009817233205200375,-0.029793483657697645,0.06870902334948592,0.03439101173147735,0
-0.0008150425372780864,-0.0288715904216226,0.072468023148344,0.044257504252446456,0
-0.0005843744957046772,-0.027272952105887108,0.07095380690698244,0.061444204136801364,0
-0.0004193531187523847,-0.02560403474254611,0.0794796924794677,0.07925160500322212,0
-0.0005797909719894823,-0.027204014173852546,0.0808212720280133,0.06206638509323892,0
-0.00048651441123775447,-0.02636845192366302,0.08508421481425593,0.07097008552644929,0
-0.0004960128251898161,-0.026439155756733244,0.07521674969322507,0.07034790457001175,0
-0.0009155387824183105,-0.02966330182165516,0.057772472710734095,0.03588034743157975,0
-0.0011347176253616725,-0.030537815949419716,0.063415136425906,0.026438956941937118,0
-0.0012934776779849578,-0.03128857219457185,0.055587673676883075,0.01843350854866065,0
-0.0006897279077388791,-0.02804768448220525,0.07641174678467821,0.05306340521028715,0
-0.0006856463105293891,-0.028096381131161807,0.06701008327064822,0.05263830317896068,0
-0.0004056724776130662,-0.025523399230460844,0.08945328473907474,0.07995578128258526,0
-0.0002945276813719485,-0.023912885052192977,0.0882446292835013,0.09721558791693448,0
-0.0002019438973405594,-0.022208514222187427,0.09701149804496993,0.11519028134233128,0
-0.00024469061707864056,-0.02306260205679265,0.09262806366423562,0.10620293462963287,0
-0.00027744170645104443,-0.023827517913348806,0.09821549540598426,0.09791160243302247,0
-0.00022714279700049007,-0.02297383304629583,0.10259892978671857,0.10689894914572086,0
-0.00018451953383582983,-0.022115843637897606,0.10698500984149198,0.11588646604946352,0
-0.00013436876315599822,-0.020484719926610537,0.10577903051673687,0.13316757779776994,0
-8.593787400974541e-05,-0.018731846650336597,0.11455116849927116,0.15114265076746897,0
-5.190875258515433e-05,-0.01693493746755924,0.12332329079397086,0.16911776586669924,0
-5.511318605822446e-05,-0.017720062011846248,0.12891303715205038,0.1608252861127552,0
-6.73801848833442e-05,-0.017840062097365366,0.11893722964662101,0.1601302083170841,0
-7.233152143823544e-05,-0.01861844818419962,0.12452697600470052,0.15183772856314007,0
-9.32215815148213e-05,-0.019505373192669494,0.12014091498670293,0.1428501811000013,0
-0.00011840120266736681,-0.02038283682900669,0.11575484599543578,0.1338626446151518,0
-0.00014857026235039257,-0.02125249821654563,0.11136877607737544,0.12487511427718286,0
-0.00016542505438350865,-0.021349556859877775,0.10139526428085341,0.12417892957005061,0
-0.0003364745750166855,-0.02467646415580837,0.09383575314109154,0.08893777273944145,0
-0.00035237930141003256,-0.024759644734075315,0.0838621608814845,0.0882335964600783,0
-0.00010808173557237384,-0.019612732501140578,0.11016509950800402,0.14215511428261945,0
-4.185064455479467e-05,-0.016843139291121384,0.13281241998305687,0.16948474542894948,0
-3.039688336039466e-05,-0.015255510290622326,0.13122390179607737,0.18535899647863743,0
-3.1309843010368016e-05,-0.016005355136630716,0.13676272548411011,0.17760536073491856,0
-4.022093573061564e-05,-0.01610323910723613,0.1272735962950241,0.17723838117266832,0
-2.4757454556964657e-05,-0.015243778940822078,0.1387154256596477,0.18495240239640776,0
-1.4630662394012556e-05,-0.013719107161895968,0.1424518886061186,0.19925808899820066,0
-7.940476354535077e-06,-0.011837134198665404,0.13936136163070792,0.21681654476115506,0
-7.290409856747324e-06,-0.012988579427815283,0.15182019664039514,0.205370567832848,0
-1.1431464757590366e-05,-0.012786234992218738,0.14090662511841326,0.20803731687967786,0
-5.424330254392273e-06,-0.012014375644088433,0.1502749331526898,0.2141497957143252,0
0.0,-0.010000000000000078,0.1534213948481647,0.2306201073795101,0
-1.8038356583154719e-06,-0.011156340964464767,0.15730494976141818,0.2210515770235027,0
-3.1941147508231525e-06,-0.010947008198674127,0.14639137823943632,0.2237183260703326,0
-2.1796303881240832e-05,-0.014496622529048282,0.136837895201098,0.19230854273841905,0
-1.673129527493613e-05,-0.01448541970797228,0.1443294190646683,0.19190194865618937,0
-1.1088399787488714e-05,-0.013974965190142246,0.14991162148495732,0.19640180672573276,0
0.0,-0.01000000000000002,0.1633589493074199,0.23038803898179622,0
-0.0012060618465511487,-0.03165164289908464,0.0396492293822466,0.014651224176380774,0
-0.0006499722712377856,-0.029756932851565724,0.031886764880004255,0.03505840946079957,0
-0.0006909585639299028,-0.028865748560408588,0.04663423517282012,0.04454765350514959,0
-0.0006835932358957406,-0.02931162526289869,0.03926050002641219,0.03980303148297458,0
-0.00085016881492932,-0.02963609056403478,0.049556410479987156,0.036237973073594554,0
-0.0008585480719319005,-0.030082352150304213,0.04218267533357922,0.031493351051419545,0
-0.001127851693728816,-0.031029266813968875,0.046063907584700386,0.021289758409210147,0
-0.000892874734167012,-0.0307039731484828,0.035767997131125426,0.024854816818590173,0
-0.0014293510206447578,-0.03191101819640466,0.049172995474429285,0.011794974315831276,0
-0.0007576641886320014,-0.028892700319051785,0.05485029740356706,0.044190027863134786,0
-0.0005322420947570412,-0.027392164239474506,0.052106949545020625,0.06036881961863362,0
-0.00040165469830548244,-0.025756628836491942,0.059603925138871076,0.0779118589359931,0
-0.0004885182494340964,-0.026513780769018922,0.06527886602292676,0.06967803153639723,0
-0.00041827796106414314,-0.025680848189170314,0.0695418088091694,0.0785817319696076,0
-0.0002984524280919228,-0.02408217932028891,0.06829306689987695,0.09582253553041967,0
-0.00021659386034392718,-0.02239470549487139,0.07708295166772107,0.11378888874417878,0
-0.00015307811943767095,-0.020691759490110477,0.08582738673126036,0.13177743568169475,0
-0.00010487299662830385,-0.018967778993258636,0.09459953512385645,0.1497524764469172,0
-6.947165307491625e-05,-0.01725210867800154,0.10353278462267446,0.16725992132754658,0
-4.270540766157469e-05,-0.015424451054841528,0.11199854178951218,0.1854136914369513,0
-5.504184805696186e-05,-0.016346542807991526,0.10776566320609332,0.17633680638224894,0
-4.772511444882344e-05,-0.0161733662535811,0.11766091629174152,0.17726572865182527,0
-6.156559827178577e-05,-0.017091739922511364,0.11342803770832266,0.1681888435971229,0
-7.797284570259094e-05,-0.01798741655868089,0.10904197656097281,0.15920128604750777,0
-9.69510795416811e-05,-0.01884900889771696,0.1045753518115638,0.15044756360719308,0
-8.589275121439578e-05,-0.01811527060809942,0.09906615987326545,0.15850619888723189,0
-0.0005685368549831584,-0.0273329716154903,0.061530378226001534,0.06090651187771749,0
-0.0004631869374648267,-0.026574568922730937,0.055855437341945854,0.06914033927731336,0
-0.0006597525845123279,-0.028155066253616478,0.057586654589667316,0.052100610919876805,0
-0.0006064664111413904,-0.02812887298419079,0.04937059235892037,0.05245823656189161,0
-0.0003471669202364223,-0.024920075675745026,0.06394849601937401,0.08686719723320638,0
-0.0003562925102665948,-0.024841643621494717,0.07388637968967232,0.0875370702668209,0
-0.00030182813226009846,-0.023998019406965596,0.07826884809168913,0.09651906172367708,0
-0.0002542617396200746,-0.023151766548944127,0.08266379047561118,0.10550223833055664,0
-0.00021287523707757557,-0.02230193247547824,0.0870472248563455,0.11448958504325503,0
-0.0001770221731817418,-0.021447389791796685,0.09141944238811514,0.12348385851201302,0
-0.00018272215424649366,-0.021545382466190158,0.08145516919949072,0.12278316221293677,0
-0.0002550266015895625,-0.023239719566423313,0.07268800928379901,0.10480571213729922,0
-0.00014612674321562113,-0.02058817977096548,0.09580320862399862,0.13247250673973235,0
-0.0001272594726521365,-0.019833239393126895,0.09021346092755841,0.14076495606430597,0
-0.00011961010252949786,-0.019722610027235667,0.10018928282029665,0.14146002712234357,0
-3.7116742638572763e-05,-0.015334566965878482,0.12161122179279478,0.18538634395779435,0
-2.279519789379473e-05,-0.013495367864112186,0.12091588534088973,0.20367787488214492,0
-1.0182311636361263e-05,-0.011574756461936233,0.11953868888642462,0.2225319607677063,0
-1.6385805447721008e-05,-0.012538714202110467,0.12022728711365718,0.2131049178249256,0
-9.330568488607472e-06,-0.011679959129881214,0.12945002525856628,0.21967425276443067,0
-1.470429685420704e-05,-0.012681692773787508,0.13013862348579883,0.21024720982165,0
-1.932281521043187e-05,-0.013589069289131542,0.13168388697350417,0.2014679819401728,0
-2.7009918215907048e-05,-0.014368767521034003,0.12606989356848355,0.19451843568039118,0
-3.1991952534353754e-05,-0.01447350835208587,0.11645721356520096,0.19454578315954812,0
0.0,-0.010000000000000082,0.1337804099185941,0.2337211682411463,0
-4.821156206847915e-06,-0.010816268110492144,0.12665954940250937,0.2281265645044263,0
-4.410110026650369e-06,-0.010925536379861973,0.136570885774651,0.2252688565011507,0
0.0,-0.010000000000000037,0.14360090238337941,0.2321706378103282,0
-0.0006539757170748229,-0.031298799058333264,0.020156712443973844,0.018555687842895758,0
-0.0009534144812958368,-0.031475838722738646,0.02990297091311022,0.016603456009638265,0
-0.0006659732143280741,-0.03052746255536076,0.02602173866198905,0.026807048651847666,0
-0.0003405918676895668,-0.029926495925138425,0.014837685916730356,0.03331068423740997,0
-0.00027106178698817223,-0.028482493339624194,0.016949207287863293,0.048852548012229574,0
-0.00043402189311038023,-0.02785358044334367,0.033632479606559997,0.05555031858784143,0
-0.0005294879898894095,-0.02880455450139197,0.032759622243282126,0.045304364024320504,0
-0.00036568071712474826,-0.02816865348472282,0.025290843447211643,0.0522014333000355,0
-0.00044444352125703817,-0.029119695463255636,0.024417986083933772,0.041955478736514576,0
-0.0005100978390195416,-0.02984225652250465,0.023362225398367305,0.03418454684910477,0
-0.00030353806845619905,-0.029203973370181553,0.015893446602296826,0.04108161612481977,0
-0.0005577511303056377,-0.028359511417991826,0.04013335738969006,0.050048986046495506,0
-0.0004951232952667541,-0.02762363444369611,0.04286971457579031,0.057959569103237525,0
-0.00029829087168914935,-0.025830715794637617,0.03703119542945866,0.0773872977792598,0
-0.0003593678642676206,-0.026841289309974533,0.03533183751800933,0.06646880818355061,0
-0.0004067964868745063,-0.026610450491575722,0.04456907248723964,0.06887805869894671,0
-0.0003597031457022435,-0.02579479452009014,0.04831756028416487,0.07764957835762645,0
-0.0002578585444246551,-0.024210310464827498,0.04887973656909468,0.09479880263356517,0
-0.00020047928584460587,-0.02257397540416359,0.05713591896826043,0.11239652727842916,0
-0.00022822562233176571,-0.02339258912599838,0.05300782776867756,0.10359766495599718,0
-0.00028347688268430955,-0.024147205951004447,0.058586401734485816,0.09531066908199243,0
-0.00024646201229754615,-0.023326028957714108,0.0627144929340687,0.10410953140442442,0
-0.000212547996619512,-0.022485526267525816,0.06710943531799075,0.11309270801130397,0
-0.00015122519277908995,-0.020900896512362863,0.06604208116268347,0.13030610806615636,0
-0.00017482594056397413,-0.021738660080667813,0.06158900006547195,0.12135131767229276,0
-0.00018219672009230233,-0.02164494288894064,0.07156251641520227,0.12204749840516757,0
-0.00015489993108651592,-0.02079756152252658,0.07593473394697192,0.13104177187392557,0
-0.00011124489686568616,-0.01924213276386274,0.07564597536055831,0.14787514927180911,0
-0.00013125356732238323,-0.019963367252384352,0.08073668104590934,0.13982629247675193,0
-0.00010976437714647199,-0.019106186927158462,0.08512275524220739,0.14881381285936315,0
-7.847715563747467e-05,-0.017564510461756902,0.08435948177432244,0.16543425613796753,0
-5.305227755818644e-05,-0.015884627782690605,0.09236463805790776,0.1826986817414462,0
-6.499997315413866e-05,-0.016729663151707104,0.0883620599161151,0.17406646893970687,0
-6.12690684098728e-05,-0.01656132674679913,0.09794871134029111,0.1749793015344964,0
-7.512020405554602e-05,-0.01740925894638949,0.09394613319849845,0.16634708873275705,0
-9.130690658103198e-05,-0.018261368936110967,0.08947950844908945,0.15759336629244236,0
-9.391696698979595e-05,-0.018406953579358107,0.08000272856744037,0.15665470270488832,0
-0.0004770681666496949,-0.030612306315625046,0.0174971991803521,0.025933186040152864,0
-0.0003244055544111315,-0.02498204714067678,0.054241830853982875,0.08635533078477914,0
-0.00028024658963794654,-0.025021080992997286,0.042955465999276674,0.08609305020641249,0
-0.00013035024734851428,-0.020074010705500706,0.0708440282616209,0.13909062866898275,0
-4.857517410359478e-05,-0.015655898212833207,0.10218158992370997,0.18405618658919876,0
-3.343188638412886e-05,-0.014192348806966964,0.1000728359316198,0.19959986343610642,0
-2.0060095097128303e-05,-0.012734289514456562,0.10624832346262822,0.21365462558036954,0
-1.10519455156295e-05,-0.011514711823185272,0.1005219660654972,0.22756112379053547,0
-1.5488191484436863e-05,-0.01211522779794504,0.10338514476406271,0.2206078746854525,0
-1.5022283999530513e-05,-0.012166406997933511,0.11289350617452643,0.21809329317403792,0
-1.0768681013724159e-05,-0.011531379068719861,0.1100303274759609,0.22504654227912088,0
0.0,-0.01000000000000008,0.1145738125478943,0.2388915798111855,0
-5.577508361504185e-06,-0.010784590607736386,0.10754788930669575,0.2332263518008605,0
-5.21122004128267e-06,-0.010781266891483869,0.11705625071715946,0.2307117702894459,0
0.0,-0.010000000000000021,0.12417711123324421,0.2363063740261659,0
-3.828947330892875e-05,-0.014798356016457796,0.106035688860566,0.19250677743652886,0
-2.8434874812614163e-05,-0.013846659762082143,0.11049436063625476,0.20163886915912566,0
-2.6477797523699276e-05,-0.013470541771533923,0.103160579697124,0.206627244508238,0
-2.178072649823615e-05,-0.013101017120037299,0.11358210440175898,0.20866625023125723,0
-4.26788925743805e-05,-0.01504590093367382,0.09621873699476377,0.19114927258877631,0
0.0,-0.031170204841335872,0.0003334311668418596,0.019981724506703876,0
-0.00020520132874947804,-0.030548349310288776,0.007585558541786108,0.02664620437205692,0
-0.00033716149693256193,-0.031235569520585822,0.010245071805407851,0.019268706174799817,0
0.0,-0.029379744367459812,0.0003077949059941746,0.03921416868348096,0
0.0,-0.027596640403447757,0.0002821453304945181,0.058446497440459065,0
-0.00018151257098173503,-0.02670910103002187,0.01718331918969567,0.06801393751997278,0
-0.00012572867723953038,-0.024976556549789725,0.01757832884171033,0.08682052119371275,0
-0.0002520918430128486,-0.026271191106653036,0.027107257309577165,0.0727006176496163,0
-0.00015079433423705014,-0.025841698981112122,0.017380824015703,0.07741722935684277,0
-0.00020914247220834835,-0.025404019820213567,0.027304762135584495,0.08210390948648627,0
-0.00018254394220850443,-0.02419261301903027,0.03162736803719758,0.09523672968248074,0
-0.00023409988268237886,-0.025010370859892685,0.034329281733328124,0.08631201373087027,0
-0.000158742828168693,-0.024585447236046925,0.024602848439453956,0.09102862543809676,0
0.0,-0.030274025523500597,0.0003206130364180171,0.02959794659509242,0
-0.00016160210438920234,-0.029653548331156306,0.007572740411362265,0.03626242646044546,0
-0.00015412819344160793,-0.028931584029354338,0.008628501096928734,0.04403335834785527,0
0.0,-0.028487271980619438,0.00029497011824434637,0.048830333061970016,0
-0.00012422801779998804,-0.028039979936755083,0.008615676309178906,0.05364952272634432,0
-0.00010234735042972338,-0.02715350353455869,0.008732732260095095,0.06323021748021593,0
-0.00022124833320776366,-0.027594875245481605,0.01706626323877948,0.05843324276610118,0
-0.00029905826835829,-0.027281289858351463,0.025407899398127834,0.06178212805390711,0
-0.00022343646681942196,-0.024202415645294763,0.04025355230314613,0.09501776615802296,0
-0.0001404566593954954,-0.022533553040301548,0.03547773093436874,0.11330695521450547,0
-0.00019358128668429814,-0.02336959732535287,0.042178733751731715,0.10405287892403532,0
-0.0001741964259259257,-0.02255552763366569,0.046306824951314586,0.11285174124646732,0
-0.00012602472901381101,-0.021082344465265208,0.04592407061097726,0.1289971866521347,0
-9.648041238597666e-05,-0.019246645941396544,0.05570828573893419,0.1488562199360476,0
-0.0001110465457083131,-0.020165532570743248,0.05081617817495572,0.13892670329409115,0
-0.00014144881008407468,-0.02099383968443421,0.055983075886830366,0.12965164735914553,0
-0.00012163992017495031,-0.020069285387703528,0.06087518345080883,0.139581164001102,0
-0.00010572666080667785,-0.019245958656623666,0.06567713054974625,0.14836568460392835,0
-8.152636618679168e-05,-0.01796832294130806,0.06910871051003718,0.16216136393229028,0
-8.961774179906485e-05,-0.01861161153623187,0.062408498124485685,0.15550879193416894,0
-9.553462936632201e-05,-0.018602149466136673,0.07237734293529774,0.1550182566020497,0
-8.084774968290756e-05,-0.017768902189519535,0.07673409614217981,0.1637978100351289,0
-5.5767209147932456e-05,-0.016265101998385382,0.07209926774061742,0.18067259518637513,0
-5.543516856063296e-05,-0.01607874737590782,0.08223195289926259,0.18168563846391067,0
-6.677256549394517e-05,-0.01690751096581647,0.07822937475746994,0.17305342566217133,0
-6.771147968721964e-05,-0.01711612745299657,0.07060398912532731,0.17141697955933272,0
-0.00016030875611044055,-0.023362130549429497,0.033552549485783165,0.10427184244849311,0
-0.00016039554472646535,-0.021825476247876376,0.051529994789618845,0.12069685696528193,0
-0.00013436856135786953,-0.021808720958872353,0.040700900772673,0.12115207093332009,0
-3.96090077294012e-05,-0.014759735171924951,0.08367673038289011,0.19586992849776588,0
-4.759649506312405e-05,-0.015519861221520818,0.07788799906175377,0.1882712618420705,0
-4.616108128987815e-05,-0.015315785179143789,0.08802068422039894,0.18928430511960603,0
-3.690784276339822e-05,-0.014480887316105048,0.09187478315725495,0.19773489596693616,0
-2.3999635990543214e-05,-0.013137436075555066,0.086531665454231,0.21316478837740427,0
-2.2416434491904593e-05,-0.012939270807495622,0.0963899944584296,0.2134097069788869,0
-1.7546387380992583e-05,-0.01234475505964075,0.0935268157598641,0.22036295608396989,0
-1.0558641323209761e-05,-0.011511329999369513,0.08072637144381947,0.23282978476070304,0
-1.6869833411482876e-05,-0.012307549745759705,0.08362901844902523,0.22299728656905365,0
-1.098184471792587e-05,-0.011509641359861272,0.09062416875465834,0.23019545427561927,0
0.0,-0.010000000000000078,0.09575918340417744,0.2453582788435678,0
-5.529585262409666e-06,-0.010780014669330273,0.08824277742399846,0.23909403180213543,0
-5.365417474134825e-06,-0.01074159651985797,0.09814057473483731,0.23645970131705163,0
0.0,-0.010000000000000024,0.10516649797603586,0.24212492932737667,0
-2.8774947076796686e-05,-0.0136512270097717,0.09330225069292539,0.20638232590675534,0
-3.139358011615833e-05,-0.013948872084790905,0.08510419791856055,0.20451735843758506,0
0.0,-0.025821585005203436,0.0002564957549948614,0.07767878535095887,0
0.0,-0.024056782601574293,0.0002308461794952048,0.096911042983058,0
0.0,-0.02493771134390907,0.00024367096724503312,0.08729491416700844,0
-7.022273684054188e-05,-0.02540001209456331,0.008917412298352596,0.08224965327233581,0
-5.764848771606797e-05,-0.02451729991311552,0.008904587510602767,0.09186578208838538,0
-8.361863425439088e-05,-0.023272920110113615,0.01700609830592391,0.10543339939340438,0
-5.726637800474014e-05,-0.021571134179559307,0.016917107815124458,0.12418189288799053,0
-0.0001165525956995347,-0.022905396039960862,0.026241914620146325,0.10937017730395493,0
-6.916162598385595e-05,-0.022419910712319205,0.01696160306052418,0.11480764614069745,0
-9.659825668571503e-05,-0.022052545651383103,0.0261974193747466,0.118744424051248,0
-8.812443770549561e-05,-0.020936422337380446,0.030987499265156922,0.1309881743985447,0
-0.00011155473027649612,-0.02173263999604436,0.03323261509976283,0.12214756480652508,0
-7.4636197407109e-05,-0.02125545609628056,0.02395230354014069,0.12758503364326762,0
0.0,-0.026708001001985157,0.00026932054274468977,0.06806264139570897,0
-8.339743660443409e-05,-0.02626583062442326,0.008719907472345266,0.07284636143546583,0
-4.6237856131305834e-05,-0.02366608204803382,0.008618472242709556,0.10117222118823119,0
-0.00010249124176829444,-0.024123196110686404,0.01729221357381712,0.09612696029355856,0
-0.00013019867864496462,-0.023732685702190406,0.024316733171560745,0.10033506453794255,0
-0.00010788826754796417,-0.0210104935210272,0.03845578493806709,0.1299926805253397,0
-7.275379327406711e-05,-0.01961598231153889,0.034744548240234784,0.14558203044941495,0
-6.139906649496317e-05,-0.018271048165426483,0.0407302936371607,0.16045321789513897,0
-6.714757514479068e-05,-0.018942957794555338,0.03773742093869774,0.15301762417227696,0
-7.829885644247808e-05,-0.018756428844933556,0.048219289688047444,0.1546547189155933,0
-6.310393347743872e-05,-0.017426551663186338,0.05469415536915022,0.16916451989456638,0
-4.138785842838593e-05,-0.015822426346762026,0.052645595196222236,0.187535946208467,0
-3.406826211287291e-05,-0.014520072319632786,0.06767935503548438,0.20074757717563568,0
-1.93156412273435e-05,-0.012916936039033525,0.06514774863196532,0.21978886470545056,0
-8.013570019630699e-06,-0.01137234722219162,0.06206780766842799,0.23944687786919466,0
0.0,-0.010000000000000089,0.07712564843458453,0.2523349054079747,0
-4.326843491072163e-06,-0.010702993442128963,0.06959672805150625,0.24589089163858469,0
-9.368382130699751e-06,-0.011443048018963457,0.07139708955612373,0.23613833131494885,0
-4.926511817194959e-06,-0.010734304259241476,0.078926009939202,0.24258234508433887,0
0.0,-0.010000000000000026,0.08644241591938098,0.24884659212577126,0
-9.70140753610353e-05,-0.02034583640251891,0.04033430942560602,0.13728960855077482,0
-8.686011602920376e-05,-0.01943576498094572,0.04522641698958449,0.14721912519273128,0
-8.024691996157293e-05,-0.020275162689104387,0.03286602375269585,0.13828510242397984,0
-7.254949131798464e-05,-0.01769601616710416,0.0619014329395937,0.16566294191342834,0
-7.820800460802541e-05,-0.01833267467419337,0.0552012205540422,0.15901036991530698,0
-6.318400651076575e-05,-0.017852694420989905,0.04771222450315546,0.1648088688948527,0
-6.038117975799967e-05,-0.01685394668021738,0.06339671155488383,0.17491855754047075,0
-5.132076029844915e-05,-0.0166191536158812,0.05366987528268623,0.1783502330515167,0
-4.90428632584469e-05,-0.01604293205280978,0.06237243146841983,0.18410427069742108,0
-3.8244090421338286e-05,-0.015180118483772946,0.060162475115853306,0.19414176169205133,0
-4.40045047386538e-05,-0.015384112319248845,0.0698893113880509,0.1907100861810054,0
-3.717190224295903e-05,-0.014638550351819506,0.07567804270918724,0.1983087528367008,0
-2.9514035635395265e-05,-0.01384640674022735,0.07710551024485768,0.20695618277651998,0
-2.6147173334933753e-05,-0.013708630465746894,0.06641355183372485,0.21026822094054312,0
-2.2000383276172796e-05,-0.01302563588232282,0.07583970704309816,0.21647682654142741,0
-1.5250129113569321e-05,-0.012230938985021164,0.0729370600378924,0.2263093247330768,0
-1.3229710756668837e-05,-0.012128878897627777,0.06360777815019665,0.2296178712873226,0
0.0,-0.022305850566098254,0.0002051966039955481,0.11614327791800018,0
0.0,-0.020574065624977243,0.0001795470284958913,0.13537549006789396,0
0.0,-0.021437154712435597,0.00019237181624571972,0.12575938399294706,0
-3.145617087003952e-05,-0.021940216099841082,0.008561152209560004,0.12016258540299535,0
-2.5963545057110278e-05,-0.021073414794457877,0.008548327421810175,0.12977869147794224,0
-4.104036639158756e-05,-0.019951378912876107,0.01737048948300805,0.14222643194708592,0
-3.299546255062596e-05,-0.018143558398614174,0.021240336373463082,0.16262336244768552,0
-4.1304102483608943e-05,-0.01691884606779533,0.037264127940392765,0.17603997238422045,0
-3.861958089640872e-05,-0.017535370276325474,0.029252232156927925,0.16933166741595299,0
-5.0509725593534686e-05,-0.017590972771472,0.03899721078877673,0.1682465951396797,0
-4.773866068725628e-05,-0.018211332258916843,0.03098531500531189,0.16153829017141225,0
-5.071341931160836e-05,-0.018876064051090977,0.027992442306848934,0.15410269644855024,0
-5.829058633745734e-05,-0.01978694130521336,0.026057518861621415,0.14390423119825044,0
-3.705316913138331e-05,-0.019043510089601635,0.019305412928235566,0.15242489719738572,0
0.0,-0.023179292996241874,0.00021802139174537645,0.1065271604505291,0
-3.8092985432347634e-05,-0.022790060568761657,0.008605647454959729,0.11078833865570228,0
-2.2293792630009633e-05,-0.020265371403559912,0.00877501825575197,0.13880096100748995,0
-4.85116596269762e-05,-0.020758607470529575,0.017143798649066254,0.13320416241753824,0
-6.292592414735444e-05,-0.020443304128907682,0.024178994374082486,0.13660730317281533,0
-5.230740780735201e-05,-0.017173203531486127,0.04597914165477149,0.1726022461393934,0
-4.223913550666837e-05,-0.016376799590190994,0.0449548615683075,0.18178795929634373,0
-2.5594118867707285e-05,-0.015343696089051964,0.03450086349941729,0.1946591595888094,0
-3.2697325064381664e-05,-0.016124142295118972,0.035882495719905025,0.18534956598651492,0
-3.3497759734418925e-05,-0.015584539968877358,0.043573229347819764,0.1910975528986382,0
-2.508993674135567e-05,-0.014203505639663763,0.05000974703925036,0.2067705094147261,0
-1.3330344572817349e-05,-0.012626065287694983,0.0474742229771826,0.22651136899671184,0
-1.6372695570600424e-05,-0.01277327740167057,0.05631098580457396,0.22315011685108121,0
-1.103858681305353e-05,-0.012010834271603047,0.054771015322805296,0.23297912343295324,0
-5.197529964525627e-06,-0.011209365760411656,0.04426856680075445,0.24579390254146077,0
-8.884679152329813e-06,-0.011901446083857911,0.04587139488896853,0.2361526357690863,0
-6.6221438730344724e-06,-0.01129688969351314,0.05316818723459122,0.24262039020532772,0
0.0,-0.010000000000000092,0.05839992016843357,0.2590574362984617,0
-3.6173453383683467e-06,-0.010662169168907935,0.060233863918430774,0.24925215708382817,0
0.0,-0.010000000000000002,0.06776278430150905,0.25569617085321816,0
-3.2527813989070445e-05,-0.01500425956733481,0.0513276711177363,0.19715322781159655,0
-2.9772890061593068e-05,-0.014362505432321308,0.05884455103736737,0.2037590432951809,0
-2.2651445397563938e-05,-0.013571171253616126,0.05757874783560784,0.21327968706008832,0
-1.8698822283654568e-05,-0.013402147787048773,0.048741985008216485,0.21664093920571897,0
-2.60379574619744e-05,-0.014781369894250862,0.042255305269333826,0.20071483450176775,0
-2.8915163692315773e-06,-0.010612633208349933,0.051334243484594005,0.25242566941996125,0
0.0,-0.01886884175948713,0.0001538974529963768,0.15460768212649703,0
0.0,-0.01720030534916303,0.0001282478774970048,0.1738398414723753,0
-1.8290346405717885e-05,-0.018511914652275537,0.01069711691322973,0.15861552228709128,0
-1.5005720621164111e-05,-0.017675535425434184,0.010684292125480043,0.1682316019600304,0
0.0,-0.01802924332673423,0.0001410726652466908,0.16422376179943615,0
0.0,-0.019717569360927816,0.00016672224074613405,0.14499158609719548,0
-1.8393410751594387e-05,-0.01941101130770873,0.008762193468002213,0.14841705703679148,0
-1.8140512486704586e-05,-0.016341107285598913,0.018086033160753297,0.183664266657824,0
-2.464174852336579e-05,-0.017234771323490487,0.01966318476710819,0.17314381455275477,0
-1.025839613240823e-05,-0.016775637224072028,0.00910714051912515,0.17875205406509964,0
-2.9391963703256234e-05,-0.016632986968310563,0.02767508055057303,0.17985211952102223,0
-2.2851205984842266e-05,-0.015848354580477245,0.026293448330085296,0.1891617131233167,0
-1.0883482410486546e-05,-0.014739386828401205,0.016923212546491664,0.20302721700576173,0
-1.7882988843269395e-05,-0.015044467143054564,0.025712038022954478,0.19884318829728556,0
-1.4152850297687606e-05,-0.0155317695179117,0.017504622853622483,0.19334574183179287,0
-1.4812492589651148e-05,-0.0137347450303505,0.032756186517953575,0.21443613912575907,0
-7.504796052389056e-06,-0.012283187399545314,0.030483381251129205,0.2334614526455841,0
-1.0810875627734748e-05,-0.012996050043693894,0.03161978388454139,0.22394879588567157,0
-1.0332855568283697e-05,-0.0124589858351206,0.0389788021141559,0.22998641082114796,0
-1.4560351247576615e-05,-0.013188628479508595,0.04011520474756809,0.22047375406123546,0
-1.9846221866428962e-05,-0.01397101858820873,0.04138296677860197,0.2106033242702426,0
-1.9699896831632543e-05,-0.014528817676136743,0.033628525008685434,0.20454764935728423,0
-1.3538913727322e-05,-0.014243735157821572,0.02483969953222262,0.2087316780657604,0
-6.705905611249981e-06,-0.01175371483973295,0.037375974025941824,0.23962767759352244,0
-2.753974943076071e-06,-0.011040769510566102,0.02719755186278952,0.25126199012045003,0
0.0,-0.01000000000000009,0.03933926684023236,0.2647487516262761,0
-1.6008755470839311e-06,-0.010519566163139005,0.033268409351510944,0.25800537087336306,0
-3.952813747454461e-06,-0.011134463026935172,0.03573305933177198,0.2485279463309554,0
-2.249029986691394e-06,-0.010580897804097395,0.041803916820493406,0.25527132708386846,0
0.0,-0.010000000000000012,0.04886959350433297,0.2619030939623689,0
-4.868804003175279e-06,-0.01164792179281186,0.028840466556959363,0.24236172138301706,0
0.0,-0.015581533357902822,0.0001025983019976328,0.19307196602481372,0
-8.301731379389166e-06,-0.01596524502095379,0.009094315731375466,0.18836811634131886,0
0.0,-0.016383712162683032,0.00011542308974731881,0.1834559037485945,0
-6.226744775714885e-06,-0.015165842291840374,0.00851290542424465,0.19804959151528773,0
0.0,-0.014029396506067939,7.694872649826076e-05,0.21230405591482834,0
-6.367842634066987e-06,-0.01324949981925173,0.016496457619799475,0.22191156102239004,0
-3.722312302508055e-06,-0.013645994258903331,0.008286703173148868,0.2171078084686092,0
-8.436597668501694e-06,-0.013984022064541997,0.01670983508314557,0.2124693890140759,0
-4.913445371624403e-06,-0.014388824048258734,0.008500080636494963,0.20766563646029504,0
0.0,-0.014795950799638795,8.977351424794678e-05,0.20268801096982103,0
-1.0361639532463741e-05,-0.013496122078374504,0.024626322068876525,0.21817385007407455,0
-7.375550293740247e-06,-0.012771734786209491,0.02348991943546434,0.22768650683398706,0
-2.874003592334502e-06,-0.011856845539211373,0.014707271863997024,0.24085382572412098,0
-1.0356490136477664e-06,-0.010828092045595901,0.013083070015258932,0.2560103662275941,0
0.0,-0.01000000000000012,0.01983317706159195,0.2686185893768014,0
-1.0881241306508746e-06,-0.010500396565259676,0.023515364462190734,0.2599402897486257,0
0.0,-0.010000000000000009,0.029586221950912157,0.26668367050153874,0
-5.009046638261195e-06,-0.01207533047091284,0.022595326557563113,0.23715763918485255,0
-4.426379702185025e-06,-0.01253964253176195,0.01560186474189825,0.2313826933732555,0
-3.0843538563478226e-06,-0.011453394076825257,0.02095241186339327,0.2460579079222855,0
-1.8576367718830154e-06,-0.01133235567073204,0.013895170939627978,0.24843209597585753,0
-1.8345470551996513e-06,-0.01094224307330737,0.020140310939024228,0.25363617817402206,0
-6.131689715406971e-07,-0.010405933024064251,0.01645812353842544,0.26231447780219774,0
0.0,-0.012564071776795919,5.129915099888874e-05,0.23153609948964127,0
-2.782223632125303e-06,-0.012911905292578803,0.008273878385399181,0.22672383025601567,0
0.0,-0.013284497876393875,6.412393874857475e-05,0.22192007770223482,0
-1.7763499068836756e-06,-0.012216287953075604,0.007379285507497956,0.2361949626068811,0
0.0,-0.011208179293141671,2.564957549951444e-05,0.25076809960386065,0
-1.1548490409044067e-06,-0.011536689274089003,0.00736646071974827,0.24581096266399083,0
0.0,-0.011870976977787323,3.847436324920159e-05,0.24115209954675096,0
-6.530184244918773e-07,-0.011025506635870114,0.0065543597953792235,0.25338923291572735,0
0.0,-0.01000000000000007,0.0,0.27,0
-2.420236289685936e-07,-0.010405476722664038,0.006541535007629466,0.26300518311379706,0
0.0,-0.010000000000000002,0.009916588530795975,0.2693092946884007,0
0.0,-0.010580650520645019,1.282478774975722e-05,0.2603840498019303,0
