"f:0","f:1",":0",":1",":2"
1.0842021724855024e-20,-0.027081343980446163,1.0,0.08730452116594878,0
0.0001487491877477453,-0.027290249001249,0.9826768183937469,0.08526460441710018,0
9.516415162402047e-20,-0.028091933353123585,1.0,0.0776889511857129,0
7.902817397882621e-20,-0.026074124840218118,1.0,0.09692009114618465,0
6.722008177744955e-05,-0.026682699361186467,0.9913384091968734,0.09109234778164241,0
8.17791620846308e-05,-0.027692227038611923,0.9913384091968734,0.08147677780140654,0
0.00036681668406987795,-0.02855993109186191,0.9640498343367426,0.07307264552025065,0
0.00021236299624525988,-0.029249276497887854,0.9832128581189855,0.06667494100369689,0
0.0003014070573517384,-0.028905910227601545,0.9736313462278641,0.06987379326197377,0
0.00017743162267595838,-0.028268530986625462,0.9829448382563661,0.07596977271039854,0
0.0002511288830461316,-0.027925091845335093,0.9733633263652448,0.07916862496867541,0
0.00023624495366660964,-0.02666582321606891,0.967219725352794,0.09107520538857836,0
0.0002945467472782182,-0.027611588519063247,0.9656347798447683,0.0820739254544145,0
0.00019790772016246865,-0.026979198788156036,0.9749482718732705,0.08816990490283927,0
0.00011157020053100626,-0.025081448071289765,0.9799756921229574,0.1063391886042458,0
0.0001678455928697958,-0.025872395843551776,0.9735977087378758,0.09870719699641207,0
0.00012909378168046912,-0.026183862724740135,0.9813262552583522,0.09580189651067299,0
6.263927279871436e-05,-0.025579914340011344,0.9899878460614787,0.10162963987521523,0
4.4156886331550776e-20,-0.02407219371989477,1.0,0.11615122454422847,0
3.3881317890171983e-21,-0.025070848910909566,1.0,0.10653565784520655,0
5.1647034284211065e-05,-0.02457839186106998,0.9899878460614787,0.11124520657423713,0
9.619521482841127e-05,-0.028671031318685748,0.9916064290594928,0.0721819460947049,0
1.1290949186899844e-19,-0.030121469340322622,1.0,0.05845780387597725,0
4.065758146820629e-21,-0.02910542768142891,1.0,0.06807337753084508,0
0.00011796768311973839,-0.029686137917536513,0.9916064290594928,0.06256637243983706,0
0.0005441062057654763,-0.028979507374488032,0.9421707920041418,0.0688720131905227,0
0.0006860316450690091,-0.030838781147467173,0.9535705554128263,0.05146743931461181,0
0.0006144462442664201,-0.02990957198736319,0.9478706737084841,0.06016972625256726,0
0.0005072906274008827,-0.029697897506488193,0.9588101948747845,0.06227004241743123,0
0.000464240746074993,-0.02877034736087342,0.9531103131704421,0.07097232935538668,0
0.0003417842380063903,-0.02694722509624123,0.950353262244794,0.08817949417345508,0
0.0004333482733920667,-0.027961825341582487,0.9462620271244679,0.07852575368198889,0
0.00035928075951930516,-0.027754489692906944,0.9572015482907683,0.08062606984685286,0
0.0002919790661147917,-0.026807179939296957,0.958786493798794,0.08962734978101672,0
0.0002079007304290241,-0.02510374609163854,0.9597423916758996,0.10585227521468366,0
0.00013078257700130288,-0.023408200325490586,0.9661342558725694,0.12222158881303345,0
0.00012533403212105343,-0.02424583296878477,0.9730549739977634,0.11428038870863963,0
0.00016565108419300324,-0.02425381504892797,0.9629383237742345,0.11403693201385856,0
0.00016285548021871454,-0.025094719559069428,0.9698590418994285,0.10609573190946472,0
0.00022285473289657327,-0.025884774776271494,0.9634810585143467,0.098463740301631,0
0.0002686188901650921,-0.0260234586914582,0.9550478269603468,0.09701588469406937,0
0.0004523240055513151,-0.030404010596489044,0.9701509586271305,0.055690497281268465,0
0.0003099188252314816,-0.03113667890668201,0.9833456967521882,0.048842225233968445,0
0.00039159224555352143,-0.030770762795136183,0.9767483276896594,0.05226636125761845,0
0.00032419234452092454,-0.02982655054845916,0.976681908373058,0.061182719142482675,0
0.0004083116038961742,-0.02948157033093867,0.9671003964819366,0.06438157140075956,0
0.0005744469224461002,-0.030621763626364838,0.9618607570199784,0.053578968297940135,0
0.00014204545538591128,-0.030629547236133557,0.9916728483760942,0.05365001455497285,0
1.4948013936670248e-19,-0.03216023095965663,1.0,0.03922664659196018,0
-1.3552527156068757e-21,-0.031139795383529355,1.0,0.048842225233968715,0
0.0001760005627579595,-0.031648988801781595,0.9916728483760942,0.04403443591296431,0
0.0002560634760706802,-0.030192065400348793,0.9832792774355869,0.05775858311883267,0
5.957883953590975e-05,-0.022954502388026828,0.9840566575193819,0.12688934201790772,0
9.514094169996031e-05,-0.023183059028409926,0.9750954566959756,0.12455546541547058,0
8.207383192745265e-05,-0.024014745550266985,0.9820161748211697,0.11661426531107676,0
3.360249575551258e-05,-0.023514824420087996,0.9920283287596909,0.12152028328106809,0
2.0307614910421852e-20,-0.022092121117029268,1.0,0.13538235180478814,0
6.018531076210112e-36,-0.023078956798842653,1.0,0.12576678817450831,0
2.7727125571697392e-05,-0.022524674506926974,0.9920283287596909,0.13113584691134794,0
0.000877230501014441,-0.03130520645168979,0.9339410798502412,0.04689964546619023,0
0.0006018964464635401,-0.029097939900451883,0.9223278260178196,0.06750392583942161,0
0.0007291813828629965,-0.030202428776191788,0.9281344529340304,0.05720178565280592,0
0.000583744926250932,-0.029038943187023287,0.9322493090109807,0.06818796951497216,0
0.000694680429288969,-0.030141243563680475,0.9380559359271915,0.05788582932835647,0
0.0007951480558722595,-0.031072136011479862,0.9437558176315337,0.04918354239040102,0
0.0011347496938203115,-0.033053757237058896,0.9468131033619613,0.030574106303347982,0
0.0007211132798933519,-0.03245772962129271,0.9684681674309173,0.03632939239529968,0
0.0007162398747622611,-0.03164852437882463,0.9610193614218718,0.04389841585495574,0
0.0009476432586009009,-0.03275622961724592,0.9576406353964393,0.03345174934932383,0
0.0008859995749735791,-0.031945598032182936,0.9501918293873939,0.041020772808979894,0
0.0010025098776040467,-0.032179826948622495,0.9403770916061013,0.03873687588476911,0
0.00041196995927336,-0.027092618477047862,0.9310186573979552,0.08648839836119507,0
0.0003833568132324457,-0.027020449820556923,0.9406859598213746,0.08733394626732507,0
0.0004756845509622967,-0.028037023045094263,0.9365947247010484,0.07768020577585888,0
0.0005004188237533816,-0.028093966588008938,0.9266732417078873,0.07699616210030834,0
0.0005698566141733637,-0.031430059915048235,0.9693095630290239,0.04600994483828407,0
0.0005002316802181178,-0.031797263400796576,0.9759069320915528,0.04258580881463406,0
0.0003873685374083735,-0.0327840181187026,0.9854964580201422,0.03333633644514937,0
0.00034628978578316234,-0.03195975151784838,0.9844210773861652,0.04108928083955891,0
0.0005728785164525983,-0.03262148307118279,0.9769823127255297,0.03483286442022453,0
0.0002766209944132531,-0.025207641398547503,0.9397907484058009,0.10446233454519427,0
0.00030925977975883166,-0.02607843028031016,0.9450720053252974,0.09632091435932467,0
0.00033921155769797213,-0.026148206546609834,0.935404702901878,0.09547536645319467,0
0.00024659203019456713,-0.025156939255036086,0.9497665700408502,0.10515730487993896,0
0.0001802761185058598,-0.02336823540638107,0.9481661395507572,0.1221688300398329,0
0.00011626122963228295,-0.021672429007866843,0.9560249327366095,0.138712307216471,0
8.478458385487664e-05,-0.02194372161823363,0.9715050098680513,0.13651095794773999,0
4.031063797271603e-05,-0.02105050332106331,0.9843801092218167,0.14549719479116877,0
6.131646420612228e-05,-0.021497050330776635,0.977942559544934,0.1410040763694544,0
7.428992888797953e-05,-0.022450538023127423,0.9777808336937166,0.13170014998282387,0
4.904488586266709e-05,-0.021999006772674124,0.9842183833705993,0.13619326840453824,0
2.2567915342805336e-05,-0.02157333312889011,0.9921900546109084,0.14043977329797847,0
1.799945012915393e-20,-0.020142408129642235,1.0,0.15461347337086456,0
3.896351557369784e-21,-0.02111283532603213,1.0,0.14499791258782635,0
1.8607183484871956e-05,-0.020598061703592047,0.9921900546109084,0.15005533408101668,0
0.0002243806501502425,-0.02428527827423229,0.943978443978279,0.1133155822925136,0
0.00019548402929066663,-0.024237282168693725,0.9539542656133284,0.11401055262725829,0
0.00015796348078755393,-0.02339014144558414,0.9571501977116633,0.12219520942643318,0
0.00014551748603913294,-0.02251715056164083,0.9520955361436834,0.13044056862815195,0
0.00012456433637443408,-0.022541041288638375,0.9610795943045894,0.13046694801475223,0
0.00010204627827750066,-0.02181054696695416,0.9637649713023304,0.1376116325821055,0
0.00010576728898630962,-0.022673847588912232,0.9688196328703104,0.12936627338038673,0
0.00018388918856418945,-0.032472614328880565,0.9927482290100711,0.036281491518554775,0
3.1983964088322373e-19,-0.03420742424064869,1.0,0.01999545961945472,0
0.0002327313801111784,-0.033495719260428033,0.9927482290100711,0.026665898032302043,0
1.0842021724855084e-20,-0.03318274037407274,1.0,0.029611053105707448,0
0.0008126776770674873,-0.030895577373444345,0.9134744984259575,0.050540519157513376,0
0.0012977455673806961,-0.03342841254310044,0.9244159041424093,0.026876981120968726,0
0.0010290021647388586,-0.032162815250914176,0.9189452012841834,0.03870875013924105,0
0.0010755282124726964,-0.03236631287835185,0.9291784919963253,0.03688831329357948,0
0.0008593242754797875,-0.031100701296049332,0.9237077891380994,0.048720082311851806,0
0.0007030535972912223,-0.029996062129375035,0.9179011622218886,0.05902222249846749,0
0.0005645598233804189,-0.029110541071800597,0.902294927449795,0.06712452103355168,0
0.0004240583182175565,-0.02720289649269721,0.9110670137793677,0.08509846045089405,0
0.0004917741471486938,-0.028155814104547497,0.9066809706145813,0.07611149074222287,0
0.0005932521144279806,-0.029104076409595198,0.9123113767338074,0.06731422343648664,0
0.0006801167666925005,-0.030004013506259197,0.9078847129378762,0.058832520095532526,0
0.0012469513054022235,-0.03324105972720769,0.9356145037521852,0.028725543712158352,0
0.001817670966366739,-0.03533931404331084,0.9416185537151956,0.009058875050586144,0
0.001545134386274291,-0.03438416201365425,0.9330172289288025,0.017967928085777435,0
0.0014426905543046336,-0.034196428215568356,0.9442158285385784,0.019816490676967065,0
0.0013745486094972699,-0.03474906609769978,0.9606733073709793,0.014747295159296667,0
0.0007426673842405071,-0.03434960430438738,0.9801732742382755,0.01861490472863327,0
0.001084668895542346,-0.03455005048165798,0.9704232908046274,0.016681099943964967,0
0.0007470690784346926,-0.03340312048934128,0.9743207208345964,0.027472148561966475,0
0.0010035672287162863,-0.03360295944359803,0.9645707374009483,0.025538343777298172,0
0.0012586506600615497,-0.03390129558755842,0.9537432053664703,0.022660700731322325,0
0.0016303501224401616,-0.03504430880955647,0.9511459305430875,0.011903085104941405,0
0.0005073664710190888,-0.028151759091583305,0.9166974198985937,0.07630119314515782,0
0.0004255870521563906,-0.027147714262997613,0.9210428355886615,0.08579342940604456,0
0.00030651181688330013,-0.025304986237122445,0.9198391050763003,0.1030723961609433,0
0.0003621856410179988,-0.026252381203887454,0.9154530594278341,0.09408542830591868,0
0.0003570498808075851,-0.0262004337832237,0.9254288812371277,0.09478039726106918,0
0.0002968336424831412,-0.02525669579201473,0.9298149267410506,0.10376736535306878,0
0.00021371305093534102,-0.02342308925043013,0.9286112000448914,0.12104633099839215,0
0.00020038128527343591,-0.023396779669442563,0.9383886697978243,0.12160758051911252,0
0.0002445250497944688,-0.024317348565734826,0.9342009742253461,0.11275433277179321,0
0.00025708288881447835,-0.024361558336417198,0.9242251525605958,0.11205936357966773,0
0.0005422739376829322,-0.033566421653238074,0.9828348661292088,0.025975620586891318,0
0.0003813814557258857,-0.034279740778107734,0.9900866371191377,0.019305182174043995,0
0.0001448634605395589,-0.02159878439159716,0.9370988440191796,0.13869271297343755,0
9.259692768962747e-05,-0.019744171525771854,0.9461554021093898,0.1569941823738919,0
6.585809331954457e-05,-0.019959439683053293,0.9667961375358148,0.1558216583064191,0
7.503705621209999e-05,-0.02094892458425018,0.969150573701933,0.14616630812707954,0
5.5521068407273206e-05,-0.020509359528980937,0.9755881233788157,0.15065942654879394,0
2.83728834323657e-05,-0.019165485485098284,0.9839134937526778,0.16422903067050926,0
3.385882641732028e-05,-0.020103263366403785,0.9841468014872472,0.15486311273083903,0
4.6329272364286774e-05,-0.019563882301472643,0.9753548156442463,0.16002534448846417,0
0.00016273381309916813,-0.022485707215019298,0.9426324917849684,0.13043077150663523,0
0.0001327615052937862,-0.02163799293547026,0.9465618883778946,0.13870251009495427,0
0.00011652306997297576,-0.020666006363413442,0.9416271230642848,0.14784344767366472,0
0.00010456986107907043,-0.020709699126556215,0.9510901674229997,0.14785324479518144,0
8.099212954181416e-05,-0.019857034815384457,0.9564757698226023,0.1564079203401555,0
8.8649415621003e-05,-0.020811305692840943,0.9614105351362121,0.14726698276144504,0
0.0001767423321708503,-0.02250740898983024,0.9328550220320355,0.12986952198591484,0
1.5846217731069052e-05,-0.019657070871235603,0.9919567468763388,0.1594212520206869,0
1.1726112363551684e-20,-0.018234504432799357,1.0,0.17384458797015695,0
-1.0164395367051628e-21,-0.019182379608632248,1.0,0.16422903067051076,0
1.3002623531192065e-05,-0.01870222279668394,0.9919567468763388,0.1690368093203331,0
0.0010495151579786217,-0.032757870176692974,0.9034872067877516,0.033002101282333385,0
0.0011857584208068885,-0.03309327154633624,0.9139515554650804,0.029939541201651057,0
0.0009301100846363874,-0.031826273643699755,0.9084808526068546,0.04177131021992338,0
0.0007167451837120782,-0.031002532753562493,0.8935091770503872,0.04934678244541885,0
0.0004634444969018087,-0.029234927295958273,0.8823432761511978,0.06573457761502673,0
0.00037741947812821913,-0.02731613719066988,0.8911153624199156,0.0837085405908771,0
0.0004208924471459321,-0.028275092373623113,0.8867293192855568,0.07472155910295192,0
0.00046415895580288177,-0.028214737710968166,0.8967051449348553,0.07541653081221439,0
0.0004077550351006962,-0.027258826508436713,0.9010911880996417,0.08440350052088558,0
0.00029344211237122917,-0.02540291649014672,0.8998874617273254,0.10168245694139255,0
0.0003345614493178238,-0.026358544135380288,0.8955014120736204,0.09269549876613482,0
0.00035455850497202463,-0.026304831980715353,0.9054772377533465,0.09339045869614329,0
0.0003053486857002554,-0.02535342475700561,0.9098632834018128,0.10237742655116792,0
0.0002192229042446375,-0.023500748480603267,0.9086595441429525,0.11965644520451678,0
0.00015780826888766008,-0.02161794277685279,0.9174316457693187,0.13763036273218868,0
0.00018685632184624527,-0.022556276542956298,0.9130455949561356,0.12864340396835272,0
0.00018469367116274267,-0.022523734475277543,0.923021422907105,0.12933834686529042,0
0.0002203546198508176,-0.02346180429928575,0.918635372093922,0.12035138810145446,0
0.00026055920336759777,-0.024405420526137193,0.9142493246096264,0.11136442068273003,0
0.000254834902825758,-0.024450006478888706,0.904273502935139,0.11066945107295467,0
0.0006398737422515157,-0.030056077901505242,0.8979020522500911,0.058235651739485264,0
0.0005225535351722053,-0.029172017400714106,0.8923191018004963,0.06642954932428921,0
0.0005801879272264504,-0.030119703829987212,0.8879262266007926,0.05754068003022279,0
0.0007770405901782941,-0.03094867136202107,0.9034918377381724,0.049943650801466115,0
0.0008705471836680692,-0.03188086605862722,0.8984981919190694,0.041174441863876116,0
0.0020264978712401694,-0.03604031804272775,0.9228986389716987,0.002339116898775771,0
0.0019564455739234186,-0.035689531356451205,0.9322585963434471,0.005698995974680958,0
0.0016270294512857621,-0.034734601658515975,0.9236572715570539,0.014608049009872249,0
0.0014806312451666058,-0.034683046110314815,0.9075450832570076,0.014982811696400209,0
0.0017420450011024012,-0.03536192247591758,0.9152218611143531,0.00866096429758799,0
0.0014080242565587427,-0.034055285267480494,0.9159804936997085,0.020929896408684468,0
0.0012478022612341828,-0.03372083569456728,0.9055161450223796,0.023992456489366796,0
0.00015396118365641265,-0.021609165670793042,0.9272652448942491,0.1381615378528131,0
0.00010933213632178977,-0.0197663576523256,0.9262037520803186,0.15560426671428665,0
7.24607923287835e-05,-0.017961890553879808,0.9349758573934073,0.17357818038393466,0
5.762225396866002e-05,-0.01802012324514956,0.9544993190291033,0.17445829185238526,0
7.355308410795655e-05,-0.018875550618389553,0.9503273605692466,0.16572623711313858,0
6.613639711086756e-05,-0.017995375740837337,0.9447375882112553,0.17401823611815997,0
8.265200982705985e-05,-0.018857106841203463,0.9405656297513985,0.16528618137891327,0
0.000102720380457773,-0.019757380883425647,0.9361795770948542,0.1562992245440893,0
8.95594030403646e-05,-0.018857082855155596,0.9305898047368629,0.16459122354911065,0
0.00012668543888091384,-0.02068624589740097,0.9316512980497491,0.14714848984386208,0
0.000132015725872659,-0.02068734740324984,0.9218176989248186,0.14661731472323766,0
6.267182824404817e-05,-0.01899183153057381,0.960647728282459,0.16513997507940217,0
4.075901084191217e-05,-0.018193004354215468,0.9708097803925442,0.1736146833334698,0
1.9237887524388498e-05,-0.017282956751398213,0.9836280910367433,0.1833995341460622,0
2.928965001953752e-05,-0.01773751113221884,0.9772189357146437,0.178507108739766,0
3.565117697124013e-05,-0.018682192122157205,0.977361637072611,0.16892185700198953,0
2.3442745591753376e-05,-0.01821741335026731,0.9837707923947105,0.17381428240828573,0
1.0806816199763646e-05,-0.01776317143810931,0.9918140455183717,0.17862206105810957,0
7.623296525288703e-21,-0.016383526847357145,1.0,0.1930756942133098,0
2.6258021364883308e-21,-0.01730079891855293,1.0,0.18346014109173336,0
8.75561999624408e-06,-0.016836465260328743,0.9918140455183717,0.18823761417968599,0
4.989600582144928e-05,-0.018111214374105913,0.9626545497108238,0.17403648759292753,0
5.202394857482418e-05,-0.019070626698574608,0.9688029589641796,0.16471817081994444,0
0.0008362043102131577,-0.032707678906210826,0.8844837526205885,0.03333810729280088,0
0.0005371199784149002,-0.031152326122413157,0.8735689066980967,0.04779333565782133,0
0.0006758324065838447,-0.0319305513711137,0.8790263296593426,0.04056572147531111,0
0.0007794985411077489,-0.031854879124132957,0.8889964648354879,0.041342444869109866,0
0.0006366523898651317,-0.031076741197711037,0.8835390418742419,0.048570059051620096,0
0.0005029525514609262,-0.030193513239059725,0.8779560914246473,0.05676395663642403,0
0.0003023892123570997,-0.029365818511360005,0.8623912414564648,0.06435007679957382,0
0.0002795418287264562,-0.02743698207494002,0.8711636163250648,0.08231978416263128,0
0.0003892841925737641,-0.029299334961525897,0.8723672588038314,0.06504232720730027,0
0.0002940532092038166,-0.028401482297545334,0.8667774288907648,0.07333493048110254,0
0.0003635729895870838,-0.028337269254777853,0.8767534462381312,0.07402718088882901,0
0.00033419767972135716,-0.027375337363478303,0.8811394893724902,0.08301416237675419,0
0.0002394930936487917,-0.02550842998982227,0.8799357773063554,0.10029267420943334,0
0.0002608134551233442,-0.0264724391268304,0.8755496968157102,0.09130622918603232,0
0.0003029547858039884,-0.026414219542053176,0.8855255698631355,0.09200060740015523,0
0.000271238265268045,-0.025454318265157233,0.8899116195168404,0.10098756557541294,0
0.00019394164786802712,-0.023584255127256044,0.8887078657170533,0.11826665278113947,0
0.00021686944889163305,-0.024545442238202174,0.8843218215117044,0.10927966349528641,0
0.00024010887686743202,-0.02449635043261203,0.8942976637221893,0.109974554861266,0
0.0002103273077065538,-0.023541162388562718,0.8986837049300029,0.11896154899282813,0
0.00014992238781941445,-0.021671294366854832,0.8974799867242585,0.1362405016313935,0
0.00011100503819853315,-0.019780383514750803,0.9062521016703938,0.15421437252546447,0
0.00012970423598148003,-0.020722201907719725,0.9018660441973262,0.145227437078429,0
0.0001332221513795268,-0.020704122999818893,0.9118418737198563,0.14592236762882657,0
0.0001566530927674023,-0.02164360862715163,0.9074558162467886,0.1369354321817911,0
0.0001824055051825824,-0.022589818187507892,0.9030697654336055,0.12794847341795515,0
0.0001714509465499061,-0.022625810681543897,0.8930939262206559,0.12725357720626648,0
0.0009533767752556675,-0.03273243746902207,0.8939854797041701,0.03317010428756713,0
0.0011686045980230284,-0.03401367131723732,0.8941394163156463,0.02117424820090503,0
0.0009929204004462437,-0.033361001826281975,0.8893115844681174,0.027256177746852954,0
0.0011140316433776625,-0.033385552434390287,0.898813311551699,0.027088174741619207,0
0.0013240146234101773,-0.03434841051217856,0.9008422497863269,0.018078529948652618,0
0.0013866273352175517,-0.03552343618235301,0.8898221012280118,0.007003555821339121,0
0.0019845060037277295,-0.03677150025052508,0.904271180548075,-0.004635560712563343,0
0.0017217750862265247,-0.03572746129442241,0.9059081319025413,0.0051736254919184325,0
0.0020379124190087776,-0.03640544925006075,0.9135849097598868,-0.001148221906893786,0
0.00040905994505225084,-0.03025994141336409,0.8679800740772807,0.056071706228697574,0
0.00011214656971957523,-0.019773249608275256,0.9162279268753561,0.15490931961987556,0
7.849256228857774e-05,-0.01792794167696291,0.9150242085955327,0.17218827814490742,0
5.241059495812772e-05,-0.016136878154370902,0.9237963161384694,0.19016218780495492,0
6.467418645695877e-05,-0.01702305431888398,0.9194102623670011,0.18117523297493116,0
6.231223332134702e-05,-0.017056124727586868,0.9293860867659383,0.18187018409444478,0
7.68128958520241e-05,-0.017946550613395028,0.92500003299447,0.17288322926442104,0
9.337828167549938e-05,-0.01885320994986525,0.9206139803379256,0.16389627242959703,0
9.392619370077068e-05,-0.018848075920892757,0.9106381551329632,0.16320132533518594,0
0.0016711538210899695,-0.03614768661493478,0.8970466408880433,0.001183997554387889,0
0.0014558287030228905,-0.03510277475968844,0.8986835922425096,0.010993183758869665,0
0.0012767137297513545,-0.03476860880133431,0.891980758771829,0.014088902011122074,0
4.5312363735713975e-05,-0.01622414743141381,0.9437479671273894,0.19155208401352386,0
5.174128137349786e-05,-0.01712540039693137,0.9491236430782464,0.18300518793295456,0
5.779183775843015e-05,-0.01708334200643791,0.9393619122603983,0.18256513219872927,0
4.9723157493622e-05,-0.016185033022902733,0.9337721416329294,0.1908571359092394,0
3.1249290461165596e-05,-0.016304700156529066,0.9651998615731614,0.19262651731247218,0
1.2388646725981608e-05,-0.015461522258949706,0.9835801166679715,0.20260627533573547,0
2.123999513043024e-05,-0.015885625042756615,0.9743899891205665,0.19761639632410383,0
1.5534284450974355e-05,-0.016363006263068323,0.9836041038523574,0.19300290474089882,0
2.647046333604119e-05,-0.01680266421432716,0.9744139763049524,0.1880130257292672,0
3.601539337851518e-05,-0.017244505676777884,0.9680048209828528,0.183120600322971,0
4.308363494469954e-05,-0.01715303854721762,0.9598495903011324,0.1835424045824287,0
3.9049887678360984e-05,-0.016273258220646254,0.9544739143502754,0.192089300662998,0
7.042883938007078e-06,-0.015928411880955378,0.9917900583339858,0.19784098477452264,0
7.056843241812384e-21,-0.014608594419415484,1.0,0.21230679177867562,0
-1.4399560103323119e-21,-0.015485198606929098,1.0,0.20269124299599273,0
5.564032401670852e-06,-0.015039434122440028,0.9917900583339858,0.20745653355720556,0
0.0005611699088471006,-0.03290400307291903,0.8646672615412357,0.031400447684731,0
0.0007088811725080473,-0.032805210291781794,0.8745755070809121,0.03236927748876594,0
0.0005550152579274492,-0.03202816306121828,0.8691180841196662,0.03959689167127617,0
0.0002909151831679521,-0.031293611421309035,0.8536190743741542,0.04637704510350065,0
0.0004143305387561517,-0.03209926373592273,0.859143167957695,0.038888746394115825,0
0.00042054100916714846,-0.03122211451563333,0.8635939905361254,0.04708519038066099,0
0.00030223856159587774,-0.030329966039101718,0.8580051579153095,0.05536356095153723,0
0.00010031230175252376,-0.029506719559886433,0.8424398244750111,0.06295664316480908,0
0.00018510610417113113,-0.030400789477463108,0.8480294494245826,0.05466684413415486,0
0.0002052264650935674,-0.029435066684164596,0.8524155329657379,0.06365335998219145,0
0.00014285395612621953,-0.027569158844176905,0.8512118721380759,0.08093026663776798,0
0.00015165729323318326,-0.02562733912260511,0.8599840036586796,0.0989033559250165,0
0.00015047412718549136,-0.02659872662394467,0.8555979378983778,0.08991681128139224,0
0.00020947446800323078,-0.026533814305419325,0.8655738099918722,0.09061157004382389,0
0.0002151392833990983,-0.027501508443395113,0.8611877442315703,0.08162502540019963,0
0.00021442136172639188,-0.02846852210429238,0.8568015567972704,0.0726401717186709,0
0.00012687610715537149,-0.028538522101748124,0.8468258483065435,0.07194345490128853,0
0.0009263517894825678,-0.034350544548790274,0.8763267500182729,0.017927182894212322,0
0.0007309605248070105,-0.033627600855961545,0.8704970057797543,0.02466381528947166,0
0.000886292912056896,-0.033529060758116166,0.8804052513194307,0.0256326450935066,0
0.0010604751088227292,-0.03418167109089337,0.8852330831669596,0.019550715547558675,0
0.001145098217444625,-0.034937179420607374,0.8830744256231423,0.012465369357775721,0
0.0010603010952506722,-0.03611680755789328,0.8712235480260532,0.0013708716067321073,0
0.0016956727081328868,-0.037452121920795396,0.8854631237191193,-0.011101876635419538,0
0.001359656362969312,-0.03678466692401992,0.8783433358725863,-0.004865502514343716,0
0.0012419432929608861,-0.03581966009352288,0.8805228246270325,0.004187213714035614,0
0.001540844846857741,-0.03648792306099646,0.8876426124735655,-0.002049160407040209,0
0.0018676613608737415,-0.03711134245872303,0.8948671521335971,-0.007868718673991441,0
0.00019922182954750032,-0.025565912063567266,0.8699598904825174,0.09959801506722493,0
0.00014095253625092676,-0.023682732737225765,0.8687560789555463,0.11687728053245476,0
0.00018585734073974926,-0.024598139486455936,0.8743459281309509,0.10858497737094405,0
0.00014803184039380014,-0.024655198072835588,0.8643700413071129,0.10789031822873563,0
0.00017057625136114793,-0.023631115042474615,0.8787319723362998,0.11757196665679712,0
0.00012061657583389057,-0.021739376415268224,0.8775282758168654,0.13485085874151645,0
0.0001315220986814812,-0.022710530515262853,0.8731421773862058,0.1258640696369856,0
0.00015431667285117638,-0.022665633710532904,0.8831180707669594,0.12655875576132797,0
0.00013779187447420988,-0.021702683870706944,0.887504131270562,0.13554568018645496,0
9.693898883302712e-05,-0.019805036411456846,0.8863004491434041,0.1528245034180356,0
7.353193715162968e-05,-0.017893711014053848,0.8950725649616444,0.1707983779746138,0
5.2357036976424134e-05,-0.016039337209928377,0.903977365480346,0.18868709112161544,0
5.331602159971643e-05,-0.016088637901896827,0.9138868408094076,0.1894246394632852,0
6.483846734615783e-05,-0.016992840553029024,0.9095007870379394,0.18043768463326143,0
6.263412423167926e-05,-0.016958805402982464,0.8995249652209952,0.17974273454811462,0
7.73993664590124e-05,-0.017909198199958655,0.9050483867785886,0.1714933280597606,0
9.113546275710325e-05,-0.01884447376119794,0.9006623333160191,0.16250637525003914,0
0.00010589459765270026,-0.019790171080294676,0.8962762754068989,0.15351943797175005,0
0.00012152829932986561,-0.020743631971402724,0.8918902179338313,0.14453250252471456,0
0.00010891717931807004,-0.020770378419606526,0.8819143624801348,0.14383768107977601,0
8.505565655286e-05,-0.018845298541257348,0.8906865070525243,0.1618114406963247,0
0.0009959431131881303,-0.03523382337282805,0.873775149022163,0.009649027250472215,0
3.3573891552260145e-05,-0.01422388185241345,0.9127785917965815,0.20695576949172773,0
4.2558104144276293e-05,-0.015118770269739453,0.9083779786384638,0.1978214303066716,0
4.276201677505093e-05,-0.015190909740781803,0.9182874539675254,0.19855897864834132,0
3.272942962279874e-05,-0.014492649895861114,0.9326078923399106,0.2075695979527216,0
2.6449966496082338e-05,-0.014521305014588563,0.9506329455200295,0.20985319234585215,0
1.6513122244261666e-05,-0.014182042439494927,0.9675633227565432,0.2154468662846125,0
2.148844564987257e-05,-0.014355972211116985,0.9590981341382864,0.2126500293152323,0
2.3067925048657355e-05,-0.015227516364754912,0.9663815921648523,0.20403669179854234,0
1.53185873804413e-05,-0.014829035141700062,0.9755717197122573,0.20902657081017398,0
7.448395448434956e-06,-0.013714882683300613,0.98334565474628,0.22192233450601032,0
3.642241673193489e-21,-0.01293278791930436,1.0,0.23153787723335245,0
3.2573999126006514e-06,-0.013329950349598673,0.99167282737314,0.2267301058696814,0
4.3560717803653035e-06,-0.014169512645265133,0.99167282737314,0.21711456314234295,0
3.599890025830771e-22,-0.013756717936741516,1.0,0.22192233450601404,0
4.191883973146626e-05,-0.015302214372421847,0.9282021042391899,0.19886589287883827,0
3.9158776679237146e-05,-0.015364916062334356,0.93817792973365,0.1995608409831227,0
2.9987701145462364e-05,-0.014512729648516447,0.9416204189299701,0.20871139514928688,0
3.502935946946999e-05,-0.015360676092710206,0.9471904563237095,0.200702638179688,0
2.9609322646056127e-05,-0.015419549228559431,0.9579164035465955,0.20123985482916218,0
3.3778052374321704e-05,-0.014363997062931302,0.9226932420682461,0.20726268372222467,0
9.73928352805369e-06,-0.01457597096696652,0.9834628857071257,0.2122643049208729,0
1.1781156467234485e-05,-0.01395348946684134,0.9754544887514116,0.2186846003953114,0
0.0002180891883507003,-0.033122271384931366,0.8447839463440938,0.02930766839062621,0
5.0010957269353635e-06,-0.031439702851131984,0.8336677486009361,0.04498212211421006,0
9.950746647215476e-05,-0.03228129284279857,0.8392258474725149,0.03714489525241813,0
0.0002629698110050705,-0.03220820031751901,0.849201510359124,0.03784235674706343,0
0.0001513025967954687,-0.03136574670750003,0.8436434114875451,0.04567958360885535,0
6.063171583274486e-05,-0.030473787549384457,0.8380537865379736,0.05396938263950957,0
-0.00012210645961561277,-0.02965706638940046,0.8224882605342704,0.061565278590752684,0
-6.824126752018518e-05,-0.030548684044294238,0.8280780045676033,0.05327370035248137,0
-9.708318686428415e-06,-0.02958069987880059,0.8324640425046408,0.06226096087778088,0
-1.7213256180463988e-05,-0.027714344066396508,0.8312598079294838,0.07954083988820222,0
4.0419087043880655e-05,-0.025763303536129593,0.8400318580448645,0.09751507381741775,0
1.6415008447744892e-05,-0.02673995107067511,0.8356458329871741,0.08852795685280998,0
6.469484103298977e-05,-0.027640090507546823,0.8412358400337798,0.0802355532629851,0
8.550967052971992e-05,-0.026667358739993673,0.8456218650914702,0.08922267022759287,0
9.820575196046212e-05,-0.025693045862271738,0.8500079308517721,0.09820921487121713,0
6.667731022686573e-05,-0.023802939315166406,0.8488038468030586,0.11548957536627787,0
0.0001059681230583057,-0.023739794581084907,0.8587799628793025,0.11618342794936631,0
0.0001045299365723226,-0.024717092644028625,0.8543939252308691,0.1071964656456472,0
5.6644394163453594e-05,-0.024784300289136897,0.8444178524239616,0.1065023245918478,0
0.00039654590280267126,-0.03301243960973083,0.8547256039426647,0.030354058037678606,0
0.0005186496391147382,-0.0349100987079717,0.854661400844286,0.012622352153079025,0
0.000676273975840204,-0.03677308470811136,0.8550130600931742,-0.004814062667863286,0
0.0005937359671781852,-0.035841938648118125,0.8548372304687302,0.0039041447426078693,0
0.0008821354494618589,-0.0364446203709487,0.8631183040596138,-0.0017215955305655895,0
0.001184249905576288,-0.037998132611536575,0.8662635937213529,-0.016274263542651334,0
0.00112750228300755,-0.037057622795086384,0.868743570873703,-0.007451695967959613,0
0.0014607979731564177,-0.03772471922683436,0.875863358720236,-0.013688070089035435,0
0.0003534463876660813,-0.0340165852232274,0.8497226735941898,0.020965010271852616,0
0.000551745759537317,-0.033907179083299474,0.8596643311927609,0.022011399918905012,0
0.0007395977471828912,-0.03462962349671029,0.8654940754312794,0.015274767523645674,0
0.0007738715571120112,-0.03551349336499026,0.8629424744351696,0.006996611879905567,0
3.3728662101107935e-05,-0.02861114239374258,0.8368498162022475,0.07124874152650565,0
-6.258373271418926e-05,-0.02868668729888893,0.8268740342318771,0.07055305923947745,0
0.0009157179135121973,-0.037385724665843424,0.8606383269072635,-0.01054416310525731,0
7.333047401488769e-05,-0.02183389254738876,0.8575763559082069,0.13346208066791804,0
9.891083750310765e-05,-0.021782722837728974,0.8675523158625362,0.13415646970471723,0
0.00010375856344647748,-0.0227615361785567,0.8631662174318766,0.1251696806001864,0
7.186553190872017e-05,-0.022819424123476935,0.8531901013556328,0.12447582801709794,0
6.880368940721423e-05,-0.019873274904284723,0.8663575911804904,0.15130740230111803,0
5.7938998200895e-05,-0.017886408008942586,0.8751209279475964,0.16940846774224114,0
6.386156162922624e-05,-0.018878746921986184,0.8707392595640434,0.16035793502167958,0
8.45015964989198e-05,-0.01983437205926956,0.8763290201619472,0.1520659528595768,0
7.584670678873243e-05,-0.01885342958157418,0.8807106885455003,0.16111648558013836,0
6.698641034073153e-05,-0.01788497419813888,0.8850967464546204,0.17010342285842747,0
4.518399479735868e-05,-0.015988310660945762,0.8840090718701311,0.18691457123079902,0
5.8415166750843394e-05,-0.01695146523379957,0.8895408184158877,0.17885647460270643,0
4.96855255522337e-05,-0.016009101228990397,0.8939932186752386,0.18780083117620722,0
3.088329697980942e-05,-0.014074959425065613,0.8930195623972824,0.20505291469138537,0
1.5072897010223228e-05,-0.012028666619898442,0.9018503396878358,0.2254070764646025,0
2.2792306679188573e-05,-0.013031158428409267,0.8974349510425591,0.21522999557799394,0
3.28022668075741e-05,-0.014147489046322268,0.902899077096932,0.20600434209155655,0
2.4086704619193382e-05,-0.013143639020408854,0.9073144657422086,0.21618142297816512,0
1.9657075008292578e-05,-0.012755172405173076,0.9237137599122878,0.2234787841560293,0
2.6284494204943954e-05,-0.013471248186407188,0.9182461758544347,0.2152172768238785,0
1.7851204733611692e-05,-0.012406311737549695,0.9127820498000618,0.2244429303103159,0
9.236374084618503e-05,-0.020811346387814546,0.8719429334986779,0.14307913052131724,0
7.209540015030911e-05,-0.020853922467678285,0.8619669735443487,0.14238474148451802,0
5.178758057187592e-05,-0.016933098709918083,0.8795649999088637,0.1781615194865201,0
3.8055856413711385e-05,-0.015021780174986045,0.8885143171337068,0.1959837429610922,0
4.109656187872543e-05,-0.015070999700308662,0.8984984639388143,0.19687000290650042,0
2.614280566644903e-05,-0.013630141952738178,0.9281608261260992,0.21552419105437542,0
1.993175769902891e-05,-0.01315743549934706,0.9391913113909628,0.22247645963542062,0
2.0097199167399465e-05,-0.012964700679488725,0.9314525356516252,0.22297762189572495,0
2.590646946780725e-05,-0.013814087717569498,0.9358996018654366,0.2150230287940711,0
2.348455485544074e-05,-0.013846244389738553,0.9449121284554962,0.21616482599063638,0
1.3497336716448568e-05,-0.012704830231715647,0.9529883331327967,0.22991888147660108,0
1.5579890694833486e-05,-0.013451822019639497,0.9602758279446699,0.22268287388060679,0
1.9410899436134403e-05,-0.013597515997883995,0.9518106393264132,0.2198860369112266,0
1.6638742145995096e-05,-0.012930226849430846,0.9460898222618798,0.22619767055601087,0
8.565941465181429e-06,-0.012599094563891581,0.9697635863590067,0.23363525615561376,0
1.1090528839906627e-05,-0.012660531028207791,0.9613759597459017,0.23177706881610743,0
1.2174541275247683e-05,-0.01337698134817884,0.968663454557775,0.22454106122011314,0
8.496625234607607e-06,-0.013162474702306207,0.9765546205526434,0.22777879533081202,0
3.318406180529328e-06,-0.012129438559769898,0.9853938710232587,0.24079173838846604,0
1.3774211560233e-21,-0.011381980376855992,1.0,0.25076895116925696,0
1.332514070912279e-06,-0.011760331274326281,0.9926969355116293,0.24578034477886151,0
2.047661146549312e-06,-0.012537730308853376,0.9926969355116293,0.23616480781090926,0
7.040961374051359e-22,-0.012140074348940164,1.0,0.2411534142013047,0
5.144838182539501e-06,-0.012906792962998985,0.9843697628847694,0.23135703644723818,0
5.745281984867837e-06,-0.012370420837298264,0.9775787286911327,0.23721349727203989,0
-0.00016541504701511524,-0.0332599827990181,0.8248358364600068,0.02801860759043549,0
-0.0002947302817463555,-0.03159246601583618,0.8137161485681867,0.043591101363629904,0
-0.00019848666616126018,-0.030625577401491355,0.8181022045512285,0.0525781899771913,0
-0.00014478306197201405,-0.03151523305871393,0.8236919485845614,0.044286611738919984,0
-0.0002410903881757096,-0.03242629687808111,0.8192759925140968,0.035804854477032695,0
-6.965695296024344e-05,-0.03235029183369098,0.8292517925304714,0.036500364852322775,0
2.852869176318907e-05,-0.03319043653154755,0.8348098914020503,0.02866313799053085,0
4.8063503285567976e-05,-0.03461113928349259,0.8353667490487097,0.015394507814132662,0
9.000687233924394e-05,-0.03651436680938588,0.8362870077196272,-0.0024090602532369017,0
0.000280668317217879,-0.03476015836378733,0.8450140749464978,0.014008429983605844,0
6.706994022393208e-05,-0.03556313901627715,0.8358268783841685,0.0064927237804478805,0
0.0003319163658722304,-0.035711970476969224,0.8454742042819565,0.005106645949921062,0
0.000380340980481837,-0.03664338979526493,0.8456500339064007,-0.003611561460550094,0
0.0005045622333536707,-0.038326587160156224,0.8466297492967357,-0.019380209474872533,0
0.00027709691997092556,-0.0374206826984779,0.8414583785081815,-0.010894634864054717,0
0.000603509489717547,-0.03754988746691288,0.8508214046949549,-0.01209713607136791,0
0.0008566686402601522,-0.03816202292689875,0.8564466715090443,-0.01782723650876193,0
0.00014331104624703774,-0.033866825292163935,0.8400753476964018,0.022351088102379436,0
-6.942523799585102e-05,-0.03393561410073494,0.8301012927543583,0.021706557702284076,0
-0.0003426879508738,-0.029816244742050958,0.8025366264239805,0.06017490609488122,0
-0.0001833232088295526,-0.027872025538374486,0.8113066527694925,0.0781543945981755,0
-8.142474976680952e-05,-0.025917228185536722,0.8200789167537195,0.0961285993025175,0
-5.488019602045018e-05,-0.026816241021649895,0.8256693623416016,0.08783471959535986,0
-2.004238430467637e-05,-0.02583804728449312,0.830055387399292,0.09682183655996762,0
-2.00326994001943e-05,-0.023947662526700792,0.8288497607479604,0.11410834490409162,0
-4.6557559703817874e-05,-0.024934414106743352,0.8244643387508399,0.10511847210330456,0
5.776972652309902e-06,-0.024856543364471663,0.8344408093964124,0.10581170936075468,0
2.42492031515452e-05,-0.023872101878082325,0.8388268037755096,0.11479896013518474,0
1.3747628510490393e-05,-0.021962090032972108,0.8376236143514275,0.13207685308756997,0
2.993851072911328e-05,-0.020043519085643932,0.8464502448074237,0.14927997033455084,0
2.3598333450654316e-05,-0.021004963626655968,0.8420369295794257,0.1406784117110604,0
4.922880411515949e-05,-0.020942103049427622,0.8520133003578153,0.14137102550123443,0
4.4650631224014994e-05,-0.02189349076762818,0.8475999851298173,0.132769466877744,0
3.68061226650701e-05,-0.02288461616855358,0.8432137305772431,0.12378321422692393,0
-3.549070320531766e-07,-0.02295720897740413,0.8332366875496939,0.1230925989958308,0
-0.0003269920332323366,-0.030704312454265623,0.8081263874960836,0.05188300372925556,0
-0.00023406786611224415,-0.029735632518740323,0.8125124434791254,0.060870092342816956,0
-0.00015955442859176775,-0.028764668997091736,0.8168974566518814,0.0698598365944641,0
-0.000254581423609915,-0.02884535374538796,0.8069216395967365,0.06916465034652836,0
-0.00010065389993926867,-0.027791670358116177,0.8212832303494881,0.07884761724318887,0
-0.00012635538930345707,-0.026896201856427653,0.815692784761606,0.08714149695034651,0
5.059745652060757e-05,-0.019952175016314428,0.8564039179939571,0.15029368631783444,0
3.476314591388755e-05,-0.018153876383485652,0.8550896575283715,0.1660867583957853,0
5.0177771234362924e-05,-0.019018615970343863,0.860723624354431,0.15869708034845165,0
4.757255332527649e-05,-0.018011209222933113,0.865105292737984,0.1677476130690132,0
2.883773272628606e-05,-0.015941248765660578,0.8617163773389661,0.18544910247595386,0
3.790619481944633e-05,-0.015952852952754018,0.8728627246045486,0.18618183685337644,0
4.203516753414091e-05,-0.016924121721726686,0.8684186526432813,0.1774287851090975,0
3.22101684618342e-05,-0.01705135102453104,0.8584030174336688,0.17576793043586958,0
3.3424096159227225e-05,-0.019100333572897636,0.8507699511678977,0.15768336436516805,0
2.5048347588691196e-05,-0.014171747557676317,0.8728914253925796,0.20141241909329952,0
3.442748099147818e-05,-0.015092916391399997,0.8784502486313553,0.19416349516204928,0
2.8570007915078094e-05,-0.014110777631945199,0.882955493894931,0.20323266689234243,0
1.349664577713845e-05,-0.012077508987153839,0.8798162414731193,0.2200804652876143,0
1.2016618194680341e-20,-0.010000000000000122,0.8854261880583083,0.2388915800012268,0
1.4583902589643492e-05,-0.012035640644237405,0.8908332905804776,0.22274377087610842,0
6.911070567636273e-06,-0.011029286676986716,0.8826212147657138,0.22948602264442053,0
7.612814109896538e-06,-0.011054957564436703,0.893638263873072,0.23214932823291465,0
9.026194844178626e-21,-0.01000000000000008,0.9042408170745975,0.2453582790191335,0
7.315595148347873e-06,-0.010999508285799452,0.9030455783812166,0.235382677741868,0
3.1057072862910227e-21,-0.010000000000000007,0.8948335025664529,0.24212492951018016,0
2.761578110907244e-05,-0.015049305875941069,0.8673039013657728,0.19343076078462668,0
2.1806153025234243e-05,-0.01309849837362095,0.8864179019352009,0.21256668998949985,0
1.947012029387828e-05,-0.013118098931735565,0.8763538334328494,0.2107464421904569,0
8.073880215930382e-06,-0.011152824934687774,0.9174847567782123,0.23820971291984794,0
9.197988693015786e-06,-0.011528627959214789,0.9361441845757507,0.2394430919529565,0
1.4372783653015811e-05,-0.012336188961426431,0.9376677479833567,0.23095977579418855,0
1.4025156505543384e-05,-0.01212204519198094,0.9299289722440192,0.2314609380544929,0
8.91017103558135e-06,-0.011353186197582665,0.9268144706769814,0.2388264024364022,0
1.3805686422500553e-05,-0.011957290754030436,0.92059925834525,0.2308442485379386,0
1.1475404226126619e-05,-0.01156844905732374,0.9096675482330241,0.23180839469222522,0
4.2490581009531956e-06,-0.010594904436966125,0.9108627869264049,0.24178399596949074,0
1.1842828708373436e-05,-0.012134813128857995,0.9445662588542737,0.23468098671477877,0
5.760993281040307e-06,-0.011322385761517449,0.9553866304494257,0.24645441083183117,0
3.2692041185938936e-06,-0.011209805421491904,0.9725808707584367,0.25098165963856706,0
4.530148920283668e-06,-0.011278104881431371,0.9639837506039313,0.24871803523519911,0
7.605507057213209e-06,-0.01196999994279433,0.9625751084042162,0.24004483349372246,0
5.645019645783455e-06,-0.01188926451344265,0.9711722285587217,0.2423084578970904,0
3.612703653268849e-06,-0.011675486826441423,0.9789873708908476,0.24588669901351656,0
1.2018007522292186e-06,-0.010948768968523375,0.9869217624417473,0.2559897152861108,0
7.623296525288699e-22,-0.010000000000000068,1.0,0.27,0
2.812048935790958e-07,-0.01046457306287777,0.9934608812208736,0.2629948576430554,0
7.572271862606726e-07,-0.011173833763901636,0.9934608812208736,0.2533793332276839,0
1.482307657695026e-22,-0.01066420930876224,1.0,0.2603844755846285,0
7.499846744680369e-06,-0.01143309365084985,0.9457654075125882,0.24294875139239383,0
9.327131029797093e-06,-0.011999788510748097,0.9541874817911112,0.23818664615421614,0
2.1501403239078446e-06,-0.011527487558033669,0.986157816732503,0.2483907268372884,0
2.158135807845831e-06,-0.011088294327567716,0.979751316600092,0.2534856874623389,0
-0.00043684618976517445,-0.03525023679096145,0.8162655534377499,0.009432971683314875,0
-0.00018526018699433392,-0.034930290481967295,0.8258161512432298,0.012413739748723769,0
-0.00019774442241131,-0.035881935701240555,0.8262762805786885,0.003511955715038987,0
-0.0004833515408310567,-0.036960186570567884,0.818276272091402,-0.006575494894644453,0
-0.000461462305010164,-0.03610547131739579,0.8172709127645759,0.0014287383943352113,0
-0.0001895532884042481,-0.03673697795941552,0.8272816399055145,-0.004492277573940677,0
-0.0002512747161787098,-0.03837649428352059,0.8267611130262535,-0.01985181682901657,0
0.00012846333037924845,-0.03835123314747994,0.8366954311614947,-0.01961601315194455,0
-6.19265649967291e-05,-0.037445627431063944,0.8315240603729404,-0.011130438541126735,0
-0.000379894905728663,-0.03766838892614412,0.8225186925588277,-0.013213655861830511,0
-0.0005498184762936691,-0.03338678298833498,0.8049196350480441,0.02688037612693666,0
-0.0005796948318336914,-0.03173096016969963,0.793751229482049,0.04239127701169311,0
-0.0005374679086226276,-0.029979049237288682,0.7825827619839761,0.05881656257617195,0
-0.0003367767309160136,-0.028039543525814056,0.7913538517264248,0.07677679389864696,0
-0.0001996096194049402,-0.026084905081548964,0.8001166187883337,0.09476611075003007,0
-0.00026283418589504386,-0.027954622729787906,0.8013302522479586,0.07746559424841123,0
-0.0002614282689616461,-0.027063984502458397,0.7957352352573792,0.08577145232433851,0
-0.00019591829672119403,-0.026978223959343642,0.8057116357789131,0.08646025267410279,0
-0.0001419088519346467,-0.025999232855501937,0.8100977677710266,0.09544735502627379,0
-0.00010870518144100241,-0.024114148326462744,0.8088876346028793,0.11275112127138857,0
-6.482477441538357e-05,-0.024028065364670184,0.8188686976754198,0.1134297330877401,0
-9.879050989989719e-05,-0.02501574045156356,0.8144832756782994,0.10443986028695304,0
-0.00014928531279586956,-0.025101929158840873,0.8045021266956065,0.10375861601070932,0
-0.0003593493234208159,-0.033322766555644465,0.8148777357540254,0.027449491858686073,0
-0.00028599868823396226,-0.03425560206475008,0.8205506949488783,0.018725789636875184,0
-0.0005080872432409967,-0.03431855399178749,0.810592594242897,0.018156673905125768,0
-0.0004101857862860721,-0.03249019118422905,0.8093178918081154,0.03523573874528328,0
-0.0005744101239706431,-0.03255872438175011,0.7993354322650466,0.03463582656931488,0
-0.00044084776983900674,-0.031661008864159804,0.8037336890251179,0.04299118918766151,0
-0.0004498806829410627,-0.03077450644004353,0.7981439279530147,0.05128309155328717,0
-0.0005647225557857689,-0.030854658734510848,0.7881669957330126,0.05060391979393253,0
-0.0004448451556310121,-0.029896915128827986,0.7925596942039783,0.05949573433552659,0
-0.000344962953534548,-0.0289275505584834,0.7969452390752026,0.0684758499967641,0
-0.00042789343130579044,-0.029010555909623603,0.7869683068552005,0.06779667823740945,0
-5.083534379034077e-05,-0.02212433102052804,0.8176677889191473,0.13070649735565723,0
-1.59199075751498e-05,-0.020254058922447755,0.8266579353331606,0.14734307891348755,0
-3.1153339124555394e-05,-0.021192572781599327,0.8221628621261539,0.1390247881345724,0
-3.295380194644175e-06,-0.021109458867778787,0.832140774842294,0.13970996600052876,0
-1.8421750700371883e-05,-0.022038910841918627,0.8276457016352874,0.1313916752216136,0
-3.847007281804579e-05,-0.023036673182057054,0.8232587748335538,0.12240742112987443,0
-7.633777030712955e-05,-0.02312242904063215,0.8132777117610133,0.1217288093135229,0
7.56685223768737e-06,-0.020142619533016992,0.8365540900702921,0.1483115246240192,0
5.12381978615169e-06,-0.018476069917258683,0.8362579616215958,0.16292893726628166,0
1.6086117691480654e-05,-0.01926219180378987,0.8413541032145098,0.15610445380041627,0
2.0744782393869137e-05,-0.018306878748960795,0.8456738095749836,0.16450784783103348,0
1.4932572504845401e-05,-0.016724693779943917,0.8452644040576027,0.17808624517711943,0
7.914139565906428e-06,-0.014860532077641625,0.8426286737874066,0.19354805662433547,0
1.630109596677217e-05,-0.01418034958559985,0.8568402460864532,0.19979931110026578,0
9.234980417463494e-06,-0.012191683530154169,0.8593264846101243,0.21594716524179378,0
1.2895275539528818e-05,-0.013194897121175941,0.8580833653482887,0.20787323817102976,0
2.0956402387818074e-05,-0.014165714026533492,0.8648658357395164,0.20060586509678263,0
1.6388113726204587e-05,-0.013200371620536713,0.8661089550013519,0.20867979216754665,0
1.1623299661388379e-05,-0.012107119609196318,0.8695713630416217,0.21801381526470404,0
8.141442460991912e-21,-0.010000000000000083,0.8662195908051051,0.2337211683996453,0
6.395508456232799e-06,-0.011077295237956211,0.8730179161391123,0.22690081684362978,0
1.1117307432712703e-21,-0.009999999999999993,0.8758228894317067,0.23630637420043604,0
-3.834133564634554e-06,-0.01936801932842827,0.8314579484773782,0.1551360080898846,0
1.1057277727774463e-05,-0.017602883239020935,0.8407611828395993,0.17050759122170056,0
2.392116942391472e-05,-0.01744271653063999,0.8501770307929871,0.17208650178645235,0
2.2839472479288464e-05,-0.016323027047248514,0.8534903906982845,0.18176767382653664,0
1.1068073664822228e-05,-0.015801551475320533,0.8439465389225047,0.18581715090072745,0
1.7674177821407552e-05,-0.015395579422864788,0.8521725255631863,0.18949857955014465,0
2.206010785124941e-05,-0.01507025037469576,0.8592783117127096,0.19262420678810982,0
1.2657485943395792e-05,-0.014510078591602636,0.8497344599369299,0.1966736838623006,0
5.233393343212058e-06,-0.011101618498502237,0.8627730377076147,0.22483416682071955,0
4.9022031822342644e-21,-0.010000000000000089,0.922874351952651,0.2523349055529612,0
4.1451674856257374e-21,-0.010000000000000089,0.9416000801136555,0.2590574363932764,0
5.929230630780104e-22,-0.010000000000000026,0.9322372160331532,0.2556961709731188,0
4.101588195819228e-06,-0.010734924142643284,0.9388721323447031,0.24925026417311644,0
4.886129929514217e-06,-0.010779257691518818,0.9295092682642008,0.24588899875295883,0
3.784281528336993e-06,-0.01055957470627233,0.9201795543654316,0.24527230923640456,0
3.917527381051128e-22,-0.009999999999999998,0.9135575845136242,0.24884659228604733,0
3.1991117480627163e-06,-0.010670061038209068,0.9484933552815407,0.2527559236125538,0
3.2187251995663404e-21,-0.010000000000000104,0.9606607333493586,0.2647487516745506,0
1.5431881507789295e-21,-0.010000000000000096,0.9801668230395538,0.2686185893907269,0
1.286479144909078e-06,-0.010581459697649828,0.9763738468989953,0.25980012451464696,0
1.886981182274381e-06,-0.010603247875218795,0.9666208020538977,0.2578652056565588,0
4.1160507280638687e-22,-0.010000000000000002,0.9704137781944562,0.26668367053263875,0
2.491058961089038e-06,-0.010635396046647975,0.9580236818993921,0.2556015812531909,0
4.502964459585539e-22,-0.009999999999999997,0.9511304067315071,0.2619030940339135,0
7.112681713519322e-07,-0.010465106449261028,0.9835442927406506,0.26230415233841886,0
1.60142166590266e-22,-0.010000000000000007,0.990083411519777,0.26930929469536347,0
-0.000850394940873367,-0.03481585110844688,0.797022897810283,0.01354647581951641,0
-0.0006896917496815704,-0.034101621216413455,0.8009712664291635,0.020213425973226534,0
-0.0006554676192576986,-0.035032528086343134,0.8066442256240165,0.011489723751415642,0
-0.000934699944601937,-0.03639445668290296,0.8014715452730983,-0.0012467432066720725,0
-0.0009688395842440445,-0.0381376260587981,0.807013566473512,-0.017593842998191986,0
-0.0009591458620120693,-0.03726616186164149,0.8042425558733051,-0.00942029310243203,0
-0.0007214591552549908,-0.03667699945320253,0.8098739086822502,-0.0039111190506582625,0
-0.0007121604700102873,-0.037548983720863974,0.812644919282457,-0.01208466894641822,0
-0.0006189771538409515,-0.038256740609989195,0.8168873397498828,-0.01872282991360428,0
-0.0008954672944724102,-0.035605289210471174,0.7992472215416906,0.006149866306422169,0
-0.0006714119376794753,-0.03582237391687371,0.8088685493554241,0.004093114238321401,0
-0.0009482020023105078,-0.03364036386970209,0.7833040401864074,0.024607179227506756,0
-0.000754391246059259,-0.033513044771199964,0.7941118376172258,0.025743777677221708,0
-0.0007475296248956737,-0.032686367198460506,0.7885276348342283,0.03349922811959993,0
-0.0008102586160922691,-0.03179521073251942,0.7737348189210658,0.04193065796796368,0
-0.0006796044639637618,-0.030132541314431206,0.7626199468561521,0.0575867563314636,0
-0.0007481990189643593,-0.030963331308800586,0.7681773828886089,0.049758707149713644,0
-0.0006626789521128527,-0.030887946363582056,0.7781587904525209,0.05037361027206781,0
-0.0006166545656269845,-0.030055417058783025,0.7726013544200641,0.05820165945381778,0
-0.00045806524654566405,-0.028213705632310244,0.7714028592615761,0.07540606050293935,0
-0.0002991733831282951,-0.026264946114528086,0.7801516666185094,0.09340250807093678,0
-0.00018789815023694854,-0.02429192871693249,0.7888877338077293,0.11147269646975463,0
-0.00023839705032513395,-0.0252808853429527,0.7845197002131193,0.1024376022703457,0
-0.00025265673935850186,-0.026173722188608604,0.7901341427034216,0.09408430941048343,0
-0.0001963295930137539,-0.025187519581208902,0.7945021762980315,0.10311940360989236,0
-0.00015021583767321935,-0.02420095520511131,0.7988876842053043,0.1121119088705716,0
-0.0001120628712148103,-0.02231058677827583,0.7977015005073024,0.12940141674244282,0
-6.078322517194631e-05,-0.02030674354721552,0.806991258756214,0.14722212913849986,0
-8.369587468322471e-05,-0.021313499993065872,0.8023463796317583,0.13831177294047134,0
-5.765147506456221e-05,-0.02121547540245042,0.8123295238376806,0.13896431324707853,0
-3.894362493622393e-05,-0.020274849760013664,0.8168245970446872,0.1472826040259937,0
-2.6452737475606384e-05,-0.018470041897371507,0.8179486230498891,0.16315148915564423,0
-3.970254359645481e-06,-0.016738950893405175,0.8301944420610812,0.17782911333816867,0
-7.9260205587971e-06,-0.014590797256675059,0.8233954035091847,0.19575933278419252,0
-6.666305678462338e-06,-0.015673680173324274,0.826794922785133,0.1867942230611806,0
3.239430819836121e-06,-0.015802035223840504,0.8364115579242439,0.18568858498125207,0
-2.6105737610130905e-07,-0.014709234958769997,0.8330120386482956,0.194653694704264,0
2.3201072062908124e-06,-0.012590364693135117,0.8385229187638934,0.21143700120252787,0
8.228863089839717e-06,-0.01338281917085676,0.8476815824251733,0.20561815615139684,0
6.214031484224479e-06,-0.012355710529707138,0.8489247016870088,0.21369208322216082,0
2.9619683374298854e-21,-0.010000000000000077,0.8465786060015866,0.2306201074586626,0
2.1318830628542395e-06,-0.011324870435217469,0.84255076238274,0.22102855433059523,0
3.780135302520902e-06,-0.011130964349472226,0.8529525453058555,0.2232836363502282,0
1.471719745854346e-21,-0.010000000000000037,0.8563990984033458,0.23217063792915393,0
-0.0009129416005700324,-0.03422776323212186,0.7901634689983452,0.019076827523511582,0
-0.0007033489309343847,-0.031762557704994296,0.7837430242015574,0.042160967489828394,0
-0.000883714808830677,-0.03271760220713092,0.7785194295537365,0.03326891859773522,0
-0.0005006500201376597,-0.029095661662170865,0.7769928106227761,0.06711131153955566,0
-0.0004026666404875966,-0.02812595172203278,0.7813783554940005,0.07609142720079315,0
-0.0003207449352500331,-0.027151397127211173,0.7857527591724671,0.08508965098479188,0
-0.00037170546694845143,-0.027240993272160556,0.7757772629400428,0.08440428428693807,0
-0.0005596754025845786,-0.02917422588494061,0.7670114030588642,0.06649640841720147,0
-8.240392256523475e-05,-0.022214038567668543,0.8076846447132249,0.13005395704905004,0
-0.000112671091627365,-0.0232116116463632,0.8032945675550909,0.1210762690069157,0
-0.00014626465368476548,-0.023304722645405698,0.7932946171575158,0.12043705660609873,0
-2.2410866648988533e-05,-0.019363952981292884,0.8223032791915248,0.1552472840345659,0
-4.172468321205465e-05,-0.019393318555670346,0.8124699409030516,0.15518680914707206,0
-1.085013398719339e-05,-0.018465845936072648,0.8271032923357424,0.16304021321096296,0
-1.5160562133663261e-07,-0.017612201182858753,0.8332262018413386,0.17037902530222515,0
-1.3751062023393853e-05,-0.017608044510579398,0.8240715325554852,0.17049030124690645,0
5.558393727033534e-06,-0.016724899082761296,0.837729423059342,0.17795767925764405,0
4.676507234773763e-06,-0.01374315780478987,0.8405757962756499,0.20249252891343167,0
-1.4709500028249462e-06,-0.013592659914144784,0.830959161136539,0.2035981669933602,0
-0.0012596286257611832,-0.03558414930050148,0.7834953959001602,0.006404740049704512,0
-0.001442263290175869,-0.034936505532478464,0.7664411341765902,0.012560953386168456,0
-0.0011839178797517665,-0.03428870686772778,0.7748725871814988,0.018584066306837607,0
-0.0010951868013407335,-0.03461259690180136,0.7833997180432838,0.015505959638605633,0
-0.001368958776418075,-0.03525991131575094,0.7749682650383751,0.009482846717936484,0
-0.0010490536837700192,-0.035200007039061634,0.7902591468552216,0.009975607934610461,0
-0.0011168276064716463,-0.03598885511179423,0.7924834705866293,0.00257899842151622,0
-0.0015453575122930255,-0.03765654357072965,0.7876601043678463,-0.01303985182960396,0
-0.0014025796994893726,-0.03662054783933473,0.7855777501340032,-0.003317555889949724,0
-0.001222976399550512,-0.0370256523770202,0.7945658248204723,-0.007143297518138017,0
-0.001275280334384543,-0.0378967028491744,0.7973368354206791,-0.015316847413897973,0
-0.0011266382190936578,-0.03327018353914288,0.7646676744266943,0.028191228220641594,0
-0.0010522949221585174,-0.033454794215792456,0.7739858573065508,0.026399203724074175,0
-0.001277027627187701,-0.03410347956175696,0.7655544043016422,0.020376090803405026,0
-0.0009584291092355538,-0.03253313879397163,0.76920124667388,0.03506094309430263,0
-0.0009931188006754809,-0.03208111699467994,0.7538611632333592,0.03942087725280394,0
-0.0007425370314806614,-0.030279763484730996,0.7432423271191273,0.05642297988056494,0
-0.0007218087355215896,-0.030206155462056763,0.7529311369876397,0.05700486810601427,0
-0.0008654031703344152,-0.031179811046033543,0.7485517451762432,0.04792192856668444,0
-0.0008233593516779376,-0.031107557256348208,0.7582405550447556,0.048503816792133767,0
-0.0009122358313178333,-0.031938032353786464,0.7637979910772125,0.04067576761038381,0
-0.001065187598876251,-0.032675327549164426,0.7592644188300267,0.03380605273672277,0
-0.0005279661156866044,-0.02839303512053254,0.7514511450244811,0.07401701088827894,0
-0.00036570470083628035,-0.026456435514768617,0.7602050550453957,0.09199370108463494,0
-0.00044059208282957595,-0.02742607128647024,0.7558281000349384,0.08300535598645695,0
-0.00041238015156491953,-0.027333800214188363,0.7658039571534859,0.08369988079378715,0
-0.0005006323605997082,-0.028303244574836676,0.7614270021430286,0.07471153569560915,0
-0.0006035365891492808,-0.029261849472821077,0.7570355459403166,0.06580188360987127,0
-0.0006272431736568573,-0.029337141782423665,0.7473467360718042,0.06521999538442194,0
-0.00033745312500277575,-0.02636024787873927,0.7701783608319526,0.09269810457778585,0
-0.0002469580162053943,-0.024498789877304104,0.7689229918638881,0.11004062661830094,0
-0.0002740421516603556,-0.025380245836979377,0.7745373292411988,0.10172156734461886,0
-0.00022063166683981174,-0.024394341539484027,0.7789053628358087,0.11075666154402779,0
-0.00016006238318990335,-0.022451801041490783,0.7774734102964928,0.12872280296311125,0
-9.76838716473431e-05,-0.020376704657330127,0.7873774521117058,0.1472989719814953,0
-0.000138242808290021,-0.022378869061233632,0.7875874554018976,0.12906210985277705,0
-0.00010582988294627618,-0.021342007417568132,0.7925394763095042,0.13835019436196905,0
-0.00012600820359190353,-0.021419655258877568,0.7824254312040992,0.13801088747230328,0
-0.0003015448246011559,-0.02547971262285257,0.7645640234546419,0.10101716385146794,0
-0.00017516228386719405,-0.023369817445401717,0.783180572052111,0.12009774971643294,0
-0.00019966635190210656,-0.02347862606953524,0.7731982010801904,0.1193817147907061,0
-8.05368457281993e-05,-0.02033749362275239,0.7971843554339599,0.1472605505599976,0
-5.596102509276232e-05,-0.018413437274150117,0.7980231912528397,0.1643810035409161,0
-5.9173154034490875e-05,-0.019359735453904285,0.8025072250045269,0.155801566339708,0
-7.489706639680134e-05,-0.01940205247047048,0.7927003216822728,0.1558399877612057,0
-4.208677029277589e-05,-0.01843395317688387,0.8079859071513644,0.16376624634828016,0
-2.696425412488336e-05,-0.016534660332607847,0.8102871092003073,0.1801003468703219,0
-1.6021842161247624e-05,-0.016624472979248017,0.8202407756306942,0.1789647301042453,0
-1.6165235483466272e-05,-0.015571373543254193,0.816841256354746,0.1879298398272572,0
-2.1801029105620112e-05,-0.014449722985611467,0.8029933981290431,0.19813738067846326,0
-7.208424917713372e-06,-0.012326348960770134,0.8148190569992971,0.21415910491559473,0
-1.3599489535637043e-05,-0.013406203667246817,0.8089062275641701,0.20614824279702898,0
-1.5318361494602554e-05,-0.014501613875600021,0.8131944008191139,0.19694835673132788,0
-2.4839044782811672e-05,-0.015494480577734334,0.8066402536646753,0.18911886377439258,0
-2.7417274062960523e-05,-0.017504893517377274,0.8141178661250983,0.17162591801298305,0
-4.0016099304032104e-05,-0.01748206853301862,0.8041551502265736,0.17224067520561898,0
-8.360396921964644e-06,-0.013465698653623171,0.8191072302542409,0.20495921884989363,0
-2.7707169078424683e-06,-0.012414625429941442,0.8266709878815952,0.2127980530590613,0
-1.7999450129153867e-21,-0.010000000000000099,0.8267034971897799,0.2301559705391388,0
1.2043749718772108e-22,-0.010000000000000024,0.8366410515956832,0.2303880389989007,0
-1.600777682814685e-07,-0.011325800808577948,0.8326132079768367,0.22079648587083334,0
-2.6254313357575623e-06,-0.011197584899724064,0.8207612770945385,0.22215753772736677,0
-0.0019136201649722186,-0.037011956660864404,0.768736915655271,-0.006922712615324722,0
-0.0017548007201826357,-0.03733379771798627,0.7781985100115587,-0.009981282222464341,0
-0.0015671827499890564,-0.03629833446302926,0.7761161557777156,-0.0002589862828101049,0
-0.001667831827911787,-0.035974468396450396,0.7675890249159306,0.002819120385421867,0
-0.002040378275771147,-0.03628873232637853,0.7500777341244832,-3.422125842731141e-05,0
-0.0013946154184804244,-0.03390621270415224,0.7467563118348878,0.02235751669456307,0
-0.001009580009576865,-0.03200974157112392,0.7384457255071222,0.0402280703208647,0
-0.0007498264395752433,-0.03063982359415932,0.7260010933005884,0.053221581790312035,0
-0.0008787287047603194,-0.031324308531964475,0.7322234094038553,0.046724826055588364,0
-0.0008658588122368399,-0.031144970287557472,0.7408440263131247,0.04832552510071482,0
-0.0007564769518170463,-0.030460186752390102,0.7346217102098578,0.05482228083543848,0
-0.0005286111672187585,-0.028567185122873307,0.7315951606516149,0.07266489415288725,0
-0.00038611551054558397,-0.026648969031163275,0.7402895163118804,0.09057941853699095,0
-0.0002761336672767483,-0.024719131447942157,0.7490121439290425,0.1085165829232602,0
-0.000327443833002225,-0.02568553924731393,0.7446508301204615,0.09954800073012557,0
-0.00031994439369584693,-0.02558576765331526,0.7546085994872191,0.10025514200394757,0
-0.0003823631087840031,-0.02655300644793563,0.7502472856786381,0.09128655981081293,0
-0.00045468940558698607,-0.027519534859604834,0.7458703306681808,0.08229821471263495,0
-0.0004528592666734002,-0.027608910627125238,0.7359423384817476,0.0816221563449391,0
-0.0005377813709578471,-0.028480501188681364,0.7415231528380479,0.07334095252058309,0
-0.0006318013170172357,-0.029422449254640347,0.7374187438853711,0.06454393701672609,0
-0.0006296500357780102,-0.029603583918997534,0.7287981269761017,0.06294323797159965,0
-0.002007884930168509,-0.03664986961680791,0.7594073248898772,-0.003478466936876017,0
-0.001728072717798467,-0.0356128741221505,0.7582594341505366,0.006263366063870572,0
-0.001695022560785036,-0.03509766778608719,0.7484170229796855,0.01116164771806788,0
-0.0014457604662867292,-0.03442081020910061,0.7565987230057389,0.017459235040365763,0
-0.001267740444978153,-0.03358825860896343,0.755711993130791,0.025274372457602334,0
-0.001177831609993338,-0.032994040960077776,0.7503087375341235,0.030889196973683503,0
-0.001011641119981093,-0.03204536727301377,0.7461534443702407,0.03982447378683432,0
-0.0011939073678146495,-0.032957696299199285,0.742601018671005,0.031292793507713884,0
-0.00026585656911871854,-0.024609036000505402,0.7589675678964654,0.10927860477078058,0
-0.00019303989758904743,-0.022782759032787814,0.7576648837642388,0.1263720297434866,0
-0.00021989463860249678,-0.02363810642096733,0.7632939378140635,0.11820632818089377,0
-0.00023164349496484067,-0.023753359663159914,0.7533385138466406,0.11744430633337341,0
-0.00017919107330015448,-0.022617178791429212,0.7675691470303658,0.12754741635329891,0
-0.00012263958813111539,-0.020423212997411348,0.7650733823648095,0.1479812285671066,0
-7.526569015077616e-05,-0.018351359733957625,0.7790019609875825,0.16608524656442056,0
-9.731578855899912e-05,-0.01939634967079181,0.772037671676196,0.1570332375657636,0
-8.639219856084006e-05,-0.019361585476295868,0.7831897065496441,0.15669210927295793,0
-0.00011264050660600313,-0.020396788004465576,0.7762254172382577,0.14764010027430097,0
-0.00014149450264271162,-0.021432838140297134,0.7712733963306511,0.13835201576510892,0
-0.00015446004188842644,-0.021607271289672388,0.7613691330645241,0.1371766291552966,0
-6.681156020192411e-05,-0.018376937673952962,0.7885125761202111,0.16523312505266832,0
-4.4193344838160334e-05,-0.016439109403378845,0.7908441995417094,0.18219992416952804,0
-5.855475101313284e-05,-0.01740525740905325,0.7849230802646459,0.1741425853669743,0
-5.0259030044859485e-05,-0.01742566584934334,0.7944336953972746,0.17329046385522207,0
-3.6347439730731316e-05,-0.01647672911404428,0.8005656543710084,0.18115013551992498,0
-3.198412183933464e-05,-0.015458173139628835,0.7969187988353763,0.19016865242399567,0
-3.1358030831157235e-05,-0.01443635848984184,0.7830281272924191,0.20049596312489817,0
-3.787907653762194e-05,-0.01543291449360048,0.7869361634170642,0.1913479436472131,0
-2.7131053076191992e-05,-0.014429821675554472,0.7930107627107311,0.19931667190168073,0
-1.3095143573779182e-05,-0.01226450783196414,0.794586058301514,0.21715282378143963,0
-6.120474788402357e-21,-0.010000000000000082,0.8069505794200263,0.2324225542416914,0
-6.034989504096924e-06,-0.011173346736028236,0.8007683188607702,0.2247876890115655,0
-4.418501604906867e-06,-0.011174782654234407,0.8108848182096617,0.22329082957864305,0
-1.0369317143703436e-05,-0.012267296592087954,0.8047025576504055,0.2156559643485172,0
-1.790821256509259e-05,-0.013352394270522795,0.7987897282152785,0.20764510222995144,0
-2.160699983594589e-05,-0.013372846763147992,0.7888070927969666,0.2088243934531689,0
-5.293349873215761e-22,-0.010000000000000002,0.8168270383049031,0.23128926239041508,0
-0.0019156879999057425,-0.03556854692605413,0.7314197510158816,0.006857457521538727,0
-0.0011959453432460014,-0.03315822276073494,0.7246801470946359,0.02955452104574384,0
-0.0006800558483856969,-0.031234068925198602,0.7074306046067415,0.047788678132011084,0
-0.0009265306211640792,-0.03219565827957355,0.7160553758506887,0.03867159958887746,0
-0.000730952716253875,-0.030937621536302983,0.7167158489536649,0.05050512996116156,0
-0.0009455065923303755,-0.03189865321269988,0.7253406201976121,0.04138805141802794,0
-0.0011059699297969819,-0.032584287672596336,0.7315629363008791,0.03489129568330427,0
-0.0013257683633222943,-0.033531966442153616,0.7357182294647618,0.025956018870153454,0
-0.0016422938170280533,-0.03473765329980963,0.7390880314253847,0.014607487108050899,0
-0.001524370955415634,-0.03436331088080222,0.7280499490552588,0.018205989283641283,0
-0.0020123819413049057,-0.035928270057814723,0.7407487425701824,0.0034116181315557077,0
-0.0004614771072738752,-0.02900557440598849,0.7101930943645383,0.06878557831349102,0
-0.0005593602341656071,-0.03011911585699004,0.7088118494856399,0.058287128222751054,0
-0.0005997131958036817,-0.029821828866987192,0.7180970938325633,0.061003580051901526,0
-0.0005081777747433028,-0.028787567083361276,0.7208941275080766,0.07072523623318913,0
-0.0003529704709223871,-0.026877181144212697,0.7201146153246923,0.08878363808898687,0
-0.0002669275651725151,-0.02492027128832582,0.7290957812988488,0.10713228015048872,0
-0.00027655839124821074,-0.024820685829795373,0.7390539626139456,0.10782443153687446,0
-0.00032333614211715883,-0.02578250339951586,0.7346926488053647,0.09885584934373984,0
-0.0003770384490089744,-0.026764106121322507,0.7302020658182864,0.08968152831298891,0
-0.00030805767247593457,-0.025899514352387694,0.7246051983117705,0.09795795911973779,0
-0.00043565031726358616,-0.02772077202715018,0.7258548879881537,0.08072426612093705,0
-0.0004056177776723583,-0.027941685389455635,0.7151538548446152,0.07878460820123895,0
-0.000197730739912933,-0.023003249570093302,0.7378737448863555,0.12502238164738547,0
-0.00019881242354098446,-0.022893887471858745,0.7477693143252971,0.12569720569543602,0
-0.00023521911451972394,-0.023858243660761592,0.743442944407699,0.11676948228532283,0
-0.00023053897526795306,-0.02396326420856332,0.7334847630926021,0.1160773308989371,0
-0.00014366758686799546,-0.0211334483738328,0.7457102252010854,0.14236099496491386,0
-0.00016908324772377012,-0.022070504577640208,0.7417919850437205,0.13369168830614966,0
-0.00016780607698416755,-0.021953935804445986,0.7516875544826621,0.13436651235420022,0
-0.00013500369861578303,-0.020781165074573865,0.7553918037829475,0.14517111176601022,0
-0.00010693171657098976,-0.019525507633666235,0.7497954615064886,0.1572828629988466,0
-8.10724276766919e-05,-0.018117967082479605,0.7593398979571433,0.1697478784079943,0
-7.968736822974368e-05,-0.01823011050613221,0.7691709294723629,0.16791656248620743,0
-0.0001002564080951389,-0.019266990228946037,0.7622066401609764,0.15886455348755046,0
-9.361407712641955e-05,-0.018826121108578998,0.7545676797318159,0.16351537070342045,0
-0.00011581507786794106,-0.01996992725968974,0.757434421935649,0.15263204578297662,0
-0.00012415995584324894,-0.020330708660927243,0.747752843353787,0.14982192898188024,0
-5.453369302912167e-05,-0.016396543147320464,0.7710694151859592,0.1844678589159088,0
-6.463807347778221e-05,-0.017368910398630696,0.7750356880867708,0.17527655274016468,0
-6.72282088980567e-05,-0.017266143239549916,0.7652046565715512,0.17710786866195155,0
-5.033213976453132e-05,-0.016410925736811483,0.7809568073638342,0.18333389154271842,0
-4.225375654904297e-05,-0.015430930428835919,0.7770487712391891,0.1924819110204035,0
-3.720693003775081e-05,-0.014610250630172784,0.7630565852829093,0.20184235418852822,0
-1.727429167375239e-05,-0.012356586686712336,0.7721326573749561,0.2207173672416122,0
-1.0619675576200789e-20,-0.010000000000000092,0.7875924927939573,0.2369845441608744,0
-8.513447551188897e-06,-0.01122458234828009,0.7798625750844567,0.2288509557012433,0
-6.930745463093302e-06,-0.011124816917240486,0.7910892755477357,0.227068683971157,0
-1.5492778265200454e-05,-0.012291984972622178,0.783359357838235,0.2189350955115259,0
-2.4414181426663586e-05,-0.013375580673251031,0.7775803923336876,0.2106066651832552,0
-3.489147134995588e-05,-0.014518825074898012,0.7730423562876643,0.2011691586567132,0
-2.679050121748459e-05,-0.013499915046514514,0.7675946213289326,0.2112798607150702,0
-4.561616421020832e-05,-0.015494208259455548,0.7670630002344343,0.19315510655221851,0
-2.626525919524316e-21,-0.009999999999999997,0.7972715361069918,0.2347035492012829,0
-0.0015489506474343547,-0.034931639528543175,0.7124997707159045,0.012984331974421906,0
-0.0017672128653644335,-0.03525004599974546,0.7219597608658931,0.009920894747980316,0
-0.0013649398886373804,-0.034044889505993804,0.7185899589052702,0.021269426510082873,0
-0.0009655232072927086,-0.033164360500005374,0.7049618771407996,0.02964172930905429,0
-0.0008084850548356174,-0.032198761326708195,0.7061962408737705,0.038715203720532686,0
-0.0011063668766354137,-0.033161631525432896,0.7148210121177178,0.029598125177399064,0
-0.0012320594162282788,-0.03404791121786242,0.7087308239283521,0.021313030641738097,0
-0.0004627894462991753,-0.03218665390762737,0.6868303306863981,0.03893639708644829,0
-0.0003952081389619246,-0.030347503076916377,0.6925453853360631,0.05624729329050374,0
-0.00042976333538411685,-0.031266507896417356,0.6896878580112307,0.04759184518847602,0
-0.0005350348172200387,-0.03079090335506242,0.6999879949714023,0.05201798571125742,0
-0.0006002131571897584,-0.03171121130702989,0.6971304676465697,0.04336253760922969,0
-0.0007102560661692308,-0.03267598166816387,0.6958961039135989,0.03428906319775129,0
-0.00044313593590190105,-0.029677485066656014,0.7013692398503006,0.06251643580199738,0
-0.00027703002090994494,-0.028514715989223078,0.692817543541576,0.07358057868300852,0
-0.0003304192031621278,-0.029430259844991858,0.6926814644388195,0.06491393598675613,0
-0.0003717367419003431,-0.02876064254158154,0.7015053189530571,0.07118307849824977,0
-0.00025301205212140815,-0.026910637097402327,0.7003120689610054,0.08873743094430847,0
-0.0002667866125020214,-0.02771248394572169,0.6965648062512907,0.0811590048136585,0
-0.0003453331043507316,-0.027956349291384953,0.7052525816627718,0.07876150462889975,0
-0.0003092594535231266,-0.026895169957425566,0.7102133421428489,0.08876053451664767,0
-0.00021637525939314,-0.02510132312431361,0.7090996258413977,0.10583675965042179,0
-0.00017381693847562336,-0.023214117168491658,0.7179202669033306,0.12365868250148458,0
-0.0002467093355556511,-0.025012509639138123,0.7190977035701233,0.10648451990045525,0
-0.00019497413906623844,-0.02415819847385784,0.7135099463723642,0.11474772107595319,0
-0.00021714995458632503,-0.02406435583692286,0.7235080241010896,0.11539548132598665,0
-0.00018942043006325344,-0.02311068947858548,0.7278970058948431,0.12434053207443502,0
-0.00013489650708569195,-0.021350936026565757,0.7267234500993918,0.1411867222897512,0
-0.00015385493094313842,-0.022283773048921783,0.7223218585013611,0.1324227023956179,0
-0.0001644948627017891,-0.022173186233130204,0.7322985974928736,0.13310455196856835,0
-0.0001416457233957178,-0.021244189352779108,0.7362168376502386,0.14177385862733255,0
-0.00010178660418199385,-0.019619547804238986,0.7328561962752078,0.15748113251196375,0
-0.00011751641488491599,-0.02048619303650324,0.7297898231872998,0.1493339274008575,0
-0.00012201258295081404,-0.02037105896977669,0.7392832107381466,0.1499210637384388,0
-0.00010571877710700687,-0.01957376103694535,0.7413258288908482,0.15738199775540518,0
-7.706444935345457e-05,-0.01797660199205832,0.7410884168802049,0.17264525546341772,0
-8.902995013998215e-05,-0.018801151648120098,0.7369723065777063,0.16506319398769073,0
-9.12667361975681e-05,-0.018745428192307817,0.7454419391933467,0.16496405923113217,0
-8.022952219310463e-05,-0.018046239447504775,0.750214157418674,0.171196566935706,0
-5.604936235556305e-05,-0.016323217635853964,0.7512914584504697,0.18738148457406179,0
-3.742183210228669e-05,-0.014756507437054475,0.7431238967222952,0.20355009395353496,0
-4.625526875573688e-05,-0.015529603845732326,0.7472076775863825,0.19546578926379837,0
-4.6403835352198014e-05,-0.015477899031970449,0.7571740218666896,0.19461191938129502,0
-3.799575388771783e-05,-0.014684676882380693,0.7530902410026022,0.2026962240710316,0
-2.5605867740395292e-05,-0.013338517375541344,0.7545726478227808,0.21529015606030438,0
-1.292124012602827e-05,-0.01177963337619726,0.7530793659365345,0.23079827792994292,0
-1.3388414522538314e-20,-0.010000000000000118,0.7686646258365393,0.2431078637751487,0
-1.5238235046381606e-05,-0.012048339528613488,0.7626060116557453,0.22575782258577756,0
-8.460801498956941e-06,-0.011162657338376883,0.7703986416057477,0.23191261550838044,0
-6.70856171748415e-06,-0.010921393718349444,0.7608719958865369,0.2369530708525458,0
-0.00027904121507294996,-0.025987223475562187,0.7146071205830451,0.09731019886970432,0
-0.00023564567576699888,-0.026006040894669374,0.7047058474012016,0.09728709529736512,0
-5.6301866820582105e-05,-0.01635672480975628,0.7611804368182145,0.18592467174498528,0
-6.792289924129565e-05,-0.017212911082573102,0.7553156782038065,0.17856468149102805,0
-6.630184184139144e-05,-0.017156321151097387,0.7461899376653374,0.18001337001873974,0
-3.127586037350541e-05,-0.013963603455831253,0.7588146165528451,0.2085662551244163,0
-2.1689841627896504e-05,-0.012860315355071183,0.7633526525988684,0.2180037616509583,0
-1.9007677199201978e-05,-0.012551614062155481,0.7538260068796576,0.22304421699512367,0
-3.1583085853085673e-05,-0.01405800130740468,0.748848272272538,0.20942012500691967,0
-1.2440796412797521e-21,-0.010000000000000012,0.7781285593152483,0.24004620396801155,0
-0.0009727341101668736,-0.03445894738674214,0.693150265178127,0.017554680855312157,0
-0.0012919661999619685,-0.03469579676532606,0.7028250179470157,0.015269506414867032,0
-0.0009839043040621221,-0.033811473959024806,0.6990560711594633,0.023598205082183223,0
-0.0006758699638512545,-0.03332200277077821,0.6899902979322625,0.028245538970880224,0
-0.0002575220867685327,-0.03422398355994161,0.673405357888462,0.019834328408145797,0
5.3808091166918365e-05,-0.03230696009168488,0.6644853611546829,0.03784489478850138,0
-7.978234102016246e-05,-0.030380392026040353,0.6715617182755125,0.05600797395792371,0
-0.0002448954362511836,-0.030365204066253065,0.6820535518057877,0.056127633624213726,0
-0.0002431277689950874,-0.03128328097926689,0.6791960244809553,0.047472185522186,0
-2.6947890820286668e-05,-0.03134289483068201,0.6680235397150978,0.04692643437321255,0
-0.00021659358998518658,-0.03224813459920359,0.6756578459205405,0.038390645937474835,0
-6.961750627526491e-05,-0.03326478185560268,0.6689453595215724,0.028839611598323586,0
-0.0003965287107430452,-0.033204671185160455,0.68011784428743,0.029385362747297042,0
-0.0006314132763353923,-0.03434254073862721,0.6832778115332945,0.018694504631728975,0
-0.00010116827027218886,-0.0285885981101596,0.6756413679064978,0.07296223007288517,0
-0.00022983098997903507,-0.02946769762210445,0.6840933766212804,0.06460476168169446,0
-9.369538320661615e-05,-0.029483656711617127,0.6736015430910052,0.06448510201540444,0
-0.00019307463023938976,-0.0285526892967667,0.6842294557240369,0.07327140437794685,0
-0.00011358993987621936,-0.02683094879564958,0.6810343755155807,0.0896547504565507,0
-0.0001863998197788158,-0.02687229491733545,0.690673222238293,0.08919609070042958,0
-0.00018591036055040384,-0.02767188931602195,0.6869259595285784,0.08161766456977962,0
-0.00011009469715390196,-0.02770889070303676,0.6783378717110392,0.08130849026471794,0
-0.00012613976910325297,-0.025163569931158175,0.6891055164537642,0.10552819987766306,0
-0.00017491360030908725,-0.025134537055935022,0.6991025711475809,0.10568247976404242,0
-0.00018275991077102723,-0.026035476746383707,0.6947087927073847,0.09713281541098576,0
-0.0001227029693130824,-0.0259967263860358,0.6850699459846724,0.09759147516710688,0
-0.00012192390740439597,-0.023400884381630224,0.6979635348690468,0.1223416903999065,0
-0.00016474038733147324,-0.024248718655669507,0.7035315803552222,0.11408922502516414,0
-0.000151101570146355,-0.023310250365282358,0.7079419008861887,0.12300018645069555,0
-0.00010584112459281171,-0.021564818599995504,0.7067659006081812,0.13988142615407925,0
-0.00011462368097569927,-0.022482762280171324,0.7023647177386141,0.1311115582769929,0
-0.00013706524879716003,-0.022386024326204085,0.7123430837557558,0.1317700543277819,0
-0.00012283508118355035,-0.02146127006597908,0.7167446753537865,0.14053407422191522,0
-8.437918768355716e-05,-0.019727070465495697,0.714148965237921,0.157491889734308,0
-6.568424700016075e-05,-0.017970502126801798,0.7218168431191524,0.1742717556677872,0
-7.489754383296196e-05,-0.018849540676574114,0.7179829041785367,0.1658818227010476,0
-8.248709776502314e-05,-0.018787766821424468,0.7273365196971802,0.16587644408987545,0
-9.460115119472232e-05,-0.019676440449715147,0.7235025807565645,0.15748651112313589,0
-0.00010787285065681566,-0.020533786165660584,0.7204362076686563,0.1493393060120296,0
-9.50077293973953e-05,-0.020645788007237507,0.7104574329230511,0.1486866579441936,0
-0.0001258270583410977,-0.024281881574840035,0.6935345256614055,0.11393494513878477,0
-7.251497329032079e-05,-0.017976198550409675,0.7314526299996786,0.17345850556560244,0
-5.061782909286834e-05,-0.016318114537794436,0.7314306325135687,0.18970641940816543,0
-5.818533905697211e-05,-0.01714803599138288,0.7266237378163605,0.18198908753797632,0
-6.298525052140133e-05,-0.017138003857298936,0.7362595246968868,0.18117583743579158,0
-5.424836494854577e-05,-0.016322473056923123,0.7413610454820192,0.18854395199111362,0
-4.414441840683011e-05,-0.015545542104727745,0.737277264617932,0.1966282566808502,0
-3.131446606947278e-05,-0.014744480030732799,0.7233410470519821,0.2065587334749643,0
-4.023132361443106e-05,-0.01552035283666822,0.7273858397827754,0.19813257644156487,0
-3.49171461059577e-05,-0.014754815321294946,0.7332324718871386,0.20505441371424965,0
-2.263346935818906e-05,-0.013233287503650267,0.7374289942924617,0.21976329443399187,0
-1.0114023150502777e-05,-0.011616960295601737,0.7335649636333194,0.23768016044684875,0
-1.5940245719409412e-05,-0.012409205238068443,0.7354969789628905,0.2287217274404203,0
-1.8103301986648672e-05,-0.01252565774409509,0.7452541801144981,0.2252807861819674,0
-1.1640135027277564e-05,-0.011697413783306427,0.7433221647849269,0.23423921918839585,0
-7.387715486833622e-21,-0.010000000000000082,0.7500000006248856,0.2499999997644252,0
-6.114592554082552e-06,-0.010868619059410795,0.75153968328071,0.24039913884718406,0
-7.442974382926404e-22,-0.010000000000000005,0.7593323132307124,0.24655393176978696,0
-2.956882965328465e-05,-0.013983450041558633,0.7402764455073785,0.21165669419376343,0
-2.7352049567637177e-05,-0.014001031802874481,0.7303850206722219,0.2131610139544781,0
-2.4394258540618348e-05,-0.013285466578043862,0.7460008210576212,0.2175267252471481,0
-5.474677681005367e-06,-0.010833901535555732,0.7417824821291025,0.24384008010563696,0
0.0004973093397217586,-0.03427014073309421,0.6535363908816177,0.019386004012556454,0
0.0006286254133893915,-0.03261854575758222,0.6410459136737935,0.03484794750628166,0
0.0002636884550032267,-0.030627940124508916,0.6509651446782341,0.053645497726891554,0
0.0004197743151746605,-0.03162253882735491,0.6460055291760138,0.0442467226165866,0
0.00018200835777147932,-0.03146731541954713,0.6577252529164586,0.04574519625769646,0
0.00034683074228798825,-0.03246413870213301,0.6527656374142382,0.03634642114739152,0
0.000589198557549694,-0.03344396069599111,0.6472911522777056,0.027116975759419057,0
0.00023377130584022654,-0.033288020378208924,0.6590108760181503,0.028615449400528917,0
0.00012356623129074998,-0.034248342006490545,0.6634708743850399,0.019610166210351124,0
9.025644140394635e-05,-0.0305053855867768,0.6612634314768733,0.05482673584240763,0
0.00011927410345396032,-0.028716354689904112,0.6563244711431577,0.07174688888128589,0
0.000181081576112732,-0.029671125925980223,0.6536448079106959,0.06269619330408872,0
3.7499406476708054e-05,-0.02954838442426615,0.6639430947093351,0.0638774314196048,0
7.881452143609272e-06,-0.028653821560085557,0.6659829195248277,0.07235455947708552,0
4.24346372763325e-05,-0.026973978845423012,0.6615167301618635,0.08832308552457142,0
7.549352890364328e-05,-0.027844088301934373,0.6589206006525106,0.08003498720292865,0
-1.8457210431519398e-05,-0.027781090390443495,0.6685790490341806,0.0806426577987283,0
-3.7431700004897764e-05,-0.026904228799687367,0.6712755528387221,0.08898891799056106,0
-1.5432980670529833e-05,-0.02539820501136869,0.6692109188849168,0.10339202116361602,0
-4.808750002052528e-05,-0.023571196308875518,0.6780116945874275,0.12095448341980913,0
-3.525186376508857e-05,-0.024483381790955418,0.6736113067361722,0.11217325229171257,0
-8.263067231350215e-05,-0.024365945471121957,0.6835586055205958,0.11324134164873609,0
-8.722713420639819e-05,-0.02348917855065774,0.6879876147282371,0.12164808690985782,0
-5.8566361756244075e-05,-0.021712892869881355,0.6867839377809706,0.13892656768892991,0
-5.701815103852045e-05,-0.019865394131912264,0.6955561811953163,0.1568986741374117,0
-4.552742410959408e-05,-0.018007625723460065,0.701175211309972,0.17523162807990014,0
-5.129790997480372e-05,-0.018933648092160738,0.6983656962526441,0.16606515110865594,0
-6.310062610412086e-05,-0.018860303097357048,0.7076620882739465,0.16636175890710408,0
-7.194298974818399e-05,-0.01980060972319632,0.7048525732166186,0.15719528193585985,0
-7.897649934696265e-05,-0.02071067665512552,0.7011610409017488,0.14839005014574547,0
-8.40270880469733e-05,-0.02164287276896,0.6967749191945759,0.13940399692150457,0
-5.8851934097080605e-05,-0.020787899495061678,0.6911700594881434,0.1479126209131708,0
9.254396034972044e-06,-0.026185188798385137,0.6653638245233902,0.09585755334409372,0
-5.871431160058474e-05,-0.02611408462892393,0.6751226472002487,0.09652338581008336,0
-7.347326580217898e-05,-0.025283289813449537,0.6791582176693405,0.10446011052063954,0
-8.679446560392096e-05,-0.022554128652005914,0.6923737363250086,0.1306341290444182,0
-5.533025478245489e-05,-0.022640622162958982,0.682397816184199,0.12994052555436952,0
-5.663295019980061e-05,-0.017995049532469783,0.7114960272145622,0.17475169187384365,0
-3.914829278237052e-05,-0.016337938611609877,0.7115032355982288,0.191487979852194,0
-2.161466647447158e-05,-0.014691747095815132,0.703545672115237,0.20946876252566052,0
-2.9484124540956796e-05,-0.015503520334248112,0.7075244538567329,0.20047837118892725,0
-3.562155320424136e-05,-0.015546603031874398,0.7174221413251054,0.19902335666357918,0
-2.6824337100922933e-05,-0.01472624859661227,0.7134433595836096,0.20801374800031242,0
-1.6938722881507135e-05,-0.013125937080263729,0.7168920246251488,0.2247023662518478,0
-7.141863728832535e-06,-0.011466814197085973,0.7165692179196389,0.24356367776483046,0
-1.170611031664583e-05,-0.012281211776878215,0.7167306212723938,0.23413302200833913,0
-1.4052191686242322e-05,-0.012389772596874045,0.7252284941292341,0.23119126334934828,0
-8.67260826014479e-06,-0.011547058652496311,0.7250670907764791,0.2406219191058396,0
-4.576624893133394e-21,-0.010000000000000085,0.7313353754428176,0.2568921357720906,0
-3.938330775383577e-06,-0.010746192049108778,0.7239522966812282,0.2502279067684605,0
-4.661652670141118e-06,-0.010784406520699931,0.7324501695380685,0.24728614810946967,0
-6.669298785073648e-22,-0.010000000000000014,0.7406676880338516,0.2534460677682579,0
-4.562269618213491e-05,-0.016333767172763886,0.7214669340558988,0.19059719963017974,0
-5.126963118243198e-05,-0.017145158070115803,0.7166600393586906,0.1828798677599906,0
-4.2826018146903915e-05,-0.017174264128552365,0.7063392234541004,0.18335980396604706,0
-2.348273005626493e-05,-0.013920512836200378,0.7201165358385655,0.21563054986340607,0
-1.978194731476618e-05,-0.013915514365529048,0.7102188483701929,0.21708556438875415,0
-2.0059933833433875e-05,-0.013185963001969465,0.7271605094588052,0.22223283034291985,0
0.0011781325592192832,-0.03458844461159014,0.6338995900486742,0.016300267908866697,0
0.0010643986088430745,-0.03306729859869563,0.6203046841805937,0.030497882150161255,0
0.000637886405428561,-0.031047262778944006,0.6274587196050837,0.04955993973266284,0
0.00037095759915396824,-0.02911913171683478,0.6347481883168745,0.06781553945436038,0
0.000489433166452775,-0.03008225252465369,0.6311034539609791,0.058687739593511604,0
0.0004597462659442433,-0.030838743148311032,0.639211932141659,0.051602718729777196,0
0.0003335551865219985,-0.029874087861383295,0.6428566664975544,0.06073051859062596,0
0.0002471309224697549,-0.02891901674394226,0.6455363297300161,0.06978121416782312,0
0.00020603773447455662,-0.027232122847143964,0.6418524652912797,0.0857655764180609,0
0.00017251685409948496,-0.027974710170255445,0.6490884682172187,0.0787562326496734,0
0.0002788009545020946,-0.028174327254564695,0.6383003268040771,0.07679055793621065,0
0.0008599263526140291,-0.0344302151723508,0.643717990465146,0.017843135960711576,0
0.0008677592212784928,-0.033603113589648057,0.6374727518612339,0.02557410770757418,0
0.0011334328726137846,-0.033827703908516846,0.6271021371146339,0.023399075029513976,0
0.0008642462768702797,-0.03284355015039171,0.6306752989271935,0.03267291482822146,0
0.000647149283669243,-0.0318330036260446,0.6342523166394386,0.042203943619472245,0
0.0008282869689529413,-0.032056686120749904,0.6238817018928386,0.040028910941412046,0
0.0001248525194420419,-0.027104590407764036,0.6516845977265716,0.08704433097131617,0
0.00010580906692766128,-0.025490032340919448,0.6492283772944246,0.10244561775190476,0
3.770418273018861e-05,-0.023715471612574222,0.658059274676941,0.11957561301092376,0
4.557531108561274e-05,-0.025446406301540277,0.6592196480896707,0.1029188194577604,0
6.720936551248642e-05,-0.024600899974649305,0.6536438259856828,0.11101061538141427,0
1.569910296124824e-05,-0.02455603947076295,0.6636350967809289,0.1114838170872699,0
-5.899210931054199e-06,-0.023646453586763497,0.6680354846321843,0.12026504821536645,0
-4.7548878008195727e-07,-0.02187145034350472,0.6668319062453805,0.13754205766423638,0
-1.9037663458360358e-05,-0.02004799739209631,0.6756045263380932,0.15550870832458405,0
-1.8674641317004254e-05,-0.018116962722926663,0.6798371567020206,0.17490858240559456,0
-1.9230170969862407e-05,-0.019077118135149205,0.6777208415200568,0.1652086453650893,0
-3.902728723330988e-05,-0.019962436282440488,0.6855803537667047,0.15620369123099787,0
-3.539177527119981e-05,-0.01898678420401962,0.6876966689486684,0.16590362827150312,0
-3.28520571048188e-05,-0.01807075304847935,0.6905061840059963,0.17507010524274735,0
-2.2668118969358847e-05,-0.01624879384571935,0.6916403843382453,0.19382463699657063,0
-2.1790282963233966e-05,-0.017181020523416562,0.685738770520133,0.1843666097010826,0
-3.273575013113622e-05,-0.017119340743549528,0.6964077978241086,0.18452813253823538,0
-3.129001770023743e-05,-0.01630109089429817,0.7015718099682371,0.1926563084243823,0
-2.2780529658303306e-05,-0.015472214346682635,0.6975930282267411,0.20164669976111557,0
-1.0060572961554678e-05,-0.014588511472125353,0.6837172599423478,0.21209964592416716,0
-9.686568729365084e-06,-0.012806319783158486,0.6979374643928059,0.23109046613988363,0
-3.898266024530282e-06,-0.011111372242210111,0.7027601308519654,0.25078020071896917,0
-6.775119593920246e-06,-0.011945359741194544,0.7003487976223857,0.2409353334294264,0
-5.423592905142715e-06,-0.01129208716996795,0.7096646743858022,0.2471719392418998,0
-9.083929102624217e-06,-0.012155041292300174,0.7072533411562224,0.23732707195235703,0
-1.3286962829359157e-05,-0.012973538815578195,0.7074147445089773,0.2278964161958657,0
-1.4908308837246963e-05,-0.013729613043449078,0.7007415682540215,0.22027961433277207,0
-1.5974420437970097e-05,-0.014651146845893673,0.6936314660287923,0.21078420422491384,0
-1.063555506270441e-05,-0.013697659410426645,0.6908273621675769,0.2215950560320254,0
8.001568363330837e-05,-0.026232095859429417,0.6553725537281441,0.0953843516382381,0
0.00015005378983209345,-0.026359603153417146,0.6455404212928522,0.09410559708498284,0
-2.0793464458747815e-05,-0.022719628660776498,0.672421800416404,0.12924827054202276,0
-3.0513012319065365e-05,-0.02179643203583247,0.6768079220131755,0.13823431267658315,0
-1.1646557019590751e-05,-0.020957012108013116,0.6712182162917368,0.1465253829944102,0
-3.6274460883272795e-05,-0.020877537855157884,0.6811942320595319,0.14721763800675697,0
1.5539628765965077e-05,-0.02279103758631583,0.6624455904611608,0.12855883533758006,0
-1.55196320240058e-05,-0.015408382232602167,0.6876788221402965,0.2029621414603689,0
-2.541098841762886e-21,-0.010000000000000075,0.7124075085155395,0.2630154554642965,0
-4.446922973085072e-22,-0.010000000000000035,0.7218714419791785,0.25995379561819354,0
-3.1442741318090524e-06,-0.010705089949869523,0.7144883632175891,0.2532895666145635,0
-2.1076976313975055e-06,-0.010554302139617283,0.7075838196837525,0.25689782809163286,0
0.0016919826314054991,-0.03512274697474903,0.6146964206283364,0.011142096279108598,0
0.0013197509283413762,-0.033503799493755676,0.5966935488964247,0.02621294395506632,0
0.0008677837797995974,-0.0313738392453076,0.6058960105775167,0.046303668290501844,0
0.0010782151779213768,-0.03243832971714297,0.6012947797369708,0.03625830612278408,0
0.000968783526480366,-0.0322208934712467,0.6131003473790553,0.03840077522033155,0
0.0007700669594089098,-0.031210994857581744,0.6166773650913002,0.04793180401158234,0
0.0005816329238533896,-0.02947360305255031,0.6117923821742535,0.06424910037655843,0
0.0006186276869592174,-0.030261154822890202,0.6196255508896686,0.056904520054610636,0
0.0004871644551368084,-0.029297203206430693,0.623270285245564,0.06603231991545941,0
0.00035461627278840946,-0.02746354449950683,0.6212906696667984,0.08334894571319389,0
0.00036876283763003046,-0.028292015763319373,0.6280194289918364,0.07558224258377713,0
0.0004573197598530678,-0.028467112926987826,0.6165415259205259,0.07379902304487615,0
0.0014680792042581542,-0.034855906851828294,0.6242980053385053,0.013721182093987648,0
0.001348085943661572,-0.03409487943626353,0.617500552404465,0.020819989214634925,0
0.0015082432464005905,-0.0343134233693682,0.6056949847623805,0.01867752011708746,0
0.0012266020619089652,-0.03328566288673057,0.6084991165385092,0.028355413052613788,0
0.0007124142982966672,-0.030423036036842294,0.608844196375885,0.05527638433353013,0
0.00028507332288163067,-0.027349046046115225,0.631571567479039,0.08455726106562739,0
0.00021919824751867866,-0.025701640602152746,0.6293365555253341,0.10019697822644286,0
0.0002805121109223116,-0.02658099184558743,0.6253136125960662,0.09177296196981838,0
0.000217337243656873,-0.02646754182108595,0.635594510408307,0.09298127732225188,0
0.00016464050025566114,-0.02559757603981231,0.6392824664098793,0.1013212979891738,0
0.00012213663575315608,-0.023832590528858506,0.638104500036911,0.11823056239124355,0
0.0001173286127934094,-0.024661444607149686,0.6436664386656679,0.11033809007157416,0
0.00016533722972216462,-0.024764661767291852,0.6337205277811225,0.1092137703088432,0
8.096880362321684e-05,-0.023776790821799836,0.6480818873569261,0.11890308770108365,0
6.0977493846660474e-05,-0.021995207999425857,0.6468787495740792,0.1361737177608857,0
8.789705441316277e-05,-0.022910784821317802,0.642491624805495,0.12720214007606462,0
5.226103465430971e-05,-0.022854834842730015,0.6524690121255101,0.12787466538590472,0
3.042253995483421e-05,-0.0219373012743162,0.6568553279097298,0.13685788771256102,0
2.427259321120778e-05,-0.020230044449870668,0.6556837845419553,0.15367501528958802,0
1.415650426478376e-05,-0.021049496004970615,0.6612578453936679,0.1456085364769122,0
2.256654277253313e-06,-0.020144470009653626,0.6656441554400243,0.15459186180708603,0
3.163513534834331e-06,-0.019010975098589972,0.6648525028876655,0.1659557886082659,0
-6.827683954955178e-06,-0.019529385525690876,0.6702285146128794,0.16073224846642498,0
-8.902896228668824e-06,-0.01856705511910243,0.6723448297948431,0.17043218550693023,0
1.006544690114608e-05,-0.01754844580980886,0.6586966242074065,0.18083803542788227,0
-4.558237443696398e-06,-0.016094668129790254,0.6717718839429352,0.19611432391905534,0
1.5486362033030498e-06,-0.016819926337152676,0.6652342540751708,0.1884761796734688,0
-1.0354246928623632e-05,-0.017096023205743483,0.6758045203224778,0.18551145316232495,0
-3.4879883181249713e-06,-0.017840922769423243,0.6692668904547135,0.17787330891673842,0
7.263187386620529e-06,-0.018276487171578405,0.661774563547536,0.17339691201807408,0
4.022576387790817e-05,-0.0211090272452498,0.6512812670580173,0.14492436652523685,0
1.2554471193129736e-05,-0.019619135943457027,0.6602681437148104,0.15981540194892696,0
-1.364133962634879e-05,-0.01618123865114688,0.6817061341405902,0.19496948045781298,0
-8.122709418551636e-06,-0.015340007003481218,0.6777445719426415,0.20410698492161125,0
1.6000462151475072e-06,-0.014413115894554821,0.663858717924707,0.21447448030890617,0
-2.642264359696277e-06,-0.012625788497719009,0.6757489862072996,0.2350399772647792,0
-3.4468642798341908e-06,-0.011549906098734339,0.6885888081087223,0.24736965049269383,0
-3.4411148072944947e-06,-0.012090815270153933,0.6821688971580109,0.24120481387873652,0
-6.100736986228446e-06,-0.012165967794387498,0.6932631362507641,0.23923005831628874,0
-3.868955255287707e-06,-0.011342166824610766,0.6956744694803438,0.2490749256058315,0
-1.897552325196644e-21,-0.010000000000000083,0.6930494219834117,0.2675774455059059,0
-1.7193618911170468e-06,-0.010749747907578254,0.690819115046067,0.2574735479992999,0
-1.5538657731903525e-06,-0.010534183684839488,0.6979047764176886,0.25917882311243756,0
-1.3269310010953796e-22,-0.010000000000000026,0.7027284652494756,0.2652964504851012,0
-4.135028782807723e-06,-0.01451373426951693,0.6737879889335274,0.21328706311653667,0
-5.592507225014782e-06,-0.013587141573998153,0.6797331230748237,0.2235698115944732,0
-1.3012210805342374e-06,-0.013509242087864451,0.6698038520660032,0.22475722878684268,0
-6.134811710014392e-06,-0.012734584145718868,0.6868432253000527,0.2330652217023314,0
-8.116023585666112e-07,-0.015245436154284774,0.667815300933821,0.20529440211398076,0
0.0019832826002694447,-0.035795311392819495,0.5958858787087112,0.0046833211551863,0
0.0015970334556060285,-0.03482661340101379,0.5820621078393388,0.013686642368386275,0
0.0011452157819316759,-0.03311573426135026,0.5739761155559623,0.02967717781765532,0
0.0009061208983128658,-0.03145341577786569,0.5840557273324147,0.04534837212685583,0
0.0012539585830019843,-0.033309765337452606,0.5853348322261935,0.02794506088636082,0
0.0010259242060279127,-0.03228418534106025,0.5790159214441886,0.03751277497225557,0
0.0010970285540844993,-0.03247921821947414,0.5903746381144197,0.035780658040961075,0
0.0009068180153289895,-0.031413703699196806,0.5949758689549658,0.04582602020867883,0
0.0006532949179785671,-0.02956861182939439,0.5922707461903471,0.06312557473955178,0
0.0004496902766032549,-0.027654251544278526,0.6008258500244623,0.08124963447563031,0
0.0005446509417666194,-0.028610298739713033,0.5965482981074047,0.07218760460759105,0
0.0005138200237379719,-0.02856468568337018,0.6063091160993579,0.07274936742609436,0
0.0006288001181650266,-0.029521386076380163,0.6020315641823003,0.06368733755805511,0
0.0007573283015259849,-0.030472025452035725,0.599083378383932,0.05471462151502682,0
0.0007731924437768368,-0.03051038898539664,0.5881632367613809,0.05423697343320381,0
0.0018727586009624725,-0.0354588538548361,0.6052911496685238,0.00791270871714745,0
0.0016206099964013812,-0.034649697019252454,0.596289713802568,0.01544813255512631,0
0.0017882862665133453,-0.03531104614686853,0.588973993274025,0.009184981761786289,0
0.0014707501670974425,-0.034164889768597065,0.5893778283678817,0.0199497931617263,0
0.001354372112340904,-0.03397155183671986,0.5780191116976505,0.021681910093020798,0
0.0004098460388795586,-0.0275595131746581,0.6110582598456303,0.0822992900944121,0
0.00029877791631336564,-0.025774000286050334,0.6095677457514823,0.09916290052112338,0
0.0002636829465774235,-0.025739083415189254,0.6194521506384082,0.09967993937378311,0
0.0003280541802931603,-0.026619783676219536,0.6154292077091403,0.09125592311715863,0
0.00036835534803433324,-0.02671238456871565,0.6051967978879723,0.09020626749837685,0
0.00019108640515052221,-0.023915586383850433,0.618139992582333,0.11702524379888925,0
0.00011615757384935991,-0.022083232439492242,0.6269211949239393,0.13486853556879916,0
0.00015002436484660333,-0.02299598705801388,0.6225305937531361,0.1259468896838442,0
0.0001593117363204859,-0.0238761974830546,0.628122246309622,0.1176279030950664,0
0.00020672339826020852,-0.024809518319357043,0.6237382740538335,0.10861111101266605,0
0.00024020122206328237,-0.024842313525561037,0.6138538691669077,0.10809407216000631,0
8.994068452330853e-05,-0.02204250274717367,0.6368999722490092,0.13552112666484242,0
0.00012097136616070167,-0.02295862690493068,0.6325128474804251,0.12654954898002135,0
6.674989248265994e-05,-0.02038067071309608,0.6360098268440307,0.15175358151631171,0
8.899605355799998e-05,-0.021227935216902256,0.6314655108839851,0.14331105854255544,0
6.54862834758515e-05,-0.021188250832799276,0.641444288209055,0.1439636496385987,0
4.595350417235207e-05,-0.020309912817829158,0.645846805692993,0.15271429840294987,0
3.3614041593573096e-05,-0.018878558300790646,0.6462992519532156,0.16701062947586962,0
3.171494104182254e-05,-0.017275818949196185,0.6390492213608278,0.1830291030299914,0
1.2378493121829854e-05,-0.01585534353708659,0.6519081307430754,0.1984450164314163,0
2.154743136565479e-05,-0.017420678033952672,0.6488729227841171,0.18193356922893683,0
1.1755192090475736e-05,-0.01669652908639849,0.6553023774752409,0.18964152592964928,0
2.092156491595013e-05,-0.016560805787197222,0.6454786760519515,0.19073705973070385,0
4.8497693310660835e-05,-0.01962588028418227,0.6411545393986231,0.15938210549609066,0
2.9998667222326068e-05,-0.019553948077848344,0.6509915182475854,0.16034282238272882,0
1.8864432626723146e-05,-0.018950651128765005,0.6555758774204405,0.16648320904206776,0
2.0525841818117673e-05,-0.01821134890598449,0.6524979380803111,0.17392433245187594,0
3.3134602526562435e-05,-0.018075131740873343,0.6426742366570217,0.1750198662529305,0
4.225739930378001e-06,-0.015985745644482668,0.6618400073430053,0.19727967017523582,0
6.1170324543013746e-06,-0.015129340212464001,0.6578834243338911,0.20645974837016123,0
1.1477564510638591e-05,-0.014166197462038893,0.644444025369929,0.21647954566309244,0
1.2309263488942772e-05,-0.015004611067495488,0.6481760780565022,0.20746228104725437,0
6.823774406981517e-06,-0.014303023113906166,0.654151371647318,0.2154770129859993,0
3.3949254036571297e-06,-0.012802862353210587,0.6559475711180944,0.23285172461230097,0
3.9810125339617503e-07,-0.01128965374879121,0.6636053604137896,0.25194264261217225,0
-9.743241417370255e-07,-0.010940257821567196,0.6774139527831002,0.25626470088266506,0
-1.8096147215699017e-06,-0.011761621841370562,0.6765814694951999,0.24565233907372214,0
-4.228492319696725e-07,-0.011124834801491307,0.670509656598445,0.25410367174741866,0
-6.133441069543816e-07,-0.011950652725388408,0.6696771733105447,0.24349130993847573,0
2.5912269770604013e-07,-0.01273103869206939,0.665848278662697,0.2339458509385401,0
1.4921122302063059e-06,-0.012030944761435843,0.659776465765942,0.2423971836122366,0
2.935232411563255e-06,-0.013598277791269759,0.6599031445214008,0.22366310246060356,0
6.779819639376897e-06,-0.013476371889990383,0.6501957982440116,0.22466563513769672,0
-2.018350023037287e-06,-0.01124627489066669,0.6830013804459112,0.2518171756876795,0
-8.157940493985138e-07,-0.010473248068710138,0.685231687383256,0.2619210731942855,0
-1.9854402652804045e-22,-0.010000000000000077,0.6732965042312522,0.2698440293940874,0
-1.3764285392882393e-22,-0.010000000000000026,0.683172963107332,0.26871073744999663,0
-3.6463433662052173e-07,-0.010456125883042941,0.6753552285071762,0.2630543651383762,0
0.0020266682631115856,-0.03652521248887886,0.577258031834682,-0.0022902786506596405,0
0.002039315763181232,-0.036159833169261024,0.5865719552716966,0.0011965212522633299,0
0.0018068009828308628,-0.03567596528449284,0.5796600698370105,0.005698181858863317,0
0.0014538189508830476,-0.03517485881438347,0.5642257470835262,0.010310523166010296,0
0.0009874810398494542,-0.033515459297709,0.5538868074098869,0.025797419645984143,0
0.0012037005241816933,-0.03434560324576487,0.5590562772467066,0.01805397140599722,0
0.0013016634315525548,-0.034145119187523346,0.5691009313197443,0.019993850491832808,0
0.0010844698598141255,-0.033315072461238,0.5639314614829246,0.02773729873181973,0
0.0008072254821401607,-0.03154329481657892,0.5630599259779814,0.04431483536416221,0
0.0008996786293845995,-0.03252918999286442,0.5584733666939341,0.03505612750507318,0
0.0009653737918929338,-0.032330053593796995,0.5685180207669718,0.036996006590908764,0
0.0008718257047429182,-0.03149802022181103,0.573557826655198,0.04483160374550902,0
0.0006366498042334889,-0.029704368925902218,0.5718795839853028,0.06160580818189389,0
0.0007210671514672552,-0.030623398576364782,0.5674697549816421,0.05296032177302805,0
0.0007630054317920847,-0.030579760901073928,0.5779676556588588,0.05347709015437486,0
0.0006568351502677513,-0.02963627681909881,0.582075165087825,0.062365691460722836,0
0.00047427969497835663,-0.027793839786184438,0.5807974631090667,0.07961535403304638,0
0.0004704560239535005,-0.02772405817716806,0.5908116565667645,0.08043249425433835,0
0.000559008477122191,-0.028682345016588152,0.5865341046497069,0.07137046438629908,0
0.000552402969941279,-0.028748241721230347,0.5763385235471847,0.07061058110747014,0
0.0015441991481210332,-0.03500039585411856,0.5731439274614325,0.011998582767198285,0
0.0017248455405205261,-0.035850301707143574,0.5707418894591041,0.004010122257675328,0
0.0003394524268088532,-0.02589170278003134,0.5896174414977992,0.09763073999401192,0
0.0004031240481267163,-0.026841312219212227,0.585207452303433,0.08862304701352916,0
0.0003925634851787827,-0.026774370766409622,0.5952216457611308,0.08944018723482111,0
0.00032488284380857745,-0.025833286002497857,0.5995925936246407,0.09839682025756766,0
0.0002350102468992287,-0.024016441356519914,0.5981959722617399,0.11552586081973672,0
0.00015562558345884268,-0.02212394117347328,0.6069469805932654,0.13380252954666408,0
9.905252449505852e-05,-0.020314967057592923,0.6162211120134026,0.15161674385103469,0
0.00012494499887080696,-0.02121464151996074,0.611584046303334,0.1427096366988494,0
0.00010829505362983723,-0.02120066364210806,0.621571153468671,0.1432426397099169,0
0.00013827731640634345,-0.02210589504128029,0.6169340877586023,0.13433553255773162,0
0.0001737462284116372,-0.023021641816328924,0.6125434865877992,0.12541388667277667,0
0.0002168036146097599,-0.02396711764141824,0.6081679824220365,0.11627555230931298,0
0.0001921628514371727,-0.023066728769748433,0.6025714764275026,0.1246641951832004,0
0.0002836650710612823,-0.024951842349191664,0.5939067068797695,0.10657830040687433,0
0.00026657881261577996,-0.02489694548127116,0.6038818590066111,0.10734438067043005,0
8.442593175904098e-05,-0.02035192481964765,0.6261154694287167,0.1516851626836732,0
5.942528485581772e-05,-0.018717834506801135,0.6271957145495803,0.1678567782098901,0
4.6975169800162385e-05,-0.016946881424110286,0.6194722773743818,0.18510204329192437,0
2.5648564571690006e-05,-0.01553284428096024,0.6321193340366981,0.20072240704723443,0
2.8891555487577247e-05,-0.016400998266745858,0.6355842776987629,0.19187575503861293,0
1.9588453040433953e-05,-0.015705405252228036,0.6420137323898867,0.19958371173932538,0
1.7745861467058835e-05,-0.014841848298761591,0.6382816797033135,0.20860097635516345,0
1.8398931493443718e-05,-0.013863622928098649,0.6258424499664997,0.21800165798486687,0
2.2085156179211853e-05,-0.014694166809276755,0.6289808920015989,0.20936203251605065,0
1.5323570429903564e-05,-0.014027514561425298,0.6351432376682143,0.21724060182397964,0
8.272935480391732e-06,-0.012654647861206892,0.6382949595242284,0.23320349666386347,0
2.8015096680652513e-06,-0.011325193275846161,0.6455152054786448,0.2503076118075544,0
3.48442702045302e-06,-0.012057794243055479,0.6507313882983696,0.24157966820992768,0
1.6093129002052647e-06,-0.01132468520279373,0.6545602829462172,0.25112512720986335,0
1.010814708539799e-21,-0.010000000000000063,0.6534213954170096,0.2693798926734765,0
2.938735877055719e-38,-0.010000000000000044,0.6633589498241309,0.26961196103378193,0
-1.0478286615674933e-07,-0.010625744447476815,0.668450932322521,0.2608933360031298,0
4.861568137007925e-07,-0.010628999399176166,0.6585133779153995,0.2606612676428244,0
1.0344631564969769e-06,-0.010637350354022072,0.6494683004478272,0.2598437522405155,0
6.364540247065228e-05,-0.01954930286431407,0.6316027706968055,0.1598051798631009,0
7.758023275894958e-05,-0.019510911122782967,0.6217084132814914,0.1597367610304624,0
4.744756539917882e-05,-0.018804134223760066,0.636747483251398,0.16743370384287987,0
4.430122174831035e-05,-0.017991607212025224,0.6331224679552041,0.17544294061994076,0
5.3274267616140686e-05,-0.0178320428181159,0.623333995961981,0.17647941075090723,0
4.026402663675032e-05,-0.017119784518888584,0.6292607493676048,0.1840655731609579,0
3.5374095938400443e-05,-0.016231936891479896,0.6257958057055399,0.1929122251695794,0
1.0033752025968691e-05,-0.013403625584949948,0.6413694924470787,0.22484152116347794,0
1.2752205942324427e-05,-0.013249841930563083,0.6320687047453641,0.22560257732436517,0
5.984219217624532e-06,-0.01274217909948215,0.6471212653211614,0.23302761063808222,0
5.131425267843671e-06,-0.011975746975657963,0.6419050825014366,0.24175555423570894,0
0.0018202804554977002,-0.03723218508576758,0.5585399516974191,-0.009015357972574712,0
0.0011407036283750404,-0.03573246091808665,0.5434765772733281,0.004989590757075055,0
0.00068022224633916,-0.03369058546886458,0.5339998274675888,0.02406156645520696,0
0.0008891910368627035,-0.034712117069511744,0.5387382023704584,0.014525578606141006,0
0.000845172686663669,-0.033602469843267105,0.5439433174387378,0.024929493050595553,0
0.0010740187395839843,-0.03462391977405975,0.5486816923416076,0.015393505201529599,0
0.001319729583340709,-0.03545309269783436,0.5538511621784272,0.007650056961542676,0
0.001458768918787116,-0.03648261497419178,0.5510082644853735,-0.0020128836077498284,0
0.001636721444472496,-0.03620362881342208,0.5613828493904727,0.0006475825967177922,0
0.00195294469629105,-0.036878221714858196,0.5678989917660506,-0.005652818311617176,0
0.0006279007677665721,-0.03176388087744559,0.54316535732098,0.042105336044845385,0
0.0006607022914741324,-0.032727252290871554,0.5385825923942844,0.03308345125002617,0
0.0007932665055395005,-0.03264028852719653,0.5485260823654334,0.033951377845414764,0
0.0007290267196963297,-0.031652949333931486,0.5531126416494807,0.0432100857045038,0
0.0005350711139025448,-0.029844796157488102,0.5519374474501282,0.06007927232285805,0
0.0006611331246695361,-0.03069487311186779,0.5574986867140548,0.05219705384351013,0
0.0005841117514200827,-0.030804207735829373,0.5475514023855541,0.05109230418385172,0
0.0005955502678396346,-0.02977396360249079,0.5619085157177155,0.06084254025237597,0
0.0004312831681671753,-0.02792317423299978,0.5607407860302092,0.07809788790431178,0
0.00033272280617258396,-0.026017416214065274,0.5695400445281462,0.0960195847106134,0
0.0003421989554663116,-0.025954148628322755,0.5795787430129726,0.09682516235231267,0
0.0003991846741512171,-0.02690731199101693,0.5751687538186064,0.0878174693718299,0
0.00038079779883641953,-0.026969344989791064,0.5651404152791777,0.0870587363074626,0
0.0004607945649262588,-0.027857936187543862,0.5707691245696379,0.07885662096867908,0
0.0005266576776340947,-0.028815002315040514,0.566310185007756,0.06985184804310283,0
0.00048338088356835596,-0.028883540393065253,0.5563391167401687,0.06908858011358492,0
0.00024753463682484356,-0.024140395303259427,0.5782698996140702,0.11376887234668114,0
0.00028830828738792165,-0.025077220739244496,0.5739049720711082,0.10489422852864727,0
0.00029136408780903176,-0.02501825166537062,0.5839436705559347,0.10569980617034652,0
0.000245574619440743,-0.02407835155771338,0.588232935937905,0.11464736658320893,0
0.00017558623463267116,-0.022216829967851705,0.5870155112134005,0.1321229784362232,0
0.00011791375967147371,-0.02025724073859383,0.5967045659697454,0.15115393200973065,0
0.0001685060880936201,-0.022171087302190907,0.5969812459033329,0.13296275399144364,0
0.00013626246625704597,-0.021193456471942075,0.6018257732815053,0.14247823077819738,0
0.00014473836289765178,-0.021231881573227425,0.5918600385915729,0.1416384552229769,0
0.00020427354500498262,-0.02311942899532412,0.5926057417375702,0.12382441962797996,0
0.00020941820205909483,-0.0231757168533127,0.5826427054137353,0.12294592539145216,0
0.00011036094123373166,-0.020288651450731547,0.606462838991574,0.15138533793038267,0
7.616736435200778e-05,-0.018472532227247925,0.6076610041138727,0.16906378925741206,0
8.739867837972284e-05,-0.019395312473262424,0.6119410580636376,0.16034026655422337,0
9.555211083565227e-05,-0.01935758499643335,0.6021827850418091,0.16010886063357135,0
6.912827462509937e-05,-0.018600694756061867,0.6174283593317265,0.16846028373365107,0
6.050738226479874e-05,-0.017701906255961738,0.6135666407441273,0.1770829162746682,0
5.4337197491224835e-05,-0.01656357281560571,0.6001844288071226,0.1871027007403573,0
3.361905608312926e-05,-0.015113369369311914,0.612239296077072,0.20305016732492107,0
2.5393606444790086e-05,-0.01447856610020714,0.6190408730217858,0.21052591265489395,0
3.037353865733733e-05,-0.015334606382423904,0.6221793150568851,0.20188628718607776,0
4.019791466342846e-05,-0.016029627663592002,0.6158557867257268,0.19407610530842273,0
5.165826280844569e-05,-0.016762662120162867,0.6098283530907522,0.18610237201614083,0
4.3296529518662804e-05,-0.015827485411871196,0.6062118624420973,0.1950764340326392,0
6.481112847081976e-05,-0.017519960767701626,0.6039227164604977,0.17808324499888467,0
1.9936021585769847e-05,-0.013159657811152524,0.6059643512876625,0.22247306279286985,0
1.1768083274163313e-05,-0.012474290932399549,0.6214427103706078,0.23283766661517064,0
1.5648116811513573e-05,-0.012812829159321295,0.6137035308291352,0.22765536470402026,0
1.5057349536034607e-05,-0.013164285805091071,0.6236425801685538,0.22541966230001875,0
1.980868388367021e-05,-0.013528495958972642,0.6159034006270812,0.22023736038886838,0
2.6572195986899817e-05,-0.014133935018821734,0.6091018236823672,0.21276161505889546,0
1.0217046052029613e-05,-0.012576172539957449,0.6298688349474182,0.23302058163951705,0
4.877859719044934e-06,-0.011271040518985009,0.6275640397127674,0.24821241545827796,0
1.9309704219437815e-21,-0.010000000000000078,0.6337804105772695,0.2662788319031117,0
2.0588894631112598e-06,-0.01061049042115987,0.6306722251450185,0.2572456236806948,0
3.931740177058961e-06,-0.011314175245571531,0.6365396225957061,0.24926001363291617,0
6.873623042395538e-06,-0.011963413146841545,0.632929499618498,0.2407079560610707,0
7.973806895745646e-06,-0.01185942631213642,0.6245033750416876,0.24052504103672429,0
2.7528570785764795e-22,-0.010000000000000028,0.6436009029971396,0.2678293622882941,0
1.6742610167515783e-06,-0.01065598963354521,0.6396478080279572,0.25829322185533304,0
0.0013800971383161778,-0.03783340986348632,0.539488610646585,-0.014715731677888208,0
0.0016233814857376586,-0.03753236591783064,0.549014281172002,-0.01186554482523146,0
0.0012615123830505247,-0.036783165025827076,0.5414825939599566,-0.004863070460406576,0
0.000881002594451051,-0.036961234251610374,0.527728781043372,-0.00656628746119718,0
0.0005994124925792281,-0.0354897893652505,0.5227960735947136,0.00720173659364028,0
0.0006539349910438398,-0.03459016284241855,0.5283979505311511,0.01563165152442362,0
0.0008727930437156022,-0.03561071706943909,0.5331363254340209,0.006095663675357668,0
0.0007311175075411221,-0.03622574569000605,0.5252624273190427,0.00031772456622155025,0
0.00103191428829843,-0.03634651622811106,0.53560267915835,-0.0007883483520610625,0
0.001120919238623868,-0.03739736182581858,0.5336086958449785,-0.010641009569542694,0
0.00036358309555455093,-0.03190227154250806,0.5232136862092533,0.04071538972161765,0
0.000503164269953418,-0.031832316110898484,0.5331895217651167,0.04141036288323152,0
0.0005072986841919364,-0.032796975550846326,0.5286067568384211,0.032388478088412304,0
0.00030775597893961844,-0.03377787146906545,0.5147338112384672,0.023191356035251676,0
0.00034418850983949754,-0.032840318654199105,0.5189737487238603,0.031953372878434666,0
0.0004996769010320145,-0.03373366105561202,0.524366819353028,0.023626461245229317,0
0.00044055443299667,-0.034634191563422644,0.5187649424165903,0.015196546314445978,0
0.0003640375144854804,-0.029976736464789905,0.531985789160207,0.05868932629217773,0
0.00032941618361339735,-0.028050816137059262,0.5407582176129966,0.07665852978913269,0
0.0002782621128883362,-0.026128051355839267,0.5495319660249448,0.09460878065715422,0
0.00038690039453736656,-0.027985941382580558,0.5507495018216029,0.07737820884672224,0
0.00034885352277302007,-0.027027344617472,0.5551363760275769,0.086353334280733,0
0.00030500696249755076,-0.02708911246893219,0.5451450918189706,0.08563365522314345,0
0.00036958789033800265,-0.030939693422990508,0.5275997376847301,0.04970235800689769,0
0.00048426911583222636,-0.03087111527642166,0.5375755732405936,0.050397331168511555,0
0.0004568128327871159,-0.02990985701299591,0.5419616183051676,0.05938429930751789,0
0.0004236036033777787,-0.02894900172780926,0.5463478325315624,0.06836890105599537,0
0.00034981880318067215,-0.029013794213522605,0.5363720033866017,0.06767392804065521,0
0.00031094346551228177,-0.026071600725943552,0.5595360052765455,0.09531418268388381,0
0.0002234834472551958,-0.024222896765496056,0.5583139669302936,0.11244054904585614,0
0.00023975280323732678,-0.02418060567849073,0.5682919332721819,0.11310471069626864,0
0.00027434142146051844,-0.025122588443114657,0.5639270057292198,0.10423006687823477,0
0.00025085230350207555,-0.025174556458264892,0.5539229664776192,0.10352466485150519,0
0.00017485176297607025,-0.022427076379649552,0.5671593567259444,0.12936237357426875,0
0.0001212713267490256,-0.02023098963412714,0.5745645920826571,0.1501194855818114,0
8.190281884450437e-05,-0.01819368815029354,0.5878182058946723,0.17019806637065574,0
0.00010075348678780135,-0.01920268713053656,0.5811913989886647,0.16015877597623357,0
9.886863147024646e-05,-0.01922956734653659,0.5922613859322088,0.1606759991901932,0
0.0001222349367110597,-0.02024458896222607,0.5856345790262012,0.150636708795771,0
0.00014704322492381942,-0.021229287432779822,0.5807900516480288,0.1411212320090173,0
0.0001783702575064123,-0.022320693285314018,0.5770874339696724,0.13074267600524597,0
0.00014625816189096257,-0.021325941921951534,0.5708619744043008,0.13974092957804007,0
0.00020922070928165569,-0.023286792067889195,0.5727146281700073,0.12156562296047493,0
0.0001986981186972998,-0.023323147532378404,0.562736661828119,0.12090146131006244,0
8.051355723026886e-05,-0.018337160752015625,0.5977396050042725,0.16963092781403388,0
6.742540155736094e-05,-0.017368339172131105,0.5940013173508975,0.1786503835555065,0
5.356916675166986e-05,-0.01610669695454771,0.5804497850874826,0.18924109272396322,0
6.683589757862974e-05,-0.017155365436343627,0.5841339954910774,0.1797195795473095,0
5.495722172007466e-05,-0.016341187580572725,0.5903171069473026,0.18817189673216025,0
3.617022052600058e-05,-0.014682573470860978,0.5928960905817342,0.20468997441055947,0
4.49089614671394e-05,-0.015626214842853686,0.5965402596944285,0.19589633757545838,0
3.5595935279096345e-05,-0.014907517584537398,0.6025676933294031,0.20387007086774028,0
2.746781284006888e-05,-0.013902243216548796,0.5994302209346983,0.21358151860171465,0
2.209121925654865e-05,-0.013003079150080284,0.5869997203275195,0.22026040711515385,0
2.8924808676635465e-05,-0.013845613294454126,0.5899479054546268,0.21247519076285665,0
2.1385349418982053e-05,-0.01308824987254336,0.596482035807591,0.22136673495401185,0
1.1143828981827983e-05,-0.011649809553088501,0.5919099279868407,0.2352460608230256,0
7.816011726750038e-06,-0.011427604798353716,0.6095477571247493,0.24229771042299086,0
1.336529872298524e-05,-0.01227408936710107,0.6077560542062059,0.23238538660793034,0
1.5867520631115733e-05,-0.012419747210048885,0.5989371396372516,0.22885956180794773,0
9.511571232493725e-06,-0.011540419753998749,0.6007288425557951,0.23877188562300822,0
4.4590162748234944e-05,-0.01538148122892447,0.5866729378346084,0.19696553356726135,0
1.0065191059811482e-05,-0.01195968759297572,0.6154952337476786,0.23756768851908075,0
6.3681000825394915e-06,-0.011358792434937507,0.6185558984187584,0.24525506294063443,0
3.0003495178523396e-21,-0.010000000000000092,0.6145738133118693,0.2611084204283166,0
2.7245600697417857e-06,-0.01064049134616354,0.6210689265123184,0.2546604179432973,0
-2.175782279047094e-22,-0.00999999999999999,0.6241771119445694,0.2636936261657141,0
1.6321197240820443e-05,-0.012313568316414874,0.5894548241571801,0.22775323396908972,0
3.4642934546847916e-06,-0.01068668315261091,0.6120607852183093,0.25170306542565374,0
0.0007488670467166913,-0.0382441530557801,0.5199920778821917,-0.018601715398590905,0
0.00035341201331590247,-0.03688057437032314,0.5110914917656103,-0.005834362873078477,0
0.0006182947701207559,-0.036920646671111376,0.5194101364044912,-0.006200325167137828,0
0.0004916715279858505,-0.03618512357109243,0.516943782680162,0.0006836868602809018,0
8.460024914700115e-05,-0.03536798555654038,0.5032238857305948,0.008317676313367925,0
-0.0001130131947432679,-0.03382094821131816,0.49464181300983806,0.02277786018059605,0
5.340201232107826e-05,-0.032047058483712,0.5032620103049887,0.03932543848017092,0
9.893747131784907e-05,-0.03379877054375219,0.5046878121241526,0.02298460810792386,0
-1.9339007176487265e-05,-0.03293436977011682,0.49895191165741337,0.031051649330383485,0
0.00016664281179204734,-0.03291278958146956,0.508997910771728,0.0312583972577113,0
0.00021253985838846814,-0.031973839520805146,0.513237848257121,0.04002041410089428,0
0.00014559153774535547,-0.030116692449716348,0.5120341266096325,0.05729937566248559,0
0.00018269569442235683,-0.02818265726621286,0.5208063554706635,0.07527161022581236,0
0.000184946899850933,-0.026245529911794872,0.5295787284985434,0.09324174703073287,0
0.0002504719204466241,-0.02714969877966168,0.53516847305577,0.08495013840993279,0
0.00023580920779070233,-0.026185086332553602,0.539555347261744,0.09392526384394355,0
0.0001675417744596772,-0.02430580231748111,0.5383504463009402,0.1112212303737379,0
0.0001779347788712977,-0.025275687893584864,0.5339645873997418,0.10223148870223539,0
0.00021812998513402916,-0.025219261591390745,0.5439412061629425,0.10291500551544606,0
0.00019907322581081966,-0.024262374076495372,0.5483322066156169,0.11183088970979702,0
0.00014402545567747204,-0.02248098987298386,0.5471938555347691,0.12817149704099504,0
0.0001623719637925123,-0.022451966832626513,0.5571766061303567,0.1287669353076319,0
0.00018084135780688666,-0.02335506974417934,0.5527539112325313,0.12030602304342558,0
0.00015655390770147575,-0.023392658153982764,0.5427721509178547,0.11969636370736647,0
0.0008251519976554615,-0.037602691188628336,0.5238604294627818,-0.012584001429894041,0
0.0010800655423680926,-0.038038425243988296,0.5297403442643884,-0.016658723538239557,0
0.0005378164676033044,-0.03756249209127962,0.515541784823901,-0.01221803913583469,0
0.000207266990951894,-0.036124464355509665,0.5071576887481026,0.001241656720144724,0
0.00034235513167625754,-0.03542843183752617,0.5130099796626542,0.007759706453504102,0
0.00021070604637843276,-0.03457298365385519,0.508978848484531,0.0157545161743098,0
-2.4983208575541744e-05,-0.03459465401446221,0.4989328493702164,0.015547768246981987,0
0.0002430876002456648,-0.031010082687041394,0.517623906409443,0.04900738269205162,0
0.0002593861185976559,-0.030045638706454936,0.5220099578849198,0.05799435097733166,0
0.00016964983965331293,-0.029150143582334677,0.5164202410401479,0.06628549294414897,0
0.0002643700579652316,-0.029080667424936542,0.5263960723154353,0.06698046825899505,0
0.00026064766391575926,-0.028115361707123046,0.53078228654183,0.07596507000747252,0
0.0001871102710839719,-0.027214436637677742,0.5251925419846034,0.08425667862827262,0
0.00010783719613792435,-0.03108236043005854,0.5076480684573106,0.04831240707132825,0
0.00012645573793138937,-0.02108522697117179,0.556289657345995,0.14129527070131562,0
9.152917064401464e-05,-0.01938199510647181,0.5546900614617267,0.15676529878417703,0
7.492877982804169e-05,-0.017812913974667673,0.5678223807226521,0.17204776245947673,0
7.978527526767147e-05,-0.01800547003581238,0.5778202933086622,0.17112291441506622,0
9.592410805774332e-05,-0.019028010091993106,0.5711934864026547,0.16108362402064408,0
8.376000567077988e-05,-0.018590025388302952,0.5612562210921894,0.16440653062182686,0
0.0001075054342966007,-0.019809350865337836,0.564627326772192,0.15344239218299421,0
0.00010775566894990547,-0.020235765611300225,0.5554898594038609,0.14903028474274632,0
0.00012597478623242053,-0.02065300505630841,0.5654271247143261,0.1457073781415635,0
0.0001496633543521061,-0.021759023704653123,0.5617245070359698,0.13532882213779218,0
0.0001357953007699894,-0.021781274700623326,0.551741756440382,0.13473338387115533,0
6.411526343803322e-05,-0.016948232307408717,0.5741360829050673,0.18064442759171997,0
4.557528611012743e-05,-0.015611749120033425,0.5607954158996226,0.19140379888860942,0
5.9115301713233775e-05,-0.016721229893592125,0.5643088983111373,0.18172578067404307,0
5.035907686687437e-05,-0.015862071480057995,0.5706226004935526,0.19032244580628632,0
3.067825263541466e-05,-0.013898410505137482,0.5720458096723524,0.20873944034132905,0
1.44533206877068e-05,-0.011946443144755603,0.5729038294888614,0.22727019126747944,0
2.2211465870560768e-05,-0.012916721316678075,0.5724748195806069,0.21800481580440423,0
2.6445035514290366e-05,-0.013436693483328243,0.5795227649999359,0.21449992372824145,0
3.4123623625423097e-05,-0.014302294084864905,0.5824709501270433,0.20671470737594427,0
4.149728070324305e-05,-0.015012640883955153,0.5762477973799175,0.19899026653264612,0
3.807737853064739e-05,-0.014739685321279762,0.5664206127859874,0.20007161961496922,0
1.84887827890942e-05,-0.012488144730595467,0.5799517749081904,0.22376529919131666,0
1.2897239309238838e-05,-0.01179045727606751,0.5824068787378511,0.23125812604525253,0
7.242131699024265e-21,-0.010000000000000094,0.5771256493879255,0.2476650949489697,0
5.886540249340636e-06,-0.010849080920901023,0.5845177886873831,0.24145557788599764,0
6.892397006093165e-06,-0.010950088848663206,0.5750147394383935,0.23746764310822457,0
5.492479267352089e-21,-0.010000000000000082,0.5957591842547643,0.2546417214683406,0
5.135955413380713e-06,-0.01079900919417318,0.5938345561208025,0.2449438911456831,0
1.0222653283540125e-21,-0.010000000000000004,0.5864424168213449,0.25115340820865517,0
4.223402288374256e-06,-0.01072751124967707,0.6026534706897568,0.24846971594566572,0
5.766481978241977e-22,-0.010000000000000028,0.6051664987833167,0.2578750709483286,0
6.575221649567487e-06,-0.038392630199506755,0.5001667249845596,-0.020004993542169357,0
-0.00023297296860435424,-0.03682884698963911,0.4926414014050272,-0.005352585134960242,0
-0.00012551944323518766,-0.0376108624377385,0.4964040631947934,-0.012678789338564799,0
5.955897464675296e-05,-0.03685437372935502,0.5018664465853188,-0.005593474004019359,0
0.0001974867172271108,-0.03763664243200599,0.505629108375085,-0.012919678207623917,0
0.0003832451755442818,-0.03831808154324079,0.5100794014333756,-0.019303354470380132,0
-5.9500804953856706e-05,-0.03609851139642957,0.49793264356781103,0.0014825455892038416,0
-0.0003517501426959358,-0.035189797283641286,0.48617143395591955,0.00999278891037575,0
-0.00013698399005495227,-0.035278522531329175,0.4946976598432572,0.009155232611871837,0
-0.000222625631319771,-0.034505551342509905,0.4904066234828788,0.0163853245454859,0
-0.0005698653440868914,-0.034170048911308745,0.4738093595981647,0.019553224410400586,0
-0.00027572730097166385,-0.032198342089676785,0.48331033220040537,0.03793548204937035,0
-0.000407387475242978,-0.03318479698082372,0.478559845899285,0.028744353229885465,0
-0.00020643433026112576,-0.0330097122914114,0.4889760726051217,0.0303566711149832,0
-0.00011050422865315698,-0.03212191133170516,0.493286171252697,0.038630460264770634,0
-9.81209180883893e-05,-0.030265385878658214,0.4920824611744865,0.055909420697979224,0
-0.00017644540680570225,-0.031232572128192665,0.4876963966874459,0.04692245137367479,0
-3.3061270445951265e-05,-0.031156539693280763,0.4976722357397376,0.04761742958907507,0
2.5463600511862628e-05,-0.030189949934910455,0.5020582938920595,0.056604398180232406,0
7.97753832545619e-06,-0.02832623230025033,0.5008545801923185,0.07388336304154762,0
6.422434049325071e-05,-0.02637994063266351,0.5096266932092817,0.09185732289354721,0
0.00011668430731615124,-0.027282385213140543,0.5152165243399726,0.08356446655967978,0
0.00012721114481945142,-0.026310716758285693,0.5196027108539125,0.09254953496214005,0
8.76090563027783e-05,-0.024426082399616085,0.5183988171250754,0.10983129909757748,0
7.913807493366073e-05,-0.025403947690984648,0.5140127551671785,0.10084431099556235,0
0.00013116242945682445,-0.025337642094047777,0.5239887728118093,0.10153652306415517,0
0.0001301272740116908,-0.024363283420256537,0.5283746317130078,0.11052626473565769,0
9.077694688195673e-05,-0.022465455524464797,0.5271709338898195,0.12780527112952508,0
8.522016762795781e-05,-0.020497099885267194,0.5373736033129588,0.14586890218524048,0
0.00011183164802858325,-0.0214939444425889,0.5422837294238639,0.13702019961311776,0
8.93572239330269e-05,-0.0214806460234997,0.5322722686013892,0.13683708665738278,0
0.00011944164549649699,-0.022470131051795718,0.5371823947122942,0.12798838408526006,0
0.00012544792455717588,-0.023388597383106165,0.5327606900953799,0.1195132507516315,0
9.108511883414397e-05,-0.023446488498067,0.5227848755074475,0.11881828511355128,0
-0.000301340988968936,-0.036009501762577084,0.4894064176804734,0.002320101887707754,0
-0.00033921410337064934,-0.03399491464958268,0.48422558630400137,0.021165542295498316,0
-0.0004717609429207843,-0.034679739098128555,0.47999039677704214,0.014773006660388168,0
6.813283918375007e-05,-0.029222072147358644,0.5064443534009755,0.0655913693520166,0
9.771730835912496e-05,-0.028252950090898257,0.510830467831491,0.07457748663368,0
4.116361038394897e-05,-0.02735402373324839,0.5052406367008001,0.08287034296754742,0
-3.7597743174016073e-05,-0.029296648775781923,0.4964685206834025,0.06489639186976343,0
0.0001066124402665097,-0.02079043653387307,0.5468316303294769,0.14358208644327805,0
9.045993556543885e-05,-0.019932972198349254,0.5460318323873428,0.15131710048470876,0
6.460428622284787e-05,-0.018660488432647445,0.5398740825248839,0.1624240521261775,0
5.688561159384304e-05,-0.017239520072962915,0.548590667567451,0.17563144262111913,0
3.2413097578973055e-05,-0.015024218189132826,0.5422217489674773,0.19444449759885402,0
4.36008694774375e-05,-0.016143749382013774,0.5454062082674642,0.18503797010998657,0
3.936393946542441e-05,-0.015317426470190788,0.5515085824335499,0.19292414824373172,0
5.164331381236432e-05,-0.016415618307857437,0.5546930417335367,0.18351762075486427,0
6.668329125142953e-05,-0.01752681119729966,0.5582065241450516,0.17383960254029793,0
7.265830116534979e-05,-0.01831822538432028,0.5516403645145889,0.1661983707026481,0
6.11317934638905e-05,-0.01794688623801251,0.5442323750461675,0.1690277473736483,0
7.817600659903347e-05,-0.019022038401668596,0.5472820719933054,0.15959467545517725,0
7.440855188907156e-05,-0.019580917775070053,0.5386238429189214,0.154146477155709,0
2.731464373619699e-05,-0.013816704082956478,0.5531203599285641,0.20630702957074115,0
1.451015976782081e-05,-0.012050670936010623,0.5554356240634488,0.22216418048469705,0
2.2520941540046264e-05,-0.012998941077007015,0.5637407168679006,0.21545181041301303,0
1.466565267380189e-05,-0.011988607359611872,0.5641697267761552,0.22471718587608824,0
7.938286902548925e-21,-0.010000000000000085,0.5583999212262512,0.2409425640570877,0
8.046812998915847e-22,-0.010000000000000026,0.5677627853070883,0.2443038295030287,0
7.370136982002936e-06,-0.01100699429495846,0.5656518753575563,0.23410637766228357,0
7.246817319344197e-06,-0.011018115002918081,0.55691777264485,0.23155337227089237,0
2.9477832603348248e-05,-0.013852622536901421,0.5625830848004583,0.20752323495603509,0
2.0795422077637398e-05,-0.01293156257023537,0.5542779919960065,0.2142356050277191,0
3.596170936018952e-05,-0.0147248365863463,0.5569578879140933,0.1988554142296753,0
3.0223191828750637e-05,-0.014410258317402483,0.5476710544480208,0.20037576358479758,0
-0.0007368978509090587,-0.038248950103382195,0.4803382569922452,-0.018647181267515803,0
-0.00046637033469303416,-0.03753899241999977,0.4864898291986362,-0.011999883201238022,0
-0.0003704740327390066,-0.03832048035944032,0.4902524909884024,-0.019326087404842582,0
-0.0007370808806444924,-0.03633365147162874,0.47488888106307653,-0.0006932157828753483,0
-0.001149687282637619,-0.03578707949523187,0.456495656421321,0.004477669878822496,0
-0.0009324882041316899,-0.03379110221447374,0.4522785634299648,0.02318358108574601,0
-0.0007657562952883466,-0.03397987096535826,0.4630439615140648,0.0213684027480733,0
-0.001040008826828316,-0.0347893214826064,0.4543871099256429,0.013830625482284253,0
-0.0008374849519035858,-0.03497882904838222,0.46515250800974284,0.01201544714461154,0
-0.0006501287118116762,-0.03525231473001107,0.4743491203306206,0.009430004313762619,0
-0.0009584214665081184,-0.03605993325644198,0.46569226874219877,0.0018922270479735737,0
-0.0004959835281011652,-0.036580904590097774,0.4837651412340519,-0.003022900458917795,0
-0.0007451937509291304,-0.03729148781214591,0.47761356902766083,-0.009670198525195576,0
-0.0005326608242474854,-0.03576179902193569,0.480530157509498,0.0046497865637502005,0
-0.0005895055005727545,-0.03230951963850635,0.463512081950691,0.0369735342628122,0
-0.0007489638579803778,-0.03305071239701272,0.4578953226903279,0.030078557674279104,0
-0.0005898392067498401,-0.0332397940471269,0.4686607207744279,0.028263379336606394,0
-0.000436031951189965,-0.03225326368899755,0.4734112070755482,0.037454508156091276,0
-0.00034201601597856244,-0.030418245829122375,0.4722590162734207,0.054556852612749784,0
-0.0003180813266691094,-0.0313083186961625,0.47778467423691307,0.046246167331060066,0
-0.00045394825338918753,-0.031364675480544536,0.4678855491120558,0.04576519343778099,0
-0.00022135225579117385,-0.030340868151733456,0.4821707387239536,0.0552331366553645,0
-0.00017624386188989236,-0.02848165752603597,0.48090292321351785,0.072493403544675,0
-0.00025023389055603944,-0.029451020835869417,0.4765809697434693,0.06352512807871238,0
-0.00014488070831325777,-0.029373702777727887,0.48649269219400215,0.06420141212132711,0
-8.415880643371104e-05,-0.02840254987559219,0.49087875170291817,0.07318838329311131,0
-7.027326568551479e-05,-0.026531247907003147,0.4896750438634085,0.09046732983672005,0
-0.00011681859003428339,-0.027507817317100648,0.48528898353846317,0.08148036669069753,0
-3.738957016046016e-05,-0.027429242547611737,0.49526481202786354,0.08217534643913384,0
-2.2279946517605143e-06,-0.02645358033672121,0.4996508685363451,0.09116232636513363,0
-7.5797870568498285e-06,-0.024568687102209393,0.49844715225067837,0.10844131999151822,0
2.576746395304498e-05,-0.022591681958863966,0.507219356774165,0.12641539596962897,0
1.2041504486183975e-05,-0.023582110332873555,0.5028332545124217,0.1174283579805736,0
4.124936291275214e-05,-0.024494522616778116,0.5084229846878769,0.10913630954454785,0
2.3387246979142953e-05,-0.025475385894285843,0.50403692272998,0.10014932144253272,0
-3.4480431326410036e-05,-0.025551638213968834,0.49406109805704346,0.09945432491411914,0
5.2900352546492716e-05,-0.023510911543232295,0.5128090869496202,0.11812334753360323,0
5.9649396773110526e-05,-0.02252459424058536,0.5171951453319923,0.12711033354957701,0
4.003850779244168e-05,-0.020598878104893664,0.5159914926186666,0.14438937650889494,0
6.41638115035127e-05,-0.020541874469786937,0.5266825479658127,0.14512913934706773,0
6.259445558059918e-05,-0.0215357567197356,0.521581213254243,0.13609732381921003,0
3.4772222312578264e-05,-0.021597270314073533,0.5116054246964158,0.13540238623926196,0
4.100950793380376e-05,-0.01861612649352689,0.5237110998854767,0.16211120849751512,0
3.78791752586483e-05,-0.016802973589526374,0.5318038559918556,0.17827251334346134,0
3.5740027892360235e-05,-0.015908131900270555,0.5370128024796665,0.18635850547115768,0
4.7686579840709224e-05,-0.017018455979548434,0.5401972617796533,0.17695197798229023,0
5.005108562784689e-05,-0.017739399860318084,0.5358389692583698,0.17034828273481942,0
5.342172533406154e-05,-0.01863401764680518,0.5317925912051803,0.16226763031184632,0
4.0044529195893146e-05,-0.01770975283112958,0.5277574779386662,0.1701918609204882,0
4.1443722709941726e-05,-0.019609534186765552,0.5198512962520716,0.15325029250320504,0
6.092631420908997e-05,-0.01956225779007367,0.5305423515992178,0.1539900553413778,0
1.704966961130698e-05,-0.014488275350087187,0.5226408446649806,0.19721577442666421,0
1.3408247182958761e-05,-0.012487604167975053,0.5351032136357669,0.2147832298717622,0
1.6096007351157785e-05,-0.013476481902041815,0.5288720291503737,0.2059995021492132,0
2.215150777148699e-05,-0.013778629893359902,0.5386624813016221,0.2046138637353081,0
2.4816861588363704e-05,-0.014748276675783472,0.532431296816229,0.19583013601275912,0
2.624677532021673e-05,-0.015661504164231163,0.5272223503284181,0.18774414388506278,0
2.0087462392029697e-05,-0.013161656216908634,0.5441117867821654,0.21054512972125167,0
1.4349742628243184e-05,-0.01224021294638251,0.5452694188496079,0.21847370517822962,0
5.9768762340631736e-21,-0.01000000000000008,0.5393392680234398,0.2352512486749969,0
7.102353091420079e-06,-0.011252442314549407,0.5372212408296033,0.22501723927337955,0
7.032357236213627e-06,-0.011066569720207116,0.5473874460434442,0.22870771457984695,0
-1.766863354418612e-22,-0.01000000000000003,0.5488695946248454,0.2380969063660423,0
-0.0013706179414158166,-0.037842070949568575,0.46083453332579527,-0.014797991923174476,0
-0.0018145131122736299,-0.03724332887849336,0.44177612518403564,-0.009121579117371381,0
-0.001615629453486284,-0.03754226911363607,0.45130532925491545,-0.01195978552027293,0
-0.0012623586106545715,-0.03681478003520112,0.4586650948735581,-0.00516016102217599,0
-0.0014614737616469608,-0.03651547787634031,0.44913589080267835,-0.0023219546192744427,0
-0.0014196778389377468,-0.03516632490624421,0.43767334145867387,0.010379746419390412,0
-0.001076854933134203,-0.03314411820813643,0.4340129754456294,0.029352187957446044,0
-0.0012408535499921233,-0.03415537623504527,0.4358431584521516,0.019865967188418227,0
-0.001162359317681105,-0.03447902245874189,0.4449759524443193,0.01678166375256821,0
-0.0010211942079166416,-0.03346705784024444,0.4431457694377971,0.02626788452159603,0
-0.0007872019743414705,-0.03214598635573204,0.446971051247618,0.03860109377123503,0
-0.0005567154688222863,-0.030561293235525665,0.45294845833100666,0.05335385618088503,0
-0.0003500771872628723,-0.02864716871458271,0.4609512664433613,0.0711034396065852,0
-0.0003522890440625016,-0.02953245303970163,0.46660514135839104,0.0628301461096675,0
-0.0004439222724631155,-0.029605320539119344,0.456949862387184,0.06222864789373511,0
-0.000453671082062752,-0.030489086899517983,0.4626037373022137,0.05395535439681741,0
-0.0005796656265807861,-0.03143519613086193,0.4582302701408488,0.04516369522184861,0
-0.0006636731711048885,-0.031354179279570224,0.4499597547893123,0.04597747497606003,0
-0.0006955064624191438,-0.032227295284989126,0.4552415665991545,0.037787314017023614,0
-0.0008599783519781171,-0.032968605230867566,0.4496248073387914,0.03089233742849052,0
-0.0009276176538883278,-0.03264528670772625,0.4404920133466237,0.03397664086434054,0
-0.0010688888591505819,-0.03804515037597975,0.47058639515902023,-0.01672258659534514,0
-0.001031812878319919,-0.03708806594670449,0.46786170719443587,-0.007745603853024912,0
-0.0016131293833778388,-0.036205005334830134,0.43972473332135475,0.0006290836510095153,0
-0.0013046773302426763,-0.03547621457866807,0.44708449893999747,0.007428708149106454,0
-0.00026575107860858443,-0.02856330772710758,0.4709270948284396,0.0717984215756301,0
-0.00020326230130514013,-0.026697580789865692,0.4697233944704564,0.08907736083047402,0
-0.00026931314391691325,-0.027673938001838806,0.46533733045690884,0.08009040021852962,0
-0.0001948907030845373,-0.027589501258619052,0.4753131588419871,0.0807853821875745,0
-0.00013795543272366855,-0.026612705543090243,0.4796992191669325,0.08977234533359704,0
-0.00010675601940928041,-0.024733366448866045,0.47849552182505106,0.10705144914254684,0
-4.6048294380463626e-05,-0.02274974680882618,0.48726792881114767,0.12502570491932813,0
-1.0194219151657145e-05,-0.02074116961651068,0.49604052649147534,0.1430000684397309,0
-9.833140985067642e-06,-0.022666813839696428,0.4972436427926563,0.12572055044447855,0
-2.5578280545632062e-05,-0.021748943766967982,0.4916542276513115,0.1340128866795295,0
5.074369057458128e-06,-0.021668355099007577,0.5016299416328202,0.13470773220467994,0
1.551080028861304e-05,-0.020664291801642917,0.506016009555071,0.14369472247431292,0
8.839650469828984e-06,-0.018702072618871943,0.5048118280741022,0.16097326657070563,0
1.6047189193440886e-05,-0.01660056686518472,0.5131178025303978,0.17916833009313207,0
1.3512568370829158e-05,-0.017656266489822683,0.50896481530225,0.17007079833191885,0
2.6962153738421625e-05,-0.017616143367161274,0.5184144512079373,0.1706397692953236,0
2.54807465013722e-05,-0.01865174334886784,0.5142614639797894,0.16154223753411037,0
2.2351728508994757e-05,-0.01965438625852473,0.5104016603463843,0.1526813215398003,0
1.0208871300435188e-06,-0.01972577783005917,0.5004261772827887,0.15198666750521828,0
-9.2767614709171e-05,-0.025632491314899537,0.4840852828442298,0.09875938948963345,0
-5.742100552505367e-05,-0.024648422985421636,0.4884713370378647,0.10774638456703253,0
-3.0254317924285394e-05,-0.023660012500274524,0.492857540530913,0.11673351245542318,0
-7.268632624861404e-05,-0.023744313011277392,0.48288172531809936,0.11603857703093748,0
-0.0001497198753556031,-0.0257175772333667,0.47410945814775374,0.09806440498651042,0
2.72290051365259e-05,-0.016693104353037596,0.5224608292611268,0.17872042171829672,0
1.742043318529573e-05,-0.015547021463373686,0.5178793235976893,0.18819205225989816,0
2.07418880849561e-06,-0.01458820597405403,0.5025244951534136,0.19564295291905817,0
7.905830648400772e-06,-0.015602807220455027,0.5078211488419058,0.18740564150609512,0
9.863293798615634e-06,-0.014519658764617492,0.5125826699091971,0.19642936367286118,0
4.711108126096178e-06,-0.012333885447163837,0.5117538758929834,0.21364244720298653,0
9.14812925998434e-06,-0.012375618392032212,0.5234285447643752,0.21421283853737438,0
9.943141101430647e-06,-0.013427943308680305,0.517197360278982,0.20542911081482537,0
4.295130397391819e-06,-0.013470499997542596,0.5071391855231985,0.20464270006102236,0
4.9114676050948484e-21,-0.010000000000000078,0.5198331783680623,0.2313814108030698,0
5.785311087501203e-06,-0.011290803647854026,0.5274681960019145,0.22308232033741598,0
3.224699925962514e-06,-0.011184219556282357,0.5157935271305228,0.22251192900302816,0
5.73059435892045e-23,-0.010000000000000024,0.5295862231957511,0.23331632973903332,0
-0.00202516813270953,-0.03653741297941409,0.42305424795214824,-0.0024071951369061912,0
-0.0014729434369620017,-0.03438405303300929,0.4192470254085802,0.017830325617371613,0
-0.0010490986977995382,-0.03229027630455747,0.4153661885278783,0.03750320154101512,0
-0.0012469732844512724,-0.03333715324503518,0.4173066069682293,0.027666763579193367,0
-0.001267988625972108,-0.03376439653092529,0.4266300004271048,0.02359125678740883,0
-0.0010808763371330425,-0.03271663425615633,0.4246895819867539,0.03342769474923058,0
-0.0007607138996258502,-0.030924998488030382,0.43210317734841874,0.050142313353306045,0
-0.0004949998938778277,-0.02884846170439854,0.44097889585175404,0.06944727546861246,0
-0.0006157079273787236,-0.02988785445039583,0.43654103660008636,0.05979479441095925,0
-0.0006658497375923668,-0.030742860320640563,0.4425258178397127,0.05174808476709554,0
-0.0005306065512533124,-0.029704211792144504,0.44696367709138035,0.061400565824748746,0
-0.00042765082053668755,-0.028747158671665426,0.4509650811475577,0.07027535753759884,0
-0.00031855202615908406,-0.02687553632039106,0.44977174245008655,0.08768742635523138,0
-0.00019767571363395783,-0.024916478829956498,0.4585438649909319,0.10566139215882066,0
-0.00011569998602182723,-0.022936460215787994,0.4673157435957571,0.12363558655092977,0
-0.00011391209358783485,-0.023834431314028008,0.4729056327104041,0.1153435178467383,0
-0.0001540300176563126,-0.02482296358763488,0.4685196934079915,0.10635642065068375,0
-0.0001525689543787327,-0.023929551792181966,0.4629298042933445,0.1146484893548752,0
-0.0019490879937062013,-0.03688989450637636,0.43241518656809197,-0.005764387127138787,0
-0.0017064783138037198,-0.03585214247668816,0.4303637947054111,0.003986275641242111,0
-0.0017354029093937596,-0.03546089648467269,0.42115063668036423,0.0077115652402327105,0
-0.0014695578454244117,-0.03477471953507195,0.428460183433627,0.014105036018381013,0
-0.0009069727327813349,-0.03203478472951267,0.4330580763970241,0.03974725065537604,0
-0.0009018304361458193,-0.03160828102265573,0.42373468293814853,0.04382275744716058,0
-0.0007840837514464136,-0.03153482885401852,0.43953711429801834,0.044371703562270534,0
-0.0003377506239519177,-0.027760682873032315,0.45536150444672396,0.07939543298090829,0
-0.00039886020162825106,-0.027863546916236583,0.4453753191509203,0.07856735091192192,0
-0.0002641470215813821,-0.026785383209370427,0.4597475684602715,0.0883823935928527,0
-0.00020354845630214669,-0.025806364808316724,0.46413362973069416,0.09736937649464733,0
-0.00025245562065170056,-0.02589819179670052,0.45415780372050923,0.09667440925702603,0
-8.172917839555393e-05,-0.022839925115754205,0.4772918362034524,0.12433064573512895,0
-6.183005060861734e-05,-0.020927089143292582,0.47608926846771527,0.1416106958258498,0
-5.6209197168159536e-05,-0.021838458091166545,0.48167859863943147,0.13331820037258896,0
-3.625890544128424e-05,-0.020829081363749793,0.4860648974795953,0.14230538213279037,0
-2.792717510973264e-05,-0.018877333083308624,0.4848653359950457,0.15958816482693763,0
-4.280128609765484e-05,-0.019908016511256045,0.4804773022313805,0.15059943032639372,0
-2.093133079142616e-05,-0.01981045182760426,0.4904529312432605,0.15129411663333425,0
-9.440284637464517e-06,-0.018781809880092638,0.494838582034574,0.16028071569882163,0
-8.000531139985155e-06,-0.016771972170637174,0.4936584208544545,0.17758048261756346,0
4.305182217557039e-06,-0.01667466548074095,0.5033881116924261,0.17837440635534776,0
-1.0962393985192403e-06,-0.017740607752722938,0.4992351244642783,0.16927687459413454,0
-1.650895935873762e-05,-0.017832356731608587,0.4892618784247501,0.16858432372225055,0
-8.581499184118625e-05,-0.02193604470904933,0.4717025060317362,0.1326231411883898,0
-1.9029392578651847e-06,-0.01568991315056195,0.49809145800393406,0.18661171776831081,0
-1.4485866760034959e-05,-0.014826564737207499,0.48245388664061273,0.1941406470853588,0
-1.2354885828877324e-05,-0.015800604602835066,0.48805615374753364,0.18586056485146113,0
-6.109168705343741e-06,-0.014690176614039157,0.49248919089701315,0.1948918000022085,0
-3.6297974644671133e-06,-0.012455860036953195,0.4913434805201684,0.2125711687551102,0
-1.7933275680149693e-22,-0.010000000000000087,0.5000000014438634,0.23,0
-9.60345868487376e-07,-0.011263818251142968,0.4956717409820159,0.2212855843775551,0
1.2589905675871341e-06,-0.011197765720783388,0.5058769386684234,0.22182122360149326,0
4.1209757468339212e-22,-0.010000000000000033,0.5099165899059628,0.2306907054015349,0
-8.127273116294092e-06,-0.01366061792281946,0.48689868358039057,0.2033559079202345,0
-1.8328432080677034e-06,-0.013528852553289701,0.496933987836791,0.2041070608370842,0
6.562696858998372e-07,-0.012361713212832108,0.5015486782065759,0.21310680797904835,0
-0.001985605576238352,-0.035807204737221834,0.40442717855218296,0.00456850674471282,0
-0.0013297275688935648,-0.033572198125370704,0.3992153126366186,0.025601777187365324,0
-0.0008557994894341984,-0.031292046256895203,0.39446157535485993,0.04706844260960364,0
-0.000970000655212375,-0.031790694970540656,0.4049138819413691,0.042285822075309384,0
-0.0011905277242797473,-0.03293163476809881,0.40729075058224845,0.03155248936419022,0
-0.0010698425760145517,-0.0324317344894605,0.39683844399573925,0.036335109898484486,0
-0.002039049766133859,-0.03617188307267673,0.4137407132521656,0.0010806558039033144,0
-0.0017183560786240798,-0.03509586714193726,0.4118371019803816,0.011199416181042216,0
-0.0014280738500628643,-0.033977770330065105,0.4092311690225994,0.02171605140236847,0
-0.0016336708961611982,-0.03468973151549684,0.4018212455944008,0.015085141966039071,0
-0.0007754605120737376,-0.030529768137220588,0.4120178707809157,0.05405237254547375,0
-0.0009033710891775825,-0.031409856418772475,0.413692029654397,0.045777787043244436,0
-0.0008252686513787805,-0.030911443576153542,0.4032397230678878,0.0505604075775387,0
-0.0007821323561948115,-0.03072690923415512,0.4220605240646672,0.0520973429493899,0
-0.0005788584534840636,-0.02896433019738625,0.42098022462511864,0.0686226826605701,0
-0.000669017095795916,-0.029943819725642057,0.4265417009867687,0.059382498006938074,0
-0.0005452391830089151,-0.028906128160522182,0.4309795602384363,0.06903497906459127,0
-0.0004001711884042291,-0.027065054126808978,0.429816640406613,0.08625309625587291,0
-0.00026797794762799753,-0.02511258024332197,0.43859158457622455,0.10426417053807051,0
-0.00017385384900275437,-0.0231441999263698,0.44736416548753155,0.12224447467310513,0
-0.00021683953347146704,-0.024131296694617818,0.442977875031878,0.11325432260558782,0
-0.00018730999583997497,-0.024028773083642773,0.45295401523923173,0.1139529334159629,0
-0.00023616144386344763,-0.02501345519812779,0.4485677247835782,0.10496278134844558,0
-0.0002946870289769792,-0.025992719867033796,0.4441816635131556,0.09597579844665094,0
-0.00036459505325445467,-0.02696978580397694,0.43979419142834975,0.08697026130555215,0
-0.00032862861338503056,-0.02609075769950242,0.43420411249141877,0.09525863339697171,0
-0.000671512513729986,-0.029747701850102646,0.41649904770301716,0.06133752760302193,0
-0.0004826320789331058,-0.028015924240924396,0.42539843251586584,0.0774378894582215,0
-0.00044858407524618084,-0.02795568455963541,0.4353977681291835,0.07785018586224268,0
-0.00014678907816935836,-0.023038317880001102,0.45733995454164433,0.12294003061201744,0
-0.00010803302629518383,-0.021147846576041872,0.4561366423246936,0.1402200094491624,0
-6.308440106576528e-05,-0.01910989478650532,0.46491020908047515,0.15819527945503323,0
-8.334211006253697e-05,-0.020135086507937026,0.46052342570258437,0.14920764445209783,0
-8.604268698361543e-05,-0.021033922391984358,0.46611295539620445,0.1409153526375061,0
-6.385439450942062e-05,-0.020016972748056198,0.47049973877409523,0.14990298764044152,0
-4.602028542218858e-05,-0.01898756776820122,0.47488777253776043,0.15889172214098543,0
-3.330680994091167e-05,-0.01701129168569714,0.4736853504203518,0.1761730686514151,0
-3.129929521325242e-05,-0.015274671513245117,0.4625826478714864,0.19182520847304718,0
-3.308193413074942e-05,-0.01613810512586507,0.46813399914591913,0.18399913856223116,0
-2.2984462684780553e-05,-0.015040389131755129,0.47251826725604956,0.192982927779203,0
-2.2741254802537886e-05,-0.015931964734117596,0.47806961853048224,0.18515685786838695,0
-2.0787972341910712e-05,-0.016881449312517328,0.48367188563740315,0.17687677563448928,0
-3.1862615497517266e-05,-0.017943557791541373,0.47927534320769877,0.16788061673917637,0
-4.659565713935982e-05,-0.018069594158931813,0.4692977797504135,0.16718417405322417,0
-0.00011338251030385594,-0.02204047474558329,0.4617261929602253,0.1319277980000461,0
-0.00013791532953556763,-0.02215029806880735,0.45175040390611254,0.13123224206113376,0
-1.3805246297056266e-05,-0.013035605205350407,0.4714591916351906,0.20952923934299128,0
-7.815864171891035e-21,-0.010000000000000125,0.4801668244029419,0.2313814104215656,0
-8.432114595729116e-06,-0.012725726859278561,0.48140133607767954,0.21105020404905073,0
-6.270927894600242e-06,-0.011576698834683742,0.47581300801906623,0.22045532488227843,0
-3.03739295165946e-06,-0.011241250706466714,0.48575515246155515,0.2219762895883379,0
-2.32924426748989e-22,-0.010000000000000004,0.49008341292340263,0.2306907052107828,0
-1.4920817426873007e-05,-0.013926032540540917,0.4769565391379017,0.20183494321417506,0
-2.1729839016296002e-05,-0.014174214061362564,0.4670209197533385,0.20067722390801923,0
-0.0016984863534118483,-0.0351330032164229,0.3856217438144994,0.01104230616429942,0
-0.0018775858772958377,-0.03546991776347937,0.39502446118334117,0.007805406454506119,0
-0.0015091184552946538,-0.034352676904838376,0.392418528225559,0.018322041675832373,0
-0.0010568543053448563,-0.03306655491636658,0.37913660295916535,0.030507658856413024,0
-0.0013472941023875986,-0.03409964165365531,0.38237917338683236,0.02077498251035622,0
-0.0012173835299767555,-0.033319479480652815,0.38917595779789194,0.028054718021889174,0
-0.0009600094295145925,-0.0321796794215722,0.38679908915701267,0.03878805073300833,0
-0.0006317604812647585,-0.031133992164263213,0.37115591129162484,0.0487514404824631,0
-0.0005246859115208385,-0.029328474555147845,0.381468518034418,0.06568849351118228,0
-0.0005977007579685257,-0.029172156395060572,0.4010963116413626,0.06693354378656037,0
-0.0005726590323966925,-0.02925097639827213,0.3912824148378903,0.06631101864887132,0
-0.0007154497970250235,-0.030232299884362508,0.39777894349811127,0.05700099319808201,0
-0.0006787615113979932,-0.03030922968611073,0.38796504669463894,0.056378468060392956,0
-0.0005791608203776072,-0.030231361019317518,0.37631221466302145,0.05721996699682269,0
-0.0007656532786755954,-0.031213651947507293,0.3828087433232424,0.04790994154603337,0
-0.0008228002465241503,-0.03209973168605786,0.37514625712539507,0.03962954966943806,0
-0.0006856095436865601,-0.029850293814097706,0.40655709121113914,0.06049295816601706,0
-0.0005984498156621912,-0.029068555353787093,0.4110382681332406,0.06777811322356524,0
-0.0004316296617771096,-0.027241977345779565,0.4098565811438317,0.08494996205587685,0
-0.0005090600025020088,-0.02820788323804088,0.40547644639259717,0.0759417529212186,0
-0.0005033891973359529,-0.028101894222242425,0.4154184028844752,0.07678632235822347,0
-0.0004229050087881983,-0.027153660808539634,0.4198366107752224,0.08560152915587488,0
-0.00030605982477331515,-0.025311905469965024,0.418640573488851,0.10288144783670244,0
-0.0003524022053769041,-0.026186723214693994,0.424228606947732,0.09456727204628768,0
-0.00029168346067561733,-0.025212118591816317,0.42861607903253773,0.10357280918738648,0
-0.0002116747088391328,-0.023362428477499305,0.4274125530270797,0.12085576718499846,0
-0.00014207902415206715,-0.02138939107778013,0.43618459755626243,0.13882992099979488,0
-0.00017415347111906832,-0.02237953941475855,0.4317985752916711,0.12984284409239666,0
-0.00019580919836882576,-0.023252644246413726,0.4373883592573056,0.12155012092905179,0
-0.00015846405674937344,-0.02226386581107102,0.44177438152189696,0.13053719783645001,0
-0.00012696936591203984,-0.021266970843739325,0.446160619940478,0.13952496522447866,0
-9.16545352709536e-05,-0.01938002358625832,0.4449572067456013,0.15680407584157655,0
-0.00011478217884658331,-0.02039025180186389,0.44057090215093186,0.1478169984206857,0
-0.00010054642893402684,-0.020260320970628836,0.45054692453514744,0.1485120426453695,0
-7.849427952995989e-05,-0.01924161713317956,0.4549337079130382,0.1574996776483049,0
-5.575415193011017e-05,-0.017315506829249767,0.45372927304450184,0.17477765495930245,0
-4.2468255660080285e-05,-0.016306820101744383,0.4581559604579941,0.1833014317161748,0
-4.510741065098912e-05,-0.017157135674548858,0.46370731173242685,0.17547536180535878,0
-6.019818424047078e-05,-0.018208402827601826,0.4593197410624885,0.16648646720716784,0
-7.214478797720193e-05,-0.018356170519859244,0.44934323989505154,0.1657908654004395,0
-0.00036445898183346816,-0.026278373816168685,0.41424857731634135,0.09391570494628965,0
-0.00023989724782726702,-0.024235200749494076,0.43300206880165215,0.11255996886153449,0
-0.00025537627203216494,-0.024339493174068073,0.42302656325796534,0.11186860751085045,0
-4.4662487729574556e-05,-0.01564260438817108,0.4425933688078659,0.19072349843748904,0
-3.852294341604393e-05,-0.015453624781687039,0.45258800833967616,0.1912743534552681,0
-5.057723507357411e-05,-0.01647068694260259,0.4481613209261839,0.18275057669839573,0
-2.5312967566035835e-05,-0.013745250039503158,0.4518074297890123,0.2061842405637071,0
-2.874781868477585e-05,-0.014499970233709773,0.45719503883024937,0.19900472451837714,0
-1.9546201307842804e-05,-0.013385121688501369,0.46163331071210145,0.2078567399533492,0
-1.0731543897151451e-05,-0.01183848948956575,0.46071442702372073,0.22071229401246997,0
-1.2676204487535576e-05,-0.012423388383408564,0.4660868093294557,0.2151207666777306,0
-4.523810734239283e-06,-0.010948253951058518,0.47044062571333134,0.22604685221701779,0
-8.163280029163319e-21,-0.010000000000000082,0.4606607345679865,0.2352512480151575,0
-5.4929211244278655e-06,-0.010931053447222349,0.4606875807958536,0.22798177101381373,0
-1.579626458930782e-21,-0.01000000000000001,0.4704137794854642,0.23331632921836154,0
-3.441313264114422e-05,-0.014707223792922641,0.4472003992984391,0.19845386950059807,0
-1.7626058664635206e-05,-0.012809373343589977,0.4562609284063665,0.21344826728808852,0
-0.0011878007624568812,-0.03459567304846108,0.36642611854856943,0.016228850236389994,0
-0.0011315966401145077,-0.03383092728624006,0.37278136075386736,0.02336825454640151,0
-0.0014761883880265799,-0.03486463636253163,0.37602393118153443,0.013635578200344707,0
-0.0006316377949194446,-0.032700354635923176,0.35859141473702505,0.034078680842875214,0
-0.00031246459312453596,-0.031039616108185963,0.35051889285680304,0.04975383812889355,0
-0.0004528426786668433,-0.03186951519795999,0.35455515379691405,0.041916259485884386,0
-0.00048411086987104667,-0.03108775398656979,0.36083740207421394,0.049252639305678324,0
-0.0006438429867356305,-0.031917186228404226,0.36487366301432494,0.04141506066266916,0
-0.0008631324104833525,-0.032884093242662005,0.3688640088480952,0.032293169849644116,0
-0.0008754914251383198,-0.03364770957359229,0.36250876664279724,0.025153765539632604,0
-0.0003478769893043646,-0.029401216508602515,0.3611218435906343,0.06517564576575396,0
-0.0003082212017529605,-0.02758319065000967,0.36995160526096077,0.08231801703408563,0
-0.00040332338609420286,-0.027428034526559113,0.38991449453996024,0.08352578408235978,0
-0.00036374104384078365,-0.02750683226846598,0.3799330499004605,0.08292190055822271,0
-0.00040726486517649345,-0.028454659953909736,0.3757100616476894,0.07400325527263396,0
-0.0004613235081251009,-0.02837852028319784,0.3856915062871891,0.07460713879677103,0
-0.0004949860758841691,-0.028298789351346276,0.3955054030906614,0.07522966393446007,0
-0.000425564808449296,-0.02733577475869258,0.39988553784189595,0.08423787306911831,0
-0.0003029453218682091,-0.025508665354952813,0.39868695027899853,0.10149855352841751,0
-0.0003100683646268068,-0.025411040601271806,0.4086637618839247,0.10219000068255998,0
-0.00036417472258516394,-0.026373436144069333,0.4042717657114151,0.09322425779214719,0
-0.0003506246098441689,-0.026469127164871556,0.3943007224094794,0.09251216880538865,0
-0.000475493743264769,-0.030266883673781615,0.3661388774411296,0.056963543124108534,0
-0.0004471143210085093,-0.029365877796553138,0.37129518081252616,0.06543206963846812,0
-0.0003303445402512209,-0.028492049728965782,0.36553672442579754,0.0737468313999198,0
-0.00033905421767821,-0.030220303358820498,0.35582036822371865,0.05746474194732376,0
-0.00022193963824082845,-0.02358086058251138,0.40746070728672723,0.11946659640169167,0
-0.00026013572052617604,-0.024546254572436973,0.4030738287828629,0.11048257496505459,0
-0.000262370187369125,-0.02444374501067731,0.4130506403877891,0.11117402211919705,0
-0.0002206065110678415,-0.02347225587505851,0.41743663015690347,0.12016118179334506,0
-0.00015819931437703572,-0.021637121574904602,0.4162334702666116,0.13743405594595706,0
-0.00010908104131134831,-0.019665466874725653,0.4250052988394136,0.15541397467576035,0
-0.00013197832200068053,-0.020655461475476325,0.4206193845530126,0.1464240153108587,0
-0.00015268218306949545,-0.021513488486313927,0.42620903391143705,0.13813198847287597,0
-0.00012543293568641323,-0.020522607241226398,0.43059494819783806,0.1471219478377776,0
-0.0001020108612539348,-0.019522196258914923,0.43498125279250743,0.15610902525866843,0
-7.189222946588395e-05,-0.01765196193252436,0.43377766269520307,0.17338794844045893,0
-5.369775621027966e-05,-0.01612222667399977,0.42268570710832065,0.18871545292524766,0
-6.272731968553522e-05,-0.016878001361939593,0.4282316849017619,0.1810517006828533,0
-4.996168722987211e-05,-0.01588428321561433,0.4326395379580933,0.18971947568136835,0
-5.733931134607436e-05,-0.0166570998318106,0.43818551575153447,0.18205572343897397,0
-6.481604256316408e-05,-0.017481740063142875,0.4437534678698525,0.1740828016998807,0
-8.194753253616831e-05,-0.01850955638286618,0.4393674347204022,0.16509601214101774,0
-8.916760676861966e-05,-0.01866529218992908,0.4293914807673084,0.16440096155810963,0
-0.0001842352728804939,-0.022496183863301,0.42182301164684566,0.12914491156547775,0
-0.00018806811930465492,-0.022611552902247943,0.4118470887766694,0.12845032617382438,0
-3.1349079967790976e-05,-0.013994473505165214,0.43042504926120606,0.2074179396744867,0
-1.3567844661690103e-05,-0.011937912032191507,0.4455041182162081,0.22293614754187144,0
-2.224128539203897e-05,-0.012991938833865999,0.43796458373870706,0.21517704360817907,0
-1.9472828905324194e-05,-0.012832242050485443,0.4486557740026102,0.21456019405278925,0
-2.889232119343854e-05,-0.013864714134063108,0.44111623952510914,0.20680109011909692,0
-3.8106320327832704e-05,-0.014802876608596865,0.43650920903453594,0.1990707190559879,0
-4.1891347195362774e-05,-0.015067915161025446,0.42655537818476336,0.19806669629986717,0
-1.2232053708723056e-05,-0.011878245665589794,0.4531092726199644,0.2218242207771707,0
-6.6034967589236766e-06,-0.011007716247767306,0.4530824263920973,0.22909369777851446,0
-1.0598499752519444e-20,-0.010000000000000094,0.4416000811974764,0.240942563242434,0
-1.5246593050577382e-21,-0.009999999999999998,0.45113040788273145,0.23809690562879576,0
-6.79489708265426e-06,-0.01095987248630615,0.4435520997068423,0.2319393553921527,0
-0.0005094774241991339,-0.034273146842998974,0.3467956057649534,0.019354962021233667,0
-0.00015005717679179064,-0.03260016503789874,0.3390825640223056,0.03508152314324061,0
-0.00040060902207829363,-0.03265121355685066,0.34883698937966534,0.034580101993057916,0
-0.00030162058530961886,-0.03343620026668922,0.34293908489362945,0.027218242582237137,0
-0.0005940492714340383,-0.03348638619188597,0.3526935102509892,0.026716821432054443,0
-0.0008711741439371211,-0.03443532308945797,0.3566108621567614,0.017791906128811832,0
-0.0002498138311190423,-0.03181968991312103,0.34480072843955434,0.04241768063606708,0
6.140311193540643e-05,-0.031126939491764784,0.33014002816481575,0.048960105294002305,0
-2.806343568384061e-05,-0.03186323720695197,0.33461129609356066,0.04202081421862146,0
-0.00013113518011493617,-0.03108444164768908,0.34032946051080937,0.04935697171144793,0
-0.0001081120314992652,-0.029594392179104662,0.3411947569829381,0.06343344743552076,0
-0.00015665012974298506,-0.027754635947932173,0.3500056923932066,0.08085004415499897,0
-0.0001618879552132627,-0.025869029271095224,0.358783084586068,0.09874763363424374,0
-0.00025398272483702415,-0.025693681671351495,0.3787338066315679,0.10014209412561538,0
-0.0002128820949918672,-0.025783284017257716,0.368758445608818,0.09944486387992957,0
-0.00028142345144290383,-0.026638524065580416,0.37434270594626434,0.0912300555798505,0
-0.00022766401670720803,-0.02672468469295573,0.3643673449235144,0.09053282533416468,0
-0.00016282564928588676,-0.026811262521792497,0.35439438848963734,0.08979883889462136,0
-0.00023878119932490657,-0.027670451564766257,0.3599786488270837,0.0815840305945423,0
-0.00024166419958293985,-0.028577132061488056,0.35556376799192047,0.07301284496037647,0
-0.00023596435217348974,-0.029499059607400825,0.3511583002867862,0.06430454660063736,0
-0.00013940940285084283,-0.028673908336581313,0.3456002246880724,0.07214174579525987,0
-0.00019833951180773775,-0.030316623255139716,0.3458568249198706,0.05659364278220716,0
-3.74026013520828e-05,-0.0303604264669209,0.3356673925738769,0.05619677636476153,0
-0.0003230423997228161,-0.026559079042255403,0.3843241505857641,0.09183393910398757,0
-0.0002842114188090912,-0.025602627900712438,0.3887103784552832,0.10082032382701644,0
-0.0002003430498030996,-0.02379010049225397,0.38750901743293625,0.11807682643686733,0
-0.00015240894834270358,-0.021875312904263686,0.3962815249879942,0.13604939873337213,0
-0.00017549309888932903,-0.022834007111285068,0.3918952712104652,0.12706311258511974,0
-0.00018521985132599462,-0.022724394136388444,0.4018711161373607,0.1277579975675319,0
-0.00021523952435332892,-0.023687147338200147,0.3974848623598317,0.1187717114192795,0
-0.00024828010981941385,-0.024646790904090554,0.3930979838559674,0.10978768998264242,0
-0.0002266239709665343,-0.02474244376517655,0.3831214120322521,0.10910946028124135,0
-0.00015818580070058844,-0.021758023677655065,0.4062574976273029,0.1367417273396646,0
-0.00011198244157238346,-0.019949201392991656,0.40505613096499293,0.15398867846565953,0
-7.912469616832707e-05,-0.018011357617734168,0.41384059015122127,0.17178840336443116,0
-9.469809307020436e-05,-0.01898447788325673,0.40944836055810707,0.16288854091504534,0
-0.00011251191354064388,-0.019809176039810077,0.4150307149022033,0.15470132657070995,0
-9.363334581837424e-05,-0.018831343576106135,0.4194229444953175,0.16360118902009574,0
-7.681218346991368e-05,-0.01783345981220497,0.42380912642321217,0.17258817590244505,0
-6.57765863772802e-05,-0.017073354732216436,0.418263148629771,0.18025192814483942,0
-5.4896982191241056e-05,-0.016509899224872008,0.40322635265214746,0.1872602880356464,0
-6.645488358174173e-05,-0.0172521199865236,0.4085334714016844,0.17952434570003878,0
-5.526123786077829e-05,-0.016320761686936455,0.41295602988023405,0.18798787048044702,0
-4.067784387470204e-05,-0.015041676556027818,0.4122079574484493,0.20040899220328903,0
-2.5479220428824243e-05,-0.01343181823433531,0.4118490035588856,0.216238795206619,0
-1.3908517280278783e-05,-0.011882268996802257,0.42687645997475676,0.227936985925229,0
-9.656175598699035e-21,-0.010000000000000094,0.4228743529119792,0.2476650940878527,0
-6.64442738089295e-06,-0.010919514337661444,0.42487540644336796,0.23780104000654084,0
-7.108504065442181e-06,-0.01097447575275333,0.4342382705861166,0.2344397745838315,0
3.5486048278524774e-22,-0.01000000000000001,0.43223721705472784,0.24430382866514333,0
-0.00013403892031633424,-0.020788003703568828,0.4106448006158023,0.1457113672058083,0
-0.00013125006408862,-0.020914717971469935,0.40066882797649356,0.14501903859951581,0
-4.711291328792044e-05,-0.015573935193057479,0.41744683227838497,0.19456222256426836,0
-3.647985278498228e-05,-0.014530593957101668,0.4213165033548277,0.20391346593888787,0
-3.267794231488464e-05,-0.014232091756157434,0.41202848050366747,0.20832389370495402,0
-2.873977595050724e-05,-0.013702270162194097,0.4211370264100458,0.21182836744055286,0
-2.221449415967346e-05,-0.012926184628497855,0.4286507546179814,0.21767746279985786,0
-1.9903779382619473e-05,-0.012676275576154238,0.41936273176682115,0.222087890565924,0
-4.771757080762656e-05,-0.015781261539411753,0.4077171550502984,0.19383464011946772,0
-1.3938347798918716e-05,-0.011899882073845907,0.4361902890954824,0.22543656673355023,0
0.00024500696128879746,-0.034222152242312426,0.32692772446881274,0.019849844816403166,0
1.0823846946746893e-05,-0.03341091663689987,0.33300514424555916,0.027465683979821888,0
-0.0001358486933841268,-0.03424893610572917,0.3368616651168831,0.019602403418818415,0
0.0003902090448050315,-0.03258387445730171,0.318058279688831,0.03521363453343495,0
0.00041200231839071236,-0.03112720754710984,0.3106958858844412,0.04890448651815432,0
0.00040775231687924967,-0.03185524428012814,0.3143770827866361,0.04205906052579464,0
0.00020444790314229849,-0.03185527928449718,0.32409915392682337,0.04208686991371863,0
0.0002429585960181156,-0.031128094341534063,0.3204179570246285,0.04893229590607831,0
0.00017318996748598697,-0.02981101937175843,0.32128979732547847,0.061373696071985534,0
3.2913053259219295e-05,-0.027916475935039393,0.3300615534713453,0.07935251505219781,0
9.18041784168563e-05,-0.028862774408701074,0.3256756753984119,0.07036310556209167,0
3.0166031787126342e-05,-0.029703956005100195,0.3312422771542083,0.06240357175375315,0
-2.6428434749833503e-05,-0.02875493431772328,0.33562815522714173,0.07139298124385929,0
-6.482489637220273e-05,-0.027837172219037105,0.34003362293227596,0.08010127960359839,0
-3.728511766756945e-05,-0.026028334000521403,0.3388320045743228,0.09735005949742352,0
-6.707425514615049e-05,-0.024154187589749,0.34760566682650945,0.11530159647923909,0
-0.00014691744902336953,-0.023983008099718768,0.36755768183354925,0.11668574967660823,0
-0.0001956429806969546,-0.024836117925703543,0.3731457442325586,0.1084139219011118,0
-0.00015600307791539515,-0.02492565093887132,0.36317038320980866,0.107716691655426,0
-0.00010973166967930817,-0.02407139821054892,0.35758167433002935,0.11599367307792366,0
-0.00010887306306097735,-0.025009965410676738,0.35319437570628875,0.1070246150567414,0
-5.590880524461077e-05,-0.025090088273282875,0.3432188357004161,0.1063258279883313,0
-0.00010263485954564064,-0.025950811623256978,0.34880754458019536,0.09804884656583363,0
-8.88227999133546e-05,-0.026890510310457773,0.3444188484837647,0.08910005182621125,0
-8.75197426315594e-06,-0.02697129188092917,0.33444677902283404,0.08835128727481067,0
0.00012507118553726893,-0.032593234322967374,0.3285704218555683,0.03514757883833778,0
0.0003376945111757785,-0.033402481978247786,0.32249300207882187,0.027531739674919058,0
0.00012643205804358502,-0.030468799929510605,0.3257149127451471,0.055166900682993916,0
0.0002810055503193865,-0.030468873989804503,0.31599284160495983,0.05513909129506993,0
-0.00017740312012511534,-0.0238889623351861,0.37753334963324275,0.11738128805673778,0
-0.00012362173998418778,-0.02209475063083331,0.3763298110709476,0.13465965114463654,0
-9.844626929630048e-05,-0.0202037329130889,0.3851019943388641,0.15263336319716955,0
-0.00011101757311838626,-0.02114995376816498,0.38071590270490585,0.14364650717090305,0
-0.00012352240114918235,-0.02103469049432519,0.3906917596634292,0.14434138096527083,0
-0.0001408305307134751,-0.021987988226765978,0.38630566802947086,0.13535452493900435,0
-0.00015891516796610525,-0.0229390961758124,0.3819194142519419,0.12636823879075193,0
-0.00013580330907488454,-0.023038904985582982,0.3719437464522484,0.1256727004106224,0
-0.00010726515809511282,-0.0200800166658719,0.3950790626519285,0.15331102083141454,0
-7.451859457574039e-05,-0.01830284174865508,0.3938742812110604,0.17060761043080847,0
-4.605243868567061e-05,-0.016721890743640864,0.38269469254053284,0.18719139503192883,0
-6.451381429648389e-05,-0.017410403279188778,0.3985503169316039,0.17893394923322742,0
-5.148723499840051e-05,-0.01662258403434179,0.3929605225963402,0.18722584153378763,0
-5.9211312579381716e-05,-0.017503852941347642,0.38828448687579664,0.17889950273136865,0
-9.21038716699992e-05,-0.019119098352241775,0.39946520608802666,0.16229814444823398,0
-7.827680775011677e-05,-0.018161180136409168,0.40385743568114085,0.17119800689761983,0
-8.621429361207789e-05,-0.019255088593149144,0.3894881377749623,0.161620486813989,0
-3.330629590336964e-05,-0.014789873205697062,0.39437098163266265,0.2054912993886489,0
-3.738019272163347e-05,-0.014915683679375943,0.403289469540556,0.20295014579596898,0
-2.9959373608511037e-05,-0.014127634603540478,0.4031099925957741,0.21086504729763395,0
-1.9111095519034563e-05,-0.012974191173386544,0.39683893990169095,0.22389513068329478,0
-1.1477636929574943e-05,-0.011693676040824288,0.408766693740206,0.23460305716124186,0
-6.789498467835275e-21,-0.010000000000000127,0.4042408179457537,0.2546417206614152,0
-5.261208053274245e-06,-0.010818673014061909,0.4065037558429799,0.24462238891132854,0
-6.025625445530989e-06,-0.01086971772303473,0.41582052332609265,0.24113407562454728,0
-2.1407434252872307e-21,-0.010000000000000004,0.41355758542886645,0.251153407374634,0
-4.32620278770049e-05,-0.015637216280099207,0.3987986671424051,0.19637579371214764,0
-3.989609678724688e-05,-0.015761172274451025,0.38853283708659775,0.19634134721028887,0
-1.8056067743076473e-05,-0.012548318972198312,0.41030784864954584,0.22542092618393045,0
-1.2814638561892999e-05,-0.01178319800470073,0.4178215768574814,0.23127002154323545,0
-2.2343139668970765e-05,-0.013198817013954107,0.40434397173028824,0.2200669629449569,0
-2.583310265919497e-05,-0.01387581472485321,0.39560496076717677,0.21469321503597183,0
-1.5521528898523366e-05,-0.012345176619223177,0.4028028168209485,0.22924909392226833,0
0.0009626029092293403,-0.034452567477582983,0.3071779378788706,0.017613578398719246,0
0.0008913066178516365,-0.03280334286101698,0.2953454959687459,0.03303531329467104,0
0.0006600762356147517,-0.031108709924625666,0.292923148398166,0.04896936796489089,0
0.000765791528007461,-0.03195566589990223,0.2941343221834559,0.04100234062978096,0
0.0005474696305907579,-0.031118632246091214,0.3018095171413036,0.048936927241522606,0
0.0006305217773943494,-0.03196511308807624,0.30302069092659356,0.040969899906412685,0
0.0006608326506321294,-0.03269465572520558,0.30670188782878843,0.034124473914052995,0
0.0006371537171175571,-0.03351798395312888,0.31261810878385077,0.0264136064660771,0
0.0006206270968094999,-0.034338452435297095,0.31705283117384164,0.018731711607561208,0
0.0009388496290330126,-0.033627620882019656,0.3012617169238082,0.025324445846695146,0
0.0004382724976619055,-0.02994746109374969,0.30133817664228235,0.05998374536246388,0
0.00022790302776675583,-0.028051947877147165,0.31010822482918143,0.077986925573938,0
0.00010105681596567708,-0.026171742702968938,0.3188815665329882,0.09594299920969251,0
2.829756157207805e-05,-0.024303851609848343,0.3276544629776927,0.1139055666449422,0
9.20327228556991e-07,-0.02516518534549073,0.33324323377600773,0.10562781307118285,0
-2.047498329768684e-05,-0.024231862883827483,0.33763006490210107,0.11460358156209063,0
-1.030961440557297e-05,-0.022450270738349567,0.33642656927139036,0.13187951081514554,0
5.6819070898367554e-06,-0.023374982551325436,0.33204051612454155,0.12289253873004387,0
-3.4735838132579106e-05,-0.023300545104982782,0.34201611804894994,0.12359055364719232,0
-7.421746297497155e-05,-0.02228762067817381,0.3563782017048238,0.13326953596731372,0
-7.267816612544734e-05,-0.023219774594512622,0.35199193426566666,0.12428556622327641,0
-0.00010675986324387811,-0.023132690896656392,0.36196794176918656,0.12497764282196097,0
-0.00010119854072593875,-0.0221948221536548,0.36635400638788573,0.13396459355597512,0
-6.938547514822238e-05,-0.020428683411715318,0.365150327154459,0.15124343788645056,0
-9.396208217116143e-05,-0.021257716768835727,0.3707400691127033,0.14295154451554354,0
-7.282669147525897e-05,-0.021357248591820137,0.3607642644296414,0.14225648692688214,0
0.00043128644626399263,-0.030537400263273434,0.30601703126336177,0.0544441159403091,0
0.0005426310289841341,-0.030527790861419685,0.2971306625202242,0.054476556663677386,0
0.0003114719654510983,-0.02988031819442283,0.3113139869838804,0.06067872071722471,0
0.00032041542669009797,-0.028998579966711163,0.3057232007357319,0.06898533546820095,0
0.00020946368090150918,-0.028931291975005078,0.31569901107732995,0.06968031082296178,0
0.00013207165681149497,-0.027985692444208857,0.32008488915026334,0.0786697203130679,0
7.417600101984639e-05,-0.027043672553094637,0.32447156000216676,0.08764775713094516,0
0.0001561446130510736,-0.027110385767997094,0.3144948956810848,0.08696496239181525,0
3.157006523312513e-05,-0.02610209635956334,0.3288567855536555,0.09664652935355802,0
5.934618323027021e-05,-0.025236010179868887,0.32326801475534045,0.10492428292731736,0
-4.356007258669029e-05,-0.02237280666160676,0.3464023854881071,0.13257452339122963,0
-8.57228952304276e-05,-0.020320861717179714,0.37512616074666155,0.15193840054181007,0
-5.883116357929437e-05,-0.018575174545563015,0.3739224561278034,0.16921732994972763,0
-3.136488571573374e-05,-0.016997239955164566,0.36274291975455447,0.18580126708624853,0
-4.373127021757577e-05,-0.01777950048722903,0.3683326879411789,0.17750929851798808,0
-5.257704654528052e-05,-0.0176489324462609,0.3783085743341681,0.17820436249082822,0
-6.805381455649713e-05,-0.01844490403935487,0.3838983686694319,0.16991247019026806,0
-7.697062457252666e-05,-0.019383551882298053,0.3795122252333337,0.1609253465734486,0
-6.45549651024461e-05,-0.01950151306596014,0.36953639164113117,0.16023038391808908,0
-2.5676822156517575e-05,-0.015194052662169498,0.37178911330539055,0.20396011234852898,0
-1.785092072424834e-05,-0.013435012738769334,0.3802422624139421,0.22184739355466007,0
-2.191443271668464e-05,-0.014312924716754914,0.3760156878596663,0.21290375295159453,0
-2.4935683020951603e-05,-0.01409878261134333,0.38730662202330235,0.21366934647165448,0
-3.0362376889369535e-05,-0.015006294137854344,0.3830800474690266,0.20472570586858896,0
-3.492239894408086e-05,-0.015948025837747622,0.37724190292296167,0.1955757536902289,0
-3.95820931979501e-05,-0.01686825604052493,0.37271880614754366,0.1864963310590887,0
-2.8887380042445765e-05,-0.01609396114438147,0.3672660165299725,0.19488068971738876,0
-1.8860210907846437e-05,-0.013215688397266095,0.3885406011578165,0.22287126211897743,0
-8.29257245835393e-06,-0.011546688103691395,0.3889657470107669,0.2412951145058558,0
-9.982913798415356e-06,-0.011624937005623899,0.39886622037548647,0.23794908583354885,0
-4.535575251004264e-06,-0.010790171900821977,0.3966032824782603,0.24796841758363553,0
-4.168659415022237e-21,-0.010000000000000089,0.3854261888196495,0.2611084197600967,0
-3.7043911472220626e-06,-0.010745030723006949,0.3871959679152082,0.25120176713297626,0
-2.7231798157776935e-22,-0.01,0.3948335033827016,0.25787507021075595,0
-1.3210536415427585e-05,-0.012241873123732486,0.39290234345622893,0.2325951225945753,0
-1.3148032025780159e-05,-0.012488028177871497,0.3846040047123545,0.23157125403025794,0
0.0015410500766377168,-0.03492179730511427,0.2878208267661514,0.013076000492440074,0
0.0013311384393817859,-0.03366624197695694,0.27332332795703174,0.024761736844975145,0
0.0008963693558280986,-0.031664106849260146,0.2761456379308461,0.043603274422930154,0
0.0010933911244016684,-0.0326649002109664,0.27473448294393893,0.03418250563395265,0
0.0009156087196877272,-0.03223426054926457,0.285745566949796,0.0383192938588006,0
0.00113353236017877,-0.03323504412446495,0.2843344119628888,0.028898525069823093,0
0.001180740073601508,-0.03386233343661013,0.29158316136744866,0.023055656893555557,0
0.0014440725268229245,-0.03429402166511326,0.28057207736159157,0.01891886866870761,0
0.0012822475880815832,-0.03468769534475726,0.297499382322511,0.015344789445579661,0
0.000786756734051117,-0.031386557140489005,0.28453439316450607,0.04628632119391052,0
0.0006210058466836478,-0.029965824686334287,0.2813138401931585,0.05963750910875483,0
0.00039150469748060304,-0.028163936773519332,0.29014640876965975,0.07674315521486362,0
0.00041878756932397257,-0.029055919556748838,0.2957422927059711,0.06836345028866375,0
0.0003156398132639887,-0.028109099318277174,0.3001273167994206,0.07736504039440081,0
0.00022987134416238358,-0.02629568859096765,0.29892834315454214,0.09457578880632975,0
0.00012448816055917006,-0.02443025329637038,0.3077022242185701,0.11252414206188646,0
0.00011693069558435449,-0.025300895924001563,0.3132918953757792,0.10423357063578949,0
7.728921137420823e-05,-0.024369606490883225,0.3176783435981314,0.11321485435341433,0
5.892379232776616e-05,-0.02258263471416282,0.31647492354535645,0.13048954368574167,0
2.4297413439906918e-05,-0.022520110433672504,0.3264507464083734,0.1311845272504436,0
4.702233677770539e-05,-0.02344262817066723,0.32206469326152454,0.12219755516534193,0
8.763267039290543e-05,-0.02350369720291127,0.31208857388196326,0.12150684287381407,0
0.0006458726950949704,-0.030537628122234827,0.2871184942956623,0.05430343853682286,0
0.0007478325556561834,-0.03081445253668406,0.2787297390620023,0.05162039176584249,0
0.0005414186623097206,-0.0299574451774487,0.29132600841772044,0.05981062723560936,0
0.0004962768568140625,-0.029063828239786392,0.2857301244814091,0.06819033216180923,0
0.0003024123080181735,-0.02722821505446427,0.29453737596210094,0.08565947201059668,0
0.0002334784739560753,-0.027173970476534855,0.30451828399186176,0.08628135719013388,0
0.00016812232282335695,-0.02623545041033859,0.3089049548437652,0.09525939400801113,0
0.00017121984175884062,-0.025360815167343332,0.30331528368655614,0.1035499654341081,0
-2.7975405956049168e-05,-0.020614183875633563,0.34519868162347306,0.14985344211640494,0
2.0204362590499833e-05,-0.020758514962968183,0.32524703208600775,0.14846347160684367,0
-4.3105513272194425e-06,-0.020691437174048914,0.3352228568547404,0.14915845686162432,0
7.601390743101108e-06,-0.021602918384583995,0.33083680067869903,0.1401714912109946,0
-2.1137957470921664e-05,-0.021529947470679506,0.34081262544743174,0.14086647646577524,0
-4.827340492075676e-05,-0.021448062919245125,0.35078844166414846,0.14156148904185933,0
-4.99228929660715e-05,-0.020526573704180814,0.35517450438896603,0.15054844000142775,0
-3.321458948548722e-05,-0.018796633828477655,0.35397080015701965,0.167827356179444,0
-1.0814574189357902e-05,-0.017200880270290896,0.3428021899319538,0.18441387613205903,0
-2.166630770116852e-05,-0.017108125106882515,0.35277255484325415,0.18510757160915378,0
-2.054332857592121e-05,-0.017994133468804498,0.3483864950444867,0.17612061615575153,0
-3.293439204958866e-05,-0.01789475723209487,0.35835685995578703,0.17681431163284628,0
-4.709802201558381e-05,-0.018692627597757368,0.3639466281424115,0.1685223430645858,0
-4.932174864157103e-05,-0.019608184397431075,0.3595605636557393,0.15953539703294728,0
-3.175461356873446e-05,-0.019703077622424625,0.3495847408902464,0.15884039914792447,0
3.686470771298444e-05,-0.02166722961025363,0.3208609778156821,0.13947650764629266,0
-1.3653279977073121e-05,-0.015471617681673211,0.3516090571820121,0.20241602834049333,0
-1.2921277120748587e-05,-0.0163316464916899,0.3472056235569829,0.1934149522362762,0
-2.1439524847385756e-05,-0.016227308390604555,0.35717598846828325,0.19410864771337094,0
-2.0207116278734788e-05,-0.015344929768252503,0.3616990852437013,0.20318807034451114,0
-1.2162849239329934e-05,-0.01376346835587205,0.36066284282491623,0.2205799731147653,0
-1.542478019712424e-05,-0.013613746910294175,0.37045255261942917,0.2212136833347127,0
-1.8144591325573814e-05,-0.014468494106479081,0.3662259780651534,0.21227004273164712,0
-1.334771938261678e-05,-0.01461285887670578,0.35613595000346415,0.2114980007276293,0
-7.87394912801324e-06,-0.012183844926159973,0.36785531959893125,0.23795747507260065,0
-1.2285660156865227e-05,-0.012796802100727043,0.3740487910064367,0.22990243431363036,0
-1.0185397140815217e-05,-0.012967317525461404,0.36425908121192374,0.22926872409368299,0
-8.577573325778502e-06,-0.011888633705407214,0.3784105333048491,0.23962629478922823,0
-3.347527193908845e-06,-0.010892260744139522,0.3729031580498272,0.25284744033031326,0
-5.64124009105213e-06,-0.011531452562378008,0.37037923882437923,0.24540245770145697,0
-5.564088599057997e-06,-0.011216875212082332,0.38093445253029706,0.24707127741808455,0
-1.8999484486697197e-06,-0.010452957810715164,0.37916467343473836,0.25697793004520497,0
-2.0805246766933713e-21,-0.010000000000000077,0.3662195914813676,0.266278831452245,0
-1.4280636033543945e-06,-0.01043062714563164,0.3695613747655974,0.2595631358912791,0
-1.4827463776453335e-22,-0.01,0.37582289015050857,0.2636936256061708,0
0.001912181548174552,-0.035556542529629684,0.26889461018962796,0.006968654833663934,0
0.0014525185639864791,-0.0341425192319887,0.2530223240892889,0.02013383220181207,0
0.001021716438655672,-0.03208964705168436,0.2546372433687961,0.03941218028822188,0
0.0012201879498968105,-0.03311611460001969,0.2538297837290425,0.029773006245016977,0
0.0011788952341160927,-0.032878487419058,0.2639802856629139,0.03208695856659852,0
0.0014191043636600303,-0.03390419680467783,0.2631728260231603,0.022447784523393608,0
0.001601343930967965,-0.03461140166368129,0.2711089690733298,0.01586519583931954,0
0.0016760776425264123,-0.03484972529337846,0.2609584671394584,0.013551243517738003,0
0.0017626484694222555,-0.03523912823587387,0.2783577184778897,0.010022327663052003,0
0.0009803021299919555,-0.031876806610257574,0.2653914406498211,0.04150772735557602,0
0.0007293034045342064,-0.03019686819036345,0.2614316989934579,0.05725003093420897,0
0.0006878080434417583,-0.030081559149767893,0.27137276959330825,0.0584437700214819,0
0.0008149951557591368,-0.030931151229795343,0.268788668462152,0.050426652678569564,0
0.0008666095166300471,-0.031142792546747487,0.258034471181127,0.048331105611215425,0
0.0004992086135675603,-0.028301746356093338,0.27020638155726573,0.07518656743524874,0
0.0003274691797851294,-0.0264098586872568,0.27897646365948053,0.09318928125746376,0
0.00036070365028471315,-0.02728761812119373,0.28456143621457014,0.08496621823616368,0
0.00040641141555422224,-0.027354230291909733,0.2745914226083731,0.08418792434635625,0
0.00045377102762007935,-0.02823348525468929,0.2801763951634627,0.07596486132505617,0
0.0005595811181918058,-0.02913440855559713,0.2757601108752121,0.06741203827200179,0
0.0006065478768889739,-0.029248297562290974,0.26581904027536185,0.06621829918472885,0
0.0002837264725288211,-0.02635396682217868,0.28895240340701134,0.09388253503189675,0
0.00020590780245287207,-0.024539623486709867,0.28775077785070746,0.11113135538924192,0
0.00021998828839212413,-0.02541835998071252,0.2933395605026248,0.10285357209778584,0
0.0001679593804299591,-0.024486903956489888,0.29772650103463877,0.1118277487255642,0
0.0001227888769885976,-0.02268793532835158,0.29652327485472363,0.12909959920949093,0
0.0001602012432892207,-0.02361069266166197,0.29213702635271555,0.12011547729936642,0
0.00012587776857546343,-0.023559589766497694,0.30211274953664685,0.1208118706356887,0
9.219916822388671e-05,-0.02263834583658814,0.30649909920004004,0.1297945714476163,0
6.805342393247058e-05,-0.02086409086351286,0.30529538048800214,0.14707352254196543,0
9.243647043227508e-05,-0.021771979277627758,0.3009093276713629,0.13808656087572818,0
6.551983401321017e-05,-0.02172335406014211,0.3108851520166793,0.13878153311385355,0
4.4641502513185734e-05,-0.02081584385360954,0.31527120628700495,0.14776849707440454,0
3.346009250590079e-05,-0.019076531572881396,0.3140674906013601,0.16504743761105103,0
-9.277973974521813e-07,-0.018963335118488897,0.3340209664436301,0.16643781988547443,0
1.2775406742534375e-05,-0.017334532710894003,0.3228482586122458,0.18300832521575927,0
7.283029345753279e-06,-0.018146595978091744,0.32843461252793793,0.17472307255061686,0
1.632380140756294e-05,-0.019026382835092052,0.3240442285224951,0.16574262874826273,0
7.894133781384206e-06,-0.01985703560864245,0.32963399926481896,0.15745064574615905,0
2.85334484025459e-05,-0.019916603540470004,0.3196572613436839,0.15675545460894735,0
4.8673290776911284e-05,-0.019965271310877497,0.3096814355446811,0.15606048007650825,0
0.00026118147147376506,-0.025472487174050203,0.283363620755094,0.10216031832335284,0
-1.2453527733747475e-05,-0.01978598063534297,0.33960982403355156,0.1581456310009397,0
-1.764271091372407e-05,-0.018886862015636004,0.3439958833003249,0.16713258803245923,0
-6.974336577776976e-06,-0.01807779160909698,0.338411578187792,0.17542584800876673,0
8.106525499640167e-07,-0.017276505707168814,0.3328252242720998,0.18371110067390917,0
1.5239218553500193e-06,-0.015643147087486903,0.33163160909171246,0.20097989027420968,0
-3.4394955891166663e-06,-0.014018910113963869,0.3404574939579695,0.21884618356339533,0
-7.747849583348812e-06,-0.014738520792290648,0.34603327556999075,0.21063110595194434,0
-8.113158511164321e-06,-0.013906487750100945,0.3505601683914429,0.21971307833908033,0
-4.054103462415739e-06,-0.01247828144237763,0.3485064171608129,0.2365021714080206,0
-4.119823070007643e-06,-0.013240138313022115,0.3444819555593912,0.22767417748570795,0
-7.489039806367353e-06,-0.013112642893158517,0.35458462999286455,0.22854107226139295,0
-6.223241105318694e-06,-0.012348417032393458,0.35818086837987206,0.2372298232403106,0
-2.4196575735833474e-06,-0.011107679549105121,0.355884236085138,0.25295028086258525,0
-3.440937367165447e-06,-0.011784901617427677,0.3521953266229754,0.24472622613530293,0
-4.710724955287877e-06,-0.011636964184375275,0.3618697778420346,0.24545387796759294,0
-3.0329999508996032e-06,-0.011016492998278773,0.3643936970674826,0.2528988605964493,0
-1.4081391972241723e-06,-0.010548777771769687,0.3610519137832528,0.25961455615741513,0
-6.7630286882335535e-22,-0.010000000000000089,0.3465786065780698,0.2693798924876393,0
-8.786925567471468e-07,-0.010534821615371955,0.3512314213316039,0.2611650866751123,0
-2.6883766232843857e-22,-0.010000000000000004,0.3563990990297187,0.26782936196994217,0
-6.329282169889918e-06,-0.015569000429796642,0.34162033313686224,0.20169795930735152,0
-1.5950140212317585e-06,-0.014823590276685917,0.336044551524841,0.2099130369188025,0
-3.5892784419931712e-06,-0.0164176829140157,0.33721689951183315,0.19269688320313436,0
6.191610435253577e-06,-0.01648195831201094,0.32723993385197914,0.1919941077449845,0
0.002041189914844278,-0.03627594101936804,0.25023427752170907,8.340553431144577e-05,0
0.0014388640680043853,-0.034892806224437405,0.23389693685133398,0.012968053922113153,0
0.0009674468678126843,-0.03244336246000706,0.2331782129288821,0.03591515851597204,0
0.0011824434065563429,-0.03366854242404428,0.23353757489010804,0.024441606219042594,0
0.001470076469670465,-0.03451719710706257,0.24345963047031144,0.016550943061962614,0
0.0011995049112340879,-0.03329358269763394,0.2431002685090855,0.028024495358892055,0
0.0010146954344963115,-0.03226606872142154,0.2439077281488391,0.037663669402096964,0
0.000720098609636105,-0.030322148644909116,0.2414805784814108,0.055852572865385024,0
0.0005328183011108689,-0.028419077541901653,0.250254902488664,0.07379429866386086,0
0.00037872176771984163,-0.026521399668598407,0.25902734748819495,0.09176308871759067,0
0.00045133433536673066,-0.027468917229137697,0.2546411249884295,0.08277869369072577,0
0.0005254768136771715,-0.028360522418085475,0.26023064202296486,0.0744904330495548,0
0.00043682698953425957,-0.027412757101602306,0.26461686452273037,0.0834748280764197,0
0.00035954585465970137,-0.026466129484153167,0.26900190557383774,0.09247618498752722,0
0.00025941506667424884,-0.024636769308705873,0.2677995298240755,0.10973573153226117,0
0.0003148768496953918,-0.02557701403652093,0.2634134386561352,0.10074941012492591,0
0.0002931915820564639,-0.025524726099796738,0.27338799674177805,0.10146250639486246,0
0.00023679945572081335,-0.024589336495739675,0.2777751538373915,0.11043354346075154,0
0.00017113412705386431,-0.022772367946045327,0.27657162733991375,0.12770966270503187,0
0.0001494581686795648,-0.022732267866773744,0.2865474510973187,0.1284046309572614,0
0.00018920286037208385,-0.023657534869907862,0.28216120259531063,0.11942050904713689,0
0.00021173430929155075,-0.023701517144797325,0.27218557858199466,0.11872269711864653,0
0.002011419658758222,-0.03591587635000545,0.2595644438556685,0.00352603018398769,0
0.0017282902676496647,-0.03520940153644031,0.251628300805499,0.01010861886806176,0
0.0017259869011168126,-0.035584640828421284,0.24206560718652154,0.0065257297282123,0
0.0008620413504275265,-0.031206702887081775,0.24805891092510346,0.047632376576803456,0
0.0008396981951470323,-0.03138240166509692,0.23732939570514644,0.04588386569067853,0
0.0007374841712450733,-0.03025937169796495,0.25145613873743433,0.056551301899797,0
0.0006257309938932731,-0.029308903844380584,0.255843300741061,0.06552216479903492,0
0.000622673864730257,-0.029369840797356987,0.2458677404850374,0.06482343576462295,0
0.0001081776957630587,-0.020937153529950864,0.28534372957603005,0.1456835870521502,0
0.00013686349579099033,-0.021850485910534453,0.2809576784579719,0.13669662487859102,0
0.00011654031416118363,-0.02181399585880274,0.29093350221537684,0.13739159313082056,0
8.951729510914506e-05,-0.02090415341275246,0.2953195550320161,0.1463785547970578,0
6.473057817029003e-05,-0.01914448787825821,0.29416606531416745,0.16363298815857297,0
8.434800858553681e-05,-0.02003512515485257,0.28975489744509875,0.1546582876053616,0
6.750571723959233e-05,-0.02000527746085502,0.2997307229010848,0.1553532553502692,0
4.979446247049947e-05,-0.019115932535266188,0.30411677795776376,0.164340212884812,0
3.5893579773666525e-05,-0.017401352222253332,0.3028994087543469,0.181599518129136,0
3.5714409892617194e-05,-0.018239021089614817,0.30848344967785346,0.1733234778700935,0
4.877250913319888e-05,-0.018265686095996866,0.2985327370342572,0.17261625314385448,0
2.1694999457251897e-05,-0.018199522166594432,0.31845787460680297,0.17402788141340514,0
2.4622122632019935e-05,-0.017375857882365602,0.31287383368329635,0.18230392167244763,0
1.7548199055604284e-05,-0.015721846051602855,0.31166788919707333,0.1995714215578543,0
6.760957639403728e-06,-0.01413113809800284,0.3204592562983698,0.21739123733134652,0
4.875800523961651e-06,-0.014883678865280837,0.32604543269504116,0.20918556380277809,0
1.5885356803248583e-06,-0.014089272148037468,0.33045837512816967,0.2181187104473709,0
1.2803047607365413e-06,-0.012600844472714732,0.3291692611288204,0.2354783678324544,0
-4.490806636797932e-07,-0.011205145317238024,0.33737510152341904,0.25302855136594826,0
6.741964258099618e-08,-0.011891618087309217,0.3332721813261197,0.24425345959920133,0
-1.7874307609732028e-06,-0.011833064620586552,0.342940759342116,0.24476536138698443,0
-1.4850315270009788e-06,-0.012556186132884001,0.33883783914481663,0.2359902696202375,0
-4.788542915863042e-07,-0.013303635303811085,0.3348133775433949,0.22716227569792485,0
3.4655957087388868e-06,-0.01335474342002395,0.3248142587135951,0.22643480258190046,0
1.6057828280446877e-05,-0.016526729616517667,0.31725807390465954,0.19128987338680678,0
9.58957953587408e-06,-0.01569337109547464,0.3216497491443929,0.20027565591603197,0
1.1372959502175184e-05,-0.014916667599520407,0.31606357274772157,0.2084813294446004,0
2.5611674120502037e-05,-0.016552858735991643,0.30728364897571014,0.19058546984349514,0
-1.5120408642365324e-06,-0.0111754795500048,0.3466296688042785,0.25298941611426673,0
-4.6201122218789137e-07,-0.010587963214055104,0.3419768540507444,0.2612042219267938,0
2.22015276409233e-22,-0.010000000000000082,0.3267034976637463,0.2698440294831328,0
6.418921553411485e-23,-0.010000000000000018,0.33664105212090806,0.2696119609853861,0
8.957662831821807e-08,-0.010587240385719556,0.3320392995935827,0.26143629042454053,0
0.0019189375926420573,-0.03699972360640513,0.23157740712491706,-0.006811407865883086,0
0.0020110097393932188,-0.03663735833148051,0.24090584232331308,-0.00336400116578582,0
0.001668240920319985,-0.035946507722376224,0.23273717198812552,0.0030783230281150337,0
0.0012655056010616751,-0.03557346319590813,0.2168052164240624,0.006500969243436378,0
0.0015728863668693816,-0.03628687596212,0.22419131177448973,-0.0001552193112233538,0
0.0013706956287423144,-0.035232711661317404,0.22535107663769818,0.009734511582774765,0
0.0010322809566002857,-0.03389935656499306,0.21951565049297153,0.02219371372535665,0
0.0012293434824702555,-0.034396233368082466,0.22670629367215275,0.017580883823734902,0
0.0010115721831472804,-0.033170905461895266,0.22634693171092682,0.029054436120664343,0
0.0007144637548608494,-0.03235433050219549,0.21170497867340102,0.03659808534060946,0
0.000615992563148602,-0.030453399362155492,0.2215316182890532,0.054423974455616475,0
0.0006789574606997247,-0.03038726041168759,0.231506098385232,0.05513827366050075,0
0.0007764599336986529,-0.03144932571622285,0.22735491560896764,0.04516956648579426,0
0.000669278989070758,-0.0314036368299905,0.2166182984812271,0.04551102989811297,0
0.0008524049440523343,-0.032398363655555755,0.22244159580114156,0.03625662192829075,0
0.0008622686390918697,-0.03312727578084456,0.21561031458318627,0.029395899532983057,0
0.0011458600637336866,-0.03473657762829839,0.21816043345851696,0.014347341484396514,0
0.000492398645343409,-0.028538159969771097,0.23030370512971005,0.07239791363647233,0
0.0005541026089075473,-0.02949534694086161,0.22591766170938163,0.0634109440460444,0
0.000598250612202826,-0.029431247394464975,0.23589214180556042,0.06412524325092868,0
0.0005215126187831886,-0.028478186422300746,0.24027930380918702,0.0730961061501666,0
0.0003763606940978909,-0.02662800892208707,0.23907570174664083,0.0903731800286048,0
0.0002767162946166147,-0.024728007148225935,0.24784787117017593,0.10834601009181369,0
0.00032420474402294224,-0.025676402625334254,0.24346178645840838,0.09935959506020925,0
0.0003842952422257235,-0.026574470572127938,0.2490515246174179,0.09106813437309774,0
0.00032528209984488446,-0.02562663860468641,0.25343760932918546,0.10005454940470218,0
0.0002728769167927072,-0.02468255730608972,0.2578237004971257,0.10904087081203742,0
0.00019626222792283365,-0.022844629183817106,0.25661998178848733,0.1263197302122802,0
0.00023407902675521747,-0.023783700932136706,0.2522339264793316,0.11733287015204695,0
0.0002268857363942158,-0.023743098966754687,0.2622097558062814,0.1180277308722707,0
0.00018694608409802283,-0.022809397244782884,0.2665958045642005,0.12701469645865604,0
0.00013421997438624743,-0.02098749936758003,0.2653920810706107,0.14429365942201425,0
0.00016307348199700016,-0.021912064103960786,0.26100603142954903,0.13530669481714724,0
0.00015258682804291727,-0.02188270630477118,0.2709818542052622,0.13600166106352307,0
0.00012328397345397164,-0.02096442361527318,0.27536790532332034,0.14498862323708223,0
8.812990525508729e-05,-0.019186359897346794,0.274465559420965,0.16212048893120395,0
7.764595726777746e-05,-0.01916917228661078,0.2843158123675662,0.16287673854488846,0
9.847184810683636e-05,-0.02006447053064757,0.2799046444984975,0.15390203799167707,0
0.0001094022500036622,-0.020081130071327245,0.26992882024578785,0.15320707417660911,0
0.0004498315104498263,-0.02752502507871742,0.24466530211765242,0.08208373934623284,0
0.0004327127865434802,-0.027582183989162467,0.23468970343817544,0.08138554683253857,0
5.5268967879522494e-05,-0.017428731206010767,0.28283467448248023,0.18000096748987446,0
3.1917313028212956e-05,-0.01572635612936365,0.29171911775014264,0.19808243837621048,0
1.6815994228953975e-05,-0.01418077538259124,0.3005369719107946,0.21542546399207474,0
7.072051465633478e-06,-0.012687954516837366,0.30984020333578954,0.23332302920277004,0
2.00670474262751e-06,-0.011296657747106035,0.318134215382413,0.25124919018011055,0
2.0421038472657816e-06,-0.011944527180081387,0.32365173825561666,0.24336377900628248,0
4.086668219819864e-06,-0.011977772838292376,0.3139872093591013,0.2422861096914403,0
4.173792316694906e-06,-0.01265988249180009,0.31950473223230497,0.23440069851761222,0
7.380950361192836e-06,-0.01340696916283901,0.31514972981707967,0.22535713326705828,0
1.1912196676816283e-05,-0.014168687183559141,0.31049811410458217,0.21640835066171063,0
1.1287624114491254e-05,-0.013420948917528444,0.30518858762329204,0.2243742465974224,0
6.0583550776793496e-05,-0.018289329819933864,0.28850036989832384,0.17181697782422373,0
7.028263436559798e-05,-0.018299897978010023,0.2786501169517226,0.1710607282105392,0
4.629010379822814e-05,-0.01742137748387206,0.2928670416184136,0.18080024280950524,0
3.451132258253667e-05,-0.016565475522871263,0.29730926325224477,0.18984097825267324,0
2.509625186459193e-05,-0.0157335734399012,0.301693503473608,0.19882692996703238,0
1.774729313020761e-05,-0.014951595675403018,0.30610243055393394,0.20749844277496451,0
2.3566104102023894e-05,-0.014942260775236664,0.2961280448304686,0.2067539511841426,0
4.247535914206387e-05,-0.016567289981996018,0.28727689611631146,0.18904170293304245,0
7.4507851938759e-07,-0.011270889659613384,0.327754658452916,0.25213887077302943,0
6.609623944717699e-07,-0.010625479621309657,0.32241885652307967,0.2605466098316217,0
1.944205311744639e-21,-0.010000000000000085,0.3069505797865654,0.2675774458242292,0
-1.5881867761018164e-22,-0.010000000000000028,0.31682703872515583,0.26871073765368103,0
1.2733524323644253e-06,-0.010638910473925104,0.3125423975844892,0.2594133180021699,0
0.001554705069171164,-0.03764626854391315,0.21266043238784113,-0.012947963849187463,0
0.0014100455562246809,-0.03661006617236191,0.21473282440595176,-0.0032234973028755424,0
0.001762232808555785,-0.03732254210501864,0.2221189197563791,-0.009879685857535275,0
0.0007964000959094246,-0.03418986131365281,0.2038958041133447,0.019400979904983757,0
0.0009154967528213567,-0.03606904298229069,0.19924871525945753,0.0017973434869672125,0
0.0008583413475231357,-0.03512967412949423,0.20157225968640113,0.010599161695975485,0
0.0011049339111569864,-0.03582084994754427,0.20802696584175995,0.004149156365201795,0
0.001016152031588207,-0.03488192831924423,0.21035051026870355,0.012950974574210067,0
0.0009232649079591043,-0.03404425239709309,0.21170572730315812,0.020797346815170203,0
0.0007603093975519844,-0.03327215006260701,0.20780039139337286,0.027999532622796607,0
0.00044336616639743885,-0.03249852472171424,0.19260508401590162,0.03515906209162091,0
0.0004348059888607975,-0.030585801524030613,0.20157995827118422,0.053034029536741904,0
0.00038641833205308904,-0.028661904353358643,0.21035205424163286,0.07100796957793154,0
0.00044678667281422015,-0.028599140664174082,0.22032787968567147,0.07170294160720193,0
0.0004917700713686458,-0.02955873612384859,0.21594183626534302,0.06271597201677401,0
0.0004136991069164169,-0.029623821995179718,0.20596600625640854,0.062020999557336726,0
0.00053362157108765,-0.03051880342024834,0.21155578828011873,0.05372900199617919,0
0.0005626373329141813,-0.03147078957653016,0.20664246847229262,0.044816057438675685,0
0.0005866029791197339,-0.032425795359568445,0.20215503134465132,0.035878573716115185,0
0.0004453305322356244,-0.03154228454264608,0.19709252114354292,0.044096545814181404,0
0.0012126188571137991,-0.03685793379379807,0.20595457382364935,-0.005575310181110125,0
0.0006048834755095281,-0.033344651463927996,0.19825044406462317,0.027280020998302332,0
0.0003221021162350024,-0.026739436145563584,0.21912413313680418,0.08898213393723732,0
0.0002553897274586231,-0.02482195355688578,0.22789624285967855,0.10695585708811084,0
0.0003117597613112239,-0.025727165948779534,0.2334859723031597,0.09866451855835781,0
0.0002708139491372479,-0.024774151121503073,0.23787205701492725,0.10765093358996226,0
0.00019413114696470741,-0.022915139214129996,0.23666833836054332,0.12492979879271217,0
0.00022377156313761463,-0.023866737324921724,0.23228229061011094,0.1159428279404115,0
0.0002330349911210826,-0.02382452111072755,0.24225810476535964,0.11663790444226294,0
0.00019869895894049832,-0.02287941448177929,0.24664416007451534,0.12562476450249618,0
0.00014194052045109705,-0.021027968035764573,0.2454404358712773,0.14290373531552877,0
0.0001405401210277731,-0.021008064504974673,0.255416258470944,0.1435986973687715,0
0.0001678858193530655,-0.021940087603286522,0.2510302088298823,0.13461173276390448,0
0.00016679980334108362,-0.021968385720489977,0.24105438711591032,0.13391676705412048,0
0.0004007703312897107,-0.027640358072940227,0.2247139191332571,0.08069002378685483,0
0.00035525892277451154,-0.027700314456517484,0.21473809368921853,0.07999505175758442,0
0.0003553555104646076,-0.0266827946299834,0.2290999174417225,0.08967765698292106,0
0.00028843735940588114,-0.02577978125638936,0.22351018799824135,0.09796899551267407,0
0.00010199398066601829,-0.01929704427289065,0.254631625148084,0.159737340457309,0
0.0001177516158607964,-0.020146353033902505,0.2600118531093474,0.15201549993966162,0
9.663969755042417e-05,-0.019242851104606527,0.26454859228452454,0.16092891469425646,0
7.010185888575059e-05,-0.01759590362665494,0.262896889741022,0.17665813449211037,0
4.376184417705711e-05,-0.01568306076364567,0.26872113405753545,0.19602409298845927,0
5.584290747558222e-05,-0.016629828647322382,0.26580901189927875,0.18634111374028484,0
6.361051290604802e-05,-0.01751479731682589,0.2728657821117511,0.1783295509909924,0
5.0040524942968904e-05,-0.016564158860210742,0.2757779042700078,0.18801253023916686,0
3.867447465315607e-05,-0.015713749391094725,0.28022012590383905,0.1970532656823349,0
2.4454878346678315e-05,-0.01405996784241705,0.280566988563649,0.21425505156532365,0
2.852505939622656e-05,-0.014896999086206788,0.2861430531568958,0.20616874497076706,0
3.3297020040617505e-05,-0.014855965651796331,0.2746440613105922,0.20513957227689145,0
0.00012097534805611767,-0.02015761679094445,0.25003603050968065,0.1513205378864189,0
8.504244456213637e-05,-0.018439882428587906,0.258764257444553,0.16819773747470967,0
7.930227237785276e-05,-0.01839615595905205,0.2686812245809935,0.16938931171165716,0
2.102138091986348e-05,-0.014131913793268508,0.2905519802372218,0.2148402577786992,0
1.3781369316870658e-05,-0.012887213697736752,0.28960478759209796,0.22841223021267854,0
4.617570358208525e-06,-0.011336042663556657,0.29876665286135795,0.24824374540970245,0
8.562136977847835e-06,-0.012090588966785863,0.29418572022672795,0.2383279878111905,0
1.0446867935172915e-05,-0.012800114699261218,0.29972249546394375,0.2308676297077243,0
6.176722239732235e-06,-0.012012371106422995,0.30430342809857375,0.24078338730623625,0
3.3541367848361446e-06,-0.011334706906802276,0.30845043412188544,0.2497464677949065,0
1.8567162826258256e-06,-0.01064052162588641,0.3028586163239617,0.25791059561696583,0
2.952703914569291e-21,-0.010000000000000075,0.287592493039636,0.2630154559094485,0
2.5325860000814e-06,-0.010666129693518399,0.293179572950497,0.2556296006595755,0
2.8808530767990353e-22,-0.010000000000000031,0.2972715364131007,0.26529645086683884,0
1.5650779576387342e-05,-0.013537474865488735,0.2950708797514463,0.22191884710237664,0
1.8674058394391137e-05,-0.01346338690484291,0.2850858880778735,0.2213336408890011,0
0.0009814485331145744,-0.038130732520540785,0.19331457990313583,-0.01753461975717102,0
0.0004886689137606336,-0.036447032515928915,0.18288983561127262,-0.0017748080666378145,0
0.0004401558269004057,-0.03442588697604852,0.18592643512001542,0.01713952060808947,0
0.00046701196854276946,-0.035436843102247643,0.18440813536564402,0.007682356270725828,0
0.0007111625382668677,-0.03625772156491242,0.19106927543536506,1.1267710164698992e-05,0
0.0006580361876485077,-0.03524774267868266,0.19258757518973646,0.009468432047528341,0
0.000626143926732058,-0.03430740247862119,0.19491111961668006,0.018270250256536613,0
0.0004479687321158585,-0.03346250527935498,0.18926575956795852,0.02614929134985519,0
0.0001107267872975607,-0.0326334229142235,0.1728106018866408,0.033855735456117586,0
0.0002816290708022181,-0.03256523686409985,0.1827078429512712,0.03450739877386925,0
0.0002577528124489309,-0.03352997132038416,0.1793685185033281,0.02549762803210353,0
0.0012861842528642743,-0.03788811399559259,0.2029875061454885,-0.015241291803179242,0
0.0009568166620923843,-0.03710007701849529,0.19628164758129668,-0.007868638135101904,0
0.0007154138150077638,-0.03728912141154786,0.1881022077572042,-0.009654713911904419,0
0.00019938267437835463,-0.030725306115832362,0.1816282927287631,0.05164408015909085,0
0.00022950350392243396,-0.028794135081662092,0.19040039945980838,0.06961802192637064,0
0.00032242584974574316,-0.030654592400360475,0.19160412549997366,0.05233905484791637,0
0.0002201582054026876,-0.02976009294344807,0.18601434609428574,0.06063105104273074,0
0.00032231021604232424,-0.029690875796900926,0.1959901788654963,0.061326025731556266,0
0.00031326887223582064,-0.02872681087322626,0.20037622685072062,0.07031299575215108,0
0.00022371458932601433,-0.026860472220594286,0.19917250102108358,0.08759196815164705,0
0.00019833835610659633,-0.02492612066559681,0.20794459967866358,0.10556591667745853,0
0.0002550421314380102,-0.025834888434736344,0.21353436640773388,0.09727402530734792,0
0.00023096778911805215,-0.02487233004453722,0.21792042126917105,0.10626088688278468,0
0.00016467896405494186,-0.022994821636492465,0.21671669701364002,0.12353986504264373,0
0.00018201515681600652,-0.023959750894752253,0.21233064834615178,0.11455289086005113,0
0.00020658310289891702,-0.0239114612452347,0.22230646993665928,0.1152478610653773,0
0.0001826756577062245,-0.022953174285840486,0.22669251768709167,0.12423483191767795,0
0.00012979095836563212,-0.021073428279651467,0.2254887943326336,0.14151381044731928,0
9.850764740119302e-05,-0.01922623808787178,0.23429463551959173,0.15900338731843913,0
0.00011374557393245666,-0.020146248857614114,0.22989171492611266,0.1502585988828792,0
0.00011907808471630328,-0.020132628517514524,0.2398675356954345,0.15095356131698395,0
0.0001383388893972688,-0.021049114869564737,0.23546461510195546,0.14220877288142403,0
0.00015980366140476963,-0.021998589705739986,0.23107856634658847,0.13322180462001573,0
0.00014708570873451455,-0.022032296269674394,0.2211027456731368,0.1325268377449815,0
0.00016373478510452394,-0.03167975569001463,0.17721944730770195,0.042749907807604216,0
0.00030910134204962413,-0.03161248603749761,0.18711668837233236,0.04340157112535588,0
0.00029772778789421495,-0.027762590564552183,0.20476227763135824,0.0792999688647893,0
0.00022995458438270907,-0.02782753701645277,0.194786450240446,0.07860499503900883,0
0.00027775036026674255,-0.02679848070705914,0.20914831707894388,0.08828705104444218,0
0.0002126577905004537,-0.025893205986772007,0.20355855034987358,0.09657894241455278,0
0.00010213071329994693,-0.019261372937005253,0.24446313033383787,0.15937036388787407,0
7.819346609467208e-05,-0.017887130448767524,0.24340415889110098,0.17213373699851522,0
8.994346484342386e-05,-0.018597367073570237,0.2490178920195925,0.1659355387279121,0
7.531457673268864e-05,-0.01773966227256169,0.2531505243160615,0.1743959357453128,0
5.714958097074196e-05,-0.01638666194672586,0.24877379561883414,0.18678602345851267,0
6.402018456823967e-05,-0.016998987432716016,0.2558353426799281,0.1817220789753115,0
5.098036914082296e-05,-0.016028594390784356,0.2587474648381848,0.19140505822348597,0
3.914602015640287e-05,-0.014824428790143292,0.251844133000329,0.20211921067096614,0
4.7643651977195855e-05,-0.015600585980012337,0.25030896430958155,0.1944526170647394,0
4.2075465708790514e-05,-0.015263595802802196,0.2602826335289322,0.1990716518297127,0
2.8152049470804597e-05,-0.013823431284601489,0.2605772146724514,0.21340949441941298,0
1.7613790858218488e-05,-0.012753472835906129,0.2700675630995154,0.2262822546376555,0
2.2599290503306762e-05,-0.013277461178144864,0.26532238888598336,0.21984587452853424,0
2.1252294588911905e-05,-0.013413102061918862,0.27531727583158216,0.22026865310148958,0
1.5996166566590325e-05,-0.012831966734241347,0.2798361753458067,0.22734724242516702,0
7.349502293866566e-06,-0.011421042422176746,0.28023476574683376,0.24335527446830424,0
1.0745262964306849e-05,-0.012155645349739529,0.2849197766694659,0.2358837523404914,0
6.037778074616767e-06,-0.011390856640897864,0.2895007093040959,0.24579950993900335,0
3.1500000379953225e-06,-0.010680015741314533,0.2839136293932349,0.25318536518887635,0
3.446365304140927e-21,-0.010000000000000082,0.2686646259811488,0.2568921362760281,0
1.4823076576950316e-22,-0.01000000000000002,0.2781285595103924,0.2599537960927383,0
3.897965285985045e-06,-0.010716527134423818,0.27444969586399126,0.25012370537216616,0
8.824364196015729e-05,-0.018552032486807247,0.23884939720534637,0.16556856215847718,0
6.715297099099643e-05,-0.017132363993471438,0.24608897725496756,0.17945988022851395,0
2.6837172263406265e-05,-0.013951034206063619,0.2705721016180502,0.21383227299236832,0
3.578069918529408e-05,-0.014757091062670107,0.2646491743649934,0.20471679370393614,0
3.3471930105021734e-05,-0.014316015646513972,0.2562106738363902,0.20776435254518955,0
1.1973153732338968e-05,-0.012068393466109406,0.27515116442317455,0.23481876455297987,0
0.0002655632441221384,-0.038374122731070326,0.17357195645569867,-0.019835910136926184,0
-7.948245268369806e-05,-0.03651433930250869,0.16400521110984057,-0.0024155436375588447,0
-5.9946318467683626e-05,-0.03446960390620942,0.16401337033876223,0.016710795095660126,0
-6.921737999050568e-05,-0.03549242091416422,0.1640092907243014,0.0071476257290506405,0
0.00018130243388829616,-0.03545839562523704,0.17345160297501744,0.007467993514511156,0
0.00019285883994645323,-0.03444706586675788,0.17496990272938884,0.016925157851874796,0
3.6996596524423176e-05,-0.03355185344933062,0.16841198611270153,0.025283265275888856,0
-0.00024732101809725243,-0.032769383813286826,0.15287604733169238,0.032597411938448055,0
-6.675332475671661e-05,-0.03086936842135372,0.16166902789307291,0.05028505798306891,0
-0.00014623231899273996,-0.03181997117841519,0.15727253761238263,0.04144123496075848,0
1.039773124841282e-05,-0.03175171495873452,0.16723981488985684,0.04207039671959325,0
6.859981653683017e-05,-0.03079634399912244,0.17164866031091802,0.05096456907107988,0
3.945396857726733e-05,-0.028935976491972507,0.1704472830746197,0.06823448571786872,0
9.323050341214246e-05,-0.02699465919912644,0.17922085181618586,0.08620201843797819,0
0.00011270145316643505,-0.0250465578500996,0.18799295637247662,0.10417597102201549,0
0.00010630207161010996,-0.026021340007584437,0.18360690409433122,0.09518899472999684,0
0.00016161413046007756,-0.026925778796839557,0.18919667641863472,0.08689699329481262,0
0.00016258432510187393,-0.025955229243593524,0.19358272869678012,0.09588396958683126,0
0.0001585160732069776,-0.024984020708381512,0.1979687780255701,0.10487094384973701,0
0.00011144567270229296,-0.023093463393861195,0.1967650573560918,0.12214992569768049,0
9.897121607399919e-05,-0.021138816560024823,0.20553715613964035,0.1401238802002866,0
0.00010615571654011103,-0.022115982542603923,0.20115110674786607,0.13113690294898356,0
0.00014069134712259702,-0.02304125446398734,0.2067408771848659,0.1228448953701621,0
0.00012902113863195647,-0.02207099064477043,0.21112692657664017,0.13183187262146517,0
0.00011654403953699431,-0.021102772727561763,0.215512975236137,0.14081884532380295,0
8.293276972403558e-05,-0.019291625433033723,0.21426433787240468,0.1571817570218471,0
9.136275790988874e-05,-0.020213722807130605,0.20990074700602251,0.14865281861106686,0
0.00010470399123903567,-0.02018813331610289,0.21987656610251916,0.14934778373458318,0
9.247334287380673e-05,-0.019255248454436234,0.2242794866959982,0.1580925721701431,0
7.050010597829597e-05,-0.01786791795435163,0.2230649030279427,0.17060520676747173,0
5.348729778756885e-05,-0.01624646764249729,0.23000854675372193,0.18594696782984668,0
3.7685079759285645e-05,-0.014640412282743799,0.23633427865302742,0.2014697092982409,0
4.533810730781879e-05,-0.015436887807368481,0.23317141270337466,0.1937083385640438,0
4.719487470138259e-05,-0.015525509299945636,0.24255403713593077,0.19412786637837678,0
5.6190089442283064e-05,-0.01631597218806551,0.23939117118627803,0.18636649564417967,0
6.549060220000289e-05,-0.0170764067007924,0.23670635282241145,0.17904035241418095,0
7.575264962607912e-05,-0.01787480838077485,0.23323453095952185,0.17136947188299348,0
6.181399408707824e-05,-0.017052921603691647,0.22653672489083232,0.1782760872986592,0
0.0006323991341244559,-0.0382521021127562,0.18344326817941725,-0.018685264947048603,0
0.00039495441290059223,-0.03741072387297314,0.17823089603348563,-0.010805359101782,0
7.417159628724975e-05,-0.037444429566332434,0.16878858378276962,-0.011125726887242515,0
0.00020700412287957224,-0.036480302416816456,0.17344752336055658,-0.0020951758520983297,0
-6.722181586593163e-05,-0.03270067323165558,0.1628433246091666,0.033226573697282824,0
-0.00016702585472828162,-0.03361962687529299,0.15844470883522732,0.02465410351705409,0
0.0001098813343065247,-0.02983124287967246,0.1760377879016914,0.05993928293847978,0
-5.790340721264918e-06,-0.029903384745343837,0.1660581554838463,0.059259771850468816,0
0.00013741677020557945,-0.028863713352602603,0.18042384126721406,0.06892625382211967,0
7.16490846008674e-05,-0.02796609060345244,0.17483406744540278,0.07721825207792346,0
0.00015389887035290303,-0.027895434610915815,0.1848106256379971,0.07791002018217441,0
0.00015083158816751798,-0.02401251713202423,0.20235482851737768,0.11385792118756952,0
0.00011398309301075097,-0.02407049286799647,0.19237900686428422,0.113162948359848,0
8.400934588728102e-05,-0.018552231629431863,0.2286797692737672,0.16480429704295543,0
7.698256438982962e-05,-0.018576378519720747,0.2186646204501737,0.1638934818946594,0
3.8838937313902854e-05,-0.014733439037478698,0.2440892058266782,0.20179445998460352,0
2.663428622371511e-05,-0.013436394139892026,0.24513919699490297,0.21429490003937554,0
1.3699597103331745e-05,-0.0118736900362919,0.2474022477633404,0.2299944670222368,0
1.9894115291303295e-05,-0.01264640801449149,0.24627072237912168,0.2221446835308062,0
2.7727312558388125e-05,-0.013635638191460044,0.2528582058336772,0.21385219722939425,0
2.10412202170804e-05,-0.012865315307433503,0.2539897312178959,0.2217019807208249,0
1.628679929611393e-05,-0.012336591476381784,0.2587349054314279,0.22813836082994615,0
7.977537173141223e-06,-0.011245003163746273,0.26323174248182973,0.24086731520334428,0
1.2795157668196384e-05,-0.012000736678170844,0.26664965279067254,0.23357478492049988,0
1.0727141753403999e-05,-0.011547086508566465,0.2553169951225851,0.23543089111279053,0
7.136252580617508e-21,-0.010000000000000083,0.2500000006763947,0.2500000002549931,0
8.470329472542889e-23,-0.010000000000000014,0.25933231332877177,0.2534460682655106,0
3.6374466582293305e-06,-0.010601245602827459,0.26594818423148925,0.2488797257396862,0
4.253978094194289e-06,-0.010639160894349218,0.25661587157911225,0.2454336577291687,0
3.206796718132109e-05,-0.01402796712945286,0.2407367378239652,0.20788230466880822,0
3.276316085087595e-05,-0.014135621572558243,0.248491664997616,0.20820705535517084,0
7.840238177562713e-06,-0.011343555564401118,0.27173325411433175,0.24211129483582428,0
-0.0004905442028235087,-0.03832908694384458,0.15370228545622475,-0.019410874970143144,0
-0.00011415983750761315,-0.03835129857284166,0.16363712095596172,-0.019623392553534666,0
-0.000264887971084959,-0.03742191717328064,0.15885374828303267,-0.010913209303850995,0
-0.0006708382009401777,-0.03671741755082147,0.144948547515943,-0.00429988381130388,0
-0.0005276027926913065,-0.034657663747896285,0.14408551810825027,0.014978495675551456,0
-0.00029316662661740844,-0.034563114330050534,0.15404944422350625,0.01584464538560579,0
-0.0003375364585268437,-0.03558571646423294,0.15404536460904542,0.006281476018996306,0
-0.0005969672881180673,-0.03568795291551488,0.14451703281209663,0.005339305932123789,0
-0.00037345824578848024,-0.036615519897119746,0.15447687931289178,-0.003357713724431362,0
-0.000594850487682276,-0.03752330793620169,0.14932541648608388,-0.011855379390723512,0
-0.0003732037898274225,-0.0337140229062344,0.14848078271997134,0.023787953806999756,0
-0.0005950734454368491,-0.03285132523477973,0.1328814309982309,0.03189498006417803,0
-0.0003385379445671412,-0.031021454893549714,0.14171894646897246,0.048922193285766705,0
-0.0004548010789444663,-0.03193705833274714,0.13730018873360167,0.040408586674972366,0
-0.0004246179909120529,-0.03280970170246442,0.14287873916496163,0.03224619600131304,0
-0.00030321282998968643,-0.031895464081415706,0.14729749690033242,0.040759802612107376,0
-0.00020351136672750383,-0.030944516611647394,0.15169398718102267,0.04960362563441781,0
-0.00016394490432983933,-0.0290889782518764,0.15049592583676089,0.06684567700525626,0
-5.463627148488667e-05,-0.027143429911931572,0.1592692012258595,0.0848120631693693,0
8.631092248729271e-06,-0.025186695123932512,0.1680413125705138,0.10278601867159483,0
4.5434166311336555e-05,-0.026091743554929964,0.17363108219334983,0.09449401855478651,0
6.224798005596615e-05,-0.02511407143516304,0.1780171344714952,0.10348099484680516,0
4.0851104226787715e-05,-0.023217941861991463,0.17681341862529323,0.12075997830293929,0
2.784333383639779e-05,-0.02420389731005092,0.1724273655979035,0.11177299848726706,0
7.25758288344199e-05,-0.02413419418383165,0.18240318749888493,0.11246797466247739,0
7.782808023765002e-05,-0.02315220387666679,0.18678923799069252,0.1214549520003099,0
5.313946439528022e-05,-0.021236557324582454,0.18558552087554964,0.13873394084574034,0
4.893840904783957e-05,-0.01902438943748015,0.19294686561558472,0.15860333031872928,0
5.460480939468332e-05,-0.01794534167746806,0.2043791974068338,0.1686403674934368,0
5.26931160180751e-05,-0.018481279596614598,0.19866303151120926,0.16362184890608306,0
6.794551117853476e-05,-0.01862256925383499,0.20932176763961924,0.16291106225764196,0
6.364930083668605e-05,-0.017901032043218842,0.21372205021738827,0.16962278713045426,0
4.459219226325983e-05,-0.016341066753937088,0.21040913327246152,0.1831615378538504,0
3.164966644018051e-05,-0.014433715512788978,0.21715389372287025,0.20054245329815668,0
1.7543862464892603e-05,-0.012375510023578904,0.2278879125720266,0.2205513928334035,0
1.428838702899599e-20,-0.010000000000000127,0.2313353753844569,0.2431078642072558,0
1.57920675847485e-05,-0.012106440455132495,0.2376450801676835,0.22527292992782016,0
8.588429527752658e-06,-0.011172019692128518,0.22961164397824174,0.23182962852032965,0
7.11564718954089e-06,-0.010970647593304735,0.23936881157389867,0.23655116561474632,0
6.485706089273588e-06,-0.010915282890596022,0.24870112421986756,0.23999723363861494,0
2.414043899674752e-21,-0.010000000000000004,0.24066768803042582,0.24655393223112443,0
-0.0005740364811320061,-0.033754474113966176,0.1384834745532406,0.023436737869864742,0
-0.0001239412287274301,-0.029979396708734257,0.15608247686491689,0.058565367494162586,0
-0.000241683135075301,-0.030056154229111506,0.14610743615286667,0.05788393514551148,0
-6.18621258768392e-05,-0.02901119589516395,0.1604716044556903,0.06754008136156249,0
-1.4558598783488716e-05,-0.028040236003914712,0.1648582421502396,0.076523274443619,0
2.0475412302307397e-05,-0.027067221352176388,0.1692450265210227,0.08550704080367375,0
-1.828203759784473e-05,-0.026166474249210214,0.16365525689818666,0.09379904092048207,0
-0.00010243173498610482,-0.028117381018484704,0.1548825635313102,0.07582887008731279,0
7.918584539491016e-05,-0.022168338395539475,0.1911752891158207,0.13044193327171041,0
7.761921012156185e-05,-0.02118303158159524,0.195561338507595,0.13942891052301348,0
7.12363945692435e-05,-0.020088511492040266,0.19924201087761254,0.14936360525950793,0
6.69693807281047e-05,-0.019152924320281758,0.2036056017439947,0.1578925436702882,0
4.892702258161623e-05,-0.022228791864639937,0.18119946975042145,0.12974695957433982,0
5.186040629211186e-05,-0.020133141264542027,0.18926619324556718,0.1486686355822348,0
5.6879607950637114e-05,-0.017112118613922613,0.21673701815020213,0.17688337231066106,0
4.9991859366823155e-05,-0.016286518335717006,0.2202088400130917,0.18455425284184854,0
3.8141513992404004e-05,-0.015383735690931271,0.2137815134976659,0.19185199557600352,0
4.2020930903744756e-05,-0.01535382832859054,0.22358122023829607,0.19324471056400166,0
3.5216538373363376e-05,-0.014533410107936249,0.22674408618794883,0.2010060812981988,0
2.468420220394271e-05,-0.013384248959524142,0.22252090314744843,0.2105469230657801,0
2.7147494621572835e-05,-0.01352344801502413,0.23211109561252702,0.2110105510658222,0
2.231971982046336e-05,-0.012919697499815272,0.23651355478346478,0.21742314643638952,0
4.9700189551679124e-05,-0.017142288855805436,0.20739416533964766,0.17590095267364358,0
-0.0011721942154235838,-0.038004842993455766,0.1340621806058058,-0.016345387903545117,0
-0.0010505384832950916,-0.03608145322035505,0.12888754252257592,0.0016938967784225676,0
-0.0011170402052122427,-0.03704330530015856,0.13147486156419086,-0.007325745562561274,0
-0.0008740417826795506,-0.03639911524290527,0.13691804501925947,-0.0013029935164406562,0
-0.0009064717969861816,-0.037361265953725034,0.13950536406087438,-0.010322635857424498,0
-0.0008434264199386749,-0.038166629459065536,0.14388223303101527,-0.01787813143684413,0
-0.0007708459000899382,-0.035369725839674744,0.13648653031541308,0.008336196226987011,0
-0.0009167104905314658,-0.03437915655152244,0.12427862088703633,0.017648734797295836,0
-0.0009676266664391944,-0.0332400124351601,0.11104844483156948,0.028377655684832238,0
-0.0005879715612288746,-0.031156564755695514,0.12175478031917626,0.04777749087835275,0
-0.0005998075694267561,-0.032003732030402104,0.12731810565870358,0.039836235471265385,0
-0.00046775127193547915,-0.03108830229716809,0.13173686339407437,0.048349842082059724,0
-0.0003594321925019805,-0.029248875067139884,0.13054461644061816,0.06548008187348006,0
-0.00020346388651241377,-0.02730597698172362,0.13931754969506985,0.08342210249155645,0
-0.00010173325363183561,-0.02534678863940695,0.14808966786200883,0.10139605931593636,0
-0.0001300050784034682,-0.027223114077574072,0.14929337546046467,0.08411708283046287,0
-8.30193206935335e-05,-0.02624539776175069,0.15367943454393418,0.09310406124265283,0
-0.0001468820883247529,-0.02632822174894052,0.14370360877853933,0.0924090809037464,0
-0.0009855968279772614,-0.035230452847667675,0.12658308170480612,0.009671315787859201,0
-0.0007329938005995128,-0.034517857730569534,0.1341820694976433,0.016313615236423648,0
-0.0007442316259815433,-0.03361562751264573,0.12858002594263362,0.024771857430736934,0
-0.0009542555768399292,-0.033809231442665635,0.1176635328593029,0.023013195241064037,0
-0.0007863614428423762,-0.033045224604791444,0.12196493791490019,0.03013631787450513,0
-0.000759687293294456,-0.03219918223839441,0.11640161257537288,0.038077573281592496,0
-0.000463088573197291,-0.030203717829243512,0.1261496983798972,0.05662878637591641,0
-0.0003560450921020251,-0.0301350109936883,0.13613178145479532,0.05720113757962338,0
-0.0002640547602424417,-0.02916787754101512,0.14052027113868953,0.06616287943936816,0
-0.0002735064562663624,-0.028278807799283212,0.13493108306784402,0.07445109218251825,0
-0.00018958782884759097,-0.028197459870302317,0.14490673776591537,0.07513388974840635,0
-4.657730559289864e-05,-0.025264357901379465,0.15806549021626132,0.10209103899376559,0
-3.862646567295039e-05,-0.023370798944292726,0.1568617796621819,0.11937002157506331,0
-2.272997337093662e-06,-0.021375992294235226,0.1656023430519178,0.13732272442898852,0
1.3454896648102392e-05,-0.019329204939795855,0.1729781279740631,0.1554968292173113,0
7.111148192007162e-06,-0.020356537066178258,0.16929023551299044,0.14640977682314993,0
3.073571534544095e-05,-0.020286376662588375,0.17928182442480636,0.14711538503152582,0
2.6218374363532367e-05,-0.021301161666059606,0.1755939319637337,0.13802833263736441,0
1.625002516910475e-05,-0.022298894188460337,0.1712078808386055,0.1290413513659639,0
1.633493856691406e-06,-0.0232908536113568,0.16683759914373758,0.1200649999390013,0
-1.8879453561538472e-05,-0.02427962771376433,0.16245154611634785,0.11107802012332907,0
-6.618090721121245e-05,-0.024361163358541674,0.15247572376209537,0.11038304044549983,0
-1.774560670381687e-05,-0.022376319948663646,0.16123206135704984,0.12834637300202592,0
3.2303500938905034e-05,-0.01916916925765167,0.1829624967948239,0.1570500797680203,0
1.784463497292052e-05,-0.017633717076015784,0.17831997198347008,0.17030981034404957,0
3.212555794503792e-05,-0.01679687590281447,0.19268051743287312,0.178000363416262,0
2.5917158875573422e-05,-0.01720908453611003,0.1855002447081716,0.1741550868801558,0
3.9892276124184366e-05,-0.017918326508221512,0.19281369152422892,0.16830184686749564,0
3.2077455643244704e-05,-0.018330589285342216,0.18563341879952738,0.16445657033138944,0
1.624107403163857e-05,-0.018484856036941104,0.17564904997876657,0.16290331978068046,0
4.2752382432255216e-05,-0.017373856670780972,0.19852985741985346,0.1733203654548494,0
3.929278262060018e-05,-0.01655880088324938,0.20154482535266732,0.1805809506350562,0
2.2418029572981963e-05,-0.014530058401201898,0.19684539172390653,0.1974547084783855,0
1.332489597874156e-05,-0.012280874558840055,0.20542083904705136,0.21701913118202207,0
1.202257389509075e-20,-0.010000000000000092,0.2124075083415633,0.2369845444859048,0
8.648394366261812e-06,-0.011234440312348645,0.22014771045679493,0.22876796865965415,0
1.0296408887157064e-21,-0.010000000000000009,0.2218714418630101,0.2400462043465803,0
3.2607992425555704e-05,-0.015447294817999486,0.20362726249818403,0.19030812316611795,0
2.7653688174386763e-05,-0.01446724595604661,0.2069996427233884,0.1989985808882711,0
2.187323877620504e-05,-0.013379517102780668,0.21128736638496082,0.20878079224008939,0
1.8348930211591997e-05,-0.01340075695901624,0.20113311538547896,0.2072369198302038,0
2.734158088394375e-05,-0.01567018784940549,0.19476295457838982,0.18772753594732375,0
1.5743688371114045e-05,-0.01230974513961886,0.21665437580953897,0.21878526200771278,0
7.045511195732972e-06,-0.01113305812471763,0.20891417369430731,0.22700183783396344,0
-0.0016868101471152045,-0.037461745453877496,0.11485509817815905,-0.011201484128216244,0
-0.0013495703742468495,-0.0367718188786034,0.12187132035036749,-0.004753793674896838,0
-0.001450176141283112,-0.0377328889028606,0.12445863939198243,-0.01377343601588068,0
-0.001355493957708687,-0.035440778046685426,0.11081213635302876,0.007766789624082101,0
-0.0014651666667208866,-0.03469529879758915,0.09382213006341815,0.014849780114604576,0
-0.0011480522851252239,-0.03434082146880781,0.11093029059229911,0.018072222654457168,0
-0.0014297437467202345,-0.035067615060686286,0.10231713320822346,0.011308284869343339,0
-0.0012038807654618758,-0.03396805080701617,0.1024352874474938,0.02161371789971841,0
-0.001099176337617,-0.03287588573357956,0.09257589817390646,0.03191707652150993,0
-0.001048330053498804,-0.03305750327389576,0.10181217150273797,0.030147366103171085,0
-0.0012712422012023062,-0.03378574286415166,0.0931990141186623,0.023383428318057252,0
-0.0012212265375572949,-0.03576066849785,0.11984983943780234,0.004730343201252334,0
-0.0015195588518227164,-0.03645144017049349,0.1128336172655939,-0.0017173472520670718,0
-0.0011265807189055968,-0.034910108879126475,0.11754537862003255,0.012707762210688969,0
-0.0007855851040808566,-0.03128895385219795,0.10178679292104956,0.04670125250252711,0
-0.0005239856414021432,-0.029410234294036018,0.11059575740066699,0.06416618160167371,0
-0.0006438925341684726,-0.030350508500726743,0.10619127516085827,0.055433717052100415,0
-0.0005607339043353672,-0.03028292713074309,0.11617526885992163,0.05597183624001323,0
-0.0004470094079322864,-0.029328859211164973,0.12057018692064257,0.0648231317375769,0
-0.0003356372088560755,-0.027477596329256185,0.11936623006646602,0.08205013668401202,0
-0.00020509143793503296,-0.025524006121572084,0.12813802207801675,0.10000609387551125,0
-0.00011721517590391046,-0.023549828167726234,0.13691013941146385,0.11798005617054785,0
-6.020904657975413e-05,-0.02155202345883283,0.14565521412131452,0.13593579819122265,0
-8.550206672138525e-05,-0.02255464444204543,0.14128267676638917,0.12695792718088525,0
-5.202563752292843e-05,-0.022461691075166414,0.1512584968917482,0.12765290988314298,0
-7.867247421115765e-05,-0.02345735383421512,0.14688595953682287,0.11867503887280559,0
-0.00011259655861664935,-0.024448053290921833,0.14249990363673634,0.10968805774324211,0
-0.000156633681083605,-0.024539646960893745,0.1325240807447403,0.10899307502302955,0
-0.00015514399862743606,-0.0254335386305879,0.13811384497001278,0.1007010765957238,0
-0.00020792713325080913,-0.026414514561106002,0.1337277858865433,0.09171409818353385,0
-0.00026414214073308066,-0.026502756474743226,0.12375212607224138,0.09102811527976164,0
-0.00027275015864720387,-0.02739064288304217,0.12934188988076795,0.08273611958778423,0
-0.0003517118220923304,-0.028362715014346642,0.12495542325354209,0.07376510927874605,0
-0.00042139822487175015,-0.02844528113012755,0.1149809937335665,0.07310815914284287,0
-0.0006950991578034424,-0.031222317033665497,0.11177078662011292,0.04723937169043993,0
-0.0008784780610038933,-0.0322642531721842,0.10641761887630952,0.037539454093679675,0
-0.0009318759466928682,-0.032082936552554724,0.09718134554747801,0.03930916451201852,0
-3.137991751266337e-05,-0.021459385721194105,0.15562877858661617,0.13662926131010558,0
-2.5119611568460795e-05,-0.01952808138246958,0.15429213536728317,0.15381863964266754,0
-6.6354192461182235e-06,-0.017112024871949405,0.16140698491549774,0.1746776277593306,0
8.380818453000954e-06,-0.015089178266344145,0.17563733160409337,0.19166329234604151,0
1.2516711831715336e-05,-0.01637675170542863,0.17697865179378172,0.18098655134504554,0
5.0762744583573085e-06,-0.0173659710050699,0.1698634784494839,0.1724937190516901,0
2.4980019737911643e-06,-0.016102777827756768,0.16852215825979555,0.18317046005268606,0
-4.0451739237474805e-05,-0.0205449759139452,0.14997367474429885,0.1448772189169451,0
-1.583232129829338e-05,-0.020453346129179286,0.15994723920960047,0.14557068203582801,0
-5.600506562224775e-06,-0.01942240681831727,0.16363513167067312,0.15465773442998942,0
-1.4346046477426796e-05,-0.018329719391183375,0.15784956014139045,0.16424813370099905,0
1.461697891752011e-06,-0.01822587200258428,0.16719255644478043,0.16508722848832097,0
1.8889905869903125e-05,-0.01594628160813301,0.18415892451848326,0.18483182788115177,0
1.628255479538244e-05,-0.014788533559521328,0.18624136166399996,0.19455900041221352,0
7.357944179271835e-06,-0.012326045996943855,0.18518094416070566,0.2141591050554227,0
1.394354582933277e-05,-0.013447500001678709,0.1910131679423061,0.2058069067669041,0
1.0548681093095893e-05,-0.012275691778565606,0.1953008916038785,0.2155891181187224,0
7.493594605240371e-21,-0.01000000000000008,0.1930494216221718,0.2324225544291266,0
6.149714904078038e-06,-0.011181944493113032,0.1992351303346116,0.22472084280557433,0
2.1700535395989486e-21,-0.010000000000000004,0.20272846498186756,0.2347035494575157,0
8.947403694893748e-06,-0.013720328314693017,0.1804091378823995,0.2029111987007321,0
4.4923464565891785e-06,-0.011174659500511245,0.18911518289143875,0.22329082974227465,0
-0.001979291781746012,-0.03678259035738454,0.09604190271086052,-0.004750302929200374,0
-0.0020248289233660527,-0.03605147747964192,0.07741362451368597,0.0022221660698797637,0
-0.0013448313070143216,-0.03363225464561846,0.07435215675238224,0.024962426647574497,0
-0.0009162747770745116,-0.03152286580049895,0.08186996099706574,0.04469426688994873,0
-0.001110657946566912,-0.03257796805278573,0.078111058874724,0.03482834676876161,0
-0.001229883913488888,-0.033254237182820744,0.08346402746314435,0.028439751584542212,0
-0.0010107500139316433,-0.03219899661905062,0.08722292958548611,0.03830567170572933,0
-0.0008625758925713002,-0.03140583793177141,0.09182837695905766,0.04569775969623792,0
-0.0006358896672608737,-0.02959177928579236,0.0906888919227881,0.06269917901646814,0
-0.0007123905061928944,-0.0304397064348715,0.09623784242191882,0.05470021575949763,0
-0.0007648699132521421,-0.030558049648353944,0.08627942645992692,0.05369672295320843,0
-0.001860418816365118,-0.03712170184793166,0.10544850044450979,-0.00797589352870831,0
-0.001650738671560834,-0.03611193852689093,0.10342701953194464,0.0015082433474408632,0
-0.0017094005011947056,-0.035739172824222766,0.09493201638713933,0.005049738592702101,0
-0.002034413614230915,-0.03641657680771114,0.08672776361227325,-0.0012640684296603053,0
-0.0017340517799762007,-0.03537362976891211,0.08561787728855205,0.00853597309224217,0
-0.0016572028600821557,-0.034842024769319906,0.0758828906330341,0.01359229635872713,0
-0.0014310263864000942,-0.034163278890693836,0.08408714340790019,0.019906103381089536,0
-0.0005880891454059696,-0.029500751425687487,0.10064232466172754,0.06343268030907093,0
-0.00043327964715603255,-0.027657015525534033,0.09942694835459791,0.08066952192904671,0
-0.00028777449063397325,-0.02571313655041034,0.10818637546914533,0.09861612416739754,0
-0.00018462035601147763,-0.023748770884970887,0.1169584972519951,0.11659008421428169,0
-0.000113109221409539,-0.02175866108469315,0.12573061390443402,0.1345640510661247,0
-0.0001454881528923425,-0.022757559770815967,0.12134455557821455,0.1255770676402032,0
-0.0001169870346391322,-0.02265298112204758,0.13132037665794893,0.12627205361833627,0
-8.775832630356184e-05,-0.021651950801612245,0.13569291401287426,0.1352499246286737,0
-6.481101015869226e-05,-0.019731395970910667,0.13450272604605912,0.1525380266027829,0
-3.5097646030494975e-05,-0.017731170988303298,0.14230149315409613,0.16985583964211562,0
-4.837493754775103e-05,-0.018738433940888595,0.13840210960007762,0.16119693312244926,0
-3.1631956473022396e-05,-0.018628671714283375,0.14829681426068964,0.16183723964239158,0
-2.0460593409954517e-05,-0.017414677693317233,0.15185423903479695,0.1722667337007231,0
-2.121402888971607e-05,-0.015995321399796727,0.14620689539631504,0.1845489696785079,0
-7.5566921465577366e-06,-0.014860605429878535,0.15737132778095997,0.19354805657292307,0
2.0395299336762853e-07,-0.014960688395058404,0.16650432969252665,0.1926056744594823,0
-7.508369532006538e-06,-0.01599707948353783,0.15938915634822887,0.18411284216612683,0
-1.3802761998335218e-05,-0.015428960050979221,0.1517891115886375,0.18904851312571547,0
-1.503423166539158e-05,-0.016546956783411636,0.1538069401559064,0.17961329871891923,0
-2.7547321550887102e-05,-0.01686998717347857,0.14425419427520558,0.17720240466031176,0
-0.0004804065065984482,-0.028532727388104417,0.10501135287763244,0.07241785176536021,0
-0.0005263693501491954,-0.02862555544399567,0.095057920138693,0.07168435047275742,0
-0.00038987903841427435,-0.02756673812160509,0.10939658921053197,0.08135982930652937,0
-0.00031364153088125316,-0.026594261554979456,0.11377630276780568,0.09033313042570479,0
-0.0002498613139972449,-0.025617472255047173,0.11816219877358104,0.0993111090214544,0
-0.00023162466083831608,-0.024733595118622973,0.11257243636057021,0.10760310419083961,0
-0.00019679804564741912,-0.024635135337468528,0.12254825966500593,0.10829808904489646,0
-0.00015295704627016018,-0.023647320446053107,0.12693431833172947,0.11728507019241477,0
-0.0003544146064553055,-0.02668684926738143,0.10380666191187163,0.08964282304822213,0
-8.650278618771177e-05,-0.02075054126891728,0.13011666997524657,0.1435510388344538,0
-6.41357373492713e-05,-0.020640747263272752,0.1400789700836868,0.14423691239700276,0
-4.54623012464467e-05,-0.01962414474840847,0.14439743070667116,0.15317833312272522,0
-2.2574206626095698e-06,-0.012584605675059935,0.16118849115315712,0.21148435313232355,0
-4.493705875433971e-06,-0.013740479334837267,0.15927990946705856,0.2025162048526233,0
1.4308920015874402e-06,-0.013848093714844328,0.16841291137862524,0.20157382273918253,0
2.8750582144161846e-06,-0.012411184419666623,0.1731847176569314,0.21282172909387315,0
2.3545696136321933e-21,-0.010000000000000097,0.1732965037666751,0.2301559705840823,0
2.1973366536716414e-07,-0.011322478960945221,0.1672424974599161,0.2208201618582029,0
2.705000757266729e-06,-0.011197467709663036,0.1792387239636904,0.2221575378197525,0
1.4847051006493088e-22,-0.009999999999999986,0.18317296269442346,0.23128926250660445,0
-0.00181950140889017,-0.03534919165075928,0.05869747148514237,0.008952510656809343,0
-0.0019570586502754518,-0.035700046881664234,0.06805554799941417,0.005587338363344553,0
-0.0015721282693952384,-0.03449094468678158,0.06652481411876231,0.016957468652191922,0
-0.0011884813363814404,-0.03333321768867572,0.05247900538001674,0.02794100193463865,0
-0.0009179429977562046,-0.031632057195590875,0.06306664124884985,0.0438441555393877,0
-0.0011224959366027418,-0.03263167284556497,0.06870939900061604,0.0344032910934811,0
-0.0009319149107680443,-0.031577589220634104,0.0724683011229578,0.044269211214668217,0
-0.0006681712269094368,-0.02974972207272922,0.07095397424242594,0.06145492723196298,0
-0.000479487111978701,-0.027841498385222395,0.07947977677239595,0.07926128993004432,0
-0.0006629304817211278,-0.029670898974400818,0.08082143308260703,0.06207705312421556,0
-0.0005562788138313218,-0.028715525306159864,0.08508433434759202,0.07098023447325623,0
-0.0005671392396438751,-0.028796367542159553,0.07521687550741095,0.07035810858100365,0
-0.0010468210088901515,-0.03248282426707094,0.0577728233144333,0.035892578737013174,0
-0.0012974277806770882,-0.03348273499261199,0.06341558106619949,0.026451714291106574,0
-0.00147895179354682,-0.03434114222954924,0.055588238432579554,0.018446756295723996,0
-0.0007886313928041021,-0.030635543303329054,0.07641196761974584,0.05307459706095585,0
-0.0007839644759122542,-0.03069122268449233,0.0670103077456379,0.05264954138567534,0
-0.00046384473145482736,-0.027749300352559708,0.08945336256349692,0.07996540592954551,0
-0.00033676249703326025,-0.025907854420562863,0.08824465125059668,0.09722422199028691,0
-0.00023090262831204416,-0.02395909349294501,0.09701147392036577,0.11519785338189148,0
-0.00027977904905253934,-0.02493564918302989,0.09262806258548123,0.1062110376860892,0
-0.00031722643746517616,-0.025810246263856237,0.098215513359871,0.09792017307884222,0
-0.00025971490120278604,-0.024834151322492753,0.10259892469475555,0.10690698877464451,0
-0.00021097962756237186,-0.023853134622130734,0.10698498558618044,0.11589396879808658,0
-0.00015363741828847653,-0.02198812392747554,0.10577897318292866,0.13317407054058633,0
-9.826159615941449e-05,-0.01998390571322295,0.1145510893699779,0.15114804053044528,0
-5.935267540014652e-05,-0.01792933728251696,0.12332320157927483,0.16912202120304548,0
-6.301660878067967e-05,-0.018827040747701605,0.12891296381266698,0.16083002390291418,0
-7.704273004301909e-05,-0.018964247981883134,0.11893714547462636,0.16013503086674538,0
-8.270406415739944e-05,-0.019854246742341528,0.12452690770801851,0.1518430335666141,0
-0.00010658975238525992,-0.02086834815289379,0.12014085163720596,0.14285604579828498,0
-0.0001353801001768308,-0.02187163153477945,0.11575479354368134,0.13386906080335553,0
-0.000169875338553125,-0.022865993879511697,0.11136873521746188,0.12488207737743401,0
-0.00018914710550572237,-0.022976970055145596,0.1013952235516472,0.1241859619612389,0
-0.0003847242907633067,-0.026780923079443637,0.09383579980259729,0.0889468719596668,0
-0.00040290969984574376,-0.026876031147105794,0.08386221401149632,0.08824275596016562,0
-0.00012358087291206444,-0.02099110203319065,0.11016503127645327,0.1421610555355158,0
-4.785219858000328e-05,-0.017824375876429287,0.13281234736668548,0.16948893042258056,0
-3.475594981782628e-05,-0.01600909670510629,0.13122381430455807,0.1853621932401089,0
-3.579982030526886e-05,-0.016866461684259978,0.1367626537293271,0.17760901644111227,0
-4.5988801039991616e-05,-0.016978381545399282,0.12727350794191644,0.17724210722157718,0
-2.8307799727556413e-05,-0.01599568298841772,0.13871535485043657,0.1849555814593084,0
-1.6728784349567995e-05,-0.014252388551139654,0.1424518256454369,0.19926031029556762,0
-9.079189280964982e-06,-0.01210056000200293,0.13936130699709004,0.21681762195720872,0
-8.335899329319879e-06,-0.013417110384939958,0.15182015839929702,0.2053723317139456,0
-1.3070805709166559e-05,-0.013185752049223662,0.14090656632126347,0.20803896612638817,0
-6.2022124539628146e-06,-0.012303215676655613,0.1502748990751236,0.21415098754476614,0
-2.6258021364883345e-21,-0.010000000000000078,0.1534213948481647,0.2306201073795101,0
-2.0625170432916375e-06,-0.011322147940899597,0.1573049430006609,0.22105223025591683,0
-3.6521704305225702e-06,-0.01108279917368645,0.14639135092262737,0.2237188646683594,0
-2.4922012847038892e-05,-0.015141391935944243,0.1368378199749975,0.19231125176783825,0
-1.913065555674775e-05,-0.015128582570146938,0.14432936052087597,0.19190463998703777,0
-1.2678540657313876e-05,-0.01454493384644364,0.14991157671319844,0.19640418343424534,0
3.179356501166292e-22,-0.010000000000000018,0.1633589493074199,0.23038803898179622,0
-0.0013790003006787634,-0.034756273469443565,0.03964976614503329,0.014664779104077793,0
-0.0007431738264580487,-0.032589881215702485,0.03188701444472274,0.03507075237670906,0
-0.0007900379550788959,-0.03157090997963919,0.046634478173493234,0.044559400029545594,0
-0.0007816161516230647,-0.032080720962883835,0.03926074630910799,0.039815076203127325,0
-0.0009720774008318705,-0.03245171127126544,0.04955674177675499,0.036250200982092126,0
-0.0009816577347987283,-0.03296196233473128,0.04218300991236974,0.03150587715567386,0
-0.0012895764753529926,-0.03404465494729083,0.046064385762525015,0.02130289051935822,0
-0.0010209059457771074,-0.03367271748434796,0.035768390294878015,0.024867765740393427,0
-0.0016343071090742529,-0.03505284069673879,0.04917361881508783,0.011808644880443569,0
-0.0008663087754804444,-0.031601726265303456,0.054850559711171545,0.04420177778446664,0
-0.0006085632123883477,-0.029886028332625894,0.05210710530714857,0.06037963754714422,0
-0.0004592507482520046,-0.02801597332698083,0.05960401047892975,0.07792165785211,0
-0.0005585699410861176,-0.02888169320433811,0.06527899236067784,0.06968829254203648,0
-0.0004782577573957769,-0.027929326310755294,0.06954189362566285,0.07859147389107715,0
-0.00034125001037460393,-0.026101424243107692,0.06829309449472984,0.09583129497741669,0
-0.00024765336151104747,-0.024171983242727547,0.07708293226062202,0.11379660111271653,0
-0.0001750296913692746,-0.022224851465678933,0.08582732921304174,0.13178408784099532,0
-0.00011991204192639825,-0.02025366902214677,0.09459944803917383,0.1497580496845681,0
-7.943414588342399e-05,-0.018291988330843223,0.10353267769668188,0.1672644150256402,0
-4.882957095000735e-05,-0.016202262509972917,0.11199842608625556,0.18541703421170247,0
-6.29350868232209e-05,-0.017256573212976058,0.10776555189146872,0.17634072461867134,0
-5.456910824137295e-05,-0.01705856445016995,0.1176608138327652,0.17726952770737398,0
-7.039434213903202e-05,-0.01810862394563976,0.11342793963797836,0.16819321811434285,0
-8.915440212231993e-05,-0.019132731851153672,0.10904188353332989,0.15920622777804275,0
-0.00011085411339768568,-0.020117868156952722,0.10457526870457587,0.15045304510750668,0
-9.821003792264481e-05,-0.019278919283562262,0.09906606286792785,0.15851123235510417,0
-0.0006500625074184788,-0.02981834793648798,0.06153053977478726,0.0609172823895536,0
-0.0005296061931743905,-0.028951197935906323,0.05585555789303916,0.06915064769962712,0
-0.0007543576799888778,-0.03075832280415686,0.05758687327799921,0.05211189654326596,0
-0.0006934305532628207,-0.03072837377845777,0.0493707917403209,0.05246951878834491,0
-0.0003969498365771642,-0.027059466691962488,0.06394855248682979,0.08687647641476334,0
-0.00040738403248189543,-0.0269697880485456,0.0738864356335629,0.0875462924537305,0
-0.0003451098028634691,-0.02600519642222557,0.07826887287266326,0.0965277584838518,0
-0.00029072264380875044,-0.02503759918499124,0.08266379175560934,0.10551041155150172,0
-0.00024340150449423282,-0.02406590724861349,0.0870472030904939,0.114497227247304,0
-0.00020240724145260586,-0.02308883148298496,0.09141940156670375,0.1234909706114434,0
-0.00020892458866820908,-0.023200875632510335,0.08145513073683189,0.12279034447685593,0
-0.00029159717089317157,-0.02513816404808997,0.07268801337767593,0.10481394804506661,0
-0.0001670814937260559,-0.02210641916257851,0.0958031511979852,0.13247907919079083,0
-0.00014550870897606807,-0.021243228005525368,0.09021338862610778,0.14077106876278173,0
-0.00013676241685417592,-0.02111673514464408,0.10018921061105124,0.14146606011257723,0
-4.243946713646633e-05,-0.0160994895764115,0.12161112019540682,0.18538961372590568,0
-2.606416052507209e-05,-0.013996567850467304,0.12091578043844294,0.20368000522837437,0
-1.1642517898139448e-05,-0.011800560414793892,0.11953861718848728,0.2225329125239087,0
-1.8735628470812067e-05,-0.012902739801315953,0.12022719881346511,0.21310645887614155,0
-1.0668628401442724e-05,-0.01192084770258705,0.12944996209278867,0.2196752672405587,0
-1.6812981364482202e-05,-0.013066219801282466,0.13013854371776648,0.21024881359279154,0
-2.2093817670926363e-05,-0.014103704700720447,0.1316838030419399,0.201470157761971,0
-3.088328715164135e-05,-0.014995204004726126,0.1260697973715005,0.19452109923424166,0
-3.657977037167867e-05,-0.015114964037969037,0.11645710326234925,0.19454851972003842,0
-4.9207320279554504e-21,-0.010000000000000082,0.1337804099185941,0.2337211682411463,0
-5.512539925636068e-06,-0.010933312575401578,0.1266595135535407,0.2281270403825275,0
-5.042546273718125e-06,-0.011058248553386755,0.13657085845784206,0.2252693950991775,0
-7.549677450771467e-22,-0.010000000000000038,0.14360090238337941,0.2321706378103282,0
-0.0007477499815094076,-0.03435283524165255,0.020157006727275845,0.018569085498255138,0
-0.0010901255575216477,-0.03455526069350303,0.029903386436154568,0.016616932301166464,0
-0.0007614685513526568,-0.03347089698135363,0.026022010585999296,0.0268199189374821,0
-0.00038943029883947244,-0.03278375788778515,0.014837824258903788,0.03332317426170165,0
-0.0003099305361761638,-0.031132700010735592,0.016949299772686242,0.04886408974491561,0
-0.0004962584860694669,-0.030413607210762097,0.03363261534504018,0.055561446455667476,0
-0.0006054134620083155,-0.03150094137697341,0.03275981489488146,0.04531609941618827,0
-0.0004181174039441705,-0.030773858630329533,0.025290957558863212,0.052212768100291546,0
-0.0005081739652727476,-0.03186127045771683,0.024418157108704493,0.04196742106081233,0
-0.0005832422714190701,-0.0326874394354504,0.023362419351813265,0.034196963319205353,0
-0.0003470635043377049,-0.031957632936150025,0.015893562015795015,0.04109363200330863,0
-0.0006377296264534838,-0.030992083561258082,0.04013354675926671,0.05006042324260654,0
-0.0005661216366852565,-0.03015068916587771,0.042869860326094376,0.05797054200140585,0
-0.0003410648545161688,-0.028100683971545783,0.03703126046249543,0.0773971607692418,0
-0.0004108997774380563,-0.029256163627812977,0.035331937903767804,0.06647930361245463,0
-0.00046512955888134376,-0.028992224730055763,0.044569182884822,0.068888399158193,0
-0.0004112834642380407,-0.028059611787227483,0.04831763547071259,0.0776594093106759,0
-0.00029483501036788365,-0.026247928508762713,0.04887976351732129,0.09480765740273714,0
-0.0002292279342399388,-0.024376959141724754,0.057135906633647655,0.11240437227135079,0
-0.00026095293206246974,-0.02531295400387441,0.05300783507548447,0.10360601483704396,0
-0.00032412698480907814,-0.026175775256159522,0.058586429006025564,0.09531947619007691,0
-0.0002818044112630858,-0.025236849547496464,0.06271450056418874,0.10411783362438373,0
-0.00024302730743155928,-0.024275827061734825,0.06710941944713483,0.11310048669203365,0
-0.0001729110255707247,-0.022463977196039243,0.06604203121624781,0.13031291827391142,0
-0.00019989602686187202,-0.02342186783283894,0.06158896892494774,0.1213586452726311,0
-0.0002083237907862444,-0.02331471225363982,0.07156248173843491,0.12205475969331397,0
-0.0001771127386615052,-0.022345824742394382,0.07593468021464478,0.13104850305745336,0
-0.0001271976608428097,-0.020567362981871944,0.07564589374848767,0.14788092756109825,0
-0.0001500755475102948,-0.02139201514358536,0.0807366114807647,0.13983250770104677,0
-0.00012550484471919197,-0.020411923583095917,0.08512267089383074,0.14881948862283317,0
-8.97310490515753e-05,-0.018649186083934316,0.08435937356791806,0.165438985298797,0
-6.0660214400426976e-05,-0.016728424698724063,0.09236451443109722,0.18270235780470406,0
-7.432122943275389e-05,-0.017694629877536023,0.08836194399950764,0.17407067155175054,0
-7.00553057935358e-05,-0.017502155301487573,0.09794859606388956,0.17498338641517214,0
-8.58927094695214e-05,-0.018471672720949996,0.09394602563229998,0.16635170016221862,0
-0.00010440058670112077,-0.01944596692240095,0.08947941080354595,0.15759851749168255,0
-0.00010738492619787094,-0.019612427311511412,0.08000263365820287,0.15665995642994762,0
-0.0005454759381937767,-0.03356790646376781,0.017497415493089818,0.025946129879978394,0
-0.00037092453172655484,-0.027130324419929373,0.054241886998125516,0.08636465762742357,0
-0.00032043327201091527,-0.027174955539606176,0.04295551198990836,0.08610240908598947,0
-0.00014904267806226985,-0.021518524090300886,0.07084396248236774,0.13909692291750483,0
-5.5541082250131486e-05,-0.016466897236095505,0.10218147025867638,0.18405969600820327,0
-3.8226200499512375e-05,-0.014793489578228626,0.10007270965823695,0.19960247499719028,0
-2.293683238218483e-05,-0.013126359041303354,0.10624821552427116,0.21365632210674268,0
-1.263686389389864e-05,-0.011731906389107219,0.10052188729279637,0.22756207705619552,0
-1.7709292875459727e-05,-0.012418530185755835,0.10338505140853377,0.2206091995814691,0
-1.7176571465295254e-05,-0.012477047783564062,0.11289341635637923,0.2180946173153257,0
-1.2312976414891386e-05,-0.011750963278484329,0.11003025224064183,0.2250474947900521,0
-5.963641344262307e-21,-0.01000000000000008,0.1145738125478943,0.2388915798111855,0
-6.3773588247158596e-06,-0.010897093094663687,0.10754784992034533,0.23322682843369053,0
-5.958541115307518e-06,-0.010893292562469303,0.11705621486819079,0.2307122461675471,0
8.850618229619449e-24,-0.010000000000000021,0.12417711123324421,0.2363063740261659,0
-4.3780381072876316e-05,-0.015486391870176445,0.10603556787224624,0.19250975460444636,0
-3.251259517093549e-05,-0.01439823182408092,0.11049424504833993,0.20164124011278234,0
-3.0274865595235393e-05,-0.01396818258291631,0.10316046259125405,0.2066293985519665,0
-2.490420992148562e-05,-0.013545671375090173,0.11358199798135704,0.20866816366755853,0
-4.8799259785453e-05,-0.015769432697031238,0.09621861204466708,0.19115241640094716,0
-3.43556563406343e-19,-0.034205801866121,0.00033344111687889,0.019995064790193244,0
-0.00023462552142833548,-0.033494778655507304,0.0075856326878913395,0.026659119525947447,0
-0.00038550743048143337,-0.034280539229493076,0.010245223922077367,0.01928207514422419,0
-1.9507168775266523e-19,-0.03215860787051936,0.0003077949059941746,0.03922628212233318,0
-1.251914696041857e-19,-0.030119824763878776,0.0002821453304945181,0.05845747010236209,0
-0.00020754077047941538,-0.029105021054702036,0.017183367356893752,0.0680243578337645,0
-0.0001437578725717067,-0.02712404702250048,0.017578349525770847,0.08682986648748722,0
-0.0002882409306767545,-0.02860431915664593,0.02710731390969459,0.07271075930150314,0
-0.00017241777450420885,-0.028113242214779687,0.0173808584413323,0.07742711216062587,0
-0.00023913293316457074,-0.027612804169549844,0.02730480499413314,0.08211351362836451,0
-0.000208720430449626,-0.026227693682368346,0.03162738747962579,0.09524558657081686,0
-0.0002676692446448298,-0.0271627097858186,0.03432932397106061,0.08632137367002933,0
-0.0001815062264756211,-0.02667685648573443,0.02460286850269832,0.09103772652915204,0
-2.3039296165316972e-20,-0.03318111968611979,0.00032061801143653233,0.029610673456263212,0
-0.00018477475091308761,-0.0324716724728106,0.007572809582448981,0.036274728192017415,0
-0.00017622923233864864,-0.03164618583051419,0.008628547339340209,0.044045185933624394,0
-4.6078592330634003e-20,-0.031138163923320937,0.00029497011824434637,0.04884187611234764,0
-0.00014204168560844293,-0.030626734694190135,0.00861572255159038,0.05366077992363885,0
-0.000117023517642884,-0.029613146481527814,0.008732756343694135,0.06324091396806329,0
-0.0002529743056840384,-0.030117806385167454,0.017066333564789996,0.058444223789340055,0
-0.0003419419099388578,-0.029759255964477642,0.02540799135096697,0.061792902144715986,0
-0.00025547687012211605,-0.02623890179556373,0.04025357549847354,0.095026621986777,0
-0.000160598093104152,-0.024330741020261854,0.03547772164707184,0.1133147943796475,0
-0.00022134064155340872,-0.025286665586011663,0.04217874258219656,0.10406122589119232,0
-0.00019917612647060031,-0.0243558663761354,0.046306814140359746,0.11285958332549914,0
-0.00014409677321076906,-0.022671443449581264,0.0459240340543094,0.12900413136538708,0
-0.00011031591268405124,-0.02057252386251295,0.05570821481004312,0.14886203483416555,0
-0.00012697078492287408,-0.02162316978801168,0.05081612443217626,0.1389330830997763,0
-0.00016173269007803897,-0.0225702477581814,0.05598303263527861,0.12965852481964923,0
-0.00013908327424492822,-0.021513121434933398,0.06087512301314547,0.13958747655403847,0
-0.00012088809521533868,-0.02057173777095396,0.0656770542792654,0.14837148119763188,0
-9.321750066388939e-05,-0.01911090173662621,0.069108614221177,0.16216637365581762,0
-0.00010246916292844666,-0.019846431714451617,0.062408414515610064,0.15551420424499157,0
-0.00010923454983065742,-0.0198356125425235,0.07237725398483233,0.15502365060845794,0
-9.244158143690006e-05,-0.01888288581346873,0.07673399389454753,0.1638026794773073,0
-6.376446268230296e-05,-0.01716345582258996,0.0720991514030065,0.18067655565499113,0
-6.33848145271927e-05,-0.016950379485099355,0.08223183291705186,0.1816894567298476,0
-7.634800766448882e-05,-0.017897979581839064,0.07822926248546228,0.17305777047689408,0
-7.742155540284667e-05,-0.018136509875931142,0.07060388281209176,0.17142146465540437,0
-0.00018329686676180895,-0.02527812828844927,0.03355255456334881,0.10428019047523218,0
-0.0001833962968308415,-0.023521132775246284,0.05152997034397853,0.12070425181836894,0
-0.00015363704133711706,-0.02350197518089837,0.04070087785069062,0.12115946287251729,0
-4.528914205110305e-05,-0.015442234054340712,0.08367660443794168,0.1958729329668289,0
-5.442205581234898e-05,-0.016311354813394546,0.0778878779204741,0.18827474431091,0
-5.2780803114554616e-05,-0.016078015882952913,0.08802055943451945,0.18928764538576648,0
-4.2200622291493064e-05,-0.015123401934992895,0.09187465704808931,0.19773770398200957,0
-2.744132382193515e-05,-0.013587313399292368,0.08653154613968718,0.2131667845377769,0
-2.5631083734889918e-05,-0.013360732915015685,0.09638988083197916,0.2134115533222598,0
-2.0062646868878143e-05,-0.012680969730579817,0.09352671671624177,0.2203644307969862,0
-1.2072818056849179e-05,-0.011728040051298336,0.08072629602724994,0.2328307717175139,0
-1.9289070570388967e-05,-0.012638429696456595,0.08362892108346856,0.2229987781276454,0
-1.2556710761417373e-05,-0.011726109066908685,0.09062409166002316,0.23019642438685473,0
-6.291866611323363e-21,-0.01000000000000008,0.09575918340417744,0.2453582788435678,0
-6.322564538401823e-06,-0.010891861259144016,0.0882427397157137,0.23909452528054087,0
-6.134852587152513e-06,-0.010847934089479845,0.09814053534848691,0.23646017794988167,0
-9.440324572432801e-22,-0.010000000000000026,0.10516649797603586,0.24212492932737667,0
-3.290143634988632e-05,-0.014174776524854766,0.09330212789896206,0.2063846297674836,0
-3.5895592221921704e-05,-0.014515101265700173,0.08510407528881443,0.20451985875230289,0
-1.0117808554952607e-19,-0.02809024420613032,0.0002564957549948614,0.07768864769308342,0
-6.049932825763832e-20,-0.026072386786394203,0.0002308461794952048,0.09691981756599967,0
-8.809142651444716e-21,-0.02707963188702765,0.00024367096724503312,0.08730423262954154,0
-8.029248493933338e-05,-0.02760822192572636,0.008917422640382854,0.08225925709028532,0
-6.591516905264852e-05,-0.02659893764198258,0.008904597852633025,0.09187484202674345,0
-9.560946725878087e-05,-0.02517612614850102,0.017006100208933318,0.10544169945134539,0
-6.547839935508443e-05,-0.0232303211371173,0.016917096928735012,0.12418915612604521,0
-0.0001332661613424284,-0.024755902726827757,0.026241910928002578,0.10937824691549644,0
-7.90793849041855e-05,-0.024200803720471085,0.016961598568834165,0.1148154277886953,0
-0.00011045044938269558,-0.02378076210565629,0.026197409287903425,0.11875197525284636,0
-0.00010076155977703521,-0.022504597805301223,0.03098747223649468,0.13099504436897016,0
-0.00012755170884254927,-0.023414985068289366,0.03323259694178326,0.12215491937430883,0
-8.533907603421154e-05,-0.02286937791661476,0.023952284582614846,0.1275921002475077,0
4.065758146820625e-21,-0.02910376336300757,0.00026932054274468977,0.06807305889772275,0
-9.535634292014234e-05,-0.028598190168494506,0.008719931555944306,0.07285650276342395,0
-5.2868305764810745e-05,-0.02562566365047981,0.00861847319421426,0.10118075850867253,0
-0.0001171883174785148,-0.026148323214147777,0.01729222486735208,0.0961357829694163,0
-0.00014886899735092586,-0.025701817464077653,0.024316743844279554,0.10034364301108112,0
-0.00012335953490942336,-0.022589289944066213,0.03845575314540204,0.12999958786717863,0
-8.318682325160235e-05,-0.020994819824296584,0.03474450207937686,0.14558809665876277,0
-7.02038668480518e-05,-0.019457035468318257,0.04073022883280115,0.16045846050502163,0
-7.677669570324176e-05,-0.020225290274325847,0.03773736545608901,0.15302327858189219,0
-8.952710859406091e-05,-0.020012014706920295,0.04821922182142213,0.15466024766959358,0
-7.215325417862473e-05,-0.018491446281352495,0.054694065438143986,0.16916922704426024,0
-4.732306071210158e-05,-0.016657305490358095,0.052645497283446335,0.18753967627067197,0
-3.895382744863198e-05,-0.01516820645846225,0.06767923754273536,0.20075047611756944,0
-2.208561856541552e-05,-0.013335196469254008,0.06514764854093859,0.21979077011073728,0
-9.162768461372277e-06,-0.011569128806396389,0.062067748292489684,0.23944780187170886,0
-6.2786317215224844e-21,-0.010000000000000089,0.07712564843458453,0.2523349054079747,0
-4.947342530945507e-06,-0.010803796110547433,0.0695966983635371,0.24589135363984177,0
-1.0711868883212912e-05,-0.011649967281540058,0.07139702215986982,0.23613928679461138,0
-5.633006149555989e-06,-0.010839596407219631,0.07892597223091724,0.24258283856274432,0
-7.379387700462883e-22,-0.010000000000000024,0.08644241591938098,0.24884659212577126,0
-0.00011092602303908332,-0.02182932757739499,0.040334268066843135,0.13729611401207492,0
-9.931603191787617e-05,-0.020788760956131486,0.04522635844470999,0.14722506574646416,0
-9.175443924612366e-05,-0.021748520102663246,0.032865987157935775,0.13829157051386648,0
-8.295332589089527e-05,-0.01879954909772369,0.06190133982966049,0.16566780035003892,0
-8.942325277526547e-05,-0.019527498244845388,0.05520114012409355,0.1590156309392129,0
-7.224479138011326e-05,-0.01897869385001999,0.04771214713547257,0.16481384377464092,0
-6.90400729226235e-05,-0.017836735265892623,0.06339660842057525,0.1749228913496257,0
-5.8680359953330496e-05,-0.01756827543848616,0.05366978136079516,0.1783544516574661,0
-5.6075822254160757e-05,-0.016909429236944967,0.06237232434322642,0.18410811596283155,0
-4.3728477703023154e-05,-0.01592289692710067,0.06016236741309085,0.1941450761941207,0
-5.0314958595138495e-05,-0.01615614106576279,0.06988919447287092,0.19071351588628027,0
-4.250254431999096e-05,-0.015303672806657917,0.07567792099033852,0.19831170454219915,0
-3.3746512207257306e-05,-0.014397943744982029,0.07710539184121126,0.20695863032767317,0
-2.9896823516079378e-05,-0.01424041194836258,0.06641344304183697,0.21027062311415334,0
-2.5155367558344084e-05,-0.013459482502597148,0.07583959734031288,0.21647877732425708,0
-1.7437092517557908e-05,-0.012550834098552456,0.07293697228409426,0.2263107709141256,0
-1.512693371581853e-05,-0.012434139698213238,0.06360769841671414,0.22961928599122305,0
-4.175872429963692e-20,-0.02407038862117862,0.0002051966039955481,0.11615098164965479,0
-3.8942339750016453e-20,-0.022090283074199184,0.0001795470284958913,0.13538213992814802,0
-1.016439536705158e-20,-0.023077130471260848,0.00019237181624571972,0.12576656078890142,0
-3.596698927168728e-05,-0.0236523257982803,0.00856114676636528,0.12017006888785,0
-2.9686738304740447e-05,-0.022661233866520154,0.008548321978615452,0.1297856480270966,0
-4.6925621495220544e-05,-0.021378309182110554,0.017370469253615697,0.14223271172863705,0
-3.772710725905499e-05,-0.01931126524051334,0.021240299621093764,0.1626285505797897,0
-4.722726460570478e-05,-0.017910941190005754,0.03726405853724366,0.17604439739065655,0
-4.415775683213507e-05,-0.018615868960507913,0.029252179079168713,0.1693364739852231,0
-5.775298636354226e-05,-0.018679444089655797,0.038997143685022405,0.1682514289478391,0
-5.4584521414976176e-05,-0.019388757092990153,0.030985264226947456,0.16154350554240565,0
-5.798584503382732e-05,-0.02014880477522798,0.027992400850235313,0.15410832361927623,0
-6.664955833680517e-05,-0.021190292784796727,0.02605748566649628,0.1439104041936999,0
-4.236667766803048e-05,-0.020340261013783584,0.01930538443735473,0.15243063115421338,0
1.3552527156068772e-21,-0.02506907393879683,0.00021802139174537645,0.10653539960782724,0
-4.355549933700813e-05,-0.02462402945440699,0.008605648406464434,0.11079634055050008,0
-2.5490753594308333e-05,-0.021737325157444056,0.008775008141055795,0.13880742582839253,0
-5.546828100765467e-05,-0.02230128621895655,0.017143783091175355,0.13321093392734112,0
-7.194958116025864e-05,-0.021940771471701287,0.02417897074505519,0.1366138780488036,0
-5.9808477454886236e-05,-0.018201770788256865,0.045979061987693824,0.17260681221745838,0
-4.829640027387327e-05,-0.017291170540072013,0.044954777910344995,0.18179203683066425,0
-2.9264434942638583e-05,-0.016109930495540836,0.0345007933427687,0.19466262466719012,0
-3.7386259144442515e-05,-0.017002284849617254,0.03588242594000618,0.18535351102892333,0
-3.830149100659699e-05,-0.01638530881644449,0.04357314531310752,0.19110115046893106,0
-2.868796682528323e-05,-0.014806247759421964,0.05000965249198379,0.20677324707049644,0
-1.5241996716516969e-05,-0.013002618086726333,0.04747414820979618,0.22651312052865752,0
-1.8720638265727008e-05,-0.013170938818727013,0.05631089837536739,0.2231519453196974,0
-1.262159026783933e-05,-0.012299168872935477,0.05477094825114293,0.23298046120018318,0
-5.942890591261441e-06,-0.011382777559818247,0.04426852571451901,0.2457947373483537,0
-1.0158798725331707e-05,-0.012174095528063042,0.045871336962157595,0.23615392893850562,0
-7.571803357478976e-06,-0.01148285153441085,0.05316813700350435,0.24262126961003128,0
-5.714825416006345e-21,-0.010000000000000092,0.05839992016843357,0.2590574362984617,0
-4.136097267001788e-06,-0.010757117998101586,0.06023383423046162,0.24925261908508528,0
-7.864645280276801e-22,-0.01,0.06776278430150905,0.25569617085321816,0
-3.719246143615761e-05,-0.0157218217708734,0.05132757488771506,0.1971564616705842,0
-3.4042478717804035e-05,-0.014988046321773358,0.058844445017359574,0.20376186159403292,0
-2.589979059876784e-05,-0.014083242769026456,0.05757865051646119,0.21328200859061686,0
-2.1380339809487317e-05,-0.013889983129915219,0.04874190035088999,0.21664318379957698,0
-2.977193092600037e-05,-0.0154669722147891,0.04225522291737624,0.2007179358688433,0
-3.30618013180984e-06,-0.010700479178332611,0.051334222941476285,0.25242608682340767,0
-2.8502658675107283e-20,-0.02014054723492213,0.0001538974529963768,0.15461329308949337,0
-2.4018678010579768e-20,-0.01823275943991306,0.0001282478774970048,0.1738444379299268,0
-2.091323049406564e-05,-0.019732440288138236,0.01069709853704507,0.15862092183464155,0
-1.7157589360408196e-05,-0.01877613266181396,0.010684273749295384,0.16823649425485826,0
-6.6582313669716056e-21,-0.019180558793999682,0.0001410726652466908,0.16422886550971008,0
5.454293787815414e-36,-0.02111097383292438,0.00016672224074613405,0.1449977165088207,0
-2.103106334714728e-05,-0.02076045839782964,0.008762183353306037,0.1484230024090652,0
-2.07419354668389e-05,-0.017250360732438245,0.018085995955133414,0.18366835812688675,0
-2.8175461251891445e-05,-0.018272167203971835,0.019663147788113587,0.17314845435333823,0
-1.1729489120286344e-05,-0.017747198088572315,0.009107121916315209,0.17875639802840676,0
-3.3606885839655105e-05,-0.01758409294357634,0.02767502724618854,0.17985637775877167,0
-2.6128168843813576e-05,-0.01668695214622287,0.026293394648951057,0.18916549139703842,0
-1.244422798591086e-05,-0.015418969529942612,0.016923177186149975,0.20303032657666992,0
-2.0447495818876095e-05,-0.015767795255670982,0.025711985264459336,0.19884647562193003,0
-1.618243316488705e-05,-0.016324971989824986,0.017504586570641696,0.19334934235177834,0
-1.6936685795355483e-05,-0.014270271848310378,0.03275612283478188,0.21443861004445022,0
-8.581030527371024e-06,-0.012610575071133018,0.030483334911591782,0.23346300386661642,0
-1.2361218727413322e-05,-0.013425655247147943,0.03161972887318683,0.22395080695553332,0
-1.1814650616424899e-05,-0.01281158122401538,0.03897874156069398,0.22998806219763696,0
-1.6648390294187218e-05,-0.013645847487574119,0.04011513552228903,0.22047586528655388,0
-2.2692277630200048e-05,-0.014540424569842836,0.041382887663382835,0.21060592855747334,0
-2.252496266364308e-05,-0.015178206613899646,0.03362845808877529,0.20455061735582017,0
-1.548046529199245e-05,-0.014852246274765496,0.024839650010465928,0.20873446831056008,0
-7.667576065667224e-06,-0.012005181210638502,0.037375930313055396,0.23962887060748506,0
-3.1489137713306407e-06,-0.011190006306507926,0.027197527378880298,0.25126272210451606,0
-3.203505076295386e-21,-0.01000000000000009,0.03933926684023236,0.2647487516262761,0
-1.8304525341645542e-06,-0.010594067232801516,0.03326839710955633,0.2580057368653961,0
-4.519674149161642e-06,-0.01129713458923037,0.03573302654669965,0.24852872972643486,0
-2.571556540795506e-06,-0.010664193184838232,0.041803896277375685,0.2552717444873149,0
-2.1704637662023294e-22,-0.010000000000000012,0.04886959350433297,0.2619030939623689,0
-5.56702224106727e-06,-0.011884218464151294,0.028840431145236038,0.24236286298556625,0
-1.1712877473750908e-20,-0.016381871724301403,0.0001025983019976328,0.19307557392563443,0
-9.492235396043085e-06,-0.016820603741285862,0.009094297128565524,0.1883719660262606,0
-8.229335570954465e-22,-0.017299074941980914,0.00011542308974731881,0.1834600059277806,0
-7.11968969475599e-06,-0.015906574632438344,0.008512887744073805,0.19805295025115216,0
-7.766233335137866e-21,-0.014607173854843523,7.694872649826076e-05,0.2123067011150789,0
-7.2810278767883075e-06,-0.013715447402673699,0.016496426409587636,0.22191374255911994,0
-4.256112735139515e-06,-0.014168795426227836,0.008286687568042949,0.21711022183709944,0
-9.64645113074716e-06,-0.014555292904975054,0.016709801797868806,0.21247203456789493,0
-5.6180589935278144e-06,-0.015018139685149284,0.008500062956324118,0.20766851384587443,0
-1.6680287704035377e-21,-0.015483644424061931,8.977351424794678e-05,0.20269113752035667,0
-1.1847557103833345e-05,-0.013997432834716094,0.02462627462218476,0.2181761763017851,0
-8.433248535595664e-06,-0.01316917550629839,0.02348988066058971,0.22768837321286817,0
-3.2861542056539062e-06,-0.01212309998664505,0.0147072513433646,0.2408551088044033,0
-1.1841682431698959e-06,-0.010946832881748683,0.013083057703214936,0.2560109636745794,0
-1.8389879378279e-21,-0.01000000000000012,0.01983317706159195,0.2686185893768014,0
-1.244168832019253e-06,-0.01057214887089488,0.023515352220236124,0.2599406557406587,0
-8.152692117322619e-22,-0.010000000000000009,0.029586221950912157,0.26668367050153874,0
-5.7273757138492275e-06,-0.012372913552648569,0.02259529312747819,0.23715905633550988,0
-5.061149525210097e-06,-0.012903803474536762,0.015601838876476117,0.23138442568176162,0
-3.5266707615268598e-06,-0.011661797413662309,0.02095238936112245,0.24605891545445968,0
-2.1240342885751097e-06,-0.011523403209581529,0.013895154523289769,0.24843303623949134,0
-2.097633793417736e-06,-0.011077352142643453,0.020140292541047617,0.2536368428895477,0
-7.011018040597505e-07,-0.01046414013708362,0.016458117382403444,0.26231477652569035,0
-4.2113419346299706e-21,-0.012931735868304005,5.129915099888874e-05,0.23153781654079214,0
-3.181211082477764e-06,-0.013329445271551521,0.008273862780293262,0.22672577954995604,0
-1.3129022554809314e-21,-0.013755464048367829,6.412393874857475e-05,0.22192225882793554,0
-2.0310897402038588e-06,-0.01253408313496122,0.007379275247181744,0.23619646267259772,0
-1.863472483959461e-21,-0.011381421305132745,2.564957549951444e-05,0.25076892092920156,0
-1.3204621033383894e-06,-0.01175703647637874,0.007366450459432058,0.24581201486680243,0
-3.438198709338514e-22,-0.01213925790240199,3.847436324920159e-05,0.24115336873499685,0
-7.466658201168906e-07,-0.011172555024586476,0.006554353639357226,0.2533899423018905,0
-7.782115202898893e-22,-0.01000000000000007,0.0,0.27,0
-2.767315429234467e-07,-0.010463618408238515,0.006541528851607468,0.26300548183728967,0
-6.815968247436949e-23,-0.010000000000000002,0.009916588530795975,0.2693092946884007,0
-1.0323214044661847e-22,-0.01066391060713569,1.282478774975722e-05,0.2603844604646008,0
