"f:0","f:1",":0",":1",":2"
0.0002754963222833079,-0.09881299569290798,0.9901625457912713,0.009766268013852128,0
0.0005454636037051408,-0.09881261697344619,0.9803250915825426,0.009614216436238904,0
2.344587197999902e-19,-0.09881313629152849,1.0,0.00991831959146535,0
0.0004024977470689577,-0.09881310979257948,0.9855627051183756,0.02417859858042633,0
0.00020135630472927944,-0.09881312396244465,0.9927813525591878,0.017048459085945843,0
0.00047184260051868663,-0.09881280796056553,0.982943898350459,0.016896407508332618,0
0.0008279758578692,-0.0988122513594806,0.9697232537452237,0.02619912526078452,0
0.0005405555441166173,-0.09881385499752156,0.981467313092435,0.04091436270194791,0
0.0006871310405789195,-0.09881297146723637,0.9755952834188293,0.03355674398136622,0
0.0004672815242528663,-0.09881340098144567,0.9835150091054052,0.03254648064118712,0
1.9795159977332974e-19,-0.09881368797565104,1.0,0.02992714747537536,0
0.0002664903195625584,-0.09881387024676995,0.9907336565462175,0.03542075508866163,0
0.00020324465875747505,-0.09881346188057209,0.9927813525591878,0.027052873027900846,0
6.43745039913269e-21,-0.09881326620854154,1.0,0.019922733533420355,0
0.0010466623263143916,-0.09881131563190929,0.9606679631803258,0.00872146496951357,0
0.0009331701687429442,-0.09881173248754865,0.9651956084627747,0.017460295115149044,0
0.0008041568401049632,-0.09881203674024414,0.9704965273814341,0.009167840702876236,0
0.0006832373276379094,-0.09881241142999278,0.9750241726638831,0.017906670848511712,0
0.0006185388705643543,-0.09881275226600725,0.9776429794317997,0.025188861920605425,0
0.0011386477200611383,-0.09881178015494833,0.9595138540860497,0.041285015026609743,0
0.0008481856734067235,-0.0988129676464949,0.9704905835892423,0.041099688864278824,0
0.000976886670811933,-0.09881206078051726,0.9646185539156367,0.03374207014369713,0
0.0013073667928668,-0.09881048623834181,0.949512463399632,0.02510672699013608,0
0.0012225641928642447,-0.09881103452093645,0.9545131587428408,0.033195871008372915,0
0.0010782229992325153,-0.09881140587333015,0.9596178585724279,0.0256529261254603,0
0.0011713428851028338,-0.09881092484048555,0.9550902132899789,0.016914095979824826,0
0.0014654121490617843,-0.09880977358977922,0.9410419735675102,0.007296911930333878,0
0.0012683673160689226,-0.09881053211761116,0.950854968373918,0.008009188449923724,0
0.0013800970044181697,-0.09881011835311124,0.9452772184835712,0.016201819460234978,0
0.0009802115049916916,-0.09881376590497762,0.9682649440070586,0.05497068264112007,0
0.0007526148071538059,-0.09881391024424982,0.9748661285497469,0.04794252267153399,0
0.0010617422924758555,-0.09881264648696983,0.9638893990465542,0.04812784883386491,0
1.9829041295223163e-19,-0.09881548595865554,1.0,0.049935715447370216,0
0.000550270404658161,-0.0988163588518973,0.9832149505669101,0.06086747894111238,0
0.0002667949320522403,-0.09881603996003382,0.991607475283455,0.0554015971942413,0
0.0005425170428972401,-0.09881488903970116,0.9823411318296725,0.05089092082153014,0
0.00027810698530265205,-0.09881478825891478,0.9907336565462175,0.045425039074659064,0
2.7708565287056317e-20,-0.09881439336002178,1.0,0.03993143146137279,0
0.0007728442305370309,-0.0988150970009822,0.9757399472869843,0.057919080791116226,0
0.0015636256686353666,-0.09881054231196529,0.948638855907989,0.05952963984826184,0
0.0011680214963579734,-0.09881527727058194,0.9662025543309757,0.07085019925572504,0
0.001382364086860667,-0.09881267418675876,0.9574207051194823,0.06518991955199344,0
0.0010668884058464047,-0.09881443816197359,0.9672337491690172,0.06291044094842255,0
0.0012770410395167937,-0.09881235737498219,0.9584518999575238,0.057250161244690956,0
0.0013370020198324075,-0.09881132924558657,0.9540763549970194,0.05040732743743579,0
0.0016353155476623144,-0.09880905399360947,0.9379576542073215,0.041442137407890954,0
0.0016001483284051464,-0.0988095888451277,0.9432982550576552,0.050485888628076396,0
0.0014006742490984946,-0.09881043678227096,0.9487357541466857,0.04136357621725035,0
0.001462392272690276,-0.09880988997523983,0.9437350588034767,0.03327443219901352,0
0.001680875372588407,-0.09880883365383462,0.9295452048307974,0.02339321133366366,0
0.0016527663140893888,-0.09880889769828502,0.9337514295190594,0.032417674370777305,0
0.0015081121655848204,-0.09880959985366271,0.9395288341152147,0.02424996916189987,0
0.0015660268346302517,-0.0988093677977294,0.9352935891991538,0.01534506163199877,0
0.0017736771500834606,-0.09880866744344191,0.921452854404126,0.005429685917437076,0
0.0017196903549220627,-0.09880878452286514,0.9254990296174617,0.014411448625550369,0
0.0016346176663502394,-0.0988091262049274,0.9312474139858181,0.006363298923885477,0
0.0008516468376788675,-0.09881611708571912,0.9747087524489428,0.0658588390984187,0
0.0006578806699016397,-0.09882063023374092,0.9827807697541524,0.08008748234571135,0
3.6490179367715255e-19,-0.09881916608870964,1.0,0.06994414109300053,0
0.0002859664936774518,-0.0988179083438373,0.991607475283455,0.06540581001705645,0
5.665194579253178e-20,-0.09881702056443814,1.0,0.05993992827018537,0
0.0005991240928731477,-0.0988181867513864,0.9829978601605313,0.07047748064341186,0
0.00031665860938360086,-0.0988201199437936,0.9913903848770762,0.07501581171935594,0
0.0009278548708784963,-0.0988179122088849,0.9744916620425641,0.0754688408007182,0
0.0018339319233532836,-0.09881113401527947,0.9488849447361362,0.07978580260785552,0
0.001496574660607205,-0.09881360692010877,0.9575437495335559,0.07531800093179028,0
0.0016856158897176768,-0.09881075078693911,0.9487619003220626,0.06965772122805867,0
0.002072401513482748,-0.09880684809414367,0.934985112417468,0.07111250068480769,0
0.001965342055688024,-0.09880872310633791,0.941935028576802,0.0754491516463316,0
0.0018115943981045046,-0.09880896063267464,0.9418119841627285,0.06532107026653476,0
0.002010769847848751,-0.09880651277995094,0.9271153085604776,0.056237320194426337,0
0.0018135535295148277,-0.09880797438236681,0.9325364813838996,0.048839728801158645,0
0.0018066957421501053,-0.09880838150991354,0.9378770822342333,0.05788348002134409,0
0.0020406576855946696,-0.09880653194481455,0.9310502104889729,0.06367491043961701,0
0.0014121781692352515,-0.09881881169620592,0.9654308466774054,0.08986020524633842,0
0.0007986149632224374,-0.09882854614370809,0.9826795585641503,0.0999565421780993,0
0.0011274796277549622,-0.09882357139635119,0.9740552026207778,0.09490837371221886,0
0.0010239917008024707,-0.09882023714925267,0.974105808215779,0.08497384379602488,0
0.0007226933793706695,-0.09882403351716164,0.9827301641591514,0.09002201226190532,0
3.3758498112820146e-19,-0.09882590487394102,1.0,0.08995244647912884,0
0.00038214185415723985,-0.09882760659210069,0.9913397792820752,0.09495449432861407,0
0.0003458032939079144,-0.09882349663953423,0.9913903848770762,0.0850199644124201,0
6.923727133785763e-20,-0.09882201028666245,1.0,0.07994829378606469,0
0.0012800577474232128,-0.0988167951146157,0.9658167005041906,0.08035520225103174,0
0.0016421319646867797,-0.09881465977405077,0.9571578957067708,0.08482300392709696,0
0.0019585202925032933,-0.09880711003158191,0.9179686840579103,0.039031776070878293,0
0.001813119722755779,-0.09880794412636605,0.9279631691326159,0.04023695673938463,0
0.0019811365614492028,-0.09880673580120324,0.922541996309194,0.04763454813265232,0
0.0018112663407634524,-0.09880810408403555,0.9237569444443539,0.03121249370227098,0
0.0019293808000377137,-0.09880801170360527,0.9097735470426229,0.021274567048176478,0
0.0019371568730171876,-0.09880758427509956,0.9138711155502666,0.030153171559527386,0
0.0018210286710836237,-0.09880828545198418,0.9196593759367102,0.022333889190920067,0
0.0018437419697665896,-0.0988084246666297,0.9156132007233745,0.013352126482806776,0
0.0019558684606161185,-0.09880855094562642,0.9018975287004507,0.003234181757905201,0
0.0018810067481873363,-0.09880846131770321,0.9116751915522884,0.004331933837671139,0
0.001934505256241061,-0.09880835009388744,0.9058355378715368,0.012254374403040839,0
0.0025695995069646084,-0.09880292605695083,0.9302323092567862,0.08899107925784831,0
0.002218043894713964,-0.09881237200752101,0.9486632954759938,0.09927710628153937,0
0.0020111257147658198,-0.0988116289621252,0.948774120106065,0.08953145444469744,0
0.002200437570666129,-0.09880751828388475,0.9395586269964612,0.08438844093285192,0
0.002420162786679649,-0.09880696276987358,0.93944780236639,0.09413409276969384,0
0.001806508531285217,-0.09881625598907612,0.9570470710766996,0.09456865576393889,0
0.001701111274884454,-0.09882589250516143,0.9657892140366465,0.10940632529549843,0
0.001985739696040465,-0.09881861945657923,0.9572262547563202,0.10434171578851889,0
0.0015465014882856478,-0.09882183469710248,0.965610030357026,0.09963326527091843,0
0.0012351937612133765,-0.09882802894411509,0.9742343863003984,0.10468143373679886,0
0.0009834803324415156,-0.09884250556102533,0.9826795236633197,0.11996468553223262,0
5.617522506190522e-19,-0.09883777534439185,1.0,0.10996063787712788,0
0.00046872303685242697,-0.09884077016331848,0.9913397618316598,0.11496266170468025,0
0.0008846671603437046,-0.0988345814564148,0.982679541113735,0.10996061385516595,0
0.00042235783576210904,-0.09883354182064896,0.9913397792820752,0.1049585900276136,0
7.361765280054166e-20,-0.09883095528661816,1.0,0.09995654217812835,0
0.0023024527485588143,-0.09880518969680896,0.932608710837127,0.080051789971328,0
0.002447622530655205,-0.09880233700923244,0.9179704032929619,0.07149447873689058,0
0.0022892762922469205,-0.09880419213369834,0.9081544165242657,0.05475808910434004,0
0.0023659286831878555,-0.09880316376392594,0.9130624099086138,0.06312628392061531,0
0.002216763149521362,-0.09880470736971118,0.9225428559267197,0.06386589946565846,0
0.0021664194232375155,-0.09880514903971183,0.9176348625423716,0.05549770464938319,0
0.0021131333878097844,-0.09880584951703084,0.9130615502910879,0.04689493258760917,0
0.0021466092161737302,-0.09880656316035853,0.8980884629134206,0.03678329541877542,0
0.0020459175178124166,-0.09880846033275975,0.890214619942809,0.01902798226154296,0
0.002088126652537836,-0.09880759734405661,0.8941515414281148,0.02790563884015919,0
0.0020300926138117495,-0.098807402740733,0.9039310049780218,0.029028931233475948,0
0.0020038972163892357,-0.09880806413914607,0.899994083492716,0.02015127465485972,0
0.0019929697157180155,-0.09880859028041548,0.8960560743216299,0.01113108200972408,0
0.0020085272980043104,-0.09880968827565771,0.8823650254363614,0.0008423104971093583,0
0.001998170110649949,-0.09880896007846234,0.892131277068406,0.0020382461275072795,0
0.0020190494607492085,-0.09880915960637902,0.8862898226895852,0.00993514637932616,0
0.002272572408497475,-0.0988044825626301,0.9264777578552149,0.07130348971084913,0
0.0025133046178603398,-0.09880218905377014,0.9241013562748741,0.08024277899736945,0
0.001370917930207642,-0.09883398533306552,0.974234368849983,0.11468550541386552,0
0.0020699865670435373,-0.09880662921175283,0.9080285734856655,0.03790753574482686,0
0.002212449683946506,-0.09880539307468456,0.9031214397188432,0.04577069226155773,0
0.0029505087992955127,-0.0988022006197756,0.9340997961656342,0.10695300681919394,0
0.0025807520742899322,-0.09880782554603083,0.941381545820814,0.10311505655036665,0
0.0027499340616030238,-0.09880239013566978,0.9321660527112102,0.09797204303852113,0
0.0033651355502209166,-0.09879169680392234,0.9180061279897209,0.10456953610890661,0
0.003000888555911389,-0.09879524951388804,0.9090988550596412,0.08722350374979847,0
0.0031791426735189358,-0.09879323680776866,0.9135524915246811,0.09589651992935254,0
0.0029483591286515233,-0.0987981007810847,0.9241192186232536,0.09678030768337746,0
0.002811279451733917,-0.09879861814600967,0.9196655821582137,0.08810729150382339,0
0.0027087585060540874,-0.09879923388006676,0.9135346291763016,0.07935899124334453,0
0.002716083052095646,-0.09879931080092938,0.8982364275977696,0.07064442005728033,0
0.00260222065413835,-0.09880046595492678,0.9081034154453658,0.07106944939708545,0
0.002490425361171539,-0.09880203486689351,0.9031954220610177,0.06270125458081019,0
0.0024265583183556622,-0.09880397539198205,0.8881587604692078,0.05267851352715281,0
0.0021986763558955423,-0.09880767518249826,0.8787586849599992,0.034953724949447935,0
0.0020343077312582137,-0.09881024558225678,0.8710184160975233,0.016619882407108773,0
0.002106860167604869,-0.09880909227601858,0.8748885505287612,0.025786803678278354,0
0.0020552671375034196,-0.09880919393356286,0.8806165180201662,0.017823932334325866,0
0.0021145702923903234,-0.09880814928225831,0.8844866524514041,0.026990853605495448,0
0.0021892248348022313,-0.0988069048678669,0.8884235739367099,0.03586851018411168,0
0.0022766802910332627,-0.09880542729225368,0.8931236116913142,0.044730904472964114,0
0.002304676390192631,-0.09880595264238143,0.8834587227146036,0.04381611923830037,0
0.0031761302034800268,-0.09879656049732109,0.9260529620776776,0.10576127146405027,0
0.0027852424823575964,-0.09881537179028196,0.9483888378470401,0.1205032862362135,0
0.0022258472598690147,-0.09882191812721769,0.9570890259418433,0.11495480576585596,0
0.002480640278781709,-0.09881357300854633,0.948526066661517,0.10989019625887643,0
0.002890886231741099,-0.09880762019345778,0.9412443170063372,0.11372814652770372,0
0.0019535767305568913,-0.09883699584312368,0.967135768055345,0.12589740679742092,0
0.0014236540442014234,-0.09886391606452677,0.9797723151664361,0.1398203100024711,0
0.0017183160090558118,-0.09884931789370811,0.9734540416108906,0.13285885839994602,0
0.001459668093699762,-0.09884075108055686,0.9749076458593323,0.12293104616482678,0
0.0011859167838213097,-0.09885191451119288,0.9812259194148779,0.12989249776735187,0
5.520960750203525e-19,-0.09885823156791901,1.0,0.12996873318732072,0
0.0005218328925651267,-0.09885099826367942,0.9913397618316598,0.12496670935977666,0
1.2822939477071534e-20,-0.09884651391898065,1.0,0.11996468553222431,0
0.0018216171304789822,-0.09883075950769854,0.9664624910459958,0.11765186604645968,0
0.0023977108514452537,-0.09882610885094457,0.9577623029511926,0.12320034651681722,0
0.0006787584587760328,-0.09886270647883652,0.9898861575832181,0.1348945215948959,0
0.002856737654014399,-0.09879715939558871,0.9036676413287054,0.0789339619035394,0
0.0023774798200799016,-0.0988037725100954,0.8981565884967367,0.053718301315746425,0
0.0025642626863449807,-0.09880172792670516,0.8931975940334886,0.06166146679221657,0
0.002013943375224263,-0.09881003127145978,0.8766917207669424,0.008731096452109066,0
0.0019382792071037714,-0.09881200908549678,0.8628391433214171,-0.0016041154642414497,0
0.0019787349846490964,-0.09881120705717406,0.8669287797094702,0.007507883471433661,0
0.001988026115287237,-0.09881071743768106,0.8726020843788893,-0.0003809024835660457,0
0.003730077044800552,-0.09879212466453437,0.9275337097988265,0.12204893668429775,0
0.004310362067088541,-0.09877379642940554,0.9083399893997556,0.1212502422150936,0
0.0037417144715976383,-0.09878281696040782,0.8987935259277812,0.10375700393532099,0
0.004020344440946536,-0.09877812254663645,0.9035667576637684,0.1125036230752073,0
0.0035794075167263992,-0.09878655175942856,0.908399826958751,0.1041632700221138,0
0.0033521334591386084,-0.0987897512966241,0.9039461904937112,0.09549025384255973,0
0.0032411691078281326,-0.09879183326361675,0.8891111525791408,0.08659496905219374,0
0.0034840980618052876,-0.09878740997078776,0.893952339253461,0.09517598649375736,0
0.003145766718119743,-0.09879293691326127,0.899105003819391,0.0869092364009961,0
0.002964555640140824,-0.09879595551764003,0.8936737900884552,0.07861969455473704,0
0.0028335397222385124,-0.09879921753731655,0.8794003747907726,0.07056219049892705,0
0.0024313144578896845,-0.09880587885742398,0.8690906999206078,0.05180086094893474,0
0.0026212056420238444,-0.09880282317206643,0.8742455373556902,0.061181525723930895,0
0.002446525217789472,-0.09880463886998962,0.8786247301949078,0.05223968723804377,0
0.00261522294426638,-0.0988018679529653,0.8837795676299902,0.061620352013039933,0
0.0027941957633751103,-0.09879885928119377,0.888818401194271,0.07060330527810368,0
0.0030306215787664586,-0.09879568446161058,0.8842557636849566,0.0785785797755604,0
0.003318805496277303,-0.09879788323265133,0.9308167529822304,0.11450097175174584,0
0.0032794011455055806,-0.09880401454587494,0.9379612738229333,0.12127611146025563,0
0.003998620168991013,-0.09880276813519207,0.9379597387911262,0.13911991425424744,0
0.0028431397423562582,-0.0988369688182513,0.9581413798624558,0.13937952123483696,0
0.002664513790820235,-0.09886886357514005,0.9670157682730544,0.15348598275855735,0
0.0027728720341335085,-0.09885113133382113,0.962578574067755,0.14643275199669714,0
0.002007528645528111,-0.09886765121744268,0.9733940417197453,0.14665314638051424,0
0.0021522919578910514,-0.09885225642227655,0.968956847514446,0.13959991561865404,0
0.0023739678266703097,-0.09883761221155249,0.9626385739589004,0.13263846401612894,0
0.0028292179718017417,-0.09882419805620313,0.9532651088547479,0.12994140373552523,0
0.0033502192733948664,-0.09881063045609043,0.9431742883190831,0.12981160024523047,0
0.0034461413749088316,-0.09882048562591897,0.9480505593267909,0.1392497177445422,0
0.00354865342529575,-0.0987911923857984,0.9227699188942737,0.11330923639660218,0
0.004049100302669132,-0.09878220269054507,0.917936849599291,0.12164958944969567,0
0.003811988630400766,-0.09878391063055743,0.9131730586947382,0.11290988916200011,0
0.002305141593419616,-0.09880687850814092,0.8739246924403035,0.043377292949191334,0
0.002127690008121749,-0.09881033556730738,0.8595115419661521,0.03368554896332804,0
0.0020733151138249612,-0.09881032376197403,0.8652649790318376,0.025152715685218405,0
0.002178839229604616,-0.09880881724069925,0.8691351134630756,0.03431963695638798,0
0.0022695061398764855,-0.0988083173858919,0.86430112094338,0.04274320495613139,0
0.0019156426940359686,-0.09881307048685921,0.8517841266589414,0.015783741009526748,0
0.0017590146403973648,-0.09881516718991547,0.8433021709040708,-0.003960615857492054,0
0.0018612109101635052,-0.09881351302296004,0.853070657112744,-0.0027823656608667517,0
0.0019186683184091694,-0.09881257937584587,0.8573116349901793,0.007089812772642649,0
0.001828584217873476,-0.09881419475240866,0.8475431487815062,0.005911562576017347,0
0.00198872657627789,-0.09881153556118852,0.8614012713782324,0.016201811708317762,0
0.002012298598846394,-0.09881183894696971,0.8556478343125468,0.02473464498642739,0
0.0038750071570675957,-0.09879586218298712,0.9327467242949763,0.1305844254692726,0
0.0015312814098149914,-0.09890694013981506,0.9826794685566189,0.15998066009558304,0
6.596692593216491e-19,-0.09889245742309964,1.0,0.14997672039002247,0
0.0007274271411440681,-0.09890143852768885,0.9913397342783095,0.15497869024280275,0
0.000758405901607447,-0.09887978350888915,0.9898861575832181,0.1448985151962468,0
0.0014807742698955272,-0.0988825772629482,0.9812258918615275,0.1499004850490271,0
0.0021286786569769175,-0.09888836834591856,0.9748476184148367,0.1567333214270702,0
1.494478014515132e-19,-0.09887299007157517,1.0,0.1399727267886716,0
0.004905810023838498,-0.09876857514092274,0.9179709817073596,0.13875181826447042,0
0.004284818073954012,-0.09878208839267925,0.9227523457530931,0.1304003774743841,0
0.004606843049449934,-0.09877038878423446,0.9131554855535575,0.13000103023978202,0
0.005502046754225377,-0.09874367595597859,0.898329921116536,0.13817534183151647,0
0.004666640194231238,-0.09876311798169883,0.8891141446985109,0.12085537566205855,0
0.005073691604807454,-0.09875355214126488,0.8937220329075235,0.12951535874678752,0
0.004520520943745787,-0.09876722717472539,0.8987270670491332,0.12105280893857608,0
0.004875431211444899,-0.09876052769145041,0.9033349552581458,0.12971279202330505,0
0.005242064302589568,-0.09875457024532923,0.9081504514119478,0.13846358004799345,0
0.004485128918566064,-0.09878513040273863,0.9279653602492428,0.13893586625935894,0
0.005483203390338132,-0.09877305175331579,0.927248698734232,0.15587510852988726,0
0.004250041023827167,-0.0988323953445327,0.9485257084614739,0.1584998222144104,0
0.0033639582179119266,-0.09889826008324228,0.9653589373729377,0.1699848135996564,0
0.003862850974391866,-0.09886274370734664,0.9569423229172058,0.1642423179070334,0
0.0029943917656591397,-0.09888215024572981,0.9661873528229961,0.16173539817910687,0
0.003455600481656754,-0.09885332740706693,0.9577707383672641,0.15599290248648387,0
0.0034945077511020985,-0.09883626734402742,0.9533335441619648,0.1489396717246237,0
0.004142861803911236,-0.09881430491475933,0.9432427236263,0.1488098682343289,0
0.0046979211143654475,-0.09879054391314254,0.9326042187626791,0.14749751139206735,0
0.004914510990546879,-0.09880205993177396,0.9378872035978529,0.15718746537214884,0
0.004180385277880963,-0.09877402677342237,0.893953835313146,0.11230618979868977,0
0.003931916334002006,-0.09878008164418481,0.8788061908410334,0.10357987106529062,0
0.004288849069687821,-0.09877194569273684,0.8839601677697722,0.11221762336367458,0
0.0038667748589817042,-0.09878044670364718,0.8887998583844072,0.1036684375003058,0
0.0035698169371167266,-0.09878648662739085,0.8839586717100871,0.09508742005874218,0
0.0032909440819560904,-0.09879351794318884,0.8691238381275638,0.08635061241333448,0
0.002732745401296088,-0.09880350009750816,0.8593637890554152,0.06832405915885105,0
0.0025732494012966527,-0.09880474900320033,0.8642272444880115,0.060062460053892895,0
0.002805062775564974,-0.09880092193484087,0.869382081923094,0.06944312482888905,0
0.0030524417723406987,-0.0987965386853709,0.8742621064591682,0.07845640145613077,0
0.00299757350744336,-0.09879898679294408,0.8642438135914895,0.07733733578609277,0
0.0032918858719608105,-0.09879196965946607,0.8791174953533523,0.08647279073276412,0
0.0035985976293240176,-0.09878728342737617,0.8739650144842985,0.09496524173931256,0
0.0022862737957384683,-0.09881014469284226,0.8493510279103271,0.050601138271980435,0
0.0019430455263881065,-0.09881420427767224,0.8404119851113931,0.03281205258192444,0
0.0016710265489984762,-0.09881684632858981,0.831749754468914,0.012859069853336635,0
0.0017955334280079067,-0.09881566787645567,0.8360808697901536,0.022835561217630536,0
0.0019239700999638648,-0.09881359327369352,0.8460980558851673,0.024297896795725596,0
0.0018060087690718553,-0.09881490888676887,0.8417669405639276,0.014321405431431691,0
0.001709755894548195,-0.09881598895593251,0.8375259626864924,0.0044492269979222905,0
0.001488698206821701,-0.09881866250058924,0.8237388874733359,-0.006087127357174489,0
0.0015724902848210872,-0.09881778568558197,0.8277443209711249,0.003385971248081073,0
0.0016340061485373282,-0.0988169073541805,0.8335205291887033,-0.005023871607333271,0
0.002376640599481117,-0.09880776176957587,0.8592208639154675,0.051200999610457584,0
0.002497281155668733,-0.09880717399705416,0.8543574084828711,0.059462598715415746,0
0.002199939519790176,-0.098810224232404,0.8544312849382396,0.04214334361765423,0
0.002103524320396786,-0.09881240471363581,0.8448815065108601,0.04170659542695244,0
0.002049384483207102,-0.09881214307386517,0.8499617635387726,0.033248800772626236,0
0.005198624349674899,-0.09876908657211776,0.9226098402207958,0.14731346339717882,0
0.002410652341725837,-0.09890633975602908,0.9740192029647783,0.16498273684761972,0
0.0018447274577165654,-0.09897171902215113,0.9831730322210929,0.17913327901848752,0
9.56977823807908e-19,-0.09894966258098566,1.0,0.1699845998012322,0
0.00168112978497402,-0.09893541503303997,0.9829262503888558,0.16955696955703528,0
0.0008135610347910876,-0.09893004108299353,0.9913397342783095,0.16498262994840762,0
0.0008795615642468533,-0.0989634991208768,0.9915865161105464,0.17455893940985986,0
0.0026608144383032336,-0.09893510732725687,0.9742659847970152,0.17455904630907196,0
1.0219538548230558e-19,-0.09891747954000525,1.0,0.15998066009562734,0
0.006341557716298211,-0.09872782018523374,0.9080893694396429,0.1548948781838831,0
0.0075031760519054394,-0.09870974901692046,0.9155299756061828,0.17382679005088597,0
0.005953684037246101,-0.09874882674966473,0.9176690340869375,0.15538499335688516,0
0.006908570884426223,-0.09871771656205088,0.9118096725229128,0.16436083411738453,0
0.006435001404403094,-0.09874642626280358,0.9213893371702073,0.16485094929038663,0
0.006017041060564342,-0.09879047776697861,0.9348317861272337,0.17141252607685709,0
0.0052545782706814,-0.09886159716709535,0.9500133747714817,0.17939534024216658,0
0.0042803764235253726,-0.09888416238350022,0.9576861560722096,0.17469007692091149,0
0.004726420134639016,-0.09884447718837293,0.9492695416164778,0.16894758122828848,0
0.0056819276967490845,-0.09882330296864968,0.9424225804493578,0.17540393315951183,0
0.0050965488860676336,-0.09881516954844356,0.9416787472943537,0.16495617414563374,0
0.005755326267121093,-0.09877945558703717,0.9310402424307329,0.16364381730337219,0
0.006792931049634701,-0.09875030274625073,0.9251808808667082,0.17261965806387153,0
0.005587212084009741,-0.0987507933511549,0.9130301755735013,0.14682334822417675,0
0.005918918564260776,-0.09873500890864506,0.9032096452780894,0.14653511000769978,0
0.006942721988131236,-0.09869715259769242,0.8893273357242047,0.15517516175822196,0
0.005861156075245892,-0.0987314802820225,0.8798429379773814,0.1389852878056448,0
0.00639006204423329,-0.09871482624902851,0.8845851368507931,0.1470802247819334,0
0.006185666251312776,-0.0987229843240792,0.8938286284203704,0.14667525179486923,0
0.006684406252589017,-0.09871009456714923,0.8987083525819238,0.1550350199710525,0
0.005717587957653449,-0.0987357067153831,0.8890864295469587,0.13858031481858063,0
0.005232319202690135,-0.0987489615062439,0.8844785413379461,0.12992033173385167,0
0.004831834369953003,-0.09876174194817157,0.8697969496136616,0.1218303892205568,0
0.003913196271241071,-0.09878509653239509,0.8588557847419547,0.10423853402855844,0
0.004355027293306633,-0.09877440161590584,0.8643263671778081,0.11303446162455763,0
0.004358206496907001,-0.09877175376572468,0.8743015702273476,0.11270513014292372,0
0.004783322784540162,-0.09876091391432375,0.8794555471560863,0.12134288244130767,0
0.0053301598733177455,-0.09874753935858188,0.8748199437955215,0.1304078385131008,0
0.003975988832574536,-0.0989783931504991,0.96789778369652,0.19117349986543847,0
0.001850755835752304,-0.09906137772461278,0.9854716690941272,0.19515812153770604,0
0.0029788020134665083,-0.09902289970477478,0.9766847263953236,0.19316581070157224,0
0.001868725164126754,-0.09901175446064335,0.98432235065761,0.1871457002780968,0
0.0028522302723870893,-0.09897952023388748,0.9755354079588064,0.185153389441963,0
0.003660013644098945,-0.09893243959568243,0.9666283605347288,0.18057915673254743,0
0.004693385880807957,-0.09891608588411116,0.9589555792340009,0.18528442005380252,0
0.0039535778865690515,-0.09878149285856501,0.868830987791494,0.10390920254692454,0
0.0035879646656426932,-0.09878951871249812,0.8639898114347593,0.09529457322094646,0
0.0031214641514195223,-0.09880086879177864,0.8491366732213815,0.08570282258355266,0
0.0025081992043357515,-0.09881031265285249,0.8394320766858694,0.06796639049009624,0
0.002023276754482345,-0.09881585926523445,0.8297641464401614,0.050364374692183266,0
0.0022515430527781416,-0.09881346521056672,0.8345981115630154,0.05916538259113975,0
0.0023909477632388727,-0.09881011560854366,0.8443915522980983,0.05928376438103834,0
0.0021707925651305044,-0.09881284747188708,0.8395575871752443,0.05048275648208185,0
0.0019789579077118054,-0.09881489046144896,0.8350880657757773,0.04158821363705385,0
0.0016415406980804432,-0.09881903921715032,0.8200874937488056,0.03284674308278074,0
0.0018061220510872434,-0.09881656539259234,0.8302497394300994,0.032829397832352586,0
0.001651007686552678,-0.09881780810441204,0.8259186241088599,0.022852906468058688,0
0.0013588472351595358,-0.0988206079387595,0.8121647798182368,0.01301119483688748,0
0.0011473101948209843,-0.09882195419130071,0.8041400927739345,-0.007855323222569769,0
0.0014190456939980828,-0.09881955722690171,0.8179518336457863,0.0034620337398564953,0
0.001244827374511866,-0.09882126196121868,0.8081524362960857,0.0025779358071588553,0
0.0013256580223064028,-0.098820366289323,0.8139394901236352,-0.006971225289872129,0
0.00323168096856997,-0.09879655896865122,0.8591302556744727,0.08602671749844357,0
0.0029184654047846323,-0.09880214422131794,0.8542502311383984,0.07701344087120185,0
0.0027978708713430516,-0.09880618219404627,0.8442843749536255,0.07683460653682445,0
0.0026410414956536906,-0.09880656372375946,0.8493979328706422,0.06814522482447365,0
0.003496073094165526,-0.098793897007855,0.853996228981668,0.09497067830605554,0
0.0018211064057839107,-0.09881766732434515,0.8249258200944836,0.041605558887482005,0
0.0015249924234059394,-0.09881873743581449,0.8219572671435753,0.012935132345112057,0
0.0014889895680215597,-0.09881990428991358,0.8161261367835212,0.02292896895983411,0
8.166668160952334e-19,-0.09904218502374706,1.0,0.18999238571120897,0
0.0009809169863263926,-0.0990093388879501,0.9915865161105464,0.18456283236484824,0
8.57616677035665e-20,-0.09899099398629817,1.0,0.17998849275622059,0
0.0009293194824033783,-0.09905600386032659,0.9927358345470636,0.1925752536244575,0
0.007863407830338245,-0.0986697262411101,0.8979000785523531,0.16849463478195748,0
0.009769501158223587,-0.09858759280519432,0.8951927941522685,0.18565897195582678,0
0.009396286003851163,-0.09864764233251903,0.9133705515652537,0.19155439321787063,0
0.008394395545765357,-0.09868250794076767,0.9144502635857182,0.18269059163437829,0
0.009634838322059226,-0.09861266797783041,0.904281672858761,0.1886066825868487,0
0.008629739213721586,-0.0986527423622068,0.9053613848792257,0.1797428810033564,0
0.007737366310252921,-0.09868539233524269,0.9067150270792679,0.17116071241642172,0
0.008761919582177305,-0.09863342911774121,0.8965464363523108,0.17707680336889214,0
0.008759323782577851,-0.09862375982824317,0.8813609625981539,0.1729174081952542,0
0.007399293544373511,-0.09868116854430332,0.8714855948744714,0.15793601114996167,0
0.005924720873263805,-0.09873605221663632,0.8610037663695962,0.13993946650144842,0
0.004683125052073622,-0.09877445356256538,0.849318880934966,0.12256637645378937,0
0.0036225409771115527,-0.09879878159524427,0.838895792835481,0.10434243284158627,0
0.004281556141834514,-0.09877992725867753,0.8540873328384604,0.1134024552411739,0
0.004125056918409688,-0.09878819498053566,0.8441073368852234,0.11345440464768783,0
0.0037985293255149966,-0.09879102115368685,0.8488757887887178,0.10429048343507236,0
0.0033626048077676986,-0.09879957329850637,0.8440162330284313,0.09502262771256947,0
0.0027581799115427006,-0.09881239337124365,0.829123879626617,0.08514777833019796,0
0.002125310374048125,-0.09881915014971325,0.819441849142737,0.06753412191956219,0
0.0023349533720608525,-0.09881458749804856,0.8294369629143032,0.06775025620482922,0
0.002072965489894634,-0.09881720970167043,0.8246029977914492,0.058949248305872726,0
0.0016309893665816427,-0.09882237285885515,0.8097658062716986,0.04999908923528537,0
0.0012523799329904979,-0.09882354914060117,0.8007620057303856,0.03164395209209454,0
0.0009713635546672371,-0.09882384362098609,0.7928149038066646,0.010583255406377333,0
0.0011008186579158628,-0.0988236831123216,0.7967884547685251,0.02111360374923594,0
0.0013047846466267693,-0.09882189628118358,0.8064633927743112,0.02232757346449101,0
0.0011716830788299198,-0.09882232864800625,0.8024898418124506,0.011797225121632407,0
0.001057527405300685,-0.09882279273274983,0.7984774982902996,0.0013639660919037818,0
0.0007546652627128819,-0.09882456858652329,0.7845048991716205,-0.009156308316586379,0
0.0008570984581933375,-0.09882414086898451,0.7886599014891426,0.0007134735448954769,0
0.0009561735239549175,-0.09882337269291662,0.7943224959727775,-0.008505815769578075,0
0.007074039323932897,-0.09870151827846414,0.902994723995998,0.16169475648292028,0
0.007400856803815845,-0.09868301093720236,0.8936137071382789,0.16183489827008973,0
0.007802908087226286,-0.09866444504594292,0.8853441491611793,0.16404628497673807,0
0.008068112156740843,-0.09865336299995608,0.8764232787363126,0.16542670967260792,0
0.007210760562621712,-0.09868641434592987,0.8804064652993381,0.15655558645409182,0
0.0065877058061353305,-0.09870898335958705,0.8756642664259264,0.14846064947780324,0
0.005933975395558252,-0.09873139233237566,0.8704233521734888,0.13946237715354662,0
0.006634943411942196,-0.09871086962686186,0.8662446806220339,0.14893773882570505,0
0.007595729283152697,-0.09877443658526043,0.9328412172823504,0.18946564693110124,0
0.008521431360554228,-0.09871270926065086,0.923105884423802,0.19051002007448592,0
0.007615464120822102,-0.098733582353632,0.9241855964442666,0.1816462184909936,0
0.006759238549722145,-0.09878375406129493,0.933836501704792,0.18043908650397916,0
0.006393375280632623,-0.0988247850484457,0.9414272960269161,0.1844304935866339,0
0.006210229137313296,-0.09889976450696743,0.950906923063955,0.19540257024186392,0
0.00695462150780885,-0.09883522181183649,0.9418740701731527,0.19243410858648258,0
0.005711736408237,-0.09887847203502982,0.9504601489177184,0.18739895524201525,0
0.005086663268527455,-0.09894484260076168,0.9594023533802375,0.1932880350536512,0
0.005816576530823101,-0.09902907175899847,0.9606540458959356,0.2088023656315051,0
0.0033374874632465575,-0.09914358674881804,0.980318106281572,0.2096956954311213,0
0.003612319294877247,-0.09905508749046163,0.974107944989046,0.20043459764827987,0
0.004857080078454997,-0.09900252588076566,0.9642759147962279,0.19998793274847176,0
0.004483111068238063,-0.09909839217231292,0.9704860760887538,0.2092490305313132,0
0.008343099183878726,-0.09864456726038126,0.8896305205752535,0.17070602148860584,0
0.005351921294609372,-0.09874990108790278,0.865400357991629,0.13088492786100261,0
0.004797930919527386,-0.098766316308114,0.8595579152743138,0.12219838283717309,0
0.005280494525002407,-0.0987571050334481,0.855161323652281,0.1312529214776189,0
0.0024991660828462717,-0.09910143508927052,0.9828948876878496,0.20242690848441366,0
0.002134867498989538,-0.09917677125592197,1.0,0.21,0
3.0628711372715483e-19,-0.09911076993914322,1.0,0.1999961928556045,0
0.001163963329984,-0.09912392177301654,0.9927358345470636,0.20257906076885301,0
0.0012329326526952528,-0.09919208382255917,0.990159053140786,0.20984784771556064,0
0.00608198990862678,-0.09895609314354256,0.9557804844799453,0.20210246793668452,0
0.0029633381259081084,-0.09880622934827422,0.8391302764239993,0.08542530045687531,0
0.0026301070456986628,-0.09881101990908008,0.8342779781562433,0.07655708441014711,0
0.0024227210493310116,-0.09881634732196427,0.824282864384677,0.07634095012488007,0
0.003163016496776255,-0.09880667611029341,0.8340098362310491,0.09474510558589211,0
0.001841106404208997,-0.09881911117325129,0.81976497635593,0.05018173196373432,0
0.001862943145595246,-0.09882108088469439,0.8146038277072178,0.05876660557742378,0
0.0016356631066849901,-0.09882047774667706,0.8149266500102521,0.041422916159033055,0
0.0014291266189191956,-0.09882309476062932,0.805263906001042,0.04082152066368996,0
0.001456309727149952,-0.09882136963749198,0.8104247497395956,0.03224534758743764,0
0.009286320992677193,-0.09860286887383406,0.8882768783752112,0.17928819007554048,0
0.010489842213689402,-0.0985378871836222,0.8772077213665398,0.18707720895130217,0
0.009379728544184066,-0.09860098817540715,0.8643683537977371,0.17741867184091265,0
0.007564534886519882,-0.09869525365279007,0.8490850470177805,0.1623569956946347,0
0.005586720947993964,-0.09876794861830544,0.8369338781203749,0.1422297613452533,0
0.006703525833498307,-0.09871671867941836,0.8550444066936884,0.15114823109804154,0
0.00652367287196487,-0.09873659785276785,0.8430094625690777,0.152293378519944,0
0.005827414944738512,-0.09874802837157927,0.8489688222449856,0.14108461392335087,0
0.005124685040205971,-0.09877021929916685,0.8431263795276704,0.13239806889952133,0
0.004166401198814765,-0.09880147347363598,0.828114766336375,0.12289129166035144,0
0.004466925438903144,-0.09878656499671619,0.8387168236356706,0.12272883405707041,0
0.003889830172458963,-0.09879925230980942,0.833505279585928,0.11361686225096886,0
0.0030396373566715456,-0.09881841890351255,0.8188297319379483,0.10291397614631062,0
0.0035634361440394107,-0.09881164013949169,0.8234722491371617,0.11290263390333102,0
0.003356996062141872,-0.09880829098296592,0.8288627623867146,0.10362820449394844,0
0.0028985088500755904,-0.09881469792322307,0.8239768057822827,0.09403087723825429,0
0.002223679661945916,-0.09882577521388113,0.8090996990313241,0.0847231246066575,0
0.0016113871940977066,-0.09882818172138462,0.7994373370219651,0.06716336108601494,0
0.0018829955510444223,-0.0988237652548086,0.809439593082351,0.06734874150278856,0
0.0018974971972347834,-0.09882739874661663,0.8042685180266446,0.07594324284633622,0
0.002176860984162897,-0.09882191217116541,0.8142707740870305,0.07612862326310985,0
0.0025109626714969425,-0.09881902561687851,0.8191117893289706,0.08493545146842774,0
0.0026047891930808796,-0.09882295237521645,0.8139647154846361,0.09381855037648407,0
0.012017474048108035,-0.09846913188147234,0.8823244412923026,0.2009191174150899,0
0.011394742583053839,-0.09854313500926233,0.901863450217593,0.2033120094520914,0
0.01214673397481868,-0.09845327048774326,0.8920939457549477,0.20211556343359066,0
0.010639576094280836,-0.09855611018335365,0.8985281221849307,0.1944854907039591,0
0.010946344924776625,-0.09852274627717515,0.8887586177222855,0.19328904468545832,0
0.011293144896930308,-0.09849811979517926,0.8797660813294212,0.19399816318319602,0
0.010169543564361542,-0.09855942274285465,0.8862002577594041,0.18636809045356448,0
0.009582906968451923,-0.09858500108346165,0.8792843419823468,0.17999730857327817,0
0.009946326958444792,-0.09856881098458671,0.8707880375821384,0.18224794039610742,0
0.009111907283012442,-0.09860841352773464,0.8728646581979456,0.17516804001808342,0
0.008331799065113187,-0.09864544888192014,0.8679269743361042,0.16767734149543717,0
0.007556103278502187,-0.09868228138520879,0.860285320946126,0.1601465034222982,0
0.008469325640709732,-0.0986500361778647,0.8567267004077588,0.16988783376777367,0
0.010441997832859646,-0.09859199440246565,0.9076170008914233,0.19743320133498102,0
0.010092385137099744,-0.09868502104287266,0.921425379683128,0.2055086350647987,0
0.008185420716191978,-0.09886146116503985,0.9410212191544387,0.2073769316668632,0
0.009484077795371955,-0.09874533854496158,0.9312232994187833,0.20644278336583094,0
0.007968533520749428,-0.09880510877239906,0.9369312182183945,0.19842128929898223,0
0.008851226733003863,-0.09873064913896339,0.9271332984827392,0.19748714099794995,0
0.00982325547142256,-0.09865485082971776,0.9173979656241908,0.19853151414133466,0
0.011151081667391035,-0.09857100483222697,0.9116444149503604,0.20441032225844505,0
0.004831391431298897,-0.09878744889831123,0.8325243222283749,0.13256052650280237,0
0.0016241649157125377,-0.09882487930931483,0.8046015716468318,0.058581225160650154,0
0.0011423553483862767,-0.09882820446597099,0.7898800259631885,0.04948872089118312,0
0.0013968519513992438,-0.0988254504414971,0.7998229161174435,0.04974390506323424,0
0.0012004382966691327,-0.0988255865121793,0.795321015846787,0.040566336491638835,0
0.0007863482174252716,-0.09882728861857154,0.780690545514718,0.03122342853234628,0
0.0010265746435885162,-0.09882558823010514,0.7907262756225517,0.03143369031222041,0
0.000880998431177613,-0.09882532606491057,0.7867527246606913,0.020903341969361805,0
0.0005483840841475701,-0.09882623701887794,0.7734261269093117,0.011382403833971311,0
0.0003301976442758702,-0.09882614715098713,0.7648411487649247,-0.009908290896618887,0
0.0006515524632794014,-0.09882524687976693,0.778965513040466,0.0011130477586924663,0
0.0004340990441977821,-0.09882606085970128,0.7691336378371182,0.0007370564686762122,0
0.0005452641323921472,-0.09882550526110653,0.7746730239682726,-0.009532299606602634,0
0.0013613624009920062,-0.09882836769342684,0.7946586814925768,0.05832604098859903,0
0.0009526795295636322,-0.09882776778370657,0.7852852857389532,0.0403560747117647,0
0.0006593387010865557,-0.09882666310240867,0.7770583362120148,0.021302916183158795,0
0.0007648826062195996,-0.09882517816629431,0.7831205153579881,0.010982829620174321,0
0.007201831666725333,-0.09888181439837379,0.9459640711091968,0.20138975095436357,0
0.007228913076303838,-0.09893600169666715,0.9508376325251872,0.20808964864918414,0
0.011927869668979975,-0.0984800261024924,0.8627921253644149,0.1984719234020252,0
0.009777660967221786,-0.09860424780612448,0.8497835613847405,0.18264002553339082,0
0.008643866905075537,-0.09868991453140077,0.8351247387540205,0.17780528423412403,0
0.006517180162792459,-0.09876878083566189,0.8273958078116773,0.1597734527559783,0
0.007515314592279812,-0.09873559492297623,0.8312602732828489,0.16878936849505116,0
0.007106872649137969,-0.09872891743272612,0.8382404274147289,0.1610652242253065,0
0.008112066753657231,-0.09868915070401181,0.8421048928859005,0.17008113996437935,0
0.00923271534859413,-0.09864686320067931,0.8424541500693805,0.18022265488375744,0
0.0085945749499529,-0.0986561617675217,0.8494343042012605,0.17249851061401275,0
0.009610360649430607,-0.09859906934928707,0.8570759575912388,0.18002934868715173,0
0.010651418584728855,-0.09853920512471478,0.863580239581076,0.18794529762146894,0
0.010943855909243648,-0.09853312801411301,0.8562878433745778,0.190555974467708,0
0.011312050602550723,-0.0984956482357306,0.8699999233654774,0.1927745661766637,0
0.012422141669500321,-0.09841890068645628,0.8725582833283587,0.19969552040855754,0
0.006041935676089729,-0.09876677807797593,0.8321648429660261,0.1510016070506158,0
0.004679474516285233,-0.09881557228150112,0.8172381043269008,0.14070490246138123,0
0.003302811695848689,-0.09883337766807364,0.808079575257753,0.12116009198058855,0
0.003940881548699636,-0.09882676845101544,0.8126588397923269,0.13093249722098488,0
0.004425981706187397,-0.09880659381604326,0.8226764353316379,0.13179809706086634,0
0.0037629296383156134,-0.09881743685752906,0.818097170797064,0.12202569182046999,0
0.0031770137695879305,-0.09882442986350692,0.8134546535978506,0.11203703406344959,0
0.002288375425588273,-0.09883849278683725,0.7986750345823375,0.10221803039367058,0
0.002758031568153002,-0.09883703747476191,0.8033773049200452,0.11168906118712957,0
0.0026856415589490705,-0.09882867017634903,0.8087523832601429,0.1025660032699906,0
0.0022634590707213444,-0.0988311606839056,0.8038873668068307,0.09347057750016405,0
0.00154986836669207,-0.09883810537787545,0.7890959147414645,0.08434861829434927,0
0.0015882776598131988,-0.09883250517355183,0.7942666258817148,0.0757559896901821,0
0.0019018754558483505,-0.0988322580209741,0.7990978068863943,0.08453587145050338,0
0.0018925273366445412,-0.09883877552315816,0.793885474661901,0.09328332434400993,0
0.005538847444513767,-0.09879665509880417,0.8223169560692891,0.15023917760867977,0
0.005172748339936766,-0.09879092846826747,0.8270859912236379,0.14146733190331728,0
0.0009984667321372616,-0.09883545219263373,0.7794458565971402,0.06677071014223926,0
0.0006138718745298177,-0.09883207513838808,0.7708736654858104,0.049023349775440185,0
0.00027502335937369844,-0.09882926071102877,0.7605860724446397,0.030197529042428548,0
0.0004332446014676482,-0.09883057594948004,0.765729868965225,0.03961043940893437,0
0.0005337721071853113,-0.0988285223841727,0.7706383089796789,0.03071047878738741,0
0.0007052270442055467,-0.09882941411152388,0.7757821055002642,0.040123389153893234,0
0.0008838035728724251,-0.09883040401910256,0.7803768457244995,0.04925603533331165,0
0.0010775281435287437,-0.09883141438496885,0.7846629412801643,0.058129715516711186,0
0.0007924470545003459,-0.0988337123442271,0.7751597610414753,0.05789702995883972,0
0.0012543802277141297,-0.09883693453492177,0.7842708856693024,0.07555966421829427,0
0.0013149349272602968,-0.09883214953401304,0.7894415968095526,0.06696703561412709,0
0.00041759378699638604,-0.09882758590935797,0.7670060996769756,0.020789966438199928,0
0.00011349989854052674,-0.09882698408177003,0.754868229011027,0.007061617631723536,0
0.0003309594267255332,-0.09882677539695774,0.7641471779601694,0.009222010732847424,0
0.0002235482297041296,-0.09882647333514406,0.7598546888879758,-0.0014233366324476753,0
-0.00010791818288021407,-0.09882648787658023,0.7451636982672175,-0.010063229968285618,0
3.9624814008227315e-07,-0.09882664869262121,0.7500159636391223,-0.001500806168281041,0
0.00011169473618068216,-0.09882647984718311,0.755002423516071,-0.009985760432452253,0
0.00018868492526053122,-0.09882786617653853,0.7577271507278334,0.01862957333707604,0
0.011130250888338496,-0.09857335913496316,0.8432487611881002,0.1961150490981094,0
0.009665436057028583,-0.0987277517307837,0.8236791101517987,0.1939886763111289,0
0.007205267510730784,-0.09880599013583223,0.8153373441099222,0.176031798592787,0
0.005090021329799964,-0.09885158370789379,0.8063719184920968,0.1578479476256978,0
0.0048980673988283895,-0.09882997938379509,0.8118050114094988,0.1492764250435395,0
0.00585516131512824,-0.09880997542700903,0.8168838631518871,0.15881070019083804,0
0.006072882704895822,-0.09883446823660513,0.8108546313010094,0.1669398731092424,0
0.006874466173988352,-0.09878249407716444,0.8213665759607998,0.16790262567438263,0
0.007976755498136276,-0.09874696232535278,0.8252310414319713,0.17691854141345553,0
0.008420546311417535,-0.0987690929154865,0.8195082271308605,0.18501023745195794,0
0.00922719245070857,-0.09869610809882971,0.8294019244529096,0.18589698027262647,0
0.010794984539883142,-0.0986106379898814,0.8334639356699495,0.19505186270461916,0
0.009899631119205679,-0.09863139583924559,0.8391867499710604,0.1869601666661167,0
0.010484375880687829,-0.09858322601766795,0.8465161612864204,0.1893775373157501,0
0.011964119550876666,-0.09847562875838914,0.8530204432762576,0.19729348625006732,0
0.0034626103589733793,-0.09886551185669896,0.7969298795920704,0.1394490385503053,0
0.004104436883094926,-0.09884120899341849,0.8070839919594857,0.14007697050584328,0
0.003399110537531397,-0.0988467045195491,0.8025047274249117,0.13030456526544693,0
0.0022784776673011745,-0.0988633330726023,0.7877614874661365,0.12114223788349486,0
0.0014024913272813627,-0.09885476346417849,0.7786094538090971,0.10189954410996914,0
0.0022995585343174385,-0.0988490555619918,0.793218261024237,0.11168013413858272,0
0.0018031897653178679,-0.09885933055593475,0.7831854706376168,0.111520890996732,0
0.0018607439817062846,-0.09884737114162002,0.7886422441957173,0.10205878725181985,0
0.0014904567468781924,-0.0988454325006575,0.7838526842752808,0.0931240812021592,0
0.0007797781265879753,-0.0988465269735031,0.7691254555332924,0.08389799764306269,0
0.0003655908235595367,-0.09883947494266812,0.7605476103587749,0.06690597359626,0
0.0006871576339743891,-0.09883789157882951,0.7699967334779576,0.06683834186924963,0
0.0005002284209109631,-0.0988354111197982,0.7657106379222927,0.057964661685850086,0
0.00015127370869942735,-0.09883398625110552,0.7550305778478758,0.050410882460387677,0
0.00021709693537540415,-0.0988313044681788,0.7578083251462577,0.04030420575140811,0
0.00038571683486863666,-0.09883324383722601,0.7629521216668431,0.049717116117913934,0
0.00025075886466512803,-0.0988364924219514,0.7577890941033254,0.058658428028323835,0
0.004216497983443084,-0.09886141849042625,0.8016508990420836,0.14864849308800154,0
0.0028246153317820336,-0.09886558019645357,0.7923456835291034,0.13029563821690007,0
0.0028161022349282154,-0.09884905012654281,0.7979205313619447,0.1211511649320417,0
0.0011736858927431832,-0.09884294887096313,0.7791106851373784,0.08412330796870598,0
0.0010656967139899554,-0.09885063041714237,0.7738674546711948,0.09289877087651591,0
0.0009013911471405477,-0.09884042012549422,0.7742856560652163,0.07533435389265097,0
0.0005567073323204845,-0.09884283009266405,0.7648365329460336,0.07540198561966134,0
-0.0002005159207894474,-0.09883124523970523,0.7427690250615082,0.03985558867770296,0
-3.173615639624818e-05,-0.09883264413574847,0.7488998014546919,0.04513323556904532,0
4.508159060285825e-05,-0.09883040586085728,0.751677548753074,0.035026558860065754,0
-0.0001227474254681148,-0.09882833396806238,0.745061849605207,0.021958071154272608,0
7.183962476004304e-05,-0.09882891094541943,0.7528239610249234,0.026077800098350576,0
-0.000159061612307388,-0.0988295848978762,0.7439154373333576,0.030906829915987782,0
-8.304631845422045e-07,-0.09882759241593901,0.749965039308117,0.014509844392998072,0
-0.0003089987334113573,-0.0988266901493089,0.7366838290368702,0.006811196718031542,0
-0.0005416419006770879,-0.09882554779930124,0.725490810311097,-0.009611151083421884,0
-0.00042677398975004345,-0.0988260383884075,0.7310873196739835,-0.0013999771826951712,0
-0.0002058117976387839,-0.09882650567295133,0.7409237636520438,-0.0016260166251270383,0
-0.00032644533492184424,-0.09882617502575192,0.7353272542891572,-0.009837190525853752,0
-9.835857306951255e-05,-0.09882699309005537,0.7457760290239486,0.006936407174877539,0
-0.00021851576969109457,-0.09882741543165768,0.7408728393210386,0.014384633936152075,0
0.007611844388432928,-0.09890727698705519,0.8040739682388426,0.1922212148074821,0
0.00530029962168244,-0.09892623379863412,0.7953286545900994,0.17454267303518067,0
0.006295112214616234,-0.0988685788468047,0.8053329993500108,0.17528723581398384,0
0.005221664454993288,-0.09888285310629906,0.800850286541098,0.16619531033043922,0
0.003419725377910425,-0.0989232033736412,0.786109976239674,0.15670350144344378,0
0.004284287645038615,-0.09892788876503036,0.7907193154148867,0.16562308723931224,0
0.004291259204878117,-0.09888958330473267,0.7962409473658854,0.15727572453457078,0
0.0034697019156138555,-0.09889022318958998,0.7915199279158722,0.14807626999687454,0
0.002060241691742151,-0.09890393317007574,0.7769759035432068,0.1384792875763524,0
0.001098285097202281,-0.0988816501252578,0.7679085355550705,0.1197146098210665,0
0.001535058054017579,-0.09889255655083995,0.7724422195491387,0.12909694869870944,0
0.0016983451387885063,-0.09887413638048628,0.7778350115106035,0.12042842385228068,0
0.001274279196532438,-0.09886673368447542,0.7732589946820838,0.11080707696551782,0
0.00043481523012191796,-0.09886280049580431,0.7587678164733028,0.1010196658246432,0
-3.5711053601617215e-05,-0.09884922984864072,0.7491310404969707,0.08355263085517584,0
0.000374433722685199,-0.09884867219181752,0.7591282480151316,0.08372531424911926,0
0.00018226470200888997,-0.09884404638546,0.7548393254278728,0.07522930222571791,0
-0.0003349714474305955,-0.09883775524130967,0.7399380174540447,0.062545642032508,0
-0.0007230902378141334,-0.09883077254664561,0.724758138726904,0.04631953713753681,0
-0.0002611002106691088,-0.0988340344825251,0.7413535212577764,0.05120061535510548,0
-0.000544321555787493,-0.09883405064082706,0.7323480780904743,0.0544325895850224,0
-0.00045826554178872084,-0.09883128785053484,0.7337635818942061,0.043087562907619885,0
-0.0004932106993739216,-0.09882798803056922,0.7304021076990653,0.025864408978991896,0
-0.0007222307878762996,-0.09882543718486404,0.7187886348460115,0.010806896719839145,0
-0.0009527756026010654,-0.09882345178637307,0.7058396100249024,-0.008581083532169255,0
-0.0007511942095974056,-0.09882463166180264,0.7156652101679997,-0.00909611730779557,0
-0.0006265853321137906,-0.09882537764762954,0.7221397225785542,0.0005978728182086303,0
-0.0008376017936378332,-0.09882431943362692,0.712314122435457,0.001112906593834945,0
0.008973968921792029,-0.09879300328352436,0.8138765391953207,0.19310494555930552,0
0.007489443231336895,-0.09884338174601272,0.8097056561743824,0.18412650670013456,0
0.006420284143028897,-0.09891899335678275,0.799701311414471,0.1833819439213314,0
0.0021964218684109465,-0.0988811279777971,0.7823686955046716,0.12981076272992362,0
0.00278281168858337,-0.09888674809156046,0.7869528915676386,0.13896416306332884,0
0.0026823036146917272,-0.0989143736531496,0.7815429398914404,0.14759139450989808,0
0.0006263953882558984,-0.09885393638955797,0.7639466360032976,0.09245883173385294,0
0.0001779471227820888,-0.09885557193005738,0.7539494284851367,0.09228614833990952,0
0.0009241213925146287,-0.09885991689343279,0.7686886351411999,0.10145960496730616,0
0.0007348400614939576,-0.09887169354590987,0.7633381760141866,0.11036713782285484,0
-0.0002013409573021106,-0.09884285578397334,0.7445345289755076,0.07304913644384192,0
8.216366637684626e-06,-0.09883915022925775,0.7502428139064099,0.064725807814384,0
-7.956019153336332e-05,-0.09883598508255702,0.7474842976509602,0.056478262246447836,0
-0.0003537325666041311,-0.09882953289230922,0.7365855663802867,0.03285999882834743,0
-0.0005988988632632744,-0.09882920136305426,0.7275801232129846,0.03609197305826435,0
-0.00030716542077167784,-0.09882828735629329,0.7377319786521361,0.023911240066632252,0
-0.00039577118978247685,-0.09882720537583019,0.7335429683679677,0.016337802848511718,0
-0.0005167412295102467,-0.09882621149347705,0.7277362319414409,0.008809046718935343,0
-0.0006113869410656087,-0.09882660808502493,0.7245953712725384,0.01833565284941552,0
0.005085918102743162,-0.09906928410481194,0.7844324567857922,0.1909215934450424,0
0.0030722795944773396,-0.09901964824850863,0.7753583478492236,0.17346399582915933,0
0.003289959096554215,-0.09896547571938924,0.7807341620444488,0.16508374863630154,0
0.004214357839591675,-0.09897851502999769,0.7853435012196615,0.17400333443217,0
0.004024394510415998,-0.09904470514503237,0.779895402317508,0.18219279463710086,0
0.005278012444945506,-0.0989858701363053,0.7898805556879458,0.18273213324011153,0
0.006599409603199811,-0.09897998489026426,0.7942532125123174,0.19157140412626225,0
0.0015769841167247375,-0.09896884041011876,0.766256983306272,0.15589231974332354,0
0.0005535352038072778,-0.09892150216900278,0.7572048176484498,0.1372589293668244,0
0.000861564723994344,-0.09889972754039904,0.7625566766017602,0.12848676959394545,0
0.001313168329593279,-0.09891560918090088,0.7670903605958284,0.1378691084715884,0
0.001012333261156477,-0.09894371475888741,0.7617309004773609,0.14657562455507397,0
0.0018601644772738744,-0.09893281031748656,0.7716164434247395,0.14718580365983797,0
0.0025180819210208123,-0.0989500247489449,0.776183479772973,0.15629791059338366,0
0.0022548537664082787,-0.0989940156022195,0.7708076655777478,0.16467815778624145,0
-0.00011393686997482048,-0.09888585275922362,0.7481317524918674,0.11848790927277728,0
0.0004920166925384289,-0.0988856375413106,0.758020144023469,0.11910125954692188,0
0.00018256466626601658,-0.0989021962498243,0.7526682850701586,0.12787341931980084,0
0.00018962074230605234,-0.09887347739243309,0.7534497844825851,0.10975378754871024,0
-0.000552182086018415,-0.09886191286970426,0.7388095412162095,0.10070557715616087,0
-0.0003578963871759155,-0.0988728192995669,0.7434706468540384,0.10959674321446908,0
-6.00863040927292e-05,-0.09886357403416833,0.7487886788447562,0.10086262149040204,0
-0.00027105549383721534,-0.09885524165098049,0.74397029085659,0.09212910400566834,0
-0.0008444320783678857,-0.09884563244086797,0.7291095422657278,0.08327366183558806,0
-0.0007154385260996942,-0.09885297954831407,0.7339595417409686,0.09198961949587446,0
-0.0004443640186298734,-0.09884819317109221,0.7391202913813493,0.08341314634538194,0
-0.0005662304868223977,-0.09884148465511147,0.7345237798598863,0.07290965193404803,0
-0.0010700497579354078,-0.09883437387419627,0.7180009347332234,0.06573796341427485,0
-0.0012731304586734468,-0.09882666934276045,0.7047036313009019,0.048614116526316704,0
-0.001182296199910777,-0.09883008880591554,0.7113522830170627,0.05717603997029577,0
-0.001003467022840161,-0.09882901501149134,0.7147308850139029,0.04746682683192675,0
-0.0008826791666653811,-0.09883245365790805,0.7213795367300637,0.05602875027590583,0
-0.0007039154621413948,-0.09883667655341273,0.728969476093634,0.06414180272339143,0
-0.0009705323004619063,-0.0988394081691458,0.7235552384994756,0.07450581262493144,0
-0.0009654622492041847,-0.09882587064913097,0.7114697345204074,0.029724183645312194,0
-0.0011541924874112887,-0.09882252577609145,0.6983181984045541,0.011412188648222568,0
-0.0010622703927162956,-0.09882400907541017,0.7048939664624807,0.02056818614676738,0
-0.0008358724120972615,-0.09882559989364159,0.7151291846832095,0.02026554018257567,0
-0.0009445140634993605,-0.09882411976220566,0.7085534166252828,0.011109542684030856,0
-0.0010466665352693628,-0.09882293884790637,0.7020789042147282,0.0014155525580266566,0
-0.0013226957995246603,-0.0988204774820009,0.6862218560988166,-0.007038372750752153,0
-0.0012358698345978027,-0.09882140841124834,0.6922700272516853,0.0021869079487352072,0
-0.00114412688788371,-0.09882205130405344,0.6960307330618595,-0.007809728141460704,0
-0.0011078316951005473,-0.09882626125238045,0.7080866829106547,0.03916915008581445,0
-0.0008519732589684985,-0.09882809180542629,0.7181139366236557,0.0380218603914245,0
-0.0007313792097602761,-0.09882714230532669,0.7209359211097364,0.027794296312152043,0
0.0022391430872082518,-0.09917447178696133,0.7647624404709625,0.1901715774472619,0
0.0006879018619757084,-0.09906330008171627,0.7556069580964688,0.17278888294228992,0
-0.00031414866034273485,-0.09897793751988204,0.7467488643300346,0.1549937832824753,0
-0.0009322257821030437,-0.0989158756344866,0.7376551135442145,0.1361541886121993,0
-0.0006658889903985342,-0.09894368598871688,0.7422019889371245,0.14557398594733728,0
-0.00019630359069033328,-0.09892155102742395,0.7474299655963321,0.13670655898951184,0
0.000170407568413029,-0.09894755441975152,0.7519768409892422,0.14612635632464985,0
0.0006318757905681463,-0.09897809304901364,0.7565029238181533,0.15544305151289942,0
0.0011919215256295504,-0.09901181536173494,0.7609319707013704,0.16434060134280673,0
0.0018909964178510307,-0.09904887366169121,0.7654826529728462,0.17312643938572464,0
0.0027406676309932763,-0.09908811186439657,0.7700603941600931,0.18181778663821063,0
0.0038089128698735528,-0.09912659481056224,0.7745974486283773,0.19054658544615216,0
0.001395614458754628,-0.09911538750349383,0.7601846992837157,0.1814802301947759,0
0.00012846323818533712,-0.0990170642477426,0.7511779112132517,0.1638913331123826,0
-0.00048218400574674496,-0.09890009114603637,0.742893433018041,0.1273210489424883,0
-0.0012933206400688327,-0.09887631516774525,0.7283274446747894,0.11782408661012941,0
-0.00149738966725918,-0.09885192260022278,0.718795232526196,0.10041525114973401,0
-0.0008911868788191232,-0.09886903030180401,0.7335684929454994,0.10926483188314515,0
-0.0014134992301373796,-0.09886273770666572,0.7235613386004927,0.10911966887993171,0
-0.0010344946756942865,-0.09885794387464837,0.7288023868712028,0.10056041415294745,0
-0.0011460990791519576,-0.09884892184603462,0.7239523873959619,0.09184445649266104,0
-0.0016025435908896594,-0.0988367139338229,0.7089816281732991,0.08337000458019751,0
-0.0012336961602171877,-0.0988417613623354,0.7190455852195135,0.08332183320789278,0
-0.0015615570718232469,-0.09884340381803952,0.7138884303497476,0.09189262786496577,0
-0.0007122705190301599,-0.09888280958699314,0.7382295985833284,0.11815599794145334,0
-0.0011409958047676545,-0.0988939146608656,0.7329912791095019,0.12698913761116437,0
-0.001317222268496278,-0.09883568940091457,0.7134912814532612,0.07455398399723617,0
-0.0017145207618634388,-0.09882639527829193,0.6964875375971308,0.06656257834042857,0
-0.001775417252142907,-0.09882029438657386,0.683558654525049,0.0502123707169623,0
-0.0017514025908020006,-0.098822918549435,0.6900230960610899,0.058387474528695436,0
-0.001478602226993926,-0.09882668698787397,0.7005955844490164,0.05758834743337264,0
-0.0014041101553599019,-0.09883074056918358,0.7072442361651771,0.0661502708773517,0
-0.0016697921075189677,-0.09883088608379076,0.702734582885215,0.07496629146031304,0
-0.001536035917863738,-0.09882364159786729,0.6941311429129755,0.0494132436216395,0
-0.0014245963736679785,-0.09882175670331006,0.6909578681939086,0.031735626628520204,0
-0.001202941337342304,-0.09882397318090477,0.701213801357158,0.0307299051369162,0
-0.0012784264833955174,-0.09882216415490475,0.6946380332992313,0.021573907638371387,0
-0.0015148717368939535,-0.09881896798214536,0.6787457798847798,0.013172270981578945,0
-0.0016316575607641082,-0.09881704835589344,0.6666411767076322,-0.005079055959477346,0
-0.0014104197872507637,-0.09881972843253851,0.6824838179917982,0.0030669491154133957,0
-0.0015682428752324628,-0.09881795826510721,0.672693478296206,0.0040466075110508,0
-0.0014860645330024617,-0.09881878939044637,0.6764315164032244,-0.00605871435511475,0
-0.0013546451846391087,-0.09882392173653934,0.6978307497474052,0.040174871577418454,0
-0.0015872763983944221,-0.09882115753651154,0.6872582613594789,0.04097399867274125,0
-0.0014682170387619864,-0.09882019513745703,0.6848518240393442,0.022453948805049573,0
-0.0013427836805447572,-0.0988208141858978,0.688531989144667,0.012292229814900756,0
-0.0007504002164110183,-0.09919690779204253,0.7450787942757616,0.1900191158835712,0
-0.0017063733749330772,-0.0990459720808947,0.7358694921478711,0.17207263561103545,0
-0.00209965380153145,-0.09894756706124151,0.7273261540147253,0.1529754921443795,0
-0.0019435689291092055,-0.09899058581269181,0.7315978230812983,0.16252406387770746,0
-0.0012302553284728045,-0.09896661839476345,0.73703750917238,0.1539846377134274,0
-0.0009387729361592414,-0.09901075734063211,0.7413091782389529,0.16353320944675537,0
-0.0005193413448590632,-0.09906223087634748,0.74573822512217,0.17243075927666268,0
5.047712694353572e-05,-0.09912515138878243,0.7503428761861153,0.18140399941293056,0
-0.0013029348843344927,-0.09911332463849343,0.7404741432118164,0.18104587574730333,0
0.0007743034412500064,-0.09919672408990436,0.754920617373362,0.19009534666541655,0
-0.001464327256012402,-0.09893170714590378,0.7324906337794699,0.1445648403782894,0
-0.0023084909178288393,-0.09888956802460838,0.7180920349886939,0.13489522964778616,0
-0.0023743128289674805,-0.09885528917855432,0.7084989708105549,0.11745123780307878,0
-0.0018511530086043778,-0.09886700308958159,0.7184132077426721,0.1176376622066041,0
-0.0019039410314331832,-0.09885421373281239,0.7136471016683754,0.1089332444764064,0
-0.002330975959654744,-0.09883542139764437,0.6988237996456856,0.10005715117430149,0
-0.0023631970668323136,-0.09884394400161758,0.7036613852281203,0.10875419448869014,0
-0.0019314529757320526,-0.09884424579463848,0.7088095160859409,0.10023620116201776,0
-0.0019430615899064753,-0.098836612377653,0.7039027139094924,0.0917135778772495,0
-0.002284697354677492,-0.09882397949660869,0.6882064276563573,0.0839405139237589,0
-0.0022333377057049786,-0.09881691654570494,0.6754739444213731,0.06750039802102369,0
-0.0019904164606593866,-0.09882172863457403,0.685980741009252,0.06703148818072613,0
-0.001989808100677979,-0.09881889529026931,0.6795162994732111,0.058856384368992994,0
-0.002147585322541582,-0.09881356370934086,0.662579629824785,0.05084994764391292,0
-0.0017899192786225288,-0.09881703055783252,0.6713363482509416,0.033578299858890194,0
-0.0017977413914669867,-0.09881517177846783,0.6589992760273542,0.01442489760751196,0
-0.0017885311324354575,-0.09881599726712706,0.6651678121391479,0.024001598733201075,0
-0.0016399938026589573,-0.09881810789886855,0.6750410640678607,0.02337528542023457,0
-0.0016675200225033883,-0.0988170535997807,0.668872527956067,0.013798584294545453,0
-0.0017061320110182852,-0.09881616369400827,0.6628202263674932,0.004672920824017306,0
-0.0018596401323970517,-0.09881367992445647,0.6470924211699886,-0.002822556882882033,0
-0.00182215949355375,-0.09881443093322104,0.6530458485986714,0.005801170362314963,0
-0.0017570184665564523,-0.09881532257817345,0.6568667989388104,-0.0039508064211796895,0
-0.0016403780369569235,-0.09890485576642424,0.7278735742664542,0.13552470912999273,0
-0.0022325391008301046,-0.0989149120447012,0.7227090945017096,0.14393536089608283,0
-0.0017600572971579794,-0.09888339759100377,0.7232097398317416,0.12635965812895777,0
-0.002359872932206133,-0.09887018122607363,0.7132955028996244,0.1261732337254325,0
-0.0019600601558380937,-0.09883065123128704,0.6985940279148282,0.0836552592519782,0
-0.002315629650152018,-0.09882885780625948,0.6935151136510215,0.09199883254903019,0
-0.0019808250712079266,-0.09882555048041207,0.6923469826267441,0.07525154613209373,0
-0.002265736983289328,-0.09881983312236195,0.6818401860388652,0.0757204559723913,0
-0.001957705175108751,-0.09881551292052279,0.6669579890378633,0.04221412375140156,0
-0.001977942736726969,-0.09881686524756156,0.6730691421749171,0.050531159180437615,0
-0.0017834591161540834,-0.09881842781290533,0.6774475013879953,0.041895335287926244,0
-0.0016178828372362315,-0.09881943509915564,0.6811471082224251,0.0326569632437052,0
-0.0021922453571864044,-0.09881489933120438,0.6690267871230791,0.0591751728324683,0
-0.0036919895765083087,-0.09913101850054166,0.7253997900510565,0.1904740301919498,0
-0.003993187949297492,-0.09897363689672772,0.7155546096186087,0.17162035005418996,0
-0.003700838398124649,-0.09889500322065001,0.7078639303455402,0.1520852733913112,0
-0.0038585818215834595,-0.09892828669216522,0.7117092699820744,0.16185281172275057,0
-0.0029593595525050824,-0.09896305769317702,0.721440381816667,0.16229792109928473,0
-0.002879320513186079,-0.09901599562276912,0.72571205088324,0.17184649283261272,0
-0.002623223102130386,-0.09908752008119918,0.7306346410994637,0.1812733329014926,0
-0.003918958045033644,-0.0990401993535547,0.7204771998348326,0.18104719012306988,0
-0.002310327244719192,-0.09917283904381306,0.735239292163409,0.1902465730377605,0
-0.00293171473633713,-0.09892376997836441,0.7175950421801327,0.15253038276784536,0
-0.0029517631449824393,-0.09889393183672084,0.712977982667117,0.1434902515195487,0
-0.003544592921672306,-0.09885069336324717,0.698185416541937,0.13459970366132235,0
-0.0029542547022579553,-0.09887134668638178,0.7081387257653154,0.13474746665455425,0
-0.0029189308074908473,-0.09885445213953686,0.703342193676246,0.12602547073220055,0
-0.0032949391366590966,-0.09882757966126722,0.6885053632663868,0.11719955875656687,0
-0.0027822132253461813,-0.09883263269231723,0.6936645814560363,0.10862835496543419,0
-0.0028601508077567605,-0.09884185376857357,0.6985021670384708,0.11732539827982283,0
-0.0034277695433923673,-0.09883716633437349,0.693345389904162,0.1258996312089446,0
-0.0036394786733730585,-0.09886944910801142,0.7030246734437386,0.14334248852631676,0
-0.003020142085021167,-0.09881644990778185,0.6788177167663955,0.10020916446973559,0
-0.0031601920355879658,-0.09882093843584433,0.6836615400163911,0.10870436161315122,0
-0.0026979625407859585,-0.09882601051142297,0.6888207582060406,0.10013315782201854,0
-0.0026315161731161403,-0.09882093740026864,0.6835120722113763,0.09207483919674725,0
-0.0027960729897185833,-0.0988104142289315,0.6670220073980286,0.08363928297686254,0
-0.0025869074348879905,-0.09880826857949385,0.6549546382556336,0.06802268864127044,0
-0.0026924077181958504,-0.09880897549294974,0.6609883228268312,0.0758309858090665,0
-0.002430012756548643,-0.09881238192323766,0.6652142913385033,0.06776154333114706,0
-0.002499177850192592,-0.09881413498746637,0.6712479759097009,0.07556984049894311,0
-0.0025641624983289285,-0.09881701161175818,0.677614217527193,0.08378989845031072,0
-0.0029117650511657394,-0.09881270840624236,0.6729198620822121,0.09192422372329906,0
-0.0023534817640766454,-0.09881124855568717,0.6587671340402093,0.059436318142591676,0
-0.0023852326634026125,-0.09880806610949767,0.6425421973577393,0.05235649897376762,0
-0.002053322218933969,-0.0988123866156629,0.6511449814470395,0.03450899784861517,0
-0.001936143434829614,-0.09881461958362747,0.6612406648489906,0.03404364885375268,0
-0.0019131652904309884,-0.09881394081207812,0.6550721287371968,0.024466947728063564,0
-0.0019871916506287346,-0.09881176893988379,0.6393357674235621,0.016696865552129025,0
-0.0019873787886120794,-0.09881090752162949,0.627563049044461,-0.0004039112125251166,0
-0.0019141225525358286,-0.0988128131810333,0.6432140942967753,0.006937154334623496,0
-0.001978950034191447,-0.0988113943614038,0.6334494082340116,0.008146477169801955,0
-0.001937154814795609,-0.09881218826431583,0.6373277351072248,-0.0016132340477035749,0
-0.0022837087529593604,-0.09881062452611929,0.6525609135912622,0.051603223308840276,0
-0.002097201861513107,-0.09881285775275202,0.6568623056359122,0.04267947274626405,0
-0.002208060774816789,-0.09881046030836341,0.6468435894023894,0.043432748411191394,0
-0.0024841657132430124,-0.0988080068778853,0.6487484178066865,0.06018959380751903,0
-0.0020131034758562134,-0.09881206820838918,0.6452403744353008,0.025602931700372096,0
-0.001905850253532966,-0.09881338255694735,0.6491675217254582,0.015560881579820492,0
-0.0063992068475145145,-0.09899312990157692,0.7057425391897695,0.1915070909240959,0
-0.005246110203750635,-0.09906093046058995,0.715571164620413,0.19099056055802285,0
-0.005129298218353839,-0.09898550201687249,0.710648574404189,0.18156372048914293,0
-0.0060829724021181615,-0.09885818369190559,0.6934933221709416,0.17132333407631029,0
-0.005071564130375984,-0.0988290421240403,0.6878673645485108,0.1517148405208172,0
-0.00442929126365151,-0.09886267207297023,0.6978656474470255,0.1519000569560642,0
-0.004800926748923498,-0.09888382423160026,0.700678626258241,0.16170430373381073,0
-0.005553724945844657,-0.09884074634595068,0.6906803433597262,0.16151908729856373,0
-0.005094084865324626,-0.09891906767156829,0.7045239658947752,0.17147184206525012,0
-0.00632847051613101,-0.09890964374073026,0.6996179306803556,0.1814152125002031,0
-0.004259159852330999,-0.09884274348343113,0.6930263905452239,0.14315727209106976,0
-0.004521640885763059,-0.098807382117038,0.6781890582833152,0.13421721351189048,0
-0.003981332609470644,-0.0988000583741217,0.6685088548893827,0.11684655510244854,0
-0.004248786637954491,-0.09880250158372751,0.673348956586349,0.1255318843071695,0
-0.0036699050193258692,-0.09881335825652411,0.6785071090778847,0.11702305692950771,0
-0.0038721928027949807,-0.09881947338654129,0.683347210774851,0.1257083861342287,0
-0.004070054075872425,-0.09882886343865581,0.6881872374126261,0.1344084585866064,0
-0.004798969479212884,-0.09881574097815059,0.683028211415913,0.14296602701635386,0
-0.003475197791322423,-0.09880954488602195,0.673663285827889,0.10852785978609206,0
-0.0034932733122589915,-0.09879931505889049,0.6588208075144639,0.09989645911700178,0
-0.003732057230892313,-0.09879914744921002,0.6636648312019233,0.10837150710972515,0
-0.003284079775910963,-0.09880738101567034,0.6688192621404296,0.10005281179336868,0
-0.0031261230432082948,-0.0988055851722364,0.6629214074562463,0.09176787104693215,0
-0.0031292893662138474,-0.09879980683708886,0.6471245813161274,0.08458692345861957,0
-0.0028432537548830046,-0.09880451519008553,0.6510396097858805,0.076304806049945,0
-0.002985710630769986,-0.09880469929923445,0.6570732943570781,0.08411310321774106,0
-0.0033103495900813798,-0.09879919875644257,0.6529726944152956,0.09224169128781068,0
-0.0027849159781870567,-0.09880202707869636,0.6349854731210164,0.06920303114911691,0
-0.0024875105356981842,-0.09880443221618496,0.6226815932702994,0.05445992412736466,0
-0.0021994015907987135,-0.09880880578445946,0.6313537851871222,0.03620289792210027,0
-0.0020577112034553917,-0.09880939123784437,0.6198611451438731,0.018270857894101444,0
-0.0021186041801965223,-0.09880918057955554,0.6256074651654977,0.027236877908100858,0
-0.002081822762865121,-0.09881045338911726,0.6353447763053421,0.02644988173711465,0
-0.0020373576882462712,-0.09881043257221889,0.6295984562837176,0.017483861723115234,0
-0.002013773605123743,-0.09881024281921579,0.6237120970941671,0.008933473340788164,0
-0.0019985664541383743,-0.09880917094107525,0.6080361262103086,0.0020337544770155213,0
-0.0020198955771573985,-0.09880936222042212,0.6139486356770909,0.010152306185558482,0
-0.0020083720497595975,-0.09880988959427194,0.6177995876273847,0.0008149216322452023,0
-0.002573104079365507,-0.09880534743839556,0.6387638352393779,0.06077976506144227,0
-0.002632003439112248,-0.09880323263810167,0.6288335331956578,0.06183147763824079,0
-0.00245513595377955,-0.09880596156515967,0.6326118953140194,0.053408211550566145,0
-0.0022861297700022946,-0.09880843828251701,0.6369479912724307,0.044279698447933946,0
-0.0023328661429643455,-0.09880682069092703,0.6270176892287107,0.04533141102473247,0
-0.002706816765350739,-0.09880478123022125,0.644970055688325,0.06861285989519367,0
-0.002953790252850769,-0.09880079369597686,0.6410550272185719,0.07689497730386824,0
-0.0021422732477880467,-0.0988104272941299,0.6412493833170808,0.035355947885357716,0
-0.008705838805151172,-0.09881699239850647,0.6861187615548019,0.1930527247722307,0
-0.008221677405419441,-0.0987302233620012,0.672432852450111,0.1777378515295086,0
-0.008565522629870245,-0.09875826349107758,0.6792758070024565,0.18539528815086964,0
-0.007179699722732366,-0.09879833999846599,0.6829630873105264,0.17453059280290945,0
-0.007339881376401042,-0.09884027650213986,0.6898060418628718,0.18218802942427048,0
-0.007848175073283004,-0.09888880504893793,0.6959306503722857,0.1922799078481633,0
-0.0065077119481381585,-0.09878306673593576,0.6772547535243356,0.16268197175290336,0
-0.005768962229841849,-0.09880874414135113,0.6825610590364233,0.15719840613686029,0
-0.006349943217295299,-0.09881599446599504,0.6853740378476386,0.1670026529146068,0
-0.007316255128617072,-0.09876056601181694,0.6748438029872232,0.17020991164120597,0
-0.006029422838119174,-0.09876715315180247,0.6678798271622375,0.15085537422293277,0
-0.005179149339213439,-0.09877050639489023,0.6581935358985176,0.13381324224074864,0
-0.005594883309686542,-0.09876781168142271,0.6630366815303775,0.1423343082318407,0
-0.0048926163591252805,-0.09878755612192475,0.6681912970909164,0.13401522787631956,0
-0.005236236830807476,-0.09879035705257345,0.6730344427227763,0.14253629386741162,0
-0.00560206554621759,-0.09879650543817141,0.6778735958553741,0.151285107371875,0
-0.006276348514396948,-0.09877308932217038,0.6725672903432866,0.15676867298791808,0
-0.004550562872564166,-0.09878725648624127,0.6633511953939502,0.1253298986715986,0
-0.004400407079042672,-0.09877901949247313,0.6485131096517137,0.11652303149849809,0
-0.0037476816770969285,-0.0987875668158027,0.6388216244768745,0.0998256329051801,0
-0.004062371112119703,-0.09878334860147675,0.6436673670642941,0.10817433220183909,0
-0.003926504367107062,-0.09879030847213645,0.6536669585830888,0.10820974530774993,0
-0.0036499127560505407,-0.09879259014891831,0.6488212159956692,0.09986104601109094,0
-0.003425289100559107,-0.09879424305258715,0.6429731028965009,0.09220627818189983,0
-0.0032697496399095843,-0.09879351334760102,0.6277845012253922,0.08556147102315143,0
-0.003503376834732927,-0.09879054865353672,0.6333030628511334,0.09269355196416576,0
-0.003223142000010128,-0.0987960721657115,0.6374545412707597,0.0850741972408855,0
-0.0030146545772337884,-0.09879814807872797,0.6313849871732042,0.07738225108613417,0
-0.0028471797902118643,-0.0987986076036849,0.6148082503275519,0.07191637461156204,0
-0.0024254705944042857,-0.09880346657479595,0.6028815677321753,0.05599297726848779,0
-0.0022086561890366442,-0.09880686649409608,0.6115067960933476,0.037608386376357286,0
-0.002221331442793516,-0.09880761049748958,0.6214302906402349,0.03690564214922878,0
-0.0021228353460804703,-0.09880826033288108,0.6156839706186104,0.027939622135229367,0
-0.002006861430147188,-0.0988082444935362,0.5999906583054978,0.020767796158331,0
-0.002098025997325977,-0.09880768116024051,0.6057487271994226,0.029188091267344143,0
-0.0020489634063474162,-0.0988086370095377,0.6099259017246854,0.01951932702621622,0
-0.0019938705114497363,-0.09880879341117522,0.6040133922579032,0.011400775317673261,0
-0.0018824966242581313,-0.09880869239211547,0.5884941831950843,0.0043463858265943974,0
-0.001956789185410008,-0.09880877252328188,0.5982651547026965,0.0031900701518049594,0
-0.001935670927856934,-0.09880856691962296,0.594242420750291,0.012557090992462699,0
-0.004225985055414633,-0.09878840929111607,0.6585109822705482,0.11668479330047332,0
-0.004777544556919774,-0.0987745123365882,0.6533533227751156,0.12516813686962336,0
-0.0028387414463863464,-0.09879984367559429,0.6248968617242842,0.07055970288033947,0
-0.0026565278795704114,-0.09880174652468646,0.6187449217989256,0.06318814936946335,0
-0.0026266124502584607,-0.09880125130108676,0.6088449090298635,0.06395467594002491,0
-0.0024759589870688653,-0.09880361929870475,0.6127815805012373,0.05522645069792623,0
-0.002338280783832253,-0.09880578152753461,0.6170941946818235,0.04603415525186097,0
-0.0023080343440307067,-0.09880527928470925,0.6071941819127614,0.04680068182242254,0
-0.0030552163349289365,-0.09879609945494111,0.621296375776472,0.07873892281735673,0
-0.010477237030345785,-0.0986449041775482,0.6665320285254098,0.1950146595390509,0
-0.009491754894545127,-0.09862367238656776,0.6531431929966549,0.18097954663326613,0
-0.010080760039340305,-0.09861978968963096,0.6598376107610324,0.18799710308615852,0
-0.008905258717957276,-0.09867515211984311,0.6627880227233829,0.17935869908138735,0
-0.009343467534014724,-0.0986883495244497,0.6694824404877604,0.18637625553427975,0
-0.00996075216991533,-0.09869839427365182,0.6763253950401058,0.1940336921556408,0
-0.007494782404944929,-0.09871144345093848,0.6587574847738586,0.16411855495468397,0
-0.008437477289071385,-0.09867317737071708,0.6559503388852568,0.17254905079397503,0
-0.007877105435068518,-0.09871651322733456,0.6655951686119848,0.1709282032420963,0
-0.007051532468735682,-0.09874507205520094,0.6680061191490971,0.16340026335379365,0
-0.006737088129206009,-0.09874206012662334,0.6633186559680481,0.15748696458880837,0
-0.006564330716079526,-0.09872410734677789,0.6478910917187796,0.15006460149880557,0
-0.005843675381405119,-0.0987497609895739,0.6530423138086485,0.1419389218697771,0
-0.006351041304648635,-0.09874266782347155,0.6578854594405086,0.15045998786086917,0
-0.007027270429357184,-0.09871655959411255,0.653324288246319,0.15709157822674477,0
-0.005493120604955719,-0.09874787879626962,0.6381960791782052,0.1334636216910047,0
-0.004530586354377588,-0.09876862310752357,0.6285242267812293,0.11613490362004647,0
-0.003751817308874257,-0.09878353805386578,0.6188357488491657,0.09943837000604375,0
-0.004123809987330521,-0.09877666165930438,0.6236799878151975,0.10778663681304511,0
-0.0041257329912081425,-0.09877879680081529,0.6336729256290519,0.10798026826261328,0
-0.0037794883448774726,-0.09878456183759597,0.6288286866630202,0.09963200145561192,0
-0.0035046047425249935,-0.09878875342277209,0.623310125037279,0.09249992051459759,0
-0.0031742651294049385,-0.09879298643261449,0.608437570984675,0.08513117299669093,0
-0.0032455493906117586,-0.0987926216464647,0.6181110361050336,0.08534632200992118,0
-0.0030047611049954905,-0.09879592313673213,0.6116229106561135,0.07852377380412648,0
-0.002684130739864679,-0.09879986752302264,0.5996031206537892,0.07027839401719221,0
-0.0022703459923583053,-0.09880439655881924,0.5842650985775548,0.060092920146880294,0
-0.0024781937051033746,-0.09880223113612231,0.591934109615672,0.06518565708203625,0
-0.0025463775796171224,-0.09880179532308384,0.6012423441929822,0.06313568564284,0
-0.0023655615545165095,-0.09880363505546715,0.593573333154865,0.05804294870768404,0
-0.0020866841407145356,-0.09880667274904306,0.5918084668321765,0.03967320601061985,0
-0.0020378573310842803,-0.09880752675466026,0.5958995625688371,0.030220501084475423,0
-0.002165107692682663,-0.09880654385377814,0.601657631462762,0.038640796193488564,0
-0.002245304604594711,-0.09880527283909729,0.5973450172821759,0.04783309163955382,0
-0.0021674137832234266,-0.09880558308626738,0.5880367827048656,0.04988306307875007,0
-0.004924859137759922,-0.09876493177757983,0.6433545944149595,0.1249933265947514,0
-0.0049913685141511266,-0.09875892816432566,0.6333601529797173,0.12479926265552559,0
-0.004501501838903687,-0.0987723528569631,0.6385186682164715,0.11632896755927227,0
-0.005380212032997773,-0.09875707597380182,0.6481948075383615,0.13363843196587666,0
-0.0060103361774958,-0.0987363586748549,0.6430435854484924,0.14176411159490515,0
-0.003452771997709549,-0.09878859510279447,0.6136366599169203,0.09228477150136734,0
-0.0027774056409396526,-0.09879900479066805,0.6072056854906706,0.07109738431437712,0
-0.0029169934512959686,-0.09879676765577669,0.6040203458192321,0.07770478350694157,0
-0.0018210577549684648,-0.09880852492422765,0.5802372801322988,0.022674224986934013,0
-0.0019432776543445909,-0.09880775638287342,0.5860228734822377,0.03117371549877693,0
-0.0019302980612400465,-0.09880822402197659,0.5901139692188984,0.021721010572632506,0
-0.0018437094373839153,-0.0988086619991441,0.5843657316636915,0.013510305406764206,0
-0.001637171453873965,-0.09880937790681243,0.5689231730649278,0.0063961107540769875,0
-0.0017756907543088774,-0.09880890908651059,0.578708678130006,0.0053712482903356925,0
-0.0017209201054865764,-0.09880903354869139,0.5745802265986133,0.014535167870505501,0
-0.011615872411439084,-0.09851731382913843,0.6469771203754761,0.1972732467138197,0
-0.010571978811455962,-0.0985689408396706,0.6500601566860655,0.18912639667354292,0
-0.011465632186840432,-0.09853491205934967,0.6567545744504429,0.1961439531264353,0
-0.010008105462930244,-0.09856767026883659,0.6336764715119738,0.18255431133682787,0
-0.008104269963749524,-0.09866134724131327,0.6399473677904438,0.16589215152582135,0
-0.009011402736046524,-0.09861922881102013,0.6368119196512088,0.17422323143132462,0
-0.008790191591125724,-0.09864136102261996,0.6465452803935494,0.17343584907954374,0
-0.009808251829205177,-0.0985907311670616,0.6434098322543144,0.18176692898504698,0
-0.010890440565726602,-0.09853096450197017,0.6403267959437249,0.1899137790253238,0
-0.007855927351062535,-0.09868253802286543,0.6493524262821513,0.16500535324025267,0
-0.007303686118629044,-0.09869560278417377,0.6439192297546117,0.15797837651231345,0
-0.006734560495556937,-0.0987050786774621,0.6278865059771152,0.15012323995691226,0
-0.006703008193382604,-0.098711144646192,0.6378887988479474,0.15009392072785893,0
-0.007402436749436041,-0.09868382460398789,0.6339169368837795,0.1580076957413668,0
-0.006094274688093144,-0.09872799651136151,0.6330412925776602,0.14179343082395848,0
-0.005453041242102936,-0.0987432603239059,0.6182140418325253,0.13305531409125254,0
-0.004374559821469038,-0.09877000939266814,0.6085632042820982,0.11567582240794856,0
-0.0035186119919244203,-0.09878710141369636,0.5989549939356933,0.09884415250044504,0
-0.002787268872916444,-0.09879841302206788,0.5891648953134859,0.08056325981924428,0
-0.002324261677467159,-0.09880460148648479,0.5716163312171233,0.07608023605019903,0
-0.002505347866113526,-0.09880185873140901,0.5867149969455203,0.07032808998306228,0
-0.0023021787646766243,-0.09880419714206529,0.577940714897339,0.06808657809853966,0
-0.002565984264726983,-0.0988014854845021,0.5803906132653046,0.07832174793472166,0
-0.005516110909083707,-0.09874329785668842,0.6282050605053653,0.13325946789112864,0
-0.006065059422865696,-0.09872580783914021,0.6230502739048203,0.14158927702408242,0
-0.004978329196698893,-0.09875663675136893,0.6233691343068772,0.1245951088556495,0
-0.004886939369022709,-0.09875798322550214,0.6133886230573118,0.12436556824960054,0
-0.004486998105055317,-0.09876790389628014,0.6185437155316638,0.11590536301399751,0
-0.004056236582601614,-0.0987769474103147,0.613699476565632,0.10755709620699616,0
-0.003662810622768998,-0.09878447212252064,0.6088953713924294,0.09914126125324439,0
-0.003924540712203621,-0.0987794828149152,0.6037590991088957,0.10725998745419679,0
-0.003345098615818327,-0.09878997265934586,0.6036962824601841,0.09198766274856798,0
-0.0029977611272409698,-0.09879539800504636,0.5988012331490804,0.0828472164079676,0
-0.003130093947423309,-0.09879350530191583,0.5940599446245896,0.08970370615984466,0
-0.0027399846822479773,-0.09879896794923532,0.5943840079836376,0.07542082691821825,0
-0.0018380160429691465,-0.0988084552940435,0.5629801732843349,0.05880301817836348,0
-0.0018124595167741098,-0.09880821065250864,0.5717041548758761,0.04081245091377424,0
-0.001810619136546256,-0.09880835274923644,0.5759707175040875,0.031743337950354125,0
-0.001966446690777848,-0.09880727300472675,0.5817563108540262,0.04024282846219704,0
-0.002024568306424789,-0.09880663747008199,0.5779846267267155,0.050452685530327265,0
-0.0018217336412473858,-0.09880821155357411,0.5673421640801055,0.04980773454606886,0
-0.0020716443759602773,-0.09880630743427962,0.5736226359309449,0.05944796916262189,0
-0.002064484176265573,-0.0988068525559907,0.567298252250729,0.06744162711428126,0
-0.0015073465227774644,-0.09880987973434557,0.5604273140953794,0.024294458471420206,0
-0.0016501922177971414,-0.09880918287714038,0.5660657344856277,0.032553454692597225,0
-0.0016791731747038316,-0.0988091028801778,0.5703322971138391,0.02348434172917711,0
-0.0015654172892863886,-0.09880963862026587,0.5646752435801536,0.015345284612748597,0
-0.0012718383037304765,-0.09881080545749524,0.5493157658073711,0.008058654882205248,0
-0.0013829727724562276,-0.09881038787198455,0.5548715399513753,0.016176556676812726,0
-0.0014684313461042185,-0.09881003610086493,0.5591194694361494,0.007227382818141118,0
-0.012062270272753766,-0.09846365447135717,0.6274414338011367,0.1996932485171144,0
-0.009946987015942464,-0.09856947357078776,0.6137008534356784,0.18442461928252207,0
-0.008196491055361292,-0.09864791834618054,0.6208487151645184,0.16706309547699685,0
-0.009074111021589629,-0.09861019541219745,0.6272625933382461,0.17480870340691235,0
-0.010039410366388609,-0.09856272296849374,0.623688662473826,0.18348946530967497,0
-0.009038104166604199,-0.0986114299722795,0.6172747843000984,0.17574385737975945,0
-0.012284257886305345,-0.09843620586029554,0.6372092770883064,0.19848324761546704,0
-0.011065704528795335,-0.09851171277213662,0.6305589526565553,0.19112377992697113,0
-0.011066727871513039,-0.09850891224755759,0.6205711436184076,0.19205893389981823,0
-0.008210083779611807,-0.09864977758419019,0.6303980414774811,0.1664776235014091,0
-0.007437079523727456,-0.09867862829242759,0.6243676105708168,0.15859316771695456,0
-0.006457889725376678,-0.09871418918593855,0.6078960470650946,0.14981445363747223,0
-0.005084584765256512,-0.09875542710824142,0.5982331264496492,0.13270207625301575,0
-0.003948217894349934,-0.09878142066639499,0.5886642071552888,0.11499803677860516,0
-0.0030372317814189313,-0.09879656241200184,0.5794881426239692,0.09660189091585893,0
-0.0024497640374917524,-0.09880759024525551,0.5598406758407283,0.09631624347707676,0
-0.002652351913836435,-0.09880127280103546,0.5755522369205462,0.08634106348302897,0
-0.0023914399948859275,-0.09880543417324385,0.5657285035289258,0.0861982397636379,0
-0.0027630601278216893,-0.09880192488107886,0.5696644092323487,0.09645906719646785,0
-0.005946051270998721,-0.09872897355633481,0.6130550444488099,0.14143488386436237,0
-0.006646510982546127,-0.09870642169745333,0.6178912765211049,0.14996884679719225,0
-0.007292661731148763,-0.09868397312215473,0.6143723811148065,0.15843877455723454,0
-0.005308450855568132,-0.09874745884474861,0.6082235841410872,0.13287869517213413,0
-0.004724327413180414,-0.09876255973825342,0.6033981653658738,0.12418894933048216,0
-0.004484229620634392,-0.09877009679933725,0.593448666802469,0.12385005651581046,0
-0.004191919990980937,-0.09877470522263122,0.5986137057186935,0.11533692959327686,0
-0.0037328444067729065,-0.09878392697340445,0.593809600545491,0.1069210946395251,0
-0.003298796294997527,-0.09879144236446696,0.5892215682798312,0.09772302170815197,0
-0.003463693380485424,-0.09879009934787703,0.584076174889629,0.10579996384723205,0
-0.005736229052167134,-0.09873713923239981,0.6030645867573718,0.141258264945244,0
-0.0029120165471787666,-0.09879721195656276,0.5843265189687276,0.0885825753675516,0
-0.0018165534938889367,-0.09881117796398552,0.5517023616607517,0.07760265597026646,0
-0.002088251325919008,-0.09880778539042451,0.5616593464389374,0.07684144601023274,0
-0.002109899192986743,-0.09880980143951792,0.5557715187507399,0.08695944972367162,0
-0.0018311084482113766,-0.09880941918011174,0.5573412674725433,0.06820283707431497,0
-0.0012935730442339788,-0.09881303923683614,0.540959678001927,0.060970287832792756,0
-0.0014080958919618987,-0.09881073113544177,0.551306379137763,0.04232918626942315,0
-0.0016109907850501617,-0.09880981062596639,0.557143276211049,0.050566102223893315,0
-0.001583410808477443,-0.09881072895898098,0.551969925643131,0.05988665300557812,0
-0.0013523675942202767,-0.09881164128409226,0.546133028569845,0.05164973705110795,0
-0.001539205170885907,-0.09881237523058929,0.5463310198313394,0.0692864719015296,0
-0.001625326978484253,-0.098809400893441,0.5615052670068196,0.041570818591598696,0
-0.0014541728676079676,-0.09881021783264092,0.5558668466165713,0.03331182237042168,0
-0.0010811966952949652,-0.09881169506179821,0.540510026408993,0.025663458419718226,0
-0.0012357358929348417,-0.09881129989216071,0.545908202773378,0.03399632234457069,0
-0.0013065179343370792,-0.0988107767803039,0.5504686702521862,0.024978958445569216,0
-0.0011712907893315194,-0.09881121680586952,0.544912896108182,0.016861056650961735,0
-0.0008082900124653225,-0.09881233066250286,0.5296732262121167,0.009231092628104365,0
-0.0009401107535155806,-0.09881201255976442,0.5350916263105548,0.017447275523911294,0
-0.0010504886026621845,-0.09881159914198416,0.5394944960097439,0.008644873755154808,0
-0.011793870729576609,-0.09849616352529582,0.6079079889629149,0.2021313692806051,0
-0.012376139583261224,-0.09842469601173974,0.6176747113820258,0.20091230889885975,0
-0.010911217033734034,-0.0985262443453568,0.6108044211992967,0.1932779942815636,0
-0.009462599032124177,-0.09861730870733651,0.5961733751292503,0.18670571850789142,0
-0.007675620314378012,-0.09867861049038108,0.6001373084288067,0.16725119384218598,0
-0.008524785900588637,-0.09865025555165499,0.5981553417790285,0.1769784561750387,0
-0.008759884321839276,-0.0986299867720039,0.6069190809322426,0.17583790656235404,0
-0.009748740158760778,-0.09858963256210485,0.6049371142824643,0.18556516889520674,0
-0.010661056208257292,-0.09855404455449701,0.6020406820460826,0.19441854389424826,0
-0.008000472912168922,-0.09865836942243833,0.6104930117966626,0.16715714465959142,0
-0.007049739454678356,-0.09869674104048513,0.6040166777469507,0.1585328237398291,0
-0.005819792283191452,-0.09874497124437309,0.5878919858762386,0.1497885986950315,0
-0.006700954595556903,-0.09871598941065152,0.5940146471525227,0.15851989626860874,0
-0.006183922996570119,-0.09872728843165482,0.5978940164706665,0.14980152616625186,0
-0.005452225915418162,-0.09874924411589546,0.5930625561629439,0.14124533747402362,0
-0.004416038243345307,-0.0987797628796555,0.5782683975184664,0.13226950843520563,0
-0.0050774352335654,-0.09876486500442742,0.5830801916973525,0.14102905356511858,0
-0.0047844102371500385,-0.09876649792008635,0.5882507619840578,0.13248579234411068,0
-0.00418479964202372,-0.098779686985247,0.5834663023368776,0.12363377260690539,0
-0.0033077013174919066,-0.09879860262778031,0.5687234319119242,0.11465595454299139,0
-0.002478653271510183,-0.0988171694098372,0.5487125635475044,0.11437120363459508,0
-0.0017152589491660746,-0.0988186397431626,0.539765607289422,0.09645574925809393,0
-0.001116146683556955,-0.098818044148034,0.5299535076621077,0.0790133455426209,0
-0.0017776112684435273,-0.09881416693371572,0.5457339844750868,0.08702920261418019,0
-0.0014820976185491374,-0.09881480892719906,0.5408279346614298,0.07830800075644367,0
-0.0013949021994791736,-0.09881856056645771,0.5348595574757649,0.08773454740035741,0
-0.0036542020608904898,-0.0987895370851757,0.5786938195336064,0.11482699566079828,0
-0.0031766210756022425,-0.09879680082519951,0.5741057872679467,0.10562892272942516,0
-0.0028495989280552126,-0.09880395625754952,0.5642820538763262,0.10548609901003408,0
-0.002913749262498441,-0.09880802728493214,0.5587179977297143,0.11451357908879323,0
-0.002475857976044183,-0.09881132409956479,0.5542766196941163,0.10534372355583592,0
-0.002069968967954361,-0.09881836067951413,0.5442390854184632,0.1054134764463445,0
-0.0020985082795410225,-0.09881332046263949,0.5498031415650751,0.09638599636758535,0
-0.003827984648427422,-0.09879070914727535,0.5734959147151952,0.1234627314890985,0
-0.0012130850034185452,-0.09881512887600923,0.5354565928320174,0.06999181668770683,0
-0.0006450862960683423,-0.09881657286850312,0.5196010506172136,0.061834689896878674,0
-0.0008837838320032231,-0.09881334791020092,0.5304509161233463,0.043567280054884826,0
-0.0011575272227560606,-0.09881210146564756,0.5408786476305547,0.04294823316215399,0
-0.001076229150442638,-0.09881329677938223,0.5357052970626366,0.05226878394383879,0
-0.0007701570851461531,-0.09881472249421597,0.52502598337028,0.05270098497588175,0
-0.0009793404086347848,-0.09881501897043786,0.5302803643095704,0.061402488864835715,0
-0.0008652188515380008,-0.09881737192722631,0.5247772791396607,0.07042401771974979,0
-0.000982233147360786,-0.09881239135003718,0.5354804712661696,0.034615369237301526,0
-0.0005632082721356902,-0.09881323508140714,0.5202557610911381,0.026522856161670907,0
-0.000716163374281274,-0.09881329780890584,0.5253533386072422,0.035045068108277865,0
-0.0008304561912408716,-0.09881254799053478,0.5303828937500656,0.026093157290694564,0
-0.0006828092130021777,-0.09881272012895805,0.5249644936516273,0.017876974394887637,0
-0.0002800030534482769,-0.09881330230583181,0.5100053200708449,0.009839378999125748,0
-0.000419366095368114,-0.09881322503084727,0.5151305405809915,0.018181117580398327,0
-0.0005497626098401311,-0.0988129190255109,0.5198392731414807,0.009535235813615057,0
-0.010824185205660407,-0.09860743699448517,0.5883592993452134,0.204443428867555,0
-0.008333156967706689,-0.09871568819241973,0.5767967271440559,0.18850576155322468,0
-0.006636156139461271,-0.09874428127475586,0.5780538726570218,0.16794226772731446,0
-0.007976444559159572,-0.09869060985855399,0.587113623893136,0.17732399311760294,0
-0.008947045169745857,-0.0986637960844112,0.5864850511366531,0.18760574003055805,0
-0.007434069192770265,-0.09873129451828927,0.5774252999005389,0.17822401464026957,0
-0.011736838513830724,-0.09850297578087677,0.5981336441540641,0.20328739907408006,0
-0.010212193598993467,-0.09860104745087585,0.5922663372372319,0.1955745736877232,0
-0.0095912308011559,-0.09866197009469674,0.5825780132446347,0.19647459521038985,0
-0.007220493032400367,-0.09870798426560327,0.5890955905429143,0.16759673078475024,0
-0.006230852640273495,-0.09874239792144456,0.5829729292666301,0.15886543321117297,0
-0.0048336595164391195,-0.09878907071143833,0.567887850170336,0.14949107765992192,0
-0.004634505657204305,-0.09878252857803402,0.5730781238444012,0.14088029304756378,0
-0.005363690485209845,-0.09876614654606282,0.5778899180232873,0.14963983817747673,0
-0.005678217422002268,-0.09877058705271048,0.5729708614136789,0.1587166726936182,0
-0.0035022070103328537,-0.09880926467068551,0.5582097290541296,0.1319813698803894,0
-0.003415702711659049,-0.09880252214505095,0.5634665804830269,0.12331866221169038,0
-0.002956443218345808,-0.09881427195959415,0.553461146300817,0.12317628675749223,0
-0.0023980377738259417,-0.0988362779540725,0.5382304921317999,0.13160142353680573,0
-0.0015109268707716845,-0.09883227804129116,0.5287086959121254,0.11400487664012847,0
-0.0008447382754200991,-0.0988268322647877,0.5189866947101855,0.09651863955774244,0
-0.0003493610802920725,-0.09882170798024378,0.5091789023773287,0.07908203275066553,0
1.520198057024632e-05,-0.09881765594408931,0.49954755814772717,0.06152398504700912,0
-0.0003000507756430574,-0.09881491836337637,0.5100726031747189,0.044083296703245574,0
-0.0004624394403329301,-0.09881569334452459,0.5148368268959662,0.052958993300062124,0
-0.0005976496582806868,-0.09881430041675761,0.5202617596490327,0.0438252883790652,0
-0.0004340548830579431,-0.09881395982136484,0.5151641821329285,0.03530307643245824,0
-1.246688365100999e-06,-0.0988138329410371,0.5000514826722053,0.02689016383760569,0
-0.0002851055964251459,-0.09881367480291306,0.5101536218816718,0.0267065099996383,0
-0.00014574894100778207,-0.09881430862646798,0.5050620429234621,0.035486730270425634,0
-0.003987061088010988,-0.09879433644988807,0.5682390632862979,0.1321254391577975,0
-0.004126124752327314,-0.0988011736879511,0.5630487896122328,0.14073622377015566,0
-0.002008294887531693,-0.09882542173934833,0.538710629729815,0.11418804013736178,0
-0.001630236065441793,-0.09882447532022881,0.5342371516007738,0.1052303129491112,0
-0.001152778662361108,-0.09882961101849723,0.5238476953111555,0.10526175809893545,0
-0.0012904578464145225,-0.09882331967175485,0.5293761509998038,0.09648719440791818,0
-0.000994848362370949,-0.09882187545014848,0.5244701011861466,0.08776599255018167,0
-0.0005784773368332145,-0.09882416638500342,0.514082798543757,0.08780033615420399,0
-0.0007390108763190091,-0.09882031865457638,0.5195662050197182,0.07904768914664322,0
-0.0005079778588756155,-0.09881885041068027,0.5143899764972711,0.0704583613237721,0
-0.00015446786884415101,-0.09881951661681362,0.5043632302625279,0.07030300889883732,0
-0.000317149741617881,-0.0988174099298386,0.5095743043824704,0.0616793374719439,0
-0.0001504735735030721,-0.09881614552327428,0.504810080661223,0.052803640875127345,0
-0.002455874969231421,-0.09882519892602026,0.5434715278396521,0.1229863135857004,0
-0.0019220811042598932,-0.09883466330169621,0.5334695940219627,0.1228031500884671,0
-0.0029697642906771756,-0.09882351956974604,0.5482201105929647,0.13179139670859757,0
-0.0001402112697702449,-0.09881350071106003,0.5050284013715252,0.01836477141836572,0
0.00027114503344666154,-0.09881330960275828,0.49032807981641835,0.009844545911222385,0
0.00013453883461285394,-0.09881350298266843,0.49518978124431184,0.018367354874414037,0
-4.481302521143827e-06,-0.09881343654183883,0.5001666999436316,0.009841962455174068,0
-0.009203330608843197,-0.09877190046613511,0.568781339891721,0.2064914852893641,0
-0.010397685526161464,-0.09865332103729098,0.5785703196184672,0.20546745707845954,0
-0.008843878460608287,-0.09873107040765468,0.5727890335178885,0.19749862342129437,0
-0.0067837560909566885,-0.09883621796012189,0.5575773774297599,0.19080858235081288,0
-0.007990849055294217,-0.09880571521476146,0.5631793586607404,0.1986500338200885,0
-0.007601064170762001,-0.0987756518719423,0.5671870522869079,0.18965717195201878,0
-0.006514144071851665,-0.09879044811164582,0.5649922248277315,0.1785181974498924,0
-0.006612196631139221,-0.09876359461731583,0.5715230487423766,0.17323023258860343,0
-0.007395691812779131,-0.09875735254743236,0.5708944759858937,0.18351197950155854,0
-0.006660693318633763,-0.09881024459505658,0.5612848011287457,0.18466338990035264,0
-0.005031445810462499,-0.09881859650251629,0.5574400844921336,0.16495930202687942,0
-0.003581848743100758,-0.09883426025388034,0.5478967469590937,0.14904991801589254,0
-0.0029491724447699976,-0.09883636997403768,0.5430636195454468,0.14032567077634914,0
-0.0035601811244681644,-0.09881948106687162,0.5530532380066117,0.14051564394814098,0
-0.004235186698134939,-0.0988122614220659,0.5578922985647149,0.14927049783790725,0
-0.004263570508232387,-0.09882853875020857,0.5526684157256136,0.157004610021386,0
-0.004952681251325764,-0.09880086904777571,0.5626639673312348,0.15722518984340067,0
-0.005862222200542111,-0.09878257089481965,0.5677469785745777,0.16645078487709694,0
-0.0057371641991163435,-0.09880686695564049,0.5612161546599326,0.1717387497383859,0
-0.001170545826786734,-0.09885444558087818,0.5182539544798049,0.13122010057604283,0
-0.0004586870811159734,-0.09884035784843895,0.5085891101022241,0.11370308898036191,0
-0.0009911458414312213,-0.0988373778905884,0.5186489030071748,0.1138539828102452,0
-0.0006715672541437322,-0.09883290243179256,0.5137879024062049,0.10511086426905217,0
4.9607037919052014e-05,-0.0988292884852967,0.4988951112540181,0.09620339399917609,0
0.0004098207000514517,-0.0988214396660704,0.4891987592208813,0.07870945123365311,0
3.1081314658091334e-05,-0.09882204195814727,0.499188830799105,0.07889574199215932,0
0.00019925776311855497,-0.0988194224317083,0.4943731586843042,0.07011671814033112,0
0.0006719768780578529,-0.09881636479489707,0.47948373588621873,0.06121851275845451,0
0.0003042842635377333,-0.09881491270135402,0.4897983117059587,0.044089419359239664,0
0.0005561207227842295,-0.0988132523115101,0.4800258491220889,0.026641873136701442,0
0.0008001971795646481,-0.09881234889484722,0.4706598689531455,0.009246260625075426,0
0.000675180781286039,-0.09881273638433866,0.4753428590376172,0.017944066880888433,0
0.0005411918871202846,-0.09881293275898427,0.4804939743847819,0.009545403268148907,0
0.0004113885820570129,-0.09881323625934242,0.4851769644692536,0.018243209523961912,0
0.00028017760986021696,-0.09881368161405381,0.4900386658971471,0.026766018487153567,0
0.00014653051389973531,-0.09881430791770454,0.49492489718908206,0.03548979159842268,0
0.0004324003833481241,-0.09881396562727755,0.4849120804140238,0.035365646247970554,0
-0.0017954401516160395,-0.09884678507161236,0.5282422233058024,0.13141076205642427,0
-0.0013639232122167016,-0.09884207147401242,0.5234813251959651,0.12261248860808566,0
-0.0007851097802086033,-0.09884708383560524,0.5134215322910145,0.12246159477820237,0
-0.0021523022689712897,-0.0988699286784536,0.5279023401546018,0.14874615397640434,0
-0.0016230581593920435,-0.09886220128939414,0.5230781473172034,0.13998312727622358,0
-0.0023007777311768686,-0.09885091783653192,0.5330664161432008,0.14017378875660502,0
-0.0028853158844107216,-0.09885385557546028,0.5378995435568478,0.14889803599614843,0
-0.0003998589196114288,-0.09882879120912126,0.5089409029821018,0.09636101677845926,0
-0.0001662262619491555,-0.09882516978764824,0.5040370068156734,0.0876427133749208,0
0.000244985220454357,-0.09882497981140523,0.4940469352374497,0.08745642261641459,0
-0.00018264797676895533,-0.09883441279524902,0.503742110678121,0.104953241489769,0
0.0001670393199732869,-0.09881613265825943,0.49467293492684294,0.05280670220312439,0
2.127050956385274e-06,-0.09881511963977367,0.49993545744033885,0.04408635803124262,0
0.0003467630224532763,-0.09881729762593217,0.4895156470169729,0.061371248902731816,0
0.0004780234771020618,-0.09881561375854861,0.48464102379608875,0.05265396605884709,0
0.0005504139655573316,-0.09881859596610079,0.48434124755355,0.0699639819960538,0
-0.007019282048593324,-0.09895109547402697,0.5491668371792392,0.2081512655447921,0
-0.004782365538788191,-0.09895405836230481,0.5383415509377156,0.19246704310593238,0
-0.0058816027279015685,-0.09895411230343215,0.5437541940584774,0.20030915432536223,0
-0.005815030977400005,-0.09889805880348647,0.5479594641837378,0.19163781272837263,0
-0.006980872654015055,-0.09888145689464148,0.5533721073044995,0.1994799239478025,0
-0.008427503928545998,-0.09884111894106636,0.5589740885354801,0.2073213754170781,0
-0.00496477361536535,-0.09887236087397523,0.5473786074052496,0.17864218782104238,0
-0.004901100856644453,-0.09890879405341212,0.5428600791714826,0.1855546154634874,0
-0.0058313568991376795,-0.09885822087234875,0.5524779924175047,0.18472538508592762,0
-0.005769603613374837,-0.09883241628408718,0.5561854161164905,0.17858019263546737,0
-0.005025366478081923,-0.09884189109094176,0.5524093459486916,0.1718007449239609,0
-0.003467498747549712,-0.09888161254736412,0.5375806717869548,0.16584930163192507,0
-0.0016616114933116254,-0.09892406041697527,0.5175761481547261,0.16588975371645945,0
-0.0006171143103965978,-0.09888807461090413,0.5079067461627491,0.14837551711447328,0
0.00011374209618078951,-0.09885976995462692,0.4982346745469433,0.13086273253554473,0
-0.0005308192508826898,-0.09885886022651551,0.5082443145133742,0.13104141655579377,0
-0.0001998984283065065,-0.09884929183876405,0.5034118923245837,0.12228291075795332,0
0.0006085214816701691,-0.09883942048341907,0.48855346410828876,0.11335518446067432,0
0.0009321302481064022,-0.09882591978435548,0.4788730701374741,0.09584866639198794,0
0.0004953086699251642,-0.09882830058914113,0.4888840906957461,0.09602603019558201,0
0.0007880293448261776,-0.0988319094853177,0.48371326712288143,0.10460192542633112,0
0.0003059606539038334,-0.09883406296421371,0.4937242876811534,0.1047792892299252,0
7.64423262897877e-05,-0.09884103371977604,0.49857128710525644,0.11352913672051812,0
0.00038637082039732546,-0.09884865070070034,0.49339406932761604,0.12210895849810952,0
-0.004281188891368118,-0.09885151386861578,0.5475103781395442,0.16540430182940224,0
-0.003552452964483922,-0.09885454949828244,0.5427387093730243,0.15744960982390882,0
-0.0027628305695622055,-0.09887658350920768,0.5327415059707783,0.1572977278041647,0
-0.0025813327356048075,-0.09890609144311285,0.5275784099708405,0.16586952767419227,0
-0.0019428521374987456,-0.09889405400653087,0.5227392441546639,0.15731795384643188,0
-0.00109480638926596,-0.0989052119571151,0.5127414471587376,0.15713263541546635,0
-0.001392418126591496,-0.09888152623354193,0.5179045431586755,0.1485608355454388,0
-0.0009255721572198319,-0.09886966081498785,0.5130803503212771,0.13979780884525805,0
-0.00021757496067172837,-0.0988729005844447,0.5030707103548462,0.139619124825009,0
-0.004178792269167923,-0.09887914968194489,0.5424796395961022,0.17224574472648374,0
0.0006519941716424013,-0.09882363977977054,0.4840359146791777,0.08727905881282053,0
0.0011406441700410465,-0.09881767464342672,0.46917766429427465,0.07834522081771682,0
0.0010477608742273153,-0.09882124237298502,0.4740253672158744,0.08709694360485237,0
0.0007818397270207059,-0.09881994763365554,0.479188211757578,0.07852733602568496,0
0.0008910907954460982,-0.09881708968665477,0.4743307000902467,0.06978186678808566,0
0.0012848758399390354,-0.09881305473522066,0.4592614647087479,0.06067108604372063,0
0.0008815091558661105,-0.09881336777551733,0.4696733229857608,0.04373636391943622,0
0.0010657737887191931,-0.09881175770408304,0.4601862928522819,0.026045056792335975,0
0.000711418910503611,-0.09881331754098832,0.47484958605392485,0.03518911852806883,0
0.0009730885105219046,-0.09881243624139677,0.4649298079190214,0.0348907103558861,0
0.000818677973198933,-0.09881258814981646,0.4701060709871854,0.02634346496451871,0
0.0009279447568632298,-0.09881204921238251,0.46542308090271367,0.0176456587087057,0
0.0012651767981863137,-0.09881082505555347,0.45101679598828126,0.008082857070229859,0
0.0010430389449166252,-0.09881161942193926,0.4608383324707134,0.008664558847652642,0
0.0011602309623868787,-0.09881125446608022,0.45560154442028156,0.017063956931282917,0
0.0009871649981807442,-0.0988149027405877,0.4693726002974833,0.060944799401087574,0
0.001219053751241497,-0.0988149869750817,0.46421956450151125,0.06950815343071873,0
0.000781227819219342,-0.09881465093316105,0.47457852943598977,0.052477438338945366,0
0.0005983698583693528,-0.09881430494995627,0.4797358173458598,0.04391289163933794,0
0.0010713773171712817,-0.09881331239402925,0.46446739384725433,0.05220372498157842,0
-0.004397712111399048,-0.09910221866423084,0.5295171421655228,0.2093199305123607,0
-0.004666002914688252,-0.09901825425948373,0.5339293465516193,0.20089348680914654,0
-0.005934585384269229,-0.09902206982438061,0.539341989672381,0.20873559802857639,0
-0.002407520557636699,-0.09904280181109257,0.5185821846790633,0.19382565448459085,0
-0.0033653796169602823,-0.09907298381193426,0.5240496634222931,0.20157279249847576,0
-0.003618198624426888,-0.0990042276357021,0.5284618678083894,0.1931463487952616,0
-0.00298284674311674,-0.09894696326401745,0.5274550083976395,0.1790521334497599,0
-0.0008231225603917732,-0.09898341208344663,0.5074984736805088,0.1786839143935978,0
-0.0019128382716145271,-0.09897044212777774,0.5174767410390742,0.17886802392167883,0
-0.0027312270569918827,-0.09899063570104398,0.5230185965383514,0.1864388939671754,0
-0.003830469836793309,-0.09895329916965738,0.5328982796676776,0.18575958827784614,0
-0.004001718155104175,-0.0989131000131107,0.5374168079014445,0.17884716063540113,0
-0.003258145791848375,-0.09891135576395672,0.5325178400922972,0.17245071754084249,0
-0.002282974168279604,-0.09893631966864495,0.5225155782761828,0.17247094358310966,0
-0.001277991849425058,-0.09895210628581694,0.5125373109176175,0.17228683405502862,0
0.00022945176543820366,-0.0989352524645069,0.4975795434293607,0.1655197629426753,0
0.0009385698864258904,-0.0988850742316614,0.48790537133084777,0.14800827698951793,0
0.0001634194580525716,-0.09888926810254525,0.49790605874679844,0.1481918970519956,0
0.0004899152826334245,-0.09887174778029567,0.49307002293889557,0.13943550476253133,0
0.0013809491678424136,-0.09885119774132582,0.4782265375486665,0.13049936174606094,0
0.0011881401678565055,-0.09886632251748956,0.48306595443975714,0.13925381936778944,0
0.0007538314541786739,-0.09885715157801395,0.4882306060478049,0.13068104714080284,0
0.0009641328067326095,-0.09884521527986234,0.4833900008284776,0.12192727310336762,0
0.0016315353642780191,-0.09882994663631527,0.4685460433707095,0.11299209013741071,0
0.0015260422165931046,-0.09883922760004904,0.473386290459688,0.12174572594173583,0
0.001129113371660123,-0.09883563854152908,0.47854975373949915,0.1131736372990425,0
0.001256481120125301,-0.09882810767145901,0.47370955675409177,0.10442037826469933,0
0.001752730620736958,-0.09881772809274934,0.45886738438868235,0.09548674062213448,0
0.0018029661202707903,-0.09881140125274973,0.44893147688920115,0.07793037827038621,0
0.0018105219633339454,-0.09880877424181451,0.4388496473316431,0.05989304872619812,0
0.001561517083187252,-0.09881094458643461,0.44905555602019553,0.06028206738495938,0
0.0015271803580145153,-0.09881248214184263,0.4540964707989745,0.06930073215705342,0
0.0018092694391662314,-0.09880973376491207,0.4438905621104221,0.06891171349829217,0
-0.0007186964456777289,-0.09893367062978861,0.5075778457920435,0.16570475832956738,0
-0.00023594185083298928,-0.09890989648671611,0.5027431447960549,0.1569476400285743,0
0.0006226417142450948,-0.0989079119916587,0.49274245738010425,0.15676401996609662,0
-0.000259019565027069,-0.09895861937268967,0.5025390085549348,0.17210183866813655,0
0.0014260867582942623,-0.098817961325961,0.4640225243414785,0.08691598071992565,0
0.0014841288843011676,-0.09881474511221637,0.45905457059173793,0.0781377995440515,0
0.001785284071370387,-0.0988139689730802,0.4538994306389418,0.08670855944626035,0
0.001353221175672787,-0.09882231376378434,0.46887022726307825,0.09566770350706122,0
0.0017048435007273998,-0.0988229150413,0.4637067138796959,0.1042394153797726,0
0.0013947821009304374,-0.0988108283912387,0.44945293747573917,0.042903072058796114,0
0.0015002171348006573,-0.09880990760859505,0.4400902640838913,0.024996017792104537,0
0.0014444692135716808,-0.09881027370695909,0.44477160077981526,0.033949544925450326,0
0.0012211191055316486,-0.09881137912117523,0.45481961516401054,0.034474064425566046,0
0.001295250926296737,-0.09881082756365156,0.45013827846808663,0.025520537292220258,0
0.0013751679181381075,-0.09881041457571887,0.4455535300360863,0.016539437431167196,0
0.0016324328935434641,-0.09880938694758673,0.43140875705619386,0.00642783179134175,0
0.001558905556859173,-0.0988096565433855,0.4357495105700426,0.015711924791723144,0
0.0014626779408887971,-0.09881005181743632,0.44121277652223756,0.007255344430785805,0
0.001341238209666695,-0.09881171998010668,0.45435720109224353,0.05178707905125837,0
0.0015896265218785669,-0.09881000607920452,0.4441512924036911,0.051398060392497114,0
0.0011487166809134568,-0.09881216515995074,0.45956313023075,0.04331971798911617,0
-0.00149778197096543,-0.09918843816269696,0.5098421182743784,0.209923614096859,0
0.00011529289815658538,-0.09906984624103035,0.49911427678454107,0.19380457429017053,0
-0.0006329487322798117,-0.09912659515199958,0.5044781975294598,0.20186409419351475,0
-0.001149914121404587,-0.09906373980877652,0.5088482307318022,0.1938151143873807,0
-0.0020145455147440646,-0.09910931407346182,0.5142121514767208,0.20187463429072494,0
-0.0030658248371462794,-0.09915235919561177,0.5196796302199507,0.20962177230460985,0
-0.0015556432615180193,-0.09901314466824317,0.513040329179786,0.18625478443909432,0
-0.0003954668303117666,-0.0990236802022638,0.503306375232525,0.18624424434188416,0
0.0013791738922318904,-0.098975608106503,0.4873431661384323,0.17821438691230765,0
0.0002827838817967117,-0.0989851644619485,0.49742081990947057,0.17844915065295272,0
0.0008073191433095306,-0.09902007605766944,0.49322872146148666,0.1860094806012391,0
0.0007665098211372822,-0.09895531540587175,0.4924613547838965,0.17186707492749148,0
0.002082493518864277,-0.09891309494432997,0.4775909065732345,0.1647306687847376,0
0.0024314368195208088,-0.09886196795841211,0.46790605504149746,0.14764006956525794,0
0.001867027954391273,-0.09885697440448384,0.473066296295082,0.13906971565565945,0
0.0016979385918163832,-0.09887578300498036,0.4779057131861726,0.14782417327738795,0
0.002287622983517494,-0.09888453227685522,0.472748480807366,0.15618536917499776,0
0.0014655332878456817,-0.09889892293787785,0.48274813895204116,0.15636947288712777,0
0.0011675240518210135,-0.09892790609113233,0.48758522500129764,0.16512521586370646,0
0.0017654350354105576,-0.09894214509775281,0.48246703635583343,0.17147252784852263,0
0.002561098103288852,-0.09883098928561987,0.4582275860630124,0.13013103058643177,0
0.0025176125699921978,-0.0988442821272344,0.4630668205522549,0.13888555007584485,0
0.0019860792993845735,-0.09884229120505056,0.46822706180583945,0.13031519616624637,0
0.002063905624579617,-0.09883107421011152,0.46338681471686094,0.12156156036192124,0
0.0025526537125936735,-0.0988144181199837,0.4485490488851881,0.11262200707063276,0
0.0025702751581886136,-0.0988212734922713,0.45338831747410024,0.12137651882853226,0
0.002108245555622726,-0.09882271713878613,0.4585475461279488,0.11280704860402174,0
0.002126328267606447,-0.09881667641668343,0.4537082166369352,0.10405437384638362,0
0.0024637078646750077,-0.0988069096528206,0.43887050239415176,0.09513962158448629,0
0.0021247157694190516,-0.09881247612148339,0.44886894339141703,0.09531318110331038,0
0.0021121441952772642,-0.09880964717922355,0.44390098964167646,0.08653499992743624,0
0.0023398216977622,-0.098804587875856,0.429076706627473,0.07760840371000644,0
0.0022120367131043153,-0.09880495207850977,0.4186350182523825,0.059412686152104016,0
0.002274959715578823,-0.09880453183166182,0.42385586243992773,0.06851054493105523,0
0.0020572612334160212,-0.09880705478622968,0.43396317697955805,0.06875072621810227,0
0.002028178926213252,-0.09880672691895011,0.4287423327920128,0.05965286743915107,0
0.0018042337066127873,-0.09880825320134647,0.42929285363244224,0.041792325848393444,0
0.0016139107205384265,-0.09880948327826852,0.4393728955540907,0.042347698953594776,0
0.0016418718312369222,-0.09880922046626987,0.4346915588581668,0.033394171820248994,0
0.001819763268074868,-0.09880849239708502,0.4202615914353512,0.02375787605264043,0
0.0018799552782967056,-0.09880868102557125,0.41183716759955435,0.0043836817732518085,0
0.0018405701074241034,-0.09880864768691794,0.4160493795174528,0.01407077891294612,0
0.0017162513163397073,-0.09880903552850702,0.42583517424577255,0.015092853921991091,0
0.001772023053715598,-0.09880890881399636,0.4216229623278741,0.005405756782296779,0
0.0025152826016948187,-0.09880980525720698,0.44370977563966996,0.10388081432755952,0
0.0020876612790996416,-0.09880795538168895,0.4390040917583371,0.07776939099019632,0
0.002404182899703295,-0.09880527617234401,0.43397360451081235,0.08637401264724637,0
0.0018052097778145579,-0.09880835941484806,0.43407125048204265,0.05084268728729578,0
0.0019937935679212077,-0.098806871080425,0.42396393594241233,0.05060250600024873,0
0.0016748238934718683,-0.09880910506658293,0.4301759277596212,0.024376946922372484,0
0.0018066610850174802,-0.09880834389595008,0.4247772225338967,0.03277510095051694,0
0.0014977815559035405,-0.0991884381689647,0.4901578846305079,0.2099236141418919,0
0.0007578454122588472,-0.09912576674651274,0.4946360807075245,0.20186409421603121,0
-2.3179002372672935e-10,-0.09919974604800001,0.5000000014524432,0.20992361411937543,0
0.0026967271556989033,-0.09903355155073656,0.47905697033260736,0.19346627082901352,0
0.002177917503299251,-0.09910469111060718,0.4846074274815576,0.20169494248545272,0
0.0014147611564206514,-0.09905936848795988,0.4890856235585742,0.19363542255959204,0
0.0019904000560129267,-0.09900369121613543,0.48320006823551986,0.1858403288706606,0
0.0034451756850016483,-0.09892441198888789,0.46736083196490047,0.17707256333745622,0
0.002434485819999605,-0.09895443673932253,0.47735199905166636,0.17764347512488193,0
0.0031251382476840525,-0.0989735668617468,0.4732089011487539,0.18526941708323486,0
0.002727367446576031,-0.09892011237829947,0.4724758692690675,0.1709016160610969,0
0.0038014655464780225,-0.09886495126032352,0.4575997336044925,0.16406111640949303,0
0.0029643970616924312,-0.09889168627555109,0.4675953200888635,0.16439589259711532,0
0.0030705827443340337,-0.09886481736760515,0.462752894322995,0.15585059298737547,0
0.0037813444110522607,-0.09882428346633522,0.4479086131694949,0.14727098194558447,0
0.003130858500249495,-0.09882901974783095,0.4530680996162536,0.13870100626600812,0
0.0031290595549723034,-0.09884445021314663,0.45790733410549617,0.1474555257554212,0
0.003813572427226071,-0.098841464877506,0.4527541733869937,0.15566604917753873,0
0.003652468294078658,-0.0988917908165214,0.4624802827846965,0.17056683987347462,0
0.003588601122625282,-0.09880411951266549,0.4382304746201671,0.12976181972392511,0
0.0036981889487222182,-0.09881211852722104,0.443069543894831,0.1385164008347548,0
0.003097822780938824,-0.09881799481215339,0.4482290303415898,0.12994642515517846,0
0.0030379427404956367,-0.09881044760479235,0.44338976175267764,0.12119191339727894,0
0.003318976171250801,-0.09879681293361596,0.4285523644717145,0.11225261963908202,0
0.003460026064583341,-0.09879929094297593,0.43339141954594085,0.12100721968150357,0
0.0029582485042661606,-0.09880558915966306,0.4385507066784513,0.11243731335485739,0
0.0028653706618651715,-0.09880275806377667,0.43371143343293317,0.10369612061178415,0
0.003022158802452364,-0.0987963813809112,0.4188738668601144,0.09477471294807867,0
0.002764319759974194,-0.09880141496331575,0.42887218462713306,0.09495716726628248,0
0.003171616978807657,-0.09879601664629586,0.42371311566591446,0.10351366629358034,0
0.0026604159318134885,-0.09880110998848457,0.4239752867437937,0.08619155832904254,0
0.002748969250910361,-0.09879884021143992,0.40816186313220154,0.07730189851199981,0
0.0024649160584133984,-0.09880290303885976,0.3978689072967705,0.05849795355567739,0
0.002462883010754169,-0.09880233330425656,0.41339844069229204,0.06835729233205191,0
0.0023591490876091513,-0.09880361951114529,0.4082519627745765,0.0589553198538907,0
0.0026006249716060766,-0.09880086165329789,0.403015385214486,0.0678999260338386,0
0.0025664218702175882,-0.09880139597382712,0.41861928487983724,0.07745515111100312,0
0.0028849234145066184,-0.09879732847740391,0.41351786499615795,0.08603830573003923,0
0.0021020764027367194,-0.09880647233912943,0.40856012038393147,0.041382534088963786,0
0.0021529104171953022,-0.09880565482578095,0.41359756931815694,0.0503976101205339,0
0.002270861476239899,-0.09880492651212627,0.403214513840351,0.04994024382232059,0
0.001970712174084808,-0.09880719550961138,0.41892648700818685,0.04158742996867862,0
0.0019492322639521604,-0.0988076584788359,0.41441085590964133,0.032570205070802105,0
0.002018055748503023,-0.09880809671462454,0.40007373352051034,0.022778069035740263,0
0.0019982903348895373,-0.09880913485860339,0.39229483360098616,0.0020743847464421714,0
0.0019369483171075728,-0.09880852013897251,0.40595545056003235,0.013580875404496037,0
0.0019961746907683755,-0.0988087329938654,0.39618428356074825,0.012426226891091217,0
0.0019553780387815477,-0.09880874876762183,0.40206600060027026,0.00322903325984699,0
0.001935721963654359,-0.09880813129526032,0.4101676624779308,0.023267972544190347,0
0.002051904414534404,-0.09880734260897038,0.4043169269522209,0.032080301562352025,0
0.004397711724284857,-0.09910221868140912,0.4704828605194097,0.2093199306346598,0
0.004988832178528223,-0.09894465641829059,0.4598828280479089,0.1924627317499956,0
0.004786106640405145,-0.09901289141105071,0.4651828442836593,0.20089133119232772,0
0.0038644534289716437,-0.09899440205413561,0.46946989919025817,0.19296450128950454,0
0.003516394339454337,-0.09906665295630958,0.47476991542600855,0.20139310073183667,0
0.00306582440868291,-0.09915235920886005,0.4803203725749588,0.20962177238827584,0
0.004167980175814207,-0.0989355039552675,0.46362183000640467,0.1847676475437259,0
0.005306596207991261,-0.0988460558060844,0.44737241854762755,0.17625989912861278,0
0.004408997989872067,-0.09888779159502877,0.45736662525626404,0.1766662312330345,0
0.00519682018877819,-0.09888874421437562,0.45362762329776823,0.18436131543930417,0
0.004519746696431885,-0.09885794002675848,0.45248607607606006,0.1701605077690529,0
0.005325763380867111,-0.09880166018137483,0.4375998121011231,0.1638666700589269,0
0.004913607083578921,-0.09878094134555121,0.42791179003343227,0.14690169434487552,0
0.004211433354211345,-0.09879462088874265,0.4330711323267997,0.13833175703440032,0
0.004379049302594821,-0.09880267302074036,0.43791020160146354,0.14708633814522998,0
0.0051322851470156465,-0.09878854648060888,0.4327558010672777,0.1553841822019012,0
0.00450688114750935,-0.09881556301801105,0.442754212635309,0.1555688260022557,0
0.004594741143749205,-0.09883450207072311,0.44759977285280783,0.16396389323420996,0
0.005339637696929514,-0.09882085814745863,0.4424861153243753,0.17006328459376985,0
0.004404051615919084,-0.09877726771802381,0.41823373055420354,0.1293947444894307,0
0.003830243468200704,-0.09878853205836474,0.42339304751295903,0.12082368206425637,0
0.0040262416648306565,-0.09879024332146949,0.42823210258718536,0.1295782821066779,0
0.004663014696813826,-0.09877762840996188,0.4230727602938179,0.1381482194171531,0
0.003884644993558915,-0.09878176246597843,0.4085556941384077,0.11188850502139827,0
0.0034019363878726836,-0.09878900542059295,0.3988730983300638,0.09463301773703407,0
0.0036384661677208744,-0.09878523339423698,0.4037143962342358,0.10326076137921616,0
0.0034292467188227,-0.09879005395632619,0.413714780499261,0.10333160898473848,0
0.0036294327325950455,-0.09878868091457056,0.41855402930506114,0.11207056233024015,0
0.004142877776254165,-0.09877889356972556,0.41339471234630565,0.12064162475541448,0
0.003236910520327365,-0.09879212530025709,0.4088734825950891,0.09470386534255637,0
0.003055975619781806,-0.09879452771647898,0.4035174807311327,0.08596745812451695,0
0.0029487816042595896,-0.09879681680889145,0.38795033156378866,0.07637148366382915,0
0.002536608207348623,-0.09880406304695145,0.3747189979909319,0.05699244834674928,0
0.0027355271347274837,-0.09880061312700841,0.3813346647773603,0.06668196600528922,0
0.0026910386249368013,-0.09880021434801242,0.3929096194302796,0.06743471860975327,0
0.0025278104933654697,-0.09880300649861025,0.3862939526438512,0.05774520095121334,0
0.0022284142114559714,-0.09880668183415994,0.38776101839421356,0.03898517381854109,0
0.0020625206926846123,-0.09880928757496121,0.380550830856255,0.018994550597738642,0
0.0021329678301225574,-0.09880814333874038,0.3841559246252343,0.028989862208139865,0
0.0021150572738423564,-0.09880749949722584,0.393917375957362,0.030881621427140675,0
0.0020565313188286006,-0.0988085139048579,0.39031228218838265,0.020886309816739453,0
0.0020210642705223835,-0.09880930387876652,0.3864228322286206,0.010534467672090406,0
0.0019892724263095717,-0.0988108473058496,0.3727677994824168,-0.00036235464826551013,0
0.0020091975046483065,-0.0988098409787802,0.38253131654170147,0.0008560150490883306,0
0.0020162459153756935,-0.09881017056127654,0.37665931516933593,0.009316097974736566,0
0.002872264106873972,-0.09879732175141114,0.3980560973479951,0.07683669108791448,0
0.003168463397396015,-0.09879297797258459,0.3934117149469262,0.0855022507004316,0
0.002184875498193371,-0.09880631689432874,0.3981605693890725,0.04018385395375244,0
0.002337593160237907,-0.0988049030365413,0.392814962845492,0.04874156368710924,0
0.0023724475574180425,-0.09880550123166837,0.38124000819257275,0.04798881108264519,0
0.007019281729516352,-0.09895109549666149,0.4508331653730723,0.2081512657305875,0
0.005987090638842001,-0.09894825598544642,0.4553579967104906,0.20030699874029156,0
0.005934585024454933,-0.09902206984594494,0.460658012946241,0.20873559818262366,0
0.007090284649863084,-0.09882157935773915,0.4400157765781384,0.1916330160954934,0
0.006891175118695674,-0.09875932576234642,0.4281464701069013,0.17651900109545618,0
0.0065336308610575945,-0.09873604775442585,0.41711456597538943,0.16300987317482185,0
0.006735049198623167,-0.0987442648802656,0.4226305180411454,0.169764437135139,0
0.006075492298824228,-0.09878341658707343,0.4328731411040122,0.17019283557719156,0
0.006135572711588972,-0.09880331385675983,0.43775944432726444,0.1763894501120345,0
0.0061467133734320785,-0.09883687235478372,0.44369409756288297,0.18394645761205308,0
0.007024539576073505,-0.09878457660538427,0.43408112334251986,0.1840760085954748,0
0.006071516698420329,-0.09888637048087547,0.44994930231302366,0.1920478739227445,0
0.00716020904534662,-0.09887260995712327,0.44542447097560534,0.19989214091304047,0
0.005975514108752119,-0.09876776768945783,0.42735718903825626,0.16343827161687438,0
0.005681303807295427,-0.0987617641052699,0.42251317800441085,0.1549557837598487,0
0.005752841348541296,-0.09874268403085916,0.4078363193531509,0.14636190500880678,0
0.005042298261965373,-0.09876228483167256,0.4130350249536772,0.13787832474911874,0
0.0053732570661744845,-0.09876047531715876,0.4178740546932916,0.14663179967684115,0
0.006143966172676895,-0.09873789797269869,0.41247544266427016,0.1546858890918143,0
0.004957129850742369,-0.09875742541778172,0.39823699414226205,0.12903144828806026,0
0.004214944835779876,-0.0987734843421942,0.3885583985976543,0.11155803264167219,0
0.0035653874135368447,-0.09878733487839655,0.37887570020582606,0.09430815593889236,0
0.0038791737117538656,-0.09878075529769956,0.3837170494017402,0.10293309429028227,0
0.0035110131899931058,-0.09878736452520942,0.3888743992679449,0.09447058683796322,0
0.0037881327730673302,-0.09878205474809712,0.39371574846385904,0.10309552518935314,0
0.004081194109747203,-0.09877655246175501,0.398557046368031,0.11172326883153523,0
0.004392837496219686,-0.09877105120173442,0.4033963441403349,0.12045997665472927,0
0.004576666078422117,-0.09876557313098557,0.39339769636995814,0.12029474046486623,0
0.004716117428308678,-0.09876606442419418,0.40823536234823277,0.12921309638874548,0
0.005349618378212581,-0.09874958777706497,0.4030366567477065,0.13769667664843352,0
0.003238740419266631,-0.09879256988119293,0.38341301588480736,0.08533981980136075,0
0.002991593031247794,-0.09879839209395422,0.36920343210494666,0.07649545596046076,0
0.0029907033699588872,-0.09879712020910049,0.37857688183436766,0.07643346981214495,0
0.0027446313175715476,-0.09880158378485333,0.3719612150479393,0.06674395215360501,0
0.002653020788402182,-0.09880463696586413,0.3594163041601586,0.0648934144982836,0
0.0028198157805784563,-0.09880165045521525,0.3643098681325526,0.07069443522937219,0
0.0026034197096090625,-0.09880412920989481,0.36706765107554523,0.060942931422516444,0
0.002314904645028498,-0.09880921228916102,0.3544813988281099,0.04953374636309329,0
0.0021888070297367656,-0.09880892985494664,0.36845231981377413,0.03530889344683588,0
0.002224999916663517,-0.09880759776186747,0.3781066691039938,0.03714703363268848,0
0.002118656035880885,-0.09880915795070519,0.3745015753350146,0.027151722022287262,0
0.001983836494053076,-0.0988117538871337,0.36106194344219694,0.015599104070670054,0
0.002074221062699062,-0.09881050920240118,0.3647571316279855,0.02545399875875297,0
0.0020381836368567573,-0.09881037697106207,0.370806387149226,0.01729682733420435,0
0.0019796632099437286,-0.09881134652646249,0.36691487146230684,0.007618374711202272,0
0.0018634695966158747,-0.0988136016202074,0.35323861808514145,-0.002782527181234225,0
0.0019400361517533564,-0.09881211841366003,0.3630032087837791,-0.0015724409147498675,0
0.001915834339930444,-0.09881275347544602,0.35715028076366917,0.006408288444717914,0
0.0032654735328396063,-0.09879329572949117,0.37403956615538636,0.08540180594967656,0
0.0023438510134268977,-0.09880682299486683,0.371585658902353,0.04615067089679258,0
0.0022514321377447677,-0.0988089837662916,0.361466859320942,0.04242131990496459,0
0.0024426034512806416,-0.09880644490105955,0.3646001984095209,0.05326309735492128,0
0.002473184584679912,-0.09880715606293565,0.35694885149413424,0.05721358043068844,0
0.00920333036761866,-0.09877190048861174,0.4312186625324201,0.2064914855210821,0
0.008636980384919698,-0.09871077382375566,0.4233892274254786,0.19176592058343395,0
0.00887076221708248,-0.09864872749537017,0.40769577564699067,0.1832469140311506,0
0.007438107069927266,-0.09868467672331363,0.39759653997894534,0.16367238759215477,0
0.008141751196998526,-0.09866554269705326,0.402646157812968,0.17345965081165268,0
0.00703201416529972,-0.09870800384944646,0.4073555529771674,0.1633411303834883,0
0.007622571382032899,-0.09869950779072201,0.41240517081119005,0.1731283936029862,0
0.007898018769310358,-0.0987063958995899,0.417921122876946,0.1798829575633034,0
0.007717037491441392,-0.09873841096612719,0.42576784876618995,0.18414246083944508,0
0.008796174729351694,-0.09867524717644344,0.4155425015362346,0.18750641730729228,0
0.008150406813889947,-0.0987967986293704,0.4356172195552792,0.19906225080828777,0
0.008427503643518224,-0.09884111896536868,0.44102591395274615,0.2073213756258348,0
0.007883581586906455,-0.09876752587193552,0.4317025020018085,0.19169946833946366,0
0.008999649097043233,-0.09872969130601743,0.4273039449789493,0.19912870305225802,0
0.006551699724196073,-0.09871720213660996,0.40271642966604815,0.15501714630048077,0
0.006268632122471393,-0.09871917624509698,0.38792436891234133,0.1461613465251286,0
0.005208501318703032,-0.0987503459926149,0.37824055944228396,0.1286539998040441,0
0.004283532304512062,-0.09877486424416528,0.36856155501889376,0.1112026520810766,0
0.004728834919934553,-0.09876348633789843,0.37340105723058886,0.11992832594256035,0
0.004688895841281022,-0.09876296526112414,0.3833994790199691,0.12010601622285814,0
0.004282763617804188,-0.098772871696138,0.378559976808274,0.1113803423613744,0
0.003909014001104973,-0.09878153244647385,0.3737186276123599,0.10275540400998448,0
0.0034954131692152605,-0.09879257367718251,0.35888360168764905,0.09369568838179548,0
0.003871968187990722,-0.09878453382404627,0.3637225783532714,0.10244917023143604,0
0.0035584229504835533,-0.09878911582495126,0.3688796509467376,0.09400192216034392,0
0.003232321756260571,-0.09879560305023008,0.3640435168962979,0.08509557217112812,0
0.002869516274571363,-0.09880418233259251,0.34900480269748435,0.07722454623335659,0
0.003168538328916552,-0.09879895410439982,0.3539442021925667,0.08546011730757604,0
0.0029546003098080685,-0.09880073580630439,0.3591041174012155,0.07686000109690867,0
0.0027607035630045312,-0.09880427700515876,0.35421055342882146,0.07105898036582009,0
0.0023453012536873807,-0.09881171230244509,0.3394278481041692,0.06024715463482226,0
0.001917475863476741,-0.09881605895087105,0.3311215999651935,0.04126969182851793,0
0.0020225873418928363,-0.09881257484282698,0.3492500087253601,0.03133605292597343,0
0.0019806613540489094,-0.09881410078672681,0.3401858043452768,0.03630287237724568,0
0.0021556968652289535,-0.09881110005570937,0.351865703776735,0.04043489964453336,0
0.002133149431325598,-0.0988126276870655,0.3428014993966517,0.04540171909580561,0
0.0021160994636243756,-0.09881419553297593,0.3352747240346814,0.0507584232316701,0
0.002337533748235808,-0.09881020989946668,0.3469546234661396,0.05489045049895777,0
0.0025163574827271494,-0.09880800686282416,0.3494220761321639,0.06257028456655293,0
0.002593544749364058,-0.09880839322318148,0.3442163254008268,0.06873585043408942,0
0.006055486613935751,-0.09872856285582472,0.3978803441327461,0.1462616257669677,0
0.005580951749666133,-0.09874033882562955,0.3930806815273017,0.13759639740659443,0
0.005723027279584676,-0.098735478277538,0.3830824641773126,0.13740767316458635,0
0.005122266053250163,-0.098752026539757,0.38823877679227303,0.12884272404605218,0
0.006841939872301984,-0.09870196828046143,0.39276045444564334,0.1549168670586417,0
0.002120071403322826,-0.09881062129190982,0.3588511642695671,0.03332247318640466,0
0.0019986040490770607,-0.09881214408561131,0.3551559760837785,0.023467578498321744,0
0.0018020241197385454,-0.0988149721819842,0.3424367023925218,0.01208556727740377,0
0.001637146897160279,-0.09881695959813869,0.33369031317120695,-0.005042931618247643,0
0.001761682911961184,-0.09881523855238435,0.34346446562817423,-0.003912729399740934,0
0.001828029114031777,-0.09881429274117717,0.3478376602388316,0.004651520048084772,0
0.001714179976420198,-0.09881600737431517,0.33806350778186434,0.0035213178295780637,0
0.0019048123809954406,-0.09881329069188391,0.3517493229173594,0.013842335674036912,0
0.001901025133261445,-0.09881390619118136,0.34584335555894097,0.021710810101688603,0
0.010824185047814515,-0.09860743701181167,0.4116407029594826,0.2044434291270096,0
0.011793870656114126,-0.09849616353409218,0.392092013242154,0.2021313695513354,0
0.0098741311066765,-0.09862101886709791,0.4096682393032366,0.1938451715790801,0
0.010354318598922597,-0.09857186830283736,0.39989389444457235,0.192689141791243,0
0.011736838399488884,-0.09850297579450062,0.4018663581008183,0.2032873993391725,0
0.010397685325349525,-0.09865332105845553,0.42142968274595133,0.20546745732404587,0
0.009762400853193619,-0.09865799083121858,0.41751496519248055,0.19810467485522176,0
0.009829457137805765,-0.09857416833424111,0.3846391644350692,0.18303871844667685,0
0.007905204502334144,-0.09866013357716372,0.3766059476986962,0.16375673564765397,0
0.0077356914903583835,-0.09866766128609854,0.3871012438388208,0.1637145616199044,0
0.008825775941870938,-0.09862060083342437,0.38062255606688267,0.1733977270471654,0
0.008567694189160698,-0.09863637392543892,0.39111785220700723,0.1733555530194158,0
0.00942620408979895,-0.09860555938524675,0.3961674700410299,0.1831428162389137,0
0.01085370754539352,-0.09852809362437805,0.3883655888386116,0.1925850439990061,0
0.0070506332526923746,-0.09869235967155697,0.38226515830551877,0.1549590410863913,0
0.006385185660229778,-0.09871845299256267,0.3677550072540197,0.14566870977444063,0
0.007115755991435007,-0.09869155896587294,0.37218047747635796,0.1547127227110473,0
0.0063772968477230595,-0.09871570442493265,0.3778396880831805,0.14591502814978463,0
0.005772993468429121,-0.09873554913348292,0.3729977833481518,0.13716135478924235,0
0.0051303624687512525,-0.09875909104316631,0.35831663385491896,0.1281677516163346,0
0.004080156344678123,-0.09878652862612727,0.3485656657116938,0.11079516897301493,0
0.0045811703143937696,-0.09877427537019787,0.3534411497833064,0.11948146029467477,0
0.004691180835174805,-0.09876732567847006,0.36343909443690636,0.1196852018487056,0
0.004215422251624883,-0.09877948343510026,0.3585636103652938,0.11099891052704577,0
0.0037779262616641583,-0.09878948228692033,0.35372463369967144,0.10224542867740521,0
0.003212025696649666,-0.09880380428289688,0.33888785596547255,0.093279492241943,0
0.002516294735394086,-0.0988139252974823,0.3289928735421685,0.0760443490987127,0
0.002845101254739718,-0.0988095858972447,0.3339403647538205,0.08466192067032785,0
0.0027137741171468026,-0.09880877247441619,0.33899883811982645,0.07663444766603464,0
0.0030365362087671336,-0.09880375003978573,0.34394632933147845,0.0852520192376498,0
0.0033806598683514535,-0.09879752377056877,0.34888572882656077,0.09348759031186923,0
0.0036234562842126557,-0.09879625485569606,0.34372676083858317,0.10203733060747897,0
0.0052102975488708255,-0.09875272926976093,0.36827859664860146,0.12841087571018933,0
0.005731919072835936,-0.0987406141337256,0.36303582055446937,0.1369182306953876,0
0.0024295193165490272,-0.09881254512693348,0.33421036082316885,0.06814575186676748,0
0.001958845141036262,-0.09881932082051276,0.31931243246371144,0.058397209625058545,0
0.0015314121487345022,-0.09882194607529889,0.30980189739403996,0.04128791711158758,0
0.0017325229067686326,-0.09882086951015222,0.3145571649288757,0.04984256336832306,0
0.0017394140913440386,-0.0988189903360251,0.32046174867961674,0.041278804470052756,0
0.0019382257527196045,-0.09881741770010104,0.3252170162144525,0.04983345072678824,0
0.002167929910483263,-0.09881545831176755,0.3293701402839403,0.05932218212994041,0
0.0022207252370563778,-0.09881707540624406,0.32415265300293994,0.06722077936188563,0
0.0015390292148726524,-0.09881952658052966,0.3181982185666355,0.024669526318898644,0
0.0015426672521488642,-0.09881841874635981,0.32421939377997633,0.009105700457553757,0
0.0017944821179192052,-0.09881603080426107,0.3342515912629543,0.0255380227368928,0
0.0016626841819271417,-0.09881731201873345,0.32923549252146533,0.01732186159722328,0
0.0017948646348308025,-0.09881547329274785,0.33834414682773806,0.018811795007148285,0
0.001681692282258816,-0.09881668758438619,0.33332804808624905,0.010595633867478763,0
0.0015866631509978302,-0.09881766649401758,0.3289548534755916,0.002031384419653057,0
0.0013295057551176745,-0.09882038759658614,0.3141102414119413,-0.0070083336970117914,0
0.0014324242228419732,-0.0988194245254653,0.3191648175959588,0.0010486833802709826,0
0.0014921898339931888,-0.09881869988706014,0.3239002772915741,-0.0060256326576297176,0
0.0015326927334552327,-0.09882058589295799,0.3140000579803377,0.03297872171524311,0
0.0017209233445850544,-0.09881799200768797,0.3246599092659145,0.032969609073708286,0
0.0016743582364652353,-0.09881777532436477,0.3262249049147949,0.025103774527895723,0
0.0018484784689062868,-0.09881604442398481,0.3326865956140739,0.03340385728270537,0
0.001914876973413471,-0.09881430360796056,0.3417507999941572,0.028437037831433115,0
0.01206227027914265,-0.09846365447057437,0.3725585682950345,0.1996932487804034,0
0.00980003011753967,-0.09857958305467912,0.36477627691490644,0.18088625720219143,0
0.0077152303382053075,-0.09868007578753285,0.35662994402561266,0.16235378084056093,0
0.00870589991017608,-0.09863534949171851,0.36070311047025955,0.1716200190213762,0
0.008814279419619079,-0.09862289846165134,0.3706911123068013,0.1723214964249227,0
0.007873113562874557,-0.09866525964904264,0.36661794586215446,0.16305525824410744,0
0.0070294601652795274,-0.09869992887362858,0.36219247563981616,0.15401124530750077,0
0.006042395053747728,-0.09874390269597702,0.34757146508247605,0.14449578080917663,0
0.006839464695900344,-0.09871552464504381,0.35210070455404435,0.15342478082486877,0
0.006264661365705022,-0.0987282933617779,0.3576632361682479,0.14508224529180863,0
0.005575231423064053,-0.09875128086011303,0.3529440494686975,0.1363317662127556,0
0.004709396369887299,-0.09878293664821297,0.3383336648780237,0.12738333145647213,0
0.003616560565713936,-0.0988064132871659,0.3285693247978779,0.11041166856082685,0
0.004134245937789518,-0.09879634197810454,0.3334514948379508,0.11889750000864949,0
0.0043881002469745,-0.09878424242910294,0.34344966529485876,0.11908925021474354,0
0.003879788837968995,-0.09879566397978279,0.33856749525478586,0.1106034187669209,0
0.003411465650183692,-0.09880450320848305,0.33372859038167524,0.10184558040138492,0
0.0027252861167398473,-0.09881897763531783,0.3188914164146171,0.09289994690179464,0
0.002620834552412991,-0.09881591805195901,0.3239421449783928,0.08447214800025367,0
0.002992699479179107,-0.09881108256387687,0.32888963619004485,0.09308971957186882,0
0.0031444425318617767,-0.09881379539583988,0.32373037060624754,0.10165580773131075,0
0.010982697247255854,-0.09851401072733088,0.3785988663650518,0.19136598361354012,0
0.012376139553490612,-0.09842469601548291,0.38232529076859423,0.20091230916586938,0
0.009875592710528758,-0.098571247710288,0.3747077206749878,0.18196248782443414,0
0.010964425830772557,-0.09851739169547033,0.36866742260497043,0.1902897529912974,0
0.004959649415904706,-0.09876942321060994,0.3483251493664713,0.12777554153640336,0
0.005342988681480448,-0.09876582509525929,0.34295256498024984,0.13593955613282438,0
0.002027469040311932,-0.09882469668444109,0.3092134979721543,0.0753881279982537,0
0.0023544925475641842,-0.09882247046850193,0.3140524571933857,0.08414403745002416,0
0.0022892136726854325,-0.09881929043899008,0.3191031857571614,0.0757162385484832,0
0.001994497605973905,-0.09882158466938774,0.31426296521793284,0.06689266881165612,0
0.001485969280537186,-0.0988266694523722,0.2994988848598912,0.05790322770089045,0
0.0017353154153426427,-0.09882308815243326,0.3094056586618013,0.0581502186629745,0
0.0017393594997410597,-0.09882600920731908,0.30435619141602277,0.06664567784957208,0
0.0015109898721937757,-0.0988240037368707,0.30465039112696557,0.04959557240623902,0
0.001071886940964459,-0.09882691766407495,0.2898330376682613,0.040985080020113196,0
0.0013112753119039603,-0.098824569072212,0.2998174675311506,0.04113649856585039,0
0.00126644190834067,-0.09882692872150454,0.29466596126407624,0.04944415386050183,0
0.0011463832268843908,-0.0988236610608052,0.2980493282882964,0.024303846077247122,0
0.0012220150074450419,-0.09882171570054189,0.30589312872497326,0.007863665690062195,0
0.0011821529731762808,-0.09882257322590161,0.3019712285066348,0.016083755883654658,0
0.0013747255604760523,-0.09882071374298229,0.3120456736458044,0.01626659600448042,0
0.0013522988377704529,-0.09882167000488258,0.30812377342746594,0.024486686198072885,0
0.0013295716990164117,-0.09882295169122032,0.30392561284116815,0.03279588159441735,0
0.0011093573148721625,-0.0988250948627689,0.29394118297827887,0.032644463048680156,0
0.0015362286243900923,-0.09881891869008778,0.32120880617330594,0.0168876133882262,0
0.0013899050919912368,-0.09882011127267398,0.31505626125247477,0.008484683073807977,0
0.0012731229727587726,-0.09882099908053418,0.31000168506845727,0.000427665996525202,0
0.0009606100620447624,-0.0988233676244395,0.2944931095659127,-0.008558980446326026,0
0.0011514221511498544,-0.09882196415927905,0.304301675488927,-0.007783657071668908,0
0.001087772540787937,-0.09882255161500698,0.300193119145443,-0.000347657378131915,0
0.011615872489594973,-0.09851731381992333,0.3530228816138251,0.1972732469543295,0
0.012284257934929113,-0.09843620585422763,0.36279072495442977,0.19848324786736643,0
0.010760304299953094,-0.0985398053077494,0.3588995792643658,0.18907975207826044,0
0.009226371411865116,-0.0986389858356623,0.3452013251986893,0.1792018245510026,0
0.006976108437221047,-0.09873644754436199,0.3364270615266023,0.1603893236062585,0
0.008035229228039705,-0.09869477780903432,0.3408141933626458,0.16979557407863055,0
0.0074066502648940154,-0.09870458978460336,0.34652850277610747,0.1613715522234097,0
0.008448770667233773,-0.09865943373031935,0.350915634612151,0.17077780269578174,0
0.009571857074868453,-0.09860456404239543,0.35498880105679786,0.180044040876597,0
0.01043825453093318,-0.09857708207811407,0.3491121034062572,0.18823753575266605,0
0.006505088421704666,-0.09873874593853658,0.34199926330453917,0.15244255220771757,0
0.005315115096700574,-0.09878823196480269,0.32750521925246256,0.14339469646811945,0
0.005725473243806388,-0.09876424071355927,0.3375383421674693,0.14394523863864805,0
0.005013068862236467,-0.0987841463835739,0.33291944206524315,0.1353890139622958,0
0.004012799081848671,-0.09881638168587879,0.3182562883370652,0.12724902795959528,0
0.004398381742567148,-0.09879877164230089,0.3282949766075445,0.12731617970803372,0
0.0038167734584003262,-0.09881014807837474,0.32341280656747157,0.11883034826021106,0
0.0029181516706637124,-0.09883028523440146,0.308572791881784,0.11003820249729297,0
0.003431452800320726,-0.09882486997234036,0.3134145401094246,0.11864361522844413,0
0.0032944046937641294,-0.09881818237326423,0.31857105833983096,0.1102249355290599,0
0.002826471854811295,-0.09882361015951382,0.3137321041482005,0.1014690746995438,0
0.002064077113894248,-0.09883481237990657,0.29889482102678555,0.09252810218720865,0
0.0020518606140118648,-0.0988290106871655,0.3040541594994699,0.08395811509273118,0
0.0024141193085082725,-0.09882704307771314,0.30889311872070135,0.09271402454450164,0
0.0024624967687416613,-0.09883337620549379,0.30373380645428477,0.10128315234225081,0
0.006101421531270528,-0.09876604404879359,0.3319661403895324,0.15189201003718897,0
0.004628807369529797,-0.09880459303618438,0.3228807537947639,0.13532186221385736,0
0.0014140988261548957,-0.09883465533309711,0.2892107188092263,0.07502239409991056,0
0.0009229819433312857,-0.09883263401407992,0.27952739826094747,0.05762659072075804,0
0.0011516284868672403,-0.09883376436648998,0.28436905853508687,0.06632449241033431,0
0.0012136732059907088,-0.0988299235997954,0.2895131415604193,0.05776490921082425,0
0.0014561962128832743,-0.09883015883504111,0.29435480183455875,0.0664628109004005,0
0.0017343577193492646,-0.0988299372869789,0.2992121083906903,0.07520526104908212,0
0.0017165750624012807,-0.09883510884074283,0.2940527699180059,0.0837752481435596,0
0.0010030976511578515,-0.09882946518826051,0.2846802179646044,0.04930583537043562,0
0.0005481998860074349,-0.09883022638061896,0.2698533886328938,0.040194322488613744,0
0.0006923052040168978,-0.09882674719639481,0.27808910394878444,0.023456786388463345,0
0.0008291602642480514,-0.09882461131007575,0.2864805317487454,0.0075600129743849205,0
0.0009814452234259234,-0.09882418079981635,0.2922649300185209,0.01593192952581602,0
0.0009253473766782557,-0.09882537131624478,0.2880692161185404,0.023880316232855234,0
0.0007614313193071684,-0.09882555359713235,0.2822848178487649,0.015508399681424133,0
0.0008154321316071842,-0.09882882700958057,0.2798432131505776,0.04058970125436347,0
0.0006231471695060536,-0.09882829110536485,0.27397124629083913,0.031825554438538545,0
0.0008720197070392939,-0.09882689606977307,0.28396107080852284,0.032220933204288274,0
0.000723342974828716,-0.09883141551947339,0.27469039344692064,0.04891045660468589,0
0.001031794492179439,-0.09882326948467747,0.2961868302368593,0.0077118393322235575,0
0.0008934098517613062,-0.0988239017819233,0.290486820657329,-0.0004994837359705525,0
0.0005501288148171914,-0.09882547736421879,0.27484239805106103,-0.00959837470001073,0
0.0007593235942187622,-0.09882455382014152,0.28466775380848686,-0.009078677573168378,0
0.0006857323657285331,-0.09882502351437111,0.2806614648999032,-0.0010191808628129046,0
0.010477237168277243,-0.09864490416289855,0.3334679733597575,0.1950146597444102,0
0.0079709151770882,-0.09874671139068353,0.3250819471118064,0.176824198817808,0
0.005844099351454913,-0.09881164939797882,0.316457910016436,0.1590200679791604,0
0.006838883955568944,-0.09878533166432063,0.3207699285641212,0.16792213339848422,0
0.007472113692795737,-0.09873830735974043,0.33075450431920433,0.16860676121203325,0
0.006463801563856259,-0.09877239742237005,0.32644248577151913,0.15970469579270946,0
0.005589752599177569,-0.0987969915445582,0.32198156463444927,0.15120738222363994,0
0.004224131152958793,-0.09884289835506213,0.30683588228555697,0.14264496412770813,0
0.0029808944347121534,-0.0988528531271231,0.29768382836312657,0.12619580725937632,0
0.003562275778583913,-0.09884961794003454,0.30225985532434174,0.13442038569354223,0
0.0041341313455262214,-0.09882727507836588,0.3125460853113111,0.1349469960436517,0
0.004812672643470583,-0.09881518266970311,0.3171705507690098,0.1430198302979138,0
0.0049861277240350445,-0.09883061317685891,0.3116468961509965,0.15083251605343428,0
0.01146563230357331,-0.0985349120457668,0.3432454274867913,0.19614395334936985,0
0.009920501326793523,-0.0986301043255959,0.3393346492792234,0.18710824214770638,0
0.009219817732611192,-0.09869743310974313,0.32927496023578195,0.1859194292811091,0
0.008654678421929676,-0.09869055739596078,0.33514163615524784,0.1780130116844053,0
0.002963664900155281,-0.09883987405399135,0.3031283101224553,0.11811700487833465,0
0.003526358249984302,-0.09883504860387109,0.3079700583500959,0.1267224176094858,0
0.002028354422699013,-0.09885259978120699,0.28857619970313986,0.10966760034358441,0
0.0024937633684148446,-0.09884199426512097,0.2985744957924619,0.10985290142043869,0
0.0024719248336046006,-0.09885354844354377,0.2931300140331332,0.11793170380148037,0
0.002058441938053216,-0.09884251192150076,0.2937355103649627,0.10109785126539653,0
0.0012710577140291304,-0.09884766598890474,0.27889818455335336,0.09215792018668609,0
0.0016210438441658158,-0.09885046211611676,0.2837371921282466,0.10091276026513525,0
0.0016809333439981046,-0.09884182677887103,0.28889650279006945,0.09234301118694738,0
0.0013542498215051157,-0.09884040406267189,0.28405445168128984,0.08359015714329832,0
0.000713859864564507,-0.09884147806131748,0.26922013787839544,0.07464830749981036,0
0.0008287289873799873,-0.09883660774598066,0.27437376806967145,0.0661374491102842,0
0.0010720988794146668,-0.09883857604183181,0.27921542834381086,0.07483535079986045,0
0.0009709499737015766,-0.09884458533394229,0.27405916121587437,0.08340311384324822,0
0.0003042150936391774,-0.09883581778950414,0.25954089654919066,0.05720113736180091,0
0.0004936162867779509,-0.0988385263315229,0.2643805172137931,0.06592472243080563,0
0.0006178863774387551,-0.09883462996809562,0.2695341474050691,0.057413864041279475,0
0.0004347742541519205,-0.09883276681829599,0.26469714259104227,0.04869772992520732,0
-2.590894606555099e-06,-0.09883138417100505,0.24985700199156077,0.040003148234674414,0
0.00014050686721305108,-0.09883344503764072,0.25469894927037573,0.04860214279823766,0
0.00027467050462839416,-0.09883111121835916,0.2598551953122273,0.04009873536164408,0
0.0002079618991233928,-0.09882834810196404,0.2582642735777611,0.02327382088752614,0
0.0003581327069528149,-0.09882647750220949,0.265446871986578,0.005845342327726666,0
0.00028504456271795,-0.098827265798267,0.26185557278216953,0.014559581607626403,0
0.0005185421678504164,-0.09882660458507897,0.2717679879676812,0.014651064358095005,0
0.0004531143047356093,-0.09882776082419988,0.2681766887632728,0.023365303637994744,0
0.0003691950734115538,-0.09882925350000957,0.26405883110532746,0.031734071688069944,0
0.00010803421855564352,-0.09882971181005235,0.2540606377846609,0.03163848456110028,0
0.0005971705828899044,-0.09882573182794474,0.2759637018676617,0.006702677651055793,0
0.00045492747476974293,-0.09882589861252243,0.2701446350188195,-0.0018765161861420319,0
0.00011681036779387543,-0.0988264311729616,0.255169744541738,-0.010060597405161784,0
0.00023476332531248884,-0.09882640218291773,0.260308308264158,-0.0021076275387175588,0
0.0003351502739851739,-0.09882611087233908,0.2650060712963995,-0.009829486052586257,0
0.008705838987685219,-0.09881699238242522,0.313881240220007,0.1930527249326497,0
0.00631183560517892,-0.09886726560552539,0.3054078392879791,0.1752779995516469,0
0.004280702769815157,-0.09889208610792198,0.29577565799553895,0.1577604368651265,0
0.005108110042993741,-0.09885287701830328,0.30611678400598746,0.15839025242214344,0
0.006095189473175402,-0.09883414977330532,0.31093287465220754,0.16714903376540366,0
0.005222167175252222,-0.09888450670349597,0.300591748641759,0.16651921820838672,0
0.009960752341197305,-0.09869839425636603,0.32367460678988225,0.19403369233852996,0
0.008413025551795173,-0.09876885663182253,0.31948159366590667,0.18493846187522883,0
0.00748366437837536,-0.09884456045732457,0.3096445397539931,0.1841653622421483,0
0.007187933420077485,-0.09880767490757658,0.31524489319989274,0.17605109918472744,0
0.004277256417739831,-0.0988638752817913,0.30130577014054793,0.15020270049641732,0
0.002813913249895232,-0.09889392274842024,0.28586991373686094,0.1419883717315705,0
0.0035518839842980186,-0.09886991804116553,0.29635289801120895,0.14231666792963932,0
0.002925412106428814,-0.09887074633171473,0.2917768710499937,0.1340920894954734,0
0.001792524349210012,-0.09888238592208451,0.27737628256239105,0.12613970836896682,0
0.0010066304039922063,-0.0988679444712478,0.2685795909834298,0.10929764377231509,0
0.0013677987624871365,-0.09887512382798681,0.27297793677291043,0.11771867607064096,0
0.001934142617305804,-0.09886577541655668,0.2829762411327654,0.11790365435627562,0
0.0015297686266598526,-0.09886142767338538,0.2785778953432848,0.10948262205794976,0
0.0011577153094357365,-0.09885674064947535,0.2737388877683916,0.10072778197950058,0
0.0003991762583456113,-0.09885451224368907,0.2589015349407381,0.09178801340149717,0
-2.778145538788662e-05,-0.09884363961925202,0.24922344101048716,0.07427843260077203,0
0.00016684918479978545,-0.09884872023659577,0.2540624879756126,0.08303322300113461,0
0.0003451806648662655,-0.09884319792680428,0.2592217894444413,0.07446337005029119,0
0.0005728974819941577,-0.09884741229523432,0.2640608364095668,0.08321816045065376,0
0.0008413701659364092,-0.09885198004573185,0.2688998597470457,0.09197296679409163,0
0.0006764244696281529,-0.09886096367758875,0.2637405629620839,0.10054282858690614,0
0.0034977412504954074,-0.09889515029224655,0.2908227858661999,0.1498744042983485,0
0.002408770431268368,-0.09886894861157897,0.2875300554627588,0.12616775781417155,0
0.002266006900327945,-0.09888867613365868,0.281623098149626,0.13406404005026867,0
0.0001517896075426897,-0.09883943684775336,0.2543821687798389,0.06573978498128646,0
-0.0003292175972898046,-0.09883557131335648,0.23954530096862245,0.0567689292977545,0
-0.00019119875217085136,-0.09883926836521155,0.2443843709895548,0.06552368094926327,0
-1.3211455126417286e-05,-0.09883613535828131,0.24954309875890657,0.0569850333297777,0
-0.00015529005346862058,-0.09883335289097175,0.2447011514800916,0.04838603876621446,0
-0.0005493212084649553,-0.09882996761770049,0.22986711151946948,0.03925947409585969,0
-0.0002787703244120947,-0.0988309735188068,0.23986205675551514,0.03963131116526705,0
-0.00044703300647426833,-0.09883249287648208,0.23470620624404598,0.04801420169680709,0
-0.0002624589315932858,-0.09882830248989118,0.23946247799430445,0.023860014245795775,0
-6.858541160259266e-05,-0.09882692428348049,0.24698738009327087,0.006487272310396398,0
-0.00016139849558668003,-0.09882749816629921,0.24322492904378767,0.015173643278096087,0
6.453331045072619e-05,-0.09882756271911357,0.252625826835516,0.01488054659896127,0
-2.706303293474e-05,-0.09882853317209477,0.2488633757860328,0.023566917566660957,0
-0.00013905305019655035,-0.09882971977635673,0.2446597399929326,0.031931581240235096,0
-0.0003989571169508396,-0.09882909454731689,0.23466479475688695,0.031559744170827735,0
0.0001457723181028767,-0.0988268598029084,0.2562171260399244,0.006166307319061532,0
2.5951336802500822e-05,-0.09882658610616173,0.2510785623175045,-0.0017866625473826926,0
-0.0003211488330971229,-0.09882610460866227,0.2354922150971544,-0.009915971909995195,0
-0.00010271490697294455,-0.09882643014804765,0.2453309798194462,-0.009988284657578488,0
-0.0001970785089106498,-0.0988264447377807,0.24123979759521263,-0.0017143497997993981,0
0.006399207059503356,-0.09899312988787344,0.2942574624549822,0.1915070910332105,0
0.004166029976909453,-0.09897877683172913,0.28498408184019697,0.17370787623066097,0
0.004258811026394852,-0.0989296578387198,0.29037986991786796,0.16573415654789375,0
0.00527445425512618,-0.09892751656397243,0.29519596056408803,0.17449293789115394,0
0.005234437072837673,-0.09898768680207884,0.2896207721475896,0.18260748363193574,0
0.006439474202567992,-0.0989173960352944,0.29983265087148064,0.1833925452924287,0
0.007848175281026621,-0.09888880503245064,0.3040693513374946,0.1922799079829301,0
0.0024139846110039494,-0.09895107656049786,0.2751969226969361,0.15587803931653518,0
0.003213419055101253,-0.09896667865941063,0.2800905022685665,0.1647929577735981,0
0.003371350415692296,-0.09892543668812948,0.2854862903462375,0.15681923809083084,0
0.0026473307134407763,-0.0989197254202769,0.2805334182168985,0.14893320552405284,0
0.001248525345124041,-0.09892688384558777,0.26542370942058,0.1418063593394767,0
0.0015580645866054871,-0.09890262786259527,0.27139999599148557,0.13397303385422177,0
0.0020503375717050827,-0.09891321811018704,0.2756468115787205,0.1418973655355236,0
0.0017890343702019929,-0.09893954225403509,0.27031031605875805,0.14884219932800594,0
0.0004705969489081069,-0.09889686748113759,0.25707384012811574,0.12559969694104228,0
-7.624209294845329e-05,-0.09887256786730217,0.2485829762838621,0.10892772351545776,0
0.00017082414040942023,-0.0988838638934283,0.25282840820598895,0.11726371022825002,0
0.00076977956772287,-0.09888126667639002,0.26282671555577275,0.11744867035667869,0
0.00046816064144437506,-0.09887172619898117,0.25858128363364596,0.10911268364388643,0
0.00018549537594560298,-0.09886287851168724,0.2537422556123001,0.10035786845847747,0
-0.000492504871705828,-0.09885377667627937,0.23890488068385612,0.09141804420874959,0
-0.0007620836532127098,-0.09884069888172792,0.22922674181364744,0.07390841212397556,0
-0.0006420168513451551,-0.09884660376537856,0.23406581124875178,0.08266322816636257,0
-0.0003988918084037994,-0.09884278612592622,0.2392250914120673,0.07409342236237379,0
-0.0005298810582743186,-0.09883806530707775,0.23438602139113496,0.06533867071086502,0
-0.0009377951180598189,-0.09883202052819563,0.21954855526567152,0.056398828200632176,0
-0.0008588654497721483,-0.09883589216581165,0.22438764853965948,0.06515362016230386,0
-0.0006390290997765085,-0.0988341749928881,0.229546928117147,0.056583878749193336,0
-0.0007313823671828345,-0.09883100776676246,0.2247078333925705,0.04782915114824593,0
-0.0010632187225869264,-0.09882652918195357,0.20986440074562523,0.03920962494399724,0
-0.0008124166603992181,-0.09882848517747779,0.21986575613254736,0.03923454951992847,0
-0.001005001998515935,-0.0988289611231437,0.21470647800564838,0.04780422657231471,0
0.0011400979679910088,-0.09889179335194759,0.26722506134525337,0.12586970265500455,0
0.0008250306439311609,-0.09891112077786265,0.2612487747743479,0.13370302814025947,0
-0.0002403890655358102,-0.09884844081960159,0.24406416084717164,0.08284823840476081,0
-4.7988563048139615e-05,-0.09885511851759092,0.2489032078122971,0.09160302880512339,0
-0.0003065579688048106,-0.09886238259914584,0.24374392848385912,0.10017288386210368,0
-0.0007329572516863933,-0.09882651192453445,0.22014797299685476,0.023963194383179152,0
-0.0005125398887676864,-0.09882603525819039,0.22772392264696353,0.007280968089790704,0
-0.0005009162860410963,-0.09882760651616464,0.2298052254955796,0.023911604314487463,0
-0.0003916230306879104,-0.0988270586087906,0.233593200320634,0.01557049116779324,0
-0.0006173933345118561,-0.09882621691945255,0.22393594782190915,0.015622081236484928,0
-0.0008905400909000553,-0.0988265719338594,0.21500618687124,0.031586409663588194,0
-0.0006451382980887523,-0.09882807966978227,0.2250075422581621,0.03161133423951942,0
-0.0002919964850372384,-0.09882665188991449,0.23735565137011722,0.006884120200093552,0
-0.00041362595419723076,-0.09882598883141114,0.23160806887205898,-0.0013175019101022453,0
-0.000745844125256596,-0.09882453610582882,0.2158280936886449,-0.009173809039429019,0
-0.0005362966241580308,-0.09882546724988515,0.22566015439289966,-0.009544890474712107,0
-0.0006302788650038859,-0.0988252039865166,0.2217760081678042,-0.0009464204748191574,0
0.0036919897982566298,-0.09913101849228292,0.2746002114883518,0.1904740302508034,0
0.0018471108551107753,-0.09904983030640568,0.26508689002867547,0.17314321301330288,0
0.002179792108069,-0.09899496867532158,0.2701419063628058,0.16451062616491902,0
0.0030282349357737153,-0.09902089010998195,0.2750354859344362,0.17342554462198193,0
0.0027056565677037138,-0.09908925410509319,0.26984355075851363,0.18180862163205314,0
0.004011020908247725,-0.09904423586450405,0.2797921466642744,0.18209095324073218,0
0.005246110430491189,-0.09906093044858214,0.284428836971667,0.19099056064200695,0
0.000506538815451477,-0.09898018957194511,0.2551840791309548,0.15579166638322345,0
0.0011080451516215948,-0.09901345158598172,0.26013548457981517,0.16446743969826316,0
0.001474547604493146,-0.09897027889051137,0.26519050091394547,0.1558348528498793,0
0.0009164474127167369,-0.09895182678017782,0.2603038942757674,0.14879901286135006,0
-0.00037924251964305565,-0.09893405427906116,0.24533227018196713,0.141722578897229,0
-0.0008375250386553806,-0.09889417538801692,0.23732169279993423,0.12550129298880666,0
-0.001144401485365407,-0.09886547662089139,0.22858635952387105,0.1085576792355397,0
-0.0010120267060167783,-0.09887838074463645,0.23295402616190264,0.11702948611217318,0
-0.00042190532987845163,-0.09888301470513577,0.24295233454189819,0.11721450825213221,0
-0.0006168704749795067,-0.09887042677557302,0.23858466790386657,0.10874270137549874,0
-0.000791237047803497,-0.09885952726499045,0.23374562010386357,0.09998786172214465,0
-0.0013437534806555837,-0.09884576161851891,0.21890822531333787,0.09104793383628437,0
-0.00103137771773697,-0.098843333796061,0.22406748356349265,0.08247817298012997,0
-0.0009268539370429805,-0.09885058629315545,0.228906552998597,0.09123298902251697,0
-0.0012602335285600893,-0.0988545146350953,0.22374729241860447,0.09980280653591203,0
0.00043834601789766793,-0.09893388771773536,0.2553779898012736,0.14176446911835283,0
8.915491505929871e-05,-0.09891451741095453,0.25120305515504143,0.13366113791913564,0
-0.0006351630091468931,-0.09891233538683142,0.24132698149095066,0.13361193594301785,0
-0.00018548150510359476,-0.09889772751888676,0.24719776646402497,0.1255504949649245,0
2.350879591527499e-05,-0.09895609617816047,0.25025817465646094,0.14875712264022622,0
-0.0014415483539503364,-0.09883342282256527,0.20922990856382886,0.07354564902314417,0
-0.0014846355209027992,-0.09882598002747733,0.19955085517596116,0.05608068579254833,0
-0.0014675867917922183,-0.09882921906931995,0.204390381869895,0.06481316740784625,0
-0.0011729804179233248,-0.09883288294960076,0.21438923191475018,0.06497223861188817,0
-0.0012211756100755549,-0.09882923883467193,0.20954970522081634,0.05623975699659026,0
-0.0012616854480183989,-0.09882640550624987,0.2047076279607932,0.04764515536827278,0
-0.0015169578493958566,-0.0988216428911314,0.18985943465634125,0.03951800367151825,0
-0.0012996473524682698,-0.09882421986360745,0.19986191770098324,0.03936381430775775,0
-0.00150206289219792,-0.0988235349752554,0.1947051449161512,0.04779934473203329,0
-0.0011115090021401707,-0.09883751281097936,0.21922832518873814,0.07372703057355987,0
-0.0014021488076889806,-0.0988388424295997,0.21406906693858335,0.08229679142971427,0
-0.0011861229105513656,-0.09882317049908772,0.19992552142737682,0.024339668474124422,0
-0.0009490061758478433,-0.09882376222473185,0.2077435900536286,0.007962878261053706,0
-0.0011388790704356612,-0.09882192668579888,0.19619232689283445,-0.007881532281335684,0
-0.0008431498767941726,-0.09882410489785788,0.21178584187113675,-0.0006054653891876564,0
-0.0010433886220293422,-0.09882277163833705,0.2019679584732315,4.067298985901101e-05,0
-0.0009474942728615026,-0.0988233431037378,0.20601021029073968,-0.00852767066038235,0
-0.0011268092283751555,-0.09882468361269639,0.20489496108650102,0.03177464670906083,0
-0.0009662880065854437,-0.09882499987646437,0.2100367472121158,0.02415143142865179,0
-0.0010613874704840604,-0.09882346946165495,0.20383455574050272,0.016151273367589064,0
-0.0008438831171591317,-0.09882501313474533,0.21394578152524169,0.01596303632211643,0
-0.0007352721606463536,-0.09882505193160881,0.21773375635029607,0.0076219231754222055,0
-0.001344209575689935,-0.0988225159187741,0.19489247804185905,0.031928836072821334,0
0.0007504004342555297,-0.09919690779039463,0.2549212071454445,0.1900191158946087,0
-0.00062191792018272,-0.09906530467439117,0.24494735537254037,0.17304143953173576,0
-0.0014439331374410977,-0.09897102743590258,0.23513574382472144,0.1559215472306377,0
-0.00108812505444834,-0.09901374325725554,0.2400415495986309,0.16448149338118673,0
7.3607884728349284e-06,-0.09901970618418987,0.2500657172517476,0.1644165529574796,0
0.0006172922501907468,-0.09906566543948622,0.25501712270060795,0.1730923262725193,0
-1.205097823418194e-05,-0.09912612578996918,0.24993428125899242,0.18153027771317223,0
0.0013790634230318364,-0.09911632012418084,0.26000404858705994,0.18158116445395578,0
0.002310327473611886,-0.09917283903848076,0.2647607093168981,0.19024657307270604,0
-0.00047265651216799314,-0.09898065711803963,0.2451599114778381,0.1558566068069306,0
-0.0008681569819688188,-0.09895234040211864,0.2402340070033443,0.14882206306393336,0
-0.002001385385146209,-0.09891359446330053,0.22489964151344075,0.14166488996607743,0
-0.0021487909660822145,-0.09887335700653754,0.2164102342087417,0.12525063831231908,0
-0.002094622115896881,-0.09889116010537471,0.22065493786109122,0.13345776413919824,0
-0.0013716025499504003,-0.09890455379846608,0.2311106671566875,0.13358309147744205,0
-0.001202513010173916,-0.09892709471993308,0.23511595584770395,0.14169373443165323,0
-0.0017587474196303968,-0.09893989777773032,0.2300176926690811,0.14879321859835756,0
-0.001509066680929796,-0.09888576458790516,0.22686596350433796,0.12537596565056286,0
-0.0016081861725655907,-0.0988701528302444,0.22249829686630637,0.1169041587739294,0
-0.002123889201870977,-0.09884866402239018,0.2085897412805826,0.10818748353623797,0
-0.001649515754404777,-0.09885805662771327,0.21858805040222684,0.10837258138588884,0
-0.0021459620182439957,-0.09885944824658441,0.21249998774466217,0.11671906092427853,0
-0.0017056394818071646,-0.09884767939005547,0.21374898329696024,0.09961770868626117,0
-0.0020982571913718607,-0.09883252726633206,0.1989115725795259,0.09067767437038127,0
-0.0021201067452969674,-0.09883946612763213,0.20375065693005426,0.09943257895330962,0
-0.001736338200895363,-0.09883961331131665,0.2089098989464319,0.09086280410333282,0
-0.0017482483702958437,-0.09883340562332012,0.2040707405716774,0.08211166169676272,0
-0.002022615742341458,-0.09882354105631212,0.1892334986438666,0.07316028451655333,0
-0.001937517617412515,-0.09881876267277875,0.17955671274500545,0.055853281126349644,0
-0.001979971162675498,-0.09882076851870472,0.184395105694436,0.06450678282145149,0
-0.0017247920527483696,-0.09882242764260168,0.1895537839604833,0.05596698345944899,0
-0.0017373672630521205,-0.09882509994644123,0.1943921769099139,0.06462048515455084,0
-0.0017467863016227057,-0.09882867178728044,0.19923170360384773,0.07335296676984876,0
-0.0020640772504853496,-0.09882735274436572,0.19407253561169624,0.0819189794434673,0
-0.001716245857166282,-0.09882043663589607,0.18470807370067335,0.04768564239893394,0
-0.0018742463277425148,-0.09881624288289576,0.16988684625385655,0.039299617152872605,0
-0.0019036231500579735,-0.09881730788811319,0.17472177949943102,0.04757644913961112,0
-0.0017085797747974064,-0.09881893355124081,0.1798731404550989,0.039408810412195426,0
-0.001576882648578283,-0.09881886347380232,0.17945540493410747,0.024807693768396734,0
-0.001331330722504679,-0.09882057056960208,0.18822962151974892,0.009038811600789978,0
-0.0014810204547787604,-0.09881862972463581,0.17659289799062847,-0.006120412184115501,0
-0.0012302114566445574,-0.09882124033976257,0.19221097420629168,0.0005786396597271468,0
-0.0014042788982563598,-0.09881955163257747,0.18241125975518868,0.0014591997083372383,0
-0.001317531211706556,-0.09882033719883085,0.18639261244173144,-0.0070009722327255925,0
-0.0013917150226591818,-0.09882108545056442,0.18969046318074215,0.024573681121260578,0
-0.0014481768436446839,-0.09881977575975107,0.18384251322692818,0.016923252684593354,0
-0.0012594267864769599,-0.09882175574080264,0.19407757147356286,0.016689240037457198,0
-0.0011470726832016388,-0.09882226011493389,0.19798660578668875,0.008500844930921842,0
-0.0015472626732563092,-0.09882010506659764,0.18465741979522438,0.03216284871995749,0
-0.0017194639592152082,-0.09881768021308625,0.174671125593982,0.03205365546063467,0
-0.002239142889785213,-0.09917447179141874,0.2352375608496372,0.1901715774166525,0
-0.003049005906137563,-0.0990203838227358,0.22484050203388656,0.17346383881033028,0
-0.003391896244283485,-0.09892612620673205,0.2144514293425096,0.1571916757984954,0
-0.0032620098604940074,-0.09896765262647483,0.21964596568819808,0.16532775730441285,0
-0.00217099406373229,-0.09899603411403066,0.22998812292930398,0.164692693020484,0
-0.0024358690284647724,-0.09895320076551038,0.22479358658361553,0.15655661151456657,0
-0.00264606641169993,-0.09892135412972826,0.2196755354279752,0.14942828288228643,0
-0.0034896774104871066,-0.09887117200001434,0.2043327984232667,0.14196253871907422,0
-0.0027713394218987376,-0.09889459629986919,0.21461621996835373,0.14181371434257584,0
-0.0027719981863129056,-0.09887416845535817,0.2103715163160042,0.13360658851569665,0
-0.0032340564798500225,-0.0988419421201509,0.19639783331601776,0.1248400289249053,0
-0.0033677084194025306,-0.09885437087712665,0.20036531586964224,0.13340128382198976,0
-0.002716928494739743,-0.09885853007263971,0.20640403376237973,0.1250453336186122,0
-0.002643380770681169,-0.09884676490894861,0.2024937872983002,0.11651375623057164,0
-0.0029402122775604874,-0.09882646661396378,0.1885981914649236,0.10754285647663536,0
-0.0024930448558701307,-0.09883036348387564,0.19375488202222474,0.09911026542350831,0
-0.0025553894831946405,-0.09883787249016981,0.19859396637275312,0.10786517000643667,0
-0.003087634469135461,-0.09883294531110844,0.19249801239047068,0.11619144270077034,0
-0.000774303225920263,-0.09919672409158507,0.24507938399754084,0.1900953466556306,0
-0.0013601227690335587,-0.09911688291162811,0.24009245811108879,0.18160650847419413,0
-0.002727086413839664,-0.09908850475530756,0.23003903144176188,0.1818177081134914,0
-0.0018485179837801273,-0.09905048233150225,0.23489392870321346,0.173252639171033,0
-0.0034669542985792975,-0.09889519913730799,0.20939211388288814,0.1495771072587848,0
-0.0027067154733782127,-0.09881728108428817,0.17891577008524584,0.09026156799638833,0
-0.0024699238438512273,-0.09881329132072811,0.16923709196591008,0.07277539191829618,0
-0.002264863382823206,-0.09881831985750865,0.17923529530488835,0.07296783821742475,0
-0.0025860426347422733,-0.09881483143323254,0.17407643102557796,0.08151847995734227,0
-0.0023445044721019945,-0.0988210416246838,0.18407463436455623,0.08171092625647083,0
-0.0024232051588419547,-0.09882493092304662,0.18891367133238587,0.09046962118338481,0
-0.002825223148107464,-0.09882100958831154,0.18375698077508473,0.09890221223651186,0
-0.0021891594032944313,-0.09881644683067144,0.17439690235545777,0.0643143365223229,0
-0.002262273018274693,-0.0988118864745118,0.1595584548970821,0.05528473199980484,0
-0.002116907951431732,-0.09881142748235454,0.1499836117671264,0.039036290974923296,0
-0.0021842924134022465,-0.09881158265927562,0.15477103333210424,0.04716051148736407,0
-0.0020108072063580737,-0.09881370617753303,0.15993522901049148,0.03916795406389795,0
-0.002059108916366585,-0.09881431023450825,0.1647226505754693,0.04729217457633872,0
-0.0021167575811970986,-0.09881518659283929,0.16955758382104377,0.05556900656307724,0
-0.0023611750556501547,-0.09881238098489173,0.16439777343149609,0.0640300619590505,0
-0.0018692674683831088,-0.09881455914562223,0.15970097931310703,0.025711855923377627,0
-0.0016551292280332526,-0.09881685163459838,0.16858499656072096,0.011209302471990111,0
-0.0017522998046281824,-0.0988151201462371,0.15702906933619815,-0.003998947296528274,0
-0.0015622823208062456,-0.09881776656256819,0.1725889472756747,0.002544445143937305,0
-0.0016999942491652234,-0.09881596797723098,0.16280703294845955,0.0036051775877309184,0
-0.0016267565237321788,-0.09881686896647379,0.1668109836634133,-0.005059679740321888,0
-0.0017351764273918575,-0.09881668325818087,0.16957819212360725,0.02525977484588718,0
-0.0017576147885428673,-0.09881577986824272,0.164142987936914,0.018460579197683867,0
-0.0016152625091456548,-0.0988177839298218,0.1740202007474142,0.018008498120193422,0
-0.0015027008283786628,-0.09881874233933059,0.17840730904023494,0.010124057036390044,0
-0.001870536893089018,-0.09881531035746212,0.1647939127834818,0.032505736538125114,0
-0.0019892412725850696,-0.09881310031927865,0.15484229554011672,0.03237407344915046,0
-0.0050859179349393374,-0.09906928411342658,0.2155675444190997,0.1909215933815534,0
-0.005297903029977845,-0.09892709408514841,0.20477686402622047,0.1746617321794934,0
-0.00514146256584062,-0.09885199723751445,0.19363049907242896,0.1586427527044492,0
-0.005247933134138102,-0.09888368685724096,0.19920368154932472,0.1666522424419713,0
-0.0043038543190682624,-0.0988915906731743,0.20404096420746928,0.15791721425147232,0
-0.0042697385074721645,-0.09893006081999318,0.20961414668436504,0.1659267039889944,0
-0.004200803223462819,-0.09897948272187654,0.21480868303005352,0.17406278549491183,0
-0.004012052300711123,-0.09904522437863757,0.22020402322649313,0.18219271609594184,0
-0.005275683440430739,-0.09898646096054167,0.2101722042226601,0.1827916627805234,0
-0.003808912680956485,-0.09912659481782166,0.22540255263436845,0.19054658539910296,0
-0.004261692768147944,-0.09886482867375042,0.19898164874784785,0.15030264571176172,0
-0.004697734102576416,-0.09881891205014395,0.18420713970986574,0.14228964778866826,0
-0.0041141238894283625,-0.0988075334157597,0.1763537713616369,0.12502479787379103,0
-0.004399903722563508,-0.09881186620875074,0.18028045553575134,0.13365722283122966,0
-0.003920742264971515,-0.09883322370226436,0.19030248651294174,0.13356483835678679,0
-0.004130150870074655,-0.09884553500324035,0.19426996906656624,0.14212609325387124,0
-0.0049275295590896365,-0.09883236835041892,0.18891881939114735,0.1504662002465587,0
-0.003705838296755299,-0.09882466832978236,0.18637580233882733,0.12493241339934816,0
-0.0034935833982402196,-0.09881887645641287,0.18247598141328025,0.1162838271752132,0
-0.0035569915458453214,-0.09880448976001965,0.16860256036914992,0.10711906342502119,0
-0.0031346686838548267,-0.09880348843771623,0.1589194381719172,0.08987456319700379,0
-0.003340524453651706,-0.09880355149214601,0.16376099927053356,0.09849681331101248,0
-0.003108764345962166,-0.09881190609810073,0.17375916522719786,0.09869031571070476,0
-0.003276815227347854,-0.09881513603277314,0.17860037591703676,0.10733095995082828,0
-0.003826198798152787,-0.09880536370367721,0.1724781658653934,0.1160719306494061,0
-0.002784837258897102,-0.09880905522946225,0.16407826506891365,0.08132497755764999,0
-0.0029450797773704455,-0.09881000512268448,0.16891760412858153,0.09006806559669606,0
-0.0027579961862866276,-0.09880480261938708,0.14924028810445908,0.07241300358207749,0
-0.0024482587120386,-0.09880663442541843,0.13956180331042256,0.05491353213629611,0
-0.002594008296933144,-0.09880572177710277,0.14440104570744083,0.0636632678591868,0
-0.0023739049411684466,-0.09880899200843322,0.14956012910375233,0.05509913206805048,0
-0.0024974632476610207,-0.0988087488474235,0.1543993715007706,0.06384886779094116,0
-0.0026351462720856193,-0.09880871206116021,0.1592386900351846,0.07259419775018683,0
-0.0029385478662999863,-0.09880400260638868,0.15407986313818814,0.08114378338954065,0
-0.0022754702147873324,-0.09880923054889756,0.14477270753877447,0.046974911555609705,0
-0.0021976322090529548,-0.0988082508694695,0.12895023963716537,0.03580522009566692,0
-0.0023111004245512895,-0.09880752648603762,0.13425602147379395,0.04535937611598151,0
-0.002175323511581959,-0.0988095891620447,0.1394669257021459,0.03742075553529511,0
-0.0020436852637192157,-0.09881106432119525,0.1410236862574427,0.026043634405365203,0
-0.0021233656445433925,-0.09880966209971184,0.13498696294730403,0.03092442725051606,0
-0.002076869105707469,-0.098811228536381,0.14550364901228455,0.03253996269014425,0
-0.0019692370964585087,-0.0988127068874922,0.15036233278527486,0.025877745164371413,0
-0.0018921940017052853,-0.09881323084885588,0.1492713904040043,0.013874524069098337,0
-0.0019328570234639713,-0.0988119351139079,0.13749176470997534,-0.0016452000696333363,0
-0.001815245258645482,-0.09881423362935955,0.15315022987010124,0.004937788386285032,0
-0.001906984584826639,-0.09881260340228314,0.14338157755698983,0.0061146619997325,0
-0.0018551050823734194,-0.0988134538924481,0.14726041702308673,-0.002822073683080805,0
-0.0018796101766845514,-0.09881385719923597,0.15448618485855567,0.019793189996237984,0
-0.001785267944378602,-0.09881499902295166,0.15892819348236265,0.012541913270544224,0
-0.0019654868855717225,-0.09881219828977128,0.1451475383307235,0.01995907923723177,0
-0.007611844257750788,-0.09890727699711245,0.1959260328513177,0.1922212147213933,0
-0.007215837417030972,-0.09880563680157303,0.18461779349296528,0.1761104593508845,0
-0.006514691841491458,-0.09877028756652895,0.17314151034984704,0.16008646621223888,0
-0.0057256306362348,-0.09876344630583084,0.16203875815914634,0.1437710385744883,0
-0.0046373117173404,-0.09878093647108817,0.15827808768292428,0.1245860792647879,0
-0.005148211683546142,-0.0987730550057426,0.16015842292103533,0.1341785589196381,0
-0.004878999271653271,-0.09878901367931787,0.16919626476039162,0.13439791822413966,0
-0.00440675817348491,-0.09879331801478923,0.16731592952228058,0.12480543856928947,0
-0.004069107669535844,-0.09879433233626313,0.1634403240260371,0.11585257134490454,0
-0.003948941572756032,-0.09878722052103789,0.1486010963201962,0.10701116158454624,0
-0.003360536867742805,-0.09879392062020806,0.13892205798871543,0.08954502016596523,0
-0.002870811670492993,-0.09879961568996004,0.1292435352545354,0.07204926192938145,0
-0.002836846933528675,-0.09880173377632871,0.13924191167949723,0.07223113275572947,0
-0.0031030579081266184,-0.09879694213260098,0.13408279662162542,0.08079714104767334,0
-0.003045357523042102,-0.0987999049071633,0.14408117304658724,0.08097901187402136,0
-0.0032739866286671093,-0.09879804353990165,0.1489207480803163,0.08970979168148452,0
-0.00352228124352288,-0.09879630580359548,0.15376026724605668,0.09844286239077502,0
-0.0036424967504649556,-0.09879063691317795,0.1437615771544558,0.09827809087525574,0
-0.006599409451152605,-0.09897998490040189,0.2057467886352087,0.19157140405147335,0
-0.006419777747999723,-0.09891949448356227,0.2003514484387691,0.18344147345044337,0
-0.0074953718434150616,-0.09884319765276026,0.19027191317214148,0.18416583703613892,0
-0.006300162809424227,-0.09886884876481024,0.1946973287595929,0.17538609576518896,0
-0.0061084280948537194,-0.0988343598083539,0.18912414628269714,0.16737660602766685,0
-0.0068756855507468295,-0.0987834077458221,0.17887965192140615,0.1680984627815617,0
-0.00587928285185948,-0.09881073999467938,0.183386004711138,0.15936460945834402,0
-0.005553569420358183,-0.09879899190847338,0.1786743250298564,0.15118805700045357,0
-0.006121240551933829,-0.09876462011284459,0.1675901342544967,0.1519287523933636,0
-0.005263369849420359,-0.09879002443607932,0.17312294893450603,0.14303034318157828,0
-0.003784065965557673,-0.09879500690517747,0.15860182834467307,0.1070651125047837,0
-0.004281725348066399,-0.09878385313497735,0.15343959200156024,0.11579862042466707,0
-0.002649684671102367,-0.098803417926189,0.134402669282479,0.06348139703283878,0
-0.0024764118639122494,-0.09880386841603157,0.1194096247865693,0.05427742942897518,0
-0.0026607029662204895,-0.09880194130783738,0.12432658002055236,0.0631633456791783,0
-0.002481985214146435,-0.09880491574090529,0.12948571404849593,0.05459548078263564,0
-0.002327258837647684,-0.09880624281852013,0.12417993221186734,0.04504132476232105,0
-0.0021762269629066336,-0.09880638989575899,0.10630758348057753,0.03729105776763362,0
-0.002049627603686482,-0.0988084096110337,0.11190113362868738,0.01930992327887004,0
-0.0020274172232641234,-0.0988102261193931,0.1298474747745486,0.016494655632752268,0
-0.0021208844608015015,-0.09880833125620289,0.12042568663292638,0.02755757168726848,0
-0.002051759646001171,-0.09880918038631875,0.12087430420161799,0.017902289455811154,0
-0.0020976444249580393,-0.09880941097877405,0.12939885720585698,0.02614993786420959,0
-0.0020359444531565804,-0.09881061835870732,0.13543558051599563,0.021269145019058737,0
-0.0019737381512109236,-0.09881161526211237,0.13955943258927644,0.015184589850925303,0
-0.0019722299259043313,-0.0988111623842377,0.133669619742262,0.0074247277815594655,0
-0.0020045673874550924,-0.09880957839309909,0.11796584267168209,0.0008009029687514292,0
-0.0019833146360695116,-0.09881062652429344,0.12772880369082873,-0.00042214855044095357,0
-0.0020090016779913075,-0.09880996043602035,0.12390665872311535,0.008647779300751848,0
-0.0021023388069496274,-0.09880752211775537,0.10910435855463246,0.02830049052325183,0
-0.002209518850903139,-0.09880702608643457,0.11762891155887145,0.036548138931650265,0
-0.00231751427618936,-0.098805258188038,0.11285860413357342,0.045784243598304394,0
-0.009665435965171438,-0.09872775173977652,0.1763208908223542,0.1939886762133007,0
-0.008686139942920728,-0.09868779485782218,0.16469466637333188,0.17809693339015154,0
-0.0074859445405613964,-0.09870095647588718,0.15290677124615534,0.16208011359175484,0
-0.0080787782375147,-0.0986923136241,0.1588007188097436,0.1700885234909532,0
-0.00705863101134847,-0.09873288603966332,0.1630241407980012,0.16108328990199686,0
-0.007534482114475067,-0.09873563209649054,0.16891808836158945,0.1690916998011952,0
-0.008002589293994878,-0.09874588837153779,0.17465622993314858,0.17710369637051804,0
-0.008426225951413083,-0.09876887303686796,0.18046934215765975,0.1850495677820926,0
-0.009249935698637524,-0.09869499086350962,0.17050777859784305,0.18604280480172614,0
-0.008973968810902181,-0.09879300329359707,0.18612346183683595,0.19310494546734702,0
-0.006558865832909428,-0.09873632027982221,0.15747276470265084,0.15292557608312157,0
-0.006236250676075243,-0.09872823383607722,0.14137009586558363,0.14457361881961986,0
-0.004927433493651203,-0.09876217053600234,0.13828149047758467,0.12421547675478574,0
-0.0055378861800433644,-0.09874725865020446,0.13982579317158417,0.1343945477872028,0
-0.004822237923696798,-0.0987698502845923,0.14827978908025446,0.12440077800978683,0
-0.0054105362464530946,-0.0987573774546098,0.14982409177425396,0.13457984904220388,0
-0.006032895612675304,-0.0987432155870451,0.15170442701236497,0.1441723286970541,0
-0.00684430083308345,-0.0987143589678805,0.14713843355586947,0.15332686620568736,0
-0.004417576743537585,-0.09877591842652335,0.14344129339889045,0.115613319169666,0
-0.004076574225314455,-0.09877826089780284,0.12860355778693558,0.10669118181254927,0
-0.004045079370970719,-0.09878159449747989,0.1386023270535659,0.10685117169854776,0
-0.004483270273817045,-0.09877073848695254,0.13344252413226013,0.1154533292836675,0
-0.003704357028749511,-0.09878673048224568,0.13376280788782552,0.09811810098925725,0
-0.0033723217616445957,-0.09879016527360665,0.11892517296437395,0.08918969825389018,0
-0.0028038465880424646,-0.09879836171680821,0.10924683478906812,0.07168444875842926,0
-0.0023625991546914133,-0.09880353788111298,0.09893879158488769,0.05467601923360002,0
-0.0024398190331289095,-0.09880336972681605,0.1091742081857285,0.0544767243312876,0
-0.00256961676152392,-0.09880124887957713,0.10409281318697791,0.06318023399601463,0
-0.002632799656206364,-0.09880125203302734,0.1143282297878187,0.06298093909370223,0
-0.0028596539111184556,-0.09879849692311722,0.11924518502180176,0.07186685534390536,0
-0.0030717547030622685,-0.09879468226081102,0.11408600387672103,0.08043707350615972,0
-0.003111843013690947,-0.09879519600137704,0.12408435410945468,0.08061948009163582,0
-0.003393130961441412,-0.09879127918438012,0.12892361547654468,0.08936735920992771,0
-0.0037068244217529664,-0.09878471779767015,0.12376436537565477,0.09794044003321972,0
-0.00226090875289436,-0.09880505790031383,0.10262318753273261,0.045983538500616816,0
-0.002064418593653549,-0.09880625748127286,0.08901625000025833,0.040968352721225114,0
-0.001926232641675887,-0.09880779298859993,0.08990213793247392,0.022272774209847048,0
-0.0019814297821590765,-0.09880716037183547,0.08945919396636612,0.03162056346553608,0
-0.0021339493980798347,-0.09880614494451351,0.09766191674041794,0.039129705244429366,0
-0.002048284205967379,-0.09880715919187685,0.09810486070652573,0.029781915988740332,0
-0.0020086011564171237,-0.09880788019851824,0.10090163578058065,0.020791348744358545,0
-0.0019534855582589725,-0.09880839786009624,0.09843359706567222,0.0031948972563168023,0
-0.0019309912584409257,-0.09880816933493455,0.09416786749907308,0.012733835733081926,0
-0.001994476307944349,-0.09880847986873433,0.1051673653471798,0.011252410267593422,0
-0.0019949968415491556,-0.09880882908249246,0.10819971986867716,0.0019979001125341156,0
-0.0020169430758964313,-0.09880909933343714,0.11493348815018473,0.010055413123810735,0
-0.0022060617396549706,-0.09880504631115462,0.09397752079257302,0.04782218597741257,0
-0.011130250834821262,-0.09857335914100596,0.1567512396874989,0.1961150489967212,0
-0.009616633003670506,-0.09860114807778607,0.14496586348145404,0.18028470660851614,0
-0.007995136362567903,-0.09865997117077835,0.1329857896643054,0.16432785895450577,0
-0.006658388923794515,-0.09870592470841993,0.121086998950767,0.14969506330553042,0
-0.0073109215585721084,-0.09868385496711116,0.12703639430753622,0.1570114611300181,0
-0.006498235070624488,-0.09871405510937462,0.1312285474081753,0.14713434106257514,0
-0.007070493574829476,-0.09869782915425948,0.13717794276494452,0.15445073888706282,0
-0.007802291973733337,-0.09867609617816711,0.1429462804552304,0.16320398627313032,0
-0.008782184478760207,-0.09863155175441005,0.1389758265728797,0.17230628278151094,0
-0.00849428218282121,-0.0986572401322834,0.1489363173638047,0.1711824101001355,0
-0.009208452672051046,-0.09864084241380915,0.15483026492739296,0.17919081999933384,0
-0.010436315891503317,-0.09857667350567692,0.15085855158447647,0.18819987780261865,0
-0.009915396699603167,-0.09863089749046623,0.1607229530304154,0.18710599119343635,0
-0.010794984469218385,-0.09861063799761707,0.16653606525492654,0.19505186260501095,0
-0.005644477988777081,-0.09873912351479318,0.1274345506096821,0.13526726981371898,0
-0.005285783869602159,-0.09875085841682327,0.13285802054363338,0.12974137328425236,0
-0.005953056959156278,-0.09873263682703844,0.13440232323763285,0.13992044431666942,0
-0.006134219348460121,-0.09872359980354752,0.12426077478022454,0.1424811665596247,0
-0.004876503761504753,-0.09875816469613131,0.11829377636502506,0.12336431155054839,0
-0.004464667229122981,-0.09876876955841098,0.12344866707598032,0.11502774668154883,0
-0.004940338790361501,-0.09875838453663972,0.12828763342130486,0.12378989415266706,0
-0.005251702908967133,-0.09874905090181542,0.12286416348735357,0.12931579068213367,0
-0.003947027940358272,-0.09877857739532482,0.10860676390817854,0.10633156938415596,0
-0.003651278201393051,-0.09878458189179143,0.11376596843627625,0.09776063381902307,0
-0.0040430836181825636,-0.09877729302834407,0.11860516084755707,0.10651137559835261,0
-0.004389027095123691,-0.09876937122566425,0.1134502701366018,0.11484794046735217,0
-0.0031745752489944,-0.09879226798057843,0.09892851314968013,0.08882349223866665,0
-0.0025653918416132858,-0.09880067379184841,0.08914560211988763,0.07148929511777123,0
-0.0024602281099123193,-0.09880206332165291,0.09404219685238766,0.06308265717568562,0
-0.0027058805135659397,-0.09879911585151926,0.09919621845447787,0.07158687193810025,0
-0.002851642079547648,-0.09879700355988887,0.09403705763478387,0.08015639367821895,0
-0.0029839482579933933,-0.09879533534575957,0.10408767396937413,0.08025397049854796,0
-0.003298847897361219,-0.09879053962009547,0.10892684305702705,0.08900659524627841,0
-0.0035392840181444393,-0.09878620400333255,0.10376763852892934,0.0975775308114113,0
-0.002099160036748411,-0.09880550938485705,0.07957379358593143,0.05435321833331109,0
-0.0017461369270449685,-0.09880814184850782,0.07035894123295643,0.0362487186061761,0
-0.0019158822523268261,-0.09880714809529387,0.07968759561660738,0.03860853566370061,0
-0.0018495677877974897,-0.09880777017127214,0.08013053958271518,0.029260746408011573,0
-0.0016602548873014154,-0.09880874781446312,0.0703648132951593,0.018872416730912042,0
-0.0016920514284999963,-0.09880851389605962,0.07036187726405786,0.027560567668544072,0
-0.0018064699178731722,-0.09880817768022837,0.08013347561381662,0.020572595470379547,0
-0.0017728097940201614,-0.09880847078635098,0.0788787681130443,0.005394865865560176,0
-0.0018793894447387293,-0.09880828656724873,0.08865618258935826,0.004294881560938489,0
-0.0018397335840108163,-0.09880823521797967,0.0843904530227591,0.013833820037703611,0
-0.0017140319241343701,-0.09880861565839934,0.0746217907041018,0.01213364129823611,0
-0.002316787763485651,-0.09880343569425726,0.08435969785290953,0.06292125672554116,0
-0.0022475150689145545,-0.09880431200782137,0.08925629258540957,0.05451461878345555,0
-0.0020817687579213822,-0.09880581206450632,0.08429502179309488,0.0476607855272681,0
-0.0019079251480423583,-0.09880705257509213,0.07496636740944393,0.045300968469743595,0
-0.011927869648183887,-0.09848002610501128,0.1372078753933555,0.1984719233079192,0
-0.009990836768654844,-0.09856410708342256,0.12540898924659297,0.18277520205753495,0
-0.008088003683309638,-0.09865330931586243,0.11376103722856513,0.1672656636383901,0
-0.009002788673407636,-0.09861241301370481,0.11958501323757906,0.17502043284796254,0
-0.008946196777620251,-0.09861669335093667,0.12919738945544917,0.17355153050602035,0
-0.008101505061778466,-0.09865180335623638,0.12337341344643526,0.16579676129644794,0
-0.007346590100190187,-0.09868130297130784,0.11742401808966607,0.15848036347196026,0
-0.006497280743101566,-0.09871558816239775,0.10142186302200122,0.1525893138147857,0
-0.007266716844717488,-0.09868695859145929,0.10759145012528318,0.1599274887265879,0
-0.006629279462098175,-0.09870741935377393,0.1112544309863841,0.15114218856015804,0
-0.005560994659751795,-0.09874017842115787,0.10899159560895746,0.136728342328608,0
-0.004520540226773432,-0.09876755559582101,0.09845330214305657,0.12226912175091388,0
-0.0035771635149224454,-0.09878690311869015,0.08861014133136774,0.10596357424419187,0
-0.0027838154380337952,-0.09879890139268263,0.07893193968430891,0.08845412001324401,0
-0.003156642587623206,-0.09879374914875687,0.08377104050783832,0.09720884712871794,0
-0.0030018664970055922,-0.09879514394127689,0.08893022641699452,0.08863880612595533,0
-0.003373355243837545,-0.09878936083317114,0.09376932724052393,0.09739353324142926,0
-0.0037905429018434246,-0.09878189795894292,0.09860845261977313,0.10614757181417392,0
-0.004230298629375613,-0.09877293793563098,0.10353003302561756,0.11430034556753492,0
-0.004732684008639933,-0.09876146080075197,0.10837353925404081,0.12281671665073113,0
-0.005215475998577465,-0.09874920291216381,0.11364268598699126,0.13004632693957818,0
-0.005021146278706959,-0.09875509036486046,0.10372244887600701,0.12949873203976095,0
-0.011964119517150238,-0.09847562876248657,0.14697955754042719,0.1972934861523202,0
-0.010799810390616687,-0.09853777587921943,0.14108686943740478,0.18937831495821766,0
-0.01100934611379349,-0.09851473620580697,0.13130843231997424,0.19062356268272707,0
-0.009862125361008216,-0.09857749478918072,0.1351874263640235,0.18152995433302554,0
-0.0056405540477288815,-0.09873761974707307,0.11821307310931978,0.1359978060711635,0
-0.006098390303729361,-0.09872390649471167,0.11503929727986223,0.14321170281706921,0
-0.006017230097506887,-0.09872812050498514,0.10520672931547934,0.14465882807169683,0
-0.004024841455568112,-0.0987783743617148,0.09353172173721216,0.11411634799755288,0
-0.002673821704072775,-0.09879955126018918,0.08403877090209827,0.07997170756550762,0
-0.0021651969638444937,-0.09880548393461382,0.0692537426085817,0.07094451549372596,0
-0.0024546336863339987,-0.09880271456359646,0.0740928411464453,0.07969931775348499,0
-0.0023832145078581256,-0.09880287700368956,0.07919967236423467,0.07121690530574859,0
-0.002132474769934143,-0.0988052981192533,0.07441376809725657,0.06264886691351852,0
-0.0017010078549256331,-0.09880878056709828,0.05963178362145465,0.054254092267236584,0
-0.0019183136818461757,-0.0988074187813528,0.06444276311501818,0.06259930388048127,0
-0.0019153877243370558,-0.09880704795842545,0.06960278860369304,0.05430365530027384,0
-0.0017225701986662409,-0.09880831242124695,0.06499536242720554,0.045251405436706346,0
-0.001305906492725545,-0.09881060876180477,0.04797041380595846,0.03950418158013581,0
-0.0013580563209341912,-0.09881000238934737,0.05339397842916904,0.023177113805250987,0
-0.0013270031789122852,-0.0988102568246644,0.05068219611756375,0.031340647692693395,0
-0.0015443282503763292,-0.09880928231572138,0.05916467751945745,0.037876450093155954,0
-0.0015510548931015266,-0.09880917605417466,0.061876459831062734,0.029712916205713542,0
-0.0015196712268378343,-0.09880931387484847,0.06187939586216417,0.021024765268081516,0
-0.0014658065167348587,-0.09880953877406694,0.059290270271048405,0.0072686676553916935,0
-0.0014056718581032712,-0.09880977375333053,0.05634212435010873,0.015222890730321341,0
-0.0015610103715727832,-0.09880916790776746,0.06482754178310385,0.013070542193151867,0
-0.0016344681558463294,-0.0988089093214927,0.06908451919204635,0.006331766760475935,0
-0.0014946495084917242,-0.09880985805614777,0.05380109871370656,0.0468791369236862,0
-0.012017474053823871,-0.09846913188077493,0.1176755593694548,0.2009191173322832,0
-0.01242214166685662,-0.0984189006867903,0.12744171738140514,0.1996955203201012,0
-0.01105091021001992,-0.09851000527918108,0.12154227430802389,0.19184715969490906,0
-0.00979264703462301,-0.09858501973187994,0.10578082964711595,0.1855030701318688,0
-0.009950095848493778,-0.09856913204713903,0.11559490944685447,0.1841391360947019,0
-0.00891026220927687,-0.09862092973422659,0.10977093343784054,0.17638436688512946,0
-0.0076976014478873835,-0.09868484366582309,0.09441312681994367,0.17016455712682868,0
-0.005852340731652822,-0.09875623940156637,0.07877766853898766,0.15655199867643785,0
-0.006747791780294067,-0.09872432831159965,0.08659539767946567,0.16335827790163326,0
-0.006242057889873261,-0.09873217179910203,0.09009976578049445,0.15457065624561178,0
-0.007080398431021499,-0.09870025249768491,0.09791749492097244,0.16137693547080717,0
-0.007953328462440777,-0.09866437255750866,0.1040870820242544,0.1687151103826094,0
-0.008697771754356279,-0.09864051105459047,0.10009697823352981,0.17783381362934875,0
-0.01094346237277711,-0.09852298608129524,0.11172819450828538,0.193211093732076,0
-0.005152461475802684,-0.09875824955018861,0.08886193842760828,0.13868106822607865,0
-0.005802276552040427,-0.09873895121362855,0.09514190072480475,0.14563519102043215,0
-0.005504948165773968,-0.09875561113768587,0.08381980348329797,0.14761653345125825,0
-0.005400283519711687,-0.0987471179673602,0.09892676701828287,0.13770470527734333,0
-0.004834452558395645,-0.09876235836699002,0.09365762028533242,0.13047509498849627,0
-0.003983385771162488,-0.09878506713565458,0.07829173275496926,0.12310356003941292,0
-0.004285672927360543,-0.09877524455414664,0.08837251744901292,0.12268634089516339,0
-0.004539471925754398,-0.09877337935205523,0.08357683559128877,0.13089231413274577,0
-0.0037820834301157463,-0.09878529480704597,0.0834509370431685,0.11453356714180239,0
-0.0029957705714746554,-0.09880024393085829,0.06861357066789006,0.10559371416539338,0
-0.002892956943913706,-0.09879900678926498,0.07377275517609949,0.0970239170893187,0
-0.0033106773014800134,-0.09879317921864206,0.0786118559996289,0.10577864420479263,0
-0.003459460321276542,-0.09879387750034169,0.07345265171142966,0.11434863710240314,0
-0.002226994442326181,-0.09880780811823134,0.05893540797324881,0.08808397715884322,0
-0.0016472167901854624,-0.0988109810590502,0.049686068452933274,0.07053966689429987,0
-0.0019175405224621902,-0.0988097552930618,0.05431073821309104,0.07931182202657155,0
-0.0019201768684442972,-0.09880823500897852,0.05946990553075749,0.07074209119401292,0
-0.0016768718595353074,-0.09880961969167555,0.05465892603719397,0.06239687958076823,0
-0.0012201751812260203,-0.09881229494178398,0.04009654679847988,0.05605663438342974,0
-0.000903556117354655,-0.09881256907089302,0.03163525585797474,0.04223986684069532,0
-0.001054383863935903,-0.09881249198820218,0.03586590132822731,0.04914825061206253,0
-0.0011124568425199776,-0.09881160625584469,0.0398028348319666,0.04087202421041557,0
-0.000873117867154907,-0.09881185816404248,0.032289836100873756,0.026584073251563926,0
-0.0010867644368223349,-0.0988113398493929,0.04013012495341611,0.03304412741584987,0
-0.001128142125174304,-0.09881094304877881,0.0428419072650214,0.024880593528407456,0
-0.0010478813841448657,-0.09881105211256545,0.039664884462850235,0.008701545877661577,0
-0.0009551126640315613,-0.09881140318681704,0.03597736028186199,0.01764280956461275,0
-0.0012006788512819026,-0.09881055700760179,0.04652943144600964,0.01593932984145628,0
-0.0012692338641160158,-0.09881028200904161,0.04947757736694932,0.007985106766526636,0
-0.0021995274531290327,-0.0988062275284326,0.06409457529091525,0.0795142463262846,0
-0.0025241069448151796,-0.09880323222934359,0.06893367382877885,0.08826904858604362,0
-0.00258671700478331,-0.09880473501165853,0.06377448932056944,0.09683884566211831,0
-0.001473569298767306,-0.09881053982808208,0.04986416520996727,0.05515536332533316,0
-0.0014226836198051474,-0.09881180887894075,0.044891307625706575,0.0632981506388648,0
-0.0012624840776849144,-0.09881129671429065,0.04403348030221917,0.04778040798178278,0
-0.0008837158919129274,-0.09881215124391587,0.031962545979424245,0.03441197004612962,0
-0.011394742607279254,-0.09854313500646122,0.09813655032930213,0.2033120093872453,0
-0.008979822101344879,-0.0986655789410027,0.08528957796417733,0.188581940611421,0
-0.006425893363730235,-0.09878037067026772,0.0673328920098811,0.17489192427453223,0
-0.007174757950950863,-0.09872613359757935,0.08087300941491238,0.17252824070068046,0
-0.008331157919194242,-0.09867300719595365,0.08985135239206049,0.17937324886912484,0
-0.007659953580068074,-0.09873065357700361,0.07631123498702921,0.18173693244297662,0
-0.012146733995241025,-0.09845327048522358,0.10790605484937846,0.20211556335976427,0
-0.010654445722022744,-0.0985542799478725,0.10195868998820903,0.19440753975955705,0
-0.010221305931401572,-0.09860263172118908,0.09171306414673973,0.19594697499933317,0
-0.009448499480023572,-0.0986203851276247,0.09553520380564665,0.1870425053716449,0
-0.006158628385705765,-0.0987640237282439,0.07305528027443438,0.16572196147548504,0
-0.004609332807132436,-0.09881436439085638,0.05766052443645934,0.15707292157615219,0
-0.004351642718821462,-0.09879167420851942,0.06797329063333614,0.14024299699358117,0
-0.004793617125423001,-0.09877370783343929,0.07841761453047222,0.13946203260982992,0
-0.005061315294846679,-0.09877673374590462,0.07337547958616189,0.1483974978350095,0
-0.004496732303313699,-0.09880043248627997,0.06281690753489774,0.1486579592848667,0
-0.005273158871189588,-0.09878484056335843,0.0682190964877235,0.15681246012629502,0
-0.005460363958096814,-0.09880094776786687,0.062496708223170216,0.1659824229253422,0
-0.004175442245722665,-0.09878690180424124,0.07313251169415269,0.13167327851649704,0
-0.0031613482962632583,-0.09880805644007523,0.058295157874236794,0.12273328012660781,0
-0.0022418754886816463,-0.09881472805083233,0.048617024502316884,0.10522355072731823,0
-0.002637613872514929,-0.0988075931245475,0.058615297585103476,0.10540863244635582,0
-0.002242855724511334,-0.09881052594485527,0.05377621623778285,0.09665376394308073,0
-0.0014680952827192595,-0.09881749335912174,0.03663164840096913,0.08869740789912675,0
-0.001098676775077577,-0.09881529239381205,0.03206861265931786,0.07016174780363375,0
-0.0006243806005722959,-0.09881532461959604,0.019730096482552428,0.05787982641699232,0
-0.0007703646616228862,-0.09881378437869823,0.025682676170263583,0.050059846628843815,0
-0.0009320117820323301,-0.09881396502099317,0.029913321640516154,0.056968230400211026,0
-0.0008524453836400115,-0.09881545981860887,0.025899354570935146,0.06402078711031303,0
-0.0011627477832706345,-0.09881359393220479,0.036082579728898875,0.06310919109353175,0
-0.0013810054395202143,-0.09881328304818661,0.04087734055612557,0.07035070734896681,0
-0.0015707520940849437,-0.09881362795200564,0.043158858426951205,0.07961853739671332,0
-0.001866238560789111,-0.09881285461932242,0.04778352818710897,0.08839069252898499,0
-0.0018309977256770714,-0.09881667898709054,0.042624336451643006,0.09696047931322249,0
-0.003087185643566447,-0.09880307212324572,0.06345436427106343,0.1141634971460006,0
-0.002671280139731069,-0.09881225374713085,0.053456091188276836,0.11397841542696302,0
-0.0035976417645568713,-0.09879640805772263,0.06829344531460302,0.12291842008301036,0
-0.003719026103813457,-0.09880147342184077,0.06313422425378647,0.1314881385600945,0
-0.00126874860198471,-0.09881631496968027,0.03435013053014349,0.07942957785138025,0
-0.0004582561719478479,-0.0988135445050006,0.016091706006960325,0.03854423821667917,0
-0.000682535473461603,-0.0988131613866061,0.023863480932467533,0.040392052528687244,0
-0.0005343242623311343,-0.09881429446464995,0.017910901244756375,0.04821203231683574,0
-0.000671759597410444,-0.09881267961415716,0.02419077105391704,0.032564155734121546,0
-0.00039815843076909375,-0.09881282527355051,0.014572519866069451,0.023910662533387816,0
-0.0005467716749596749,-0.0988123386454216,0.02000819219975367,0.009603881673734955,0
-0.0008054886701706026,-0.09881176478029183,0.029836538331301954,0.009152713775698266,0
-0.0007065600749871961,-0.0988120877404439,0.02614901415031371,0.01809397746264944,0
-0.00047034262453114225,-0.09881252996168859,0.017290356032911562,0.016757272103561385,0
-0.0006398336401446813,-0.09881243075187401,0.023431177983471604,0.02524736789247587,0
-0.00042558387832788405,-0.09881311593926156,0.015332112936514888,0.031227450375033494,0
-0.010092385168564285,-0.09868502103965483,0.07857462076905876,0.2055086350173741,0
-0.011151081702647673,-0.09857100482823854,0.08835558554918044,0.2044103222023097,0
-0.009601675473933716,-0.09866437452131532,0.08193209936661805,0.19704528781439756,0
-0.007987104694797189,-0.09876789175434338,0.06788658130433292,0.19309619180528828,0
-0.005796216313847885,-0.09888351069582303,0.04925697780282594,0.18912162744501163,0
-0.004598164654079091,-0.0988535610457614,0.04852745991341246,0.17006439096044332,0
-0.005161940312935575,-0.0988667553048851,0.0488922188581192,0.17959300920272747,0
-0.005520577815553566,-0.09882006539863118,0.057930175961646777,0.17247815761748778,0
-0.006190842625659345,-0.09882445805515747,0.05829493490635352,0.18200677585977193,0
-0.006894621611773919,-0.09883082672174602,0.05857177955357943,0.19110890962514995,0
-0.007162816340442365,-0.09877472696844052,0.06760973665710701,0.18399405803991026,0
-0.008527360616601802,-0.09871404829491492,0.07658807963425512,0.19083906620835464,0
-0.00906390299999119,-0.09872608429342197,0.07323060103669585,0.1993024134113312,0
-0.004623607072852793,-0.09883139536215893,0.0530939921749359,0.16356865626829775,0
-0.003173006491121267,-0.0988632157836375,0.03823607845605151,0.15671985870270627,0
-0.0032303046387541596,-0.09882732613596903,0.047976702528163405,0.13987262740249193,0
-0.003875392360455671,-0.09882270711000726,0.05281861348231137,0.14847277448932206,0
-0.003914485378516186,-0.09884020108072192,0.04794830144625542,0.15689639013942924,0
-0.003223568923345973,-0.09884262437766247,0.04310639049210746,0.14829624305259909,0
-0.003816503847210411,-0.09880992692419983,0.05797499658074977,0.14005781219803654,0
-0.0032115719364751317,-0.09881587315536079,0.053135930201200096,0.13130295376454987,0
-0.002204159077325474,-0.09882884995375986,0.038925983425735985,0.12261185827438106,0
-0.002682269627418148,-0.0988288872668451,0.04345134297694969,0.1312422428384365,0
-0.0027005549683130903,-0.09881895220800396,0.04861057064998639,0.12267256920049444,0
-0.0022357221042934175,-0.09882060831161375,0.04377150396402643,0.11391770450084965,0
-0.0015664683813639128,-0.09882567752062962,0.032308392608405005,0.10707538442982954,0
-0.0007985540534711261,-0.09882807771738919,0.01752079512425218,0.09973150098534647,0
-0.000661676916168405,-0.09882024933019111,0.017537143396500615,0.07997713142166492,0
-0.0011600008142040232,-0.09882264697578913,0.027076221762610653,0.09421445444223661,0
-0.000724700595787868,-0.09882361833176163,0.0175289692603764,0.0898543162035057,0
-0.0010560975713346428,-0.09881947053259972,0.027084395898734872,0.08433726966039584,0
-0.0008928741629467751,-0.09881769172615439,0.024802878027909238,0.07506943961264934,0
-0.0006403073618249941,-0.09881736690518357,0.018633619939526523,0.06892847891932861,0
-2.5351696111321234e-19,-0.0988188496618547,0.0002334111370453746,0.06994408773099606,0
-0.0003283442466943861,-0.09881721390161814,0.009981753809798901,0.06391195707399419,0
-0.0003188346689333399,-0.09881977683986609,0.008885277266772995,0.0749606095763305,0
-0.003848703055764114,-0.09886037887416904,0.04338176918473198,0.16339212483157478,0
-0.0019169108203998765,-0.0988204004992199,0.040462708555360945,0.10614946757857388,0
-0.0015166361621355405,-0.09882095430592344,0.03447002050468707,0.09788639616447814,0
-0.0011732924505916905,-0.09882745832063759,0.02491459386632859,0.103403442707588,0
-0.001864984775408233,-0.09882737912621774,0.03561718801707049,0.1148436213521053,0
-1.9066711642694312e-19,-0.09881521423742859,0.0002667555851949112,0.04993565053770256,0
-0.00023625710035355478,-0.09881441891045789,0.008179230796077618,0.044239944377190865,0
-0.0003067229984783069,-0.09881546671291885,0.009998426033873669,0.053907738477347436,0
1.7072515412136086e-20,-0.09881668947941849,0.0002500833611201429,0.05993986913434931,0
-1.515341942637944e-19,-0.09881340169059938,0.0003001000333443396,0.029927067409146618,0
-1.3552527156068802e-21,-0.09881409734535232,0.00028342780926962543,0.03993135897342459,0
-0.00022678836408095891,-0.09881354184076531,0.008195903020152332,0.034235652812912895,0
-0.00020096990565654114,-0.0988131727364464,0.007436309949706895,0.026918864971267217,0
-2.1552753342885657e-19,-0.09881285365751445,0.00033344335762314486,0.009918232034546936,0
-0.000199375875317762,-0.09881284084868917,0.0074529816118462985,0.016914447283967377,0
3.285974020325519e-21,-0.09881298249642337,0.0003167716954837422,0.019922649721846777,0
-0.0002764080931310538,-0.09881271404062315,0.010170817778688408,0.009761056854140946,0
-0.008185420750899912,-0.09886146116216636,0.05897878113556556,0.2073769316422593,0
-0.005816576556387771,-0.09902907175749684,0.03934595430376511,0.2088023656195966,0
-0.007228913107236689,-0.09893600169440737,0.04916236771966534,0.20808964863092794,0
-0.006967825736072486,-0.09887338094753122,0.054117879469195745,0.19824927954363547,0
-0.0058775780860258605,-0.09894340882847377,0.044301466053295525,0.19896199653230412,0
-0.004420040574708465,-0.09898792086220635,0.034197226002609805,0.19536649546904108,0
-0.0033370701520397117,-0.09892224828761069,0.03200901579202951,0.1760101743034208,0
-0.003845803005567713,-0.09895151495045144,0.03310312089731966,0.18568833488623093,0
-0.005154364934331954,-0.09893481240286425,0.041727101902717875,0.19224406145702636,0
-0.004506406328332453,-0.09890993467730913,0.040632996797427726,0.1825659008742162,0
-0.004009570280143655,-0.09888765873840923,0.04026823785272099,0.17303728263193208,0
-0.003268127964150447,-0.09888842784737727,0.03512254712404051,0.16636501650306354,0
-0.0015114652381855655,-0.09890230267146781,0.017478455641074836,0.15834318293838906,0
-0.002001274763682338,-0.09885506362019188,0.028779349547802636,0.13984941744101514,0
-0.0025459866044526074,-0.09885979698413339,0.03350771400192707,0.1482846380718607,0
-0.002366809179046624,-0.09888531730875436,0.027857267048563172,0.15753152082054767,0
-0.0017947767111310341,-0.09887587868681494,0.023128902594438734,0.1490963001897021,0
-0.009484077833032175,-0.09874533854134439,0.06877670095231216,0.2064427833298167,0
-0.008169291460101391,-0.09880321034464729,0.06343268121994924,0.2002365617237738,0
-0.005098148479900039,-0.09900770103752964,0.036771590153187456,0.20208443054431885,0
-0.0026324705920787545,-0.09884241348248171,0.03837802603798302,0.13986102242175352,0
-0.0021245761604954836,-0.09884019631636476,0.03385266648676931,0.13123063785769812,0
-0.0010502979328564923,-0.09884291493733655,0.018378472465279225,0.12126400443195913,0
-0.001635265228889519,-0.09883715334998533,0.028652227945507605,0.1219379313531701,0
-0.0014867595574016611,-0.09884907576667532,0.02357891100654093,0.13055671093648713,0
-0.0023525106888340436,-0.09891451486218379,0.024743735716552175,0.16717667862090493,0
-0.0013353041020747025,-0.09883359584509041,0.025343432536842115,0.11416969443089434,0
-0.0009143454624194935,-0.09883441498477395,0.017949633794765704,0.11049775270865281,0
-2.9214166350800826e-19,-0.0988373723607568,0.0001667222407464953,0.10996059879661925,0
-0.0004974145867857879,-0.0988408646012793,0.00927259735301286,0.11561230161428919,0
-0.00042294213980459655,-0.09883309093200092,0.008843758682499338,0.10484604989098287,0
-3.0289898193813763e-19,-0.09882555778471552,0.0002000666888959734,0.08995239686499311,0
-0.0003825880546928373,-0.09882720334658116,0.008860430906574077,0.09484194892516978,0
-0.00034806888126981346,-0.098823132415826,0.008868605042698294,0.08496476414332901,0
-7.821954289150972e-20,-0.09882167788634866,0.000216738912970674,0.07994824229799458,0
-2.4918926620878654e-21,-0.09883058931260387,0.00018339446482123437,0.09995649783080618,0
-0.0033374874790067636,-0.09914358674828766,0.01968189381931244,0.2096956954280177,0
-0.002648278373136989,-0.09899851947052202,0.022022986020585392,0.18770317640209602,0
-0.0035119928326858073,-0.09899658042577449,0.0281101060115976,0.19153483593556855,0
-0.00302676855173288,-0.09895783271405058,0.02701600090630745,0.1818566753527584,0
-0.00149402501373509,-0.09895787089092406,0.014343844866522678,0.17475265259942863,0
-0.002035306023837819,-0.09897783456100981,0.018183415443554035,0.1812279145007623,0
-0.0024211451393933263,-0.09894374994423541,0.023176430329276097,0.17538141345142472,0
-0.0015103578194616267,-0.09892723438574379,0.01591115025379876,0.16654791776890884,0
-7.528428835196219e-19,-0.0989493799307576,6.668889629864687e-05,0.16998458193563962,0
-3.954796830730325e-19,-0.09889238241793612,0.0001000333444479161,0.14997668363965153,0
-1.151964808265849e-19,-0.09891706830818106,8.336112037328148e-05,0.15998063278764557,0
-0.0007244758012989025,-0.09889922662050969,0.008789244492761377,0.15415993328902028,0
-0.0008101554398335741,-0.09892710126680097,0.00877257226868674,0.16416388243701435,0
-0.0007294842258232015,-0.09895577604645564,0.0072052668814106624,0.1723686172675341,0
-0.004483111090201622,-0.0990983921713196,0.029513924061538778,0.20924903052380717,0
-0.003844466827535843,-0.09906385658871247,0.02693955991096112,0.20253109544852937,0
-0.0028557367807522686,-0.09906424756848398,0.020852439919948916,0.19869943591505684,0
-0.0008753840525889817,-0.0988692889665799,0.012444547393161086,0.13996363888033114,0
-0.001445341989931071,-0.09886345905456957,0.02061194847048186,0.13990652816067314,0
-0.001166891676350475,-0.09888422735792746,0.014961501517117962,0.1491534109093601,0
-0.0004639267044199463,-0.09888109135567257,0.006272290368804501,0.14497016125999135,0
-3.0865880597946693e-19,-0.0988576046623438,0.0001333777925972035,0.1299686880635711,0
-5.421010862427503e-21,-0.09884615930021605,0.0001500500166718494,0.11996464343009516,0
-0.0005536538559156399,-0.09885115338400187,0.009255925128938214,0.1256163462477651,0
-0.00041526811506194657,-0.09886370459203975,0.006288962592879145,0.13496616347195112,0
-0.0009766042489414658,-0.0988544881504749,0.015411509929220156,0.13061382165614513,0
-0.0015378963680774379,-0.09908454570025586,0.011954380341813314,0.1977514478503475,0
-0.002323687074110074,-0.099115926011225,0.01581813708056288,0.2037235716391826,0
-0.00214732014783717,-0.09903967125362033,0.01698868318119935,0.19272731212622177,0
-9.893344823930232e-19,-0.09904153630750195,3.334444814934153e-05,0.1899923599653645,0
-0.0008138114836150452,-0.09899918124486912,0.00718859465733601,0.18237250628239657,0
-0.0013396622796230861,-0.09902907614983207,0.011028165234367367,0.18884776818373028,0
-0.0007658356416230158,-0.09906613461396653,0.005993862394981328,0.19387190390785602,0
-0.00213486750942851,-0.09917677125569724,9.760702231620691e-25,0.21,0
-0.0011407820638489818,-0.099134177266016,0.005977190170906657,0.20387572392517375,0
-0.0012329326591435134,-0.099192083822479,0.00984094690965622,0.20984784771400883,0
-1.3923104070492562e-20,-0.09899035094749661,5.00166722239942e-05,0.17998847095050208,0
1.8340910286015762e-20,-0.09887266255720495,0.0001167055685225598,0.13997268585161132,0
1.8973538018496328e-19,-0.09911104838884482,1.6672224074670764e-05,0.19999617998268227,0
