"f:0","f:1",":0",":1",":2"
0.0002754963222833079,-0.09881299569290798,0.9901625808931731,0.009753517932989076,0
0.0005454636037051408,-0.09881261697344619,0.9803251617863462,0.009601466386544407,0
2.344587197999902e-19,-0.09881313629152849,1.0,0.009905569479433746,0
0.0004024977470689577,-0.09881310979257948,0.985562748627173,0.024166830563954435,0
0.00020135630472927944,-0.09881312396244465,0.9927813743135865,0.017036200021694092,0
0.00047184260051868663,-0.09881280796056553,0.9829439552067596,0.01688414847524942,0
0.0008279758578692,-0.0988122513594806,0.9697233361059918,0.02618752959818062,0
0.0005405555441166173,-0.09881385499752156,0.9814673539615564,0.040903725007255524,0
0.0006871310405789195,-0.09881297146723637,0.9755953450337741,0.033545627302718074,0
0.0004672815242528663,-0.09881340098144567,0.9835150512943647,0.03253527778560498,0
1.9795159977332974e-19,-0.09881368797565104,1.0,0.029915775357500902,0
0.0002664903195625584,-0.09881387024676995,0.9907336769807782,0.035409750182378213,0
0.00020324465875747505,-0.09881346188057209,0.9927813743135865,0.027041302960727667,0
6.43745039913269e-21,-0.09881326620854154,1.0,0.019910672418467324,0
0.0010466623263143916,-0.09881131563190929,0.9606680979199479,0.008708715089229692,0
0.0009331701687429442,-0.09881173248754865,0.9651957170129699,0.017448122343705158,0
0.0008041568401049632,-0.09881203674024414,0.970496629853147,0.00915509073788705,0
0.0006832373276379094,-0.09881241142999278,0.975024248946169,0.017894497992362514,0
0.0006185388705643543,-0.09881275226600725,0.9776430423665824,0.025177180081067528,0
0.0011386477200611383,-0.09881178015494833,0.959513938281411,0.04127445697098178,0
0.0008481856734067235,-0.0988129676464949,0.9704906461214837,0.04108909098911866,0
0.000976886670811933,-0.09881206078051726,0.9646186371937013,0.0337309932845812,0
0.0013073667928668,-0.09881048623834181,0.9495125934989279,0.025095129723583662,0
0.0012225641928642447,-0.09881103452093645,0.9545132658901694,0.03318479334728272,0
0.0010782229992325153,-0.09881140587333015,0.9596179648024599,0.02564132966088214,0
0.0011713428851028338,-0.09881092484048555,0.955090345709438,0.01690192240640668,0
0.0014654121490617843,-0.09880977358977922,0.9410421622528647,0.007284162248384255,0
0.0012683673160689226,-0.09881053211761116,0.9508551300864063,0.007996438668806973,0
0.0013800970044181697,-0.09881011835311124,0.9452773778758963,0.01618964598598396,0
0.0009802115049916916,-0.09881376590497762,0.9682649974284573,0.054961005381491686,0
0.0007526148071538059,-0.09881391024424982,0.9748661756950068,0.047932365194373605,0
0.0010617422924758555,-0.09881264648696983,0.9638894678549341,0.04811773117623673,0
1.9829041295223163e-19,-0.09881548595865554,1.0,0.04992568077087378,0
0.000550270404658161,-0.0988163588518973,0.983214975922715,0.06085816285365674,0
0.0002667949320522403,-0.09881603996003382,0.9916074879613574,0.055391921812265266,0
0.0005425170428972401,-0.09881488903970116,0.9823411649421356,0.050880943930456134,0
0.00027810698530265205,-0.09881478825891478,0.9907336769807782,0.045414702889064656,0
2.7708565287056317e-20,-0.09881439336002178,1.0,0.03992072806418734,0
0.0007728442305370309,-0.0988150970009822,0.9757399866755861,0.057909584117574214,0
0.0015636256686353666,-0.09881054231196529,0.9486389305878706,0.05952031912808832,0
0.0011680214963579734,-0.09881527727058194,0.9662025958163072,0.07084156606938298,0
0.001382364086860667,-0.09881267418675876,0.9574207632020889,0.06518094259873565,0
0.0010668884058464047,-0.09881443816197359,0.9672337966223823,0.06290128572543734,0
0.0012770410395167937,-0.09881235737498219,0.9584519640081639,0.057240662254790006,0
0.0013370020198324075,-0.09881132924558657,0.9540764344346409,0.05039738804953505,0
0.0016353155476623144,-0.09880905399360947,0.9379577716419619,0.04143167346174444,0
0.0016001483284051464,-0.0988095888451277,0.9432983511149162,0.05047599629491638,0
0.0014006742490984946,-0.09881043678227096,0.9487358549616864,0.04135306521636311,0
0.001462392272690276,-0.09880988997523983,0.943735182570445,0.03326340159266405,0
0.001680875372588407,-0.09880883365383462,0.9295453730259474,0.02338159963626923,0
0.0016527663140893888,-0.09880889769828502,0.9337515723339547,0.032406636549006836,0
0.0015081121655848204,-0.09880959985366271,0.9395289832624376,0.024238364679926447,0
0.0015660268346302517,-0.0988093677977294,0.9352937676394061,0.015332880942326743,0
0.0017736771500834606,-0.09880866744344191,0.921453082790645,0.005416936377019992,0
0.0017196903549220627,-0.09880878452286514,0.9254992279082962,0.014399268006644612,0
0.0016346176663502394,-0.0988091262049274,0.9312476225217549,0.006350549312702123,0
0.0008516468376788675,-0.09881611708571912,0.9747087858695112,0.06584986446151986,0
0.0006578806699016397,-0.09882063023374092,0.9827807874608531,0.08007942015523002,0
3.6490179367715255e-19,-0.09881916608870964,1.0,0.06993542165127535,0
0.0002859664936774518,-0.0988179083438373,0.9916074879613574,0.06539679225246604,0
5.665194579253178e-20,-0.09881702056443814,1.0,0.059930551211074566,0
0.0005991240928731477,-0.0988181867513864,0.982997881691784,0.07046879150444338,0
0.00031665860938360086,-0.0988201199437936,0.9913903937304265,0.07500742090325269,0
0.0009278548708784963,-0.0988179122088849,0.9744916916385802,0.0754604931123065,0
0.0018339319233532836,-0.09881113401527947,0.9488849932682867,0.07977779679781856,0
0.001496574660607205,-0.09881360692010877,0.9575437945422969,0.07530968143360077,0
0.0016856158897176768,-0.09881075078693911,0.9487619619280787,0.06964905796295344,0
0.002072401513482748,-0.09880684809414367,0.9349851833989794,0.07110398498619154,0
0.001965342055688024,-0.09880872310633791,0.941935088333633,0.07544089089200505,0
0.0018115943981045046,-0.09880896063267464,0.941812056993425,0.06531215205713993,0
0.002010769847848751,-0.09880651277995094,0.9271154106520938,0.05622787264584753,0
0.0018135535295148277,-0.09880797438236681,0.9325365911470278,0.04882977305379599,0
0.0018066957421501053,-0.09880838150991354,0.9378771706199822,0.05787409588696793,0
0.0020406576855946696,-0.09880653194481455,0.9310502970255365,0.06366592881601954,0
0.0014121781692352515,-0.09881881169620592,0.9654308736480195,0.08985280320897661,0
0.0007986149632224374,-0.09882854614370809,0.9826795689644062,0.09994975853734782,0
0.0011274796277549622,-0.09882357139635119,0.9740552213062128,0.09490128087316221,0
0.0010239917008024707,-0.09882023714925267,0.9741058305544363,0.08496611168210332,0
0.0007226933793706695,-0.09882403351716164,0.9827301782126296,0.09001458934628892,0
3.3758498112820146e-19,-0.09882590487394102,1.0,0.08994502350208401,0
0.00038214185415723985,-0.09882760659210069,0.9913397844822032,0.09494739101971592,0
0.0003458032939079144,-0.09882349663953423,0.9913903937304265,0.08501222182865702,0
6.923727133785763e-20,-0.09882201028666245,1.0,0.07994022257667968,0
0.0012800577474232128,-0.0988167951146157,0.9658167347321633,0.0803471846391798,0
0.0016421319646867797,-0.09881465977405077,0.957157933458153,0.08481530000339758,0
0.0019585202925032933,-0.09880711003158191,0.9179688286432347,0.03902125450781471,0
0.001813119722755779,-0.09880794412636605,0.9279633001425983,0.040226463984779574,0
0.0019811365614492028,-0.09880673580120324,0.9225421196476642,0.04762456357683112,0
0.0018112663407634524,-0.09880810408403555,0.9237571008345911,0.031201427072041973,0
0.0019293808000377137,-0.09880801170360527,0.9097737419208666,0.02126293647163503,0
0.0019371568730171876,-0.09880758427509956,0.9138712852820506,0.030142095489724872,0
0.0018210286710836237,-0.09880828545198418,0.919659557473407,0.02232226805395213,0
0.0018437419697665896,-0.0988084246666297,0.9156134123557558,0.01333993642432751,0
0.0019558684606161185,-0.09880855094562642,0.9018977805308083,0.0032214322318758768,0
0.0018810067481873363,-0.09880846131770321,0.9116754316607266,0.004319184304447934,0
0.001934505256241061,-0.09880835009388744,0.9058357612258374,0.012242184351755453,0
0.0025695995069646084,-0.09880292605695083,0.9302323578081703,0.0889837334661226,0
0.002218043894713964,-0.09881237200752101,0.9486633241523517,0.09927035275170724,0
0.0020111257147658198,-0.0988116289621252,0.9487741587103191,0.0895240747747629,0
0.002200437570666129,-0.09880751828388475,0.9395586755382285,0.08438076513197057,0
0.002420162786679649,-0.09880696276987358,0.9394478409802609,0.09412704310891493,0
0.001806508531285217,-0.09881625598907612,0.9570470989001856,0.09456157798034193,0
0.001701111274884454,-0.09882589250516143,0.9657892281147472,0.10940017157310829,0
0.001985739696040465,-0.09881861945657923,0.9572262761335495,0.10433526216240777,0
0.0015465014882856478,-0.09882183469710248,0.9656100508813834,0.09962648739104245,0
0.0012351937612133765,-0.09882802894411509,0.9742343985395767,0.10467496505522805,0
0.0009834803324415156,-0.09884250556102533,0.9826795286176687,0.119959173062953,0
5.617522506190522e-19,-0.09883777534439185,1.0,0.10995449357267699,0
0.00046872303685242697,-0.09884077016331848,0.9913397643088344,0.114956833317815,0
0.0008846671603437046,-0.0988345814564148,0.9826795487910375,0.10995446580015042,0
0.00042235783576210904,-0.09883354182064896,0.9913397844822032,0.1049521260550124,0
7.361765280054166e-20,-0.09883095528661816,1.0,0.0999497585373805,0
0.0023024527485588143,-0.09880518969680896,0.9326087706035748,0.08004385922615706,0
0.002447622530655205,-0.09880233700923244,0.9179704841589645,0.07148606154653439,0
0.0022892762922469205,-0.09880419213369834,0.9081545338340432,0.05474864076938655,0
0.0023659286831878555,-0.09880316376392594,0.9130625089965039,0.06311735115796047,0
0.002216763149521362,-0.09880470736971118,0.9225429474055291,0.06385696709619096,0
0.0021664194232375155,-0.09880514903971183,0.9176349722430686,0.05548825670761704,0
0.0021131333878097844,-0.09880584951703084,0.913061681238639,0.04688494763860063,0
0.0021466092161737302,-0.09880656316035853,0.8980886242712838,0.03677274385051963,0
0.0020459175178124166,-0.09880846033275975,0.8902148283462715,0.019016338404994206,0
0.002088126652537836,-0.09880759734405661,0.8941517263087777,0.027894541127756918,0
0.0020300926138117495,-0.098807402740733,0.9039311830960752,0.029017840161077328,0
0.0020038972163892357,-0.09880806413914607,0.899994285133569,0.020139637438314616,0
0.0019929697157180155,-0.09880859028041548,0.8960563044385399,0.01111888531843504,0
0.0020085272980043104,-0.09880968827565771,0.882365284082752,0.0008295608244175324,0
0.001998170110649949,-0.09880896007846234,0.8921315323067802,0.0020254965281467046,0
0.0020190494607492085,-0.09880915960637902,0.8862900562145117,0.009922949614705868,0
0.002272572408497475,-0.0988044825626301,0.926477833778972,0.07129502326636297,0
0.0025133046178603398,-0.09880218905377014,0.9241014209835674,0.08023489750632849,0
0.001370917930207642,-0.09883398533306552,0.974234378366208,0.11467967231803064,0
0.0020699865670435373,-0.09880662921175283,0.9080287264572593,0.03789699917916717,0
0.002212449683946506,-0.09880539307468456,0.9031215790526634,0.04576069230995309,0
0.0029505087992955127,-0.0988022006197756,0.9340998220395513,0.10694679384272895,0
0.0025807520742899322,-0.09880782554603083,0.9413815730959515,0.10310857329721809,0
0.0027499340616030238,-0.09880239013566978,0.9321660899238609,0.09796526365442577,0
0.0033651355502209166,-0.09879169680392234,0.9180061601190532,0.10456323830166876,0
0.003000888555911389,-0.09879524951388804,0.9090989135352597,0.08721613831274475,0
0.0031791426735189358,-0.09879323680776866,0.9135525368271564,0.09588968830720676,0
0.0029483591286515233,-0.0987981007810847,0.9241192589636118,0.09677348588389567,0
0.002811279451733917,-0.09879861814600967,0.919665635671715,0.08809993588943367,0
0.0027087585060540874,-0.09879923388006676,0.9135346988471121,0.07935109992963957,0
0.002716083052095646,-0.09879931080092938,0.8982365168735412,0.0706360460706303,0
0.00260222065413835,-0.09880046595492678,0.9081035005162529,0.07106105380858235,0
0.002490425361171539,-0.09880203486689351,0.9031955253537922,0.06269234342000843,0
0.0024265583183556622,-0.09880397539198205,0.8881588873385196,0.05266904214007108,0
0.0021986763558955423,-0.09880767518249826,0.87875885156844,0.034943176253941124,0
0.0020343077312582137,-0.09881024558225678,0.8710186253125659,0.01660821938868395,0
0.002106860167604869,-0.09880909227601858,0.874888738440503,0.02577569782131254,0
0.0020552671375034196,-0.09880919393356286,0.8806167268294187,0.017812278896839076,0
0.0021145702923903234,-0.09880814928225831,0.8844868399573558,0.026979757329467665,0
0.0021892248348022313,-0.0988069048678669,0.8884237379198618,0.03585796005223038,0
0.0022766802910332627,-0.09880542729225368,0.8931237558049017,0.04472089299529536,0
0.002304676390192631,-0.09880595264238143,0.8834588694534797,0.0438061091970061,0
0.0031761302034800268,-0.09879656049732109,0.9260529910793023,0.10575501607219887,0
0.0027852424823575964,-0.09881537179028196,0.9483888486886793,0.120497881941353,0
0.0022258472598690147,-0.09882191812721769,0.9570890384017132,0.11494902675723065,0
0.002480640278781709,-0.09881357300854633,0.9485260864205155,0.10988411734653011,0
0.002890886231741099,-0.09880762019345778,0.9412443353641153,0.11372233789204098,0
0.0019535767305568913,-0.09883699584312368,0.9671357732423431,0.1258922925892056,0
0.0014236540442014234,-0.09886391606452677,0.9797723150477778,0.13981604326547842,0
0.0017183160090558118,-0.09884931789370811,0.9734540441450605,0.132854167927342,0
0.001459668093699762,-0.09884075108055686,0.9749076509300059,0.1229257328260793,0
0.0011859167838213097,-0.09885191451119288,0.9812259218327233,0.1298876081642157,0
5.520960750203525e-19,-0.09885823156791901,1.0,0.129963852553218,0
0.0005218328925651267,-0.09885099826367942,0.9913397643088344,0.1249615128080855,0
1.2822939477071534e-20,-0.09884651391898065,1.0,0.11995917306294748,0
0.0018216171304789822,-0.09883075950769854,0.9664625006785452,0.11764623208115693,0
0.0023977108514452537,-0.09882610885094457,0.9577623109655112,0.1231950872652793,0
0.0006787584587760328,-0.09886270647883652,0.9898861575238889,0.13488994790934822,0
0.002856737654014399,-0.09879715939558871,0.9036677152044005,0.07892609219168753,0
0.0023774798200799016,-0.0988037725100954,0.8981567105862813,0.05370884145472882,0
0.0025642626863449807,-0.09880172792670516,0.8931977021060304,0.06165254410535069,0
0.002013943375224263,-0.09881003127145978,0.876691954697659,0.00871889010655074,0
0.0019382792071037714,-0.09881200908549678,0.8628393927746534,-0.0016168654363375445,0
0.0019787349846490964,-0.09881120705717406,0.8669290090436097,0.007495676976173203,0
0.001988026115287237,-0.09881071743768106,0.8726023384287027,-0.00039365230596000606,0
0.003730077044800552,-0.09879212466453437,0.9275337217877052,0.12204370710448405,0
0.004310362067088541,-0.09877379642940554,0.9083400032810428,0.12124504933394893,0
0.0037417144715976383,-0.09878281696040782,0.8987935615666213,0.10375074499098641,0
0.004020344440946536,-0.09877812254663645,0.903566782423832,0.11249789716246766,0
0.0035794075167263992,-0.09878655175942856,0.9083998608428372,0.10415699164632758,0
0.0033521334591386084,-0.0987897512966241,0.9039462375509405,0.09548344165186558,0
0.0032411691078281326,-0.09879183326361675,0.8891112147638137,0.08658766334590084,0
0.0034840980618052876,-0.09878740997078776,0.8939523881652175,0.09516920416844363,0
0.003145766718119743,-0.09879293691326127,0.8991050641495367,0.0869019008293228,0
0.002964555640140824,-0.09879595551764003,0.8936738658186775,0.07861185470826557,0
0.0028335397222385124,-0.09879921753731655,0.8794004652878006,0.07055391156847278,0
0.0024313144578896845,-0.09880587885742398,0.8690908260287181,0.051791443205673145,0
0.0026212056420238444,-0.09880282317206643,0.8742456456582594,0.061172677387072966,0
0.002446525217789472,-0.09880463886998962,0.8786248566836188,0.052230242672872115,0
0.00261522294426638,-0.0988018679529653,0.88377967631316,0.06161147685427193,0
0.0027941957633751103,-0.09879885928119377,0.8888184910806709,0.07059497881955154,0
0.0030306215787664586,-0.09879568446161058,0.8842558400258071,0.07857078745718682,0
0.003318805496277303,-0.09879788323265133,0.9308167719136282,0.11449525047360651,0
0.0032794011455055806,-0.09880401454587494,0.9379612852381922,0.12127079452291853,0
0.003998620168991013,-0.09880276813519207,0.9379597381049056,0.139115718276111,0
0.0028431397423562582,-0.0988369688182513,0.9581413796243531,0.13937527366577185,0
0.002664513790820235,-0.09886886357514005,0.967015764170948,0.15348259089108393,0
0.0027728720341335085,-0.09885113133382113,0.9625785718976505,0.1464289322784279,0
0.002007528645528111,-0.09886765121744268,0.973394039609363,0.14664931707828116,0
0.0021522919578910514,-0.09885225642227655,0.9689568473360655,0.13959565846562513,0
0.0023739678266703097,-0.09883761221155249,0.962638576433348,0.13263378312748872,0
0.0028292179718017417,-0.09882419805620313,0.9532651141565163,0.12993657780356244,0
0.0033502192733948664,-0.09881063045609043,0.9431742933967925,0.129806800108732,0
0.0034461413749088316,-0.09882048562591897,0.9480505588646293,0.13924549597094144,0
0.00354865342529575,-0.0987911923857984,0.9227699409533792,0.1133034727030764,0
0.004049100302669132,-0.09878220269054507,0.917936862534374,0.12164437821921649,0
0.003811988630400766,-0.09878391063055743,0.9131730817000481,0.11290414381780885,0
0.002305141593419616,-0.09880687850814092,0.8739248387985791,0.04336730972980714,0
0.002127690008121749,-0.09881033556730738,0.8595117027598671,0.03367503975807206,0
0.0020733151138249612,-0.09881032376197403,0.8652651640362166,0.025141629573378003,0
0.002178839229604616,-0.09880881724069925,0.8691352771641536,0.03430910800600659,0
0.0022695061398764855,-0.0988083173858919,0.8643012643942927,0.0427332414818726,0
0.0019156426940359686,-0.09881307048685921,0.8517843208551608,0.015772156517524488,0
0.0017590146403973648,-0.09881516718991547,0.843302397280599,-0.003973366236715483,0
0.0018612109101635052,-0.09881351302296004,0.8530708950276262,-0.002795115836526514,0
0.0019186683184091694,-0.09881257937584587,0.8573118568149071,0.0070776455405934715,0
0.001828584217873476,-0.09881419475240866,0.8475433590678798,0.005899395140404502,0
0.00198872657627789,-0.09881153556118852,0.8614014730838633,0.01619018795310422,0
0.002012298598846394,-0.09881183894696971,0.8556480118075139,0.024723598137798272,0
0.0038750071570675957,-0.09879586218298712,0.9327467299463055,0.13057971269029753,0
0.0015312814098149914,-0.09890694013981506,0.9826794649095195,0.15997764122917568,0
6.596692593216491e-19,-0.09889245742309964,1.0,0.14997308654573732,0
0.0007274271411440681,-0.09890143852768885,0.9913397324547597,0.1549753638874565,0
0.000758405901607447,-0.09887978350888915,0.9898861575238889,0.14489456490560787,0
0.0014807742698955272,-0.0988825772629482,0.9812258899786487,0.14989684224732705,0
0.0021286786569769175,-0.09888836834591856,0.9748476145402338,0.15673011606012982,0
1.494478014515132e-19,-0.09887299007157517,1.0,0.13996846954947767,0
0.004905810023838498,-0.09876857514092274,0.9179709804889331,0.13874768550355157,0
0.004284818073954012,-0.09878208839267925,0.9227523511383191,0.13039569630401782,0
0.004606843049449934,-0.09877038878423446,0.913155491884988,0.12999636741875026,0
0.005502046754225377,-0.09874367595597859,0.8983299193079834,0.13817127247488625,0
0.004666640194231238,-0.09876311798169883,0.8891141590047659,0.12085025527315327,0
0.005073691604807454,-0.09875355214126488,0.8937220391563747,0.12951076387401977,0
0.004520520943745787,-0.09876722717472539,0.8987270811429043,0.1210476523035511,0
0.004875431211444899,-0.09876052769145041,0.9033349612945132,0.12970816090441759,0
0.005242064302589568,-0.09875457024532923,0.9081504498984583,0.1384594789892189,0
0.004485128918566064,-0.09878513040273863,0.9279653592969194,0.13893170188983128,0
0.005483203390338132,-0.09877305175331579,0.9272486893852704,0.15587200581807578,0
0.004250041023827167,-0.0988323953445327,0.9485257006391464,0.15849679518944992,0
0.0033639582179119266,-0.09889826008324228,0.9653589301189971,0.16998244307993868,0
0.003862850974391866,-0.09886274370734664,0.9569423153790717,0.16423961913469431,0
0.0029943917656591397,-0.09888215024572981,0.9661873471449726,0.1617325169855113,0
0.003455600481656754,-0.09885332740706693,0.9577707324050473,0.15598969304026694,0
0.0034945077511020985,-0.09883626734402742,0.9533335401317498,0.14893603442761089,0
0.004142861803911236,-0.09881430491475933,0.9432427193720261,0.14880625673278047,0
0.0046979211143654475,-0.09879054391314254,0.9326042137450881,0.1474938620470934,0
0.004914510990546879,-0.09880205993177396,0.9378871950122084,0.15718440050376287,0
0.004180385277880963,-0.09877402677342237,0.8939538602856936,0.11230050013206984,0
0.003931916334002006,-0.09878008164418481,0.8788062266839163,0.10357370339031115,0
0.004288849069687821,-0.09877194569273684,0.883960192844341,0.11221197933173221,0
0.0038667748589817042,-0.09878044670364718,0.8887998941252688,0.10366222419064877,0
0.0035698169371167266,-0.09878648662739085,0.883958720723865,0.09508068336810599,0
0.0032909440819560904,-0.09879351794318884,0.8691238993283641,0.08634339572787021,0
0.002732745401296088,-0.09880350009750816,0.8593638792122918,0.06831574552069555,0
0.0025732494012966527,-0.09880474900320033,0.864227352620505,0.060053594363184346,0
0.002805062775564974,-0.09880092193484087,0.8693821722500462,0.06943482854458416,0
0.0030524417723406987,-0.0987965386853709,0.8742621823080823,0.0784486536481715,0
0.00299757350744336,-0.09879898679294408,0.8642438892703279,0.07732957062428289,0
0.0032918858719608105,-0.09879196965946607,0.879117557046089,0.08646552953688552,0
0.0035985976293240176,-0.09878728342737617,0.8739650630061402,0.09495854955909068,0
0.0022862737957384683,-0.09881014469284226,0.8493511464286644,0.05059175517496507,0
0.0019430455263881065,-0.09881420427767224,0.8404121307770871,0.03280160074926231,0
0.0016710265489984762,-0.09881684632858981,0.83174992692037,0.012847428847102634,0
0.0017955334280079067,-0.09881566787645567,0.8360810288487286,0.022824514798182472,0
0.0019239700999638648,-0.09881359327369352,0.8460982258161239,0.024286878633393398,0
0.0018060087690718553,-0.09881490888676887,0.8417671238877653,0.014309792682313562,0
0.001709755894548195,-0.09881598895593251,0.8375261621004845,0.004437031305193575,0
0.001488698206821701,-0.09881866250058924,0.823739079056437,-0.006099878182964551,0
0.0015724902848210872,-0.09881778568558197,0.8277445029884034,0.0033737753320690414,0
0.0016340061485373282,-0.0988169073541805,0.8335207381685179,-0.005036622209840017,0
0.002376640599481117,-0.09880776176957587,0.8592209862286913,0.05119159919031911,0
0.002497281155668733,-0.09880717399705416,0.8543575128204781,0.05945375034783031,0
0.002199939519790176,-0.098810224232404,0.8544314245942657,0.04213339746651856,0
0.002103524320396786,-0.09881240471363581,0.8448816386028757,0.041696677962113696,0
0.002049384483207102,-0.09881214307386517,0.8499619167684771,0.033238320253667186,0
0.005198624349674899,-0.09876908657211776,0.9226098349371017,0.14730984566081368,0
0.002410652341725837,-0.09890633975602908,0.9740191975142583,0.1649800421545572,0
0.0018447274577165654,-0.09897171902215113,0.9831730282495232,0.17913143085509362,0
9.56977823807908e-19,-0.09894966258098566,1.0,0.16998219591270938,0
0.00168112978497402,-0.09893541503303997,0.9829262465795214,0.16955453604213466,0
0.0008135610347910876,-0.09893004108299353,0.9913397324547597,0.16497991857094252,0
0.0008795615642468533,-0.0989634991208768,0.9915865141247616,0.1745568133839015,0
0.0026608144383032336,-0.09893510732725687,0.9742659791842602,0.17455693696751615,0
1.0219538548230558e-19,-0.09891747954000525,1.0,0.15997764122922337,0
0.006341557716298211,-0.09872782018523374,0.9080893582932544,0.15489181140698252,0
0.0075031760519054394,-0.09870974901692046,0.9155299607291317,0.17382486672116582,0
0.005953684037246101,-0.09874882674966473,0.9176690238392624,0.15538190861252915,0
0.006908570884426223,-0.09871771656205088,0.9118096595111931,0.16435833906407415,0
0.006435001404403094,-0.09874642626280358,0.9213893250572011,0.1648484362696208,0
0.006017041060564342,-0.09879047776697861,0.9348317742728435,0.17141035416037972,0
0.0052545782706814,-0.09886159716709535,0.9500133648155824,0.1793935957264067,0
0.0042803764235253726,-0.09888416238350022,0.9576861474672898,0.1746880194031727,0
0.004726420134639016,-0.09884447718837293,0.9492695327273644,0.1689451954579283,0
0.0056819276967490845,-0.09882330296864968,0.942422569544213,0.1754019749433932,0
0.0050965488860676336,-0.09881516954844356,0.941678737455995,0.16495357467491484,0
0.005755326267121093,-0.09877945558703717,0.9310402318290569,0.16364117998922775,0
0.006792931049634701,-0.09875030274625073,0.9251808675009876,0.17261761044077278,0
0.005587212084009741,-0.0987507933511549,0.9130301693910938,0.14681974845526705,0
0.005918918564260776,-0.09873500890864506,0.903209638800619,0.14653154194093437,0
0.006942721988131236,-0.09869715259769242,0.8893273230853166,0.15517221969124606,0
0.005861156075245892,-0.0987314802820225,0.8798429343708659,0.13898137211731426,0
0.00639006204423329,-0.09871482624902851,0.8845851287280913,0.14707679590428016,0
0.006185666251312776,-0.0987229843240792,0.89382862119665,0.14667174608306616,0
0.006684406252589017,-0.09871009456714923,0.8987083406892855,0.15503201554911428,0
0.005717587957653449,-0.0987357067153831,0.8890864268394247,0.13857632229610026,0
0.005232319202690135,-0.0987489615062439,0.8844785466878159,0.12991581369523375,0
0.004831834369953003,-0.09876174194817157,0.8697969616348799,0.1218254345470547,0
0.003913196271241071,-0.09878509653239509,0.8588558172636543,0.10423251260854792,0
0.004355027293306633,-0.09877440161590584,0.8643263894492671,0.11302897357780131,0
0.004358206496907001,-0.09877175376572468,0.8743015941593981,0.11269956896868293,0
0.004783322784540162,-0.09876091391432375,0.8794555603198229,0.12133784491010399,0
0.0053301598733177455,-0.09874753935858188,0.8748199480028729,0.13040340333218448,0
0.003975988832574536,-0.0989783931504991,0.9678977778385268,0.19117241469392365,0
0.001850755835752304,-0.09906137772461278,0.9854716657256652,0.19515723986470743,0
0.0029788020134665083,-0.09902289970477478,0.976684721782096,0.19316482727931555,0
0.001868725164126754,-0.09901175446064335,0.9843223469875942,0.18714433535990052,0
0.0028522302723870893,-0.09897952023388748,0.9755354030440251,0.18515192277450865,0
0.003660013644098945,-0.09893243959568243,0.9666283539787619,0.18057742888693118,0
0.004693385880807957,-0.09891608588411116,0.9589555713270546,0.18528300521016516,0
0.0039535778865690515,-0.09878149285856501,0.8688310219737854,0.10390310799942953,0
0.0035879646656426932,-0.09878951871249812,0.8639898582960093,0.09528795416820907,0
0.0031214641514195223,-0.09880086879177864,0.84913673032717,0.08569566727689801,0
0.0025081992043357515,-0.09881031265285249,0.8394321576897285,0.06795815606679849,0
0.002023276754482345,-0.09881585926523445,0.8297642491761044,0.050355076877212454,0
0.0022515430527781416,-0.09881346521056672,0.8345982034329165,0.05915661647200547,0
0.0023909477632388727,-0.09881011560854366,0.8443916520591964,0.05927495562088178,0
0.0021707925651305044,-0.09881284747188708,0.8395576978023844,0.05047341602608876,0
0.0019789579077118054,-0.09881489046144896,0.8350881899765957,0.04157833881323739,0
0.0016415406980804432,-0.09881903921715032,0.8200876136273365,0.03283639823728236,0
0.0018061220510872434,-0.09881656539259234,0.8302498722022118,0.03281899949327234,0
0.001651007686552678,-0.09881780810441204,0.8259187702738533,0.022841913542192498,0
0.0013588472351595358,-0.0988206079387595,0.8121649170250301,0.012999666744153768,0
0.0011473101948209843,-0.09882195419130071,0.8041402403232425,-0.007868074472618766,0
0.0014190456939980828,-0.09881955722690171,0.8179519980407335,0.0034498942805946085,0
0.001244827374511866,-0.09882126196121868,0.8081525786741364,0.002565796135767501,0
0.0013256580223064028,-0.098820366289323,0.8139396596898397,-0.006983976327791659,0
0.00323168096856997,-0.09879655896865122,0.859130314827767,0.08601953150238412,0
0.0029184654047846323,-0.09880214422131794,0.854250304769731,0.07700570639879678,0
0.0027978708713430516,-0.09880618219404627,0.8442844440084492,0.07682691167184824,0
0.0026410414956536906,-0.09880656372375946,0.8493980184510102,0.06813695079374701,0
0.003496073094165526,-0.098793897007855,0.8539962737954121,0.09496408994272296,0
0.0018211064057839107,-0.09881766732434515,0.8249259314017204,0.04159573755724741,0
0.0015249924234059394,-0.09881873743581449,0.8219574219727,0.012923547795628201,0
0.0014889895680215597,-0.09881990428991358,0.8161262653261834,0.022918032490718065,0
8.166668160952334e-19,-0.09904218502374706,1.0,0.18999119717073892,0
0.0009809169863263926,-0.0990093388879501,0.9915865141247616,0.18456131401291626,0
8.57616677035665e-20,-0.09899099398629817,1.0,0.17998669654172417,0
0.0009293194824033783,-0.09905600386032659,0.9927358328628326,0.19257421851772316,0
0.007863407830338245,-0.0986697262411101,0.8979000633425911,0.16849248243312778,0
0.009769501158223587,-0.09858759280519432,0.8951927804015702,0.18565791514234942,0
0.009396286003851163,-0.09864764233251903,0.9133705419210421,0.19155358448400123,0
0.008394395545765357,-0.09868250794076767,0.914450251325087,0.18268922560258352,0
0.009634838322059226,-0.09861266797783041,0.9042816611613061,0.18860574981317532,0
0.008629739213721586,-0.0986527423622068,0.9053613705653509,0.17974139093175762,0
0.007737366310252921,-0.09868539233524269,0.9067150120358614,0.17115867457714679,0
0.008761919582177305,-0.09863342911774121,0.8965464218720807,0.17707519878773859,0
0.008759323782577851,-0.09862375982824317,0.8813609459476136,0.17291564108964794,0
0.007399293544373511,-0.09868116854430332,0.8714855801228917,0.15793335359265265,0
0.005924720873263805,-0.09873605221663632,0.8610037607902844,0.13993571942245198,0
0.004683125052073622,-0.09877445356256538,0.8493188900547137,0.12256157794396542,0
0.0036225409771115527,-0.09879878159524427,0.8388958209848774,0.10433651754455338,0
0.004281556141834514,-0.09877992725867753,0.854087353659184,0.11339704527625667,0
0.004125056918409688,-0.09878819498053566,0.8441073555197955,0.1134490477442594,0
0.0037985293255149966,-0.09879102115368685,0.8488758191242658,0.10428451507655065,0
0.0033626048077676986,-0.09879957329850637,0.8440162756560237,0.0950160924107257,0
0.0027581799115427006,-0.09881239337124365,0.8291239293180697,0.0851406821988907,0
0.002125310374048125,-0.09881915014971325,0.8194419167485352,0.06752595038791516,0
0.0023349533720608525,-0.09881458749804856,0.8294370372191318,0.06774205322735682,0
0.002072965489894634,-0.09881720970167043,0.8246030829623198,0.05894051363256381,0
0.0016309893665816427,-0.09882237285885515,0.8097658879645715,0.0499898552693899,0
0.0012523799329904979,-0.09882354914060117,0.8007620977757172,0.031633613160071454,0
0.0009713635546672371,-0.09882384362098609,0.7928150037212646,0.010571658721634552,0
0.0011008186579158628,-0.0988236831123216,0.7967885507484909,0.021102635940853,0
0.0013047846466267693,-0.09882189628118358,0.8064635074003736,0.02231663995211261,0
0.0011716830788299198,-0.09882232864800625,0.8024899603731473,0.01178566273289416,0
0.001057527405300685,-0.09882279273274983,0.7984776220222536,0.0013517921245078928,0
0.0007546652627128819,-0.09882456858652329,0.7845049962722596,-0.009169059899399685,0
0.0008570984581933375,-0.09882414086898451,0.7886599999967621,0.0007012994111174333,0
0.0009561735239549175,-0.09882337269291662,0.794322618297751,-0.008518567186009227,0
0.007074039323932897,-0.09870151827846414,0.9029947108179228,0.16169214692005515,0
0.007400856803815845,-0.09868301093720236,0.8936136932139538,0.1618323510621869,0
0.007802908087226286,-0.09866444504594292,0.8853441345164651,0.164043930390447,0
0.008068112156740843,-0.09865336299995608,0.8764232630352526,0.16542449734115028,0
0.007210760562621712,-0.09868641434592987,0.8804064516041041,0.15655278664194935,0
0.0065877058061353305,-0.09870898335958705,0.8756642572468788,0.14845736285498345,0
0.005933975395558252,-0.09873139233237566,0.8704233475805752,0.13945854576988312,0
0.006634943411942196,-0.09871086962686186,0.866244670456588,0.1489345365075523,0
0.007595729283152697,-0.09877443658526043,0.932841206916607,0.18946459703249793,0
0.008521431360554228,-0.09871270926065086,0.9231058744188245,0.19050909075824957,0
0.007615464120822102,-0.098733582353632,0.9241855838228694,0.1816447318768319,0
0.006759238549722145,-0.09878375406129493,0.9338364905947252,0.18043747559643883,0
0.006393375280632623,-0.0988247850484457,0.9414272858660947,0.18442909637945232,0
0.006210229137313296,-0.09889976450696743,0.9509069168342202,0.19540179906146388,0
0.00695462150780885,-0.09883522181183649,0.9418740618754136,0.1924331980469809,0
0.005711736408237,-0.09887847203502982,0.9504601408249014,0.1873976973939353,0
0.005086663268527455,-0.09894484260076168,0.9594023473363735,0.19328710687769377,0
0.005816576530823101,-0.09902907175899847,0.9606540458959356,0.2088023656315051,0
0.0033374874632465575,-0.09914358674881804,0.980318106281572,0.2096956954311213,0
0.003612319294877247,-0.09905508749046163,0.9741079420600494,0.2004340550625225,0
0.004857080078454997,-0.09900252588076566,0.9642759118672313,0.19998739016271438,0
0.004483111068238063,-0.09909839217231292,0.9704860760887538,0.2092490305313132,0
0.008343099183878726,-0.09864456726038126,0.8896305046451023,0.17070406176138786,0
0.005351921294609372,-0.09874990108790278,0.8654003612125821,0.13088057698475333,0
0.004797930919527386,-0.098766316308114,0.8595579258447967,0.12219350624551006,0
0.005280494525002407,-0.0987571050334481,0.855161325422499,0.1312486486832087,0
0.0024991660828462717,-0.09910143508927052,0.9828948860036186,0.20242646764791436,0
0.002134867498989538,-0.09917677125592197,1.0,0.21,0
3.0628711372715483e-19,-0.09911076993914322,1.0,0.19999559858536947,0
0.001163963329984,-0.09912392177301654,0.9927358328628326,0.2025786199323537,0
0.0012329326526952528,-0.09919208382255917,0.990159053140786,0.20984784771556064,0
0.00608198990862678,-0.09895609314354256,0.9557804813650779,0.20210208234648447,0
0.0029633381259081084,-0.09880622934827422,0.8391303298226198,0.08541817473789436,0
0.0026301070456986628,-0.09881101990908008,0.834278043503899,0.0765494191328446,0
0.0024227210493310116,-0.09881634732196427,0.8242829230333024,0.07633331629340293,0
0.003163016496776255,-0.09880667611029341,0.8340098751514735,0.09473859987172203,0
0.001841106404208997,-0.09881911117325129,0.8197650685703379,0.050172466073301177,0
0.001862943145595246,-0.09882108088469439,0.8146039023565533,0.05875790282865253,0
0.0016356631066849901,-0.09882047774667706,0.814926750795954,0.04141312675333613,0
0.0014291266189191956,-0.09882309476062932,0.8052639928701444,0.04081173421473068,0
0.001456309727149952,-0.09882136963749198,0.8104248557015268,0.032235005698676905,0
0.009286320992677193,-0.09860286887383406,0.8882768631745919,0.1792867781159987,0
0.010489842213689402,-0.0985378871836222,0.8772077098750848,0.18707636988293372,0
0.009379728544184066,-0.09860098817540715,0.8643683377280027,0.17741730791589638,0
0.007564534886519882,-0.09869525365279007,0.8490850304000918,0.16235476218683387,0
0.005586720947993964,-0.09876794861830544,0.8369338704770977,0.14222629527773148,0
0.006703525833498307,-0.09871671867941836,0.8550443955951881,0.15114524080464292,0
0.00652367287196487,-0.09873659785276785,0.8430094504385948,0.15229052873228266,0
0.005827414944738512,-0.09874802837157927,0.848968815633691,0.14108100735009171,0
0.005124685040205971,-0.09877021929916685,0.8431263802659057,0.13239393661084845,0
0.004166401198814765,-0.09880147347363598,0.8281147731045656,0.12288661917922544,0
0.004466925438903144,-0.09878656499671619,0.8387168315796396,0.12272409856159544,0
0.003889830172458963,-0.09879925230980942,0.8335052970447214,0.1136115683618894,0
0.0030396373566715456,-0.09881841890351255,0.8188297562375216,0.10290805836778545,0
0.0035634361440394107,-0.09881164013949169,0.8234722646710436,0.11289733877350544,0
0.003356996062141872,-0.09880829098296592,0.8288627886111994,0.10362228795616941,0
0.0028985088500755904,-0.09881469792322307,0.8239768427777956,0.09402437028333807,0
0.002223679661945916,-0.09882577521388113,0.8090997384650992,0.08471608171843312,0
0.0016113871940977066,-0.09882818172138462,0.79943738760655,0.0671552389431205,0
0.0018829955510444223,-0.0988237652548086,0.8094396521775427,0.06734059466551784,0
0.0018974971972347834,-0.09882739874661663,0.8042685630358246,0.07593566033077681,0
0.002176860984162897,-0.09882191217116541,0.8142708276068171,0.07612101605317415,0
0.0025109626714969425,-0.09881902561687851,0.8191118338915844,0.08492838195866191,0
0.0026047891930808796,-0.09882295237521645,0.8139647473513104,0.09381207004310929,0
0.012017474048108035,-0.09846913188147234,0.8823244412923026,0.2009191174150899,0
0.011394742583053839,-0.09854313500926233,0.901863450217593,0.2033120094520914,0
0.01214673397481868,-0.09845327048774326,0.8920939457549477,0.20211556343359066,0
0.010639576094280836,-0.09855611018335365,0.8985281153095817,0.1944849622972204,0
0.010946344924776625,-0.09852274627717515,0.8887586108469364,0.19328851627871965,0
0.011293144896930308,-0.09849811979517926,0.8797660755836937,0.1939977436490118,0
0.010169543564361542,-0.09855942274285465,0.8862002451383275,0.18636714251264158,0
0.009582906968451923,-0.09858500108346165,0.8792843279113491,0.17999600548629083,0
0.009946326958444792,-0.09856881098458671,0.8707880238015437,0.18224683889941506,0
0.009111907283012442,-0.09860841352773464,0.8728646418378081,0.17516647450277217,0
0.008331799065113187,-0.09864544888192014,0.8679269589254472,0.16767533075427452,0
0.007556103278502187,-0.09868228138520879,0.8602853052614917,0.16014405788974326,0
0.008469325640709732,-0.0986500361778647,0.8567266840640473,0.16988603505136513,0
0.010441997832859646,-0.09859199440246565,0.9076169960693174,0.19743279696804633,0
0.010092385137099744,-0.09868502104287266,0.921425379683128,0.2055086350647987,0
0.008185420716191978,-0.09886146116503985,0.9410212191544387,0.2073769316668632,0
0.009484077795371955,-0.09874533854496158,0.9312232994187833,0.20644278336583094,0
0.007968533520749428,-0.09880510877239906,0.9369312130355228,0.19842076434968056,0
0.008851226733003863,-0.09873064913896339,0.9271332932998675,0.1974866160486483,0
0.00982325547142256,-0.09865485082971776,0.917397960802085,0.19853110977439997,0
0.011151081667391035,-0.09857100483222697,0.9116444149503604,0.20441032225844505,0
0.004831391431298897,-0.09878744889831123,0.8325243217908316,0.13255645722847847,0
0.0016241649157125377,-0.09882487930931483,0.8046016377855607,0.0585725471062552,0
0.0011423553483862767,-0.09882820446597099,0.78988008286496,0.04947952002270294,0
0.0013968519513992438,-0.0988254504414971,0.7998229854147658,0.049734687646046424,0
0.0012004382966691327,-0.0988255865121793,0.7953210903203386,0.0405565665913872,0
0.0007863482174252716,-0.09882728861857154,0.780690602770867,0.031213122774959107,0
0.0010265746435885162,-0.09882558823010514,0.7907263502732921,0.031423367967515284,0
0.000880998431177613,-0.09882532606491057,0.7867528032460658,0.02089239074829683,0
0.0005483840841475701,-0.09882623701887794,0.7734261820867103,0.011370907031580148,0
0.0003301976442758702,-0.09882614715098713,0.7648411911622492,-0.009921042684449485,0
0.0006515524632794014,-0.09882524687976693,0.7789655891794849,0.0011009235660902313,0
0.0004340990441977821,-0.09882606085970128,0.7691336866244798,0.0007249321735653316,0
0.0005452641323921472,-0.09882550526110653,0.7746730937172543,-0.009545051291924584,0
0.0013613624009920062,-0.09882836769342684,0.794658735235755,0.05831737948291173,0
0.0009526795295636322,-0.09882776778370657,0.7852853428179135,0.04034632139883103,0
0.0006593387010865557,-0.09882666310240867,0.7770583924287886,0.021292014903269627,0
0.0007648826062195996,-0.09882517816629431,0.7831205929039875,0.01097128287660735,0
0.007201831666725333,-0.09888181439837379,0.9459640679943295,0.20138936536416352,0
0.007228913076303838,-0.09893600169666715,0.9508376325251872,0.20808964864918414,0
0.011927869668979975,-0.0984800261024924,0.8627921253644149,0.1984719234020252,0
0.009777660967221786,-0.09860424780612448,0.8497835489752388,0.18263910078397452,0
0.008643866905075537,-0.09868991453140077,0.8351247250741511,0.17780414294173918,0
0.006517180162792459,-0.09876878083566189,0.8273957935037556,0.15977117866740817,0
0.007515314592279812,-0.09873559492297623,0.8312602592889533,0.1687876608045737,0
0.007106872649137969,-0.09872891743272612,0.8382404119519237,0.16106297042712103,0
0.008112066753657231,-0.09868915070401181,0.8421048777371214,0.17007945256428653,0
0.00923271534859413,-0.09864686320067931,0.842454137024695,0.18022162186285684,0
0.0085945749499529,-0.0986561617675217,0.8494342896876652,0.17249693148540418,0
0.009610360649430607,-0.09859906934928707,0.8570759433516207,0.18002820434993544,0
0.010651418584728855,-0.09853920512471478,0.8635802315462088,0.1879446156589608,0
0.010943855909243648,-0.09853312801411301,0.8562878371698268,0.19055551209299987,0
0.011312050602550723,-0.0984956482357306,0.8699999176197498,0.19277414664247947,0
0.012422141669500321,-0.09841890068645628,0.8725582833283587,0.19969552040855754,0
0.006041935676089729,-0.09876677807797593,0.8321648319904267,0.15099873697256982,0
0.004679474516285233,-0.09881557228150112,0.8172380978570004,0.1407014340678627,0
0.003302811695848689,-0.09883337766807364,0.8080795811137511,0.12115539137288256,0
0.003940881548699636,-0.09882676845101544,0.8126588394853758,0.13092841272037264,0
0.004425981706187397,-0.09880659381604326,0.822676435480783,0.13179402662354406,0
0.0037629296383156134,-0.09881743685752906,0.8180971771091583,0.122021005276054,0
0.0031770137695879305,-0.09882442986350692,0.8134546686756363,0.112031724870334,0
0.002288375425588273,-0.09883849278683725,0.7986750527526153,0.10221213997212754,0
0.002758031568153002,-0.09883703747476191,0.8033773169331833,0.11168376567250504,0
0.0026856415589490705,-0.09882867017634903,0.8087524044950685,0.1025600991699565,0
0.0022634590707213444,-0.0988311606839056,0.8038873956088572,0.09346411084528033,0
0.00154986836669207,-0.09883810537787545,0.7890959419096463,0.08434161241783136,0
0.0015882776598131988,-0.09883250517355183,0.7942666647580982,0.07574842568047593,0
0.0019018754558483505,-0.0988322580209741,0.7990978401873727,0.08452884706813224,0
0.0018925273366445412,-0.09883877552315816,0.7938854973311308,0.09327687619497946,0
0.005538847444513767,-0.09879665509880417,0.822316945680378,0.15023630636763544,0
0.005172748339936766,-0.09879092846826747,0.827085984167049,0.1414638646727971,0
0.0009984667321372616,-0.09883545219263373,0.7794458876664802,0.06676261406241438,0
0.0006138718745298177,-0.09883207513838808,0.7708736961484487,0.04901415918036078,0
0.00027502335937369844,-0.09882926071102877,0.76058609301526,0.03018719102925376,0
0.0004332446014676482,-0.09883057594948004,0.7657298945818544,0.039600675104807276,0
0.0005337721071853113,-0.0988285223841727,0.7706383478930635,0.030700156902106434,0
0.0007052270442055467,-0.09882941411152388,0.7757821494596578,0.040113640977659945,0
0.0008838035728724251,-0.09883040401910256,0.7803768895067044,0.04924683960153187,0
0.0010775281435287437,-0.09883141438496885,0.7846629852657201,0.05812106704255866,0
0.0007924470545003459,-0.0988337123442271,0.7751597919074644,0.05788838662138758,0
0.0012543802277141297,-0.09883693453492177,0.7842709147880632,0.07555211324012287,0
0.0013149349272602968,-0.09883214953401304,0.7894416376365151,0.06695892650276744,0
0.00041759378699638604,-0.09882758590935797,0.7670061375509851,0.020779049030416955,0
0.00011349989854052674,-0.09882698408177003,0.7548682411409035,0.007049883385271522,0
0.0003309594267255332,-0.09882677539695774,0.7641472116138068,0.009210395208425835,0
0.0002235482297041296,-0.09882647333514406,0.7598547161515763,-0.0014355796495889813,0
-0.00010791818288021407,-0.09882648787658023,0.7451636843658072,-0.010075981803895703,0
3.9624814008227315e-07,-0.09882664869262121,0.7500159627533554,-0.0015130492093120905,0
0.00011169473618068216,-0.09882647984718311,0.7550024377640282,-0.009998512244172593,0
0.00018868492526053122,-0.09882786617653853,0.7577271670780817,0.018618537207262642,0
0.011130250888338496,-0.09857335913496316,0.8432487611881002,0.1961150490981094,0
0.009665436057028583,-0.0987277517307837,0.8236791101517987,0.1939886763111289,0
0.007205267510730784,-0.09880599013583223,0.8153373325573319,0.17603065906338236,0
0.005090021329799964,-0.09885158370789379,0.8063719071477298,0.15784565061755323,0
0.0048980673988283895,-0.09882997938379509,0.8118050025023651,0.14927354234270795,0
0.00585516131512824,-0.09880997542700903,0.8168838503257427,0.1588084146424807,0
0.006072882704895822,-0.09883446823660513,0.8108546198525308,0.1669381548404678,0
0.006874466173988352,-0.09878249407716444,0.8213665630305438,0.16790091886539527,0
0.007976755498136276,-0.09874696232535278,0.8252310288157415,0.17691740100256076,0
0.008420546311417535,-0.0987690929154865,0.8195082213545652,0.18500966768725563,0
0.00922719245070857,-0.09869610809882971,0.829401917612975,0.18589640962643406,0
0.010794984539883142,-0.0986106379898814,0.8334639356699495,0.19505186270461916,0
0.009899631119205679,-0.09863139583924559,0.8391867431311257,0.1869595960199243,0
0.010484375880687829,-0.09858322601766795,0.8465161550816696,0.18937707494104195,0
0.011964119550876666,-0.09847562875838914,0.8530204432762576,0.19729348625006732,0
0.0034626103589733793,-0.09886551185669896,0.7969298747085997,0.13944556832615104,0
0.004104436883094926,-0.09884120899341849,0.8070839862828001,0.14007350119700687,0
0.003399110537531397,-0.0988467045195491,0.8025047279111754,0.13030047984951681,0
0.0022784776673011745,-0.0988633330726023,0.7877614910233964,0.12113760037691514,0
0.0014024913272813627,-0.09885476346417849,0.7786094649144988,0.10189368328556299,0
0.0022995585343174385,-0.0988490555619918,0.7932182718880059,0.11167487017452134,0
0.0018031897653178679,-0.09885933055593475,0.7831854779689476,0.11151564183123906,0
0.0018607439817062846,-0.09884737114162002,0.7886422588335571,0.10205291162884526,0
0.0014904567468781924,-0.0988454325006575,0.7838527034120726,0.09311764785169718,0
0.0007797781265879753,-0.0988465269735031,0.7691254692851465,0.08389100105503972,0
0.0003655908235595367,-0.09883947494266812,0.7605476210594029,0.06689791168909853,0
0.0006871576339743891,-0.09883789157882951,0.7699967543629416,0.06683026287575645,0
0.0005002284209109631,-0.0988354111197982,0.7657106586039257,0.05795603543472966,0
0.00015127370869942735,-0.09883398625110552,0.7550305851638568,0.05040179260923652,0
0.00021709693537540415,-0.0988313044681788,0.7578083390895585,0.040294491819245146,0
0.00038571683486863666,-0.09883324383722601,0.7629521406561528,0.04970797589479865,0
0.00025075886466512803,-0.0988364924219514,0.7577891031116298,0.05864985214916753,0
0.004216497983443084,-0.09886141849042625,0.8016508909281648,0.14864560947185212,0
0.0028246153317820336,-0.09886558019645357,0.792345682865998,0.1302915843515331,0
0.0028161022349282154,-0.09884905012654281,0.7979205360685737,0.12114649587489884,0
0.0011736858927431832,-0.09884294887096313,0.7791107055973964,0.08411630673643554,0
0.0010656967139899554,-0.09885063041714237,0.7738674670998227,0.09289234217030135,0
0.0009013911471405477,-0.09884042012549422,0.7742856784758133,0.07532680755872705,0
0.0005567073323204845,-0.09884283009266405,0.7648365451722747,0.07539445637206912,0
-0.0002005159207894474,-0.09883124523970523,0.7427690131810665,0.039845845890607585,0
-3.173615639624818e-05,-0.09883264413574847,0.7488997991724616,0.04512381924992205,0
4.508159060285825e-05,-0.09883040586085728,0.7516775530981632,0.03501651845993067,0
-0.0001227474254681148,-0.09882833396806238,0.7450618387043513,0.02194723492097528,0
7.183962476004304e-05,-0.09882891094541943,0.7528239658598057,0.026067212975114523,0
-0.000159061612307388,-0.0988295848978762,0.7439154259427089,0.030896540405791435,0
-8.304631845422045e-07,-0.09882759241593901,0.7499650399226274,0.014498559153123402,0
-0.0003089987334113573,-0.0988266901493089,0.7366837958965758,0.006799441088310485,0
-0.0005416419006770879,-0.09882554779930124,0.7254907406226344,-0.009623902792754083,0
-0.00042677398975004345,-0.0988260383884075,0.7310872682596051,-0.0014122308522217992,0
-0.0002058117976387839,-0.09882650567295133,0.7409237401311914,-0.0016382703577926092,0
-0.00032644533492184424,-0.09882617502575192,0.7353272124942207,-0.009849942298324893,0
-9.835857306951255e-05,-0.09882699309005537,0.7457760185187396,0.006924662236791003,0
-0.00021851576969109457,-0.09882741543165768,0.7408728173004635,0.014373338004642883,0
0.007611844388432928,-0.09890727698705519,0.8040739682388426,0.1922212148074821,0
0.00530029962168244,-0.09892623379863412,0.7953286459421055,0.17454152991783217,0
0.006295112214616234,-0.0988685788468047,0.8053329892497187,0.17528609449060728,0
0.005221664454993288,-0.09888285310629906,0.8008502765449177,0.1661935902676927,0
0.003419725377910425,-0.0989232033736412,0.7861099685043921,0.15670120275460162,0
0.004284287645038615,-0.09892788876503036,0.7907193072232488,0.16562136633621688,0
0.004291259204878117,-0.09888958330473267,0.7962409378260609,0.1572734266860774,0
0.0034697019156138555,-0.09889022318958998,0.7915199216064959,0.14807338554037633,0
0.002060241691742151,-0.09890393317007574,0.7769759006401629,0.1384758077681916,0
0.001098285097202281,-0.0988816501252578,0.7679085374361114,0.11970991764332338,0
0.001535058054017579,-0.09889255655083995,0.7724422190381371,0.12909286270575748,0
0.0016983451387885063,-0.09887413638048628,0.7778350142297539,0.12042375901011926,0
0.001274279196532438,-0.09886673368447542,0.7732590011753051,0.11080180046444318,0
0.00043481523012191796,-0.09886280049580431,0.7587678200605287,0.101013773122273,0
-3.5711053601617215e-05,-0.09884922984864072,0.7491310401752291,0.08354562421467232,0
0.000374433722685199,-0.09884867219181752,0.7591282547301879,0.08371831263485602,0
0.00018226470200888997,-0.09884404638546,0.754839330617316,0.07522176795188543,0
-0.0003349714474305955,-0.09883775524130967,0.7399380056629835,0.06253730682912113,0
-0.0007230902378141334,-0.09883077254664561,0.7247581004948153,0.04631017236730925,0
-0.0002611002106691088,-0.0988340344825251,0.7413535094220249,0.05119157635986436,0
-0.000544321555787493,-0.09883405064082706,0.7323480530788994,0.05442373959821519,0
-0.00045826554178872084,-0.09883128785053484,0.7337635568379408,0.043078009128958414,0
-0.0004932106993739216,-0.09882798803056922,0.7304020678904741,0.02585379618549196,0
-0.0007222307878762996,-0.09882543718486404,0.7187885611217246,0.010795348079777401,0
-0.0009527756026010654,-0.09882345178637307,0.7058394874122254,-0.008593834971550914,0
-0.0007511942095974056,-0.09882463166180264,0.7156651140174299,-0.0091088688821525,0
-0.0006265853321137906,-0.09882537764762954,0.7221396508721796,0.0005857226435116592,0
-0.0008376017936378332,-0.09882431943362692,0.712314024266975,0.0011007565541132436,0
0.008973968921792029,-0.09879300328352436,0.8138765391953207,0.19310494555930552,0
0.007489443231336895,-0.09884338174601272,0.8097056503980873,0.18412593693543222,0
0.006420284143028897,-0.09891899335678275,0.799701307090474,0.18338137236265714,0
0.0021964218684109465,-0.0988811279777971,0.7823686958317797,0.12980670407255337,0
0.00278281168858337,-0.09888674809156046,0.7869528876743812,0.13896068804717132,0
0.0026823036146917272,-0.0989143736531496,0.7815429345722775,0.1475885052613966,0
0.0006263953882558984,-0.09885393638955797,0.7639466446728376,0.09245238708865636,0
0.0001779471227820888,-0.09885557193005738,0.7539494301178788,0.09227969866847266,0
0.0009241213925146287,-0.09885991689343279,0.7686886424875137,0.10145372820391799,0
0.0007348400614939576,-0.09887169354590987,0.76333817874832,0.1103618453827982,0
-0.0002013409573021106,-0.09884285578397334,0.7445345229191063,0.07304146552189672,0
8.216366637684626e-06,-0.09883915022925775,0.7502428133611931,0.06471760925910983,0
-7.956019153336332e-05,-0.09883598508255702,0.7474842954134202,0.05646954971917883,0
-0.0003537325666041311,-0.09882953289230922,0.7365855405357703,0.03284982103804977,0
-0.0005988988632632744,-0.09882920136305426,0.7275800841926447,0.03608198427640061,0
-0.00030716542077167784,-0.09882828735629329,0.7377319532974127,0.023900515553233623,0
-0.00039577118978247685,-0.09882720537583019,0.7335429318935249,0.016326618636901224,0
-0.0005167412295102467,-0.09882621149347705,0.7277361785091503,0.008797394584043943,0
-0.0006113869410656087,-0.09882660808502493,0.7245953145060994,0.018324572132634682,0
0.005085918102743162,-0.09906928410481194,0.7844324567857922,0.1909215934450424,0
0.0030722795944773396,-0.09901964824850863,0.7753583427141041,0.17346284473247187,0
0.003289959096554215,-0.09896547571938924,0.7807341556092481,0.16508202374353675,0
0.004214357839591675,-0.09897851502999769,0.7853434943281048,0.17400218732515202,0
0.004024394510415998,-0.09904470514503237,0.7798953997499481,0.18219221908875713,0
0.005278012444945506,-0.0989858701363053,0.7898805513639489,0.18273156168143728,0
0.006599409603199811,-0.09897998489026426,0.7942532125123174,0.19157140412626225,0
0.0015769841167247375,-0.09896884041011876,0.7662569796353015,0.15589001002614605,0
0.0005535352038072778,-0.09892150216900278,0.7572048167914811,0.13725539477190982,0
0.000861564723994344,-0.09889972754039904,0.7625566771137963,0.1284826562076166,0
0.001313168329593279,-0.09891560918090088,0.767090358715822,0.1378656012700507,0
0.001012333261156477,-0.09894371475888741,0.7617308982133912,0.14657270239902792,0
0.0018601644772738744,-0.09893281031748656,0.7716164401377321,0.14718290889716884,0
0.0025180819210208123,-0.0989500247489449,0.7761834740698468,0.15629560639037382,0
0.0022548537664082787,-0.0989940156022195,0.7708076611747028,0.16467642737930896,0
-0.00011393686997482048,-0.09888585275922362,0.7481317521111738,0.11848314840350851,0
0.0004920166925384289,-0.0988856375413106,0.7580201447736425,0.11909653302341594,0
0.00018256466626601658,-0.0989021962498243,0.7526682844513275,0.12786927158770917,0
0.00018962074230605234,-0.09887347739243309,0.7534497860858512,0.10974846076289076,0
-0.000552182086018415,-0.09886191286970426,0.7388095366134986,0.10069966247016104,0
-0.0003578963871759155,-0.0988728192995669,0.7434706443623362,0.10959140543683478,0
-6.00863040927292e-05,-0.09886357403416833,0.7487886783370137,0.10085671779621702,0
-0.00027105549383721534,-0.09885524165098049,0.7439702883943639,0.09212264334241668,0
-0.0008444320783678857,-0.09884563244086797,0.7291095267609007,0.08326662287537467,0
-0.0007154385260996942,-0.09885297954831407,0.7339595316871996,0.09198314267276786,0
-0.0004443640186298734,-0.09884819317109221,0.7391202834680649,0.0834061235450235,0
-0.0005662304868223977,-0.09884148465511147,0.7345237662119422,0.0729019648522479,0
-0.0010700497579354078,-0.09883437387419627,0.7180009004225848,0.06572979797637357,0
-0.0012731304586734468,-0.09882666934276045,0.7047035666684359,0.048604846063287716,0
-0.001182296199910777,-0.09883008880591554,0.7113522335455104,0.057167322019830644,0
-0.001003467022840161,-0.09882901501149134,0.7147308335816256,0.04745750921529848,0
-0.0008826791666653811,-0.09883245365790805,0.7213795004587,0.05601998517184141,0
-0.0007039154621413948,-0.09883667655341273,0.7289694530427842,0.06413355240274735,0
-0.0009705323004619063,-0.0988394081691458,0.7235552135917427,0.07449821042587412,0
-0.0009654622492041847,-0.09882587064913097,0.7114696620342964,0.029713765848605567,0
-0.0011541924874112887,-0.09882252577609145,0.6983180801616066,0.01140060919778334,0
-0.0010622703927162956,-0.09882400907541017,0.7048938710979515,0.020557187523194454,0
-0.0008358724120972615,-0.09882559989364159,0.7151291115780105,0.020254556964191484,0
-0.0009445140634993605,-0.09882411976220566,0.7085533206416657,0.01109797863878037,0
-0.0010466665352693628,-0.09882293884790637,0.702078783786916,0.0014033871131162133,0
-0.0013226957995246603,-0.0988204774820009,0.6862216859512129,-0.007051123810375293,0
-0.0012358698345978027,-0.09882140841124834,0.6922698830564098,0.002174742693704024,0
-0.00114412688788371,-0.09882205130405344,0.6960305866817191,-0.007822479390963104,0
-0.0011078316951005473,-0.09882626125238045,0.7080866143513662,0.03915930595594664,0
-0.0008519732589684985,-0.09882809180542629,0.7181138812645558,0.038011969107957407,0
-0.0007313792097602761,-0.09882714230532669,0.7209358649623853,0.027783781017048766,0
0.0022391430872082518,-0.09917447178696133,0.7647624404709625,0.1901715774472619,0
0.0006879018619757084,-0.09906330008171627,0.7556069568361585,0.1727877151504933,0
-0.00031414866034273485,-0.09897793751988204,0.746748864810143,0.15499142441358268,0
-0.0009322257821030437,-0.0989158756344866,0.7376551144634372,0.13615057749247375,0
-0.0006658889903985342,-0.09894368598871688,0.7422019896367902,0.14557100095302822,0
-0.00019630359069033328,-0.09892155102742395,0.7474299656274592,0.13670298613219178,0
0.000170407568413029,-0.09894755441975152,0.7519768408008121,0.14612340959274625,0
0.0006318757905681463,-0.09897809304901364,0.7565029222227222,0.15544071721986435,0
0.0011919215256295504,-0.09901181536173494,0.7609319682357301,0.16433886258831967,0
0.0018909964178510307,-0.09904887366169121,0.7654826497751313,0.17312527994148258,0
0.0027406676309932763,-0.09908811186439657,0.7700603915925333,0.18181721108986687,0
0.0038089128698735528,-0.09912659481056224,0.7745974486283773,0.19054658544615216,0
0.001395614458754628,-0.09911538750349383,0.7601846986535605,0.18147964629887758,0
0.00012846323818533712,-0.0990170642477426,0.7511779108231508,0.163889569782038,0
-0.00048218400574674496,-0.09890009114603637,0.7428934332873055,0.12731686294799113,0
-0.0012933206400688327,-0.09887631516774525,0.7283274415881442,0.11781926628764543,0
-0.00149738966725918,-0.09885192260022278,0.7187952195725247,0.10040928976833931,0
-0.0008911868788191232,-0.09886903030180401,0.7335684891008214,0.10925946437890324,0
-0.0014134992301373796,-0.09886273770666572,0.7235613305803344,0.10911427802799237,0
-0.0010344946756942865,-0.09885794387464837,0.7288023780930116,0.10055447611925017,0
-0.0011460990791519576,-0.09884892184603462,0.7239523731667127,0.09183795632185698,0
-0.0016025435908896594,-0.0988367139338229,0.7089815987699214,0.08336293175987872,0
-0.0012336961602171877,-0.0988417613623354,0.7190455627654111,0.0833147773176267,0
-0.0015615570718232469,-0.09884340381803952,0.713888409171223,0.09188611076410902,0
-0.0007122705190301599,-0.09888280958699314,0.738229596849659,0.11815120734557696,0
-0.0011409958047676545,-0.0988939146608656,0.7329912780257908,0.12698492189005958,0
-0.001317222268496278,-0.09883568940091457,0.7134912495962531,0.07454636486812614,0
-0.0017145207618634388,-0.09882639527829193,0.6964874825893649,0.06655440551742903,0
-0.001775417252142907,-0.09882029438657386,0.6835585656945713,0.050203123527971426,0
-0.0017514025908020006,-0.098822918549435,0.690023024141968,0.05837876452270023,0
-0.001478602226993926,-0.09882668698787397,0.7005955246289004,0.05757962579035837,0
-0.0014041101553599019,-0.09883074056918358,0.7072441915059748,0.0661421017469013,0
-0.0016697921075189677,-0.09883088608379076,0.7027345406796431,0.07495866863865387,0
-0.001536035917863738,-0.09882364159786729,0.6941310661815037,0.049403984795629574,0
-0.0014245963736679785,-0.09882175670331006,0.6909577633031926,0.031725261568428385,0
-0.001202941337342304,-0.09882397318090477,0.7012137126687445,0.030719513708516978,0
-0.0012784264833955174,-0.09882216415490475,0.6946379217323996,0.021562935383105865,0
-0.0015148717368939535,-0.09881896798214536,0.6787456259579149,0.013160707494056529,0
-0.0016316575607641082,-0.09881704835589344,0.6666409667268004,-0.00509180657901013,0
-0.0014104197872507637,-0.09881972843253851,0.682483655954564,0.003054791841840618,0
-0.0015682428752324628,-0.09881795826510721,0.6726932963423576,0.0040344504575232,0
-0.0014860645330024617,-0.09881878939044637,0.6764313263390067,-0.0060714651946927115,0
-0.0013546451846391087,-0.09882392173653934,0.6978306649858143,0.040165053815858054,0
-0.0015872763983944221,-0.09882115753651154,0.687258164498882,0.040964192548199906,0
-0.0014682170387619864,-0.09882019513745703,0.6848516946305537,0.02244298453124246,0
-0.0013427836805447572,-0.0988208141858978,0.6885318530597607,0.012280658345919935,0
-0.0007504002164110183,-0.09919690779204253,0.7450787942757616,0.1900191158835712,0
-0.0017063733749330772,-0.0990459720808947,0.7358694949463576,0.17207141183540353,0
-0.00209965380153145,-0.09894756706124151,0.7273261584767096,0.15297297825400866,0
-0.0019435689291092055,-0.09899058581269181,0.7315978267115335,0.1625221950447061,0
-0.0012302553284728045,-0.09896661839476345,0.7370375116434262,0.15398220133379567,0
-0.0009387729361592414,-0.09901075734063211,0.7413091798782503,0.16353141812449312,0
-0.0005193413448590632,-0.09906223087634748,0.745738225891258,0.1724295634929484,0
5.047712694353572e-05,-0.09912515138878243,0.75034287555596,0.18140341551703226,0
-0.0013029348843344927,-0.09911332463849343,0.7404741446110596,0.18104526385948738,0
0.0007743034412500064,-0.09919672408990436,0.754920617373362,0.19009534666541655,0
-0.001464327256012402,-0.09893170714590378,0.7324906364700734,0.1445617778732412,0
-0.0023084909178288393,-0.09888956802460838,0.7180920369750843,0.13489150382155005,0
-0.0023743128289674805,-0.09885528917855432,0.7084989645903264,0.11744635080064121,0
-0.0018511530086043778,-0.09886700308958159,0.7184132030892353,0.11763280854414332,0
-0.0019039410314331832,-0.09885421373281239,0.7136470920814255,0.10892782028449026,0
-0.002330975959654744,-0.09883542139764437,0.6988237785468554,0.10005111427456853,0
-0.0023631970668323136,-0.09884394400161758,0.7036613715685909,0.10874873253760486,0
-0.0019314529757320526,-0.09884424579463848,0.70880949905969,0.10023020202145391,0
-0.0019430615899064753,-0.098836612377653,0.7039026886583883,0.09170702301722362,0
-0.002284697354677492,-0.09882397949660869,0.6882063855854187,0.08393341179877233,0
-0.0022333377057049786,-0.09881691654570494,0.6754738728899984,0.06749220305987105,0
-0.0019904164606593866,-0.09882172863457403,0.6859806777396816,0.06702330428865004,0
-0.001989808100677979,-0.09881889529026931,0.6795162192922848,0.05884766329392124,0
-0.002147585322541582,-0.09881356370934086,0.6625795211170257,0.05084064293828479,0
-0.0017899192786225288,-0.09881703055783252,0.671336218273196,0.033567958589377736,0
-0.0017977413914669867,-0.09881517177846783,0.6589990926640154,0.014413297593537435,0
-0.0017885311324354575,-0.09881599726712706,0.6651676554686057,0.023990628091457585,0
-0.0016399938026589573,-0.09881810789886855,0.6750409221155554,0.02336433304171713,0
-0.0016675200225033883,-0.0988170535997807,0.6688723593109651,0.013787002543796983,0
-0.0017061320110182852,-0.09881616369400827,0.6628200296954079,0.004660745507263652,0
-0.0018596401323970517,-0.09881367992445647,0.647092181842287,-0.002835307070324974,0
-0.00182215949355375,-0.09881443093322104,0.6530456372531512,0.0057889952616062305,0
-0.0017570184665564523,-0.09881532257817345,0.6568665742845436,-0.003963556824667552,0
-0.0016403780369569235,-0.09890485576642424,0.7278735757192607,0.1355210406570119,0
-0.0022325391008301046,-0.0989149120447012,0.722709097725897,0.14393224103777935,0
-0.0017600572971579794,-0.09888339759100377,0.7232097392816143,0.12635538505459773,0
-0.002359872932206133,-0.09887018122607363,0.7132955007827053,0.12616892731109564,0
-0.0019600601558380937,-0.09883065123128704,0.69859399217767,0.08364817177932551,0
-0.002315629650152018,-0.09882885780625948,0.6935150820661371,0.09199226303667044,0
-0.0019808250712079266,-0.09882555048041207,0.6923469340873918,0.07524390865810068,0
-0.002265736983289328,-0.09881983312236195,0.6818401292377085,0.07571280742932168,0
-0.001957705175108751,-0.09881551292052279,0.6669578696951108,0.04220430076383126,0
-0.001977942736726969,-0.09881686524756156,0.6730690434057984,0.050521883233128104,0
-0.0017834591161540834,-0.09881842781290533,0.6774473919838837,0.04188554105867458,0
-0.0016178828372362315,-0.09881943509915564,0.6811469907881943,0.03264661007890306,0
-0.0021922453571864044,-0.09881489933120438,0.669026697003512,0.05916642299907792,0
-0.0036919895765083087,-0.09913101850054166,0.7253997900510565,0.1904740301919498,0
-0.003993187949297492,-0.09897363689672772,0.7155546164796188,0.1716190509743946,0
-0.003700838398124649,-0.09889500322065001,0.70786393835419,0.1520826501931928,0
-0.0038585818215834595,-0.09892828669216522,0.7117092774169045,0.1618508505837937,0
-0.0029593595525050824,-0.09896305769317702,0.7214403874781642,0.16229601461420162,0
-0.002879320513186079,-0.09901599562276912,0.7257120557129881,0.17184523140489905,0
-0.002623223102130386,-0.09908752008119918,0.730634642498707,0.18127272101367667,0
-0.003918958045033644,-0.0990401993535547,0.7204772032653377,0.1810465405831722,0
-0.002310327244719192,-0.09917283904381306,0.735239292163409,0.1902465730377605,0
-0.00293171473633713,-0.09892376997836441,0.7175950484154499,0.15252781422360073,0
-0.0029517631449824393,-0.09889393183672084,0.7129779876646372,0.14348707700737143,0
-0.003544592921672306,-0.09885069336324717,0.6981854191265174,0.13459589946980033,0
-0.0029542547022579553,-0.09887134668638178,0.7081387280508009,0.13474370164567517,0
-0.0029189308074908473,-0.09885445213953686,0.703342191858422,0.12602112513522076,0
-0.0032949391366590966,-0.09882757966126722,0.6885053537083383,0.11719458915191668,0
-0.0027822132253461813,-0.09883263269231723,0.6936645661275969,0.1086228517132426,0
-0.0028601508077567605,-0.09884185376857357,0.6985021591493323,0.11732046997627894,0
-0.0034277695433923673,-0.09883716633437349,0.6933453864174279,0.1258952443108585,0
-0.0036394786733730585,-0.09886944910801142,0.7030246787403538,0.14333927483149655,0
-0.003020142085021167,-0.09881644990778185,0.6788176886207984,0.10020306375091441,0
-0.0031601920355879658,-0.09882093843584433,0.6836615211645684,0.10869882645141554,0
-0.0026979625407859585,-0.09882601051142297,0.6888207335838269,0.10012708901274148,0
-0.0026315161731161403,-0.09882093740026864,0.6835120371031085,0.09206823777484337,0
-0.0027960729897185833,-0.0988104142289315,0.6670219536594495,0.08363207385855427,0
-0.0025869074348879905,-0.09880826857949385,0.6549545540615102,0.0680144302670011,0
-0.0026924077181958504,-0.09880897549294974,0.6609882538604799,0.07582325206277768,0
-0.002430012756548643,-0.09881238192323766,0.6652142134757543,0.06775331666343608,0
-0.002499177850192592,-0.09881413498746637,0.671247913274724,0.07556213845921267,0
-0.0025641624983289285,-0.09881701161175818,0.677614169622434,0.0837827428286633,0
-0.0029117650511657394,-0.09881270840624236,0.6729198211401239,0.09191756880473434,0
-0.0023534817640766454,-0.09881124855568717,0.6587670375892679,0.059427536602642946,0
-0.0023852326634026125,-0.09880806610949767,0.6425420774437516,0.052347182421578015,0
-0.002053322218933969,-0.0988123866156629,0.6511448310500471,0.03449860425882419,0
-0.001936143434829614,-0.09881461958362747,0.6612405246616215,0.03403328142410096,0
-0.0019131652904309884,-0.09881394081207812,0.6550719618570312,0.024455950926180813,0
-0.0019871916506287346,-0.09881176893988379,0.6393355663644822,0.0166852788759524,0
-0.0019873787886120794,-0.09881090752162949,0.6275627932336864,-0.0004166610428862832,0
-0.0019141225525358286,-0.0988128131810333,0.6432138741033846,0.0069249859028137125,0
-0.001978950034191447,-0.0988113943614038,0.6334491797990842,0.008134308916533058,0
-0.001937154814795609,-0.09881218826431583,0.6373274875379866,-0.0016259840566056286,0
-0.0022837087529593604,-0.09881062452611929,0.6525607992803886,0.0515939126799314,0
-0.002097201861513107,-0.09881285775275202,0.6568621760835364,0.04266962359855449,0
-0.002208060774816789,-0.09881046030836341,0.6468434542468993,0.04342289334020111,0
-0.0024841657132430124,-0.0988080068778853,0.6487483157526308,0.06018080634428956,0
-0.0020131034758562134,-0.09881206820838918,0.6452401987072647,0.025591941567388296,0
-0.001905850253532966,-0.09881338255694735,0.6491673295142488,0.015549288234744916,0
-0.0063992068475145145,-0.09899312990157692,0.7057425391897695,0.1915070909240959,0
-0.005246110203750635,-0.09906093046058995,0.715571164620413,0.19099056055802285,0
-0.005129298218353839,-0.09898550201687249,0.7106485778346942,0.18156307094924523,0
-0.0060829724021181615,-0.09885818369190559,0.693493333593762,0.171321928013501,0
-0.005071564130375984,-0.0988290421240403,0.6878673749831491,0.15171211481785588,0
-0.00442929126365151,-0.09886267207297023,0.6978656566686696,0.15189738250552434,0
-0.004800926748923498,-0.09888382423160026,0.7006786359739761,0.16170228910334689,0
-0.005553724945844657,-0.09884074634595068,0.6906803542884555,0.16151702141567842,0
-0.005094084865324626,-0.09891906767156829,0.7045239750366904,0.17147048949394778,0
-0.00632847051613101,-0.09890964374073026,0.6996179363917657,0.18141450946879845,0
-0.004259159852330999,-0.09884274348343113,0.6930263970548333,0.1431540071438281,0
-0.004521640885763059,-0.098807382117038,0.6781890606242226,0.1342133026225948,0
-0.003981332609470644,-0.0988000583741217,0.6685088418615264,0.11684147739947673,0
-0.004248786637954491,-0.09880250158372751,0.6733489512428745,0.12552739001103574,0
-0.0036699050193258692,-0.09881335825652411,0.6785070977849323,0.11701803327569671,0
-0.0038721928027949807,-0.09881947338654129,0.6833472071662805,0.12570394588725572,0
-0.004070054075872425,-0.09882886343865581,0.68818723987537,0.13440460104619756,0
-0.004798969479212884,-0.09881574097815059,0.6830282178036858,0.14296270872022532,0
-0.003475197791322423,-0.09880954488602195,0.6736632652411624,0.10852227057519556,0
-0.0034932733122589915,-0.09879931505889049,0.6588207728187728,0.09989024878833037,0
-0.003732057230892313,-0.09879914744921002,0.6636648073401497,0.10836586309390356,0
-0.003284079775910963,-0.09880738101567034,0.6688192307197856,0.10004665626962239,0
-0.0031261230432082948,-0.0988055851722364,0.6629213632391111,0.09176116132344232,0
-0.0031292893662138474,-0.09879980683708886,0.6471245210989703,0.08457967851779503,0
-0.0028432537548830046,-0.09880451519008553,0.6510395375802402,0.07629705439239806,0
-0.002985710630769986,-0.09880469929923445,0.6570732373792099,0.08410587618817465,0
-0.0033103495900813798,-0.09879919875644257,0.6529726469588716,0.0922349636530627,0
-0.0027849159781870567,-0.09880202707869636,0.6349853826905528,0.06919474343167095,0
-0.0024875105356981842,-0.09880443221618496,0.622681470757377,0.05445062878440319,0
-0.0021994015907987135,-0.09880880578445946,0.6313536250063062,0.03619249188163568,0
-0.0020577112034553917,-0.09880939123784437,0.6198609362589903,0.01825923590155431,0
-0.0021186041801965223,-0.09880918057955554,0.6256072806326483,0.027225863891594995,0
-0.002081822762865121,-0.09881045338911726,0.6353445956853943,0.02643888537879404,0
-0.0020373576882462712,-0.09881043257221889,0.6295982513117362,0.017472257388753354,0
-0.002013773605123743,-0.09881024281921579,0.6237118647463383,0.008921287429334013,0
-0.0019985664541383743,-0.09880917094107525,0.6080358688985363,0.0020210048707205793,0
-0.0020198955771573985,-0.09880936222042212,0.6139484025787634,0.010140120386137444,0
-0.0020083720497595975,-0.09880988959427194,0.6177993310661114,0.0008021719139171481,0
-0.002573104079365507,-0.09880534743839556,0.6387637300671523,0.06077096292662448,0
-0.002632003439112248,-0.09880323263810167,0.6288334267239649,0.06182268610803707,0
-0.00245513595377955,-0.09880596156515967,0.6326117741005644,0.0533989056029906,0
-0.0022861297700022946,-0.09880843828251701,0.6369478512250288,0.044269837151606845,0
-0.0023328661429643455,-0.09880682069092703,0.6270175478818416,0.045321560333019435,0
-0.002706816765350739,-0.09880478123022125,0.6449699683760315,0.06860458684933603,0
-0.002953790252850769,-0.09880079369597686,0.6410549518947616,0.076887210974733,0
-0.0021422732477880467,-0.0988104272941299,0.6412492280281766,0.03534554807022994,0
-0.008705838805151172,-0.09881699239850647,0.6861187615548019,0.1930527247722307,0
-0.008221677405419441,-0.0987302233620012,0.6724328648958924,0.17773675390660243,0
-0.008565522629870245,-0.09875826349107758,0.6792758132253471,0.18539473933941658,0
-0.007179699722732366,-0.09879833999846599,0.6829630992448272,0.1745293409600517,0
-0.007339881376401042,-0.09884027650213986,0.689806047574282,0.18218732639286583,0
-0.007848175073283004,-0.09888880504893793,0.6959306503722857,0.1922799078481633,0
-0.0065077119481381585,-0.09878306673593576,0.6772547667513268,0.16267991238528734,0
-0.005768962229841849,-0.09880874414135113,0.6825610708672379,0.1571960136015716,0
-0.006349943217295299,-0.09881599446599504,0.6853740501725444,0.16700092019939416,0
-0.007316255128617072,-0.09876056601181694,0.6748438158236096,0.17020833314594488,0
-0.006029422838119174,-0.09876715315180247,0.6678798384927206,0.15085249305060586,0
-0.005179149339213439,-0.09877050639489023,0.6581935372026465,0.1338092066238429,0
-0.005594883309686542,-0.09876781168142271,0.6630366878476835,0.14233084983722438,0
-0.0048926163591252805,-0.09878755612192475,0.6681912989134345,0.13401125462321883,0
-0.005236236830807476,-0.09879035705257345,0.6730344495584716,0.14253289783660034,0
-0.00560206554621759,-0.09879650543817141,0.6778736067379348,0.15128230393423087,0
-0.006276348514396948,-0.09877308932217038,0.6725673026220237,0.1567662027179466,0
-0.004550562872564166,-0.09878725648624127,0.6633511895320865,0.12532534201165982,0
-0.004400407079042672,-0.09877901949247313,0.6485130933434051,0.11651783442424707,0
-0.0037476816770969285,-0.0987875668158027,0.6388215852610462,0.09981931785163417,0
-0.004062371112119703,-0.09878334860147675,0.6436673393022256,0.10816857613794062,0
-0.003926504367107062,-0.09879030847213645,0.6536669330810889,0.10820404160628871,0
-0.0036499127560505407,-0.09879259014891831,0.6488211790399094,0.09985478331998227,0
-0.003425289100559107,-0.09879424305258715,0.6429730531800082,0.0921994981847146,0
-0.0032697496399095843,-0.09879351334760102,0.6277844382501687,0.08555418806625267,0
-0.003503376834732927,-0.09879054865353672,0.6333030117556074,0.09268675295894342,0
-0.003223142000010128,-0.0987960721657115,0.6374544796745696,0.08506693329202386,0
-0.0030146545772337884,-0.09879814807872797,0.6313849104703608,0.07737446574896181,0
-0.0028471797902118643,-0.0987986076036849,0.6148081621735789,0.07190815140611216,0
-0.0024254705944042857,-0.09880346657479595,0.602881449039464,0.05598366820063629,0
-0.0022086561890366442,-0.09880686649409608,0.6115066351667916,0.03759794669914605,0
-0.002221331442793516,-0.09880761049748958,0.6214301300865489,0.036895219290390864,0
-0.0021228353460804703,-0.09880826033288108,0.615683785712891,0.027928591300350178,0
-0.002006861430147188,-0.0988082444935362,0.5999904568482257,0.02075619723946511,0
-0.002098025997325977,-0.09880768116024051,0.6057485460075087,0.02917707196930558,0
-0.0020489634063474162,-0.0988086370095377,0.609925696553608,0.01950771657050971,0
-0.0019938705114497363,-0.09880879341117522,0.604013162873381,0.011388601055092845,0
-0.0018824966242581313,-0.09880869239211547,0.5884939408741953,0.004333636281873341,0
-0.001956789185410008,-0.09880877252328188,0.5982649048863657,0.0031773205762969598,0
-0.001935670927856934,-0.09880856691962296,0.5942421988612105,0.012544916760669225,0
-0.004225985055414633,-0.09878840929111607,0.6585109676024657,0.1166796559118619,0
-0.004777544556919774,-0.0987745123365882,0.6533533152730258,0.125163520524045,0
-0.0028387414463863464,-0.09879984367559429,0.6248967724320659,0.07055144741889155,0
-0.0026565278795704114,-0.09880174652468646,0.618744816465478,0.06317939009525768,0
-0.0026266124502584607,-0.09880125130108676,0.6088448056065214,0.06394590980337422,0
-0.0024759589870688653,-0.09880361929870475,0.6127814598984205,0.05521714849251974,0
-0.002338280783832253,-0.09880578152753461,0.6170940529620843,0.04602428774177462,0
-0.0023080343440307067,-0.09880527928470925,0.6071940421031278,0.04679080744989117,0
-0.0030552163349289365,-0.09879609945494111,0.6212963002118739,0.07873116973618241,0
-0.010477237030345785,-0.0986449041775482,0.6665320285254098,0.1950146595390509,0
-0.009491754894545127,-0.09862367238656776,0.6531432061088611,0.18097853440990688,0
-0.010080760039340305,-0.09861978968963096,0.6598376173171354,0.1879965969744789,0
-0.008905258717957276,-0.09867515211984311,0.6627880355023767,0.17935764415825467,0
-0.009343467534014724,-0.0986883495244497,0.669482446710651,0.18637570672282666,0
-0.00996075216991533,-0.09869839427365182,0.6763253950401058,0.1940336921556408,0
-0.007494782404944929,-0.09871144345093848,0.6587575003829315,0.16411648359039507,0
-0.008437477289071385,-0.09867317737071708,0.6559503532458963,0.17254750900015098,0
-0.007877105435068518,-0.09871651322733456,0.665595182639412,0.17092661874849874,0
-0.007051532468735682,-0.09874507205520094,0.6680061335671291,0.16339819798784122,0
-0.006737088129206009,-0.09874206012662334,0.663318669437826,0.15748448832050047,0
-0.006564330716079526,-0.09872410734677789,0.6478911033091149,0.15006155648453276,0
-0.005843675381405119,-0.0987497609895739,0.6530423202558807,0.14193538155418783,0
-0.006351041304648635,-0.09874266782347155,0.6578854709009178,0.1504570247675693,0
-0.007027270429357184,-0.09871655959411255,0.6533243018460232,0.15708902003746392,0
-0.005493120604955719,-0.09874787879626962,0.6381960790702884,0.13345945507675047,0
-0.004530586354377588,-0.09876862310752357,0.6285242078166104,0.11612957623964994,0
-0.003751817308874257,-0.09878353805386578,0.6188357068384694,0.09943192591368294,0
-0.004123809987330521,-0.09877666165930438,0.62367995732754,0.10778075107666643,0
-0.0041257329912081425,-0.09877879680081529,0.6336728965388283,0.10797444704564205,0
-0.0037794883448774726,-0.09878456183759597,0.6288286460497579,0.09962562188265855,0
-0.0035046047425249935,-0.09878875342277209,0.623310072544319,0.0924930569899678,0
-0.0031742651294049385,-0.09879298643261449,0.6084375065941661,0.08512376132240287,0
-0.0032455493906117586,-0.0987926216464647,0.6181109724221674,0.08533897469432777,0
-0.0030047611049954905,-0.09879592313673213,0.6116228343838725,0.07851595636425751,0
-0.002684130739864679,-0.09879986752302264,0.599603031317901,0.07026998573255454,0
-0.0022703459923583053,-0.09880439655881924,0.5842649962056315,0.06008377759641111,0
-0.0024781937051033746,-0.09880223113612231,0.5919340137617664,0.06517688166448282,0
-0.0025463775796171224,-0.09880179532308384,0.6012422401786826,0.06312682696659541,0
-0.0023655615545165095,-0.09880363505546715,0.5935732226225477,0.0580337228985237,0
-0.0020866841407145356,-0.09880667274904306,0.5918083171321441,0.039662781111325485,0
-0.0020378573310842803,-0.09880752675466026,0.595899386990185,0.030209489175395298,0
-0.002165107692682663,-0.09880654385377814,0.6016574761494679,0.03863036390523576,0
-0.002245304604594711,-0.09880527283909729,0.597344883085804,0.04782322465598089,0
-0.0021674137832234266,-0.09880558308626738,0.5880366566688878,0.0498732793538683,0
-0.004924859137759922,-0.09876493177757983,0.6433545862068468,0.12498864475049877,0
-0.0049913685141511266,-0.09875892816432566,0.6333601434434495,0.12479451565820021,0
-0.004501501838903687,-0.0987723528569631,0.6385186505800078,0.1163237053319485,0
-0.005380212032997773,-0.09875707597380182,0.6481948081364675,0.1336343308502967,0
-0.0060103361774958,-0.0987363586748549,0.6430435911897017,0.14176050578064162,0
-0.003452771997709549,-0.09878859510279447,0.6136366067163177,0.0922778436180429,0
-0.0027774056409396526,-0.09879900479066805,0.6072055967457399,0.07108906856933335,0
-0.0029169934512959686,-0.09879676765577669,0.6040202689560336,0.0776968735274787,0
-0.0018210577549684648,-0.09880852492422765,0.5802370980354584,0.02266262321537557,0
-0.0019432776543445909,-0.09880775638287342,0.5860227075838013,0.031162702163350528,0
-0.0019302980612400465,-0.09880822402197659,0.5901137774418421,0.02170941022742034,0
-0.0018437094373839153,-0.0988086619991441,0.5843655194548268,0.013498129748624455,0
-0.001637171453873965,-0.09880937790681243,0.5689229622828149,0.006383361121994746,0
-0.0017756907543088774,-0.09880890908651059,0.578708451578505,0.005358498701934044,0
-0.0017209201054865764,-0.09880903354869139,0.5745800301591366,0.014522992168685158,0
-0.011615872411439084,-0.09851731382913843,0.6469771203754761,0.1972732467138197,0
-0.010571978811455962,-0.0985689408396706,0.6500601632421685,0.1891258905618633,0
-0.011465632186840432,-0.09853491205934967,0.6567545744504429,0.1961439531264353,0
-0.010008105462930244,-0.09856767026883659,0.6336764853844012,0.18255326281256554,0
-0.008104269963749524,-0.09866134724131327,0.6399473845352474,0.16589007613926388,0
-0.009011402736046524,-0.09861922881102013,0.6368119349598242,0.17422166947591472,0
-0.008790191591125724,-0.09864136102261996,0.6465452953220543,0.17343430527458537,0
-0.009808251829205177,-0.0985907311670616,0.6434098457466312,0.1817658986112362,0
-0.010890440565726602,-0.09853096450197017,0.6403268028799387,0.18991325476319262,0
-0.007855927351062535,-0.09868253802286543,0.6493524424590894,0.1650032798648295,0
-0.007303686118629044,-0.09869560278417377,0.6439192439221811,0.15797581631189833,0
-0.006734560495556937,-0.0987050786774621,0.6278865172696915,0.15012007954370926,0
-0.006703008193382604,-0.098711144646192,0.6378888102894031,0.150090818014121,0
-0.007402436749436041,-0.09868382460398789,0.6339169509024694,0.15800507784148657,0
-0.006094274688093144,-0.09872799651136151,0.63304129816999,0.14178976731022985,0
-0.005453041242102936,-0.0987432603239059,0.6182140401320807,0.13305100990096455,0
-0.004374559821469038,-0.09877000939266814,0.6085631836765214,0.11567036020791063,0
-0.0035186119919244203,-0.09878710141369636,0.5989549514608149,0.09883756905333763,0
-0.002787268872916444,-0.09879841302206788,0.589164827004133,0.08055545938909577,0
-0.002324261677467159,-0.09880460148648479,0.5716162635041903,0.07607206810472261,0
-0.002505347866113526,-0.09880185873140901,0.5867149116048822,0.07031961849275344,0
-0.0023021787646766243,-0.09880419714206529,0.5779406298549109,0.06807792285056687,0
-0.002565984264726983,-0.0988014854845021,0.5803905452541616,0.07831376374690918,0
-0.005516110909083707,-0.09874329785668842,0.6282050596011846,0.1332552324888575,0
-0.006065059422865696,-0.09872580783914021,0.623050278700886,0.14158554472233692,0
-0.004978329196698893,-0.09875663675136893,0.6233691239743455,0.12459029307030725,0
-0.004886939369022709,-0.09875798322550214,0.613388611904301,0.12436068505443759,0
-0.004486998105055317,-0.09876790389628014,0.618543695746566,0.11589996822378029,0
-0.004056236582601614,-0.0987769474103147,0.6136994452574954,0.10755114306079679,0
-0.003662810622768998,-0.09878447212252064,0.6088953291496422,0.09913474748351028,0
-0.003924540712203621,-0.0987794828149152,0.6037590675686682,0.10725396463062413,0
-0.003345098615818327,-0.09878997265934586,0.6036962290274905,0.09198066518787025,0
-0.0029977611272409698,-0.09879539800504636,0.5988011667991495,0.08283961035574933,0
-0.003130093947423309,-0.09879350530191583,0.594059889232474,0.08969651422121669,0
-0.0027399846822479773,-0.09879896794923532,0.594383929161017,0.07541272256082515,0
-0.0018380160429691465,-0.0988084552940435,0.5629800855008986,0.05879369455719978,0
-0.0018124595167741098,-0.09880821065250864,0.5717040243606053,0.04080199187445106,0
-0.001810619136546256,-0.09880835274923644,0.5759705611980319,0.03173230754491332,0
-0.001966446690777848,-0.09880727300472675,0.5817561707463748,0.040232386492888274,0
-0.002024568306424789,-0.09880663747008199,0.5779845102831185,0.050442884735431084,0
-0.0018217336412473858,-0.09880821155357411,0.567342054930752,0.04979784321582542,0
-0.0020716443759602773,-0.09880630743427962,0.5736225408532651,0.05943873607680544,0
-0.002064484176265573,-0.0988068525559907,0.5672981745025445,0.0674328813309612,0
-0.0015073465227774644,-0.09880987973434557,0.5604271639269784,0.02428285363818421,0
-0.0016501922177971414,-0.09880918287714038,0.5660655941437919,0.032542422756317635,0
-0.0016791731747038316,-0.0988091028801778,0.5703321309812184,0.02347273842677989,0
-0.0015654172892863886,-0.09880963862026587,0.5646750631048967,0.015333107380089478,0
-0.0012718383037304765,-0.09881080545749524,0.5493156020381517,0.008045905067444742,0
-0.0013829727724562276,-0.09881038787198455,0.5548713829825651,0.016164379352814475,0
-0.0014684313461042185,-0.09881003610086493,0.5591192821604833,0.007214633094719744,0
-0.012062270272753766,-0.09846365447135717,0.6274414338011367,0.1996932485171144,0
-0.009946987015942464,-0.09856947357078776,0.6137008673833418,0.18442354677496928,0
-0.008196491055361292,-0.09864791834618054,0.6208487318821987,0.16706097071204923,0
-0.009074111021589629,-0.09861019541219745,0.6272626086333,0.17480711676230737,0
-0.010039410366388609,-0.09856272296849374,0.6236886763838716,0.1834884047937674,0
-0.009038104166604199,-0.0986114299722795,0.6172747996327703,0.17574225874350924,0
-0.012284257886305345,-0.09843620586029554,0.6372092770883064,0.19848324761546704,0
-0.011065704528795335,-0.09851171277213662,0.630558959592769,0.19112325566483995,0
-0.011066727871513039,-0.09850891224755759,0.6205711505922393,0.19205839764604182,0
-0.008210083779611807,-0.09864977758419019,0.630398058208723,0.16647552342565655,0
-0.007437079523727456,-0.09867862829242759,0.6243676245759451,0.15859052512787924,0
-0.006457889725376678,-0.09871418918593855,0.6078960571645065,0.14981115571772735,0
-0.005084584765256512,-0.09875542710824142,0.5982331234069774,0.13269764210467916,0
-0.003948217894349934,-0.09878142066639499,0.5886641861493127,0.11499243251693489,0
-0.0030372317814189313,-0.09879656241200184,0.5794881005474145,0.09659507320310805,0
-0.0024497640374917524,-0.09880759024525551,0.5598406404830542,0.09630932962125462,0
-0.002652351913836435,-0.09880127280103546,0.5755521820258024,0.08633357065391534,0
-0.0023914399948859275,-0.09880543417324385,0.5657284519936222,0.08619069886298861,0
-0.0027630601278216893,-0.09880192488107886,0.5696643705152343,0.09645220141218133,0
-0.005946051270998721,-0.09872897355633481,0.6130550486482935,0.14143108280934596,0
-0.006646510982546127,-0.09870642169745333,0.617891287217099,0.1499656176307183,0
-0.007292661731148763,-0.09868397312215473,0.6143723945233526,0.1584360632148883,0
-0.005308450855568132,-0.09874745884474861,0.6082235817695291,0.13287432600282184,0
-0.004724327413180414,-0.09876255973825342,0.6033981535417494,0.1241840011562949,0
-0.004484229620634392,-0.09877009679933725,0.593448654778145,0.12384503731080702,0
-0.004191919990980937,-0.09877470522263122,0.5986136849129171,0.11533139636242276,0
-0.0037328444067729065,-0.09878392697340445,0.5938095688050637,0.10691500078513626,0
-0.003298796294997527,-0.09879144236446696,0.5892215260041147,0.09771632112822284,0
-0.003463693380485424,-0.09879009934787703,0.5840761433483637,0.10579375286002146,0
-0.005736229052167134,-0.09873713923239981,0.6030645902857419,0.14125439891120325,0
-0.0029120165471787666,-0.09879721195656276,0.5843264637757737,0.0885752662961019,0
-0.0018165534938889367,-0.09881117796398552,0.5517023099671717,0.07759451141295017,0
-0.002088251325919008,-0.09880778539042451,0.561659286735681,0.07683328975883638,0
-0.002109899192986743,-0.09880980143951792,0.5557714752251129,0.08695192051710239,0
-0.0018311084482113766,-0.09880941918011174,0.5573411977340352,0.06819410298507497,0
-0.0012935730442339788,-0.09881303923683614,0.5409596181897544,0.06096102901831735,0
-0.0014080958919618987,-0.09881073113544177,0.5513062789225486,0.042318736626016415,0
-0.0016109907850501617,-0.09880981062596639,0.5571431822117237,0.0505562155916081,0
-0.001583410808477443,-0.09881072895898098,0.5519698518453264,0.059877361787758564,0
-0.0013523675942202767,-0.09881164128409226,0.5461329485561515,0.05163988282216688,0
-0.001539205170885907,-0.09881237523058929,0.546330964078463,0.06927777021563375,0
-0.001625326978484253,-0.098809400893441,0.561505151641577,0.04156036425023374,0
-0.0014541728676079676,-0.09881021783264092,0.5558667214247635,0.03330079513210031,0
-0.0010811966952949652,-0.09881169506179821,0.5405099192555901,0.025651859424969753,0
-0.0012357358929348417,-0.09881129989216071,0.5459080990890693,0.033985298025493084,0
-0.0013065179343370792,-0.0988107767803039,0.5504685415912842,0.02496735653157698,0
-0.0011712907893315194,-0.09881121680586952,0.5449127606468709,0.016848882246207248,0
-0.0008082900124653225,-0.09881233066250286,0.5296731221189812,0.00921834261768292,0
-0.0009401107535155806,-0.09881201255976442,0.5350915206872857,0.017435101021326338,0
-0.0010504886026621845,-0.09881159914198416,0.5394943620785664,0.00863212384256383,0
-0.011793870729576609,-0.09849616352529582,0.6079079889629149,0.2021313692806051,0
-0.012376139583261224,-0.09842469601173974,0.6176747113820258,0.20091230889885975,0
-0.010911217033734034,-0.0985262443453568,0.6108044281731284,0.19327745802778717,0
-0.009462599032124177,-0.09861730870733651,0.5961733879490965,0.1867046695393322,0
-0.007675620314378012,-0.09867861049038108,0.6001373237987649,0.1672489508105918,0
-0.008524785900588637,-0.09865025555165499,0.5981553558739308,0.176976810174962,0
-0.008759884321839276,-0.0986299867720039,0.6069190955910534,0.17583624879278054,0
-0.009748740158760778,-0.09858963256210485,0.6049371276662192,0.18556410815715074,0
-0.010661056208257292,-0.09855404455449701,0.6020406884560057,0.19441801940996867,0
-0.008000472912168922,-0.09865836942243833,0.6104930278404819,0.16715496076132053,0
-0.007049739454678356,-0.09869674104048513,0.6040166904816358,0.1585300532641596,0
-0.005819792283191452,-0.09874497124437309,0.5878919944791935,0.14978518956931217,0
-0.006700954595556903,-0.09871598941065152,0.5940146591389792,0.15851707018995198,0
-0.006183922996570119,-0.09872728843165482,0.5978940258218499,0.14979817264351974,0
-0.005452225915418162,-0.09874924411589546,0.5930625589430855,0.14124141583699568,0
-0.004416038243345307,-0.0987797628796555,0.5782683935881187,0.1322649500004294,0
-0.0050774352335654,-0.09876486500442742,0.5830801940336561,0.14102506978487078,0
-0.0047844102371500385,-0.09876649792008635,0.588250758497548,0.13248129605255426,0
-0.00418479964202372,-0.098779686985247,0.5834662898687157,0.12362869125868214,0
-0.0033077013174919066,-0.09879860262778031,0.5687234129134008,0.11465024186019251,0
-0.002478653271510183,-0.0988171694098372,0.5487125484584886,0.11436540335825293,0
-0.0017152589491660746,-0.0988186397431626,0.5397655820958709,0.09644878372075355,0
-0.001116146683556955,-0.098818044148034,0.5299534766989139,0.07900523502792328,0
-0.0017776112684435273,-0.09881416693371572,0.5457339460315214,0.08702164756685185,0
-0.0014820976185491374,-0.09881480892719906,0.5408278933330428,0.07829987322043672,0
-0.0013949021994791736,-0.09881856056645771,0.5348595293973923,0.08772700937433842,0
-0.0036542020608904898,-0.0987895370851757,0.5786937995313568,0.1148213371885637,0
-0.0031766210756022425,-0.09879680082519951,0.5741057567304076,0.10562265753165029,0
-0.0028495989280552126,-0.09880395625754952,0.5642820266982275,0.10547978574072356,0
-0.002913749262498441,-0.09880802728493214,0.5587179806859447,0.11450782260922272,0
-0.002475857976044183,-0.09881132409956479,0.5542765944707714,0.10533736648975378,0
-0.002069968967954361,-0.09881836067951413,0.5442390652771798,0.10540709353950324,0
-0.0020985082795410225,-0.09881332046263949,0.5498031112894626,0.09637905667100408,0
-0.003827984648427422,-0.09879070914727535,0.5734959032507597,0.12345759593031096,0
-0.0012130850034185452,-0.09881512887600923,0.5354565474443341,0.06998313202312031,0
-0.0006450862960683423,-0.09881657286850312,0.5196010210508148,0.06182544224549978,0
-0.0008837838320032231,-0.09881334791020092,0.5304508537992885,0.043556847047591954,0
-0.0011575272227560606,-0.09881210146564756,0.5408785663609186,0.042937791836804184,0
-0.001076229150442638,-0.09881329677938223,0.5357052359945214,0.05225893803295465,0
-0.0007701570851461531,-0.09881472249421597,0.5250259374250517,0.05269114464654587,0
-0.0009793404086347848,-0.09881501897043786,0.5302803196202845,0.061393235631908565,0
-0.0008652188515380008,-0.09881737192722631,0.5247772488748643,0.07041533863671154,0
-0.000982233147360786,-0.09881239135003718,0.5354803865274393,0.03460435323628085,0
-0.0005632082721356902,-0.09881323508140714,0.5202557053904484,0.026511259695916237,0
-0.000716163374281274,-0.09881329780890584,0.5253532795948684,0.035034053371754095,0
-0.0008304561912408716,-0.09881254799053478,0.5303828123230192,0.026081559560442995,0
-0.0006828092130021777,-0.09881272012895805,0.5249644137547148,0.01786480115679958,0
-0.0002800030534482769,-0.09881330230583181,0.5100052840120204,0.009826628863901876,0
-0.000419366095368114,-0.09881322503084727,0.5151304947012344,0.018168944279909057,0
-0.0005497626098401311,-0.0988129190255109,0.5198392030655008,0.009522485740792397,0
-0.010824185205660407,-0.09860743699448517,0.5883592993452134,0.204443428867555,0
-0.008333156967706689,-0.09871568819241973,0.5767967377417115,0.1885047053049125,0
-0.006636156139461271,-0.09874428127475586,0.5780538863863715,0.16793994288116532,0
-0.007976444559159572,-0.09869060985855399,0.5871136371677339,0.17732230621024875,0
-0.008947045169745857,-0.0986637960844112,0.5864850628454039,0.18760468742212236,0
-0.007434069192770265,-0.09873129451828927,0.5774253120640415,0.1782223240930389,0
-0.011736838513830724,-0.09850297578087677,0.5981336441540641,0.20328739907408006,0
-0.010212193598993467,-0.09860104745087585,0.5922663436471549,0.19557404920344362,0
-0.0095912308011559,-0.09866197009469674,0.5825780185434624,0.19647406708623377,0
-0.007220493032400367,-0.09870798426560327,0.5890956050925682,0.16759444684587854,0
-0.006230852640273495,-0.09874239792144456,0.5829729404327825,0.15886256622523875,0
-0.0048336595164391195,-0.09878907071143833,0.5678878565011423,0.14948755498690824,0
-0.004634505657204305,-0.09878252857803402,0.5730781250446304,0.1408762524936688,0
-0.005363690485209845,-0.09876614654606282,0.5778899254901679,0.14963637227811022,0
-0.005678217422002268,-0.09877058705271048,0.5729708714437569,0.15871374893403678,0
-0.0035022070103328537,-0.09880926467068551,0.558209725085084,0.13197671202072944,0
-0.003415702711659049,-0.09880252214505095,0.5634665689992424,0.12331347694046098,0
-0.002956443218345808,-0.09881427195959415,0.5534611367717863,0.12317105768949119,0
-0.0023980377738259417,-0.0988362779540725,0.5382304889168731,0.13159668148384965,0
-0.0015109268707716845,-0.09883227804129116,0.5287086862420544,0.11399900507728525,0
-0.0008447382754200991,-0.0988268322647877,0.5189866821330994,0.0965116391737922,0
-0.0003493610802920725,-0.09882170798024378,0.509178892591833,0.07907389954402975,0
1.520198057024632e-05,-0.09881765594408931,0.49954755882499663,0.06151470326060745,0
-0.0003000507756430574,-0.09881491836337637,0.5100725819606627,0.04407286506984061,0
-0.0004624394403329301,-0.09881569334452459,0.5148368015057387,0.052949153657670195,0
-0.0005976496582806868,-0.09881430041675761,0.5202617178799755,0.04381485605871628,0
-0.0004340548830579431,-0.09881395982136484,0.5151641436755556,0.03529206238287842,0
-1.246688365100999e-06,-0.0988138329410371,0.5000514824599559,0.0268785733621571,0
-0.0002851055964251459,-0.09881367480291306,0.5101535939252022,0.026694916529036668,0
-0.00014574894100778207,-0.09881430862646798,0.5050620322103093,0.035475719215998854,0
-0.003987061088010988,-0.09879433644988807,0.5682390593366013,0.13212083101057942,0
-0.004126124752327314,-0.0988011736879511,0.5630487907931132,0.14073213350381886,0
-0.002008294887531693,-0.09882542173934833,0.5387106173502715,0.11418220421776909,0
-0.001630236065441793,-0.09882447532022881,0.5342371341689627,0.1052238943990194,0
-0.001152778662361108,-0.09882961101849723,0.5238476841875769,0.10525532212553873,0
-0.0012904578464145225,-0.09882331967175485,0.5293761321144852,0.09648021144727287,0
-0.000994848362370949,-0.09882187545014848,0.5244700794160067,0.08775843710085773,0
-0.0005784773368332145,-0.09882416638500342,0.5140827873624663,0.08779276935891098,0
-0.0007390108763190091,-0.09882031865457638,0.5195661846453734,0.07903956728597653,0
-0.0005079778588756155,-0.09881885041068027,0.5143899568213239,0.07044967089476477,0
-0.00015446786884415101,-0.09881951661681362,0.5043632257084149,0.0702943014023186,0
-0.000317149741617881,-0.0988174099298386,0.5095742899379058,0.06167007275305361,0
-0.0001504735735030721,-0.09881614552327428,0.5048100703928297,0.052793784165224025,0
-0.002455874969231421,-0.09882519892602026,0.5434715186876808,0.12298104242105129,0
-0.0019220811042598932,-0.09883466330169621,0.5334695875794637,0.12279784328056745,0
-0.0029697642906771756,-0.09882351956974604,0.5482201070009786,0.13178669675228954,0
-0.0001402112697702449,-0.09881350071106003,0.5050283832359881,0.018352601113029488,0
0.00027114503344666154,-0.09881330960275828,0.4903281147377654,0.009831795775087894,0
0.00013453883461285394,-0.09881350298266843,0.49518979859886064,0.018355184568622496,0
-4.481302521143827e-06,-0.09881343654183883,0.5001666993748929,0.009829212319494886,0
-0.009203330608843197,-0.09877190046613511,0.568781339891721,0.2064914852893641,0
-0.010397685526161464,-0.09865332103729098,0.5785703196184672,0.20546745707845954,0
-0.008843878460608287,-0.09873107040765468,0.5727890388167163,0.1974980952971383,0
-0.0067837560909566885,-0.09883621796012189,0.5575773856050789,0.19080756790497555,0
-0.007990849055294217,-0.09880571521476146,0.5631793627483999,0.19864952659716983,0
-0.007601064170762001,-0.0987756518719423,0.5671870616733952,0.18965613660494401,0
-0.006514144071851665,-0.09879044811164582,0.5649922364653284,0.17851646408077174,0
-0.006612196631139221,-0.09876359461731583,0.57152306142585,0.1732282034809685,0
-0.007395691812779131,-0.09875735254743236,0.57089448710352,0.18351058469284212,0
-0.006660693318633763,-0.09881024459505658,0.5612848110352036,0.18466201599287363,0
-0.005031445810462499,-0.09881859650251629,0.5574400944882173,0.16495669791656797,0
-0.003581848743100758,-0.09883426025388034,0.547896751269909,0.14904629311008197,0
-0.0029491724447699976,-0.09883636997403768,0.543063620093391,0.1403214872969658,0
-0.0035601811244681644,-0.09881948106687162,0.5530532381774965,0.1405115025654057,0
-0.004235186698134939,-0.0988122614220659,0.5578923038855257,0.14926692404849512,0
-0.004263570508232387,-0.09882853875020857,0.5526684228790631,0.15700149551332498,0
-0.004952681251325764,-0.09880086904777571,0.5626639754946798,0.1572221264517381,0
-0.005862222200542111,-0.09878257089481965,0.5677469904372944,0.16644832039886664,0
-0.0057371641991163435,-0.09880686695564049,0.5612161654767729,0.17173658099866984,0
-0.001170545826786734,-0.09885444558087818,0.5182539527251936,0.1312152979856621,0
-0.0004586870811159734,-0.09884035784843895,0.5085891070902303,0.11369717411936335,0
-0.0009911458414312213,-0.0988373778905884,0.5186488966661423,0.11384808959832429,0
-0.0006715672541437322,-0.09883290243179256,0.5137878946116649,0.10510440664657777,0
4.9607037919052014e-05,-0.0988292884852967,0.49889511202842834,0.09619636172767258,0
0.0004098207000514517,-0.0988214396660704,0.48919877075182394,0.07870129510308045,0
3.1081314658091334e-05,-0.09882204195814727,0.4991888316718285,0.0788875973235551,0
0.00019925776311855497,-0.0988194224317083,0.4943731647884103,0.07010799918184395,0
0.0006719768780578529,-0.09881636479489707,0.4794837671079949,0.06120922607263136,0
0.0003042842635377333,-0.09881491270135402,0.4897983329678449,0.044078988277528514,0
0.0005561207227842295,-0.0988132523115101,0.4800259038770716,0.026630284248824358,0
0.0008001971795646481,-0.09881234889484722,0.4706599719853353,0.009233510612436893,0
0.000675180781286039,-0.09881273638433866,0.47534293793120347,0.017931897430630624,0
0.0005411918871202846,-0.09881293275898427,0.4804940433615503,0.009532653193762394,0
0.0004113885820570129,-0.09881323625934242,0.48517700930741847,0.018231040011956128,0
0.00028017760986021696,-0.09881368161405381,0.4900386931685138,0.026754428805490726,0
0.00014653051389973531,-0.09881430791770454,0.4949249077139004,0.035478780819842806,0
0.0004324003833481241,-0.09881396562727755,0.4849121184224583,0.035354636263176434,0
-0.0017954401516160395,-0.09884678507161236,0.5282422208210333,0.13140598973475587,0
-0.0013639232122167016,-0.09884207147401242,0.523481319483624,0.12260715153147367,0
-0.0007851097802086033,-0.09884708383560524,0.513421529907712,0.12245623605251271,0
-0.0021523022689712897,-0.0988699286784536,0.5279023425824283,0.14874245922388227,0
-0.0016230581593920435,-0.09886220128939414,0.5230781476538109,0.13997887860477218,0
-0.0023007777311768686,-0.09885091783653192,0.5330664157496507,0.14016957035386596,0
-0.0028853158844107216,-0.09885385557546028,0.5378995469261687,0.14889437616698212,0
-0.0003998589196114288,-0.09882879120912126,0.5089408970807638,0.09635400045073239,0
-0.0001662262619491555,-0.09882516978764824,0.5040370023101307,0.08763513063585117,0
0.000244985220454357,-0.09882497981140523,0.49404694139012617,0.08744882841537652,0
-0.00018264797676895533,-0.09883441279524902,0.5037421095593293,0.10494676792351797,0
0.0001670393199732869,-0.09881613265825943,0.49467294589642075,0.052796845769067985,0
2.127050956385274e-06,-0.09881511963977367,0.49993545746425383,0.04407592667368456,0
0.0003467630224532763,-0.09881729762593217,0.48951566296649573,0.061361964666619404,0
0.0004780234771020618,-0.09881561375854861,0.4846410500379199,0.05264410717507993,0
0.0005504139655573316,-0.09881859596610079,0.4843412689299094,0.06995526058785591,0
-0.007019282048593324,-0.09895109547402697,0.5491668371792392,0.2081512655447921,0
-0.004782365538788191,-0.09895405836230481,0.5383415565813007,0.19246605485562834,0
-0.0058816027279015685,-0.09895411230343215,0.5437541968802699,0.2003086602002102,0
-0.005815030977400005,-0.09889805880348647,0.5479594710931898,0.19163681138030195,0
-0.006980872654015055,-0.09888145689464148,0.553372111392159,0.19947941672488384,0
-0.008427503928545998,-0.09884111894106636,0.5589740885354801,0.2073213754170781,0
-0.00496477361536535,-0.09887236087397523,0.5473786165819202,0.1786403882355788,0
-0.004901100856644453,-0.09890879405341212,0.5428600865816104,0.18555322154560355,0
-0.0058313568991376795,-0.09885822087234875,0.5524780010934995,0.18472397807027718,0
-0.005769603613374837,-0.09883241628408718,0.5561854265236243,0.17857842615817526,0
-0.005025366478081923,-0.09884189109094176,0.5524093555350688,0.1717985430760734,0
-0.003467498747549712,-0.09888161254736412,0.5375806786256535,0.165846685957202,0
-0.0016616114933116254,-0.09892406041697527,0.5175761514412985,0.1658871000423855,0
-0.0006171143103965978,-0.09888807461090413,0.5079067468392763,0.14837177466347368,0
0.00011374209618078951,-0.09885976995462692,0.4982346747713332,0.13085789659032537,0
-0.0005308192508826898,-0.09885886022651551,0.5082443137482634,0.13103659728799372,0
-0.0001998984283065065,-0.09884929183876405,0.5034118909307818,0.12227753535484437,0
0.0006085214816701691,-0.09883942048341907,0.4885534682677359,0.11334924938034859,0
0.0009321302481064022,-0.09882591978435548,0.47887308442170795,0.09584162582998042,0
0.0004953086699251642,-0.09882830058914113,0.4888840982250682,0.0960189937788265,0
0.0007880293448261776,-0.0988319094853177,0.48371327634472194,0.1045954376051645,0
0.0003059606539038334,-0.09883406296421371,0.4937242901480821,0.10477280555401058,0
7.64423262897877e-05,-0.09884103371977604,0.49857128767898307,0.11352321174985597,0
0.00038637082039732546,-0.09884865070070034,0.4933940715195345,0.12210357298533697,0
-0.004281188891368118,-0.09885151386861578,0.5475103865569354,0.16540169193688498,0
-0.003552452964483922,-0.09885454949828244,0.5427387149477813,0.157446489533642,0
-0.0027628305695622055,-0.09887658350920768,0.532741510604041,0.15729457259054214,0
-0.0025813327356048075,-0.09890609144311285,0.527578415033476,0.16586689299979374,0
-0.0019428521374987456,-0.09889405400653087,0.5227392470118635,0.1573147796331339,0
-0.00109480638926596,-0.0989052119571151,0.5127414491402874,0.15712943735292959,0
-0.001392418126591496,-0.09888152623354193,0.5179045447108523,0.14855711694367796,0
-0.0009255721572198319,-0.09886966081498785,0.5130803497822349,0.13979353632456787,0
-0.00021757496067172837,-0.0988729005844447,0.5030707108053047,0.13961483562689952,0
-0.004178792269167923,-0.09887914968194489,0.5424796476037869,0.1722435370963904,0
0.0006519941716424013,-0.09882363977977054,0.48403592758676595,0.08727146046653043,0
0.0011406441700410465,-0.09881767464342672,0.46917769649657787,0.07833706883928118,0
0.0010477608742273153,-0.09882124237298502,0.47402539045914294,0.0870893473346308,0
0.0007818397270207059,-0.09881994763365554,0.47918823362420093,0.07851918197118082,0
0.0008910907954460982,-0.09881708968665477,0.47433073180228635,0.06977314745595627,0
0.0012848758399390354,-0.09881305473522066,0.45926152455708796,0.06066180714014055,0
0.0008815091558661105,-0.09881336777551733,0.4696733848123638,0.04372594171955777,0
0.0010657737887191931,-0.09881175770408304,0.46018639772763786,0.026033480802829575,0
0.000711418910503611,-0.09881331754098832,0.4748496443447177,0.035178112984191066,0
0.0009730885105219046,-0.09881243624139677,0.46492989127000084,0.03487971126119367,0
0.000818677973198933,-0.09881258814981646,0.47010615080235474,0.026331882525826966,0
0.0009279447568632298,-0.09881204921238251,0.4654231848564866,0.017633495707633236,0
0.0012651767981863137,-0.09881082505555347,0.45101695885912074,0.008070107253030999,0
0.0010430389449166252,-0.09881161942193926,0.46083846542222806,0.008651808932733946,0
0.0011602309623868787,-0.09881125446608022,0.4556016782933793,0.017051794027930285,0
0.0009871649981807442,-0.0988149027405877,0.46937264583254146,0.06093551660638595,0
0.001219053751241497,-0.0988149869750817,0.4642196105268329,0.06949943798971087,0
0.000781227819219342,-0.09881465093316105,0.4745785759601794,0.052467583896094565,0
0.0005983698583693528,-0.09881430494995627,0.4797358588901044,0.04390246499854314,0
0.0010713773171712817,-0.09881331239402925,0.4644674546847259,0.05219387442984916,0
-0.004397712111399048,-0.09910221866423084,0.5295171421655228,0.2093199305123607,0
-0.004666002914688252,-0.09901825425948373,0.5339293493734117,0.20089299268399452,0
-0.005934585384269229,-0.09902206982438061,0.539341989672381,0.20873559802857639,0
-0.002407520557636699,-0.09904280181109257,0.518582187411847,0.19382470099151172,0
-0.0033653796169602823,-0.09907298381193426,0.524049664788685,0.2015723157519362,0
-0.003618198624426888,-0.0990042276357021,0.5284618719965739,0.19314537792357003,0
-0.00298284674311674,-0.09894696326401745,0.5274550139639973,0.17905030133653582,0
-0.0008231225603917732,-0.09898341208344663,0.5074984753055282,0.17868203229891766,0
-0.0019128382716145271,-0.09897044212777774,0.5174767446347628,0.17886616681772674,0
-0.0027312270569918827,-0.09899063570104398,0.5230186006879222,0.18643750116402377,0
-0.003830469836793309,-0.09895329916965738,0.5328982852726489,0.18575817809608208,0
-0.004001718155104175,-0.0989131000131107,0.5374168152729588,0.1788453447860573,0
-0.003258145791848375,-0.09891135576395672,0.5325178462948255,0.17244849364686893,0
-0.002282974168279604,-0.09893631966864495,0.522515582702648,0.17246870068946066,0
-0.001277991849425058,-0.09895210628581694,0.5125373133734134,0.17228456617065158,0
0.00022945176543820366,-0.0989352524645069,0.4975795430743944,0.1655170753576284,0
0.0009385698864258904,-0.0988850742316614,0.4879053704294048,0.14800451466269218,0
0.0001634194580525716,-0.09888926810254525,0.49790605863434056,0.14818814466308294,0
0.0004899152826334245,-0.09887174778029567,0.49307002260036903,0.1394312056265088,0
0.0013809491678424136,-0.09885119774132582,0.47822653990631864,0.1304945185209336,0
0.0011881401678565055,-0.09886632251748956,0.4830659551678617,0.1392495165918129,0
0.0007538314541786739,-0.09885715157801395,0.48823060733882595,0.13067620755562948,0
0.0009641328067326095,-0.09884521527986234,0.48339000408702726,0.1219218839506411,0
0.0016315353642780191,-0.09882994663631527,0.46854605450568615,0.11298615944534764,0
0.0015260422165931046,-0.09883922760004904,0.4733862972060024,0.12174033898314063,0
0.001129113371660123,-0.09883563854152908,0.478549761386711,0.11316770441284811,0
0.001256481120125301,-0.09882810767145901,0.473709569463697,0.10441389263766403,0
0.001752730620736958,-0.09881772809274934,0.4588674111951122,0.09547971634645601,0
0.0018029661202707903,-0.09881140125274973,0.4489315276038626,0.0779222528631639,0
0.0018105219633339454,-0.09880877424181451,0.43884973175689446,0.059883788885735895,0
0.001561517083187252,-0.09881094458643461,0.4490556281569912,0.06027279801293822,0
0.0015271803580145153,-0.09881248214184263,0.4540965260804753,0.06929203000165222,0
0.0018092694391662314,-0.09880973376491207,0.4438906296803785,0.0689030208744499,0
-0.0007186964456777289,-0.09893367062978861,0.5075778472578465,0.16570208770000694,0
-0.00023594185083298928,-0.09890989648671611,0.5027431449568354,0.15694442501055106,0
0.0006226417142450948,-0.0989079119916587,0.4927424567518996,0.1567607950101603,0
-0.000259019565027069,-0.09895861937268967,0.5025390091899613,0.17209955382827302,0
0.0014260867582942623,-0.098817961325961,0.464022553845845,0.08690839259286859,0
0.0014841288843011676,-0.09881474511221637,0.45905461205022025,0.07812966085122254,0
0.001785284071370387,-0.0988139689730802,0.45389946939948744,0.08670098460480996,0
0.001353221175672787,-0.09882231376378434,0.4688702478084101,0.09566067108821821,0
0.0017048435007273998,-0.0988229150413,0.4637067328503992,0.10423293789590182,0
0.0013947821009304374,-0.0988108283912387,0.4494530356308878,0.04289265729129517,0
0.0015002171348006573,-0.09880990760859505,0.4400904117291584,0.02498445689903535,0
0.0014444692135716808,-0.09881027370695909,0.4447717236800231,0.03393855709516526,0
0.0012211191055316486,-0.09881137912117523,0.4548197166792628,0.034463069047062374,0
0.001295250926296737,-0.09881082756365156,0.45013840472839817,0.025508968850932463,0
0.0013751679181381075,-0.09881041457571887,0.4455536852941396,0.016527282076033174,0
0.0016324328935434641,-0.09880938694758673,0.43140896713805643,0.006415082158022802,0
0.001558905556859173,-0.0988096565433855,0.4357496894336074,0.015699769528529077,0
0.0014626779408887971,-0.09881005181743632,0.4412129629985886,0.0072425947055269006,0
0.001341238209666695,-0.09881171998010668,0.4543572800939879,0.05177723221571786,0
0.0015896265218785669,-0.09881000607920452,0.4441513836938911,0.05138822308851553,0
0.0011487166809134568,-0.09881216515995074,0.45956321022162583,0.043309299505426474,0
-0.00149778197096543,-0.09918843816269696,0.5098421182743784,0.209923614096859,0
0.00011529289815658538,-0.09906984624103035,0.499114276672288,0.19380360479655356,0
-0.0006329487322798117,-0.09912659515199958,0.5044781974733332,0.20186360944670628,0
-0.001149914121404587,-0.09906373980877652,0.5088482320420675,0.19381415289403264,0
-0.0020145455147440646,-0.09910931407346182,0.5142121528431127,0.20187415754418536,0
-0.0030658248371462794,-0.09915235919561177,0.5196796302199507,0.20962177230460985,0
-0.0015556432615180193,-0.09901314466824317,0.5130403313586875,0.1862533666452147,0
-0.0003954668303117666,-0.0990236802022638,0.503306375988908,0.1862428185477356,0
0.0013791738922318904,-0.098975608106503,0.48734316370381453,0.17821248046302646,0
0.0002827838817967117,-0.0989851644619485,0.4974208195046713,0.17844725638097206,0
0.0008073191433095306,-0.09902007605766944,0.4932287201880513,0.18600804262979,0
0.0007665098211372822,-0.09895531540587175,0.49246135338910446,0.17186477791032745,0
0.002082493518864277,-0.09891309494432997,0.4775909026541797,0.16472795108414615,0
0.0024314368195208088,-0.09886196795841211,0.4679060526638668,0.1476363146895802,0
0.001867027954391273,-0.09885697440448384,0.4730662962850927,0.1390654166052569,0
0.0016979385918163832,-0.09887578300498036,0.4779057115466358,0.14782041467613619,0
0.002287622983517494,-0.09888453227685522,0.4727484776590233,0.15618213288686317,0
0.0014655332878456817,-0.09889892293787785,0.48274813654179227,0.15636623287341916,0
0.0011675240518210135,-0.09892790609113233,0.48758522286428707,0.16512251322088728,0
0.0017654350354105576,-0.09894214509775281,0.4824670331789971,0.1714702157735863,0
0.002561098103288852,-0.09883098928561987,0.4582275903503123,0.13012620521818102,0
0.0025176125699921978,-0.0988442821272344,0.46306682150708955,0.13888125995388062,0
0.0019860792993845735,-0.09884229120505056,0.46822706512831547,0.1303103618695573,0
0.002063905624579617,-0.09883107421011152,0.4633868224279992,0.12155618233176432,0
0.0025526537125936735,-0.0988144181199837,0.448549066105253,0.11261610417567373,0
0.0025702751581886136,-0.0988212734922713,0.45338832822778263,0.12137115469692739,0
0.002108245555622726,-0.09882271713878613,0.4585475603054696,0.11280113181051069,0
0.002126328267606447,-0.09881667641668343,0.4537082386501826,0.10404791026106487,0
0.0024637078646750077,-0.0988069096528206,0.43887053965436,0.0951326370295245,0
0.0021247157694190516,-0.09881247612148339,0.44886897542473614,0.09530617668799025,0
0.0021121441952772642,-0.09880964717922355,0.4439010336291113,0.0865274449463442,0
0.0023398216977622,-0.098804587875856,0.42907677161835894,0.07760033115193733,0
0.0022120367131043153,-0.09880495207850977,0.41863512022798144,0.05940348535526346,0
0.002274959715578823,-0.09880453183166182,0.4238559459231702,0.06850190825360039,0
0.0020572612334160212,-0.09880705478622968,0.4339632516876267,0.06874206001883662,0
0.002028178926213252,-0.09880672691895011,0.42874242599243795,0.05964363712049968,0
0.0018042337066127873,-0.09880825320134647,0.42929298090935664,0.041781925936977465,0
0.0016139107205384265,-0.09880948327826852,0.4393730082701222,0.04233729161413632,0
0.0016418718312369222,-0.09880922046626987,0.4346916963192575,0.03338319141800641,0
0.001819763268074868,-0.09880849239708502,0.4202617701610977,0.02374634241585657,0
0.0018799552782967056,-0.09880868102557125,0.41183740936007274,0.004370932227818064,0
0.0018405701074241034,-0.09880864768691794,0.41604958976058526,0.014058637321837318,0
0.0017162513163397073,-0.09880903552850702,0.42583536864957705,0.015080712286939687,0
0.001772023053715598,-0.09880890881399636,0.4216231882490646,0.005393007192920433,0
0.0025152826016948187,-0.09880980525720698,0.44370980287980655,0.10387437060259912,0
0.0020876612790996416,-0.09880795538168895,0.4390041496111108,0.07776129200755061,0
0.002404182899703295,-0.09880527617234401,0.4339736556363595,0.08636648409073092,0
0.0018052097778145579,-0.09880835941484806,0.43407135633312555,0.05083285741135668,0
0.0019937935679212077,-0.098806871080425,0.42396405056866904,0.050592705646120464,0
0.0016748238934718683,-0.09880910506658293,0.4301760909451281,0.02436539965744596,0
0.0018066610850174802,-0.09880834389595008,0.4247773755352272,0.03276413417641702,0
0.0014977815559035405,-0.0991884381689647,0.4901578846305079,0.2099236141418919,0
0.0007578454122588472,-0.09912576674651274,0.49463608065139797,0.20186360946922272,0
-2.3179002372672935e-10,-0.09919974604800001,0.5000000014524432,0.20992361411937543,0
0.0026967271556989033,-0.09903355155073656,0.4790569671723061,0.1934652996573734,0
0.002177917503299251,-0.09910469111060718,0.48460742590140704,0.20169445689963267,0
0.0014147611564206514,-0.09905936848795988,0.4890856219222971,0.1936344522269635,0
0.0019904000560129267,-0.09900369121613543,0.4832000654380603,0.18583889006019993,0
0.0034451756850016483,-0.09892441198888789,0.4673608255779169,0.17707062245542204,0
0.002434485819999605,-0.09895443673932253,0.47735199464086575,0.17764155145922425,0
0.0031251382476840525,-0.0989735668617468,0.47320889637511154,0.18526796105639773,0
0.002727367446576031,-0.09892011237829947,0.4724758641160483,0.1708992867697841,0
0.0038014655464780225,-0.09886495126032352,0.4575997263023692,0.1640584044372122,0
0.0029643970616924312,-0.09889168627555109,0.46759531447827446,0.1643931777606792,0
0.0030705827443340337,-0.09886481736760515,0.462752889483118,0.15584735956339618,0
0.0037813444110522607,-0.09882428346633522,0.44790860936255306,0.14726726008337648,0
0.003130858500249495,-0.09882901974783095,0.4530680998564327,0.13869673265077875,0
0.0031290595549723034,-0.09884445021314663,0.4579073310132099,0.14745178738647835,0
0.003813572427226071,-0.098841464877506,0.45275416783246114,0.15566283226029434,0
0.003652468294078658,-0.0988917908165214,0.46248027594014307,0.17056451344631712,0
0.003588601122625282,-0.09880411951266549,0.43823048029954365,0.12975703529152344,0
0.0036981889487222182,-0.09881211852722104,0.4430695448310483,0.13851214768744996,0
0.003097822780938824,-0.09881799481215339,0.44822903532492797,0.12994162025485223,0
0.0030379427404956367,-0.09881044760479235,0.44338977320239836,0.12118656973359859,0
0.003318976171250801,-0.09879681293361596,0.4285523863437714,0.11224676545383798,0
0.003460026064583341,-0.09879929094297593,0.4333914333216575,0.12100190037268072,0
0.0029582485042661606,-0.09880558915966306,0.4385507262245122,0.11243143481475586,0
0.0028653706618651715,-0.09880275806377667,0.4337114629990657,0.10368970124168124,0
0.003022158802452364,-0.0987963813809112,0.41887391173238847,0.09476778592041796,0
0.002764319759974194,-0.09880141496331575,0.42887222569337424,0.09495021147497124,0
0.003171616978807657,-0.09879601664629586,0.42371314903807994,0.10350727568712798,0
0.0026604159318134885,-0.09880110998848457,0.4239753416753737,0.08618405853617764,0
0.002748969250910361,-0.09879884021143992,0.4081619379093317,0.07729390159115924,0
0.0024649160584133984,-0.09880290303885976,0.3978690201757826,0.058488801411957336,0
0.002462883010754169,-0.09880233330425656,0.4133985290686566,0.06834869347321135,0
0.0023591490876091513,-0.09880361951114529,0.40825207020188203,0.0589461433836104,0
0.0026006249716060766,-0.09880086165329789,0.40301547904255713,0.06789135150155828,0
0.0025664218702175882,-0.09880139597382712,0.4186193547638453,0.07744711637154829,0
0.0028849234145066184,-0.09879732847740391,0.4135179248208601,0.0860308437557886,0
0.0021020764027367194,-0.09880647233912943,0.4085602661290425,0.041372218102696715,0
0.0021529104171953022,-0.09880565482578095,0.41359769317851197,0.05038785172898009,0
0.002270861476239899,-0.09880492651212627,0.4032146431524125,0.049930509757327025,0
0.001970712174084808,-0.09880719550961138,0.41892662351919957,0.04157707201983709,0
0.0019492322639521604,-0.0988076584788359,0.4144110181450701,0.032559280259276645,0
0.002018055748503023,-0.09880809671462454,0.4000739295986275,0.022766599938088234,0
0.0019982903348895373,-0.09880913485860339,0.3922950905762279,0.0020616351417841235,0
0.0019369483171075728,-0.09880852013897251,0.40595566947935013,0.013568766082953149,0
0.0019961746907683755,-0.0988087329938654,0.3961845100874277,0.012414117539936178,0
0.0019553780387815477,-0.09880874876762183,0.4020662499681503,0.0032162836848010938,0
0.001935721963654359,-0.09880813129526032,0.4101678498798626,0.023256471176972403,0
0.002051904414534404,-0.09880734260897038,0.40431709786383496,0.03206940902039247,0
0.004397711724284857,-0.09910221868140912,0.4704828605194097,0.2093199306346598,0
0.004988832178528223,-0.09894465641829059,0.45988282209330034,0.19246174900817814,0
0.004786106640405145,-0.09901289141105071,0.465182841306355,0.20089083982141898,0
0.0038644534289716437,-0.09899440205413561,0.4694698946328032,0.19296352433277578,0
0.003516394339454337,-0.09906665295630958,0.47476991384585787,0.2013926151460166,0
0.00306582440868291,-0.09915235920886005,0.4803203725749588,0.20962177238827584,0
0.004167980175814207,-0.0989355039552675,0.4636218238356086,0.1847661857318001,0
0.005306596207991261,-0.0988460558060844,0.4473724084697032,0.17625797314229974,0
0.004408997989872067,-0.09888779159502877,0.4573666170238101,0.1766642977988609,0
0.00519682018877819,-0.09888874421437562,0.45362761528150175,0.18435986107523894,0
0.004519746696431885,-0.09885794002675848,0.45248606738603625,0.17015818878975597,0
0.005325763380867111,-0.09880166018137483,0.4375998018119248,0.16386401885837154,0
0.004913607083578921,-0.09878094134555121,0.4279117846622313,0.14689802817110725,0
0.004211433354211345,-0.09879462088874265,0.43307113248088747,0.13832753173131535,0
0.004379049302594821,-0.09880267302074036,0.4379101970123922,0.14708264412724187,0
0.0051322851470156465,-0.09878854648060888,0.432755793237078,0.1553810235147394,0
0.00450688114750935,-0.09881556301801105,0.44275420558723894,0.155565639470874,0
0.004594741143749205,-0.09883450207072311,0.447599764057147,0.16396121164779187,0
0.005339637696929514,-0.09882085814745863,0.442486105140814,0.17006099600033564,0
0.004404051615919084,-0.09877726771802381,0.41823373689421767,0.1293900206068136,0
0.003830243468200704,-0.09878853205836474,0.42339306161899454,0.1208183930303258,0
0.0040262416648306565,-0.09879024332146949,0.42823210859688066,0.12957352794916852,0
0.004663014696813826,-0.09877762840996188,0.4230727607782245,0.13814402438896042,0
0.003884644993558915,-0.09878176246597843,0.40855571884446984,0.11188271645520809,0
0.0034019363878726836,-0.09878900542059295,0.3988731471547614,0.09462617619213373,0
0.0036384661677208744,-0.09878523339423698,0.4037144329996156,0.10325444632367091,0
0.0034292467188227,-0.09879005395632619,0.4137148152884291,0.10332525118781302,0
0.0036294327325950455,-0.09878868091457056,0.4185540525941206,0.11206474095452304,0
0.004142877776254165,-0.09877889356972556,0.4133947278693437,0.12063636853101084,0
0.003236910520327365,-0.09879212530025709,0.4088735294435749,0.09469698105627584,0
0.003055975619781806,-0.09879452771647898,0.4035175425320465,0.0859600388916465,0
0.0029487816042595896,-0.09879681680889145,0.38795041142131265,0.07636353043475319,0
0.002536608207348623,-0.09880406304695145,0.37471911459696994,0.05698332904709356,0
0.0027355271347274837,-0.09880061312700841,0.38133476300914126,0.06667342974092337,0
0.0026910386249368013,-0.09880021434801242,0.3929097157985476,0.06742616592335526,0
0.0025278104933654697,-0.09880300649861025,0.3862940673863763,0.05773606522952544,0
0.0022284142114559714,-0.09880668183415994,0.38776117612920774,0.03897482700585416,0
0.0020625206926846123,-0.09880928757496121,0.3805510380487124,0.018982971879447495,0
0.0021329678301225574,-0.09880814333874038,0.3841561070889601,0.028978899442650828,0
0.0021150572738423564,-0.09880749949722584,0.3939175528639176,0.0308707134719712,0
0.0020565313188286006,-0.0988085139048579,0.3903124838236699,0.020874785908767866,0
0.0020210642705223835,-0.09880930387876652,0.38642306431247014,0.01052230351061581,0
0.0019892724263095717,-0.0988108473058496,0.3727680555568895,-0.00037510447096393226,0
0.0020091975046483065,-0.0988098409787802,0.3825315730665587,0.0008432653354100957,0
0.0020162459153756935,-0.09881017056127654,0.37665954680280095,0.009303933704241782,0
0.002872264106873972,-0.09879732175141114,0.39805617466532217,0.07682871601295621,0
0.003168463397396015,-0.09879297797258459,0.39341177928803706,0.08549485331344346,0
0.002184875498193371,-0.09880631689432874,0.39816072112912515,0.040173522554275434,0
0.002337593160237907,-0.0988049030365413,0.39281509815249516,0.04873181420890575,0
0.0023724475574180425,-0.09880550123166837,0.3812401453630888,0.04797907802647386,0
0.007019281729516352,-0.09895109549666149,0.4508331653730723,0.2081512657305875,0
0.005987090638842001,-0.09894825598544642,0.4553579937331863,0.20030650736938282,0
0.005934585024454933,-0.09902206984594494,0.460658012946241,0.20873559818262366,0
0.007090284649863084,-0.09882157935773915,0.4400157681384264,0.19163206356665616,0
0.006891175118695674,-0.09875932576234642,0.42814645706408094,0.17651717718708718,0
0.0065336308610575945,-0.09873604775442585,0.41711455307619133,0.16300726644686225,0
0.006735049198623167,-0.0987442648802656,0.4226305050701361,0.1697622218169747,0
0.006075492298824228,-0.09878341658707343,0.4328731294380029,0.17019059802272934,0
0.006135572711588972,-0.09880331385675983,0.4377594327668921,0.17638757516469344,0
0.0061467133734320785,-0.09883687235478372,0.4436940883040648,0.18394501835447796,0
0.007024539576073505,-0.09878457660538427,0.4340811126012537,0.18407462037687167,0
0.006071516698420329,-0.09888637048087547,0.44994929511586335,0.19204690628741716,0
0.00716020904534662,-0.09887260995712327,0.4454244667557493,0.19989166464862185,0
0.005975514108752119,-0.09876776768945783,0.4273571774440581,0.1634356426526169,0
0.005681303807295427,-0.0987617641052699,0.4225131688692113,0.15495264730898475,0
0.005752841348541296,-0.09874268403085916,0.4078363125410358,0.14635830244868278,0
0.005042298261965373,-0.09876228483167256,0.41303502471762676,0.13787416152774817,0
0.0053732570661744845,-0.09876047531715876,0.4178740486016336,0.14662816530989503,0
0.006143966172676895,-0.09873789797269869,0.41247543280861354,0.1546827844477725,0
0.004957129850742369,-0.09875742541778172,0.39823700038985127,0.12902679985351712,0
0.004214944835779876,-0.0987734843421942,0.388558424206446,0.11155232309840703,0
0.0035653874135368447,-0.09878733487839655,0.37887574986354106,0.09430139620602333,0
0.0038791737117538656,-0.09878075529769956,0.3837170870349935,0.10292685965221518,0
0.0035110131899931058,-0.09878736452520942,0.3888744485091512,0.09446378619907853,0
0.0037881327730673302,-0.09878205474809712,0.3937157856806037,0.10308924964527039,0
0.004081194109747203,-0.09877655246175501,0.39855707152545794,0.11171751977680755,0
0.004392837496219686,-0.09877105120173442,0.4033963596171606,0.1204547581543626,0
0.004576666078422117,-0.09876557313098557,0.3933977122981486,0.12028956147596206,0
0.004716117428308678,-0.09876606442419418,0.40823536864203447,0.12920841023016535,0
0.005349618378212581,-0.09874958777706497,0.4030366564654435,0.13769255115109996,0
0.003238740419266631,-0.09879256988119293,0.38341308064242685,0.08533246332038827,0
0.002991593031247794,-0.09879839209395422,0.36920350999476237,0.07648761060773226,0
0.0029907033699588872,-0.09879712020910049,0.3785769607080375,0.07642557052124273,0
0.0027446313175715476,-0.09880158378485333,0.37196131229586615,0.06673546982741291,0
0.002653020788402182,-0.09880463696586413,0.359416400748018,0.06488488286287972,0
0.0028198157805784563,-0.09880165045521525,0.3643099553713902,0.07068624673530599,0
0.0026034197096090625,-0.09880412920989481,0.367067757672494,0.060934105954986634,0
0.002314904645028498,-0.09880921228916102,0.3544815230346002,0.0495242676116969,0
0.0021888070297367656,-0.09880892985494664,0.3684524820451209,0.035298431717515226,0
0.002224999916663517,-0.09880759776186747,0.3781068290871643,0.037136629361684693,0
0.002118656035880885,-0.09880915795070519,0.3745017600469166,0.02714070179848136,0
0.001983836494053076,-0.0988117538871337,0.3610621476313274,0.015587445613521171,0
0.002074221062699062,-0.09881050920240118,0.36475731483822416,0.025442938665518198,0
0.0020381836368567573,-0.09881037697106207,0.3708065928400199,0.017285208746484333,0
0.0019796632099437286,-0.09881134652646249,0.36691510159410845,0.00760617057127862,0
0.0018634695966158747,-0.0988136016202074,0.3532388580886423,-0.002795277357022181,0
0.0019400361517533564,-0.09881211841366003,0.3630034568227659,-0.0015851909139930566,0
0.001915834339930444,-0.09881275347544602,0.35715050285998484,0.006396084128249495,0
0.0032654735328396063,-0.09879329572949117,0.37403962992915174,0.08539450340687779,0
0.0023438510134268977,-0.09880682299486683,0.37158579832104544,0.04614088038230439,0
0.0022514321377447677,-0.0988089837662916,0.3614670025398605,0.042411349664606066,0
0.0024426034512806416,-0.09880644490105955,0.36460031881578503,0.053253798329395224,0
0.002473184584679912,-0.09880715606293565,0.3569489618913091,0.05720457523728831,0
0.00920333036761866,-0.09877190048861174,0.4312186625324201,0.2064914855210821,0
0.008636980384919698,-0.09871077382375566,0.4233892182584924,0.19176506429131923,0
0.00887076221708248,-0.09864872749537017,0.40769576146860126,0.18324562391639954,0
0.007438107069927266,-0.09868467672331363,0.3975965245688562,0.1636699329176579,0
0.008141751196998526,-0.09866554269705326,0.4026461430187287,0.17345777841702872,0
0.00703201416529972,-0.09870800384944646,0.40735553882252373,0.16333859968226008,0
0.007622571382032899,-0.09869950779072201,0.4124051572723963,0.1731264451816309,0
0.007898018769310358,-0.0987063958995899,0.4179211092663411,0.17988140055174334,0
0.007717037491441392,-0.09873841096612719,0.4257678376612867,0.1841411207392032,0
0.008796174729351694,-0.09867524717644344,0.4155424898635468,0.18750534410385938,0
0.008150406813889947,-0.0987967986293704,0.43561721533542325,0.19906177454386914,0
0.008427503643518224,-0.09884111896536868,0.44102591395274615,0.2073213756258348,0
0.007883581586906455,-0.09876752587193552,0.43170249319845944,0.1916985639289877,0
0.008999649097043233,-0.09872969130601743,0.42730394039545627,0.19912827490620066,0
0.006551699724196073,-0.09871720213660996,0.402716418554946,0.15501411768317036,0
0.006268632122471393,-0.09871917624509698,0.3879243605979166,0.1461578410957785,0
0.005208501318703032,-0.0987503459926149,0.37824056500266523,0.12864943478864516,0
0.004283532304512062,-0.09877486424416528,0.36856157981897225,0.1111970251396465,0
0.004728834919934553,-0.09876348633789843,0.37340107241081877,0.11992322996414582,0
0.004688895841281022,-0.09876296526112414,0.3833994946045556,0.12010087894352608,0
0.004282763617804188,-0.098772871696138,0.3785600020127091,0.11137467411902677,0
0.003909014001104973,-0.09878153244647385,0.37371866484125665,0.1027492106728349,0
0.0034954131692152605,-0.09879257367718251,0.3588836494143263,0.09368899371762579,0
0.003871968187990722,-0.09878453382404627,0.3637226146166493,0.10244300942863614,0
0.0035584229504835533,-0.09878911582495126,0.3688796996389337,0.09399519496182457,0
0.003232321756260571,-0.09879560305023008,0.3640435797045444,0.08508830216267903,0
0.002869516274571363,-0.09880418233259251,0.34900487350317927,0.0772168522579425,0
0.003168538328916552,-0.09879895410439982,0.3539442614587528,0.08545292298778415,0
0.0029546003098080685,-0.09880073580630439,0.3591041917489708,0.07685223143283738,0
0.0027607035630045312,-0.09880427700515876,0.35421063712559864,0.07105086756041111,0
0.0023453012536873807,-0.09881171230244509,0.3394279424014114,0.06023843212286779,0
0.001917475863476741,-0.09881605895087105,0.331121720114385,0.04125981788115642,0
0.0020225873418928363,-0.09881257484282698,0.3492501663013705,0.03132545782691639,0
0.0019806613540489094,-0.09881410078672681,0.34018594320787776,0.03629263785403641,0
0.0021556968652289535,-0.09881110005570937,0.3518658446679853,0.04042486271930665,0
0.002133149431325598,-0.0988126276870655,0.34280162157449257,0.045392042746426664,0
0.0021160994636243756,-0.09881419553297593,0.3352748312578982,0.050749125002012105,0
0.002337533748235808,-0.09881020989946668,0.3469547327180058,0.05488134986728234,0
0.0025163574827271494,-0.09880800686282416,0.34942217157471467,0.06256165749287375,0
0.002593544749364058,-0.09880839322318148,0.34421640795229536,0.06872764219040514,0
0.006055486613935751,-0.09872856285582472,0.3978803365694762,0.14625807177223066,0
0.005580951749666133,-0.09874033882562955,0.3930806804938839,0.1375923204746478,0
0.005723027279584676,-0.098735478277538,0.3830824628002909,0.13740363794221183,0
0.005122266053250163,-0.098752026539757,0.3882387826962582,0.12883811732108114,0
0.006841939872301984,-0.09870196828046143,0.3927604425833864,0.1549138870067182,0
0.002120071403322826,-0.09881062129190982,0.3588513241732457,0.03331194477221581,0
0.0019986040490770607,-0.09881214408561131,0.35515615696634895,0.02345645172021878,0
0.0018020241197385454,-0.0988149721819842,0.34243689275384365,0.012073813189531709,0
0.001637146897160279,-0.09881695959813869,0.3336905241138955,-0.00505568222609788,0
0.001761682911961184,-0.09881523855238435,0.34346469110126887,-0.00392547979156003,0
0.001828029114031777,-0.09881429274117717,0.347837875421243,0.004639267916254764,0
0.001714179976420198,-0.09881600737431517,0.33806370843386957,0.0035090654817169146,0
0.0019048123809954406,-0.09881329069188391,0.35174952019258554,0.013830629401526441,0
0.001901025133261445,-0.09881390619118136,0.3458435295276071,0.021699635508224048,0
0.010824185047814515,-0.09860743701181167,0.4116407029594826,0.2044434291270096,0
0.011793870656114126,-0.09849616353409218,0.392092013242154,0.2021313695513354,0
0.0098741311066765,-0.09862101886709791,0.4096682322140419,0.19384452652170459,0
0.010354318598922597,-0.09857186830283736,0.3998938873553776,0.19268849673386745,0
0.011736838399488884,-0.09850297579450062,0.4018663581008183,0.2032873993391725,0
0.010397685325349525,-0.09865332105845553,0.42142968274595133,0.20546745732404587,0
0.009762400853193619,-0.09865799083121858,0.4175149606089875,0.19810424670916443,0
0.009829457137805765,-0.09857416833424111,0.3846391502708593,0.1830375701783751,0
0.007905204502334144,-0.09866013357716372,0.3766059313244948,0.16375441709618213,0
0.0077356914903583835,-0.09866766128609854,0.3871012279466755,0.16371217500692004,0
0.008825775941870938,-0.09862060083342437,0.3806225407976771,0.17339599363727862,0
0.008567694189160698,-0.09863637392543892,0.39111783741985773,0.17335375154801652,0
0.00942620408979895,-0.09860555938524675,0.3961674558697303,0.1831415970473873,0
0.01085370754539352,-0.09852809362437805,0.38836558175650665,0.19258446986485525,0
0.0070506332526923746,-0.09869235967155697,0.3822651459612057,0.15495612909598033,0
0.006385185660229778,-0.09871845299256267,0.367754998180366,0.1456652906677569,0
0.007115755991435007,-0.09869155896587294,0.3721804647524304,0.1547098538819695,0
0.0063772968477230595,-0.09871570442493265,0.3778396793891413,0.1459115658817677,0
0.005772993468429121,-0.09873554913348292,0.37299778159151564,0.13715736272820103,0
0.0051303624687512525,-0.09875909104316631,0.3583166384790495,0.12816326487292418,0
0.004080156344678123,-0.09878652862612727,0.348565688282307,0.1107896198020617,0
0.0045811703143937696,-0.09877427537019787,0.3534411633806782,0.11947644233749294,0
0.004691180835174805,-0.09876732567847006,0.3634391091490109,0.11968014500628534,0
0.004215422251624883,-0.09877948343510026,0.3585636340506396,0.1109933224708541,0
0.0037779262616641583,-0.09878948228692033,0.35372466884831666,0.10223930675984375,0
0.003212025696649666,-0.09880380428289688,0.33888789881345227,0.0932728699757316,0
0.002516294735394086,-0.0988139252974823,0.3289929360915103,0.07603667511349604,0
0.002845101254739718,-0.0988095858972447,0.33394041745248126,0.08465477254461382,0
0.0027137741171468026,-0.09880877247441619,0.3389989047973448,0.07662676368571927,0
0.0030365362087671336,-0.09880375003978573,0.34394638615831574,0.08524486111683705,0
0.0033806598683514535,-0.09879752377056877,0.3488857741138893,0.09348093184667869,0
0.0036234562842126557,-0.09879625485569606,0.3437267935478796,0.10203124488889664,0
0.0052102975488708255,-0.09875272926976093,0.36827860174085736,0.12840634983078467,0
0.005731919072835936,-0.0987406141337256,0.36303581832970777,0.13691427777034054,0
0.0024295193165490272,-0.09881254512693348,0.3342104392464609,0.06813755361818191,0
0.001958845141036262,-0.09881932082051276,0.31931251291620416,0.05838846297679821,0
0.0015314121487345022,-0.09882194607529889,0.30980199087753885,0.04127814038219255,0
0.0017325229067686326,-0.09882086951015222,0.3145572518968715,0.04983330167949538,0
0.0017394140913440386,-0.0988189903360251,0.32046185549596196,0.04126897913167449,0
0.0019382257527196045,-0.09881741770010104,0.3252171165152946,0.049824140428977315,0
0.002167929910483263,-0.09881545831176755,0.32937022765880775,0.059313447549833,0
0.0022207252370563778,-0.09881707540624406,0.32415272450385724,0.06721256904514712,0
0.0015390292148726524,-0.09881952658052966,0.318198348551625,0.024658684193223774,0
0.0015426672521488642,-0.09881841874635981,0.3242195600012875,0.009093871676254157,0
0.0017944821179192052,-0.09881603080426107,0.3342517429136028,0.025527151502197837,0
0.0016626841819271417,-0.09881731201873345,0.32923565145744516,0.017310511589225995,0
0.0017948646348308025,-0.09881547329274785,0.3383443178337232,0.018800482345864775,0
0.001681692282258816,-0.09881668758438619,0.33332822637756554,0.010583842432892933,0
0.0015866631509978302,-0.09881766649401758,0.3289550420575915,0.0020190947250781385,0
0.0013295057551176745,-0.09882038759658614,0.3141104126755783,-0.007021084747563401,0
0.0014324242228419732,-0.0988194245254653,0.31916498633843293,0.0010363934643453777,0
0.0014921898339931888,-0.09881869988706014,0.3239004683947369,-0.0060383834868306405,0
0.0015326927334552327,-0.09882058589295799,0.3140001697145819,0.032968412287708165,0
0.0017209233445850544,-0.09881799200768797,0.324660034333005,0.0329592510371901,0
0.0016743582364652353,-0.09881777532436477,0.3262250457326139,0.025092917847710804,0
0.0018484784689062868,-0.09881604442398481,0.3326867315139939,0.03339348469167713,0
0.001914876973413471,-0.09881430360796056,0.34175095460748667,0.028426304664557114,0
0.01206227027914265,-0.09846365447057437,0.3725585682950345,0.1996932487804034,0
0.00980003011753967,-0.09857958305467912,0.36477626241021477,0.18088511291088052,0
0.0077152303382053075,-0.09868007578753285,0.35662992779762737,0.16235150001994444,0
0.00870589991017608,-0.09863534949171851,0.36070309510392107,0.17161830646541248,0
0.008814279419619079,-0.09862289846165134,0.3706910968673548,0.17231976500353133,0
0.007873113562874557,-0.09866525964904264,0.3666179295610611,0.1630529585580633,0
0.0070294601652795274,-0.09869992887362858,0.36219246298899666,0.1540083953438507,0
0.006042395053747728,-0.09874390269597702,0.347571456204469,0.14449240302571068,0
0.006839464695900344,-0.09871552464504381,0.3521006920010482,0.15342195152282756,0
0.006264661365705022,-0.0987282933617779,0.3576632271924175,0.14507884684673378,0
0.005575231423064053,-0.09875128086011303,0.3529440473417592,0.1363278339493174,0
0.004709396369887299,-0.09878293664821297,0.3383336686823843,0.127378899308177,0
0.003616560565713936,-0.0988064132871659,0.3285693439760196,0.11040619048229779,0
0.004134245937789518,-0.09879634197810454,0.33345150632920195,0.1188925448952374,0
0.0043881002469745,-0.09878424242910294,0.34344967848234564,0.11908425955511935,0
0.003879788837968995,-0.09879566397978279,0.3385675161291633,0.11059790514217974,0
0.003411465650183692,-0.09880450320848305,0.3337286213947359,0.1018395302290147,0
0.0027252861167398473,-0.09881897763531783,0.31889145202971764,0.09289338805432287,0
0.002620834552412991,-0.09881591805195901,0.323942194060614,0.08446503158390946,0
0.002992699479179107,-0.09881108256387687,0.328889675421585,0.09308312901502724,0
0.0031444425318617767,-0.09881379539583988,0.3237303980028686,0.10164978926831034,0
0.010982697247255854,-0.09851401072733088,0.3785988592829469,0.19136540947938924,0
0.012376139553490612,-0.09842469601548291,0.38232529076859423,0.20091230916586938,0
0.009875592710528758,-0.098571247710288,0.3747077063405371,0.1819613415446278,0
0.010964425830772557,-0.09851739169547033,0.3686674153526246,0.19028918084564195,0
0.004959649415904706,-0.09876942321060994,0.3483251535807169,0.1277710820905506,0
0.005342988681480448,-0.09876582509525929,0.34295256244342665,0.13593565116694384,0
0.002027469040311932,-0.09882469668444109,0.3092135480983957,0.07538049226178502,0
0.0023544925475641842,-0.09882247046850193,0.31405250006405666,0.08413694015805395,0
0.0022892136726854325,-0.09881929043899008,0.319103242094953,0.07570858368764052,0
0.001994497605973905,-0.09882158466938774,0.3142630305072999,0.06688447761929162,0
0.001485969280537186,-0.0988266694523722,0.2994989454269016,0.05789452382090547,0
0.0017353154153426427,-0.09882308815243326,0.30940572917155285,0.05814149339885184,0
0.0017393594997410597,-0.09882600920731908,0.3043562467626486,0.06663750804134524,0
0.0015109898721937757,-0.0988240037368707,0.3046504681522202,0.049586332101549016,0
0.001071886940964459,-0.09882691766407495,0.28983310232636,0.04097535214265347,0
0.0013112753119039603,-0.098824569072212,0.2998175466019494,0.04112674626242301,0
0.00126644190834067,-0.09882692872150454,0.29466602387663077,0.049434937981779475,0
0.0011463832268843908,-0.0988236610608052,0.2980494240316301,0.024293066187630174,0
0.0012220150074450419,-0.09882171570054189,0.30589326039955417,0.007851852674355916,0
0.0011821529731762808,-0.09882257322590161,0.30197134221559213,0.016072459430993044,0
0.0013747255604760523,-0.09882071374298229,0.3120458044755896,0.016255268433789844,0
0.0013522988377704529,-0.09882167000488258,0.30812388629162757,0.024475875190426974,0
0.0013295716990164117,-0.09882295169122032,0.30392570745458447,0.03278560328491136,0
0.0011093573148721625,-0.0988250948627689,0.29394126317899505,0.03263420916514182,0
0.0015362286243900923,-0.09881891869008778,0.32120895427645624,0.016876277934738965,0
0.0013899050919912368,-0.09882011127267398,0.31505641020042086,0.008472862175305036,0
0.0012731229727587726,-0.09882099908053418,0.31000183653756624,0.00041538396339625737,0
0.0009606100620447624,-0.0988233676244395,0.29449323325321264,-0.008571731879221228,0
0.0011514221511498544,-0.09882196415927905,0.30430182296439545,-0.007796408313392315,0
0.001087772540787937,-0.09882255161500698,0.3001932468263834,-0.00035993960243265594,0
0.011615872489594973,-0.09851731381992333,0.3530228816138251,0.1972732469543295,0
0.012284257934929113,-0.09843620585422763,0.36279072495442977,0.19848324786736643,0
0.010760304299953094,-0.0985398053077494,0.35889957201201994,0.189079179932605,0
0.009226371411865116,-0.0986389858356623,0.34520131143781096,0.17920070831536097,0
0.006976108437221047,-0.09873644754436199,0.3364270465743636,0.16038703882458594,0
0.008035229228039705,-0.09869477780903432,0.3408141790060873,0.16979387356997344,0
0.0074066502648940154,-0.09870458978460336,0.3465284871859955,0.1613692694222652,0
0.008448770667233773,-0.09865943373031935,0.35091561961771917,0.1707761041676527,0
0.009571857074868453,-0.09860456404239543,0.35498878692401287,0.18004291061312075,0
0.01043825453093318,-0.09857708207811407,0.34911209652581804,0.18823697763484523,0
0.006505088421704666,-0.09873874593853658,0.34199925138941634,0.1524397209251483,0
0.005315115096700574,-0.09878823196480269,0.32750521120186826,0.1433913545866178,0
0.005725473243806388,-0.09876424071355927,0.33753833370316866,0.14394187880616424,0
0.005013068862236467,-0.0987841463835739,0.33291943994212625,0.1353851269473974,0
0.004012799081848671,-0.09881638168587879,0.31825629079286805,0.127244681030913,0
0.004398381742567148,-0.09879877164230089,0.32829497973762617,0.127311790169545,0
0.0038167734584003262,-0.09881014807837474,0.32341281738444383,0.1188254357566054,0
0.0029181516706637124,-0.09883028523440146,0.3085728069097587,0.11003278178283292,0
0.003431452800320726,-0.09882486997234036,0.31341454885131337,0.11863873140687295,0
0.0032944046937641294,-0.09881818237326423,0.31857107544288915,0.11021948613256535,0
0.002826471854811295,-0.09882361015951382,0.31373212946973816,0.10146308491857789,0
0.002064077113894248,-0.09883481237990657,0.29889484761086677,0.09252159044995238,0
0.0020518606140118648,-0.0988290106871655,0.3040541978546312,0.0839510413558687,0
0.0024141193085082725,-0.09882704307771314,0.3088931498202922,0.09270748925213762,0
0.0024624967687416613,-0.09883337620549379,0.3037338272603127,0.10127718611639265,0
0.006101421531270528,-0.09876604404879359,0.33196612888811594,0.15188919670560186,0
0.004628807369529797,-0.09880459303618438,0.3228807509973681,0.1353180178087654,0
0.0014140988261548957,-0.09883465533309711,0.2892107534954715,0.07501479659529138,0
0.0009229819433312857,-0.09883263401407992,0.2795274356614865,0.057617921555433174,0
0.0011516284868672403,-0.09883376436648998,0.28436909457847903,0.06631635907536228,0
0.0012136732059907088,-0.0988299235997954,0.28951319054419405,0.05775622268816932,0
0.0014561962128832743,-0.09883015883504111,0.2943548494611865,0.06645466020809843,0
0.0017343577193492646,-0.0988299372869789,0.2992121507969336,0.0751976444285382,0
0.0017165750624012807,-0.09883510884074283,0.2940528005531691,0.08376819352262188,0
0.0010030976511578515,-0.09882946518826051,0.2846802689939233,0.04929663684904333,0
0.0005481998860074349,-0.09883022638061896,0.26985342184124045,0.04018458803435472,0
0.0006923052040168978,-0.09882674719639481,0.27808916202706374,0.02344601159190486,0
0.0008291602642480514,-0.09882461131007575,0.2864806202554498,0.007548254446394489,0
0.0009814452234259234,-0.09882418079981635,0.29226502214353994,0.015920660317012333,0
0.0009253473766782557,-0.09882537131624478,0.2880692930293469,0.02386953888976752,0
0.0007614313193071684,-0.09882555359713235,0.28228489114125677,0.015497133019149675,0
0.0008154321316071842,-0.09882882700958057,0.2798432620838002,0.0405799700885041,0
0.0006231471695060536,-0.09882829110536485,0.2739712919341521,0.03181529981312979,0
0.0008720197070392939,-0.09882689606977307,0.2839611321767119,0.03221068186727917,0
0.000723342974828716,-0.09883141551947339,0.2746904287513635,0.04890125479489395,0
0.001031794492179439,-0.09882326948467747,0.296186940327502,0.007700053560375203,0
0.0008934098517613062,-0.0988239017819233,0.2904869267543312,-0.0005117387164133695,0
0.0005501288148171914,-0.09882547736421879,0.27484246886935493,-0.00961112640550597,0
0.0007593235942187622,-0.09882455382014152,0.2846678510612838,-0.009091429142363598,0
0.0006857323657285331,-0.09882502351437111,0.28066154456240233,-0.0010314359795557406,0
0.010477237168277243,-0.09864490416289855,0.3334679733597575,0.1950146597444102,0
0.0079709151770882,-0.09874671139068353,0.32508193468962915,0.17682305614960153,0
0.005844099351454913,-0.09881164939797882,0.31645789727954726,0.1590178014994542,0
0.006838883955568944,-0.09878533166432063,0.3207699159845882,0.16792042882452785,0
0.007472113692795737,-0.09873830735974043,0.33075449063199636,0.16860504748709373,0
0.006463801563856259,-0.09877239742237005,0.3264424719269554,0.15970242016202008,0
0.005589752599177569,-0.0987969915445582,0.32198155424070773,0.151204578043036,0
0.004224131152958793,-0.09884289835506213,0.3068358757244051,0.14264166686574242,0
0.0029808944347121534,-0.0988528531271231,0.2976838303120696,0.1261914695086296,0
0.003562275778583913,-0.09884961794003454,0.3022598530182373,0.134416568187186,0
0.0041341313455262214,-0.09882727507836588,0.3125460832586366,0.13494317394832772,0
0.004812672643470583,-0.09881518266970311,0.31717054346313667,0.1430165107261801,0
0.0049861277240350445,-0.09883061317685891,0.3116468865019762,0.15082973418259832,0
0.01146563230357331,-0.0985349120457668,0.3432454274867913,0.19614395334936985,0
0.009920501326793523,-0.0986301043255959,0.3393346423987842,0.1871076840298856,0
0.009219817732611192,-0.09869743310974313,0.3292749540246933,0.18591885794700586,0
0.008654678421929676,-0.09869055739596078,0.3351416230637201,0.17801188223248127,0
0.002963664900155281,-0.09883987405399135,0.30312831861091416,0.11811212564573126,0
0.003526358249984302,-0.09883504860387109,0.3079700605524688,0.1267180752697713,0
0.002028354422699013,-0.09885259978120699,0.28857620995344774,0.10966221763986202,0
0.0024937633684148446,-0.09884199426512097,0.2985745084316032,0.10984749971134747,0
0.0024719248336046006,-0.09885354844354377,0.2931300201327587,0.11792684357424582,0
0.002058441938053216,-0.09884251192150076,0.29373552878215725,0.1010919040449072,0
0.0012710577140291304,-0.09884766598890474,0.2788982008850287,0.09215143431304187,0
0.0016210438441658158,-0.09885046211611676,0.2837372054192382,0.10090682597645195,0
0.0016809333439981046,-0.09884182677887103,0.28889652424794776,0.09233651238149712,0
0.0013542498215051157,-0.09884040406267189,0.2840544771902501,0.08358311545416663,0
0.000713859864564507,-0.09884147806131748,0.26922015545691513,0.0746407243626049,0
0.0008287289873799873,-0.09883660774598066,0.27437379555920083,0.06612932295901904,0
0.0010720988794146668,-0.09883857604183181,0.27921545447619334,0.07482776047894814,0
0.0009709499737015766,-0.09884458533394229,0.2740591781709719,0.08339607933782339,0
0.0003042150936391774,-0.09883581778950414,0.2595409089288882,0.057192468248050854,0
0.0004936162867779509,-0.0988385263315229,0.2643805321929017,0.06591659630532787,0
0.0006178863774387551,-0.09883462996809562,0.2695341722951874,0.057405194901742014,0
0.0004347742541519205,-0.09883276681829599,0.2646971653850643,0.04868852814120279,0
-2.590894606555099e-06,-0.09883138417100505,0.24985700165730437,0.039993416546017846,0
0.00014050686721305108,-0.09883344503764072,0.2546989552930963,0.04859294239703435,0
0.00027467050462839416,-0.09883111121835916,0.2598552117492724,0.04008900229018628,0
0.0002079618991233928,-0.09882834810196404,0.25826429090267233,0.023263063105393025,0
0.0003581327069528149,-0.09882647750220949,0.26544691071566084,0.005833526217156625,0
0.00028504456271795,-0.098827265798267,0.2618556008091666,0.014548294661274825,0
0.0005185421678504164,-0.09882660458507897,0.27176803637136226,0.014639768904530743,0
0.0004531143047356093,-0.09882776082419988,0.268176726464868,0.023354537348648945,0
0.0003691950734115538,-0.09882925350000957,0.26405885637195636,0.031723825569873874,0
0.00010803421855564352,-0.09882971181005235,0.25406064627998837,0.03162823982570544,0
0.0005971705828899044,-0.09882573182794474,0.27596376548555535,0.006690890331775556,0
0.00045492747476974293,-0.09882589861252243,0.2701446897925079,-0.0018888000941746728,0
0.00011681036779387543,-0.0988264311729616,0.25516975958766863,-0.010073349232005632,0
0.00023476332531248884,-0.09882640218291773,0.26030833515166474,-0.002119911507424504,0
0.0003351502739851739,-0.09882611087233908,0.2650061142285118,-0.009842237818755801,0
0.008705838987685219,-0.09881699238242522,0.313881240220007,0.1930527249326497,0
0.00631183560517892,-0.09886726560552539,0.30540782925295307,0.17527686094055844,0
0.004280702769815157,-0.09889208610792198,0.2957756485036429,0.15775817642962717,0
0.005108110042993741,-0.09885287701830328,0.3061167728915951,0.15838798896454068,0
0.006095189473175402,-0.09883414977330532,0.31093286326625014,0.1671473312200063,0
0.005222167175252222,-0.09888450670349597,0.300591738878298,0.1665175186850928,0
0.009960752341197305,-0.09869839425636603,0.32367460678988225,0.19403369233852996,0
0.008413025551795173,-0.09876885663182253,0.3194815874548181,0.1849378905411256,0
0.00748366437837536,-0.09884456045732457,0.30964453473648,0.18416479293660407,0
0.007187933420077485,-0.09880767490757658,0.3152448819712911,0.17604995854508,0
0.004277256417739831,-0.0988638752817913,0.30130576211402404,0.1501999216476848,0
0.002813913249895232,-0.09889392274842024,0.28586990933790535,0.14198510190564118,0
0.0035518839842980186,-0.09886991804116553,0.29635289253115527,0.1423133843856918,0
0.002925412106428814,-0.09887074633171473,0.29177686982498746,0.13408828570713538,0
0.001792524349210012,-0.09888238592208451,0.2773762836120166,0.12613541964506614,0
0.0010066304039922063,-0.0988679444712478,0.26857959617637306,0.10929227532265551,0
0.0013677987624871365,-0.09887512382798681,0.27297793989419483,0.11771384748386082,0
0.001934142617305804,-0.09886577541655668,0.28297624678273214,0.11789881864246407,0
0.0015297686266598526,-0.09886142767338538,0.27857790306491037,0.10947724648125876,0
0.0011577153094357365,-0.09885674064947535,0.2737388985307009,0.10072185481784869,0
0.0003991762583456113,-0.09885451224368907,0.25890154021815803,0.09178152879982766,0
-2.778145538788662e-05,-0.09884363961925202,0.24922344048253273,0.07427083842309763,0
0.00016684918479978545,-0.09884872023659577,0.2540624903503454,0.08302618361146265,0
0.0003451806648662655,-0.09884319792680428,0.25922179796972394,0.07445578139285126,0
0.0005728974819941577,-0.09884741229523432,0.2640608478375366,0.08321112658121628,0
0.0008413701659364092,-0.09885198004573185,0.26889987055159337,0.09196648155643478,0
0.0006764244696281529,-0.09886096367758875,0.26374056819726555,0.10053690206124158,0
0.0034977412504954074,-0.09889515029224655,0.2908227789207741,0.14987163916763419,0
0.002408770431268368,-0.09886894861157897,0.2875300569620431,0.12616344457684786,0
0.002266006900327945,-0.09888867613365868,0.281623096474961,0.13406026077535366,0
0.0001517896075426897,-0.09883943684775336,0.25438217470571045,0.06573165333557424,0
-0.0003292175972898046,-0.09883557131335648,0.23954528753421592,0.0567602327082344,0
-0.00019119875217085136,-0.09883926836521155,0.24438436400837432,0.06551553556566601,0
-1.3211455126417286e-05,-0.09883613535828131,0.24954309823155207,0.05697635047814263,0
-0.00015529005346862058,-0.09883335289097175,0.24470114459576014,0.04837682462712613,0
-0.0005493212084649553,-0.09882996761770049,0.22986707748931376,0.039249681842233555,0
-0.0002787703244120947,-0.0988309735188068,0.23986203957330907,0.0396215491941257,0
-0.00044703300647426833,-0.09883249287648208,0.23470618251176484,0.048004957275233975,0
-0.0002624589315932858,-0.09882830248989118,0.23946245637877187,0.02384929018991958,0
-6.858541160259266e-05,-0.09882692428348049,0.24698737288009726,0.006475504133905448,0
-0.00016139849558668003,-0.09882749816629921,0.24322491462943457,0.015162397161912514,0
6.453331045072619e-05,-0.09882756271911357,0.25262583189138477,0.014869283619649237,0
-2.706303293474e-05,-0.09882853317209477,0.24886337364072209,0.0235561766476563,0
-0.00013905305019655035,-0.09882971977635673,0.24465972901803812,0.03192135336796871,0
-0.0003989571169508396,-0.09882909454731689,0.2346647669340428,0.031549486016076565,0
0.0001457723181028767,-0.0988268598029084,0.256217141797879,0.006154515175531037,0
2.5951336802500822e-05,-0.09882658610616173,0.2510785662338829,-0.001798922549050092,0
-0.0003211488330971229,-0.09882610460866227,0.23549217372413056,-0.0099287236946298,0
-0.00010271490697294455,-0.09882643014804765,0.2453309666558996,-0.010001036463317715,0
-0.0001970785089106498,-0.0988264447377807,0.2412397733021139,-0.001726609780362176,0
0.006399207059503356,-0.09899312988787344,0.2942574624549822,0.1915070910332105,0
0.004166029976909453,-0.09897877683172913,0.28498407506523804,0.17370671480023614,0
0.004258811026394852,-0.0989296578387198,0.2903798617844405,0.16573244561493167,0
0.00527445425512618,-0.09892751656397243,0.29519595215909555,0.1744917878703973,0
0.005234437072837673,-0.09898768680207884,0.2896207687601101,0.18260690291672332,0
0.006439474202567992,-0.0989173960352944,0.2998326458539676,0.18339197598688448,0
0.007848175281026621,-0.09888880503245064,0.3040693513374946,0.1922799079829301,0
0.0024139846110039494,-0.09895107656049786,0.2751969172868403,0.15587571339546683,0
0.003213419055101253,-0.09896667865941063,0.2800904961760392,0.16479121409785147,0
0.003371350415692296,-0.09892543668812948,0.2854862828952416,0.156816944912547,0
0.0026473307134407763,-0.0989197254202769,0.2805334133123728,0.148930407650554,0
0.001248525345124041,-0.09892688384558777,0.26542370748764443,0.14180311735100823,0
0.0015580645866054871,-0.09890262786259527,0.2713999955498305,0.1339692684980372,0
0.0020503375717050827,-0.09891321811018704,0.2756468084127749,0.14189410962832472,0
0.0017890343702019929,-0.09893954225403509,0.27031031238724235,0.14883941537323753,0
0.0004705969489081069,-0.09889686748113759,0.2570738405478584,0.12559539794895264,0
-7.624209294845329e-05,-0.09887256786730217,0.24858297607786442,0.1089223429770442,0
0.00017082414040942023,-0.0988838638934283,0.2528284083128614,0.11725887046299842,0
0.00076977956772287,-0.09888126667639002,0.26282671836211574,0.11744383663580407,0
0.00046816064144437506,-0.09887172619898117,0.2585812861271187,0.10910730914984985,0
0.00018549537594560298,-0.09886287851168724,0.2537422581480112,0.10035193588843594,0
-0.000492504871705828,-0.09885377667627937,0.23890487448901554,0.09141153454555757,0
-0.0007620836532127098,-0.09884069888172792,0.22922672288688684,0.07390078034668886,0
-0.0006420168513451551,-0.09884660376537856,0.2340657986879512,0.08265615744612322,0
-0.0003988918084037994,-0.09884278612592622,0.2392250816847098,0.07408580938489324,0
-0.0005298810582743186,-0.09883806530707775,0.23438600521055136,0.06533050652746163,0
-0.0009377951180598189,-0.09883202052819563,0.21954851619263577,0.0563900807230648,0
-0.0008588654497721483,-0.09883589216581165,0.2243876195397613,0.06514543053487683,0
-0.0006390290997765085,-0.0988341749928881,0.22954690186342586,0.0565751567156496,0
-0.0007313823671828345,-0.09883100776676246,0.22470779684097475,0.047819881282649176,0
-0.0010632187225869264,-0.09882652918195357,0.20986433427834247,0.03919978672430985,0
-0.0008124166603992181,-0.09882848517747779,0.21986570588382812,0.0392247342832717,0
-0.001005001998515935,-0.0988289611231437,0.2147064252354891,0.04779493372368732,0
0.0011400979679910088,-0.09889179335194759,0.2672250620799375,0.1258654087970094,0
0.0008250306439311609,-0.09891112077786265,0.26124877401775143,0.13369925764998042,0
-0.0002403890655358102,-0.09884844081960159,0.24406415748577415,0.0828411864843276,0
-4.7988563048139615e-05,-0.09885511851759092,0.2489032073535868,0.09159653167269262,0
-0.0003065579688048106,-0.09886238259914584,0.24374392528343997,0.1001669387613009,0
-0.0007329572516863933,-0.09882651192453445,0.22014791213410473,0.023952446832758278,0
-0.0005125398887676864,-0.09882603525819039,0.2277238682191082,0.007269227256049844,0
-0.0005009162860410963,-0.09882760651616464,0.2298051842564383,0.023900868511338928,0
-0.0003916230306879104,-0.0988270586087906,0.23359316229894003,0.015559258722984711,0
-0.0006173933345118561,-0.09882621691945255,0.22393589017660648,0.015610837044404061,0
-0.0008905400909000553,-0.0988265719338594,0.2150061232062236,0.031576116778534065,0
-0.0006451382980887523,-0.09882807966978227,0.22500749481170923,0.03160106433749592,0
-0.0002919964850372384,-0.09882665188991449,0.23735562054960274,0.006872365694977647,0
-0.00041362595419723076,-0.09882598883141114,0.23160802097161937,-0.001329748219289978,0
-0.000745844125256596,-0.09882453610582882,0.2158279976396445,-0.009186560622018518,0
-0.0005362966241580308,-0.09882546724988515,0.22566008568188753,-0.00955764215832416,0
-0.0006302788650038859,-0.0988252039865166,0.22177593292937636,-0.000958666682984337,0
0.0036919897982566298,-0.09913101849228292,0.2746002114883518,0.1904740302508034,0
0.0018471108551107753,-0.09904983030640568,0.265086887023203,0.17314205991715975,0
0.002179792108069,-0.09899496867532158,0.27014190215502165,0.1645088866563133,0
0.0030282349357737153,-0.09902089010998195,0.2750354810442205,0.17342438735869795,0
0.0027056565677037138,-0.09908925410509319,0.26984354925577736,0.18180804508398157,0
0.004011020908247725,-0.09904423586450405,0.2797921432767949,0.18209037252551977,0
0.005246110430491189,-0.09906093044858214,0.284428836971667,0.19099056064200695,0
0.000506538815451477,-0.09898018957194511,0.25518407810030574,0.15578936010993344,0
0.0011080451516215948,-0.09901345158598172,0.26013548256175434,0.1644657100135466,0
0.001474547604493146,-0.09897027889051137,0.26519049769357306,0.15583253675270015,0
0.0009164474127167369,-0.09895182678017782,0.2603038927939751,0.14879623873047082,0
-0.00037924251964305565,-0.09893405427906116,0.24533227091653403,0.14171933983975604,0
-0.0008375250386553806,-0.09889417538801692,0.23732169251480636,0.1254969836127986,0
-0.001144401485365407,-0.09886547662089139,0.22858635374719893,0.10855225915081318,0
-0.0010120267060167783,-0.09887838074463645,0.23295402313100266,0.11702462138180589,0
-0.00042190532987845163,-0.09888301470513577,0.2429523342963354,0.1172096632949214,0
-0.0006168704749795067,-0.09887042677557302,0.23858466491253166,0.10873730106392869,0
-0.000791237047803497,-0.09885952726499045,0.23374561411810724,0.09998189684818537,0
-0.0013437534806555837,-0.09884576161851891,0.2189082075487128,0.0910413729604921,0
-0.00103137771773697,-0.098843333796061,0.2240674652177998,0.08247107665359048,0
-0.0009268539370429805,-0.09885058629315545,0.22890654101886415,0.09122645375302484,0
-0.0012602335285600893,-0.0988545146350953,0.22374728064795585,0.09979681605565263,0
0.00043834601789766793,-0.09893388771773536,0.2553779892020892,0.14176122859538215,0
8.915491505929871e-05,-0.09891451741095453,0.25120305573219626,0.13365736889435434,0
-0.0006351630091468931,-0.09891233538683142,0.24132698171567019,0.13360816172627732,0
-0.00018548150510359476,-0.09889772751888676,0.2471977665313324,0.12554619078087562,0
2.350879591527499e-05,-0.09895609617816047,0.2502581745084199,0.14875434997484474,0
-0.0014415483539503364,-0.09883342282256527,0.20922987172764312,0.07353795444474331,0
-0.0014846355209027992,-0.09882598002747733,0.19955079188009994,0.05607186507877228,0
-0.0014675867917922183,-0.09882921906931995,0.20439033180387153,0.06480490976175779,0
-0.0011729804179233248,-0.09883288294960076,0.21438919396013945,0.06496401758390405,0
-0.0012211756100755549,-0.09882923883467193,0.20954965403636786,0.05623097290091854,0
-0.0012616854480183989,-0.09882640550624987,0.20470756307922122,0.047635825901541064,0
-0.0015169578493958566,-0.0988216428911314,0.18985933877295266,0.03950811595223007,0
-0.0012996473524682698,-0.09882421986360745,0.19986183652564757,0.03935395133826996,0
-0.00150206289219792,-0.0988235349752554,0.19470506532652632,0.047789990515501174,0
-0.0011115090021401707,-0.09883751281097936,0.21922829730726498,0.07371936739571608,0
-0.0014021488076889806,-0.0988388424295997,0.21406903963817797,0.0822896637026177,0
-0.0011861229105513656,-0.09882317049908772,0.1999254222653708,0.024328883826445054,0
-0.0009490061758478433,-0.09882376222473185,0.2077434889780729,0.007951125414563253,0
-0.0011388790704356612,-0.09882192668579888,0.19619218023363982,-0.0078942835284893,0
-0.0008431498767941726,-0.09882410489785788,0.2117857433088587,-0.0006177176037276324,0
-0.0010433886220293422,-0.09882277163833705,0.20196783460585638,2.8420943036976988e-05,0
-0.0009474942728615026,-0.0988233431037378,0.20601008893664216,-0.00854042207525391,0
-0.0011268092283751555,-0.09882468361269639,0.20489487827185665,0.03176433527537745,0
-0.0009662880065854437,-0.09882499987646437,0.21003666719973776,0.024140665329601664,0
-0.0010613874704840604,-0.09882346946165495,0.20383445562172187,0.016140004620504154,0
-0.0008438831171591317,-0.09882501313474533,0.2139457005560888,0.015951786123660765,0
-0.0007352721606463536,-0.09882505193160881,0.21773367859859055,0.007610176335306549,0
-0.001344209575689935,-0.0988225159187741,0.19489238051916175,0.031918499889337565,0
0.0007504004342555297,-0.09919690779039463,0.2549212071454445,0.1900191158946087,0
-0.00062191792018272,-0.09906530467439117,0.244947356453275,0.17304028915996444,0
-0.0014439331374410977,-0.09897102743590258,0.23513574724482092,0.15591924144180475,0
-0.00108812505444834,-0.09901374325725554,0.24004155184904796,0.1644797653008846,0
7.3607884728349284e-06,-0.09901970618418987,0.2500657172767904,0.16441482463494894,0
0.0006172922501907468,-0.09906566543948622,0.255017121738239,0.1730911745385621,0
-1.205097823418194e-05,-0.09912612578996918,0.24993428179935973,0.18152970252728656,0
0.0013790634230318364,-0.09911632012418084,0.26000404708432373,0.18158058790588422,0
0.002310327473611886,-0.09917283903848076,0.2647607093168981,0.19024657307270604,0
-0.00047265651216799314,-0.09898065711803963,0.24515991267256332,0.1558543007758691,0
-0.0008681569819688188,-0.09895234040211864,0.2402340090806775,0.1488192906407804,0
-0.002001385385146209,-0.09891359446330053,0.22489964487493808,0.14166162347929057,0
-0.0021487909660822145,-0.09887335700653754,0.2164102328811444,0.12524627841661534,0
-0.002094622115896881,-0.09889116010537471,0.22065493887804122,0.13345395094795295,0
-0.0013716025499504003,-0.09890455379846608,0.23111066869487223,0.13357930354604458,0
-0.001202513010173916,-0.09892709471993308,0.23511595789573606,0.1416904816595233,0
-0.0017587474196303968,-0.09893989777773032,0.23001769605987948,0.14879043246054766,0
-0.001509066680929796,-0.09888576458790516,0.22686596269797538,0.12537163101470697,0
-0.0016081861725655907,-0.0988701528302444,0.22249829331417165,0.11689926878371426,0
-0.002123889201870977,-0.09884866402239018,0.20858972973964082,0.10818199823545825,0
-0.001649515754404777,-0.09885805662771327,0.2185880417434199,0.10836712869313572,0
-0.0021459620182439957,-0.09885944824658441,0.2124999813103926,0.1167141383260368,0
-0.0017056394818071646,-0.09884767939005547,0.2137489686441768,0.09961168559797517,0
-0.0020982571913718607,-0.09883252726633206,0.19891154367579977,0.09067103798567801,0
-0.0021201067452969674,-0.09883946612763213,0.2037506367077203,0.09942651811056813,0
-0.001736338200895363,-0.09883961331131665,0.20890987561225627,0.09085620547308505,0
-0.0017482483702958437,-0.09883340562332012,0.20407070770172145,0.08210449621521065,0
-0.002022615742341458,-0.09882354105631212,0.18923344519438345,0.07315250252124535,0
-0.001937517617412515,-0.09881876267277875,0.17955662796032434,0.05584437036136147,0
-0.001979971162675498,-0.09882076851870472,0.1843950365773539,0.0644984364413034,0
-0.0017247920527483696,-0.09882242764260168,0.18955370992021214,0.055958117720066876,0
-0.0017373672630521205,-0.09882509994644123,0.1943921185372417,0.06461218380000881,0
-0.0017467863016227057,-0.09882867178728044,0.1992316584610133,0.07334522848299432,0
-0.0020640772504853496,-0.09882735274436572,0.1940724944350916,0.08191177025346168,0
-0.001716245857166282,-0.09882043663589607,0.18470798336663852,0.04767624315679577,0
-0.0018742463277425148,-0.09881624288289576,0.16988672456388765,0.039289625398073305,0
-0.0019036231500579735,-0.09881730788811319,0.174721676262106,0.04756699787971739,0
-0.0017085797747974064,-0.09881893355124081,0.17987303166842017,0.03939887067515169,0
-0.001576882648578283,-0.09881886347380232,0.17945527165521166,0.024796849713087734,0
-0.001331330722504679,-0.09882057056960208,0.1882294796608805,0.009027043418198087,0
-0.0014810204547787604,-0.09881862972463581,0.17659270725322765,-0.006133163007061924,0
-0.0012302114566445574,-0.09882124033976257,0.19221082994726016,0.000566379944854394,0
-0.0014042788982563598,-0.09881955163257747,0.18241109345705409,0.001446940205568082,0
-0.001317531211706556,-0.09882033719883085,0.18639244374343372,-0.007013723267775612,0
-0.0013917150226591818,-0.09882108545056442,0.18969034696029125,0.024562866769766392,0
-0.0014481768436446839,-0.09881977575975107,0.18384237565804606,0.01691194656564291,0
-0.0012594267864769599,-0.09882175574080264,0.19407745096312565,0.01667796362232157,0
-0.0011470726832016388,-0.09882226011493389,0.19798648431947669,0.00848908441638067,0
-0.0015472626732563092,-0.09882010506659764,0.18465730521408216,0.0321524828326589,0
-0.0017194639592152082,-0.09881768021308625,0.17467099810954967,0.03204323755558052,0
-0.002239142889785213,-0.09917447179141874,0.2352375608496372,0.1901715774166525,0
-0.003049005906137563,-0.0990203838227358,0.22484050709372141,0.17346268820803148,0
-0.003391896244283485,-0.09892612620673205,0.2144514370959792,0.15718941134120473,0
-0.0032620098604940074,-0.09896765262647483,0.21964597209485032,0.16532604977461812,0
-0.00217099406373229,-0.09899603411403066,0.22998812716927117,0.16469096482491813,0
-0.0024358690284647724,-0.09895320076551038,0.22479359217040007,0.15655432639150474,0
-0.00264606641169993,-0.09892135412972826,0.21967554098545863,0.14942551741024765,0
-0.0034896774104871066,-0.09887117200001434,0.20433280408867957,0.14195923770115754,0
-0.0027713394218987376,-0.09889459629986919,0.21461622448180884,0.14181043059022405,0
-0.0027719981863129056,-0.09887416845535817,0.21037151848491198,0.13360275805888644,0
-0.0032340564798500225,-0.0988419421201509,0.1963978305576233,0.1248355832953891,0
-0.0033677084194025306,-0.09885437087712665,0.20036531732315144,0.1333974104982733,0
-0.002716928494739743,-0.09885853007263971,0.20640403171938385,0.1250409308560022,0
-0.002643380770681169,-0.09884676490894861,0.20249378014863206,0.11650879076542367,0
-0.0029402122775604874,-0.09882646661396378,0.1885981739311372,0.10753726506539792,0
-0.0024930448558701307,-0.09883036348387564,0.1937548588034685,0.09910415152553796,0
-0.0025553894831946405,-0.09883787249016981,0.19859395183538903,0.10785963165042808,0
-0.003087634469135461,-0.09883294531110844,0.19249800224438024,0.11618642418039352,0
-0.000774303225920263,-0.09919672409158507,0.24507938399754084,0.1900953466556306,0
-0.0013601227690335587,-0.09911688291162811,0.24009245865145612,0.18160593328830849,0
-0.002727086413839664,-0.09908850475530756,0.2300390339716793,0.181817132812342,0
-0.0018485179837801273,-0.09905048233150225,0.2348939317734982,0.17325148868399798,0
-0.0034669542985792975,-0.09889519913730799,0.20939212059232937,0.14957432452118113,0
-0.0027067154733782127,-0.09881728108428817,0.17891573086633655,0.09025483220418404,0
-0.0024699238438512273,-0.09881329132072811,0.16923702412938907,0.07276750311499351,0
-0.002264863382823206,-0.09881831985750865,0.17923523466188626,0.07296000281811943,0
-0.0025860426347422733,-0.09881483143323254,0.1740763774978628,0.08151116765958877,0
-0.0023445044721019945,-0.0988210416246838,0.18407458803036,0.0817036673627147,0
-0.0024232051588419547,-0.09882493092304662,0.18891363727106816,0.09046293509493103,0
-0.002825223148107464,-0.09882100958831154,0.18375695239873688,0.09889604863479098,0
-0.0021891594032944313,-0.09881644683067144,0.1743968260448567,0.0643059367381775,0
-0.002262273018274693,-0.0988118864745118,0.15955835189623685,0.05527569147675834,0
-0.002116907951431732,-0.09881142748235454,0.14998346991600722,0.039026175585315695,0
-0.0021842924134022465,-0.09881158265927562,0.15477091090612205,0.04715093353103702,0
-0.0020108072063580737,-0.09881370617753303,0.15993509723994742,0.0391579004916945,0
-0.002059108916366585,-0.09881431023450825,0.16472253823006225,0.047282658437415824,0
-0.0021167575811970986,-0.09881518659283929,0.1695574899282806,0.05556003091905991,0
-0.0023611750556501547,-0.09881238098489173,0.16439768801281296,0.06402159729587592,0
-0.0018692674683831088,-0.09881455914562223,0.15970082011022915,0.025700961788181743,0
-0.0016551292280332526,-0.09881685163459838,0.16858482190401047,0.011197561953526908,0
-0.0017522998046281824,-0.0988151201462371,0.1570288438081418,-0.004011697668972677,0
-0.0015622823208062456,-0.09881776656256819,0.17258876457861905,0.0025321994732324924,0
-0.0016999942491652234,-0.09881596797723098,0.16280683285607614,0.0035929321422771155,0
-0.0016267565237321788,-0.09881686896647379,0.16681077553068474,-0.005072430338017301,0
-0.0017351764273918575,-0.09881668325818087,0.1695780458827204,0.025248905750634737,0
-0.0017576147885428673,-0.09881577986824272,0.1641428210071198,0.018449261870854328,0
-0.0016152625091456548,-0.0988177839298218,0.17402004677961108,0.01799720583330732,0
-0.0015027008283786628,-0.09881874233933059,0.17840715078244548,0.010112302685862499,0
-0.001870536893089018,-0.09881531035746212,0.1647937723370584,0.03249529359312753,0
-0.0019892412725850696,-0.09881310031927865,0.1548421450131182,0.03236356868674872,0
-0.0050859179349393374,-0.09906928411342658,0.2155675444190997,0.1909215933815534,0
-0.005297903029977845,-0.09892709408514841,0.20477687258226027,0.1746605974894983,0
-0.00514146256584062,-0.09885199723751445,0.19363051054748368,0.15864050827655884,0
-0.005247933134138102,-0.09888368685724096,0.19920369156487197,0.16665055288302857,0
-0.0043038543190682624,-0.0988915906731743,0.20404097382173142,0.1579149598088818,0
-0.0042697385074721645,-0.09893006081999318,0.20961415483911972,0.16592500441535152,0
-0.004200803223462819,-0.09897948272187654,0.21480868983799084,0.1740616428487649,0
-0.004012052300711123,-0.09904522437863757,0.22020402575641057,0.18219214079479246,0
-0.005275683440430739,-0.09898646096054167,0.21017220850067997,0.18279109543552585,0
-0.003808912680956485,-0.09912659481782166,0.22540255263436845,0.19054658539910296,0
-0.004261692768147944,-0.09886482867375042,0.19898165731808162,0.1502998729888582,0
-0.004697734102576416,-0.09881891205014395,0.18420714691698226,0.14228628945447108,0
-0.0041141238894283625,-0.0988075334157597,0.17635376719729348,0.1250202833752763,0
-0.004399903722563508,-0.09881186620875074,0.18028045705713786,0.13365328641487367,0
-0.003920742264971515,-0.09883322370226436,0.19030248873730277,0.1335609363749301,0
-0.004130150870074655,-0.09884553500324035,0.19426997550283093,0.1421227635778143,0
-0.0049275295590896365,-0.09883236835041892,0.18891882873223298,0.15046339886551496,0
-0.003705838296755299,-0.09882466832978236,0.1863757988774584,0.1249279333353327,0
-0.0034935833982402196,-0.09881887645641287,0.18247597056421533,0.11627877422033711,0
-0.0035569915458453214,-0.09880448976001965,0.1686025372902159,0.10711336151827174,0
-0.0031346686838548267,-0.09880348843771623,0.1589193902680795,0.08986771345817962,0
-0.003340524453651706,-0.09880355149214601,0.1637609637791477,0.09849053748822567,0
-0.003108764345962166,-0.09881190609810073,0.17375913407827623,0.0986840968612279,0
-0.003276815227347854,-0.09881513603277314,0.17860035561067655,0.10732531329183483,0
-0.003826198798152787,-0.09880536370367721,0.17247815224375468,0.11606682244677402,0
-0.002784837258897102,-0.09880905522946225,0.16407820719873428,0.08131760828658657,0
-0.0029450797773704455,-0.09881000512268448,0.16891756056720802,0.09006127283118183,0
-0.0027579961862866276,-0.09880480261938708,0.14924020908008037,0.07240499497247838,0
-0.0024482587120386,-0.09880663442541843,0.1395616876520134,0.054904361400809,0
-0.002594008296933144,-0.09880572177710277,0.1444009483660469,0.06365467818664369,0
-0.0023739049411684466,-0.09880899200843322,0.14956001977412514,0.055090026438783676,0
-0.0024974632476610207,-0.0988087488474235,0.1543992804881586,0.06384034322461836,0
-0.0026351462720856193,-0.09880871206116021,0.1592386166047347,0.07258624904373595,0
-0.0029385478662999863,-0.09880400260638868,0.15407979967407992,0.081136354215329,0
-0.0022754702147873324,-0.09880923054889756,0.14477257878401031,0.046965268493062345,0
-0.0021976322090529548,-0.0988082508694695,0.1289500779706949,0.03579477463769062,0
-0.0023111004245512895,-0.09880752648603762,0.13425588281135414,0.04534956801924981,0
-0.002175323511581959,-0.0988095891620447,0.13946677394335105,0.03741047511150315,0
-0.0020436852637192157,-0.09881106432119525,0.14102350884466155,0.026032646674226993,0
-0.0021233656445433925,-0.09880966209971184,0.13498679340767822,0.030913710655958805,0
-0.002076869105707469,-0.098811228536381,0.1455034893803344,0.03252941112977134,0
-0.0019692370964585087,-0.0988127068874922,0.15036216447744535,0.02586680423120437,0
-0.0018921940017052853,-0.09881323084885588,0.14927119349912837,0.013862827353399904,0
-0.0019328570234639713,-0.0988119351139079,0.13749151580859856,-0.0016579500309206584,0
-0.001815245258645482,-0.09881423362935955,0.1531500186536351,0.004925564842213613,0
-0.001906984584826639,-0.09881260340228314,0.14338135465386348,0.006102438661239623,0
-0.0018551050823734194,-0.0988134538924481,0.1472601798083702,-0.002834823849946668,0
-0.0018796101766845514,-0.09881385719923597,0.15448600680467878,0.019781894570790826,0
-0.001785267944378602,-0.09881499902295166,0.15892800770156942,0.012530194653463406,0
-0.0019654868855717225,-0.09881219828977128,0.14514735117189498,0.01994773701381345,0
-0.007611844257750788,-0.09890727699711245,0.1959260328513177,0.1922212147213933,0
-0.007215837417030972,-0.09880563680157303,0.18461780489198698,0.17610932493313336,0
-0.006514691841491458,-0.09877028756652895,0.1731415246458764,0.16008421536991363,0
-0.0057256306362348,-0.09876344630583084,0.16203876674841755,0.14376766683167566,0
-0.0046373117173404,-0.09878093647108817,0.1582780813087267,0.1245814499420067,0
-0.005148211683546142,-0.0987730550057426,0.1601584240285721,0.13417455838684117,0
-0.004878999271653271,-0.09878901367931787,0.1691962669728555,0.13439397510347598,0
-0.00440675817348491,-0.09879331801478923,0.1673159242530101,0.1248008666586415,0
-0.004069107669535844,-0.09879433233626313,0.1634403092994713,0.11584740573013921,0
-0.003948941572756032,-0.09878722052103789,0.14860106889356015,0.10700535580757671,0
-0.003360536867742805,-0.09879392062020806,0.13892200376353583,0.08953804938044824,0
-0.002870811670492993,-0.09879961568996004,0.12924344925671907,0.07204112487610076,0
-0.002836846933528675,-0.09880173377632871,0.13924182916839972,0.07222305992428957,0
-0.0031030579081266184,-0.09879694213260098,0.13408272651012745,0.0807895871282745,0
-0.003045357523042102,-0.0987999049071633,0.1440811064218081,0.0809715221764633,0
-0.0032739866286671093,-0.09879804353990165,0.14892069701580768,0.08970288141931393,0
-0.00352228124352288,-0.09879630580359548,0.1537602295808198,0.09843653463287816,0
-0.0036424967504649556,-0.09879063691317795,0.143761536328548,0.09827170259401247,0
-0.006599409451152605,-0.09897998490040189,0.2057467886352087,0.19157140405147335,0
-0.006419777747999723,-0.09891949448356227,0.200351452716789,0.1834409061054458,0
-0.0074953718434150616,-0.09884319765276026,0.19027191887165235,0.18416526982726333,0
-0.006300162809424227,-0.09886884876481024,0.19469733873712364,0.17538496121131583,0
-0.0061084280948537194,-0.0988343598083539,0.18912415771973534,0.1673749166048461,0
-0.0068756855507468295,-0.0987834077458221,0.1788796647689317,0.1680967701515235,0
-0.00587928285185948,-0.09881073999467938,0.18338601759668005,0.15936236182323624,0
-0.005553569420358183,-0.09879899190847338,0.17867433578142933,0.15118525241219236,0
-0.006121240551933829,-0.09876462011284459,0.16759014569714697,0.15192594110079466,0
-0.005263369849420359,-0.09879002443607932,0.1731229568326999,0.14302697814307336,0
-0.003784065965557673,-0.09879500690517747,0.15860180309188804,0.10705935866292422,0
-0.004281725348066399,-0.09878385313497735,0.15343957510114342,0.1157934028747917,0
-0.002649684671102367,-0.098803417926189,0.13440256845436624,0.06347274313845488,0
-0.0024764118639122494,-0.09880386841603157,0.11940950219404986,0.05426810428116046,0
-0.0026607029662204895,-0.09880194130783738,0.12432647572538447,0.06315461457863061,0
-0.002481985214146435,-0.09880491574090529,0.12948559492303163,0.05458623284098473,0
-0.002327258837647684,-0.09880624281852013,0.12417979008237238,0.04503143945942554,0
-0.0021762269629066336,-0.09880638989575899,0.10630742302368673,0.03728056647888592,0
-0.002049627603686482,-0.0988084096110337,0.11190092644120644,0.01929831262536945,0
-0.0020274172232641234,-0.0988102261193931,0.12984726651046288,0.016482990474952757,0
-0.0021208844608015015,-0.09880833125620289,0.12042550220595068,0.027546543631530033,0
-0.002051759646001171,-0.09880918038631875,0.12087409647583466,0.017890651550161105,0
-0.0020976444249580393,-0.09880941097877405,0.12939867224057888,0.026138882556321685,0
-0.0020359444531565804,-0.09881061835870732,0.13543538767756222,0.021257818574589873,0
-0.0019737381512109236,-0.09881161526211237,0.13955923000479564,0.01517290891417633,0
-0.0019722299259043313,-0.0988111623842377,0.13366939115953072,0.007412520222016049,0
-0.0020045673874550924,-0.09880957839309909,0.11796558464773248,0.0007881533092431754,0
-0.0019833146360695116,-0.09881062652429344,0.1277285502281655,-0.0004348983608387415,0
-0.0020090016779913075,-0.09880996043602035,0.12390642557909767,0.008635571892097967,0
-0.0021023388069496274,-0.09880752211775537,0.10910417473244659,0.028289439552127683,0
-0.002209518850903139,-0.09880702608643457,0.11762875049719082,0.03653767055828827,0
-0.00231751427618936,-0.098805258188038,0.1128584626088683,0.04577433538002319,0
-0.009665435965171438,-0.09872775173977652,0.1763208908223542,0.1939886762133007,0
-0.008686139942920728,-0.09868779485782218,0.1646946797040393,0.17809581059829804,0
-0.0074859445405613964,-0.09870095647588718,0.15290678739164795,0.16207787458598472,0
-0.0080787782375147,-0.0986923136241,0.15880073354784363,0.17008684259214138,0
-0.00705863101134847,-0.09873288603966332,0.1630241560187622,0.16108104497794917,0
-0.007534482114475067,-0.09873563209649054,0.16891810217495784,0.16909001298410584,0
-0.008002589293994878,-0.09874588837153779,0.17465624229801313,0.1771025677657157,0
-0.008426225951413083,-0.09876887303686796,0.1804693478571706,0.18504900057321705,0
-0.009249935698637524,-0.09869499086350962,0.17050778526319676,0.1860422434057994,0
-0.008973968810902181,-0.09879300329359707,0.18612346183683595,0.19310494546734702,0
-0.006558865832909428,-0.09873632027982221,0.15747277707003277,0.1529227707088302,0
-0.006236250676075243,-0.09872823383607722,0.14137010509022385,0.144570182936314,0
-0.004927433493651203,-0.09876217053600234,0.1382814816361566,0.12421071803875906,0
-0.0055378861800433644,-0.09874725865020446,0.13982579336319023,0.13439045048753653,0
-0.004822237923696798,-0.0987698502845923,0.14827978147244164,0.12439608399038288,0
-0.0054105362464530946,-0.0987573774546098,0.14982409319947526,0.13457581643916033,0
-0.006032895612675304,-0.0987432155870451,0.1517044359193207,0.14416892488399483,0
-0.00684430083308345,-0.0987143589678805,0.14713844624093592,0.15332402876114937,0
-0.004417576743537585,-0.09877591842652335,0.1434412752648584,0.11560803692316789,0
-0.004076574225314455,-0.09877826089780284,0.12860352698575148,0.10668525166860854,0
-0.004045079370970719,-0.09878159449747989,0.1386022979396558,0.10684530373809262,0
-0.004483270273817045,-0.09877073848695254,0.13344250431095406,0.1154479848536838,0
-0.003704357028749511,-0.09878673048224568,0.13376276537464366,0.09811165052452839,0
-0.0033723217616445957,-0.09879016527360665,0.11892511541122311,0.08918260033463433,0
-0.0028038465880424646,-0.09879836171680821,0.10924674694050245,0.07167618106689427,0
-0.0023625991546914133,-0.09880353788111298,0.09893867244853256,0.054666604104956794,0
-0.0024398190331289095,-0.09880336972681605,0.10917408732129122,0.05446735419305863,0
-0.00256961676152392,-0.09880124887957713,0.1040927096945175,0.06317139258592554,0
-0.002632799656206364,-0.09880125203302734,0.11432812456727615,0.06297214267402737,0
-0.0028596539111184556,-0.09879849692311722,0.11924509809861075,0.07185865297149752,0
-0.0030717547030622685,-0.09879468226081102,0.11408593117586277,0.0804293907007643,0
-0.003111843013690947,-0.09879519600137704,0.12408428233397109,0.08061186260536754,0
-0.003393130961441412,-0.09879127918438012,0.12892355958737947,0.08936032485754128,0
-0.0037068244217529664,-0.09878471779767015,0.12376432119848729,0.09793392600162143,0
-0.00226090875289436,-0.09880505790031383,0.10262304773610964,0.04597358529192136,0
-0.002064418593653549,-0.09880625748127286,0.08901610607508804,0.04095799644810036,0
-0.001926232641675887,-0.09880779298859993,0.08990194614178998,0.022261206394793523,0
-0.0019814297821590765,-0.09880716037183547,0.089459026108439,0.03160960142144694,0
-0.0021339493980798347,-0.09880614494451351,0.09766176454938738,0.03911928146349314,0
-0.002048284205967379,-0.09880715919187685,0.09810468458273836,0.02977088643683972,0
-0.0020086011564171237,-0.09880788019851824,0.10090143629149821,0.020779759510081486,0
-0.0019534855582589725,-0.09880839786009624,0.09843334570135732,0.00318214774841095,0
-0.0019309912584409257,-0.09880816933493455,0.09416764592157364,0.012721677071602237,0
-0.001994476307944349,-0.09880847986873433,0.10516713607128189,0.0112402301868902,0
-0.0019949968415491556,-0.09880882908249246,0.1081994651745449,0.0019851505288270626,0
-0.0020169430758964313,-0.09880909933343714,0.11493325554446945,0.010043232967306312,0
-0.0022060617396549706,-0.09880504631115462,0.0939773892618103,0.04781230027652858,0
-0.011130250834821262,-0.09857335914100596,0.1567512396874989,0.1961150489967212,0
-0.009616633003670506,-0.09860114807778607,0.14496587776166636,0.18028359249053494,0
-0.007995136362567903,-0.09865997117077835,0.13298580652404302,0.16432563845162063,0
-0.006658388923794515,-0.09870592470841993,0.12108701001483457,0.14969183494454089,0
-0.0073109215585721084,-0.09868385496711116,0.1270364082694388,0.15700873669808074,0
-0.006498235070624488,-0.09871405510937462,0.1312285575525292,0.14713100894042744,0
-0.007070493574829476,-0.09869782915425948,0.13717795580713343,0.1544479106939673,0
-0.007802291973733337,-0.09867609617816711,0.1429462969578455,0.16320175651880267,0
-0.008782184478760207,-0.09863155175441005,0.1389758421428547,0.17230461547107778,0
-0.00849428218282121,-0.0986572401322834,0.14893633257665717,0.17118073353825983,0
-0.009208452672051046,-0.09864084241380915,0.15483027873285282,0.1791897015444165,0
-0.010436315891503317,-0.09857667350567692,0.15085855872458265,0.18819932074362805,0
-0.009915396699603167,-0.09863089749046623,0.1607229596957691,0.1871054297975096,0
-0.010794984469218385,-0.09861063799761707,0.16653606525492654,0.19505186260501095,0
-0.005644477988777081,-0.09873912351479318,0.1274345515861438,0.13526315799547114,0
-0.005285783869602159,-0.09875085841682327,0.1328580166111502,0.1297369380171151,0
-0.005953056959156278,-0.09873263682703844,0.13440232833818383,0.13991667046589257,0
-0.006134219348460121,-0.09872359980354752,0.12426078080048919,0.14247749647000602,0
-0.004876503761504753,-0.09875816469613131,0.11829376513920206,0.12335939034154901,0
-0.004464667229122981,-0.09876876955841098,0.12344864606247677,0.11502232100507878,0
-0.004940338790361501,-0.09875838453663972,0.12828762338767935,0.12378505419015404,0
-0.005251702908967133,-0.09874905090181542,0.12286415836267293,0.12931127416851007,0
-0.003947027940358272,-0.09877857739532482,0.1086067316228507,0.10632551202498443,0
-0.003651278201393051,-0.09878458189179143,0.1137659235170369,0.09775405617980938,0
-0.0040430836181825636,-0.09877729302834407,0.11860512930430109,0.10650538184679648,0
-0.004389027095123691,-0.09876937122566425,0.11345024838102638,0.11484245118326672,0
-0.0031745752489944,-0.09879226798057843,0.09892845598106564,0.08881626847663304,0
-0.0025653918416132858,-0.09880067379184841,0.08914551868164829,0.07148091142366528,0
-0.0024602281099123193,-0.09880206332165291,0.09404209556509043,0.06307375776431104,0
-0.0027058805135659397,-0.09879911585151926,0.09919613281107537,0.07157854624527978,0
-0.002851642079547648,-0.09879700355988887,0.09403698733135696,0.08014858995014916,0
-0.0029839482579933933,-0.09879533534575957,0.10408760146078405,0.08024622477176366,0
-0.003298847897361219,-0.09879053962009547,0.10892678569614438,0.08899943440563368,0
-0.0035392840181444393,-0.09878620400333255,0.10376759380195817,0.09757089025080873,0
-0.002099160036748411,-0.09880550938485705,0.07957368361671324,0.054343680563998124,0
-0.0017461369270449685,-0.09880814184850782,0.07035880263916648,0.03623795307322845,0
-0.0019158822523268261,-0.09880714809529387,0.07968745435712726,0.0385979747606644,0
-0.0018495677877974897,-0.09880777017127214,0.08013037439047824,0.029249579734010985,0
-0.0016602548873014154,-0.09880874781446312,0.07036463488590354,0.018860506002732914,0
-0.0016920514284999963,-0.09880851389605962,0.07036171876253501,0.027549229537980682,0
-0.0018064699178731722,-0.09880817768022837,0.08013329051384677,0.020560856198763217,0
-0.0017728097940201614,-0.09880847078635098,0.0788785398298536,0.005382116348424275,0
-0.0018793894447387293,-0.09880828656724873,0.08865594276560546,0.004282132048417613,0
-0.0018397335840108163,-0.09880823521797967,0.08439024298582179,0.013821661371608899,0
-0.0017140319241343701,-0.09880861565839934,0.07462158735787858,0.012121311175578594,0
-0.002316787763485651,-0.09880343569425726,0.08435960114918076,0.0629122959938317,0
-0.0022475150689145545,-0.09880431200782137,0.0892561780326229,0.05450514233447746,0
-0.0020817687579213822,-0.09880581206450632,0.08429489484590064,0.047650838506049245,0
-0.0019079251480423583,-0.09880705257509213,0.07496624312793987,0.045290816818613286,0
-0.011927869648183887,-0.09848002610501128,0.1372078753933555,0.1984719233079192,0
-0.009990836768654844,-0.09856410708342256,0.1254090034329299,0.18277410832163307,0
-0.008088003683309638,-0.09865330931586243,0.11376105387123828,0.1672635061061341,0
-0.009002788673407636,-0.09861241301370481,0.11958502865208409,0.17501880721388358,0
-0.008946196777620251,-0.09861669335093667,0.12919740497848647,0.17354987338662686,0
-0.008101505061778466,-0.09865180335623638,0.12337343019764065,0.16579457227887737,0
-0.007346590100190187,-0.09868130297130784,0.11742403194303642,0.1584776705253375,0
-0.006497280743101566,-0.09871558816239775,0.10142187414041642,0.15258615421315985,0
-0.007266716844717488,-0.09868695859145929,0.10759146400582735,0.15992483015964698,0
-0.006629279462098175,-0.09870741935377393,0.1112544420776255,0.15113899457885038,0
-0.005560994659751795,-0.09874017842115787,0.10899159681453549,0.13672422073973364,0
-0.004520540226773432,-0.09876755559582101,0.09845328921769028,0.12226402716695786,0
-0.0035771635149224454,-0.09878690311869015,0.08861011000296776,0.10595739514489352,0
-0.0027838154380337952,-0.09879890139268263,0.07893188708763689,0.08844677854738739,0
-0.003156642587623206,-0.09879374914875687,0.08377099854530232,0.09720208684614046,0
-0.0030018664970055922,-0.09879514394127689,0.08893017153435126,0.08863152351201022,0
-0.003373355243837545,-0.09878936083317114,0.0937692829920167,0.09738683181076328,0
-0.0037905429018434246,-0.09878189795894292,0.09860842081290923,0.10614145358493898,0
-0.004230298629375613,-0.09877293793563098,0.10353001042027049,0.11429476959597115,0
-0.004732684008639933,-0.09876146080075197,0.10837352717844617,0.12281170875425343,0
-0.005215475998577465,-0.09874920291216381,0.11364268097686878,0.13004180554064132,0
-0.005021146278706959,-0.09875509036486046,0.10372244301611289,0.12949412395334575,0
-0.011964119517150238,-0.09847562876248657,0.14697955754042719,0.1972934861523202,0
-0.010799810390616687,-0.09853777587921943,0.14108687657751093,0.18937775789922706,0
-0.01100934611379349,-0.09851473620580697,0.13130843941314269,0.19062301581477614,0
-0.009862125361008216,-0.09857749478918072,0.13518744059729815,0.18152885040608402,0
-0.0056405540477288815,-0.09873761974707307,0.11821307420033965,0.1359936893676024,0
-0.006098390303729361,-0.09872390649471167,0.11503930341468503,0.14320802784213726,0
-0.006017230097506887,-0.09872812050498514,0.10520673547747596,0.14465518747644673,0
-0.004024841455568112,-0.0987783743617148,0.09353169961032902,0.11411071115592569,0
-0.002673821704072775,-0.09879955126018918,0.08403870288464259,0.07996384498552633,0
-0.0021651969638444937,-0.09880548393461382,0.06925366913523703,0.07093600591232745,0
-0.0024546336863339987,-0.09880271456359646,0.07409277811143697,0.07969139222985741,0
-0.0023832145078581256,-0.09880287700368956,0.07919959390844267,0.07120845866799635,0
-0.002132474769934143,-0.0988052981192533,0.07441367637597514,0.06263984323816278,0
-0.0017010078549256331,-0.09880878056709828,0.05963169226371465,0.05424445901290318,0
-0.0019183136818461757,-0.0988074187813528,0.06444268069947584,0.06259023246261532,0
-0.0019153877243370558,-0.09880704795842545,0.06960268794021394,0.05429406978845065,0
-0.0017225701986662409,-0.09880831242124695,0.06499524745144056,0.045241206043065814,0
-0.001305906492725545,-0.09881060876180477,0.0479703147976083,0.03949353262132623,0
-0.0013580563209341912,-0.09881000238934737,0.05339383875613064,0.02316540149989942,0
-0.0013270031789122852,-0.0988102568246644,0.05068207677686947,0.03132946706061283,0
-0.0015443282503763292,-0.09880928231572138,0.05916455871838739,0.03786574284727734,0
-0.0015510548931015266,-0.09880917605417466,0.06187632069764856,0.029701677286563935,0
-0.0015196712268378343,-0.09880931387484847,0.06187923682101709,0.021012953751316166,0
-0.0014658065167348587,-0.09880953877406694,0.05929008118635552,0.0072559180060439285,0
-0.0014056718581032712,-0.09880977375333053,0.05634195997124308,0.015210659752971674,0
-0.0015610103715727832,-0.09880916790776746,0.06482735803612953,0.013058212004388422,0
-0.0016344681558463294,-0.0988089093214927,0.06908431050810457,0.006319017177234102,0
-0.0014946495084917242,-0.09880985805614777,0.05380100353066147,0.046868995817114706,0
-0.012017474053823871,-0.09846913188077493,0.1176755593694548,0.2009191173322832,0
-0.01242214166685662,-0.0984189006867903,0.12744171738140514,0.1996955203201012,0
-0.01105091021001992,-0.09851000527918108,0.12154228140119236,0.19184661282695814,0
-0.00979264703462301,-0.09858501973187994,0.10578084290090724,0.18550201043017842,0
-0.009950095848493778,-0.09856913204713903,0.11559492316691858,0.18413805937590574,0
-0.00891026220927687,-0.09862092973422659,0.10977094838607276,0.17638275826815625,0
-0.0076976014478873835,-0.09868484366582309,0.09441314220087044,0.17016246236930085,0
-0.005852340731652822,-0.09875623940156637,0.07877767943153621,0.15654896804902682,0
-0.006747791780294067,-0.09872432831159965,0.08659541081620332,0.16335571520916384,0
-0.006242057889873261,-0.09873217179910203,0.09009977678597632,0.15456756113109332,0
-0.007080398431021499,-0.09870025249768491,0.09791750817064343,0.16137430829123034,0
-0.007953328462440777,-0.09866437255750866,0.10408709803605436,0.16871298423771747,0
-0.008697771754356279,-0.09864051105459047,0.10009699255088883,0.17783223639973963,0
-0.01094346237277711,-0.09852298608129524,0.11172820113518102,0.1932105638812308,0
-0.005152461475802684,-0.09875824955018861,0.08886194015102533,0.13867696475959915,0
-0.005802276552040427,-0.09873895121362855,0.09514190714572088,0.1456315594863795,0
-0.005504948165773968,-0.09875561113768587,0.08381980979128077,0.14761296640431298,0
-0.005400283519711687,-0.0987471179673602,0.09892676848278041,0.1377005927496664,0
-0.004834452558395645,-0.09876235836699002,0.0936576146843578,0.1304704959632785,0
-0.003983385771162488,-0.09878506713565458,0.07829172131068199,0.1230984227493142,0
-0.004285672927360543,-0.09877524455414664,0.08837250526418614,0.12268122495813603,0
-0.004539471925754398,-0.09877337935205523,0.08357683073085366,0.1308876937544567,0
-0.0037820834301157463,-0.09878529480704597,0.08345091565682487,0.11452790894710387,0
-0.0029957705714746554,-0.09880024393085829,0.06861354280131995,0.10558742494144537,0
-0.002892956943913706,-0.09879900678926498,0.07377271494447843,0.09701710174441638,0
-0.0033106773014800134,-0.09879317921864206,0.07861182640214386,0.10577241004316945,0
-0.003459460321276542,-0.09879387750034169,0.07345263205600097,0.11434292384537978,0
-0.002226994442326181,-0.09880780811823134,0.05893536398362263,0.08807653187909129,0
-0.0016472167901854624,-0.0988109810590502,0.04968601046534684,0.0705310582138328,0
-0.0019175405224621902,-0.0988097552930618,0.05431068722448473,0.07930379504646204,0
-0.0019201768684442972,-0.09880823500897852,0.05946983980029194,0.07073353206308013,0
-0.0016768718595353074,-0.09880961969167555,0.05465885136453075,0.062387758613368,0
-0.0012201751812260203,-0.09881229494178398,0.04009648272361918,0.056047049615827765,0
-0.000903556117354655,-0.09881256907089302,0.031635190610551187,0.04222934715865869,0
-0.001054383863935903,-0.09881249198820218,0.035865836667085184,0.04913819838724323,0
-0.0011124568425199776,-0.09881160625584469,0.03980275270407974,0.04086143988999246,0
-0.000873117867154907,-0.09881185816404248,0.03228974921035937,0.026572509083140877,0
-0.0010867644368223349,-0.0988113398493929,0.04013003200398384,0.03303302085223356,0
-0.001128142125174304,-0.09881094304877881,0.042841793983245,0.024868955291520146,0
-0.0010478813841448657,-0.09881105211256545,0.03966474948079067,0.00868879603290653,0
-0.0009551126640315613,-0.09881140318681704,0.035977249345575016,0.017630652558023704,0
-0.0012006788512819026,-0.09881055700760179,0.04652929411846066,0.015927098766402976,0
-0.0012692338641160158,-0.09881028200904161,0.049477415333573097,0.00797235701947523,0
-0.0021995274531290327,-0.0988062275284326,0.06409451655942983,0.07950626889570936,0
-0.0025241069448151796,-0.09880323222934359,0.06893362553562976,0.08826165521323934,0
-0.00258671700478331,-0.09880473501165853,0.06377445339247129,0.09683197841026833,0
-0.001473569298767306,-0.09881053982808208,0.049864087493666914,0.05514575431436547,0
-0.0014226836198051474,-0.09881180887894075,0.044891246594483014,0.06328905391483028,0
-0.0012624840776849144,-0.09881129671429065,0.04403339876061374,0.047770291118577,0
-0.0008837158919129274,-0.09881215124391587,0.031962469910455274,0.03440092812089979,0
-0.011394742607279254,-0.09854313500646122,0.09813655032930213,0.2033120093872453,0
-0.008979822101344879,-0.0986655789410027,0.08528958990346,0.1885809392404247,0
-0.006425893363730235,-0.09878037067026772,0.06733290443142366,0.17488997727663547,0
-0.007174757950950863,-0.09872613359757935,0.08087302331614704,0.17252621982296817,0
-0.008331157919194242,-0.09867300719595365,0.08985136605216522,0.17937170080486278,0
-0.007659953580068074,-0.09873065357700361,0.07631124716744184,0.1817354582585301,0
-0.012146733995241025,-0.09845327048522358,0.10790605484937846,0.20211556335976427,0
-0.010654445722022744,-0.0985542799478725,0.10195869661510468,0.19440700990871185,0
-0.010221305931401572,-0.09860263172118908,0.09171307011638107,0.195946474313835,0
-0.009448499480023572,-0.0986203851276247,0.09553521640218363,0.18704147483530156,0
-0.006158628385705765,-0.0987640237282439,0.07305529193147994,0.16571947266283116,0
-0.004609332807132436,-0.09881436439085638,0.05766053243085917,0.1570698289886121,0
-0.004351642718821462,-0.09879167420851942,0.06797329236497239,0.1402388956706835,0
-0.004793617125423001,-0.09877370783343929,0.07841761625799887,0.13945793021514133,0
-0.005061315294846679,-0.09877673374590462,0.0733754858982543,0.14839393185985517,0
-0.004496732303313699,-0.09880043248627997,0.06281691239791579,0.1486543623296478,0
-0.005273158871189588,-0.09878484056335843,0.06821910593119769,0.15680939851881948,0
-0.005460363958096814,-0.09880094776786687,0.062496718431141414,0.16597990313262379,0
-0.004175442245722665,-0.09878690180424124,0.07313250683782718,0.13166865920999887,0
-0.0031613482962632583,-0.09880805644007523,0.05829514789376025,0.12272803966508787,0
-0.0022418754886816463,-0.09881472805083233,0.04861700272006703,0.10521716896970514,0
-0.002637613872514929,-0.0988075931245475,0.05861527276069349,0.10540229695557525,0
-0.002242855724511334,-0.09881052594485527,0.053776183351844836,0.09664685042439822,0
-0.0014680952827192595,-0.09881749335912174,0.036631619504374435,0.08868993543586044,0
-0.001098676775077577,-0.09881529239381205,0.032068572321681456,0.07015306559171718,0
-0.0006243806005722959,-0.09881532461959604,0.019730064873577938,0.05787031494600963,0
-0.0007703646616228862,-0.09881378437869823,0.025682627742064562,0.05004983105233416,0
-0.0009320117820323301,-0.09881396502099317,0.02991327379859856,0.0569586822809187,0
-0.0008524453836400115,-0.09881545981860887,0.025899318597629697,0.0640116902688634,0
-0.0011627477832706345,-0.09881359393220479,0.036082527522650315,0.06310005760377246,0
-0.0013810054395202143,-0.09881328304818661,0.04087729139351415,0.07034206190277499,0
-0.0015707520940849437,-0.09881362795200564,0.04315881498486064,0.07961049682484662,0
-0.001866238560789111,-0.09881285461932242,0.047783491743998534,0.08838323365747586,0
-0.0018309977256770714,-0.09881667898709054,0.04262431111222073,0.09695355220278279,0
-0.003087185643566447,-0.09880307212324572,0.0634543453475401,0.11415773230326662,0
-0.002671280139731069,-0.09881225374713085,0.05345607530691364,0.1139726043173965,0
-0.0035976417645568713,-0.09879640805772263,0.06829343460222112,0.12291323120720105,0
-0.003719026103813457,-0.09880147342184077,0.06313422012936631,0.13148346766788568,0
-0.00126874860198471,-0.09881631496968027,0.03435009591302794,0.07942150051378881,0
-0.0004582561719478479,-0.0988135445050006,0.016091668825293014,0.03853344236461177,0
-0.000682535473461603,-0.0988131613866061,0.023863429717922102,0.04038139476163523,0
-0.0005343242623311343,-0.09881429446464995,0.017910866849435478,0.0482018786553107,0
-0.000671759597410444,-0.09881267961415716,0.02419070901782619,0.032552975723876325,0
-0.00039815843076909375,-0.09881282527355051,0.014572476910042877,0.023898875966187314,0
-0.0005467716749596749,-0.0988123386454216,0.0200081219046807,0.009591131660559124,0
-0.0008054886701706026,-0.09881176478029183,0.029836435692735683,0.009139963846732827,0
-0.0007065600749871961,-0.0988120877404439,0.026148935557520035,0.01808182037185,0
-0.00047034262453114225,-0.09881252996168859,0.01729029940736179,0.016745003813373217,0
-0.0006398336401446813,-0.09881243075187401,0.023431113060201122,0.025235692524664094,0
-0.00042558387832788405,-0.09881311593926156,0.015332072867667947,0.03121615916539954,0
-0.010092385168564285,-0.09868502103965483,0.07857462076905876,0.2055086350173741,0
-0.011151081702647673,-0.09857100482823854,0.08835558554918044,0.2044103222023097,0
-0.009601675473933716,-0.09866437452131532,0.08193210533625939,0.1970447871288994,0
-0.007987104694797189,-0.09876789175434338,0.06788658963725706,0.19309536850486334,0
-0.005796216313847885,-0.09888351069582303,0.04925698623330477,0.18912047490249118,0
-0.004598164654079091,-0.0988535610457614,0.048527469123958396,0.17006206812278216,0
-0.005161940312935575,-0.0988667553048851,0.04889222767863158,0.17959127151263665,0
-0.005520577815553566,-0.09882006539863118,0.05793018677769103,0.1724760226997088,0
-0.006190842625659345,-0.09882445805515747,0.05829494533236421,0.18200522608956332,0
-0.006894621611773919,-0.09883082672174602,0.058571787935280915,0.19110792170367724,0
-0.007162816340442365,-0.09877472696844052,0.06760974703434036,0.1839926728907494,0
-0.008527360616601802,-0.09871404829491492,0.07658808977035853,0.19083815387264402,0
-0.00906390299999119,-0.09872608429342197,0.07323060520315791,0.19930200176111873,0
-0.004623607072852793,-0.09883139536215893,0.05309400077740878,0.16356594855569712,0
-0.003173006491121267,-0.0988632157836375,0.03823608423570529,0.15671668002105052,0
-0.0032303046387541596,-0.09882732613596903,0.04797670328093296,0.1398684294071553,0
-0.003875392360455671,-0.09882270711000726,0.05281861785589606,0.1484691291978837,0
-0.003914485378516186,-0.09884020108072192,0.04794830833328223,0.15689325450483133,0
-0.003223568923345973,-0.09884262437766247,0.04310639375831912,0.1482925547141029,0
-0.003816503847210411,-0.09880992692419983,0.05797499782295268,0.1400536625389194,0
-0.0032115719364751317,-0.09881587315536079,0.0531359255873466,0.13129823453612158,0
-0.002204159077325474,-0.09882884995375986,0.03892597618617864,0.12260655128730263,0
-0.002682269627418148,-0.0988288872668451,0.043451339733555805,0.13123749034722898,0
-0.0027005549683130903,-0.09881895220800396,0.04861056203996945,0.12266729547619526,0
-0.0022357221042934175,-0.09882060831161375,0.04377148945312284,0.11391186012850388,0
-0.0015664683813639128,-0.09882567752062962,0.0323083787801839,0.10706907896496466,0
-0.0007985540534711261,-0.09882807771738919,0.01752078474042315,0.09972470357743073,0
-0.000661676916168405,-0.09882024933019111,0.017537126045833573,0.0799690629537319,0
-0.0011600008142040232,-0.09882264697578913,0.027076202122398793,0.09420731950664558,0
-0.000724700595787868,-0.09882361833176163,0.017528955393128362,0.08984688326558132,0
-0.0010560975713346428,-0.09881947053259972,0.027084372775104004,0.08432949919479618,0
-0.0008928741629467751,-0.09881769172615439,0.024802849183757514,0.07506106427272455,0
-0.0006403073618249941,-0.09881736690518357,0.018633595459705755,0.06891968894987077,0
-2.5351696111321234e-19,-0.0988188496618547,0.0002334111370453746,0.0699353695519609,0
-0.0003283442466943861,-0.09881721390161814,0.009981738005311656,0.06390284224898526,0
-0.0003188346689333399,-0.09881977683986609,0.008885268591439474,0.0749522162528464,0
-0.003848703055764114,-0.09886037887416904,0.04338177667983184,0.16338937407191634,0
-0.0019169108203998765,-0.0988204004992199,0.04046269075012547,0.1061431239673349,0
-0.0015166361621355405,-0.09882095430592344,0.03446999914227917,0.09787950720041255,0
-0.0011732924505916905,-0.09882745832063759,0.024914581760303527,0.1033968912711977,0
-0.001864984775408233,-0.09882737912621774,0.03561717748318127,0.11483781512613364,0
-1.9066711642694312e-19,-0.09881521423742859,0.0002667555851949112,0.049925616693203605,0
-0.00023625710035355478,-0.09881441891045789,0.008179212205243962,0.044229529528907685,0
-0.0003067229984783069,-0.09881546671291885,0.009998410229386424,0.05389796581960662,0
1.7072515412136086e-20,-0.09881668947941849,0.0002500833611201429,0.05993049312258225,0
-1.515341942637944e-19,-0.09881340169059938,0.0003001000333443396,0.02991569512729552,0
-1.3552527156068802e-21,-0.09881409734535232,0.00028342780926962543,0.03992065591024956,0
-0.00022678836408095891,-0.09881354184076531,0.008195884429318677,0.03422456874595364,0
-0.00020096990565654114,-0.0988131727364464,0.007436288471693608,0.02690728554674142,0
-2.1552753342885657e-19,-0.09881285365751445,0.0003334431824615386,0.009905481958579895,0
-0.000199375875317762,-0.09881284084868917,0.007452960046252208,0.016902178962383604,0
3.285974020325519e-21,-0.09881298249642337,0.0003167716079029391,0.01991058854293771,0
-0.0002764080931310538,-0.09881271404062315,0.010170782543571118,0.00974830680956951,0
-0.008185420750899912,-0.09886146116216636,0.05897878113556556,0.2073769316422593,0
-0.005816576556387771,-0.09902907175749684,0.03934595430376511,0.2088023656195966,0
-0.007228913107236689,-0.09893600169440737,0.04916236771966534,0.20808964863092794,0
-0.006967825736072486,-0.09887338094753122,0.05411788368443517,0.19824870327237523,0
-0.0058775780860258605,-0.09894340882847377,0.04430147026853494,0.1989614202610439,0
-0.004420040574708465,-0.09898792086220635,0.03419723013631272,0.1953656697807761,0
-0.0033370701520397117,-0.09892224828761069,0.0320090232280708,0.1760081655800025,0
-0.003845803005567713,-0.09895151495045144,0.03310312668219176,0.1856869176803893,0
-0.005154364934331954,-0.09893481240286425,0.041727108184808744,0.19224307234163363,0
-0.004506406328332453,-0.09890993467730913,0.04063300473068779,0.18256432024124686,0
-0.004009570280143655,-0.09888765873840923,0.0402682461760146,0.17303511685139233,0
-0.003268127964150447,-0.09888842784737727,0.03512255373188805,0.16636242280052652,0
-0.0015114652381855655,-0.09890230267146781,0.017478458490263443,0.15834006244586685,0
-0.002001274763682338,-0.09885506362019188,0.02877934994986278,0.13984517045873174,0
-0.0025459866044526074,-0.09885979698413339,0.03350771709278404,0.14828092523989111,0
-0.002366809179046624,-0.09888531730875436,0.027857271362984368,0.1575283712334587,0
-0.0017947767111310341,-0.09887587868681494,0.023128904220063112,0.1490926164522993,0
-0.009484077833032175,-0.09874533854134439,0.06877670095231216,0.2064427833298167,0
-0.008169291460101391,-0.09880321034464729,0.06343268538641131,0.20023615007356133,0
-0.005098148479900039,-0.09900770103752964,0.036771592220038916,0.20208401770018636,0
-0.0026324705920787545,-0.09884241348248171,0.03837802661539787,0.13985679993294353,0
-0.0021245761604954836,-0.09884019631636476,0.03385266306802071,0.13122586087301719,0
-0.0010502979328564923,-0.09884291493733655,0.018378468497290842,0.12125857347210481,0
-0.001635265228889519,-0.09883715334998533,0.028652222341734743,0.12193256237970372,0
-0.0014867595574016611,-0.09884907576667532,0.023578909223576812,0.1305518719654183,0
-0.0023525106888340436,-0.09891451486218379,0.024743740859167123,0.1671741140129347,0
-0.0013353041020747025,-0.09883359584509041,0.025343423638737372,0.11416382621853474,0
-0.0009143454624194935,-0.09883441498477395,0.017949626618856997,0.11049163852476776,0
-2.9214166350800826e-19,-0.0988373723607568,0.0001667222407464953,0.10995445524323451,0
-0.0004974145867857879,-0.0988408646012793,0.00927259536901867,0.11560651435766967,0
-0.00042294213980459655,-0.09883309093200092,0.008843753490584824,0.10483957941033262,0
-3.0289898193813763e-19,-0.09882555778471552,0.0002000666888959734,0.08994497436661583,0
-0.0003825880546928373,-0.09882720334658116,0.008860425714659562,0.09483483897202327,0
-0.00034806888126981346,-0.098823132415826,0.008868596367364773,0.08495701866017387,0
-7.821954289150972e-20,-0.09882167788634866,0.000216738912970674,0.07994017195928838,0
-2.4918926620878654e-21,-0.09883058931260387,0.00018339446482123437,0.09994971480492518,0
-0.0033374874790067636,-0.09914358674828766,0.01968189381931244,0.2096956954280177,0
-0.002648278373136989,-0.09899851947052202,0.022022991055534485,0.187701856137708,0
-0.0035119928326858073,-0.09899658042577449,0.028110110595923603,0.19153376295924207,0
-0.00302676855173288,-0.09895783271405058,0.027016007141802644,0.18185501085885525,0
-0.00149402501373509,-0.09895787089092406,0.014343848706276228,0.17475053767296736,0
-0.002035306023837819,-0.09897783456100981,0.018183419880905355,0.1812261969053377,0
-0.0024211451393933263,-0.09894374994423541,0.023176435967173517,0.17537935162648494,0
-0.0015103578194616267,-0.09892723438574379,0.015911153598269834,0.1665453000594171,0
-7.528428835196219e-19,-0.0989493799307576,6.668889629864687e-05,0.16998217799839113,0
-3.954796830730325e-19,-0.09889238241793612,0.0001000333444479161,0.14997304816958346,0
-1.151964808265849e-19,-0.09891706830818106,8.336112037328148e-05,0.15997761308398728,0
-0.0007244758012989025,-0.09889922662050969,0.00878924591735568,0.15415655530772515,0
-0.0008101554398335741,-0.09892710126680097,0.008772573693281044,0.16416112022212898,0
-0.0007294842258232015,-0.09895577604645564,0.007205268801287437,0.17236635783567925,0
-0.004483111090201622,-0.0990983921713196,0.029513924061538778,0.20924903052380717,0
-0.003844466827535843,-0.09906385658871247,0.02693956197781258,0.20253068260439688,0
-0.0028557367807522686,-0.09906424756848398,0.020852442437423464,0.19869877578286285,0
-0.0008753840525889817,-0.0988692889665799,0.012444547568952045,0.13995937948360804,0
-0.001445341989931071,-0.09886345905456957,0.020611948759407413,0.1399022749711699,0
-0.001166891676350475,-0.09888422735792746,0.014961503029607744,0.14914972096473744,0
-0.0004639267044199463,-0.09888109135567257,0.006272290456699981,0.14496621382659575,0
-3.0865880597946693e-19,-0.0988576046623438,0.0001333777925972035,0.12996380586765185,0
-5.421010862427503e-21,-0.09884615930021605,0.0001500500166718494,0.11995913055544319,0
-0.0005536538559156399,-0.09885115338400187,0.009255923144944023,0.12561118966987833,0
-0.00041526811506194657,-0.09886370459203975,0.0062889626807746245,0.13496159267562996,0
-0.0009766042489414658,-0.0988544881504749,0.015411508033121444,0.1306089764778564,0
-0.0015378963680774379,-0.09908454570025586,0.011954383086774259,0.1977507186111597,0
-0.002323687074110074,-0.099115926011225,0.01581813845304335,0.20372320701958868,0
-0.00214732014783717,-0.09903967125362033,0.016988687071154373,0.19272628737443387,0
-9.893344823930232e-19,-0.09904153630750195,3.334444814934153e-05,0.18999116877518218,0
-0.0008138114836150452,-0.09899918124486912,0.007188596577212785,0.18237085322407476,0
-0.0013396622796230861,-0.09902907614983207,0.011028167751841914,0.1888465124564451,0
-0.0007658356416230158,-0.09906613461396653,0.0059938637674618,0.19387094369317093,0
-0.00213486750942851,-0.09917677125569724,1.12844616532479e-24,0.21,0
-0.0011407820638489818,-0.099134177266016,0.005977191543387129,0.20387535930557985,0
-0.0012329326591435134,-0.099192083822479,0.00984094690965622,0.20984784771400883,0
-1.3923104070492562e-20,-0.09899035094749661,5.00166722239942e-05,0.17998667338678664,0
1.8340910286015762e-20,-0.09887266255720495,0.0001167055685225598,0.13996842701861767,0
1.8973538018496328e-19,-0.09911104838884482,1.6672224074670764e-05,0.19999558438759107,0
