"f:0","f:1",":0",":1",":2"
0.0002754963222833079,-0.09881299569290798,0.9901624645750051,0.0097957525764484,0
0.0005454636037051408,-0.09881261697344619,0.9803249291500102,0.009643700926654824,0
2.344587197999902e-19,-0.09881313629152849,1.0,0.009947804226241976,0
0.0004024977470689577,-0.09881310979257948,0.9855626044624849,0.02420581210666885,0
0.00020135630472927944,-0.09881312396244465,0.9927813022312424,0.017076808166455414,0
0.00047184260051868663,-0.09881280796056553,0.9829437668062475,0.016924756516661837,0
0.0008279758578692,-0.0988122513594806,0.9697230632061629,0.0262259402158596,0
0.0005405555441166173,-0.09881385499752156,0.9814672185511382,0.040938962355049326,0
0.0006871310405789195,-0.09881297146723637,0.9755951408786505,0.033582451285454465,0
0.0004672815242528663,-0.09881340098144567,0.9835149115068116,0.03257238723085909,0
1.9795159977332974e-19,-0.09881368797565104,1.0,0.02995344548105126,0
0.0002664903195625584,-0.09881387024676995,0.9907336092755691,0.03544620391805029,0
0.00020324465875747505,-0.09881346188057209,0.9927813022312424,0.027079628793860056,0
6.43745039913269e-21,-0.09881326620854154,1.0,0.01995062485364662,0
0.0010466623263143916,-0.09881131563190929,0.9606676514296666,0.008750949067607691,0
0.0009331701687429442,-0.09881173248754865,0.9651953573179147,0.017488444641733644,0
0.0008041568401049632,-0.09881203674024414,0.9704962902898384,0.009197324997131258,0
0.0006832373276379094,-0.09881241142999278,0.9750239961780865,0.017934820571257212,0
0.0006185388705643543,-0.09881275226600725,0.9776428338343239,0.025215876161264226,0
0.0011386477200611383,-0.09881178015494833,0.9595136593191201,0.04130943051833404,0
0.0008481856734067235,-0.0988129676464949,0.9704904389351292,0.041124196436691685,0
0.000976886670811933,-0.09881206078051726,0.9646183612626416,0.03376768536709682,0
0.0013073667928668,-0.09881048623834181,0.9495121624179084,0.025133545660152575,0
0.0012225641928642447,-0.09881103452093645,0.9545129108685142,0.03322148808924331,0
0.0010782229992325153,-0.09881140587333015,0.9596176128120356,0.025679742938006088,0
0.0011713428851028338,-0.09881092484048555,0.9550899069237875,0.016942247363880135,0
0.0014654121490617843,-0.09880977358977922,0.9410415370017078,0.007326395569072616,0
0.0012683673160689226,-0.09881053211761116,0.9508545942156872,0.008038672318340153,0
0.0013800970044181697,-0.09881011835311124,0.9452768497098081,0.016229970614612597,0
0.0009802115049916916,-0.09881376590497762,0.9682648204367604,0.05499306129372351,0
0.0007526148071538059,-0.09881391024424982,0.9748660194939494,0.047966011824386416,0
0.0010617422924758555,-0.09881264648696983,0.9638892398779403,0.048151245906028775,0
1.9829041295223163e-19,-0.09881548595865554,1.0,0.0499589206217425,0
0.000550270404658161,-0.0988163588518973,0.9832148919173432,0.06088902238512239,0
0.0002667949320522403,-0.09881603996003382,0.9916074459586717,0.05542397150343245,0
0.0005425170428972401,-0.09881488903970116,0.9823410552342406,0.050913992370085856,0
0.00027810698530265205,-0.09881478825891478,0.9907336092755691,0.045448941488395914,0
2.7708565287056317e-20,-0.09881439336002178,1.0,0.03995618305139688,0
0.0007728442305370309,-0.0988150970009822,0.9757398561770518,0.057941041839422947,0
0.0015636256686353666,-0.09881054231196529,0.948638683168041,0.05955119401048587,0
0.0011680214963579734,-0.09881527727058194,0.9662024583767701,0.07087016349739263,0
0.001382364086860667,-0.09881267418675876,0.9574205707724055,0.06521067875393925,0
0.0010668884058464047,-0.09881443816197359,0.9672336394067653,0.06293161239555807,0
0.0012770410395167937,-0.09881235737498219,0.9584517518024007,0.05727212765210469,0
0.0013370020198324075,-0.09881132924558657,0.9540761712435806,0.05043031226440996,0
0.0016353155476623144,-0.09880905399360947,0.9379573825497151,0.04146633527809165,0
0.0016001483284051464,-0.0988095888451277,0.943298032858878,0.05050876464428876,0
0.0014006742490984946,-0.09881043678227096,0.9487355209344176,0.04138788289821284,0
0.001462392272690276,-0.09880988997523983,0.9437347724838117,0.03329994046912211,0
0.001680875372588407,-0.09880883365383462,0.9295448157142837,0.02342006338056017,0
0.0016527663140893888,-0.09880889769828502,0.9337510991319994,0.032443199329325906,0
0.0015081121655848204,-0.09880959985366271,0.939528489066096,0.024276804520356375,0
0.0015660268346302517,-0.0988093677977294,0.9352931763579957,0.015373229474816393,0
0.0017736771500834606,-0.09880866744344191,0.9214523259815045,0.005459169228262629,0
0.0017196903549220627,-0.09880878452286514,0.9254985708478941,0.014439616304411401,0
0.0016346176663502394,-0.0988091262049274,0.9312469314916061,0.006392782398667623,0
0.0008516468376788675,-0.09881611708571912,0.9747086751470566,0.0658795929412575,0
0.0006578806699016397,-0.09882063023374092,0.9827807288003708,0.0801061261660299,0
3.6490179367715255e-19,-0.09881916608870964,1.0,0.06996430479940041,0
0.0002859664936774518,-0.0988179083438373,0.9916074459586717,0.0654266635922614,0
5.665194579253178e-20,-0.09881702056443814,1.0,0.05996161271057146,0
0.0005991240928731477,-0.0988181867513864,0.982997810358857,0.07049757427557615,0
0.00031665860938360086,-0.0988201199437936,0.9913903644001854,0.07503521548271516,0
0.0009278548708784963,-0.0988179122088849,0.9744915935885705,0.07548814483171126,0
0.0018339319233532836,-0.09881113401527947,0.9488848324868752,0.07980431605082802,0
0.001496574660607205,-0.09881360692010877,0.9575436454318227,0.07533723977411033,0
0.0016856158897176768,-0.09881075078693911,0.9487617578274581,0.06967775503065694,0
0.002072401513482748,-0.09880684809414367,0.9349849482394541,0.07113219324245047,0
0.001965342055688024,-0.09880872310633791,0.9419348903631646,0.07546825464663925,0
0.0018115943981045046,-0.09880896063267464,0.9418118157037476,0.06534169362646818,0
0.002010769847848751,-0.09880651277995094,0.9271150724114786,0.05625916765238059,0
0.0018135535295148277,-0.09880797438236681,0.9325362274805968,0.04886275146523612,0
0.0018066957421501053,-0.09880838150991354,0.9378768777897598,0.05790518083143323,0
0.0020406576855946696,-0.09880653194481455,0.9310500103254664,0.06369568044741553,0
0.0014121781692352515,-0.09881881169620592,0.9654307842997429,0.08987732246985247,0
0.0007986149632224374,-0.09882854614370809,0.9826795345114157,0.09997222936731641,0
0.0011274796277549622,-0.09882357139635119,0.9740551594055793,0.09492477591858445,0
0.0010239917008024707,-0.09882023714925267,0.9741057565500568,0.08499172431794119,0
0.0007226933793706695,-0.09882403351716164,0.9827301316558932,0.09003917776667315,0
3.3758498112820146e-19,-0.09882590487394102,1.0,0.08996961212559185,0
0.00038214185415723985,-0.09882760659210069,0.9913397672557078,0.09497092074645413,0
0.0003458032939079144,-0.09882349663953423,0.9913903644001854,0.08503786914581088,0
6.923727133785763e-20,-0.09882201028666245,1.0,0.07996695846249613,0
0.0012800577474232128,-0.0988167951146157,0.9658166213382565,0.08037374298362254,0
0.0016421319646867797,-0.09881465977405077,0.957157808393309,0.08484081926034025,0
0.0019585202925032933,-0.09880711003158191,0.9179683495908376,0.03905610718678097,0
0.001813119722755779,-0.09880794412636605,0.9279628660702763,0.040261221232436306,0
0.0019811365614492028,-0.09880673580120324,0.9225417110011581,0.04765763741958078,0
0.0018112663407634524,-0.09880810408403555,0.9237565826525607,0.031238085283670572,0
0.0019293808000377137,-0.09880801170360527,0.9097730961941854,0.0213014627579493,0
0.0019371568730171876,-0.09880758427509956,0.9138707228925116,0.030178784972365136,0
0.0018210286710836237,-0.09880828545198418,0.9196589559542345,0.022360763069254736,0
0.0018437419697665896,-0.0988084246666297,0.9156127110878449,0.013380315993105966,0
0.0019558684606161185,-0.09880855094562642,0.9018969460361859,0.003263665035124652,0
0.0018810067481873363,-0.09880846131770321,0.9116746360088452,0.004361417131693641,0
0.001934505256241061,-0.09880835009388744,0.9058350211151857,0.012282563896536976,0
0.0025695995069646084,-0.09880292605695083,0.930232196966945,0.08900806641408243,0
0.002218043894713964,-0.09881237200752101,0.9486632291556318,0.09929272383850674,0
0.0020111257147658198,-0.0988116289621252,0.9487740308212536,0.08954851994466738,0
0.002200437570666129,-0.09880751828388475,0.9395585147269101,0.08440619123245523,0
0.002420162786679649,-0.09880696276987358,0.9394477130612884,0.09415039512629458,0
0.001806508531285217,-0.09881625598907612,0.9570470067276874,0.0945850231541796,0
0.001701111274884454,-0.09882589250516143,0.9657891814792353,0.10942055580401418,0
0.001985739696040465,-0.09881861945657923,0.9572262053174336,0.10435663982126045,0
0.0015465014882856478,-0.09882183469710248,0.9656099828894891,0.09964893913693332,0
0.0012351937612133765,-0.09882802894411509,0.9742343579953254,0.1046963925856653,0
0.0009834803324415156,-0.09884250556102533,0.9826795122063403,0.11997743315165214,0
5.617522506190522e-19,-0.09883777534439185,1.0,0.10997484660908237,0
0.00046872303685242697,-0.09884077016331848,0.9913397561031702,0.11497613988036726,0
0.0008846671603437046,-0.0988345814564148,0.982679523358878,0.10997483125948428,0
0.00042235783576210904,-0.09883354182064896,0.9913397672557078,0.10497353798819939,0
7.361765280054166e-20,-0.09883095528661816,1.0,0.0999722293673371,0
0.0023024527485588143,-0.09880518969680896,0.9326085726031996,0.08007012982826645,0
0.002447622530655205,-0.09880233700923244,0.9179702162529223,0.07151394349741019,0
0.0022892762922469205,-0.09880419213369834,0.9081541451729109,0.05477993838513236,0
0.0023659286831878555,-0.09880316376392594,0.9130621807129167,0.06314694094127127,0
0.002216763149521362,-0.09880470736971118,0.9225426443322005,0.06388655557489539,0
0.0021664194232375155,-0.09880514903971183,0.9176346087921947,0.055519553018756475,0
0.0021131333878097844,-0.09880584951703084,0.9130612473818742,0.046918022785956665,0
0.0021466092161737302,-0.09880656316035853,0.8980880896448571,0.0368076959267068,0
0.0020459175178124166,-0.09880846033275975,0.890214137803053,0.019054908685225108,0
0.002088126652537836,-0.09880759734405661,0.8941511137239551,0.027931302305965956,0
0.0020300926138117495,-0.098807402740733,0.9039305929195213,0.029054579342328052,0
0.0020038972163892357,-0.09880806413914607,0.8999936169986192,0.020178185721587204,0
0.0019929697157180155,-0.09880859028041548,0.8960555419196194,0.01115928686017488,0
0.0020085272980043104,-0.09880968827565771,0.8823644270026741,0.0008717941135405302,0
0.001998170110649949,-0.09880896007846234,0.8921306865194301,0.002067729574332591,0
0.0020190494607492085,-0.09880915960637902,0.8862892824028636,0.009963351399382819,0
0.002272572408497475,-0.0988044825626301,0.9264775822461881,0.07132306836993033,0
0.0025133046178603398,-0.09880218905377014,0.9241012066099337,0.08026100495574631,0
0.001370917930207642,-0.09883398533306552,0.9742343468427879,0.11469899447783316,0
0.0020699865670435373,-0.09880662921175283,0.9080282196178473,0.03793190155674389,0
0.002212449683946506,-0.09880539307468456,0.903121117408884,0.04579381715591958,0
0.0029505087992955127,-0.0988022006197756,0.934099736328531,0.10696737434930216,0
0.0025807520742899322,-0.09880782554603083,0.9413814827420814,0.10313004909390444,0
0.0027499340616030238,-0.09880239013566978,0.932165966647738,0.09798772038169229,0
0.0033651355502209166,-0.09879169680392234,0.9180060536857189,0.10458409980734974,0
0.003000888555911389,-0.09879524951388804,0.9090987198159491,0.08724053633670345,0
0.0031791426735189358,-0.09879323680776866,0.913552386750834,0.0959123180720266,0
0.0029483591286515233,-0.0987981007810847,0.9241191253263319,0.09679608311071608,0
0.002811279451733917,-0.09879861814600967,0.9196654583914471,0.08812430137539294,0
0.0027087585060540874,-0.09879923388006676,0.9135344680344357,0.07937723991705682,0
0.002716083052095646,-0.09879931080092938,0.8982362211059182,0.07066378491193473,0
0.00260222065413835,-0.09880046595492678,0.9081032186794202,0.07108886420467246,0
0.002490425361171539,-0.09880203486689351,0.9031951831394145,0.06272186164853355,0
0.0024265583183556622,-0.09880397539198205,0.8881584670039879,0.052700416119941716,0
0.0021986763558955423,-0.09880767518249826,0.8787582995444616,0.03497811881794311,0
0.0020343077312582137,-0.09881024558225678,0.8710179320791185,0.016646853145058885,0
0.002106860167604869,-0.09880909227601858,0.87488811581179,0.025812485981500998,0
0.0020552671375034196,-0.09880919393356286,0.8806160349410858,0.017850880915141996,0
0.0021145702923903234,-0.09880814928225831,0.8844862186737573,0.02701651375158411,0
0.0021892248348022313,-0.0988069048678669,0.8884231945946593,0.03589290737232496,0
0.0022766802910332627,-0.09880542729225368,0.8931232783244225,0.04475405602332426,0
0.002304676390192631,-0.09880595264238143,0.8834583832742248,0.043839267468942414,0
0.0031761302034800268,-0.09879656049732109,0.926052895007125,0.10577573707832595,0
0.0027852424823575964,-0.09881537179028196,0.9483888127763971,0.12051578369935839,0
0.0022258472598690147,-0.09882191812721769,0.9570889971278163,0.11496816975168628,0
0.002480640278781709,-0.09881357300854633,0.9485260209660145,0.10990425376893256,0
0.002890886231741099,-0.09880762019345778,0.9412442745524641,0.11374157902433027,0
0.0019535767305568913,-0.09883699584312368,0.9671357560610161,0.12590923344012792,0
0.0014236540442014234,-0.09886391606452677,0.979772315441736,0.13983017687582056,0
0.0017183160090558118,-0.09884931789370811,0.9734540357513761,0.13286970515797425,0
0.001459668093699762,-0.09884075108055686,0.9749076341336782,0.12294333329589002,0
0.0011859167838213097,-0.09885191451119288,0.9812259138240382,0.12990380501373636,0
5.520960750203525e-19,-0.09885823156791901,1.0,0.1299800196941923,0
0.0005218328925651267,-0.09885099826367942,0.9913397561031702,0.12497872642292221,0
1.2822939477071534e-20,-0.09884651391898065,1.0,0.11997743315163734,0
0.0018216171304789822,-0.09883075950769854,0.9664624687701258,0.11766489462207105,0
0.0023977108514452537,-0.09882610885094457,0.9577622844187066,0.12321250856974315,0
0.0006787584587760328,-0.09886270647883652,0.989886157720868,0.1349050982850064,0
0.002856737654014399,-0.09879715939558871,0.9036674704609337,0.07895216062431909,0
0.0023774798200799016,-0.0988037725100954,0.8981563060884494,0.05374017725253703,0
0.0025642626863449807,-0.09880172792670516,0.893197344054953,0.061682100515938226,0
0.002013943375224263,-0.09881003127145978,0.8766911795408963,0.008759323629299707,0
0.0019382792071037714,-0.09881200908549678,0.8628385661587705,-0.0015746311549983804,0
0.0019787349846490964,-0.09881120705717406,0.8669282491189445,0.007536110995030252,0
0.001988026115287237,-0.09881071743768106,0.8726014965807223,-0.0003514185207289251,0
0.003730077044800552,-0.09879212466453437,0.9275336820759915,0.12206103011544395,0
0.004310362067088541,-0.09877379642940554,0.9083399573012771,0.12126225077533678,0
0.0037417144715976383,-0.09878281696040782,0.8987934435074381,0.10377147776083225,0
0.004020344440946536,-0.09877812254663645,0.9035667004043576,0.11251686426808452,0
0.0035794075167263992,-0.09878655175942856,0.9083997485965785,0.104177788784091,0
0.0033521334591386084,-0.0987897512966241,0.9039460816616935,0.09550600704876785,0
0.0032411691078281326,-0.09879183326361675,0.8891110087570603,0.08661186351085896,0
0.0034840980618052876,-0.09878740997078776,0.8939522261322492,0.0951916706358456,0
0.003145766718119743,-0.09879293691326127,0.8991048642865047,0.0869261999237812,0
0.002964555640140824,-0.09879595551764003,0.8936736149314892,0.07863782421139684,0
0.0028335397222385124,-0.09879921753731655,0.8794001654745903,0.07058133553712485,0
0.0024313144578896845,-0.09880587885742398,0.8690904082163551,0.05182263949187594,0
0.0026212056420238444,-0.09880282317206643,0.8742452868454726,0.0612019875145004,0
0.002446525217789472,-0.09880463886998962,0.8786244376101715,0.05226152780590883,0
0.00261522294426638,-0.0988018679529653,0.8837793162392891,0.06164087582853328,0
0.0027941957633751103,-0.09879885928119377,0.8888181932902542,0.07062256022452978,0
0.0030306215787664586,-0.09879568446161058,0.8842555871158253,0.07859659952399191,0
0.003318805496277303,-0.09879788323265133,0.9308167092022612,0.11451420223237305,0
0.0032794011455055806,-0.09880401454587494,0.9379612474261942,0.12128840690740117,0
0.003998620168991013,-0.09880276813519207,0.9379597403809189,0.13912961748964134,0
0.0028431397423562582,-0.0988369688182513,0.9581413804149619,0.13938934377913564,0
0.002664513790820235,-0.09886886357514005,0.9670157777605917,0.15349382649661944,0
0.0027728720341335085,-0.09885113133382113,0.9625785790877768,0.14644158513787753,0
0.002007528645528111,-0.09886765121744268,0.9733940466011639,0.14666200168622,0
0.0021522919578910514,-0.09885225642227655,0.968956847928349,0.1396097603274781,0
0.0023739678266703097,-0.09883761221155249,0.962638568237989,0.13264928860963177,0
0.0028292179718017417,-0.09882419805620313,0.9532650965956795,0.12995256373924702,0
0.0033502192733948664,-0.09881063045609043,0.9431742765786579,0.12982270059449985,0
0.0034461413749088316,-0.09882048562591897,0.9480505603979403,0.13925948063438848,0
0.00354865342529575,-0.0987911923857984,0.9227698678808551,0.11332256496139684,0
0.004049100302669132,-0.09878220269054507,0.9179368196886344,0.12166164044539036,0
0.003811988630400766,-0.09878391063055743,0.913173005493498,0.11292317529134327,0
0.002305141593419616,-0.09880687850814092,0.8739243538804083,0.043400379154909526,0
0.002127690008121749,-0.09881033556730738,0.8595111700021253,0.03370985151262978,0
0.0020733151138249612,-0.09881032376197403,0.8652645510406218,0.02517835232884433,0
0.002178839229604616,-0.09880881724069925,0.8691347347732934,0.034343985165286445,0
0.0022695061398764855,-0.0988083173858919,0.8643007891092402,0.04276624550225286,0
0.0019156426940359686,-0.09881307048685921,0.8517836773891727,0.015810530156735735,0
0.0017590146403973648,-0.09881516718991547,0.8433016471349191,-0.0039311306060403175,0
0.0018612109101635052,-0.09881351302296004,0.8530701066468448,-0.002752880880519349,0
0.0019186683184091694,-0.09881257937584587,0.8573111217739716,0.007117949500868677,0
0.001828584217873476,-0.09881419475240866,0.8475426622620459,0.005939699775347709,0
0.00198872657627789,-0.09881153556118852,0.8614008047341456,0.01622869165089731,0
0.002012298598846394,-0.09881183894696971,0.8556474236956491,0.024760190834682755,0
0.0038750071570675957,-0.09879586218298712,0.9327467112284552,0.13059532380254263,0
0.0015312814098149914,-0.09890694013981506,0.9826794769910874,0.1599876412712823,0
6.596692593216491e-19,-0.09889245742309964,1.0,0.14998512370264022,0
0.0007274271411440681,-0.09890143852768885,0.9913397384955437,0.15498638248696125,0
0.000758405901607447,-0.09887978350888915,0.989886157720868,0.1449076502892304,0
0.0014807742698955272,-0.0988825772629482,0.9812258962164118,0.14990890907355142,0
0.0021286786569769175,-0.09888836834591856,0.9748476273758395,0.15674073388395088,0
1.494478014515132e-19,-0.09887299007157517,1.0,0.13998257169841627,0
0.004905810023838498,-0.09876857514092274,0.9179709845289901,0.1387613753037749,0
0.004284818073954012,-0.09878208839267925,0.9227523333024907,0.13041120270960943,0
0.004606843049449934,-0.09877038878423446,0.9131554709151336,0.13001181303955583,0
0.005502046754225377,-0.09874367595597859,0.8983299253039975,0.13818475224054208,0
0.004666640194231238,-0.09876311798169883,0.8891141116178295,0.12086721657774703,0
0.005073691604807454,-0.09875355214126488,0.8937220184609135,0.12952598440914456,0
0.004520520943745787,-0.09876722717472539,0.8987270344595533,0.12106473367654191,0
0.004875431211444899,-0.09876052769145041,0.9033349413026373,0.12972350150793943,0
0.005242064302589568,-0.09875457024532923,0.9081504549164938,0.13847306377215848,0
0.004485128918566064,-0.09878513040273863,0.9279653624549544,0.1389454963967081,0
0.005483203390338132,-0.09877305175331579,0.927248720357063,0.15588228358527806,0
0.004250041023827167,-0.0988323953445327,0.9485257265527249,0.15850682225081578,0
0.0033639582179119266,-0.09889826008324228,0.9653589541484939,0.16999029546828429,0
0.003862850974391866,-0.09886274370734664,0.9569423403506094,0.16424855885955003,0
0.0029943917656591397,-0.09888215024572981,0.9661873659545428,0.16174206098245186,0
0.003455600481656754,-0.09885332740706693,0.9577707521566583,0.1560003243737176,0
0.0034945077511020985,-0.09883626734402742,0.9533335534838434,0.1489480830149757,0
0.004142861803911236,-0.09881430491475933,0.9432427334668219,0.14881821987022856,0
0.0046979211143654475,-0.09879054391314254,0.932604230368991,0.14750595053745968,0
0.004914510990546879,-0.09880205993177396,0.937887223454894,0.1571945529180469,0
0.004180385277880963,-0.09877402677342237,0.8939537775626338,0.11231934716928964,0
0.003931916334002006,-0.09878008164418481,0.8788061079491774,0.1035941338254386,0
0.004288849069687821,-0.09877194569273684,0.8839601097835035,0.11223067520159281,0
0.0038667748589817042,-0.09878044670364718,0.8887997757283077,0.10368280579313542,0
0.0035698169371167266,-0.09878648662739085,0.8839585583531189,0.09510299866814878,0
0.0032909440819560904,-0.09879351794318884,0.8691236965812867,0.08636730100815457,0
0.002732745401296088,-0.09880350009750816,0.8593635805247853,0.06834328445719333,0
0.0025732494012966527,-0.09880474900320033,0.8642269943705703,0.06008296197453464,0
0.002805062775564974,-0.09880092193484087,0.8693818729996878,0.06946230999715909,0
0.0030524417723406987,-0.0987965386853709,0.8742619310279385,0.0784743182726397,0
0.00299757350744336,-0.09879898679294408,0.8642436385530361,0.07735529273267394,0
0.0032918858719608105,-0.09879196965946607,0.8791173526691736,0.08648958225950676,0
0.0035985976293240176,-0.09878728342737617,0.873964902265232,0.09498071741679659,0
0.0022862737957384683,-0.09881014469284226,0.8493507537620075,0.050622836695181195,0
0.0019430455263881065,-0.09881420427767224,0.8404116481437073,0.03283622245675741,0
0.0016710265489984762,-0.09881684632858981,0.8317493555033669,0.012885989689440651,0
0.0017955334280079067,-0.09881566787645567,0.8360805018235371,0.02286110607309903,0
0.0019239700999638648,-0.09881359327369352,0.84609766276644,0.024323376306746573,0
0.0018060087690718553,-0.09881490888676887,0.8417665164462698,0.014348259923088193,0
0.001709755894548195,-0.09881598895593251,0.8375255013191429,0.004477429541700167,0
0.001488698206821701,-0.09881866250058924,0.823738444206526,-0.006057641072173735,0
0.0015724902848210872,-0.09881778568558197,0.8277438998549465,0.003414174308633458,0
0.0016340061485373282,-0.0988169073541805,0.8335200456707226,-0.004994385839107026,0
0.002376640599481117,-0.09880776176957587,0.8592205809891813,0.051222738093528564,0
0.002497281155668733,-0.09880717399705416,0.8543571671433965,0.05948306057618726,0
0.002199939519790176,-0.098810224232404,0.8544309618820665,0.04216634410390549,0
0.002103524320396786,-0.09881240471363581,0.8448812009528575,0.0417295295759693,0
0.002049384483207102,-0.09881214307386517,0.8499614090729163,0.033273036984693596,0
0.005198624349674899,-0.09876908657211776,0.9226098524430265,0.1473218294445265,0
0.002410652341725837,-0.09890633975602908,0.9740192155697907,0.16498896836978327,0
0.0018447274577165654,-0.09897171902215113,0.9831730414051958,0.17913755293649503,0
9.56977823807908e-19,-0.09894966258098566,1.0,0.16999015883999727,0
0.00168112978497402,-0.09893541503303997,0.9829262591981416,0.16956259710388866,0
0.0008135610347910876,-0.09893004108299353,0.9913397384955437,0.16498890005563976,0
0.0008795615642468533,-0.0989634991208768,0.9915865207025979,0.17456385588824613,0
0.0026608144383032336,-0.09893510732725687,0.9742659977768449,0.17456392420238964,0
1.0219538548230558e-19,-0.09891747954000525,1.0,0.15998764127131876,0
0.006341557716298211,-0.09872782018523374,0.9080893952200391,0.15490197013243723,0
0.0075031760519054394,-0.09870974901692046,0.915530010011643,0.17383123777722245,0
0.005953684037246101,-0.09874882674966473,0.917669057788551,0.15539212685885764,0
0.006908570884426223,-0.09871771656205088,0.911809702615841,0.16436660395482983,0
0.006435001404403094,-0.09874642626280358,0.921389365184353,0.16485676068125027,0
0.006017041060564342,-0.09879047776697861,0.934831813542432,0.17141754866722236,0
0.0052545782706814,-0.09886159716709535,0.9500133977952974,0.1793993744688727,0
0.0042803764235253726,-0.09888416238350022,0.9576861759718956,0.1746948349685785,0
0.004726420134639016,-0.09884447718837293,0.9492695621740112,0.16895309835984423,0
0.0056819276967490845,-0.09882330296864968,0.9424226056688647,0.1754084615680475,0
0.0050965488860676336,-0.09881516954844356,0.9416787700475785,0.16496218545901908,0
0.005755326267121093,-0.09877945558703717,0.9310402669497475,0.1636499161262502,0
0.006792931049634701,-0.09875030274625073,0.9251809117770375,0.1726243932222224,0
0.005587212084009741,-0.0987507933511549,0.9130301898745146,0.14683167271810604,0
0.005918918564260776,-0.09873500890864506,0.9032096602620183,0.14654336118648964,0
0.006942721988131236,-0.09869715259769242,0.8893273649571387,0.1551819653059219,0
0.005861156075245892,-0.0987314802820225,0.8798429463235861,0.13899434284798326,0
0.00639006204423329,-0.09871482624902851,0.8845851556403623,0.14708815407695258,0
0.006185666251312776,-0.0987229843240792,0.8938286451305681,0.146683358773232,0
0.006684406252589017,-0.09871009456714923,0.8987083800885889,0.15504196771917955,0
0.005717587957653449,-0.0987357067153831,0.8890864358137918,0.13858954754426267,0
0.005232319202690135,-0.0987489615062439,0.8844785289707078,0.12993077971286515,0
0.004831834369953003,-0.09876174194817157,0.8697969218180894,0.12184184691113177,0
0.003913196271241071,-0.09878509653239509,0.8588557095316425,0.1042524585671855,0
0.004355027293306633,-0.09877440161590584,0.864326315674866,0.11304715273915864,0
0.004358206496907001,-0.09877175376572468,0.8743015148836334,0.11271799036828518,0
0.004783322784540162,-0.09876091391432375,0.8794555167179594,0.1213545317444394,0
0.0053301598733177455,-0.09874753935858188,0.8748199340708378,0.13041809487955752,0
0.003975988832574536,-0.0989783931504991,0.9678977972430767,0.19117600935236112,0
0.001850755835752304,-0.09906137772461278,0.9854716768834183,0.19516016043067316,0
0.0029788020134665083,-0.09902289970477478,0.9766847370632474,0.19316808489151716,0
0.001868725164126754,-0.09901175446064335,0.9843223591443071,0.1871488566835841,0
0.0028522302723870893,-0.09897952023388748,0.9755354193241362,0.18515678114442807,0
0.003660013644098945,-0.09893243959568243,0.9666283756957853,0.1805831524103227,0
0.004693385880807957,-0.09891608588411116,0.958955597519187,0.1852876919106169,0
0.0039535778865690515,-0.09878149285856501,0.8688309087404099,0.10392329619631205,0
0.0035879646656426932,-0.09878951871249812,0.8639897030564646,0.09530987978767003,0
0.0031214641514195223,-0.09880086879177864,0.8491365411462346,0.0857193692352169,0
0.0025081992043357515,-0.09881031265285249,0.8394318893263821,0.06798543260087803,0
0.002023276754482345,-0.09881585926523445,0.8297639087994263,0.050385875898829036,0
0.0022515430527781416,-0.09881346521056672,0.8345978990629042,0.05918565424985353,0
0.0023909477632388727,-0.09881011560854366,0.8443913215441948,0.05930413464802961,0
0.0021707925651305044,-0.09881284747188708,0.839557331280717,0.050504356297005115,0
0.0019789579077118054,-0.09881489046144896,0.8350877784715668,0.04161104917779322,0
0.0016415406980804432,-0.09881903921715032,0.8200872164361961,0.03287066554874069,0
0.0018061220510872434,-0.09881656539259234,0.8302494322899516,0.032853444002749047,0
0.001651007686552678,-0.09881780810441204,0.8259182859697816,0.02287832761909067,0
0.0013588472351595358,-0.0988206079387595,0.8121644623937283,0.013037853560207176,0
0.0011473101948209843,-0.09882195419130071,0.8041397513885418,-0.007825835955621634,0
0.0014190456939980828,-0.09881955722690171,0.8179514533001271,0.0034901062440167207,0
0.001244827374511866,-0.09882126196121868,0.808152106891135,0.002606008802292771,0
0.0013256580223064028,-0.098820366289323,0.8139390977975338,-0.006941738513897684,0
0.00323168096856997,-0.09879655896865122,0.8591301188637607,0.08604333512168574,0
0.0029184654047846323,-0.09880214422131794,0.8542500608355099,0.07703132684620512,0
0.0027978708713430516,-0.09880618219404627,0.8442842152363084,0.07685240091804746,0
0.0026410414956536906,-0.09880656372375946,0.8493977349255837,0.06816435852903568,0
0.003496073094165526,-0.098793897007855,0.8539961253389385,0.0949859139012012,0
0.0018211064057839107,-0.09881766732434515,0.8249255626178111,0.04162827072378486,0
0.0015249924234059394,-0.09881873743581449,0.8219569089485477,0.012961921624823913,0
0.0014889895680215597,-0.09881990428991358,0.8161258394149622,0.022954259554473933,0
8.166668160952334e-19,-0.09904218502374706,1.0,0.18999513424361192,0
0.0009809169863263926,-0.0990093388879501,0.9915865207025979,0.18456634359005347,0
8.57616677035665e-20,-0.09899099398629817,1.0,0.17999264654180458,0
0.0009293194824033783,-0.09905600386032659,0.9927358384417091,0.19257764733714255,0
0.007863407830338245,-0.0986697262411101,0.8979001137286857,0.16849961210882333,0
0.009769501158223587,-0.09858759280519432,0.8951928259521917,0.1856614158500091,0
0.009396286003851163,-0.09864764233251903,0.9133705738683601,0.19155626342932072,0
0.008394395545765357,-0.09868250794076767,0.9144502919400015,0.1826937506032716,0
0.009634838322059226,-0.09861266797783041,0.9042816999102758,0.1886088396396649,0
0.008629739213721586,-0.0986527423622068,0.9053614179819174,0.17974632681361577,0
0.007737366310252921,-0.09868539233524269,0.9067150618701644,0.1711654249430229,0
0.008761919582177305,-0.09863342911774121,0.8965464698404387,0.1770805139794162,0
0.008759323782577851,-0.09862375982824317,0.8813610011061953,0.17292149463901021,0
0.007399293544373511,-0.09868116854430332,0.8714856289935357,0.1579421567593565,0
0.005924720873263805,-0.09873605221663632,0.8610037792784562,0.13994813162430791,0
0.004683125052073622,-0.09877445356256538,0.8493188598497324,0.12257747300587316,0
0.0036225409771115527,-0.09879878159524427,0.8388957277373061,0.10435611196285666,0
0.004281556141834514,-0.09877992725867753,0.8540872846906875,0.11341496578652932,0
0.004125056918409688,-0.09878819498053566,0.8441072937935192,0.1134667924843649,0
0.0037985293255149966,-0.09879102115368685,0.8488757186344743,0.10430428526502108,0
0.0033626048077676986,-0.09879957329850637,0.8440161344417704,0.09503774059903677,0
0.0027581799115427006,-0.09881239337124365,0.8291237646997038,0.0851641881328131,0
0.002125310374048125,-0.09881915014971325,0.8194416927728516,0.06755301858901284,0
0.0023349533720608525,-0.09881458749804856,0.8294367910496169,0.06776922559494544,0
0.002072965489894634,-0.09881720970167043,0.824602800786139,0.05896944724392094,0
0.0016309893665816427,-0.09882237285885515,0.8097656173065362,0.050020442787417956,0
0.0012523799329904979,-0.09882354914060117,0.8007617928035952,0.03166786088103793,0
0.0009713635546672371,-0.09882384362098609,0.7928146726555018,0.010610072747721602,0
0.0011008186579158628,-0.0988236831123216,0.7967882327295485,0.021138966814379767,0
0.0013047846466267693,-0.09882189628118358,0.8064631275986618,0.022352857220622552,0
0.0011716830788299198,-0.09882232864800625,0.8024895675246151,0.01182396315396439,0
0.001057527405300685,-0.09882279273274983,0.7984772120220218,0.001392118396049984,0
0.0007546652627128819,-0.09882456858652329,0.7845046745096806,-0.00912682027943922,0
0.0008570984581933375,-0.09882414086898451,0.7886596735825913,0.0007416262341411904,0
0.0009561735239549175,-0.09882337269291662,0.7943222129491112,-0.008476328117530428,0
0.007074039323932897,-0.09870151827846414,0.9029947544743624,0.1617007911206303,0
0.007400856803815845,-0.09868301093720236,0.8936137393429122,0.16184078870737262,0
0.007802908087226286,-0.09866444504594292,0.8853441830316671,0.16405172997246606,0
0.008068112156740843,-0.09865336299995608,0.8764233150498655,0.16543182569918335,0
0.007210760562621712,-0.09868641434592987,0.8804064969753371,0.1565620610326392,0
0.0065877058061353305,-0.09870898335958705,0.8756642876585609,0.14846824980366988,0
0.005933975395558252,-0.09873139233237566,0.8704233628010212,0.13947123723614557,0
0.006634943411942196,-0.09871086962686186,0.866244704135996,0.1489451441918322,0
0.007595729283152697,-0.09877443658526043,0.9328412412535646,0.18946807484380251,0
0.008521431360554228,-0.09871270926065086,0.9231059075609623,0.1905121691365616,0
0.007615464120822102,-0.098733582353632,0.9241856256326038,0.1816496563105125,0
0.006759238549722145,-0.09878375406129493,0.9338365273979983,0.18044281175551244,0
0.006393375280632623,-0.0988247850484457,0.9414273195244309,0.18443372465633762,0
0.006210229137313296,-0.09889976450696743,0.950906937470297,0.19540435361573932,0
0.00695462150780885,-0.09883522181183649,0.9418740893619308,0.19243621422977092,0
0.005711736408237,-0.09887847203502982,0.9504601676327972,0.18740186404230602,0
0.005086663268527455,-0.09894484260076168,0.9594023673566868,0.19329018148405022,0
0.005816576530823101,-0.09902907175899847,0.9606540458959356,0.2088023656315051,0
0.0033374874632465575,-0.09914358674881804,0.980318106281572,0.2096956954311213,0
0.003612319294877247,-0.09905508749046163,0.9741079517623243,0.20043585239174122,0
0.004857080078454997,-0.09900252588076566,0.9642759215695061,0.19998918749193312,0
0.004483111068238063,-0.09909839217231292,0.9704860760887538,0.2092490305313132,0
0.008343099183878726,-0.09864456726038126,0.8896305574174406,0.17071055337391677,0
0.005351921294609372,-0.09874990108790278,0.8654003505482728,0.13089498926771984,0
0.004797930919527386,-0.098766316308114,0.859557890833911,0.12220965995850247,0
0.005280494525002407,-0.0987571050334481,0.8551613195640944,0.13126280231509052,0
0.0024991660828462717,-0.09910143508927052,0.9828948915824951,0.20242792793089723,0
0.002134867498989538,-0.09917677125592197,1.0,0.21,0
3.0628711372715483e-19,-0.09911076993914322,1.0,0.19999756712180594,0
0.001163963329984,-0.09912392177301654,0.9927358384417091,0.20258008021533658,0
0.0012329326526952528,-0.09919208382255917,0.990159053140786,0.20984784771556064,0
0.00608198990862678,-0.09895609314354256,0.9557804916831163,0.2021033596236222,0
0.0029633381259081084,-0.09880622934827422,0.8391301529229692,0.08544177868401501,0
0.0026301070456986628,-0.09881101990908008,0.834277827013043,0.07657481036684556,0
0.0024227210493310116,-0.09881634732196427,0.8242827287362777,0.07635860336091296,0
0.003163016496776255,-0.09880667611029341,0.834009746218505,0.09476015004783488,0
0.001841106404208997,-0.09881911117325129,0.8197647630529812,0.0502031593431235,0
0.001862943145595246,-0.09882108088469439,0.8146036550396939,0.0587867306882154,0
0.0016356631066849901,-0.09882047774667706,0.8149264168713661,0.041445554168079324,0
0.0014291266189191956,-0.09882309476062932,0.8052637050550657,0.040844151834227946,0
0.001456309727149952,-0.09882136963749198,0.8104245046198957,0.03226926321488931,0
0.009286320992677193,-0.09860286887383406,0.8882769135291935,0.17929145524450965,0
0.010489842213689402,-0.0985378871836222,0.8772077479420078,0.18707914930327035,0
0.009379728544184066,-0.09860098817540715,0.8643683909627137,0.1774218259210218,0
0.007564534886519882,-0.09869525365279007,0.8490850854521592,0.1623621606771353,0
0.005586720947993964,-0.09876794861830544,0.836933895802281,0.14223777661497286,0
0.006703525833498307,-0.09871671867941836,0.8550444323653077,0.15115514615072162,0
0.00652367287196487,-0.09873659785276785,0.8430094906272201,0.15229996864605408,0
0.005827414944738512,-0.09874802837157927,0.8489688375403686,0.1410929541196404,0
0.005124685040205971,-0.09877021929916685,0.8431263778260067,0.132407624810423,0
0.004166401198814765,-0.09880147347363598,0.8281147506893283,0.12290209675942106,0
0.004466925438903144,-0.09878656499671619,0.8387168052695304,0.12273978488264711,0
0.003889830172458963,-0.09879925230980942,0.8335052392133172,0.11362910436113885,0
0.0030396373566715456,-0.09881841890351255,0.8188296757428716,0.10292766099767851,0
0.0035634361440394107,-0.09881164013949169,0.8234722132160999,0.11291487887854978,0
0.003356996062141872,-0.09880829098296592,0.8288627017400889,0.10364188648026759,0
0.0028985088500755904,-0.09881469792322307,0.8239767202212878,0.0940459245652458,0
0.002223679661945916,-0.09882577521388113,0.8090996078287038,0.0847394112784711,0
0.0016113871940977066,-0.09882818172138462,0.7994372200218665,0.06718214353962237,0
0.0018829955510444223,-0.0988237652548086,0.809439456397359,0.06736758106431762,0
0.0018974971972347834,-0.09882739874661663,0.8042684139252851,0.07596077740904673,0
0.002176860984162897,-0.09882191217116541,0.8142706503007777,0.07614621493374196,0
0.0025109626714969425,-0.09881902561687851,0.8191116862642038,0.0849517997056421,0
0.0026047891930808796,-0.09882295237521645,0.8139646417857878,0.0938335361380748,0
0.012017474048108035,-0.09846913188147234,0.8823244412923026,0.2009191174150899,0
0.011394742583053839,-0.09854313500926233,0.901863450217593,0.2033120094520914,0
0.01214673397481868,-0.09845327048774326,0.8920939457549477,0.20211556343359066,0
0.010639576094280836,-0.09855611018335365,0.8985281380848924,0.19448671265105025,0
0.010946344924776625,-0.09852274627717515,0.8887586336222472,0.1932902666325495,0
0.011293144896930308,-0.09849811979517926,0.8797660946171553,0.19399913335918012,0
0.010169543564361542,-0.09855942274285465,0.8862002869470997,0.18637028257663973,0
0.009582906968451923,-0.09858500108346165,0.8792843745241016,0.1800003219711403,0
0.009946326958444792,-0.09856881098458671,0.8707880694523608,0.18225048761214607,0
0.009111907283012442,-0.09860841352773464,0.8728646960344545,0.17517166028001602,0
0.008331799065113187,-0.09864544888192014,0.8679270099781247,0.16768199134018913,0
0.007556103278502187,-0.09868228138520879,0.8602853572228475,0.1601521587182459,0
0.008469325640709732,-0.0986500361778647,0.8567267382074364,0.16989199329907856,0
0.010441997832859646,-0.09859199440246565,0.9076170120429765,0.19743413644070607,0
0.010092385137099744,-0.09868502104287266,0.921425379683128,0.2055086350647987,0
0.008185420716191978,-0.09886146116503985,0.9410212191544387,0.2073769316668632,0
0.009484077795371955,-0.09874533854496158,0.9312232994187833,0.20644278336583094,0
0.007968533520749428,-0.09880510877239906,0.9369312302040016,0.19842250325533284,0
0.008851226733003863,-0.09873064913896339,0.9271333104683463,0.19748835495430062,0
0.00982325547142256,-0.09865485082971776,0.9173979767757441,0.1985324492470597,0
0.011151081667391035,-0.09857100483222697,0.9116444149503604,0.20441032225844505,0
0.004831391431298897,-0.09878744889831123,0.8325243232458046,0.13256993668719697,0
0.0016241649157125377,-0.09882487930931483,0.8046014186642013,0.05860129316352017,0
0.0011423553483862767,-0.09882820446597099,0.7898798943429297,0.04950999790320774,0
0.0013968519513992438,-0.0988254504414971,0.799822755824733,0.04976522034531285,0
0.0012004382966691327,-0.0988255865121793,0.7953208435732624,0.04058892939212283,0
0.0007863482174252716,-0.09882728861857154,0.7806904130654786,0.031247260603392266,0
0.0010265746435885162,-0.09882558823010514,0.7907261029345369,0.0314575607422151,0
0.000880998431177613,-0.09882532606491057,0.7867525428604902,0.020928666675556935,0
0.0005483840841475701,-0.09882623701887794,0.7734259992581025,0.01140899019730048,0
0.0003301976442758702,-0.09882614715098713,0.7648410506701266,-0.009878802384949288,0
0.0006515524632794014,-0.09882524687976693,0.7789653368838916,0.0011410849589306299,0
0.0004340990441977821,-0.09882606085970128,0.7691335249641146,0.000765093906175596,0
0.0005452641323921472,-0.09882550526110653,0.7746728625899036,-0.009502811332194255,0
0.0013613624009920062,-0.09882836769342684,0.7946585571823981,0.05834607072141505,0
0.0009526795295636322,-0.09882776778370657,0.7852851537042042,0.040378629253300005,0
0.0006593387010865557,-0.09882666310240867,0.7770582061617906,0.021328125400346374,0
0.0007648826062195996,-0.09882517816629431,0.7831203359568022,0.01100953147251104,0
0.007201831666725333,-0.09888181439837379,0.9459640783123678,0.20139064264130124,0
0.007228913076303838,-0.09893600169666715,0.9508376325251872,0.20808964864918414,0
0.011927869668979975,-0.0984800261024924,0.8627921253644149,0.1984719234020252,0
0.009777660967221786,-0.09860424780612448,0.8497835900842913,0.18264216401436212,0
0.008643866905075537,-0.09868991453140077,0.835124770391862,0.1778079234647391,0
0.006517180162792459,-0.09876878083566189,0.8273958409047778,0.15977871156955673,0
0.007515314592279812,-0.09873559492297623,0.8312603056483199,0.1687933175171479,0
0.007106872649137969,-0.09872891743272612,0.8382404631784686,0.161070436123346,0
0.008112066753657231,-0.09868915070401181,0.8421049279220105,0.1700850420709372,0
0.00923271534859413,-0.09864686320067931,0.8424541802380766,0.18022504373955062,0
0.0085945749499529,-0.0986561617675217,0.8494343377682252,0.17250216234574872,0
0.009610360649430607,-0.09859906934928707,0.8570759905235025,0.18003199496769196,0
0.010651418584728855,-0.09853920512471478,0.8635802581635643,0.1879468746615235,0
0.010943855909243648,-0.09853312801411301,0.8562878577243531,0.19055704370819365,0
0.011312050602550723,-0.0984956482357306,0.8699999366532114,0.19277553635264777,0
0.012422141669500321,-0.09841890068645628,0.8725582833283587,0.19969552040855754,0
0.006041935676089729,-0.09876677807797593,0.8321648683535294,0.1510082440922648,0
0.004679474516285233,-0.09881557228150112,0.8172381192948178,0.14071292309907893,0
0.003302811695848689,-0.09883337766807364,0.8080795617194084,0.12117096211319063,0
0.003940881548699636,-0.09882676845101544,0.8126588405071131,0.1309419426061348,0
0.004425981706187397,-0.09880659381604326,0.822676434992073,0.13180750992925,0
0.0037629296383156134,-0.09881743685752906,0.8180971562043684,0.12203652943630584,0
0.0031770137695879305,-0.09882442986350692,0.81345461873114,0.11204931155543457,0
0.002288375425588273,-0.09883849278683725,0.7986749925619812,0.10223165197472847,0
0.002758031568153002,-0.09883703747476191,0.8033772771406948,0.11170130704395956,0
0.0026856415589490705,-0.09882867017634903,0.8087523341524263,0.10257965648620349,0
0.0022634590707213444,-0.0988311606839056,0.8038873001953425,0.09348553162659978,0
0.00154986836669207,-0.09883810537787545,0.7890958519069261,0.08436481937140256,0
0.0015882776598131988,-0.09883250517355183,0.7942665359643963,0.07577348145551246,0
0.0019018754558483505,-0.0988322580209741,0.799097729867815,0.08455211532493682,0
0.0018925273366445412,-0.09883877552315816,0.7938854222344536,0.09329823567306551,0
0.005538847444513767,-0.09879665509880417,0.8223169800997978,0.15024581733431783,0
0.005172748339936766,-0.09879092846826747,0.8270860075485493,0.1414753498570259,0
0.0009984667321372616,-0.09883545219263373,0.7794457847352525,0.06678943232173574,0
0.0006138718745298177,-0.09883207513838808,0.7708735945596595,0.04904460302860391,0
0.00027502335937369844,-0.09882926071102877,0.760586024859157,0.03022143570427293,0
0.0004332446014676482,-0.09883057594948004,0.7657298097094083,0.03963301936643842,0
0.0005337721071853113,-0.0988285223841727,0.7706382189623178,0.030734348153832598,0
0.0007052270442055467,-0.09882941411152388,0.7757820038125691,0.040145931815998084,0
0.0008838035728724251,-0.09883040401910256,0.7803767444512946,0.049277300465905824,0
0.0010775281435287437,-0.09883141438496885,0.7846628395390911,0.058149715112471745,0
0.0007924470545003459,-0.0988337123442271,0.775159689647456,0.057917017675169824,0
0.0012543802277141297,-0.09883693453492177,0.7842708183210894,0.07557712584656914,0
0.0013149349272602968,-0.09883214953401304,0.7894415023785595,0.06698578793067905,0
0.00041759378699638604,-0.09882758590935797,0.7670060120586297,0.020815212950786706,0
0.00011349989854052674,-0.09882698408177003,0.7548682009483251,0.007088753082165454,0
0.0003309594267255332,-0.09882677539695774,0.7641471001032138,0.009248871639732967,0
0.0002235482297041296,-0.09882647333514406,0.7598546258092258,-0.0013950246513919173,0
-0.00010791818288021407,-0.09882648787658023,0.7451637304309278,-0.010033741346033133,0
3.9624814008227315e-07,-0.09882664869262121,0.7500159656896264,-0.0014724941319338397,0
0.00011169473618068216,-0.09882647984718311,0.7550023905505272,-0.00995627186549121,0
0.00018868492526053122,-0.09882786617653853,0.7577271129037411,0.01865509439321919,0
0.011130250888338496,-0.09857335913496316,0.8432487611881002,0.1961150490981094,0
0.009665436057028583,-0.0987277517307837,0.8236791101517987,0.1939886763111289,0
0.007205267510730784,-0.09880599013583223,0.8153373708286302,0.1760344337390683,0
0.005090021329799964,-0.09885158370789379,0.806371944731186,0.1578532594302537,0
0.0048980673988283895,-0.09882997938379509,0.8118050320130019,0.14928309126466632,0
0.00585516131512824,-0.09880997542700903,0.8168838928179819,0.15881598549990522,0
0.006072882704895822,-0.09883446823660513,0.8108546577799081,0.166943846584661,0
0.006874466173988352,-0.09878249407716444,0.821366605866704,0.16790657265431252,0
0.007976755498136276,-0.09874696232535278,0.8252310706102461,0.1769211786019037,0
0.008420546311417535,-0.0987690929154865,0.8195082404902145,0.18501155502509858,0
0.00922719245070857,-0.09869610809882971,0.8294019402718303,0.185898299887934,0
0.010794984539883142,-0.0986106379898814,0.8334639356699495,0.19505186270461916,0
0.009899631119205679,-0.09863139583924559,0.8391867657899811,0.18696148628142423,0
0.010484375880687829,-0.09858322601766795,0.8465161756361957,0.18937860655623576,0
0.011964119550876666,-0.09847562875838914,0.8530204432762576,0.19729348625006732,0
0.0034626103589733793,-0.09886551185669896,0.7969298908900727,0.13945706341171063,0
0.004104436883094926,-0.09884120899341849,0.8070840050924453,0.14008499325539478,0
0.003399110537531397,-0.0988467045195491,0.8025047263047406,0.13031401276245064,0
0.0022784776673011745,-0.0988633330726023,0.787761479242763,0.1211529620865504,0
0.0014024913272813627,-0.09885476346417849,0.7786094281269461,0.10191309724176459,0
0.0022995585343174385,-0.0988490555619918,0.7932182359023721,0.11169230703063943,0
0.0018031897653178679,-0.09885933055593475,0.7831854536848546,0.11153302966415748,0
0.0018607439817062846,-0.09884737114162002,0.7886422103444637,0.10207237460824653,0
0.0014904567468781924,-0.0988454325006575,0.7838526400169361,0.09313895830658357,0
0.0007797781265879753,-0.0988465269735031,0.769125423727991,0.08391417723656452,0
0.0003655908235595367,-0.09883947494266812,0.7605475856090462,0.06692461674889605,0
0.0006871576339743891,-0.09883789157882951,0.7699966851721494,0.06685702453531589,0
0.0005002284209109631,-0.0988354111197982,0.7657105900843528,0.05798460988874998,0
0.00015127370869942735,-0.09883398625110552,0.7550305609254083,0.05043190274114199,0
0.00021709693537540415,-0.0988313044681788,0.7578082928922827,0.04032666922270746,0
0.00038571683486863666,-0.09883324383722601,0.7629520777425339,0.04973825288487295,0
0.00025075886466512803,-0.0988364924219514,0.7577890732672272,0.058678259745019015,0
0.004216497983443084,-0.09886141849042625,0.8016509178106294,0.14865516142098217,0
0.0028246153317820336,-0.09886558019645357,0.7923456850664179,0.1303050127491305,0
0.0028161022349282154,-0.09884905012654281,0.7979205204810857,0.12116196209987051,0
0.0011736858927431832,-0.09884294887096313,0.7791106378174586,0.08413949830398354,0
0.0010656967139899554,-0.09885063041714237,0.7738674259274685,0.09291363723916456,0
0.0009013911471405477,-0.09884042012549422,0.7742856042316217,0.07535180477915013,0
0.0005567073323204845,-0.09884283009266405,0.7648365046685186,0.07541939699273029,0
-0.0002005159207894474,-0.09883124523970523,0.7427690525431846,0.03987811887593287,0
-3.173615639624818e-05,-0.09883264413574847,0.7488998067342965,0.04515501080853743,0
4.508159060285825e-05,-0.09883040586085728,0.7516775387011708,0.035049777290102904,0
-0.0001227474254681148,-0.09882833396806238,0.7450618748229982,0.021983129950486045,0
7.183962476004304e-05,-0.09882891094541943,0.7528239498410776,0.02610228282737949,0
-0.000159061612307388,-0.0988295848978762,0.7439154636830914,0.030930624413209457,0
-8.304631845422045e-07,-0.09882759241593901,0.7499650378856617,0.01453594151632575,0
-0.0003089987334113573,-0.0988266901493089,0.7366839057073951,0.006838381617985117,0
-0.0005416419006770879,-0.09882554779930124,0.7254909715494022,-0.009581662753447594,0
-0.00042677398975004345,-0.0988260383884075,0.7310874386283986,-0.0013716405677312382,0
-0.0002058117976387839,-0.09882650567295133,0.7409238180691614,-0.001597679864024008,0
-0.00032644533492184424,-0.09882617502575192,0.735327350990165,-0.009807702049740363,0
-9.835857306951255e-05,-0.09882699309005537,0.7457760533278601,0.006963567350075285,0
-0.00021851576969109457,-0.09882741543165768,0.7408728902651966,0.01441075578423558,0
0.007611844388432928,-0.09890727698705519,0.8040739682388426,0.1922212148074821,0
0.00530029962168244,-0.09892623379863412,0.7953286745913805,0.1745453164722682,0
0.006295112214616234,-0.0988685788468047,0.8053330227100053,0.17528987510566824,0
0.005221664454993288,-0.09888285310629906,0.8008503096612832,0.16619928795126093,0
0.003419725377910425,-0.0989232033736412,0.7861099941312895,0.1567088171266244,0
0.004284287645038615,-0.09892788876503036,0.790719334361335,0.1656270667994463,0
0.004291259204878117,-0.09888958330473267,0.7962409694312378,0.15728103827843903,0
0.0034697019156138555,-0.09889022318958998,0.7915199425106811,0.14808294026916752,0
0.002060241691742151,-0.09890393317007574,0.7769759102596243,0.138487334593879,0
0.001098285097202281,-0.0988816501252578,0.7679085312065691,0.11972546044662276,0
0.001535058054017579,-0.09889255655083995,0.7724422207330968,0.12910639752025088,0
0.0016983451387885063,-0.09887413638048628,0.7778350052246661,0.12043921126658658,0
0.001274279196532438,-0.09886673368447542,0.7732589796667576,0.11081927884419368,0
0.00043481523012191796,-0.09886280049580431,0.7587678081775232,0.10103329267149887,0
-3.5711053601617215e-05,-0.09884922984864072,0.7491310412410228,0.08356883369362167,0
0.000374433722685199,-0.09884867219181752,0.7591282324845069,0.0837415054650931,0
0.00018226470200888997,-0.09884404638546,0.7548393134250345,0.07524672522125886,0
-0.0003349714474305955,-0.09883775524130967,0.7399380447268286,0.06256491718438477,0
-0.0007230902378141334,-0.09883077254664561,0.7247582271627899,0.0463411931718481,0
-0.0002611002106691088,-0.0988340344825251,0.7413535486350066,0.05122151803015882,0
-0.000544321555787493,-0.09883405064082706,0.7323481359448092,0.05445305517811644,0
-0.00045826554178872084,-0.09883128785053484,0.7337636398529872,0.04310965602389048,0
-0.0004932106993739216,-0.09882798803056922,0.7304021997892678,0.025888951070834883,0
-0.0007222307878762996,-0.09882543718486404,0.7187888054055019,0.010833602957716255,0
-0.0009527756026010654,-0.09882345178637307,0.7058398937141935,-0.008551595827014258,0
-0.0007511942095974056,-0.09882463166180264,0.7156654326317979,-0.009066629290230926,0
-0.0006265853321137906,-0.09882537764762954,0.7221398884774521,0.0006259701021343305,0
-0.0008376017936378332,-0.09882431943362692,0.7123143495598477,0.0011410035653509985,0
0.008973968921792029,-0.09879300328352436,0.8138765391953207,0.19310494555930552,0
0.007489443231336895,-0.09884338174601272,0.8097056695337363,0.1841278242732752,0
0.006420284143028897,-0.09891899335678275,0.7997013214151115,0.18338326563987517,0
0.0021964218684109465,-0.0988811279777971,0.7823686947511936,0.12982014834021469,0
0.00278281168858337,-0.09888674809156046,0.7869529005748486,0.1389721990027948,0
0.0026823036146917272,-0.0989143736531496,0.7815429521954569,0.1475980758602517,0
0.0006263953882558984,-0.09885393638955797,0.763946615952757,0.09247373495403169,0
0.0001779471227820888,-0.09885557193005738,0.7539494247092731,0.09230106318256026,0
0.0009241213925146287,-0.09885991689343279,0.7686886181522347,0.10147319495663173,0
0.0007348400614939576,-0.09887169354590987,0.7633381696920462,0.11037937655906081,0
-0.0002013409573021106,-0.09884285578397334,0.7445345429839256,0.07306687543900323,0
8.216366637684626e-06,-0.09883915022925775,0.7502428151679374,0.06474476696664042,0
-7.956019153336332e-05,-0.09883598508255702,0.7474843028261184,0.05649840996276338,0
-0.0003537325666041311,-0.09882953289230922,0.7365856261662262,0.03288353497338388,0
-0.0005988988632632744,-0.09882920136305426,0.7275802134760289,0.03611507212134149,0
-0.00030716542077167784,-0.09882828735629329,0.737732037306133,0.023936040510660464,0
-0.00039577118978247685,-0.09882720537583019,0.7335430527483314,0.01636366634441,0
-0.0005167412295102467,-0.09882621149347705,0.7277363555564484,0.008835992287850685,0
-0.0006113869410656087,-0.09882660808502493,0.7245955025973849,0.01836127701427557,0
0.005085918102743162,-0.09906928410481194,0.7844324567857922,0.1909215934450424,0
0.0030722795944773396,-0.09901964824850863,0.7753583597259269,0.1734666577138846,0
0.003289959096554215,-0.09896547571938924,0.7807341769286082,0.1650877374202545,0
0.004214357839591675,-0.09897851502999769,0.7853435171586537,0.1740059870930764,0
0.004024394510415998,-0.09904470514503237,0.7798954082558596,0.1821941255794635,0
0.005278012444945506,-0.0989858701363053,0.7898805656885863,0.18273345495865528,0
0.006599409603199811,-0.09897998489026426,0.7942532125123174,0.19157140412626225,0
0.0015769841167247375,-0.09896884041011876,0.7662569917972276,0.15589766092472487,0
0.0005535352038072778,-0.09892150216900278,0.7572048196311196,0.13726710307553072,0
0.000861564723994344,-0.09889972754039904,0.7625566754188444,0.12849628176107675,0
0.001313168329593279,-0.09891560918090088,0.767090364945372,0.13787721883470486,0
0.001012333261156477,-0.09894371475888741,0.7617309057141737,0.1465823820001278,0
0.0018601644772738744,-0.09893281031748656,0.771616451028426,0.14719249775930193,0
0.0025180819210208123,-0.0989500247489449,0.7761834929642586,0.15630323902567464,0
0.0022548537664082787,-0.0989940156022195,0.7708076757615773,0.16468215931930474,0
-0.00011393686997482048,-0.09888585275922362,0.7481317533722552,0.11849891874659832,0
0.0004920166925384289,-0.0988856375413106,0.7580201422894122,0.11911218959661055,0
0.00018256466626601658,-0.0989021962498243,0.7526682865016874,0.12788301091106452,0
0.00018962074230605234,-0.09887347739243309,0.7534497807748892,0.1097661057090486,0
-0.000552182086018415,-0.09886191286970426,0.738809551860542,0.10071925484090469,0
-0.0003578963871759155,-0.0988728192995669,0.7434706526163986,0.1096090867937515,0
-6.00863040927292e-05,-0.09886357403416833,0.7487886800190326,0.10087627375620178,0
-0.00027105549383721534,-0.09885524165098049,0.7439702965507824,0.09214404426726318,0
-0.0008444320783678857,-0.09884563244086797,0.7291095781256274,0.08328993941534678,0
-0.0007154385260996942,-0.09885297954831407,0.7339595649930847,0.09200459712812573,0
-0.0004443640186298734,-0.09884819317109221,0.7391203096833251,0.08342938655448423,0
-0.0005662304868223977,-0.09884148465511147,0.734523811426228,0.07292742829986577,0
-0.0010700497579354078,-0.09883437387419627,0.7180010140926762,0.06575684598448314,0
-0.0012731304586734468,-0.09882666934276045,0.7047037808035422,0.048635554476770905,0
-0.001182296199910777,-0.09883008880591554,0.7113523974481093,0.05719620023062702,0
-0.001003467022840161,-0.09882901501149134,0.714731003983166,0.0474883738243095,0
-0.0008826791666653811,-0.09883245365790805,0.7213796206277331,0.05604901957816562,0
-0.0007039154621413948,-0.09883667655341273,0.7289695294097525,0.06416088158443395,0
-0.0009705323004619063,-0.0988394081691458,0.7235552961091518,0.07452339269991495,0
-0.0009654622492041847,-0.09882587064913097,0.7114699022019187,0.02974827480874891,0
-0.0011541924874112887,-0.09882252577609145,0.6983184719578798,0.01143896613551879,0
-0.0010622703927162956,-0.09882400907541017,0.7048941870798993,0.02059362047213385,0
-0.0008358724120972615,-0.09882559989364159,0.7151293538037103,0.020290938883232582,0
-0.0009445140634993605,-0.09882411976220566,0.7085536386816909,0.011136284546617522,0
-0.0010466665352693628,-0.09882293884790637,0.7020791828360367,0.0014436851542522664,0
-0.0013226957995246603,-0.0988204774820009,0.6862222497701042,-0.007008885924566103,0
-0.0012358698345978027,-0.09882140841124834,0.692270360863992,0.002215040105476344,0
-0.00114412688788371,-0.09882205130405344,0.6960310717421488,-0.007780240875790181,0
-0.0011078316951005473,-0.09882626125238045,0.7080868415027305,0.03919191464275991,0
-0.0008519732589684985,-0.09882809180542629,0.7181140646823543,0.03804473399029851,0
-0.0007313792097602761,-0.09882714230532669,0.7209360509955933,0.027818612939791897,0
0.0022391430872082518,-0.09917447178696133,0.7647624404709625,0.1901715774472619,0
0.0006879018619757084,-0.09906330008171627,0.7556069610112964,0.1727915834321401,0
-0.00031414866034273485,-0.09897793751988204,0.7467488632194278,0.154999238125786,0
-0.0009322257821030437,-0.0989158756344866,0.7376551114172301,0.13616253928529143,0
-0.0006658889903985342,-0.09894368598871688,0.742201987318329,0.1455808887055387,0
-0.00019630359069033328,-0.09892155102742395,0.7474299655241748,0.13671482118041106,0
0.000170407568413029,-0.09894755441975152,0.7519768414252737,0.14613317060065836,0
0.0006318757905681463,-0.09897809304901364,0.7565029275083277,0.15544844952525544,0
0.0011919215256295504,-0.09901181536173494,0.760931976404262,0.1643446221784325,0
0.0018909964178510307,-0.09904887366169121,0.7654826603686117,0.17312912057301233,0
0.0027406676309932763,-0.09908811186439657,0.7700604000984448,0.18181911758057323,0
0.0038089128698735528,-0.09912659481056224,0.7745974486283773,0.19054658544615216,0
0.001395614458754628,-0.09911538750349383,0.7601847007411295,0.181481580439701,0
0.00012846323818533712,-0.0990170642477426,0.7511779121153621,0.16389541077896305,0
-0.00048218400574674496,-0.09890009114603637,0.7428934323947427,0.1273307290159449,0
-0.0012933206400688327,-0.09887631516774525,0.7283274518114231,0.1178352335720606,0
-0.00149738966725918,-0.09885192260022278,0.7187952624831729,0.10042903682094162,0
-0.0008911868788191232,-0.09886903030180401,0.7335685018359825,0.10927724420648265,0
-0.0014134992301373796,-0.09886273770666572,0.7235613571472981,0.10913213519650111,0
-0.0010344946756942865,-0.09885794387464837,0.7288024071718575,0.10057414583092315,0
-0.0011460990791519576,-0.09884892184603462,0.7239524203044001,0.0918594881181442,0
-0.0016025435908896594,-0.0988367139338229,0.7089816961780209,0.08338636046542414,0
-0.0012336961602171877,-0.0988417613623354,0.7190456371518241,0.08333814994038546,0
-0.0015615570718232469,-0.09884340381803952,0.7138884793305968,0.09190769864318288,0
-0.0007122705190301599,-0.09888280958699314,0.7382296025918391,0.11816707615932946,0
-0.0011409958047676545,-0.0988939146608656,0.7329912816143266,0.12699888642867602,0
-0.001317222268496278,-0.09883568940091457,0.7134913551353486,0.07457160322495364,0
-0.0017145207618634388,-0.09882639527829193,0.6964876648283428,0.06658147799278971,0
-0.001775417252142907,-0.09882029438657386,0.6835588600002633,0.050233754848698325,0
-0.0017514025908020006,-0.098822918549435,0.690023262414303,0.05840761642074402,0
-0.001478602226993926,-0.09882668698787397,0.7005957228159425,0.057608516234780305,0
-0.0014041101553599019,-0.09883074056918358,0.7072443394605095,0.06616916198863643,0
-0.0016697921075189677,-0.09883088608379076,0.7027346805031818,0.07498391922910692,0
-0.001536035917863738,-0.09882364159786729,0.6941313204019028,0.04943465466273461,0
-0.0014245963736679785,-0.09882175670331006,0.6909581108358155,0.03175959583973314,0
-0.001202941337342304,-0.09882397318090477,0.7012140065188671,0.030753935324241026,0
-0.0012784264833955174,-0.09882216415490475,0.6946382913968476,0.021599280987625966,0
-0.0015148717368939535,-0.09881896798214536,0.678746135991757,0.013199011555585777,0
-0.0016316575607641082,-0.09881704835589344,0.6666416625416557,-0.00504957015187391,0
-0.0014104197872507637,-0.09881972843253851,0.6824841928809307,0.003095062815509837,0
-0.0015682428752324628,-0.09881795826510721,0.6726938992667064,0.004074720701855933,0
-0.0014860645330024617,-0.09881878939044637,0.6764319561558799,-0.006029228038220006,0
-0.0013546451846391087,-0.09882392173653934,0.6978309458196789,0.04019757515825202,0
-0.0015872763983944221,-0.09882115753651154,0.6872584854180395,0.040996675344215736,0
-0.0014682170387619864,-0.09882019513745703,0.6848521234137863,0.022479303697659457,0
-0.0013427836805447572,-0.0988208141858978,0.6885323039748183,0.012318988845552284,0
-0.0007504002164110183,-0.09919690779204253,0.7450787942757616,0.1900191158835712,0
-0.0017063733749330772,-0.0990459720808947,0.7358694856752384,0.1720754655631449,0
-0.00209965380153145,-0.09894756706124151,0.7273261436938514,0.15298130547659175,0
-0.0019435689291092055,-0.09899058581269181,0.7315978146845449,0.1625283855198683,0
-0.0012302553284728045,-0.09896661839476345,0.7370375034566397,0.15399027180118888,0
-0.0009387729361592414,-0.09901075734063211,0.741309174447333,0.16353735184446544,0
-0.0005193413448590632,-0.09906223087634748,0.7457382233432674,0.1724335244976425,0
5.047712694353572e-05,-0.09912515138878243,0.750342877643529,0.18140534965785565,0
-0.0013029348843344927,-0.09911332463849343,0.7404741399754999,0.18104729072335807,0
0.0007743034412500064,-0.09919672408990436,0.754920617373362,0.19009534666541655,0
-0.001464327256012402,-0.09893170714590378,0.7324906275555407,0.14457192238094158,0
-0.0023084909178288393,-0.09888956802460838,0.7180920303918781,0.13490384558422458,0
-0.0023743128289674805,-0.09885528917855432,0.7084989851927129,0.1174625389680056,0
-0.0018511530086043778,-0.09886700308958159,0.718413218502068,0.1176488862700331,0
-0.0019039410314331832,-0.09885421373281239,0.7136471238379429,0.10894578789447361,0
-0.002330975959654744,-0.09883542139764437,0.6988238484396135,0.100071111487872,0
-0.0023631970668323136,-0.09884394400161758,0.7036614168161632,0.10876682522793879,0
-0.0019314529757320526,-0.09884424579463848,0.7088095554613932,0.10025007415440682,0
-0.0019430615899064753,-0.098836612377653,0.7039027723088171,0.09172873597664807,0
-0.002284697354677492,-0.09882397949660869,0.6882065249588436,0.0839569375815178,0
-0.0022333377057049786,-0.09881691654570494,0.6754741098711945,0.06751934887255541,0
-0.0019904164606593866,-0.09882172863457403,0.6859808873497686,0.06705041343267257,0
-0.001989808100677979,-0.09881889529026931,0.6795164849357289,0.05887655186062687,0
-0.002147585322541582,-0.09881356370934086,0.6625798812789742,0.050871464786175366,0
-0.0017899192786225288,-0.09881703055783252,0.6713366489255117,0.03360221405629109,0
-0.0017977413914669867,-0.09881517177846783,0.6589997002360737,0.014451722649362423,0
-0.0017885311324354575,-0.09881599726712706,0.6651681745807927,0.024026968352826757,0
-0.0016399938026589573,-0.09881810789886855,0.6750413924586344,0.023400612805938432,0
-0.0016675200225033883,-0.0988170535997807,0.6688729181139154,0.0138253671024741,0
-0.0017061320110182852,-0.09881616369400827,0.6628206813888646,0.004701076248744256,0
-0.0018596401323970517,-0.09881367992445647,0.6470929749047276,-0.002793072075300901,0
-0.00182215949355375,-0.09881443093322104,0.6530463375704006,0.005829325287030761,0
-0.0017570184665564523,-0.09881532257817345,0.6568673187231917,-0.003921321113587405,0
-0.0016403780369569235,-0.09890485576642424,0.7278735709045541,0.135533192434758,0
-0.0022325391008301046,-0.0989149120447012,0.7227090870428647,0.14394257553040818,0
-0.0017600572971579794,-0.09888339759100377,0.7232097411016506,0.1263695395781426,0
-0.002359872932206133,-0.09887018122607363,0.7132955077922956,0.12618319227611507,0
-0.0019600601558380937,-0.09883065123128704,0.6985941105684322,0.08367164902347096,0
-0.002315629650152018,-0.09882885780625948,0.6935151866992286,0.0920140245346949,0
-0.0019808250712079266,-0.09882555048041207,0.6923470948935933,0.07526920778715376,0
-0.002265736983289328,-0.09881983312236195,0.681840317415019,0.0757381432270366,0
-0.001957705175108751,-0.09881551292052279,0.666958265102243,0.04223683942123323,0
-0.001977942736726969,-0.09881686524756156,0.6730693706396187,0.050552609817436846,0
-0.0017834591161540834,-0.09881842781290533,0.6774477544628875,0.04191798445249471,0
-0.0016178828372362315,-0.09881943509915564,0.6811473798806635,0.03268090494801211,0
-0.0021922453571864044,-0.09881489933120438,0.6690269955750843,0.05919540682936539,0
-0.0036919895765083087,-0.09913101850054166,0.7253997900510565,0.1904740301919498,0
-0.003993187949297492,-0.09897363689672772,0.7155545937498297,0.17162335414943858,0
-0.003700838398124649,-0.09889500322065001,0.7078639118211584,0.15209133950331877,0
-0.0038585818215834595,-0.09892828669216522,0.711709252785494,0.16185734682637867,0
-0.0029593595525050824,-0.09896305769317702,0.7214403687218405,0.16230232981301518,0
-0.002879320513186079,-0.09901599562276912,0.7257120397125341,0.17184940985629174,0
-0.002623223102130386,-0.09908752008119918,0.7306346378631474,0.18127474787754735,0
-0.003918958045033644,-0.0990401993535547,0.7204771919004431,0.1810486921706942,0
-0.002310327244719192,-0.09917283904381306,0.735239292163409,0.1902465730377605,0
-0.00293171473633713,-0.09892376997836441,0.7175950277575049,0.15253632248995525,0
-0.0029517631449824393,-0.09889393183672084,0.7129779711065183,0.14349759254377167,0
-0.003544592921672306,-0.09885069336324717,0.6981854105602607,0.1346085008249057,0
-0.0029542547022579553,-0.09887134668638178,0.7081387204760694,0.13475617320456512,0
-0.0029189308074908473,-0.09885445213953686,0.7033421978764869,0.12603551989645564,0
-0.0032949391366590966,-0.09882757966126722,0.6885053853667685,0.11721105094728768,0
-0.0027822132253461813,-0.09883263269231723,0.693664616903191,0.10864108121757984,0
-0.0028601508077567605,-0.09884185376857357,0.6985021852797407,0.11733679495764664,0
-0.0034277695433923673,-0.09883716633437349,0.6933453979635147,0.1259097758860967,0
-0.0036394786733730585,-0.09886944910801142,0.7030246611907096,0.14334992016411224,0
-0.003020142085021167,-0.09881644990778185,0.6788177818572224,0.10022327237251386,0
-0.0031601920355879658,-0.09882093843584433,0.6836615836119955,0.10871716165990077,0
-0.0026979625407859585,-0.09882601051142297,0.688820815148418,0.10014719193019292,0
-0.0026315161731161403,-0.09882093740026864,0.6835121534080331,0.09209010497701584,0
-0.0027960729897185833,-0.0988104142289315,0.6670221316862389,0.08365595406358889,0
-0.0025869074348879905,-0.09880826857949385,0.6549548329943702,0.06804178613974243,0
-0.0026924077181958504,-0.09880897549294974,0.6609884823403045,0.07584887010166566,0
-0.002430012756548643,-0.09881238192323766,0.6652144714327823,0.06778056750614891,0
-0.002499177850192592,-0.09881413498746637,0.6712481207787167,0.07558765146807214,0
-0.0025641624983289285,-0.09881701161175818,0.6776143283225413,0.08380644582255334,0
-0.0029117650511657394,-0.09881270840624236,0.6729199567717307,0.09193961321805137,0
-0.0023534817640766454,-0.09881124855568717,0.6587673571366721,0.0594566254629589,0
-0.0023852326634026125,-0.09880806610949767,0.6425424747329398,0.05237804351265239,0
-0.002053322218933969,-0.0988123866156629,0.6511453293578748,0.034533033037253594,0
-0.001936143434829614,-0.09881461958362747,0.6612409891416933,0.03406762354677234,0
-0.0019131652904309884,-0.09881394081207812,0.6550725147969743,0.02449237784330801,0
-0.0019871916506287346,-0.09881176893988379,0.6393362325704044,0.016723659749817217,0
-0.0019873787886120794,-0.09881090752162949,0.6275636409170171,-0.00037442723129397566,0
-0.0019141225525358286,-0.0988128131810333,0.643214603737566,0.006965293837258158,0
-0.001978950034191447,-0.0988113943614038,0.6334499367437108,0.00817461625926162,0
-0.001937154814795609,-0.09881218826431583,0.6373283079108724,-0.0015837496532974385,0
-0.0022837087529593604,-0.09881062452611929,0.652561178005957,0.05162475414941388,0
-0.002097201861513107,-0.09881285775275202,0.6568626053184246,0.04270224891171448,0
-0.002208060774816789,-0.09881046030836341,0.6468439020454073,0.04345553827495299,0
-0.0024841657132430124,-0.0988080068778853,0.648748653863655,0.06020991482619741,0
-0.0020131034758562134,-0.09881206820838918,0.6452407809641396,0.025628346393535405,0
-0.001905850253532966,-0.09881338255694735,0.649167966403239,0.015587691199589821,0
-0.0063992068475145145,-0.09899312990157692,0.7057425391897695,0.1915070909240959,0
-0.005246110203750635,-0.09906093046058995,0.715571164620413,0.19099056055802285,0
-0.005129298218353839,-0.09898550201687249,0.7106485664697996,0.18156522253676724,0
-0.0060829724021181615,-0.09885818369190559,0.6934932957519261,0.17132658557530167,0
-0.005071564130375984,-0.0988290421240403,0.6878673404125327,0.15172114368327985,0
-0.00442929126365151,-0.09886267207297023,0.6978656261168455,0.1519062415932993,0
-0.004800926748923498,-0.09888382423160026,0.7006786037865422,0.16170896253931022,0
-0.005553724945844657,-0.09884074634595068,0.6906803180822294,0.16152386462929075,0
-0.005094084865324626,-0.09891906767156829,0.7045239447508779,0.17147496986237012,0
-0.00632847051613101,-0.09890964374073026,0.6996179174708478,0.1814168382496988,0
-0.004259159852330999,-0.09884274348343113,0.6930263754863968,0.14316482225409277,0
-0.004521640885763059,-0.098807382117038,0.6781890528640764,0.1342262574240889,0
-0.003981332609470644,-0.0988000583741217,0.6685088850137367,0.1168582972803598,0
-0.004248786637954491,-0.09880250158372751,0.6733489689389065,0.12554227735222434,0
-0.0036699050193258692,-0.09881335825652411,0.6785071351902526,0.11703467411382373,0
-0.0038721928027949807,-0.09881947338654129,0.6833472191154224,0.12571865418568828,0
-0.004070054075872425,-0.09882886343865581,0.6881872317121686,0.1344173791244973,0
-0.004798969479212884,-0.09881574097815059,0.6830281966383045,0.14297370055368436,0
-0.003475197791322423,-0.09880954488602195,0.6736633334354796,0.10854078482643684,0
-0.0034932733122589915,-0.09879931505889049,0.6588208877540263,0.09991082050065256,0
-0.003732057230892313,-0.09879914744921002,0.6636648863838814,0.10838455889050619,0
-0.003284079775910963,-0.09880738101567034,0.6688193348056244,0.1000670464365832,0
-0.0031261230432082948,-0.0988055851722364,0.6629215097201326,0.09178338728212072,0
-0.0031292893662138474,-0.09879980683708886,0.6471247205881557,0.08460367739052896,0
-0.0028432537548830046,-0.09880451519008553,0.651039776791263,0.0763227317651357,0
-0.002985710630769986,-0.09880469929923445,0.6570734261371973,0.08412981572705892,0
-0.0033103495900813798,-0.09879919875644257,0.6529728041710909,0.09225724894559076,0
-0.0027849159781870567,-0.09880202707869636,0.6349856822840807,0.06922219650652568,0
-0.0024875105356981842,-0.09880443221618496,0.6226818766560132,0.05448141961951089,0
-0.0021994015907987135,-0.09880880578445946,0.6313541557303036,0.03622696190236845,0
-0.0020577112034553917,-0.09880939123784437,0.6198616283966876,0.018297733759051568,0
-0.0021186041801965223,-0.09880918057955554,0.6256078920634955,0.02726234783071001,0
-0.002081822762865121,-0.09881045338911726,0.6353451941503541,0.026475310826092835,0
-0.0020373576882462712,-0.09881043257221889,0.629598930483546,0.017510696754434393,0
-0.002013773605123743,-0.09881024281921579,0.6237126346568523,0.008961653263878796,0
-0.0019985664541383743,-0.09880917094107525,0.6080367215566044,0.002063237939838783,0
-0.0020198955771573985,-0.09880936222042212,0.6139491749766459,0.010180485849445175,0
-0.0020083720497595975,-0.09880988959427194,0.6178001812368108,0.0008444053542724037,0
-0.002573104079365507,-0.09880534743839556,0.6387640785085102,0.06080012000958904,0
-0.002632003439112248,-0.09880323263810167,0.6288337794700469,0.061851808063018286,0
-0.00245513595377955,-0.09880596156515967,0.6326121756944765,0.05342973156608164,0
-0.0022861297700022946,-0.09880843828251701,0.6369483152316218,0.04430250270751042,0
-0.0023328661429643455,-0.09880682069092703,0.6270180161931584,0.045354190760939675,0
-0.002706816765350739,-0.09880478123022125,0.6449702576392254,0.06863199132313405,0
-0.002953790252850769,-0.09880079369597686,0.6410552014361182,0.07691293694852733,0
-0.0021422732477880467,-0.0988104272941299,0.6412497425440893,0.03537999746981102,0
-0.008705838805151172,-0.09881699239850647,0.6861187615548019,0.1930527247722307,0
-0.008221677405419441,-0.0987302233620012,0.6724328236662157,0.1777403897723467,0
-0.008565522629870245,-0.09875826349107758,0.6792757926105089,0.1853965572722887,0
-0.007179699722732366,-0.09879833999846599,0.6829630597090709,0.1745334876738242,0
-0.007339881376401042,-0.09884027650213986,0.689806028653364,0.18218965517376617,0
-0.007848175073283004,-0.09888880504893793,0.6959306503722857,0.1922799078481633,0
-0.0065077119481381585,-0.09878306673593576,0.6772547229317177,0.16268673402306752,0
-0.005768962229841849,-0.09880874414135113,0.6825610316721252,0.15720393885317369,0
-0.006349943217295299,-0.09881599446599504,0.6853740093418219,0.1670066597991846,0
-0.007316255128617072,-0.09876056601181694,0.6748437732989667,0.17021356189770712,0
-0.006029422838119174,-0.09876715315180247,0.6678798009540833,0.1508620369198653,0
-0.005179149339213439,-0.09877050639489023,0.6581935328766839,0.1338225745972579,0
-0.005594883309686542,-0.09876781168142271,0.6630366669153835,0.1423423057585616,0
-0.0048926163591252805,-0.09878755612192475,0.6681912928703801,0.1340244160106734,0
-0.005236236830807476,-0.09879035705257345,0.6730344269090798,0.1425441471719771,0
-0.00560206554621759,-0.09879650543817141,0.677873570683308,0.15129159030157258,0
-0.006276348514396948,-0.09877308932217038,0.6725672619429005,0.1567743854714664,0
-0.004550562872564166,-0.09878725648624127,0.6633512089452103,0.12534043593880886,0
-0.004400407079042672,-0.09877901949247313,0.6485131473627308,0.1165350497326182,0
-0.0037476816770969285,-0.0987875668158027,0.6388217151706328,0.09984023647271635,0
-0.004062371112119703,-0.09878334860147675,0.6436674312666818,0.10818764310266728,0
-0.003926504367107062,-0.09879030847213645,0.6536670175583785,0.10822293511663539,0
-0.0036499127560505407,-0.09879259014891831,0.6488213014623295,0.09987552848668446,0
-0.003425289100559107,-0.09879424305258715,0.6429732178793943,0.09222195693162266,0
-0.0032697496399095843,-0.09879351334760102,0.6277846468762651,0.08557831287129963,0
-0.003503376834732927,-0.09879054865353672,0.633303181023449,0.09270927467200799,0
-0.003223142000010128,-0.0987960721657115,0.6374546837322104,0.0850909951309143,0
-0.0030146545772337884,-0.09879814807872797,0.6313851645801729,0.07740025468891265,0
-0.0028471797902118643,-0.0987986076036849,0.6148084542236633,0.07193539078582006,0
-0.0024254705944042857,-0.09880346657479595,0.6028818422808109,0.056014504497685,0
-0.0022086561890366442,-0.09880686649409608,0.6115071683615952,0.03763252813895937,0
-0.002221331442793516,-0.09880761049748958,0.6214306620459494,0.036929745020663915,0
-0.0021228353460804703,-0.09880826033288108,0.6156843983791414,0.02796513094900547,0
-0.002006861430147188,-0.0988082444935362,0.5999911243734132,0.02079461866233795,0
-0.002098025997325977,-0.09880768116024051,0.6057491463675042,0.02921357340064866,0
-0.0020489634063474162,-0.0988086370095377,0.6099263763850504,0.01954617621069476,0
-0.0019938705114497363,-0.09880879341117522,0.6040139229650088,0.011428928301088366,0
-0.0018824966242581313,-0.09880869239211547,0.5884947438576296,0.0043758691471749355,0
-0.001956789185410008,-0.09880877252328188,0.598265732707117,0.0032195535435068593,0
-0.001935670927856934,-0.09880856691962296,0.5942429341155213,0.012585243904756443,0
-0.004225985055414633,-0.09878840929111607,0.6585110161882337,0.116696673506489,0
-0.004777544556919774,-0.0987745123365882,0.6533533401197074,0.12517881216493806,0
-0.0028387414463863464,-0.09879984367559429,0.6248970682538719,0.07057879364617287,0
-0.0026565278795704114,-0.09880174652468646,0.6187451654398382,0.06320840520266548,0
-0.0026266124502584607,-0.09880125130108676,0.608845148252237,0.06397494764175253,0
-0.0024759589870688653,-0.09880361929870475,0.612781859468412,0.055247962058597944,0
-0.002338280783832253,-0.09880578152753461,0.6170945225088043,0.04605697387923513,0
-0.0023080343440307067,-0.09880527928470925,0.6071945053212031,0.046823516318322184,0
-0.0030552163349289365,-0.09879609945494111,0.6212965505499641,0.07875685182855985,0
-0.010477237030345785,-0.0986449041775482,0.6665320285254098,0.1950146595390509,0
-0.009491754894545127,-0.09862367238656776,0.6531431626718499,0.18098188739659854,0
-0.010080760039340305,-0.09861978968963096,0.6598375955986299,0.18799827346782472,0
-0.008905258717957276,-0.09867515211984311,0.6627879931690328,0.1793611385844726,0
-0.009343467534014724,-0.0986883495244497,0.6694824260958128,0.1863775246556988,0
-0.00996075216991533,-0.09869839427365182,0.6763253950401058,0.1940336921556408,0
-0.007494782404944929,-0.09871144345093848,0.6587574486725777,0.1641233449763522,0
-0.008437477289071385,-0.09867317737071708,0.6559503056722138,0.17255261618647538,0
-0.007877105435068518,-0.09871651322733456,0.6655951361693967,0.17093186737434946,0
-0.007051532468735682,-0.09874507205520094,0.6680060858021477,0.16340503949970986,0
-0.006737088129206009,-0.09874206012662334,0.6633186248133305,0.15749269094810875,0
-0.006564330716079526,-0.09872410734677789,0.6478910649097303,0.15007164309177964,0
-0.005843675381405119,-0.0987497609895739,0.6530422988932071,0.14194710884451878,0
-0.006351041304648635,-0.09874266782347155,0.6578854329319068,0.15046684000582247,0
-0.007027270429357184,-0.09871655959411255,0.6533242567911539,0.15709749403406592,0
-0.005493120604955719,-0.09874787879626962,0.638196079422157,0.13347325699034865,0
-0.004530586354377588,-0.09876862310752357,0.6285242706359012,0.11614722319661468,0
-0.003751817308874257,-0.09878353805386578,0.6188358460073778,0.0994532719821553,0
-0.004123809987330521,-0.09877666165930438,0.6236800583216395,0.10780024758938499,0
-0.0041257329912081425,-0.09877879680081529,0.633672992903267,0.10799372983466551,0
-0.0037794883448774726,-0.09878456183759597,0.6288287805890054,0.09964675422743582,0
-0.0035046047425249935,-0.09878875342277209,0.6233102464418214,0.09251579242672747,0
-0.0031742651294049385,-0.09879298643261449,0.6084377199096186,0.08514831250644578,0
-0.0032455493906117586,-0.0987926216464647,0.6181111833929418,0.0853633126888727,0
-0.0030047611049954905,-0.09879592313673213,0.6116230870666409,0.07854185164613292,0
-0.002684130739864679,-0.09879986752302264,0.5996033272855941,0.07029783818572016,0
-0.0022703459923583053,-0.09880439655881924,0.5842653353704506,0.06011406230134951,0
-0.0024781937051033746,-0.09880223113612231,0.5919343313280223,0.06520595024353484,0
-0.0025463775796171224,-0.09880179532308384,0.6012425847832025,0.06315617134170258,0
-0.0023655615545165095,-0.09880363505546715,0.5935735888256307,0.058064283399517254,0
-0.0020866841407145356,-0.09880667274904306,0.5918088131290837,0.039697313595147034,0
-0.0020378573310842803,-0.09880752675466026,0.5958999687512485,0.03024596612874249,0
-0.002165107692682663,-0.09880654385377814,0.6016579907453394,0.0386649208670532,0
-0.002245304604594711,-0.09880527283909729,0.5973453277049473,0.04785590904641601,0
-0.0021674137832234266,-0.09880558308626738,0.5880370742497671,0.049905687948248276,0
-0.004924859137759922,-0.09876493177757983,0.6433546133924439,0.12500415336148343,0
-0.0049913685141511266,-0.09875892816432566,0.6333601750290291,0.12481024009348166,0
-0.004501501838903687,-0.0987723528569631,0.6385187089993161,0.11634113646461644,0
-0.005380212032997773,-0.09875707597380182,0.6481948061494205,0.13364791579380328,0
-0.0060103361774958,-0.0987363586748549,0.6430435721659435,0.14177245004106415,0
-0.003452771997709549,-0.09878859510279447,0.6136367829584982,0.09230079224430054,0
-0.0027774056409396526,-0.09879900479066805,0.6072058907546287,0.07111661448577011,0
-0.0029169934512959686,-0.09879676765577669,0.6040205235976064,0.07772307534608297,0
-0.0018210577549684648,-0.09880852492422765,0.5802377014099154,0.022701054083187015,0
-0.0019432776543445909,-0.09880775638287342,0.5860232572694996,0.031199183839167026,0
-0.0019302980612400465,-0.09880822402197659,0.5901144128916642,0.02174783637276248,0
-0.0018437094373839153,-0.0988086619991441,0.5843662226337725,0.013538461615180976,0
-0.001637171453873965,-0.09880937790681243,0.5689236607562721,0.006425594277178251,0
-0.0017756907543088774,-0.09880890908651059,0.5787092023069509,0.005400731712176593,0
-0.0017209201054865764,-0.09880903354869139,0.5745806810830938,0.014563324180182632,0
-0.011615872411439084,-0.09851731382913843,0.6469771203754761,0.1972732467138197,0
-0.010571978811455962,-0.0985689408396706,0.650060141523663,0.1891275670552091,0
-0.011465632186840432,-0.09853491205934967,0.6567545744504429,0.1961439531264353,0
-0.010008105462930244,-0.09856767026883659,0.6336764394294335,0.1825567360528416,0
-0.008104269963749524,-0.09866134724131327,0.6399473290631196,0.165896950859073,0
-0.009011402736046524,-0.09861922881102013,0.6368118842462765,0.1742268434559573,0
-0.008790191591125724,-0.09864136102261996,0.6465452458674847,0.17343941912783578,0
-0.009808251829205177,-0.0985907311670616,0.6434098010506417,0.18176931172472005,0
-0.010890440565726602,-0.09853096450197017,0.6403267799024548,0.18991499138333065,0
-0.007855927351062535,-0.09868253802286543,0.6493523888678486,0.1650101479177126,0
-0.007303686118629044,-0.09869560278417377,0.6439191969864249,0.15798429697542632,0
-0.006734560495556937,-0.0987050786774621,0.6278864798571153,0.1501305484216808,0
-0.006703008193382604,-0.098711144646192,0.6378887723834228,0.15010109575673022,0
-0.007402436749436041,-0.09868382460398789,0.6339169044601174,0.1580137496403769,0
-0.006094274688093144,-0.09872799651136151,0.6330412796396361,0.14180190270601473,0
-0.005453041242102936,-0.0987432603239059,0.6182140457600289,0.133065267545954,0
-0.004374559821469038,-0.09877000939266814,0.6085632519325438,0.11568845376304077,0
-0.0035186119919244203,-0.09878710141369636,0.5989550921682707,0.09885937673909537,0
-0.002787268872916444,-0.09879841302206788,0.589165053305188,0.08058129832708857,0
-0.002324261677467159,-0.09880460148648479,0.5716164878323331,0.07609912443339722,0
-0.002505347866113526,-0.09880185873140901,0.5867151943378193,0.07034768031421904,0
-0.0023021787646766243,-0.09880419714206529,0.5779409116013918,0.06810659336737337,0
-0.002565984264726983,-0.0988014854845021,0.5803907705687605,0.0783402113802429,0
-0.005516110909083707,-0.09874329785668842,0.6282050625910929,0.13326926226815133,0
-0.006065059422865696,-0.09872580783914021,0.6230502628085721,0.14159790798381738,0
-0.004978329196698893,-0.09875663675136893,0.623369158197965,0.12460624537128434,0
-0.004886939369022709,-0.09875798322550214,0.6133886488462863,0.12437686065449738,0
-0.004486998105055317,-0.09876790389628014,0.6185437612842225,0.11591783847982773,0
-0.004056236582601614,-0.0987769474103147,0.6136995489699608,0.10757086287259804,0
-0.003662810622768998,-0.09878447212252064,0.6088954690878243,0.09915632436062533,0
-0.003924540712203621,-0.0987794828149152,0.6037591720504072,0.10727391525106807,0
-0.003345098615818327,-0.09878997265934586,0.6036964060389447,0.09200384462277057,0
-0.0029977611272409698,-0.09879539800504636,0.5988013866074033,0.08286480541676718,0
-0.003130093947423309,-0.09879350530191583,0.5940600727367293,0.08972033753309197,0
-0.0027399846822479773,-0.09879896794923532,0.594384190295391,0.07543956825640437,0
-0.0018380160429691465,-0.0988084552940435,0.5629803763351526,0.05882457905274363,0
-0.0018124595167741098,-0.09880821065250864,0.5717044567932158,0.040836637441042246,0
-0.001810619136546256,-0.09880835274923644,0.5759710791015655,0.03176884576211463,0
-0.001966446690777848,-0.09880727300472675,0.5817566349611498,0.04026697551809464,0
-0.002024568306424789,-0.09880663747008199,0.5779848960818332,0.05047534987119588,0
-0.0018217336412473858,-0.09880821155357411,0.5673424165641843,0.049830608246892935,0
-0.0020716443759602773,-0.09880630743427962,0.5736228558528016,0.05946932067704657,0
-0.002064484176265573,-0.0988068525559907,0.5672984320837429,0.06746185174307043,0
-0.0015073465227774644,-0.09880987973434557,0.5604276615069956,0.024321294642469342,0
-0.0016501922177971414,-0.09880918287714038,0.5660660591501057,0.032578966041755794,0
-0.0016791731747038316,-0.0988091028801778,0.5703326814584555,0.02351117436282818,0
-0.0015654172892863886,-0.09880963862026587,0.5646756611316339,0.015373444459823797,0
-0.0012718383037304765,-0.09881080545749524,0.5493161447243682,0.00808813882844488,0
-0.0013829727724562276,-0.09881038787198455,0.5548719031156819,0.016204716735457113,0
-0.0014684313461042185,-0.09881003610086493,0.5591199027403202,0.0072568665528115655,0
-0.012062270272753766,-0.09846365447135717,0.6274414338011367,0.1996932485171144,0
-0.009946987015942464,-0.09856947357078776,0.6137008211797933,0.1844270994668005,0
-0.008196491055361292,-0.09864791834618054,0.6208486765005473,0.167068009007821,0
-0.009074111021589629,-0.09861019541219745,0.6272625579649904,0.1748123725303313,0
-0.010039410366388609,-0.09856272296849374,0.6236886303046134,0.18349191775982104,0
-0.009038104166604199,-0.0986114299722795,0.6172747488401703,0.17574755423731075,0
-0.012284257886305345,-0.09843620586029554,0.6372092770883064,0.19848324761546704,0
-0.011065704528795335,-0.09851171277213662,0.6305589366152851,0.19112499228497798,0
-0.011066727871513039,-0.09850891224755759,0.6205711274904651,0.19206017399195746,0
-0.008210083779611807,-0.09864977758419019,0.6303980027818334,0.166482479933447,0
-0.007437079523727456,-0.09867862829242759,0.6243675781788314,0.1585992787147509,0
-0.006457889725376678,-0.09871418918593855,0.607896023705055,0.14982208009703926,0
-0.005084584765256512,-0.09875542710824142,0.5982331334820326,0.13271233024494367,0
-0.003948217894349934,-0.09878142066639499,0.5886642557325688,0.11501099665730678,0
-0.0030372317814189313,-0.09879656241200184,0.5794882399365837,0.09661765689559865,0
-0.0024497640374917524,-0.09880759024525551,0.5598407576144818,0.0963322317867646,0
-0.002652351913836435,-0.09880127280103546,0.5755523638844584,0.08635839066449794,0
-0.0023914399948859275,-0.09880543417324385,0.5657286227234075,0.0862156781100809,0
-0.0027630601278216893,-0.09880192488107886,0.5696644987755328,0.09647494434118162,0
-0.005946051270998721,-0.09872897355633481,0.613055034732542,0.14144367382149664,0
-0.006646510982546127,-0.09870642169745333,0.6178912517810852,0.14997631425936003,0
-0.007292661731148763,-0.09868397312215473,0.6143723501028011,0.15844504455243014,0
-0.005308450855568132,-0.09874745884474861,0.6082235896210307,0.13288879889544883,0
-0.004724327413180414,-0.09876255973825342,0.6033981927072882,0.12420039200399222,0
-0.004484229620634392,-0.09877009679933725,0.5934486946073007,0.12386166345112523,0
-0.004191919990980937,-0.09877470522263122,0.5986137538325562,0.11534972521017378,0
-0.0037328444067729065,-0.09878392697340445,0.5938096739504197,0.10693518669820107,0
-0.003298796294997527,-0.09879144236446696,0.5892216660524272,0.09773851681734701,0
-0.003463693380485424,-0.09879009934787703,0.5840762478345762,0.10581432677645272,0
-0.005736229052167134,-0.09873713923239981,0.6030645785935438,0.14126720517099145,0
-0.0029120165471787666,-0.09879721195656276,0.5843266466208858,0.08859947761134361,0
-0.0018165534938889367,-0.09881117796398552,0.5517024812238901,0.0776214902659182,0
-0.002088251325919008,-0.09880778539042451,0.5616594845281115,0.07686030734965771,0
-0.002109899192986743,-0.09880980143951792,0.555771619419186,0.0869768610263414,0
-0.0018311084482113766,-0.09880941918011174,0.5573414287795213,0.06822303465933091,0
-0.0012935730442339788,-0.09881303923683614,0.5409598163518651,0.060991698837000126,0
-0.0014080958919618987,-0.09881073113544177,0.5513066109621185,0.04235335106157137,0
-0.0016109907850501617,-0.09880981062596639,0.5571434936486356,0.0505889650571575,0
-0.001583410808477443,-0.09881072895898098,0.5519700963435088,0.059908138944871875,0
-0.0013523675942202767,-0.09881164128409226,0.5461332136569919,0.051672524949285745,0
-0.001539205170885907,-0.09881237523058929,0.5463311487878776,0.06930659455145917,0
-0.001625326978484253,-0.098809400893441,0.5615055338776671,0.041594994251306805,0
-0.0014541728676079676,-0.09881021783264092,0.5558671362345571,0.03333732285202036,0
-0.0010811966952949652,-0.09881169506179821,0.5405102743059453,0.02569028108418525,0
-0.0012357358929348417,-0.09881129989216071,0.5459084426340319,0.03402181607287831,0
-0.0013065179343370792,-0.0988107767803039,0.5504689679064705,0.025005787863327297,0
-0.0011712907893315194,-0.09881121680586952,0.5449132095151568,0.016889209956315064,0
-0.0008082900124653225,-0.09881233066250286,0.5296734670552726,0.009260577027474248,0
-0.0009401107535155806,-0.09881201255976442,0.5350918706806089,0.01747542905582975,0
-0.0010504886026621845,-0.09881159914198416,0.5394948058898204,0.008674357927959564,0
-0.011793870729576609,-0.09849616352529582,0.6079079889629149,0.2021313692806051,0
-0.012376139583261224,-0.09842469601173974,0.6176747113820258,0.20091230889885975,0
-0.010911217033734034,-0.0985262443453568,0.6108044050713541,0.1932792343737028,0
-0.009462599032124177,-0.09861730870733651,0.5961733454820989,0.1867081442631601,0
-0.007675620314378012,-0.09867861049038108,0.6001372728821177,0.1672563808747417,0
-0.008524785900588637,-0.09865025555165499,0.5981553091821084,0.1769822625689509,0
-0.008759884321839276,-0.0986299867720039,0.6069190470309556,0.1758417401707711,0
-0.009748740158760778,-0.09858963256210485,0.6049370833309461,0.1855676218649803,0
-0.010661056208257292,-0.09855404455449701,0.6020406672225069,0.1944197567718826,0
-0.008000472912168922,-0.09865836942243833,0.6104929746913326,0.16716219494128137,0
-0.007049739454678356,-0.09869674104048513,0.6040166482935864,0.15853923048589047,0
-0.005819792283191452,-0.09874497124437309,0.5878919659777008,0.1497964823278896,0
-0.006700954595556903,-0.09871598941065152,0.5940146194299092,0.15852643160131566,0
-0.006183922996570119,-0.09872728843165482,0.597893994841378,0.14980928121246445,0
-0.005452225915418162,-0.09874924411589546,0.5930625497298667,0.14125440628641664,0
-0.004416038243345307,-0.0987797628796555,0.5782684066045427,0.1322800498462455,0
-0.0050774352335654,-0.09876486500442742,0.5830801862911217,0.14103826608706754,0
-0.0047844102371500385,-0.09876649792008635,0.5882507700432876,0.1324961900455946,0
-0.00418479964202372,-0.098779686985247,0.5834663311685557,0.12364552325177613,0
-0.0033077013174919066,-0.09879860262778031,0.5687234758472439,0.11466916514876722,0
-0.002478653271510183,-0.0988171694098372,0.5487125984420844,0.11438461680193257,0
-0.0017152589491660746,-0.0988186397431626,0.5397656655560191,0.09647185708033044,0
-0.001116146683556955,-0.098818044148034,0.5299535792772145,0.07903210111239904,0
-0.0017776112684435273,-0.09881416693371572,0.5457340733899546,0.08704667367312433,0
-0.0014820976185491374,-0.09881480892719906,0.5408280302505524,0.07832679568915862,0
-0.0013949021994791736,-0.09881856056645771,0.5348596224166169,0.08775197909636474,0
-0.0036542020608904898,-0.0987895370851757,0.5786938657899063,0.114840080903037,0
-0.0031766210756022425,-0.09879680082519951,0.5741058578919138,0.10564341102218294,0
-0.0028495989280552126,-0.09880395625754952,0.5642821167308629,0.10550069846776591,0
-0.002913749262498441,-0.09880802728493214,0.5587180371446642,0.1145268909753499,0
-0.002475857976044183,-0.09881132409956479,0.5542766780282831,0.10535842429434858,0
-0.002069968967954361,-0.09881836067951413,0.5442391319990518,0.10542823694113151,0
-0.0020985082795410225,-0.09881332046263949,0.5498032115852505,0.09640204443354752,0
-0.003827984648427422,-0.09879070914727535,0.5734959412258933,0.12347460749750636,0
-0.0012130850034185452,-0.09881512887600923,0.5354566978145399,0.07001189997469959,0
-0.0006450862960683423,-0.09881657286850312,0.5196011190063164,0.061856075082910675,0
-0.0008837838320032231,-0.09881334791020092,0.5304510602950734,0.04359140637084266,0
-0.0011575272227560606,-0.09881210146564756,0.540878835628596,0.042972378716207016,0
-0.001076229150442638,-0.09881329677938223,0.5357054383234692,0.05229155260392139,0
-0.0007701570851461531,-0.09881472249421597,0.5250260896506949,0.05272374072687667,0
-0.0009793404086347848,-0.09881501897043786,0.5302804676790908,0.061423886959955404,0
-0.0008652188515380008,-0.09881737192722631,0.5247773491417655,0.07044408809765486,0
-0.000982233147360786,-0.09881239135003718,0.5354806673005094,0.034640843727513956,0
-0.0005632082721356902,-0.09881323508140714,0.5202558899533904,0.02654967297471265,0
-0.000716163374281274,-0.09881329780890584,0.5253534751242319,0.03507053967277766,0
-0.0008304561912408716,-0.09881254799053478,0.5303830821296679,0.026119977029448953,0
-0.0006828092130021777,-0.09881272012895805,0.5249646785043316,0.01790512500109345,0
-0.0002800030534482769,-0.09881330230583181,0.5100054035012168,0.009868863687506871,0
-0.000419366095368114,-0.09881322503084727,0.5151306467273036,0.018209268331109762,0
-0.0005497626098401311,-0.0988129190255109,0.5198394352782447,0.00956472035749056,0
-0.010824185205660407,-0.09860743699448517,0.5883592993452134,0.204443428867555,0
-0.008333156967706689,-0.09871568819241973,0.5767967026361331,0.1885082041479958,0
-0.006636156139461271,-0.09874428127475586,0.5780538409051972,0.16794764396560258,0
-0.007976444559159572,-0.09869060985855399,0.587113593193648,0.17732789411438132,0
-0.008947045169745857,-0.0986637960844112,0.586485024059116,0.18760817420557796,0
-0.007434069192770265,-0.09873129451828927,0.5774252717706652,0.1782279240567992,0
-0.011736838513830724,-0.09850297578087677,0.5981336441540641,0.20328739907408006,0
-0.010212193598993467,-0.09860104745087585,0.5922663224136562,0.19557578656535757,0
-0.0095912308011559,-0.09866197009469674,0.5825780009906733,0.1964758165077754,0
-0.007220493032400367,-0.09870798426560327,0.5890955568936574,0.16760201242017214,0
-0.006230852640273495,-0.09874239792144456,0.582972903441449,0.1588720631467461,0
-0.0048336595164391195,-0.09878907071143833,0.5678878355271275,0.1494992238778614,0
-0.004634505657204305,-0.09878252857803402,0.5730781210658351,0.14088963686205347,0
-0.005363690485209845,-0.09876614654606282,0.5778899007524141,0.1496478531028755,0
-0.005678217422002268,-0.09877058705271048,0.5729708382161623,0.158723433921732,0
-0.0035022070103328537,-0.09880926467068551,0.5582097382305585,0.13199214121607267,0
-0.003415702711659049,-0.09880252214505095,0.5634666070389012,0.12333065318241995,0
-0.002956443218345808,-0.09881427195959415,0.5534611683363215,0.12318837900900262,0
-0.0023980377738259417,-0.0988362779540725,0.538230499565133,0.1316123895722054,0
-0.0015109268707716845,-0.09883227804129116,0.5287087182750855,0.11401845465804783,0
-0.0008447382754200991,-0.0988268322647877,0.5189867237979793,0.09653482796214595,0
-0.0003493610802920725,-0.09882170798024378,0.5091789250103737,0.07910084079392543,0
1.520198057024632e-05,-0.09881765594408931,0.49954755658121264,0.06154544916863348,0
-0.0003000507756430574,-0.09881491836337637,0.5100726522483997,0.0441074198393219,0
-0.0004624394403329301,-0.09881569334452459,0.5148368856273581,0.05298174746111629,0
-0.0005976496582806868,-0.09881430041675761,0.5202618562717365,0.04384941310508228,0
-0.0004340548830579431,-0.09881395982136484,0.515164271100895,0.035328546407017276,0
-1.246688365100999e-06,-0.0988138329410371,0.5000514831633598,0.026916966796761328,0
-0.0002851055964251459,-0.09881367480291306,0.5101536865583751,0.02673331988573699,0
-0.00014574894100778207,-0.09881430862646798,0.5050620677058797,0.03551219331804161,0
-0.003987061088010988,-0.09879433644988807,0.5682390724175506,0.13213609553115907,0
-0.004126124752327314,-0.0988011736879511,0.563048786878843,0.14074568254696704,0
-0.002008294887531693,-0.09882542173934833,0.538710658358585,0.1142015357299902,0
-0.001630236065441793,-0.09882447532022881,0.5342371919155523,0.10524515586918914,0
-0.001152778662361108,-0.09882961101849723,0.5238477210365324,0.1052766413100969,0
-0.0012904578464145225,-0.09882331967175485,0.5293761946769993,0.0965033425212382,0
-0.000994848362370949,-0.09882187545014848,0.5244701515375969,0.0877834645372725,0
-0.0005784773368332145,-0.09882416638500342,0.5140828244041764,0.0878178343780357,0
-0.0007390108763190091,-0.09882031865457638,0.519566252143794,0.07906647095316224,0
-0.0005079778588756155,-0.09881885041068027,0.514390022008345,0.07047845793841806,0
-0.00015446786884415101,-0.09881951661681362,0.5043632407957932,0.07032314498127945,0
-0.000317149741617881,-0.0988174099298386,0.5095743377937645,0.06170076212577208,0
-0.0001504735735030721,-0.09881614552327428,0.5048101044148061,0.052826434503977684,0
-0.002455874969231421,-0.09882519892602026,0.5434715490036087,0.12299850318706898,0
-0.0019220811042598932,-0.09883466330169621,0.5334696089201092,0.12281542211512661,0
-0.0029697642906771756,-0.09882351956974604,0.5482201188978457,0.13180226539413903,0
-0.0001402112697702449,-0.09881350071106003,0.5050284433322882,0.0183929152421341,0
0.00027114503344666154,-0.09881330960275828,0.4903279990179776,0.009874030601712932,0
0.00013453883461285394,-0.09881350298266843,0.4951897410906687,0.01839549869923713,0
-4.481302521143827e-06,-0.09881343654183883,0.5001667012595972,0.009871447144609902,0
-0.009203330608843197,-0.09877190046613511,0.568781339891721,0.2064914852893641,0
-0.010397685526161464,-0.09865332103729098,0.5785703196184672,0.20546745707845954,0
-0.008843878460608287,-0.09873107040765468,0.5727890212639271,0.19749984471867993,0
-0.0067837560909566885,-0.09883621796012189,0.5575773585239818,0.19081092827982968,0
-0.007990849055294217,-0.09880571521476146,0.5631793492078514,0.19865120678459688,0
-0.007601064170762001,-0.0987756518719423,0.5671870305800575,0.18965956621391272,0
-0.006514144071851665,-0.09879044811164582,0.5649921979145186,0.1785222058966045,0
-0.006612196631139221,-0.09876359461731583,0.571523019409858,0.17323492493110354,0
-0.007395691812779131,-0.09875735254743236,0.5708944502753259,0.18351520502230015,0
-0.006660693318633763,-0.09881024459505658,0.5612847782192503,0.1846665670882171,0
-0.005031445810462499,-0.09881859650251629,0.557440061374096,0.1649653240704101,0
-0.003581848743100758,-0.09883426025388034,0.5478967369881425,0.14905830065204564,0
-0.0029491724447699976,-0.09883636997403768,0.5430636182766377,0.14033534511212553,0
-0.0035601811244681644,-0.09881948106687162,0.5530532376093504,0.14052522093405917,0
-0.004235186698134939,-0.0988122614220659,0.557892286257635,0.1492787622649535,0
-0.004263570508232387,-0.09882853875020857,0.5526683991811192,0.15701181236122785,0
-0.004952681251325764,-0.09880086904777571,0.5626639484506117,0.15723227397413575,0
-0.005862222200542111,-0.09878257089481965,0.5677469511396466,0.16645648401800633,0
-0.0057371641991163435,-0.09880686695564049,0.5612161296443072,0.1717437649835073,0
-0.001170545826786734,-0.09885444558087818,0.5182539585368559,0.13123120660570542,0
-0.0004586870811159734,-0.09884035784843895,0.5085891170677967,0.11371676712555957,0
-0.0009911458414312213,-0.0988373778905884,0.5186489176714411,0.1138676108918037,0
-0.0006715672541437322,-0.09883290243179256,0.513787920432888,0.10512579754385276,0
4.9607037919052014e-05,-0.0988292884852967,0.4988951094630496,0.09621965614302147,0
0.0004098207000514517,-0.0988214396660704,0.48919873255094637,0.07872831228811995,0
3.1081314658091334e-05,-0.09882204195814727,0.49918882878066,0.07891457654102269,0
0.00019925776311855497,-0.0988194224317083,0.4943731445660795,0.07013688072837672,0
0.0006719768780578529,-0.09881636479489707,0.4794836636680691,0.061239988211221626,0
0.0003042842635377333,-0.09881491270135402,0.4897982625218999,0.04411354121936888,0
0.0005561207227842295,-0.0988132523115101,0.48002572244800834,0.02666867242568755,0
0.0008001971795646481,-0.09881234889484722,0.47065963056484145,0.009275745029581808,0
0.000675180781286039,-0.09881273638433866,0.4753426765064249,0.017972208727634678,0
0.0005411918871202846,-0.09881293275898427,0.4804938147914095,0.00957488781564737,0
0.0004113885820570129,-0.09881323625934242,0.48517686073299293,0.01827135151370024,0
0.00028017760986021696,-0.09881368161405381,0.49003860280568406,0.026792819611224438,0
0.00014653051389973531,-0.09881430791770454,0.49492487284262987,0.03551525400806511,0
0.0004324003833481241,-0.09881396562727755,0.4849119924849541,0.03539110682252822,0
-0.0017954401516160395,-0.09884678507161236,0.5282422290509945,0.1314217980889554,0
-0.0013639232122167016,-0.09884207147401242,0.5234813384059707,0.12262483063187662,0
-0.0007851097802086033,-0.09884708383560524,0.5134215378023264,0.12247398686563249,0
-0.0021523022689712897,-0.0988699286784536,0.5279023345390303,0.14875469813628822,0
-0.0016230581593920435,-0.09886220128939414,0.523078146537943,0.13999295237099682,0
-0.0023007777311768686,-0.09885091783653192,0.5330664170520817,0.1401835438542468,0
-0.0028853158844107216,-0.09885385557546028,0.5378995357635864,0.14890649939416695,0
-0.0003998589196114288,-0.09882879120912126,0.5089409166305144,0.09637724205258372,0
-0.0001662262619491555,-0.09882516978764824,0.5040370172367117,0.08766024846847345,0
0.000244985220454357,-0.09882497981140523,0.494046921006998,0.0874739842155707,0
-0.00018264797676895533,-0.09883441279524902,0.5037421132654232,0.10496821163429051,0
0.0001670393199732869,-0.09881613265825943,0.4946729095515563,0.05282949519400118,0
2.127050956385274e-06,-0.09881511963977367,0.4999354573851498,0.044110480529345394,0
0.0003467630224532763,-0.09881729762593217,0.48951561012464084,0.06139271868992755,0
0.0004780234771020618,-0.09881561375854861,0.4846409630949845,0.052676764715295255,0
0.0005504139655573316,-0.09881859596610079,0.4843411981095077,0.06998415024967079,0
-0.007019282048593324,-0.09895109547402697,0.5491668371792392,0.2081512655447921,0
-0.004782365538788191,-0.09895405836230481,0.5383415378868295,0.19246932845984388,0
-0.0058816027279015685,-0.09895411230343215,0.5437541875330343,0.200310297002318,0
-0.005815030977400005,-0.09889805880348647,0.5479594482054057,0.1916401283698368,0
-0.006980872654015055,-0.09888145689464148,0.5533720978516106,0.1994810969123109,0
-0.008427503928545998,-0.09884111894106636,0.5589740885354801,0.2073213754170781,0
-0.00496477361536535,-0.09887236087397523,0.5473785861833925,0.1786463493979051,0
-0.004901100856644453,-0.09890879405341212,0.542860062035111,0.1855578389288745,0
-0.0058313568991376795,-0.09885822087234875,0.5524779723536872,0.1847286388388674,0
-0.005769603613374837,-0.09883241628408718,0.5561853920489556,0.17858427764725482,0
-0.005025366478081923,-0.09884189109094176,0.5524093237787442,0.1718058367341576,0
-0.003467498747549712,-0.09888161254736412,0.5375806559712152,0.16585535042257085,0
-0.0016616114933116254,-0.09892406041697527,0.5175761405539953,0.16589589038338562,0
-0.0006171143103965978,-0.09888807461090413,0.5079067445979867,0.14838417157858283,0
0.00011374209618078951,-0.09885976995462692,0.4982346740281491,0.13087391569864193,0
-0.0005308192508826898,-0.09885886022651551,0.5082443162825024,0.13105256115217367,0
-0.0001998984283065065,-0.09884929183876405,0.5034118955479729,0.12229534141210074,0
0.0006085214816701691,-0.09883942048341907,0.4885534544892089,0.11336890936281878,0
0.0009321302481064022,-0.09882591978435548,0.4788730371015101,0.09586494770770881,0
0.0004953086699251642,-0.09882830058914113,0.48888407328227984,0.09604230192536514,0
0.0007880293448261776,-0.0988319094853177,0.48371324579535946,0.1046169285352638,0
0.0003059606539038334,-0.09883406296421371,0.4937242819761293,0.10479428275292013,0
7.64423262897877e-05,-0.09884103371977604,0.49857128577850285,0.11354283824418918,0
0.00038637082039732546,-0.09884865070070034,0.493394064258679,0.12212141253073036,0
-0.004281188891368118,-0.09885151386861578,0.5475103586726555,0.16541033724649046,0
-0.003552452964483922,-0.09885454949828244,0.5427386964796788,0.15745682553730825,0
-0.0027628305695622055,-0.09887658350920768,0.5327414952551228,0.15730502427942955,0
-0.0025813327356048075,-0.09890609144311285,0.5275783982626052,0.16587562040297824,0
-0.0019428521374987456,-0.09889405400653087,0.5227392375465127,0.15732529425983693,0
-0.00109480638926596,-0.0989052119571151,0.512741442575991,0.15714003098098422,0
-0.001392418126591496,-0.09888152623354193,0.5179045395685085,0.1485694348574355,0
-0.0009255721572198319,-0.09886966081498785,0.5130803515674213,0.13980768909214414,0
-0.00021757496067172837,-0.0988729005844447,0.5030707093130679,0.1396290436386124,0
-0.004178792269167923,-0.09887914968194489,0.5424796210773039,0.17225084991023798,0
0.0006519941716424013,-0.09882363977977054,0.4840358848262282,0.08729662999791438,0
0.0011406441700410465,-0.09881767464342672,0.4691775898132818,0.07836407227191451,0
0.0010477608742273153,-0.09882124237298502,0.47402531345739596,0.08711450998981166,0
0.0007818397270207059,-0.09881994763365554,0.47918816118211405,0.07854619228001723,0
0.0008910907954460982,-0.09881708968665477,0.47433062674067544,0.06980203024156807,0
0.0012848758399390354,-0.09881305473522066,0.4592613262751431,0.06069254350360836,0
0.0008815091558661105,-0.09881336777551733,0.46967317996505764,0.043760465243308413,0
0.0010657737887191931,-0.09881175770408304,0.4601860502261798,0.026071826257135843,0
0.000711418910503611,-0.09881331754098832,0.474849451206533,0.03521456883449798,0
0.0009730885105219046,-0.09881243624139677,0.4649296150956187,0.03491614575022213,0
0.000818677973198933,-0.09881258814981646,0.47010588633709405,0.026370249341411696,0
0.0009279447568632298,-0.09881204921238251,0.46542284039551063,0.017673785643358825,0
0.0012651767981863137,-0.09881082505555347,0.4510164191499572,0.008112341022120566,0
0.0010430389449166252,-0.09881161942193926,0.46083802485739933,0.008694043025851188,0
0.0011602309623868787,-0.09881125446608022,0.4556012346880685,0.017092083639628206,0
0.0009871649981807442,-0.0988149027405877,0.4693724949716061,0.06096626585741499,0
0.001219053751241497,-0.0988149869750817,0.46421945804421244,0.06952830788776143,0
0.000781227819219342,-0.09881465093316105,0.4745784218165634,0.05250022672726502,0
0.0005983698583693528,-0.09881430494995627,0.47973572124347874,0.043937003231338645,0
0.0010713773171712817,-0.09881331239402925,0.4644672531201004,0.05222650437345838,0
-0.004397712111399048,-0.09910221866423084,0.5295171421655228,0.2093199305123607,0
-0.004666002914688252,-0.09901825425948373,0.5339293400261762,0.2008946294861023,0
-0.005934585384269229,-0.09902206982438061,0.539341989672381,0.20873559802857639,0
-0.002407520557636699,-0.09904280181109257,0.5185821783594986,0.19382785946323672,0
-0.0033653796169602823,-0.09907298381193426,0.5240496602625107,0.2015738949877987,0
-0.003618198624426888,-0.0990042276357021,0.528461858123164,0.1931485939615403,0
-0.00298284674311674,-0.09894696326401745,0.5274549955250378,0.17905637025038373,0
-0.0008231225603917732,-0.09898341208344663,0.5074984699225615,0.17868826677832716,0
-0.0019128382716145271,-0.09897044212777774,0.5174767327237997,0.17887231851435545,0
-0.0027312270569918827,-0.09899063570104398,0.5230185869422682,0.18644211485681023,0
-0.003830469836793309,-0.09895329916965738,0.5328982667059337,0.1857628493551138,0
-0.004001718155104175,-0.0989131000131107,0.5374167908542151,0.1788513598241444,0
-0.003258145791848375,-0.09891135576395672,0.5325178257481264,0.1724558603364773,0
-0.002282974168279604,-0.09893631966864495,0.5225155680395166,0.1724761303168847,0
-0.001277991849425058,-0.09895210628581694,0.5125373052382785,0.17229207858085638,0
0.00022945176543820366,-0.0989352524645069,0.49757954425035833,0.16552597802952707,0
0.0009385698864258904,-0.0988850742316614,0.48790537341602996,0.14801697741624692,0
0.0001634194580525716,-0.09888926810254525,0.49790605900700835,0.14820057449741486,0
0.0004899152826334245,-0.09887174778029567,0.4930700237220895,0.13944544655744442,0
0.0013809491678424136,-0.09885119774132582,0.47822653209728866,0.1305105617431234,0
0.0011881401678565055,-0.09886632251748956,0.4830659527566593,0.13926376957968517,0
0.0007538314541786739,-0.09885715157801395,0.48823060306271887,0.13069223872088265,0
0.0009641328067326095,-0.09884521527986234,0.4833899932932488,0.12193973555297108,0
0.0016315353642780191,-0.09882994663631527,0.4685460176200365,0.11300580489112046,0
0.0015260422165931046,-0.09883922760004904,0.4733862748586626,0.12175818331712193,0
0.001129113371660123,-0.09883563854152908,0.4785497360546227,0.11318735712696962,0
0.001256481120125301,-0.09882810767145901,0.4737095273607733,0.10443537629941463,0
0.001752730620736958,-0.09881772809274934,0.4588673223918321,0.0955029842763727,0
0.0018029661202707903,-0.09881140125274973,0.4489313595906858,0.07794916828140956,0
0.0018105219633339454,-0.09880877424181451,0.4388494520495585,0.05991446210781158,0
0.001561517083187252,-0.09881094458643461,0.44905538916235077,0.060303502805709966,0
0.0015271803580145153,-0.09881248214184263,0.45409634293291445,0.06932085589250896,0
0.0018092694391662314,-0.09880973376491207,0.4438904058201222,0.06893181519461057,0
-0.0007186964456777289,-0.09893367062978861,0.5075778424021768,0.16571093420645633,0
-0.00023594185083298928,-0.09890989648671611,0.5027431444241726,0.15695507480405496,0
0.0006226417142450948,-0.0989079119916587,0.4927424588331941,0.156771477722887,0
-0.000259019565027069,-0.09895861937268967,0.5025390070864599,0.17210712240392712,0
0.0014260867582942623,-0.098817961325961,0.46402245610255693,0.0869335282741436,0
0.0014841288843011676,-0.09881474511221637,0.4590544747019838,0.07815662027666204,0
0.001785284071370387,-0.0988139689730802,0.45389934099125895,0.08672607627889113,0
0.001353221175672787,-0.09882231376378434,0.4688701797466711,0.09568396599204076,0
0.0017048435007273998,-0.0988229150413,0.4637066700059343,0.10425439458374658,0
0.0013947821009304374,-0.0988108283912387,0.44945271041752316,0.04292715620053214,0
0.0015002171348006573,-0.09880990760859505,0.44008992251090673,0.02502275235130123,0
0.0014444692135716808,-0.09881027370695909,0.44477131646421497,0.03397495427591669,0
0.0012211191055316486,-0.09881137912117523,0.4548193803218515,0.034499491228833994,0
0.001295250926296737,-0.09881082756365156,0.4501379863685433,0.025547289304218537,0
0.0013751679181381075,-0.09881041457571887,0.445553170830432,0.0165675466867109,0
0.0016324328935434641,-0.09880938694758673,0.4314082709850838,0.0064573153173142495,0
0.001558905556859173,-0.0988096565433855,0.4357490967479952,0.01574003383430774,0
0.0014626779408887971,-0.09881005181743632,0.4412123450675205,0.007284828169717408,0
0.001341238209666695,-0.09881171998010668,0.45435701834633313,0.05180984985207025,0
0.0015896265218785669,-0.09881000607920452,0.44415108123354086,0.05142080915417186,0
0.0011487166809134568,-0.09881216515995074,0.4595629451912904,0.04334381072192028,0
-0.00149778197096543,-0.09918843816269696,0.5098421182743784,0.209923614096859,0
0.00011529289815658538,-0.09906984624103035,0.499114277044161,0.19380681627084523,0
-0.0006329487322798117,-0.09912659515199958,0.5044781976592697,0.20186521518385211,0
-0.001149914121404587,-0.09906373980877652,0.5088482277018298,0.19381733786704097,0
-0.0020145455147440646,-0.09910931407346182,0.5142121483169385,0.20187573678004786,0
-0.0030658248371462794,-0.09915235919561177,0.5196796302199507,0.20962177230460985,0
-0.0015556432615180193,-0.09901314466824317,0.5130403241410301,0.18625806312078194,0
-0.0003954668303117666,-0.0990236802022638,0.5033063734833613,0.1862475415245862,0
0.0013791738922318904,-0.098975608106503,0.4873431717687412,0.17821879561702555,0
0.0002827838817967117,-0.0989851644619485,0.49742082084565137,0.17845353119767637,0
0.0008073191433095306,-0.09902007605766944,0.4932287244064511,0.18601280594393538,0
0.0007665098211372822,-0.09895531540587175,0.49246135800954977,0.17187238682327632,0
0.002082493518864277,-0.09891309494432997,0.47759091563684214,0.16473695351274484,0
0.0024314368195208088,-0.09886196795841211,0.46790606054129147,0.14764875275924277,0
0.001867027954391273,-0.09885697440448384,0.4730662963192901,0.1390796572511831,0
0.0016979385918163832,-0.09887578300498036,0.4779057169786607,0.14783286508774485,0
0.002287622983517494,-0.09888453227685522,0.4727484880890668,0.1561928531359938,0
0.0014655332878456817,-0.09889892293787785,0.48274814452643605,0.15637696546449587,0
0.0011675240518210135,-0.09892790609113233,0.4875852299436002,0.16513146577113597,0
0.0017654350354105576,-0.09894214509775281,0.4824670437027917,0.1714778745648852,0
0.002561098103288852,-0.09883098928561987,0.45822757614994936,0.13014218928751026,0
0.0025176125699921978,-0.0988442821272344,0.4630668183456204,0.13889547102337652,0
0.0019860792993845735,-0.09884229120505056,0.468227054123619,0.13032637551531684,0
0.002063905624579617,-0.09883107421011152,0.46338679688499296,0.12157399708931535,0
0.0025526537125936735,-0.0988144181199837,0.4485490090622201,0.11263565754246728,0
0.0025702751581886136,-0.0988212734922713,0.4533882926060847,0.12138892341498878,0
0.002108245555622726,-0.09882271713878613,0.4585475133411283,0.11282073121679387,0
0.002126328267606447,-0.09881667641668343,0.4537081657270261,0.10406932090941999,0
0.0024637078646750077,-0.0988069096528206,0.4388704162202038,0.09515577338538564,0
0.0021247157694190516,-0.09881247612148339,0.44886886930601794,0.09532937883087916,0
0.0021121441952772642,-0.09880964717922355,0.4439008879054448,0.0865524708333976,0
0.0023398216977622,-0.098804587875856,0.42907655630931485,0.07762707151056207,0
0.0022120367131043153,-0.09880495207850977,0.4186347823752414,0.05943396300067591,0
0.002274959715578823,-0.09880453183166182,0.42385566934227814,0.06853051725561898,0
0.0020572612334160212,-0.09880705478622968,0.4339630041794367,0.06877076680918683,0
0.002028178926213252,-0.09880672691895011,0.42874211721239996,0.059674212554243745,0
0.0018042337066127873,-0.09880825320134647,0.4292925592077068,0.0418163756420536,0
0.0016139107205384265,-0.09880948327826852,0.439372634812615,0.04237176592129287,0
0.0016418718312369222,-0.09880922046626987,0.43469124085930677,0.033419563996677414,0
0.001819763268074868,-0.09880849239708502,0.4202611779591174,0.02378454758705208,0
0.0018799552782967056,-0.09880868102557125,0.41183660823342694,0.004413165095489874,0
0.0018405701074241034,-0.09880864768691794,0.41604889309627213,0.014098856341270977,0
0.0017162513163397073,-0.09880903552850702,0.4258347244721006,0.015120931452183165,0
0.001772023053715598,-0.09880890881399636,0.4216224396092554,0.005435240206402061,0
0.0025152826016948187,-0.09880980525720698,0.44370971264121195,0.10389571546392645,0
0.0020876612790996416,-0.09880795538168895,0.43900395795000036,0.07778811989598582,0
0.002404182899703295,-0.09880527617234401,0.4339734862647593,0.08639142244797385,0
0.0018052097778145579,-0.09880835941484806,0.43407100562863266,0.050865418874932594,0
0.0019937935679212077,-0.098806871080425,0.4239636707914741,0.05062516932136475,0
0.0016748238934718683,-0.09880910506658293,0.4301755502350121,0.024403649969176655,0
0.0018066610850174802,-0.09880834389595008,0.4247768685834121,0.03280046161455284,0
0.0014977815559035405,-0.0991884381689647,0.4901578846305079,0.2099236141418919,0
0.0007578454122588472,-0.09912576674651274,0.49463608083733446,0.20186521520636858,0
-2.3179002372672935e-10,-0.09919974604800001,0.5000000014524432,0.20992361411937543,0
0.0026967271556989033,-0.09903355155073656,0.4790569776408496,0.1934685166896079,0
0.002177917503299251,-0.09910469111060718,0.4846074311356787,0.20169606541574991,0
0.0014147611564206514,-0.09905936848795988,0.48908562734250527,0.19363766648022657,0
0.0019904000560129267,-0.09900369121613543,0.4832000747047954,0.18584365615331672,0
0.0034451756850016483,-0.09892441198888789,0.46736084673545225,0.17707705166647933,0
0.002434485819999605,-0.09895443673932253,0.47735200925209675,0.17764792364175244,0
0.0031251382476840525,-0.0989735668617468,0.4732089121881509,0.1852727841780436,0
0.002727367446576031,-0.09892011237829947,0.4724758811861472,0.17090700258961208,0
0.0038014655464780225,-0.09886495126032352,0.45759975049220636,0.16406738788766428,0
0.0029643970616924312,-0.09889168627555109,0.4675953330645243,0.16440217070020458,0
0.0030705827443340337,-0.09886481736760515,0.4627529055167489,0.15585807032345353,0
0.0037813444110522607,-0.09882428346633522,0.44790862197555714,0.14727958879231293,0
0.003130858500249495,-0.09882901974783095,0.45306809906275325,0.13871088903991158,0
0.0031290595549723034,-0.09884445021314663,0.4579073412584243,0.14746417077577784,0
0.003813572427226071,-0.098841464877506,0.45275418623388175,0.15567348833998862,0
0.003652468294078658,-0.0988917908165214,0.46248029861382933,0.17057221977707182,0
0.003588601122625282,-0.09880411951266549,0.43823046148862743,0.12977288375749693,0
0.0036981889487222182,-0.09881211852722104,0.4430695417320923,0.13852623627490493,0
0.003097822780938824,-0.09881799481215339,0.4482290188192884,0.12995753652250358,0
0.0030379427404956367,-0.09881044760479235,0.4433897352754238,0.1212042706499821,0
0.003318976171250801,-0.09879681293361596,0.4285523138907215,0.11226615746762102,0
0.003460026064583341,-0.09879929094297593,0.43339138768967445,0.12101952061255897,0
0.0029582485042661606,-0.09880558915966306,0.4385506614764708,0.11245090750504415,0
0.0028653706618651715,-0.09880275806377667,0.43371136505546265,0.10371096542650332,0
0.003022158802452364,-0.0987963813809112,0.41887376308134744,0.09479073171696001,0
0.002764319759974194,-0.09880141496331575,0.4288720896507756,0.09497325255117282,0
0.003171616978807657,-0.09879601664629586,0.4237130384860345,0.10352844459229052,0
0.0026604159318134885,-0.09880110998848457,0.42397515969533117,0.08620890161376105,0
0.002748969250910361,-0.09879884021143992,0.4081616901794864,0.0773203914037708,0
0.0024649160584133984,-0.09880290303885976,0.3978686461991743,0.05851911789795067,0
0.002462883010754169,-0.09880233330425656,0.4133982362773639,0.06837717720222336,0
0.0023591490876091513,-0.09880361951114529,0.40825171428720786,0.05897654044931329,0
0.0026006249716060766,-0.09880086165329789,0.40301516818933036,0.06791975465086073,0
0.0025664218702175882,-0.09880139597382712,0.41861912324440065,0.07747373145716643,0
0.0028849234145066184,-0.09879732847740391,0.4135177266304169,0.0860555615603654,0
0.0021020764027367194,-0.09880647233912943,0.4085597832387701,0.041406389812361395,0
0.0021529104171953022,-0.09880565482578095,0.41359728280700575,0.05042017640651865,0
0.002270861476239899,-0.09880492651212627,0.40321421471897223,0.04996275385515603,0
0.001970712174084808,-0.09880719550961138,0.4189261712232385,0.0416113827272075,0
0.0019492322639521604,-0.0988076584788359,0.41441048059894375,0.03259546869970674,0
0.002018055748503023,-0.09880809671462454,0.40007327990226216,0.022804591328608795,0
0.0019982903348895373,-0.09880913485860339,0.39229423903317995,0.0021038682054845344,0
0.0019369483171075728,-0.09880852013897251,0.40595494406784455,0.013608878212049334,0
0.0019961746907683755,-0.0988087329938654,0.39618375946772105,0.012454229767046665,0
0.0019553780387815477,-0.09880874876762183,0.40206542363330344,0.0032585166504872044,0
0.001935721963654359,-0.09880813129526032,0.4101672289306898,0.023294569457830438,0
0.002051904414534404,-0.09880734260897038,0.40431653157051617,0.0321054905704851,0
0.004397711724284857,-0.09910221868140912,0.4704828605194097,0.2093199306346598,0
0.004988832178528223,-0.09894465641829059,0.45988284181804884,0.19246500436536743,0
0.004786106640405145,-0.09901289141105071,0.46518285116872926,0.2008924675000136,0
0.0038644534289716437,-0.09899440205413561,0.46946990972944924,0.19296676052748768,0
0.003516394339454337,-0.09906665295630958,0.47476991908012967,0.20139422366213386,0
0.00306582440868291,-0.09915235920886005,0.4803203725749588,0.20962177238827584,0
0.004167980175814207,-0.0989355039552675,0.46362184427675057,0.18477102801592338,0
0.005306596207991261,-0.0988460558060844,0.44737244185399666,0.17626435300747106,0
0.004408997989872067,-0.09888779159502877,0.45736664429472446,0.17667070233697518,0
0.00519682018877819,-0.09888874421437562,0.4536276418360228,0.18436467868641926,0
0.004519746696431885,-0.09885794002675848,0.45248609617310154,0.17016587044756767,0
0.005325763380867111,-0.09880166018137483,0.4375998358973004,0.16387280099750884,0
0.004913607083578921,-0.09878094134555121,0.42791180245787747,0.1469101724065957,0
0.004211433354211345,-0.09879462088874265,0.4330711319732524,0.1383415280820463,0
0.004379049302594821,-0.09880267302074036,0.43791021221671733,0.1470948805994543,0
0.0051322851470156465,-0.09878854648060888,0.43275581917758893,0.15539148670205227,0
0.00450688114750935,-0.09881556301801105,0.4427542289364288,0.15557619489491087,0
0.004594741143749205,-0.09883450207072311,0.4475997931947534,0.16397009444258656,0
0.005339637696929514,-0.09882085814745863,0.4424861388756485,0.17006857700248995,0
0.004404051615919084,-0.09877726771802381,0.41823371589571146,0.1294056684966366,0
0.003830243468200704,-0.09878853205836474,0.42339301489321646,0.12083591298212881,0
0.0040262416648306565,-0.09879024332146949,0.42823208869216944,0.12958927612706678,0
0.004663014696813826,-0.09877762840996188,0.42307275917679443,0.13815792045161615,0
0.003884644993558915,-0.09878176246597843,0.40855563700381947,0.11190189110229348,0
0.0034019363878726836,-0.09878900542059295,0.39887298541054883,0.09464883882554677,0
0.0036384661677208744,-0.09878523339423698,0.40371431120718415,0.10327536496392012,0
0.0034292467188227,-0.09879005395632619,0.4137147000425835,0.10334631140962675,0
0.0036294327325950455,-0.09878868091457056,0.41855397544727047,0.11208402428495726,0
0.004142877776254165,-0.09877889356972556,0.41339467644976546,0.12065377979946504,0
0.003236910520327365,-0.09879212530025709,0.40887337424594816,0.09471978527125338,0
0.003055975619781806,-0.09879452771647898,0.40351733779501764,0.08598461511465878,0
0.0029487816042595896,-0.09879681680889145,0.3879501468604938,0.07638987551866581,0
0.002536608207348623,-0.09880406304695145,0.374718728272309,0.057013536739399163,0
0.0027355271347274837,-0.09880061312700841,0.3813344375664014,0.06670170612903249,0
0.0026910386249368013,-0.09880021434801242,0.39290939652983403,0.06745449670830825,0
0.0025278104933654697,-0.09880300649861025,0.38629368723574165,0.05776632731867491,0
0.0022284142114559714,-0.09880668183415994,0.3877606535118153,0.03900910083262952,0
0.0020625206926846123,-0.09880928757496121,0.3805503515207489,0.01902132639163667,0
0.0021329678301225574,-0.09880814333874038,0.3841555025162821,0.029015213612133092,0
0.0021150572738423564,-0.09880749949722584,0.39391696670703874,0.03090684608061916,0
0.0020565313188286006,-0.0988085139048579,0.3903118157115055,0.020912958860122732,0
0.0020210642705223835,-0.09880930387876652,0.3864222952769644,0.010562597298560602,0
0.0019892724263095717,-0.0988108473058496,0.372767206999885,-0.00033287068476115406,0
0.0020091975046483065,-0.0988098409787802,0.38253072301653246,0.0008854987603616901,0
0.0020162459153756935,-0.09881017056127654,0.376658779260317,0.009344227853437758,0
0.002872264106873972,-0.09879732175141114,0.3980559185199901,0.0768551334612183,0
0.003168463397396015,-0.09879297797258459,0.3934115661355213,0.08551935717210629,0
0.002184875498193371,-0.09880631689432874,0.3981602183752927,0.04020774532249546,0
0.002337593160237907,-0.0988049030365413,0.3928146498554948,0.04876410936529009,0
0.0023724475574180425,-0.09880550123166837,0.38123969089206217,0.04801131878601434,0
0.007019281729516352,-0.09895109549666149,0.4508331653730723,0.2081512657305875,0
0.005987090638842001,-0.09894825598544642,0.45535800359556056,0.20030813504797745,0
0.005934585024454933,-0.09902206984594494,0.460658012946241,0.20873559818262366,0
0.007090284649863084,-0.09882157935773915,0.4400157960952062,0.1916352188401972,0
0.006891175118695674,-0.09875932576234642,0.4281465002699968,0.17652321891330694,0
0.0065336308610575945,-0.09873604775442585,0.41711459580829585,0.16301590126378285,0
0.006735049198623167,-0.0987442648802656,0.42263054803914635,0.16976956008854488,0
0.006075492298824228,-0.09878341658707343,0.4328731680836486,0.1701980099554079,0
0.006135572711588972,-0.09880331385675983,0.43775947106199675,0.17639378596038902,0
0.0061467133734320785,-0.09883687235478372,0.4436941189746014,0.18394978592383415,0
0.007024539576073505,-0.09878457660538427,0.43408114818260146,0.18407921887675208,0
0.006071516698420329,-0.09888637048087547,0.4499493189566275,0.19205011160278232,0
0.00716020904534662,-0.09887260995712327,0.4454244807341392,0.19989324228539235,0
0.005975514108752119,-0.09876776768945783,0.4273572158527981,0.16344435113064584,0
0.005681303807295427,-0.0987617641052699,0.42251319913308666,0.15496303683518928,0
0.005752841348541296,-0.09874268403085916,0.40783633511077777,0.14637023595659054,0
0.005042298261965373,-0.09876228483167256,0.4130350255032446,0.13788795222661357,0
0.0053732570661744845,-0.09876047531715876,0.41787406878432765,0.14664020418159313,0
0.006143966172676895,-0.09873789797269869,0.41247546545953684,0.1546930686101867,0
0.004957129850742369,-0.09875742541778172,0.3982369796983334,0.12904219781468929,0
0.004214944835779876,-0.0987734843421942,0.38855833937587697,0.11157123597657215,0
0.0035653874135368447,-0.09878733487839655,0.37887558536001326,0.09432378783360651,0
0.0038791737117538656,-0.09878075529769956,0.3837169623679451,0.10294751190508933,0
0.0035110131899931058,-0.09878736452520942,0.388874285385281,0.09448631332957663,0
0.0037881327730673302,-0.09878205474809712,0.3937156623932129,0.10311003740105945,0
0.004081194109747203,-0.09877655246175501,0.3985569881898482,0.11173656353943281,0
0.004392837496219686,-0.09877105120173442,0.4033963083510764,0.12047204445849138,0
0.004576666078422117,-0.09876557313098557,0.39339765953710515,0.12030671689563072,0
0.004716117428308678,-0.09876606442419418,0.4082353477970224,0.12922393315566294,0
0.005349618378212581,-0.09874958777706497,0.4030366574045556,0.13770621688563991,0
0.003238740419266631,-0.09879256988119293,0.3834128661102535,0.08535683167613617,0
0.002991593031247794,-0.09879839209395422,0.3692032519533033,0.0765135983497724,0
0.0029907033699588872,-0.09879712020910049,0.37857669940689853,0.07645173693421911,0
0.0027446313175715476,-0.09880158378485333,0.37196099011280614,0.06676356754458578,0
0.002653020788402182,-0.09880463696586413,0.3594160807517797,0.06491314391576641,0
0.0028198157805784563,-0.09880165045521525,0.3643096663525415,0.0707133711327694,0
0.0026034197096090625,-0.09880412920989481,0.36706740451204434,0.060963340327582785,0
0.002314904645028498,-0.09880921228916102,0.3544811115208135,0.04955566598872707,0
0.0021888070297367656,-0.09880892985494664,0.36845194452614455,0.03533308620817587,0
0.002224999916663517,-0.09880759776186747,0.37810629901897996,0.037171093520402695,0
0.002118656035880885,-0.09880915795070519,0.3745011480234467,0.02717720629990627,0
0.001983836494053076,-0.0988117538871337,0.36106147105169206,0.015626064262073205,0
0.002074221062699062,-0.09881050920240118,0.36475670778891833,0.02547957523512454,0
0.0020381836368567573,-0.09881037697106207,0.3708059112862205,0.01732369532685494,0
0.0019796632099437286,-0.09881134652646249,0.3669143390257885,0.007646596788656025,0
0.0018634695966158747,-0.0988136016202074,0.35323806278714476,-0.0027530424006189103,0
0.0019400361517533564,-0.09881211841366003,0.3630026348935149,-0.001542956542690032,0
0.001915834339930444,-0.09881275347544602,0.3571497669194184,0.006436510930727148,0
0.0032654735328396063,-0.09879329572949117,0.37403941865665824,0.08541869309168945,0
0.0023438510134268977,-0.09880682299486683,0.37158533639922675,0.04617331147378752,0
0.0022514321377447677,-0.0988089837662916,0.361466528023479,0.042444376098451475,0
0.0024426034512806416,-0.09880644490105955,0.36459991989656126,0.053284601364063114,0
0.002473184584679912,-0.09880715606293565,0.3569485961362966,0.05723440495224674,0
0.00920333036761866,-0.09877190048861174,0.4312186625324201,0.2064914855210821,0
0.008636980384919698,-0.09871077382375566,0.42338924862476546,0.19176790077601696,0
0.00887076221708248,-0.09864872749537017,0.4076958084361115,0.18324989744108422,0
0.007438107069927266,-0.09868467672331363,0.39759657561893436,0.16367806404893476,0
0.008141751196998526,-0.09866554269705326,0.40264619202752294,0.1734639807450095,0
0.00703201416529972,-0.09870800384944646,0.4073555857136151,0.1633469826563588,0
0.007622571382032899,-0.09869950779072201,0.41240520212220366,0.17313289935243353,0
0.007898018769310358,-0.0987063958995899,0.4179211543530541,0.17988655817719557,0
0.007717037491441392,-0.09873841096612719,0.4257678744473811,0.18414555984466197,0
0.008796174729351694,-0.09867524717644344,0.4155425285304385,0.1875088991085506,0
0.008150406813889947,-0.0987967986293704,0.43561722931381314,0.19906335218063964,0
0.008427503643518224,-0.09884111896536868,0.44102591395274615,0.2073213756258348,0
0.007883581586906455,-0.09876752587193552,0.43170252235998585,0.1917015598081071,0
0.008999649097043233,-0.09872969130601743,0.4273039555785928,0.19912969314854953,0
0.006551699724196073,-0.09871720213660996,0.40271645536485606,0.15502415000276265,0
0.006268632122471393,-0.09871917624509698,0.38792438814502933,0.14616945284864635,0
0.005208501318703032,-0.0987503459926149,0.3782405465883015,0.12866455641496774,0
0.004283532304512062,-0.09877486424416528,0.3685614976677993,0.11121566439168902,0
0.004728834919934553,-0.09876348633789843,0.3734010221280504,0.11994011040332839,0
0.004688895841281022,-0.09876296526112414,0.3833994429820892,0.12011789619576994,0
0.004282763617804188,-0.098772871696138,0.3785599185218381,0.11139345018413058,0
0.003909014001104973,-0.09878153244647385,0.37371854151390627,0.10276972611264776,0
0.0034954131692152605,-0.09879257367718251,0.3588834913079782,0.09371116979920284,0
0.003871968187990722,-0.09878453382404627,0.36372249448788874,0.10246341709544593,0
0.0035584229504835533,-0.09878911582495126,0.3688795383339957,0.09401747881640468,0
0.003232321756260571,-0.09879560305023008,0.3640433716306407,0.08511238407448762,0
0.002869516274571363,-0.09880418233259251,0.34900463893153,0.07724233855785415,0
0.003168538328916552,-0.09879895410439982,0.35394406511975407,0.08547675417852849,0
0.0029546003098080685,-0.09880073580630439,0.35910394544241664,0.07687796845381327,0
0.0027607035630045312,-0.09880427700515876,0.35421035984165483,0.07107774123681028,0
0.0023453012536873807,-0.09881171230244509,0.3394276299910177,0.06026732545241921,0
0.001917475863476741,-0.09881605895087105,0.3311213220354096,0.04129252534390009,0
0.0020225873418928363,-0.09881257484282698,0.349249644202845,0.0313605541053798,0
0.0019806613540489094,-0.09881410078672681,0.34018548311912733,0.03632653972463995,0
0.0021556968652289535,-0.09881110005570937,0.35186537786182925,0.040458110047053436,0
0.002133149431325598,-0.0988126276870655,0.3428012167781116,0.045424095666313585,0
0.0021160994636243756,-0.09881419553297593,0.3352744760132137,0.05077992539815965,0
0.002337533748235808,-0.09881020989946668,0.3469543707559156,0.05491149572057314,0
0.0025163574827271494,-0.09880800686282416,0.3494218553713987,0.0625902346840928,0
0.002593544749364058,-0.09880839322318148,0.34421613446127386,0.06875483200513668,0
0.006055486613935751,-0.09872856285582472,0.3978803616279035,0.14626984440261845,0
0.005580951749666133,-0.09874033882562955,0.3930806839216814,0.13760582533166782,0
0.005723027279584676,-0.098735478277538,0.3830824673666654,0.13741700463180706,0
0.005122266053250163,-0.098752026539757,0.3882387631433174,0.12885337711482853,0
0.006841939872301984,-0.09870196828046143,0.39276048188198187,0.15492375844879056,0
0.002120071403322826,-0.09881062129190982,0.35885079436449474,0.03334682015677784,0
0.0019986040490770607,-0.09881214408561131,0.3551555576272685,0.023493309183726503,0
0.0018020241197385454,-0.0988149721819842,0.34243626198904664,0.012112748614156761,0
0.001637146897160279,-0.09881695959813869,0.33368982511214923,-0.005013445837675144,0
0.001761682911961184,-0.09881523855238435,0.34346394394964697,-0.003883244119147027,0
0.001828029114031777,-0.09881429274117717,0.3478371623880957,0.004679853106768926,0
0.001714179976420198,-0.09881600737431517,0.3380630435505979,0.003549651388240809,0
0.0019048123809954406,-0.09881329069188391,0.35174886652036935,0.013869406438114983,0
0.001901025133261445,-0.09881390619118136,0.3458429530959458,0.02173665135976828,0
0.010824185047814515,-0.09860743701181167,0.4116407029594826,0.2044434291270096,0
0.011793870656114126,-0.09849616353409218,0.392092013242154,0.2021313695513354,0
0.0098741311066765,-0.09862101886709791,0.409668255697797,0.19384666328404693,0
0.010354318598922597,-0.09857186830283736,0.3998939108391327,0.1926906334962098,0
0.011736838399488884,-0.09850297579450062,0.4018663581008183,0.2032873993391725,0
0.010397685325349525,-0.09865332105845553,0.42142968274595133,0.20546745732404587,0
0.009762400853193619,-0.09865799083121858,0.41751497579212404,0.19810566495151327,0
0.009829457137805765,-0.09857416833424111,0.3846391971921053,0.1830413738274843,0
0.007905204502334144,-0.09866013357716372,0.37660598556902936,0.16376209730881378,0
0.0077356914903583835,-0.09866766128609854,0.38710128059398186,0.16372008067887428,0
0.008825775941870938,-0.09862060083342437,0.3806225913805673,0.17340173556814903,0
0.008567694189160698,-0.09863637392543892,0.3911178864055198,0.17335971893820953,0
0.00942620408979895,-0.09860555938524675,0.3961675028141084,0.18314563563428427,0
0.01085370754539352,-0.09852809362437805,0.38836560521712965,0.19258637168940984,0
0.0070506332526923746,-0.09869235967155697,0.38226518685702937,0.15496577507873005,0
0.006385185660229778,-0.09871845299256267,0.3677550282431835,0.14567661646549315,0
0.007115755991435007,-0.09869155896587294,0.37218050690610643,0.15471935688715346,0
0.0063772968477230595,-0.09871570442493265,0.3778397081941064,0.14592303465706974,0
0.005772993468429121,-0.09873554913348292,0.3729977874157425,0.13717058644023045,0
0.0051303624687512525,-0.09875909104316631,0.3583166231665622,0.1281781272127983,0
0.004080156344678123,-0.09878652862612727,0.34856561351688486,0.11080800143040662,0
0.0045811703143937696,-0.09877427537019787,0.35344111834172354,0.11949306432160246,0
0.004691180835174805,-0.09876732567847006,0.36343906041718077,0.11969689580224366,0
0.004215422251624883,-0.09877948343510026,0.3585635555923421,0.11101183291104783,0
0.0037779262616641583,-0.09878948228692033,0.3537245524124315,0.10225958561480472,0
0.003212025696649666,-0.09880380428289688,0.33888775686935396,0.09329480623220783,0
0.002516294735394086,-0.0988139252974823,0.32899272887204706,0.07606209519184318,0
0.002845101254739718,-0.0988095858972447,0.3339402428707005,0.08467845071202551,0
0.0027137741171468026,-0.09880877247441619,0.33899868390178856,0.07665221687484866,0
0.0030365362087671336,-0.09880375003978573,0.343946197900442,0.085268572395031,0
0.0033806598683514535,-0.09879752377056877,0.3488856240886661,0.09350298801570534,0
0.0036234562842126557,-0.09879625485569606,0.34372668519311944,0.10205140383130723,0
0.0052102975488708255,-0.09875272926976093,0.3682785848774318,0.12842134181388304,0
0.005731919072835936,-0.0987406141337256,0.36303582570487286,0.13692737183914572,0
0.0024295193165490272,-0.09881254512693348,0.3342101794315324,0.0681647103221312,0
0.001958845141036262,-0.09881932082051276,0.31931224637327027,0.05841743625557827,0
0.0015314121487345022,-0.09882194607529889,0.3098016811483675,0.04131052580703567,0
0.0017325229067686326,-0.09882086951015222,0.3145569637608189,0.04986398103130697,0
0.0017394140913440386,-0.0988189903360251,0.3204615015918886,0.04130152557546788,0
0.0019382257527196045,-0.09881741770010104,0.32521678420433997,0.049854980799739185,0
0.002167929910483263,-0.09881545831176755,0.329369938182144,0.05934238085399874,0
0.0022207252370563778,-0.09881707540624406,0.3241524876226587,0.06723976572371072,0
0.0015390292148726524,-0.09881952658052966,0.31819791786489277,0.024694598746119335,0
0.0015426672521488642,-0.09881841874635981,0.32421900922257313,0.009133054522883554,0
0.0017944821179192052,-0.09881603080426107,0.3342512404398428,0.02556316247959,0
0.0016626841819271417,-0.09881731201873345,0.329235124831208,0.017348108501236775,0
0.0017948646348308025,-0.09881547329274785,0.3383437512144447,0.01883795554687338,0
0.001681692282258816,-0.09881668758438619,0.3333276356058099,0.010622901568520159,0
0.0015866631509978302,-0.09881766649401758,0.3289544171673612,0.002059804342604205,0
0.0013295057551176745,-0.09882038759658614,0.31410984515891827,-0.006978846891814361,0
0.0014324242228419732,-0.0988194245254653,0.31916442719074567,0.0010771038155345963,0
0.0014921898339931888,-0.09881869988706014,0.3238998351355338,-0.005996146364744753,0
0.0015326927334552327,-0.09882058589295799,0.31399979950663015,0.0330025622765775,0
0.0017209233445850544,-0.09881799200768797,0.3246596199501512,0.032993562045009715,0
0.0016743582364652353,-0.09881777532436477,0.3262245791523678,0.02512888061285467,0
0.0018484784689062868,-0.09881604442398481,0.3326862812376262,0.033427843911745046,0
0.001914876973413471,-0.09881430360796056,0.3417504423213439,0.0284618582924849,0
0.01206227027914265,-0.09846365447057437,0.3725585682950345,0.1996932487804034,0
0.00980003011753967,-0.09857958305467912,0.3647763104598628,0.1808889033791185,0
0.0077152303382053075,-0.09868007578753285,0.3566299815584507,0.1623590552381939,0
0.00870589991017608,-0.09863534949171851,0.36070314600915676,0.1716239793086562,0
0.008814279419619079,-0.09862289846165134,0.3706911480144461,0.17232550034396615,0
0.007873113562874557,-0.09866525964904264,0.36661798356374004,0.16306057627350384,0
0.0070294601652795274,-0.09869992887362858,0.3621925049008171,0.15401783585184353,0
0.006042395053747728,-0.09874390269597702,0.3475714856195647,0.14450359192828088,0
0.006839464695900344,-0.09871552464504381,0.35210073358900773,0.1534313235832374,0
0.006264661365705022,-0.0987282933617779,0.35766325693137413,0.145090104196887,0
0.005575231423064053,-0.09875128086011303,0.3529440543930634,0.1363408595705396,0
0.004709396369887299,-0.09878293664821297,0.3383336560855315,0.1273935807906448,0
0.003616560565713936,-0.0988064132871659,0.3285692804486977,0.110424336607726,0
0.004134245937789518,-0.09879634197810454,0.3334514682671146,0.11890895869918541,0
0.0043881002469745,-0.09878424242910294,0.34344963480120816,0.11910079111052571,0
0.003879788837968995,-0.09879566397978279,0.3385674469827913,0.11061616901906632,0
0.003411465650183692,-0.09880450320848305,0.33372851865902586,0.10185957141996692,0
0.0027252861167398473,-0.09881897763531783,0.3188913340464143,0.09291511422927941,0
0.002620834552412991,-0.09881591805195901,0.3239420314592307,0.0844886047105613,0
0.002992699479179107,-0.09881108256387687,0.3288895454578841,0.09310496023074362,0
0.0031444425318617767,-0.09881379539583988,0.323730307247556,0.10166972541850271,0
0.010982697247255854,-0.09851401072733088,0.3785988827435699,0.19136731130394385,0
0.012376139553490612,-0.09842469601548291,0.38232529076859423,0.20091230916586938,0
0.009875592710528758,-0.098571247710288,0.3747077538259841,0.1819651386033014,0
0.010964425830772557,-0.09851739169547033,0.3686674393774486,0.19029107607976095,0
0.004959649415904706,-0.09876942321060994,0.34832513962604683,0.12778585400172154,0
0.005342988681480448,-0.09876582509525929,0.3429525708525481,0.13594858635946283,0
0.002027469040311932,-0.09882469668444109,0.30921338203530074,0.07540578563606742,0
0.0023544925475641842,-0.09882247046850193,0.3140523580408575,0.08416044993267341,0
0.0022892136726854325,-0.09881929043899008,0.3191030554536739,0.0757339404139553,0
0.001994497605973905,-0.09882158466938774,0.3142628142042855,0.06691161094582285,0
0.001485969280537186,-0.0988266694523722,0.2994987447656511,0.05792335542543218,0
0.0017353154153426427,-0.09882308815243326,0.3094054955694607,0.05817039584050522,0
0.0017393594997410597,-0.09882600920731908,0.30435606340047594,0.0666645705307498,0
0.0015109898721937757,-0.0988240037368707,0.3046502129570093,0.04961694061623392,0
0.001071886940964459,-0.09882691766407495,0.2898328881017852,0.041007575742385095,0
0.0013112753119039603,-0.098824569072212,0.29981728462507634,0.04115905077471038,0
0.00126644190834067,-0.09882692872150454,0.29466581643371814,0.04946546558390864,0
0.0011463832268843908,-0.0988236610608052,0.29804910680058155,0.024328774580814595,0
0.0012220150074450419,-0.09882171570054189,0.30589282409285157,0.007890983296972796,0
0.0011821529731762808,-0.09882257322590161,0.30197096544671653,0.016109878938893697,0
0.0013747255604760523,-0.09882071374298229,0.3120453709788722,0.016292791021546064,0
0.0013522988377704529,-0.09882167000488258,0.30812351233273716,0.024511686663466967,0
0.0013295716990164117,-0.09882295169122032,0.3039253939744745,0.03281965019392513,0
0.0011093573148721625,-0.0988250948627689,0.2939409974511834,0.032668175161599845,0
0.0015362286243900923,-0.09881891869008778,0.32120846354373295,0.016913826634501444,0
0.0013899050919912368,-0.09882011127267398,0.3150559166577124,0.008512018909928174,0
0.0012731229727587726,-0.09882099908053418,0.3100013346258849,0.0004560682025792173,0
0.0009606100620447624,-0.0988233676244395,0.2944928233905867,-0.008529492756177369,0
0.0011514221511498544,-0.09882196415927905,0.3043013342747525,-0.007754169823995865,0
0.001087772540787937,-0.09882255161500698,0.30019282374171913,-0.0003192547296022863,0
0.011615872489594973,-0.09851731381992333,0.3530228816138251,0.1972732469543295,0
0.012284257934929113,-0.09843620585422763,0.36279072495442977,0.19848324786736643,0
0.010760304299953094,-0.0985398053077494,0.35889959603684396,0.189081075166724,0
0.009226371411865116,-0.0986389858356623,0.3452013570239323,0.17920440584175457,0
0.006976108437221047,-0.09873644754436199,0.3364270961095338,0.16039460715246617,0
0.008035229228039705,-0.09869477780903432,0.34081422656673305,0.16979950649711037,0
0.0074066502648940154,-0.09870458978460336,0.34652853883399226,0.16137683119533003,0
0.008448770667233773,-0.09865943373031935,0.3509156692911915,0.17078173053997425,0
0.009571857074868453,-0.09860456404239543,0.35498883374189755,0.18004665461043654,0
0.01043825453093318,-0.09857708207811407,0.3491121193188787,0.18823882639804201,0
0.006505088421704666,-0.09873874593853658,0.3419992908645493,0.15244909954037353,0
0.005315115096700574,-0.09878823196480269,0.32750523787593916,0.14340242455210328,0
0.005725473243806388,-0.09876424071355927,0.3375383617477519,0.14395300824019208,0
0.005013068862236467,-0.0987841463835739,0.33291944698073533,0.13539800267137403,0
0.004012799081848671,-0.09881638168587879,0.31825628266282846,0.12725908021263796,0
0.004398381742567148,-0.09879877164230089,0.32829496937418,0.12732633050164138,0
0.0038167734584003262,-0.09881014807837474,0.3234127815557631,0.11884170841018199,0
0.0029181516706637124,-0.09883028523440146,0.30857275713007404,0.11005073788111995,0
0.003431452800320726,-0.09882486997234036,0.31341451989645125,0.11865490904687895,0
0.0032944046937641294,-0.09881818237326423,0.3185710187893859,0.11023753724442298,0
0.002826471854811295,-0.09882361015951382,0.3137320455882442,0.10148292605519968,0
0.002064077113894248,-0.09883481237990657,0.2988947595449764,0.09254316056563662,0
0.0020518606140118648,-0.0988290106871655,0.3040540707901386,0.08397447310085202,0
0.0024141193085082725,-0.09882704307771314,0.30889304679569535,0.09272913739745801,0
0.0024624967687416613,-0.09883337620549379,0.30373375833752525,0.10129694922337829,0
0.006101421531270528,-0.09876604404879359,0.3319661669927365,0.15189851585228473,0
0.004628807369529797,-0.09880459303618438,0.32288076026938384,0.13533075238237063,0
0.0014140988261548957,-0.09883465533309711,0.289210638583543,0.07503996332152639,0
0.0009229819433312857,-0.09883263401407992,0.27952731175188866,0.057646638164064457,0
0.0011516284868672403,-0.09883376436648998,0.28436897516771587,0.06634330074279543,0
0.0012136732059907088,-0.0988299235997954,0.2895130282587699,0.057784996794748314,0
0.0014561962128832743,-0.09883015883504111,0.29435469167459705,0.06648165937347929,0
0.0017343577193492646,-0.0988299372869789,0.2992120103094219,0.07522287447879691,0
0.0017165750624012807,-0.09883510884074283,0.2940526990642597,0.0837915619435815,0
0.0010030976511578515,-0.09882946518826051,0.28468009992683696,0.04932710695322477,0
0.0005481998860074349,-0.09883022638061896,0.26985331181568334,0.0402168334176515,0
0.0006923052040168978,-0.09882674719639481,0.27808896959342855,0.023481703112830925,0
0.0008291602642480514,-0.09882461131007575,0.2864803269873743,0.007587204577040752,0
0.0009814452234259234,-0.09882418079981635,0.2922647168939779,0.015957989578927675,0
0.0009253473766782557,-0.09882537131624478,0.288069038197005,0.02390523884682276,0
0.0007614313193071684,-0.09882555359713235,0.28228464829040145,0.015534453844935838,0
0.0008154321316071842,-0.09882882700958057,0.27984309995873424,0.040612204580018296,0
0.0006231471695060536,-0.09882829110536485,0.27397114070455597,0.03184926826524121,0
0.0008720197070392939,-0.09882689606977307,0.2839609288476069,0.03224463942760801,0
0.000723342974828716,-0.09883141551947339,0.274690311783786,0.04893173579085798,0
0.001031794492179439,-0.09882326948467747,0.29618657554011296,0.007739093937006774,0
0.0008934098517613062,-0.0988239017819233,0.29048657518898047,-0.00047114408956830823,0
0.0005501288148171914,-0.09882547736421879,0.2748422341989339,-0.009568886378908247,0
0.0007593235942187622,-0.09882455382014152,0.2846675287947603,-0.009049189567542807,0
0.0006857323657285331,-0.09882502351437111,0.2806612805931541,-0.0009908409009337475,0
0.010477237168277243,-0.09864490416289855,0.3334679733597575,0.1950146597444102,0
0.0079709151770882,-0.09874671139068353,0.32508197584147963,0.1768268412260774,0
0.005844099351454913,-0.09881164939797882,0.3164579394759747,0.1590253091914961,0
0.006838883955568944,-0.09878533166432063,0.3207699576587272,0.16792607520878675,0
0.007472113692795737,-0.09873830735974043,0.33075453597550675,0.16861072418927178,0
0.006463801563856259,-0.09877239742237005,0.32644251779275424,0.15970995817198114,0
0.005589752599177569,-0.0987969915445582,0.32198158867595694,0.1512138668717997,0
0.004224131152958793,-0.09884289835506213,0.3068358974637247,0.14265258901811959,0
0.0029808944347121534,-0.0988528531271231,0.2976838238599213,0.12620583827914691,0
0.003562275778583913,-0.09884961794003454,0.302259860661823,0.13442921364863325,0
0.0041341313455262214,-0.09882727507836588,0.3125460900632766,0.13495583461537877,0
0.004812672643470583,-0.09881518266970311,0.3171705676698319,0.14302750678511145,0
0.0049861277240350445,-0.09883061317685891,0.3116469184698497,0.15083894910480783,0
0.01146563230357331,-0.0985349120457668,0.3432454274867913,0.19614395334936985,0
0.009920501326793523,-0.0986301043255959,0.33933466519184485,0.1871095327930824,0
0.009219817732611192,-0.09869743310974313,0.32927497460061855,0.1859207504852438,0
0.008654678421929676,-0.09869055739596078,0.33514166643270593,0.17801562353391598,0
0.002963664900155281,-0.09883987405399135,0.3031282904949977,0.11812828808013343,0
0.003526358249984302,-0.09883504860387109,0.3079700532613749,0.12673245924589244,0
0.002028354422699013,-0.09885259978120699,0.28857617599971225,0.10968004782028312,0
0.0024937633684148446,-0.09884199426512097,0.29857446656489317,0.10986539285070154,0
0.0024719248336046006,-0.09885354844354377,0.2931299999298168,0.11794294304971502,0
0.002058441938053216,-0.09884251192150076,0.2937354677723443,0.10111160419295986,0
0.0012710577140291304,-0.09884766598890474,0.2788981467825644,0.09217291875026928,0
0.0016210438441658158,-0.09885046211611676,0.28373716139113836,0.1009264832852762,0
0.0016809333439981046,-0.09884182677887103,0.28889645316377044,0.09235803965795295,0
0.0013542498215051157,-0.09884040406267189,0.2840543926830537,0.08360644103589784,0
0.000713859864564507,-0.09884147806131748,0.2692200972210464,0.07466584349335914,0
0.0008287289873799873,-0.09883660774598066,0.27437370448646753,0.0661562408287118,0
0.0010720988794146668,-0.09883857604183181,0.27921536790229473,0.07485290340744277,0
0.0009709499737015766,-0.09884458533394229,0.2740591220018054,0.08341938112181421,0
0.0003042150936391774,-0.09883581778950414,0.25954086791439124,0.057221184683849936,0
0.0004936162867779509,-0.0988385263315229,0.26438048256771884,0.06594351408860454,0
0.0006178863774387551,-0.09883462996809562,0.26953408983314,0.05743391142395719,0
0.0004347742541519205,-0.09883276681829599,0.26469708986503726,0.04871900905075072,0
-2.590894606555099e-06,-0.09883138417100505,0.2498570027649382,0.040025652767004795,0
0.00014050686721305108,-0.09883344503764072,0.2546989353396647,0.048623418725427366,0
0.00027467050462839416,-0.09883111121835916,0.2598551572903108,0.040121243092328146,0
0.0002079618991233928,-0.09882834810196404,0.25826423349927224,0.023298698264563104,0
0.0003581327069528149,-0.09882647750220949,0.2654467823860308,0.005872667089329552,0
0.00028504456271795,-0.098827265798267,0.26185550794265156,0.014585682676946328,0
0.0005185421678504164,-0.09882660458507897,0.2717678759897297,0.014677185101080239,0
0.0004531143047356093,-0.09882776082419988,0.26817660154635037,0.023390200688697016,0
0.0003691950734115538,-0.09882925350000957,0.2640587726574778,0.0317577658411073,0
0.00010803421855564352,-0.09882971181005235,0.25406061813210523,0.03166217551578395,0
0.0005971705828899044,-0.09882573182794474,0.27596355468670253,0.006729935833185152,0
0.00045492747476974293,-0.09882589861252243,0.2701445082924824,-0.0018481096447893475,0
0.00011681036779387543,-0.0988264311729616,0.2551697097302282,-0.010031108803184332,0
0.00023476332531248884,-0.09882640218291773,0.2603082460581295,-0.00207922085692739,0
0.0003351502739851739,-0.09882611087233908,0.26500597196458103,-0.00979999759104629,0
0.008705838987685219,-0.09881699238242522,0.313881240220007,0.1930527249326497,0
0.00631183560517892,-0.09886726560552539,0.3054078624970003,0.17528063257109022,0
0.004280702769815157,-0.09889208610792198,0.29577567994988435,0.15776566409110582,0
0.005108110042993741,-0.09885287701830328,0.30611680971292954,0.15839548664130096,0
0.006095189473175402,-0.09883414977330532,0.3109329009864875,0.16715297088129316,0
0.005222167175252222,-0.09888450670349597,0.30059177122344233,0.16652314833109802,0
0.009960752341197305,-0.09869839425636603,0.32367460678988225,0.19403369233852996,0
0.008413025551795173,-0.09876885663182253,0.3194816080307433,0.18493978307936354,0
0.00748366437837536,-0.09884456045732457,0.30964455135850366,0.18416667875186996,0
0.007187933420077485,-0.09880767490757658,0.31524491916923997,0.1760537368985838,0
0.004277256417739831,-0.0988638752817913,0.3013057887068045,0.15020912655461272,0
0.002813913249895232,-0.09889392274842024,0.2858699239132572,0.14199593316747572,0
0.0035518839842980186,-0.09886991804116553,0.29635291068849096,0.14232426109279767,0
0.002925412106428814,-0.09887074633171473,0.29177687388658924,0.1341008857233113,0
0.001792524349210012,-0.09888238592208451,0.27737628013738747,0.12614962600714763,0
0.0010066304039922063,-0.0988679444712478,0.26857957897484674,0.10931005828169507,0
0.0013677987624871365,-0.09887512382798681,0.2729779295561171,0.11772984214442135,0
0.001934142617305804,-0.09886577541655668,0.28297622806854983,0.11791483691371538,0
0.0015297686266598526,-0.09886142767338538,0.27857787748727947,0.1094950530509891,0
0.0011577153094357365,-0.09885674064947535,0.2737388628787056,0.10074148851598218,0
0.0003991762583456113,-0.09885451224368907,0.2589015227353341,0.0918030090208234,0
-2.778145538788662e-05,-0.09884363961925202,0.24922344223144974,0.07429599412421717,0
0.00016684918479978545,-0.09884872023659577,0.2540624824833919,0.08304950157252028,0
0.0003451806648662655,-0.09884319792680428,0.25922176972624805,0.07448091880878815,0
0.0005728974819941577,-0.09884741229523432,0.26406080997819026,0.08323442625709127,0
0.0008413701659364092,-0.09885198004573185,0.2688998347589493,0.09198796388554634,0
0.0006764244696281529,-0.09886096367758875,0.2637405508550904,0.10055653365125924,0
0.0034977412504954074,-0.09889515029224655,0.2908228019315708,0.14988079862929077,0
0.002408770431268368,-0.09886894861157897,0.2875300519986544,0.12617773214314726,0
0.002266006900327945,-0.09888867613365868,0.28162310202532237,0.13407277958731167,0
0.0001517896075426897,-0.09883943684775336,0.2543821550729205,0.06575858940403355,0
-0.0003292175972898046,-0.09883557131335648,0.23954533204303402,0.05678904015747765,0
-0.00019119875217085136,-0.09883926836521155,0.24438438713724187,0.06554251714084741,0
-1.3211455126417286e-05,-0.09883613535828131,0.24954309997871263,0.05700511242066379,0
-0.00015529005346862058,-0.09883335289097175,0.24470116740398612,0.04840734646224122,0
-0.0005493212084649553,-0.09882996761770049,0.22986719023818236,0.03928211868590212,0
-0.0002787703244120947,-0.0988309735188068,0.23986209650156026,0.03965388572645345,0
-0.00044703300647426833,-0.09883249287648208,0.2347062611406082,0.048035579421689886,0
-0.0002624589315932858,-0.09882830248989118,0.2394625279984636,0.023884813631304038,0
-6.858541160259266e-05,-0.09882692428348049,0.24698739678111734,0.006514486224693518,0
-0.00016139849558668003,-0.09882749816629921,0.24322496238979047,0.015199649927998778,0
6.453331045072619e-05,-0.09882756271911357,0.2526258151401948,0.01490659224462831,0
-2.706303293474e-05,-0.09882853317209477,0.24886338074886794,0.02359175594793357,0
-0.00013905305019655035,-0.09882971977635673,0.2446597653817009,0.031955233199154415,0
-0.0003989571169508396,-0.09882909454731689,0.23466485911832297,0.03158346615860308,0
0.0001457723181028767,-0.0988268598029084,0.2562170895835741,0.006193576657011535,0
2.5951336802500822e-05,-0.09882658610616173,0.25107855325567274,-0.001758311289245407,0
-0.0003211488330971229,-0.09882610460866227,0.23549231082218433,-0.009886483405708617,0
-0.00010271490697294455,-0.09882643014804765,0.24533101027620624,-0.009958796104446475,0
-0.0001970785089106498,-0.0988264447377807,0.24123985380165083,-0.0016859985905075497,0
0.006399207059503356,-0.09899312988787344,0.2942574624549822,0.1915070910332105,0
0.004166029976909453,-0.09897877683172913,0.2849840975095321,0.17371056201389123,0
0.004258811026394852,-0.0989296578387198,0.2903798887297082,0.16573811305249853,0
0.00527445425512618,-0.09892751656397243,0.2951959800032662,0.17449559729249073,0
0.005234437072837673,-0.09898768680207884,0.2896207799822571,0.18260882652355087,0
0.006439474202567992,-0.0989173960352944,0.2998326624759913,0.18339386180215037,0
0.007848175281026621,-0.09888880503245064,0.3040693513374946,0.1922799079829301,0
0.0024139846110039494,-0.09895107656049786,0.27519693521036687,0.1558834179710163,0
0.003213419055101253,-0.09896667865941063,0.28009051635994947,0.16479698999245376,0
0.003371350415692296,-0.09892543668812948,0.2854863075801256,0.15682454103106105,0
0.0026473307134407763,-0.0989197254202769,0.28053342956181204,0.148939675569246,0
0.001248525345124041,-0.09892688384558777,0.2654237138921018,0.1418138563962103,0
0.0015580645866054871,-0.09890262786259527,0.2713999970147446,0.13398174120167897,0
0.0020503375717050827,-0.09891321811018704,0.2756468189026795,0.141904894781843,0
0.0017890343702019929,-0.09893954225403509,0.2703103245512343,0.1488486371836133,0
0.0004705969489081069,-0.09889686748113759,0.2570738391578737,0.12560963832113947,0
-7.624209294845329e-05,-0.09887256786730217,0.24858297675994576,0.10894016597854612,0
0.00017082414040942023,-0.0988838638934283,0.2528284079589097,0.11727490214984279,0
0.00076977956772287,-0.09888126667639002,0.2628267090663602,0.11745984830141727,0
0.00046816064144437506,-0.09887172619898117,0.25858127786739626,0.1091251121301206,0
0.00018549537594560298,-0.09886287851168724,0.2537422497476399,0.10037158749968476,0
-0.000492504871705828,-0.09885377667627937,0.23890489501059972,0.09143309778313846,0
-0.0007620836532127098,-0.09884069888172792,0.2292267855892063,0.07392606059794721,0
-0.0006420168513451551,-0.09884660376537856,0.23406584029990302,0.08267957919054283,0
-0.0003988918084037994,-0.09884278612592622,0.23922511391032802,0.07411102736108219,0
-0.0005298810582743186,-0.09883806530707775,0.23438605881612018,0.06535755037771243,0
-0.0009377951180598189,-0.09883202052819563,0.219548645643652,0.05641905674113348,0
-0.0008588654497721483,-0.09883589216581165,0.22438771561642917,0.06517255866954035,0
-0.0006390290997765085,-0.0988341749928881,0.22954698884334301,0.05660404844930557,0
-0.0007313823671828345,-0.09883100776676246,0.22470791794091718,0.0478505877135178,0
-0.0010632187225869264,-0.09882652918195357,0.2098645544982363,0.03923237583268616,0
-0.0008124166603992181,-0.09882848517747779,0.21986587236820931,0.03925724725929414,0
-0.001005001998515935,-0.0988289611231437,0.21470660007094416,0.04782571628690982,0
0.0011400979679910088,-0.09889179335194759,0.26722505964763055,0.12587963216414355,0
0.0008250306439311609,-0.09891112077786265,0.26124877652498774,0.1337117473586749,0
-0.0002403890655358102,-0.09884844081960159,0.24406416862102473,0.08286454595367782,0
-4.7988563048139615e-05,-0.09885511851759092,0.2489032088729669,0.09161805340198093,0
-0.0003065579688048106,-0.09886238259914584,0.24374393588527274,0.10018663188084229,0
-0.0007329572516863933,-0.09882651192453445,0.22014811379352994,0.02398804810071438,0
-0.0005125398887676864,-0.09882603525819039,0.22772404856650064,0.007308118774108176,0
-0.0005009162860410963,-0.09882760651616464,0.22980532089599676,0.02393643086600921,0
-0.0003916230306879104,-0.0988270586087906,0.2335932882824821,0.015596466202706107,0
-0.0006173933345118561,-0.09882621691945255,0.2239360811800153,0.015648083437411277,0
-0.0008905400909000553,-0.0988265719338594,0.2150063341458831,0.031610211966700275,0
-0.0006451382980887523,-0.09882807966978227,0.22500765201585615,0.03163508339330825,0
-0.0002919964850372384,-0.09882665188991449,0.237355722673809,0.0069113024994008464,0
-0.00041362595419723076,-0.09882598883141114,0.2316081796943425,-0.0012891823158002209,0
-0.000745844125256596,-0.09882453610582882,0.21582831591761859,-0.009144321002785307,0
-0.0005362966241580308,-0.09882546724988515,0.22566031336990144,-0.009515402204246962,0
-0.0006302788650038859,-0.0988252039865166,0.2217761822420596,-0.0009181011143385657,0
0.0036919897982566298,-0.09913101849228292,0.2746002114883518,0.1904740302508034,0
0.0018471108551107753,-0.09904983030640568,0.2650868969798113,0.17314587952026078,0
0.002179792108069,-0.09899496867532158,0.2701419160950891,0.16451464874563854,0
0.0030282349357737153,-0.09902089010998195,0.2750354972446717,0.173428220767076,0
0.0027056565677037138,-0.09908925410509319,0.2698435542340816,0.1818099548855321,0
0.004011020908247725,-0.09904423586450405,0.2797921544989419,0.18209229613234731,0
0.005246110430491189,-0.09906093044858214,0.284428836971667,0.19099056064200695,0
0.000506538815451477,-0.09898018957194511,0.25518408151475674,0.15579699959944074,0
0.0011080451516215948,-0.09901345158598172,0.260135489247284,0.16447143955985077,0
0.001474547604493146,-0.09897027889051137,0.2651905083625618,0.15584020878522853,0
0.0009164474127167369,-0.09895182678017782,0.26030389770342927,0.14880542799782553,0
-0.00037924251964305565,-0.09893405427906116,0.24533226848252193,0.141730069174831,0
-0.0008375250386553806,-0.09889417538801692,0.23732169345786966,0.12551125838223473,0
-0.001144401485365407,-0.09886547662089139,0.22858637288185754,0.10857021315177631,0
-0.0010120267060167783,-0.09887838074463645,0.2329540331698636,0.11704073576700552,0
-0.00042190532987845163,-0.09888301470513577,0.2429523351089077,0.11722571218039043,0
-0.0006168704749795067,-0.09887042677557302,0.23858467482090165,0.10875518956516123,0
-0.000791237047803497,-0.09885952726499045,0.23374563394622863,0.10000165546745739,0
-0.0013437534806555837,-0.09884576161851891,0.21890826639796757,0.09106310584300015,0
-0.00103137771773697,-0.098843333796061,0.22406752599358692,0.08249458322047368,0
-0.0009268539370429805,-0.09885058629315545,0.22890658070428366,0.0912481018130693,0
-0.0012602335285600893,-0.0988545146350953,0.22374731963991257,0.09981665949738823,0
0.00043834601789766793,-0.09893388771773536,0.25537799118731186,0.14177196278552065,0
8.915491505929871e-05,-0.09891451741095453,0.2512030538201978,0.13366985374798523,0
-0.0006351630091468931,-0.09891233538683142,0.24132698097019578,0.13362066377853288,0
-0.00018548150510359476,-0.09889772751888676,0.24719776630787166,0.12556044835168712,0
2.350879591527499e-05,-0.09895609617816047,0.25025817499863934,0.14876353438713585,0
-0.0014415483539503364,-0.09883342282256527,0.20922999376231666,0.07356344272833727,0
-0.0014846355209027992,-0.09882598002747733,0.19955100158307082,0.05610108369527905,0
-0.0014675867917922183,-0.09882921906931995,0.20439049767269374,0.06483226321180816,0
-0.0011729804179233248,-0.09883288294960076,0.21438931970298433,0.06499124973473538,0
-0.0012211756100755549,-0.09882923883467193,0.2095498236133614,0.05626007021820627,0
-0.0012616854480183989,-0.09882640550624987,0.20470777804065354,0.047666729763982604,0
-0.0015169578493958566,-0.0988216428911314,0.18985965645499397,0.039540869030638505,0
-0.0012996473524682698,-0.09882421986360745,0.19986210547661515,0.039386622431662334,0
-0.00150206289219792,-0.0988235349752554,0.1947053290190324,0.047820976362958775,0
-0.0011115090021401707,-0.09883751281097936,0.21922838967576147,0.07374475166314223,0
-0.0014021488076889806,-0.0988388424295997,0.2140691300801421,0.0823132742856687,0
-0.0011861229105513656,-0.09882317049908772,0.19992575082409125,0.024364607980396764,0
-0.0009490061758478433,-0.09882376222473185,0.20774382389342844,0.007990056725565365,0
-0.0011388790704356612,-0.09882192668579888,0.1961926662188858,-0.007852045021070442,0
-0.0008431498767941726,-0.09882410489785788,0.2117860699055235,-0.0005771321386099709,0
-0.0010433886220293422,-0.09882277163833705,0.20196824505615713,6.900585224746143e-05,0
-0.0009474942728615026,-0.0988233431037378,0.2060104910682522,-0.008498183011927875,0
-0.0011268092283751555,-0.09882468361269639,0.20489515266116376,0.031798491906541465,0
-0.0009662880065854437,-0.09882499987646437,0.2100369323088106,0.02417632804055557,0
-0.0010613874704840604,-0.09882346946165495,0.20383478735875984,0.016177332352981064,0
-0.0008438831171591317,-0.09882501313474533,0.2139459688434792,0.015989052413139873,0
-0.0007352721606463536,-0.09882505193160881,0.21773393622996454,0.0076490877498367705,0
-0.001344209575689935,-0.0988225159187741,0.1948927036395426,0.031952738505517636,0
0.0007504004342555297,-0.09919690779039463,0.2549212071454445,0.1900191158946087,0
-0.00062191792018272,-0.09906530467439117,0.24494735287290015,0.1730440997379317,0
-0.0014439331374410977,-0.09897102743590258,0.2351357359139442,0.15592687932746377,0
-0.00108812505444834,-0.09901374325725554,0.24004154439342218,0.16448548953269773,0
7.3607884728349284e-06,-0.09901970618418987,0.2500657171938284,0.16442054966868622,0
0.0006172922501907468,-0.09906566543948622,0.25501712492635575,0.17309498962909625,0
-1.205097823418194e-05,-0.09912612578996918,0.2499342800091723,0.1815316078162702,0
0.0013790634230318364,-0.09911632012418084,0.2600040520626279,0.18158249770743473,0
0.002310327473611886,-0.09917283903848076,0.2647607093168981,0.19024657307270604,0
-0.00047265651216799314,-0.09898065711803963,0.24515990871435048,0.15586193946345225,0
-0.0008681569819688188,-0.09895234040211864,0.24023400219823307,0.14882847425114737,0
-0.002001385385146209,-0.09891359446330053,0.22489963373687147,0.14167244367708218,0
-0.0021487909660822145,-0.09887335700653754,0.21641023727565853,0.12526072053716553,0
-0.002094622115896881,-0.09889116010537471,0.220654935506265,0.13346658210712387,0
-0.0013716025499504003,-0.09890455379846608,0.23111066359737056,0.13359185102965845,0
-0.001202513010173916,-0.09892709471993308,0.23511595110969669,0.1417012564259566,0
-0.0017587474196303968,-0.09893989777773032,0.23001768482540785,0.14879966150227297,0
-0.001509066680929796,-0.09888576458790516,0.2268659653667641,0.12538598945970014,0
-0.0016081861725655907,-0.0988701528302444,0.22249830507875804,0.11691546684447092,0
-0.002123889201870977,-0.09884866402239018,0.2085897679684649,0.10820016826972201,0
-0.001649515754404777,-0.09885805662771327,0.2185880704251612,0.10838519071074916,0
-0.0021459620182439957,-0.09885944824658441,0.2125000026220617,0.11673044440344377,0
-0.0017056394818071646,-0.09884767939005547,0.21374901718321623,0.09963163705636108,0
-0.0020982571913718607,-0.09883252726633206,0.19891163942623122,0.09069302099692149,0
-0.0021201067452969674,-0.09883946612763213,0.20375070369734805,0.09944659463332176,0
-0.001736338200895363,-0.09883961331131665,0.2089099529120994,0.09087806341996083,0
-0.0017482483702958437,-0.09883340562332012,0.20407081659427395,0.08212823186262938,0
-0.002022615742341458,-0.09882354105631212,0.1892336222677836,0.07317828037831925,0
-0.001937517617412515,-0.09881876267277875,0.17955690885772266,0.05587388727640805,0
-0.001979971162675498,-0.09882076851870472,0.18439526556275312,0.06452608382736365,0
-0.0017247920527483696,-0.09882242764260168,0.18955395522039675,0.05598748548584355,0
-0.0017373672630521205,-0.09882509994644123,0.19439231192542722,0.06463968203679915,0
-0.0017467863016227057,-0.09882867178728044,0.19923180801505014,0.07337086155332825,0
-0.0020640772504853496,-0.09882735274436572,0.1940726308470074,0.08193565068762038,0
-0.001716245857166282,-0.09882043663589607,0.1847082826563583,0.04770737815352328,0
-0.0018742463277425148,-0.09881624288289576,0.1698871277501456,0.0393227230965617,0
-0.0019036231500579735,-0.09881730788811319,0.17472201830393413,0.04759830518648488,0
-0.0017085797747974064,-0.09881893355124081,0.1798733921025698,0.0394317960636001,0
-0.001576882648578283,-0.09881886347380232,0.17945571325630083,0.024832770656708754,0
-0.001331330722504679,-0.09882057056960208,0.1882299497127204,0.009066025531007157,0
-0.0014810204547787604,-0.09881862972463581,0.17659333930094573,-0.006090925905676716,0
-0.0012302114566445574,-0.09882124033976257,0.1922113079658031,0.0006069902549683572,0
-0.0014042788982563598,-0.09881955163257747,0.18241164450683306,0.0014875498126652202,0
-0.001317531211706556,-0.09882033719883085,0.18639300275991577,-0.0069714854633735794,0
-0.0013917150226591818,-0.09882108545056442,0.18969073204019604,0.02459868931855276,0
-0.0014481768436446839,-0.09881977575975107,0.1838428314845106,0.016949398093857954,0
-0.0012594267864769599,-0.09882175574080264,0.19407785026840582,0.01671531675570196,0
-0.0011470726832016388,-0.09882226011493389,0.1979868868030744,0.00852804112828626,0
-0.0015472626732563092,-0.09882010506659764,0.1846576848556474,0.03218681984367363,0
-0.0017194639592152082,-0.09881768021308625,0.1746714205032232,0.03207774687663523,0
-0.002239142889785213,-0.09917447179141874,0.2352375608496372,0.1901715774166525,0
-0.003049005906137563,-0.0990203838227358,0.22484049033120854,0.17346649955171622,0
-0.003391896244283485,-0.09892612620673205,0.2144514114087807,0.1571969123210757,0
-0.0032620098604940074,-0.09896765262647483,0.2196459508699946,0.16533170593639596,0
-0.00217099406373229,-0.09899603411403066,0.2299881131225764,0.16469668943958998,0
-0.0024358690284647724,-0.09895320076551038,0.22479357366136246,0.15656189582426971,0
-0.00264606641169993,-0.09892135412972826,0.21967552257282608,0.14943467799907895,0
-0.0034896774104871066,-0.09887117200001434,0.20433278531695095,0.14197017228993467,0
-0.0027713394218987376,-0.09889459629986919,0.2146162095269112,0.14182130798350842,0
-0.0027719981863129056,-0.09887416845535817,0.21037151129630474,0.1336154464135501,0
-0.0032340564798500225,-0.0988419421201509,0.1963978396904953,0.1248503094168515,0
-0.0033677084194025306,-0.09885437087712665,0.20036531250372314,0.1334102408533931,0
-0.002716928494739743,-0.09885853007263971,0.20640403848307692,0.1250555149770085,0
-0.002643380770681169,-0.09884676490894861,0.2024938038294801,0.11652523884328675,0
-0.0029402122775604874,-0.09882646661396378,0.18859823201179307,0.10755578659835029,0
-0.0024930448558701307,-0.09883036348387564,0.19375493571901214,0.09912440379763589,0
-0.0025553894831946405,-0.09883787249016981,0.198593999990129,0.10787797743403615,0
-0.003087634469135461,-0.09883294531110844,0.19249803585114417,0.1162030480076009,0
-0.000774303225920263,-0.09919672409158507,0.24507938399754084,0.1900953466556306,0
-0.0013601227690335587,-0.09911688291162811,0.24009245686126868,0.1816078385772921,0
-0.002727086413839664,-0.09908850475530756,0.23003902559042289,0.18181903848418435,0
-0.0018485179837801273,-0.09905048233150225,0.23489392160205436,0.17325529964482395,0
-0.0034669542985792975,-0.09889519913730799,0.20939209836286582,0.1495835423055052,0
-0.0027067154733782127,-0.09881728108428817,0.1789158607888714,0.09027714450962723,0
-0.0024699238438512273,-0.09881329132072811,0.16923724886643637,0.0727936347789597,0
-0.002264863382823206,-0.09881831985750865,0.17923543556710997,0.07298595757863947,0
-0.0025860426347422733,-0.09881483143323254,0.17407655482765388,0.08153538964429347,0
-0.0023445044721019945,-0.0988210416246838,0.18407474152832748,0.08172771244397324,0
-0.0024232051588419547,-0.09882493092304662,0.1889137501075513,0.09048508275327435,0
-0.002825223148107464,-0.09882100958831154,0.18375704640033225,0.09891646555398875,0
-0.0021891594032944313,-0.09881644683067144,0.1743970788620795,0.06433376102768387,0
-0.002262273018274693,-0.0988118864745118,0.15955869314629167,0.055305638218798386,0
-0.002116907951431732,-0.09881142748235454,0.1499839399027797,0.03905968282537553,0
-0.0021842924134022465,-0.09881158265927562,0.15477131652453568,0.04718266052208696,0
-0.0020108072063580737,-0.09881370617753303,0.15993553382646264,0.03919120296096862,0
-0.002059108916366585,-0.09881431023450825,0.16472291044821863,0.04731418065768005,0
-0.0021167575811970986,-0.09881518659283929,0.16955780100200718,0.055589762747603216,0
-0.0023611750556501547,-0.09881238098489173,0.16439797100636402,0.06404963649887904,0
-0.0018692674683831088,-0.09881455914562223,0.15970134760783833,0.025737048622542308,0
-0.0016551292280332526,-0.09881685163459838,0.16858540063126287,0.011236452429678915,0
-0.0017522998046281824,-0.0988151201462371,0.15702959114251397,-0.00396946206074287,0
-0.0015622823208062456,-0.09881776656256819,0.1725893699661043,0.0025727632620010992,0
-0.0016999942491652234,-0.09881596797723098,0.16280749588688842,0.0036334951844680225,0
-0.0016267565237321788,-0.09881686896647379,0.16681146522172985,-0.005030193983209794,0
-0.0017351764273918575,-0.09881668325818087,0.16957853043206958,0.02528490963962553,0
-0.0017576147885428673,-0.09881577986824272,0.1641433741195506,0.01848675052611061,0
-0.0016152625091456548,-0.0988177839298218,0.17402055694378185,0.018034611543193836,0
-0.0015027008283786628,-0.09881874233933059,0.17840767517199163,0.010151238980343036,0
-0.001870536893089018,-0.09881531035746212,0.16479423767899198,0.03252988585955201,0
-0.0019892412725850696,-0.09881310031927865,0.154842643755309,0.03239836572395892,0
-0.0050859179349393374,-0.09906928411342658,0.2155675444190997,0.1909215933815534,0
-0.005297903029977845,-0.09892709408514841,0.20477684423755962,0.17466435612835693,0
-0.00514146256584062,-0.09885199723751445,0.19363047253108825,0.1586479429171098,0
-0.005247933134138102,-0.09888368685724096,0.19920365838432394,0.16665614952273336,0
-0.0043038543190682624,-0.0988915906731743,0.2040409419699345,0.15792242761909275,0
-0.0042697385074721645,-0.09893006081999318,0.20961412782317018,0.16593063422471632,0
-0.004200803223462819,-0.09897948272187654,0.21480866728438408,0.1740654278400366,0
-0.004012052300711123,-0.09904522437863757,0.2202040173751541,0.1821940464666348,0
-0.005275683440430739,-0.09898646096054167,0.21017219432832968,0.18279297475495515,0
-0.003808912680956485,-0.09912659481782166,0.22540255263436845,0.19054658539910296,0
-0.004261692768147944,-0.09886482867375042,0.1989816289240196,0.15030905760352223,0
-0.004697734102576416,-0.09881891205014395,0.18420712303707001,0.1422974139129558,0
-0.0041141238894283625,-0.0988075334157597,0.17635378098673182,0.1250352376351945,0
-0.004399903722563508,-0.09881186620875074,0.1802804520119009,0.13366632577407517,0
-0.003920742264971515,-0.09883322370226436,0.19030248136378264,0.13357386166490365,0
-0.004130150870074655,-0.09884553500324035,0.19426995417701048,0.14213379310144525,0
-0.0049275295590896365,-0.09883236835041892,0.18891879778407913,0.1504726784150328,0
-0.003705838296755299,-0.09882466832978236,0.18637581033861356,0.12494277352602301,0
-0.0034935833982402196,-0.09881887645641287,0.18247600649926243,0.11629551211677239,0
-0.0035569915458453214,-0.09880448976001965,0.16860261374005905,0.10713224907637643,0
-0.0031346686838548267,-0.09880348843771623,0.15891954896232116,0.08989040321896469,0
-0.003340524453651706,-0.09880355149214601,0.1637610813511901,0.09851132614767055,0
-0.003108764345962166,-0.09881190609810073,0.17375923726446524,0.09870469679300184,0
-0.003276815227347854,-0.09881513603277314,0.17860042287592606,0.10734401783736336,0
-0.003826198798152787,-0.09880536370367721,0.17247819736339542,0.11608374335578547,0
-0.002784837258897102,-0.09880905522946225,0.16407839891437875,0.08134201899896219,0
-0.0029450797773704455,-0.09881000512268448,0.16891770487559626,0.09008377386429596,0
-0.0027579961862866276,-0.09880480261938708,0.1492404708824151,0.07243152349944909,0
-0.0024482587120386,-0.09880663442541843,0.13956207083879288,0.05493473947364402,0
-0.002594008296933144,-0.09880572177710277,0.144401270860604,0.06368313148654656,0
-0.0023739049411684466,-0.09880899200843322,0.1495603819925423,0.055120188846221205,0
-0.0024974632476610207,-0.0988087488474235,0.1543995820143534,0.06386858085912374,0
-0.0026351462720856193,-0.09880871206116021,0.15923885987442574,0.0726125791392044,0
-0.0029385478662999863,-0.09880400260638868,0.15408000992236814,0.08116096335920689,0
-0.0022754702147873324,-0.09880923054889756,0.1447730053707863,0.04699721114950978,0
-0.0021976322090529548,-0.0988082508694695,0.12895061361704993,0.03582937522847486,0
-0.0023111004245512895,-0.09880752648603762,0.1342563422279214,0.04538205735105944,0
-0.002175323511581959,-0.0988095891620447,0.13946727675991483,0.037444529026925195,0
-0.0020436852637192157,-0.09881106432119525,0.14102409668103644,0.026069043545445685,0
-0.0021233656445433925,-0.09880966209971184,0.1349873551490432,0.030949209386960275,0
-0.002076869105707469,-0.098811228536381,0.14550401829190807,0.03256436318541061,0
-0.0019692370964585087,-0.0988127068874922,0.15036272214443738,0.025903046083994,0
-0.0018921940017052853,-0.09881323084885588,0.14927184594444193,0.013901572733493017,0
-0.0019328570234639713,-0.0988119351139079,0.13749234059607882,-0.001615715785383347,0
-0.001815245258645482,-0.09881423362935955,0.15315071854347795,0.004966055336375074,0
-0.001906984584826639,-0.09881260340228314,0.14338209327026036,0.006142928474054835,0
-0.0018551050823734194,-0.0988134538924481,0.14726096586929638,-0.0027925889230631085,0
-0.0018796101766845514,-0.09881385719923597,0.15448659677614013,0.019819310678017663,0
-0.001785267944378602,-0.09881499902295166,0.1589286232878524,0.012569012581585966,0
-0.0019654868855717225,-0.09881219828977128,0.14514797131273918,0.019985308139469353,0
-0.007611844257750788,-0.09890727699711245,0.1959260328513177,0.1922212147213933,0
-0.007215837417030972,-0.09880563680157303,0.18461776712933753,0.17611308267651007,0
-0.006514691841491458,-0.09877028756652895,0.17314147728428933,0.1600916712685995,0
-0.0057256306362348,-0.09876344630583084,0.16203873828941967,0.14377883571867958,0
-0.0046373117173404,-0.09878093647108817,0.15827810241837748,0.12459678456700711,0
-0.005148211683546142,-0.0987730550057426,0.16015842035389857,0.13418781014284334,0
-0.004878999271653271,-0.09878901367931787,0.16919625963807575,0.13440703667693704,0
-0.00440675817348491,-0.09879331801478923,0.16731594170255465,0.1248160111011008,0
-0.004069107669535844,-0.09879433233626313,0.16344035807921825,0.11586451682169177,0
-0.003948941572756032,-0.09878722052103789,0.1486011597461212,0.10702458744493212,0
-0.003360536867742805,-0.09879392062020806,0.13892218339960968,0.0895611401147273,0
-0.002870811670492993,-0.09879961568996004,0.12924373416235602,0.07206807887567514,0
-0.002836846933528675,-0.09880173377632871,0.13924210252238556,0.07224980118756211,0
-0.0031030579081266184,-0.09879694213260098,0.13408295878098286,0.08081460949520122,0
-0.003045357523042102,-0.0987999049071633,0.1440813271410124,0.08099633180708819,0
-0.0032739866286671093,-0.09879804353990165,0.14892086618096542,0.08972577166684599,0
-0.00352228124352288,-0.09879630580359548,0.1537603543542212,0.0984574953319484,0
-0.0036424967504649556,-0.09879063691317795,0.14376167157286546,0.09829286377982971,0
-0.006599409451152605,-0.09897998490040189,0.2057467886352087,0.19157140405147335,0
-0.006419777747999723,-0.09891949448356227,0.20035143854443865,0.18344278542487513,0
-0.0074953718434150616,-0.09884319765276026,0.19027189999032762,0.18416714869895168,0
-0.006300162809424227,-0.09886884876481024,0.19469730568344856,0.1753887194024335,0
-0.0061084280948537194,-0.0988343598083539,0.18912411983021288,0.16738051279680993,0
-0.0068756855507468295,-0.0987834077458221,0.17887962220681342,0.16810237697255478,0
-0.00587928285185948,-0.09881073999467938,0.1833859749076888,0.15936980709285464,0
-0.005553569420358183,-0.09879899190847338,0.17867430016067967,0.15119454259077764,0
-0.006121240551933829,-0.09876462011284459,0.16759010778685451,0.15193525349363954,0
-0.005263369849420359,-0.09879002443607932,0.17312293066324486,0.14303812481581768,0
-0.003784065965557673,-0.09879500690517747,0.15860188674309011,0.10707841826065428,0
-0.004281725348066399,-0.09878385313497735,0.15343963108224934,0.11581068600596961,0
-0.002649684671102367,-0.098803417926189,0.13440290250057446,0.06350140917465957,0
-0.0024764118639122494,-0.09880386841603157,0.119409908355932,0.05429899384359803,0
-0.0026607029662204895,-0.09880194130783738,0.12432682125914402,0.06318353635963658,0
-0.002481985214146435,-0.09880491574090529,0.12948598959736243,0.054616866658621026,0
-0.002327258837647684,-0.09880624281852013,0.12418026098649096,0.045064184536036445,0
-0.0021762269629066336,-0.09880638989575899,0.10630795466302626,0.03731531887975325,0
-0.002049627603686482,-0.0988084096110337,0.11190161295393918,0.019336772920905052,0
-0.0020274172232641234,-0.0988102261193931,0.12984795659329557,0.016521631317837508,0
-0.0021208844608015015,-0.09880833125620289,0.12042611328549455,0.027583074074689955,0
-0.002051759646001171,-0.09880918038631875,0.12087478477361738,0.017929202119371282,0
-0.0020976444249580393,-0.09880941097877405,0.12939928510517273,0.026175503273156184,0
-0.0020359444531565804,-0.09881061835870732,0.135436026637166,0.021295337431641595,0
-0.0019737381512109236,-0.09881161526211237,0.13955990126886875,0.015211602025665263,0
-0.0019722299259043313,-0.0988111623842377,0.13367014859468718,0.0074529577662270806,0
-0.0020045673874550924,-0.09880957839309909,0.11796643966560905,0.0008303865546947189,0
-0.0019833146360695116,-0.09881062652429344,0.12772939013084394,-0.0003926646153443141,0
-0.0020090016779913075,-0.09880996043602035,0.1239071981294523,0.008676008936266114,0
-0.0021023388069496274,-0.09880752211775537,0.10910478380848271,0.028326045900329153,0
-0.002209518850903139,-0.09880702608643457,0.11762928414003809,0.03657234705411405,0
-0.00231751427618936,-0.098805258188038,0.11285893150947912,0.045807156361675636,0
-0.009665435965171438,-0.09872775173977652,0.1763208908223542,0.1939886762133007,0
-0.008686139942920728,-0.09868779485782218,0.16469463554261352,0.17809952983831037,0
-0.0074859445405613964,-0.09870095647588718,0.15290673390374093,0.1620852912870312,0
-0.0080787782375147,-0.0986923136241,0.1588006847231772,0.17009241056267077,0
-0.00705863101134847,-0.09873288603966332,0.16302410559401515,0.16108848127781533,0
-0.007534482114475067,-0.09873563209649054,0.16891805641345142,0.16909560055345493,0
-0.008002589293994878,-0.09874588837153779,0.17465620133597554,0.17710630625741022,0
-0.008426225951413083,-0.09876887303686796,0.18046932897584586,0.1850508794449054,0
-0.009249935698637524,-0.09869499086350962,0.17050776318248384,0.18604410302580554,0
-0.008973968810902181,-0.09879300329359707,0.18612346183683595,0.19310494546734702,0
-0.006558865832909428,-0.09873632027982221,0.1574727360965803,0.15293206350285538,0
-0.006236250676075243,-0.09872823383607722,0.14137007452666653,0.14458156430114627,0
-0.004927433493651203,-0.09876217053600234,0.13828151091902371,0.12422648128974326,0
-0.0055378861800433644,-0.09874725865020446,0.13982579272284512,0.13440402279544478,0
-0.004822237923696798,-0.0987698502845923,0.1482798066687006,0.12441163292837518,0
-0.0054105362464530946,-0.0987573774546098,0.149824088472522,0.1345891744340767,0
-0.006032895612675304,-0.0987432155870451,0.1517044064080431,0.14418020000991294,0
-0.00684430083308345,-0.0987143589678805,0.14713840421520374,0.15333342779408873,0
-0.004417576743537585,-0.09877591842652335,0.14344133533257247,0.11562553436733769,0
-0.004076574225314455,-0.09877826089780284,0.12860362901762368,0.10670489527978073,0
-0.004045079370970719,-0.09878159449747989,0.13860239438187244,0.10686474136235644,0
-0.004483270273817045,-0.09877073848695254,0.1334425699683237,0.115465688284762,0
-0.003704357028749511,-0.09878673048224568,0.1337629062086167,0.09813301769725402,0
-0.0033723217616445957,-0.09879016527360665,0.11892530607284034,0.0892061122039552,0
-0.0028038465880424646,-0.09879836171680821,0.10924703797850004,0.0717035678059496,0
-0.0023625991546914133,-0.09880353788111298,0.09893906716065533,0.05469779172580246,0
-0.0024398190331289095,-0.09880336972681605,0.10917448775829366,0.05449839278470024,0
-0.00256961676152392,-0.09880124887957713,0.10409305256957768,0.06320067976587602,0
-0.002632799656206364,-0.09880125203302734,0.11432847316721602,0.06300128082477381,0
-0.0028596539111184556,-0.09879849692311722,0.11924538607042803,0.07188582334081237,0
-0.0030717547030622685,-0.09879468226081102,0.11408617202567019,0.0804548400049524,0
-0.003111843013690947,-0.09879519600137704,0.12408452011759818,0.08063709553981517,0
-0.003393130961441412,-0.09879127918438012,0.128923744736225,0.08938362615934126,0
-0.0037068244217529664,-0.09878471779767015,0.12376446754523202,0.09795550374186797,0
-0.00226090875289436,-0.09880505790031383,0.1026235109118408,0.046006555302777856,0
-0.002064418593653549,-0.09880625748127286,0.08901658293663915,0.040992301606143595,0
-0.001926232641675887,-0.09880779298859993,0.08990258163493733,0.02229952478316005,0
-0.0019814297821590765,-0.09880716037183547,0.08945958228578824,0.03164591319465182,0
-0.0021339493980798347,-0.09880614494451351,0.0976622687998327,0.03915381024294842,0
-0.002048284205967379,-0.09880715919187685,0.0981052681489818,0.029807421831456647,0
-0.0020086011564171237,-0.09880788019851824,0.10090209729443825,0.02081814885203255,0
-0.0019534855582589725,-0.09880839786009624,0.09843417865216858,0.0032243804916141997,0
-0.0019309912584409257,-0.09880816933493455,0.09416838014355296,0.012761952637387124,0
-0.001994476307944349,-0.09880847986873433,0.10516789580305388,0.011280576706259626,0
-0.0019949968415491556,-0.09880882908249246,0.10820030915888881,0.002027383523154459,0
-0.0020169430758964313,-0.09880909933343714,0.11493402630977412,0.010083579737799886,0
-0.0022060617396549706,-0.09880504631115462,0.09397782504864724,0.04784504666597303,0
-0.011130250834821262,-0.09857335914100596,0.1567512396874989,0.1961150489967212,0
-0.009616633003670506,-0.09860114807778607,0.14496583045536002,0.18028728300589708,0
-0.007995136362567903,-0.09865997117077835,0.1329857506707814,0.16433299387303407,0
-0.006658388923794515,-0.09870592470841993,0.12108697335903439,0.14970252890327435,0
-0.0073109215585721084,-0.09868385496711116,0.1270363620149079,0.1570177613881542,0
-0.006498235070624488,-0.09871405510937462,0.13122852394285045,0.1471420466022103,0
-0.007070493574829476,-0.09869782915425948,0.13717791259872397,0.15445727908709017,0
-0.007802291973733337,-0.09867609617816711,0.14294624228726116,0.16320914258003263,0
-0.008782184478760207,-0.09863155175441005,0.1389757905630707,0.17231013843946558,0
-0.00849428218282121,-0.0986572401322834,0.14893628217955046,0.17118628714646414,0
-0.009208452672051046,-0.09864084241380915,0.15483023299898677,0.17919340642210374,0
-0.010436315891503317,-0.09857667350567692,0.15085853507142946,0.18820116600130915,0
-0.009915396699603167,-0.09863089749046623,0.1607229376150562,0.18710728941751578,0
-0.010794984469218385,-0.09861063799761707,0.16653606525492654,0.19505186260501095,0
-0.005644477988777081,-0.09873912351479318,0.12743454834603152,0.13527677840300162,0
-0.005285783869602159,-0.09875085841682327,0.13285802963252763,0.12975162984637245,0
-0.005953056959156278,-0.09873263682703844,0.134402311436349,0.13992917135207394,0
-0.006134219348460121,-0.09872359980354752,0.12426076085253296,0.14248965365313798,0
-0.004876503761504753,-0.09875816469613131,0.11829380232150048,0.12337569186021889,0
-0.004464667229122981,-0.09876876955841098,0.12344871566956209,0.11504029356999981,0
-0.004940338790361501,-0.09875838453663972,0.1282876566202621,0.12380108657498107,0
-0.005251702908967133,-0.09874905090181542,0.12286417533376601,0.12932623513161026,0
-0.003947027940358272,-0.09877857739532482,0.10860683857195452,0.10634557704298779,0
-0.003651278201393051,-0.09878458189179143,0.11376607232239744,0.0977758446234715,0
-0.0040430836181825636,-0.09877729302834407,0.1186052337947891,0.10652523616138426,0
-0.004389027095123691,-0.09876937122566425,0.11345032044672751,0.11486063445160334,0
-0.0031745752489944,-0.09879226798057843,0.09892864536954388,0.08884019720258772,0
-0.0025653918416132858,-0.09880067379184841,0.08914579510926289,0.07150868242045147,0
-0.0024602281099123193,-0.09880206332165291,0.09404243113495911,0.06310323707312697,0
-0.0027058805135659397,-0.09879911585151926,0.09919641654388146,0.07160612511320052,0
-0.002851642079547648,-0.09879700355988887,0.09403722023940339,0.08017443981151959,0
-0.0029839482579933933,-0.09879533534575957,0.10408784167402196,0.08027188250426866,0
-0.003298847897361219,-0.09879053962009547,0.10892697572119212,0.08902315470327146,0
-0.0035392840181444393,-0.09878620400333255,0.1037677419707492,0.09759288712278776,0
-0.002099160036748411,-0.09880550938485705,0.0795740479582935,0.05437527442942789,0
-0.0017461369270449685,-0.09880814184850782,0.07035926184493715,0.03627361389759353,0
-0.0019158822523268261,-0.09880714809529387,0.07968792239078815,0.03863295775186856,0
-0.0018495677877974897,-0.09880777017127214,0.08013092173993724,0.029286569340376788,0
-0.0016602548873014154,-0.09880874781446312,0.0703652260534792,0.01889996028637701,0
-0.0016920514284999963,-0.09880851389605962,0.07036224394920818,0.027586787091985268,0
-0.0018064699178731722,-0.09880817768022837,0.08013390384420827,0.02059974253476853,0
-0.0017728097940201614,-0.09880847078635098,0.07887929629682706,0.005424349122529654,0
-0.0018793894447387293,-0.09880828656724873,0.08865673747449782,0.004324364807071927,0
-0.0018397335840108163,-0.09880823521797967,0.0843909389658822,0.013861936952844852,0
-0.0017140319241343701,-0.09880861565839934,0.07462226117515314,0.012162154704453332,0
-0.002316787763485651,-0.09880343569425726,0.08435992153377819,0.06294197842493968,0
-0.0022475150689145545,-0.09880431200782137,0.08925655755947441,0.054536533077615176,0
-0.0020817687579213822,-0.09880581206450632,0.08429531544746632,0.04768378801778574,0
-0.0019079251480423583,-0.09880705257509213,0.07496665490161533,0.04532444416351071,0
-0.011927869648183887,-0.09848002610501128,0.1372078753933555,0.1984719233079192,0
-0.009990836768654844,-0.09856410708342256,0.1254089564381509,0.18277773132850023,0
-0.008088003683309638,-0.09865330931586243,0.1137609987379864,0.16727065294714394,0
-0.009002788673407636,-0.09861241301370481,0.11958497758806864,0.17502419213782208,0
-0.008946196777620251,-0.09861669335093667,0.12919735355446615,0.17355536260076715,0
-0.008101505061778466,-0.09865180335623638,0.12337337470438389,0.165801823410089,0
-0.007346590100190187,-0.09868130297130784,0.1174239860485104,0.15848659092520914,0
-0.006497280743101566,-0.09871558816239775,0.10142183730560429,0.1525966204165476,0
-0.007266716844717488,-0.09868695859145929,0.10759141802179534,0.15993363668184576,0
-0.006629279462098175,-0.09870741935377393,0.11125440533231934,0.15114957465991097,0
-0.005560994659751795,-0.09874017842115787,0.10899159281595137,0.13673787352180578,0
-0.004520540226773432,-0.09876755559582101,0.09845333203083068,0.12228090299758554,0
-0.0035771635149224454,-0.09878690311869015,0.088610213782729,0.10597786343105475,0
-0.0027838154380337952,-0.09879890139268263,0.07893206133052738,0.0884710971673895,0
-0.003156642587623206,-0.09879374914875687,0.08377113755662818,0.09722448029922212,0
-0.0030018664970055922,-0.09879514394127689,0.08893035335003563,0.08865564718498861,0
-0.003373355243837545,-0.09878936083317114,0.09376942957613643,0.09740903031682124,0
-0.0037905429018434246,-0.09878189795894292,0.09860852617734175,0.10616172023702128,0
-0.004230298629375613,-0.09877293793563098,0.1035300853013926,0.11431324002028667,0
-0.004732684008639933,-0.09876146080075197,0.10837356717616559,0.12282829742890222,0
-0.005215475998577465,-0.09874920291216381,0.11364269756872593,0.13005678269101234,0
-0.005021146278706959,-0.09875509036486046,0.10372246242339103,0.12950938825969566,0
-0.011964119517150238,-0.09847562876248657,0.14697955754042719,0.1972934861523202,0
-0.010799810390616687,-0.09853777587921943,0.14108685292435774,0.18937960315690816,0
-0.01100934611379349,-0.09851473620580697,0.1313084159157532,0.19062482731820973,0
-0.009862125361008216,-0.09857749478918072,0.13518739344675545,0.18153250716719865,0
-0.0056405540477288815,-0.09873761974707307,0.11821307058099145,0.1360073259624037,0
-0.006098390303729361,-0.09872390649471167,0.11503928308749288,0.14322020121254006,0
-0.006017230097506887,-0.09872812050498514,0.10520671506077783,0.14466724696917668,0
-0.004024841455568112,-0.0987783743617148,0.09353177290677983,0.11412938321432015,0
-0.002673821704072775,-0.09879955126018918,0.08403892821989514,0.0799898897939205,0
-0.0021651969638444937,-0.09880548393461382,0.06925391254986764,0.07096419390653398,0
-0.0024546336863339987,-0.09880271456359646,0.0740929869401975,0.07971764553696174,0
-0.0023832145078581256,-0.09880287700368956,0.07919985382956526,0.07123643816349273,0
-0.002132474769934143,-0.0988052981192533,0.07441398025408057,0.06266973416798094,0
-0.0017010078549256331,-0.09880878056709828,0.0596319949436708,0.05427636916329799,0
-0.0019183136818461757,-0.0988074187813528,0.06444295374676923,0.06262028153491599,0
-0.0019153877243370558,-0.09880704795842545,0.06960302145098216,0.054325821796362944,0
-0.0017225701986662409,-0.09880831242124695,0.06499562839430398,0.04527499153044576,0
-0.001305906492725545,-0.09881060876180477,0.04797064284132702,0.039528807285986595,0
-0.0013580563209341912,-0.09881000238934737,0.05339430156318381,0.023204198502455687,0
-0.0013270031789122852,-0.0988102568246644,0.05068247220225541,0.03136650289422114,0
-0.0015443282503763292,-0.09880928231572138,0.059164952343132085,0.037901210591790066,0
-0.0015510548931015266,-0.09880917605417466,0.06187678170406048,0.02973890620002461,0
-0.0015196712268378343,-0.09880931387484847,0.0618797638083315,0.021052079394416348,0
-0.0014658065167348587,-0.09880953877406694,0.05929070776071185,0.007298151218704645,0
-0.0014056718581032712,-0.09880977375333053,0.05634250466194783,0.015251174860580165,0
-0.0015610103715727832,-0.09880916790776746,0.06482796690709552,0.013099055752540827,0
-0.0016344681558463294,-0.0988089093214927,0.06908500202876947,0.0063612501706171495,0
-0.0014946495084917242,-0.09880985805614777,0.05380131889249891,0.04690258822464229,0
-0.012017474053823871,-0.09846913188077493,0.1176755593694548,0.2009191173322832,0
-0.01242214166685662,-0.0984189006867903,0.12744171738140514,0.1996955203201012,0
-0.01105091021001992,-0.09851000527918108,0.12154225790380285,0.19184842433039173,0
-0.00979264703462301,-0.09858501973187994,0.1057807989958651,0.18550552070496806,0
-0.009950095848493778,-0.09856913204713903,0.115594877717008,0.18414162601673414,0
-0.00891026220927687,-0.09862092973422659,0.10977089886692575,0.176388086826056,0
-0.0076976014478873835,-0.09868484366582309,0.0944130912482842,0.17016940127731195,0
-0.005852340731652822,-0.09875623940156637,0.07877764334641096,0.15655900703444464,0
-0.006747791780294067,-0.09872432831159965,0.08659536729734758,0.1633642041558783,0
-0.006242057889873261,-0.09873217179910203,0.09009974032600762,0.15457781372549612,0
-0.007080398431021499,-0.09870025249768491,0.09791746427694425,0.16138301084692977,0
-0.007953328462440777,-0.09866437255750866,0.1040870449931353,0.16872002711222794,0
-0.008697771754356279,-0.09864051105459047,0.10009694512207465,0.17783746099114,0
-0.01094346237277711,-0.09852298608129524,0.11172817918265995,0.19321231901862562,0
-0.005152461475802684,-0.09875824955018861,0.08886193443796138,0.13869055751967738,0
-0.005802276552040427,-0.09873895121362855,0.09514188587178284,0.14564358896811247,0
-0.005504948165773968,-0.09875561113768587,0.08381978889218616,0.147624782277061,0
-0.005400283519711687,-0.0987471179673602,0.09892676362695638,0.1377142155207416,0
-0.004834452558395645,-0.09876235836699002,0.09365763323439602,0.13048573025863147,0
-0.003983385771162488,-0.09878506713565458,0.078291759218213,0.12311544004989634,0
-0.004285672927360543,-0.09877524455414664,0.08837254562452185,0.12269817152374093,0
-0.004539471925754398,-0.09877337935205523,0.08357684682808719,0.13090299878478687,0
-0.0037820834301157463,-0.09878529480704597,0.083450986500471,0.11454665174047554,0
-0.0029957705714746554,-0.09880024393085829,0.06861363511360773,0.10560825801780067,0
-0.002892956943913706,-0.09879900678926498,0.07377284822206756,0.09703967759259509,0
-0.0033106773014800134,-0.09879317921864206,0.07861192444816836,0.1057930607244277,0
-0.003459460321276542,-0.09879387750034169,0.07345269716591037,0.11436184903384851,0
-0.002226994442326181,-0.09880780811823134,0.058935509713273736,0.0881011943812033,0
-0.0016472167901854624,-0.0988109810590502,0.049686202576707035,0.07055957446868309,0
-0.0019175405224621902,-0.0988097552930618,0.054310856144990385,0.0793303844249432,0
-0.0019201768684442972,-0.09880823500897852,0.05947005756328734,0.07076188418760854,0
-0.0016768718595353074,-0.09880961969167555,0.054659098760188915,0.06241797181599054,0
-0.0012201751812260203,-0.09881229494178398,0.04009669501102961,0.05607879915151971,0
-0.000903556117354655,-0.09881256907089302,0.031635406792704164,0.04226419359315579,0
-0.001054383863935903,-0.09881249198820218,0.03586605090186688,0.04917149637233775,0
-0.0011124568425199776,-0.09881160625584469,0.03980302481701559,0.04089650043957119,0
-0.000873117867154907,-0.09881185816404248,0.032290037118481836,0.0266108153765094,0
-0.0010867644368223349,-0.0988113398493929,0.04013033997990443,0.033069811331248,0
-0.001128142125174304,-0.09881094304877881,0.04284216934083282,0.024907506939482543,0
-0.0010478813841448657,-0.09881105211256545,0.039665196774658885,0.008731029893554997,0
-0.0009551126640315613,-0.09881140318681704,0.03597761694657036,0.0176709226350322,0
-0.0012006788512819026,-0.09881055700760179,0.046529749168921344,0.015967614198005343,0
-0.0012692338641160158,-0.09881028200904161,0.049477952267685366,0.008014590556129821,0
-0.0021995274531290327,-0.0988062275284326,0.06409471113157068,0.07953269414386864,0
-0.0025241069448151796,-0.09880323222934359,0.06893378552190056,0.0882861457742964,0
-0.00258671700478331,-0.09880473501165853,0.06377457241344073,0.09685472619950199,0
-0.001473569298767306,-0.09881053982808208,0.049864344977350206,0.05517758415740885,0
-0.0014226836198051474,-0.09881180887894075,0.04489144879386832,0.0633191868101014,0
-0.0012624840776849144,-0.09881129671429065,0.04403366892617831,0.04780380321875315,0
-0.0008837158919129274,-0.09881215124391587,0.031962721955593,0.03443750448483259,0
-0.011394742607279254,-0.09854313500646122,0.09813655032930213,0.2033120093872453,0
-0.008979822101344879,-0.0986655789410027,0.08528955035371893,0.1885842562993356,0
-0.006425893363730235,-0.09878037067026772,0.0673328632834086,0.17489642673930267,0
-0.007174757950950863,-0.09872613359757935,0.0808729772658464,0.1725329140083073,0
-0.008331157919194242,-0.09867300719595365,0.08985132080100157,0.17937682878832378,0
-0.007659953580068074,-0.09873065357700361,0.07631120681856376,0.18174034151931912,0
-0.012146733995241025,-0.09845327048522358,0.10790605484937846,0.20211556335976427,0
-0.010654445722022744,-0.0985542799478725,0.10195867466258361,0.19440876504610669,0
-0.010221305931401572,-0.09860263172118908,0.09171305034151053,0.19594813284329043,0
-0.009448499480023572,-0.0986203851276247,0.09553517467479201,0.18704488850215184,0
-0.006158628385705765,-0.0987640237282439,0.07305525331490978,0.16572771688687365,0
-0.004609332807132436,-0.09881436439085638,0.057660505946874996,0.15708007322457992,0
-0.004351642718821462,-0.09879167420851942,0.06797328662566578,0.14025248133731932,0
-0.004793617125423001,-0.09877370783343929,0.07841761053181358,0.13947151942849834,0
-0.005061315294846679,-0.09877673374590462,0.07337546498603836,0.14840574418588198,0
-0.004496732303313699,-0.09880043248627997,0.06281689628627038,0.1486662772809496,0
-0.005273158871189588,-0.09878484056335843,0.06821907464664298,0.15681954012951227,0
-0.005460363958096814,-0.09880094776786687,0.062496684615141795,0.16598824998194128,0
-0.004175442245722665,-0.09878690180424124,0.07313252292193939,0.13168396069360783,0
-0.0031613482962632583,-0.09880805644007523,0.05829518095298021,0.12274539872482224,0
-0.0022418754886816463,-0.09881472805083233,0.04861707487727029,0.10523830856390576,0
-0.002637613872514929,-0.0988075931245475,0.058615354995439004,0.10542328329085321,0
-0.002242855724511334,-0.09881052594485527,0.05377629229527201,0.09666975147255452,0
-0.0014680952827192595,-0.09881749335912174,0.03663171523334526,0.08871468798164557,0
-0.001098676775077577,-0.09881529239381205,0.032068705959325726,0.07018182541768957,0
-0.0006243806005722959,-0.09881532461959604,0.019730169596816793,0.05790182168443558,0
-0.0007703646616228862,-0.09881378437869823,0.025682788194760477,0.05008300763879568,0
-0.0009320117820323301,-0.09881396502099317,0.029913432303923203,0.05699031041797764,0
-0.0008524453836400115,-0.09881545981860887,0.025899437778071258,0.06404182355106257,0
-0.0011627477832706345,-0.09881359393220479,0.03608270048517767,0.06313031228460464,0
-0.0013810054395202143,-0.09881328304818661,0.04087745426801638,0.07037069994318633,0
-0.0015707520940849437,-0.09881362795200564,0.04315895890502615,0.07963713122516433,0
-0.001866238560789111,-0.09881285461932242,0.0477836124733095,0.08840794118142443,0
-0.0018309977256770714,-0.09881667898709054,0.042624395055307775,0.09697649827277566,0
-0.003087185643566447,-0.09880307212324572,0.06345440803329397,0.11417682837131146,0
-0.002671280139731069,-0.09881225374713085,0.053456127915125246,0.113991853644364,0
-0.0035976417645568713,-0.09879640805772263,0.06829347008559661,0.1229304193873593,0
-0.003719026103813457,-0.09880147342184077,0.063134233789323,0.13149894003107077,0
-0.00126874860198471,-0.09881631496968027,0.034350210596335494,0.07944825669966757,0
-0.0004582561719478479,-0.0988135445050006,0.01609179201878098,0.0385692036097276,0
-0.000682535473461603,-0.0988131613866061,0.02386359940574257,0.04041669860144169,0
-0.0005343242623311343,-0.09881429446464995,0.017910980807798887,0.04823551264708159,0
-0.000671759597410444,-0.09881267961415716,0.024190914568631407,0.0325900094931185,0
-0.00039815843076909375,-0.09881282527355051,0.014572619243606987,0.023937918959145033,0
-0.0005467716749596749,-0.0988123386454216,0.020008354843692868,0.00963336607966037,0
-0.0008054886701706026,-0.09881176478029183,0.029836775809175875,0.009182197986607684,0
-0.0007065600749871961,-0.0988120877404439,0.02614919598108735,0.018122090728084884,0
-0.00047034262453114225,-0.09881252996168859,0.017290487043649928,0.0167856425194027,0
-0.0006398336401446813,-0.09881243075187401,0.02343132818104441,0.025274367167827216,0
-0.00042558387832788405,-0.09881311593926156,0.015332205631193984,0.031253561284436314,0
-0.010092385168564285,-0.09868502103965483,0.07857462076905876,0.2055086350173741,0
-0.011151081702647673,-0.09857100482823854,0.08835558554918044,0.2044103222023097,0
-0.009601675473933716,-0.09866437452131532,0.08193208556138884,0.19704644565835483,0
-0.007987104694797189,-0.09876789175434338,0.06788656203408117,0.19309809570556843,0
-0.005796216313847885,-0.09888351069582303,0.04925695830731201,0.18912429272627593,0
-0.004598164654079091,-0.0988535610457614,0.04852743861254488,0.17006976256188655,0
-0.005161940312935575,-0.0988667553048851,0.04889219845992845,0.17959702764408125,0
-0.005520577815553566,-0.09882006539863118,0.05793015094797674,0.1724830946505946,0
-0.006190842625659345,-0.09882445805515747,0.058294910795360304,0.18201035973278928,0
-0.006894621611773919,-0.09883082672174602,0.05857176017069659,0.19111119421592218,0
-0.007162816340442365,-0.09877472696844052,0.06760971265874488,0.18399726122243554,0
-0.008527360616601802,-0.09871404829491492,0.07658805619390005,0.190841176002452,0
-0.00906390299999119,-0.09872608429342197,0.07323059140156996,0.19930336536147125,0
-0.004623607072852793,-0.09883139536215893,0.05309397227970994,0.16357491789323325,0
-0.003173006491121267,-0.0988632157836375,0.03823606508927685,0.15672720944892635,0
-0.0032303046387541596,-0.09882732613596903,0.047976700785337084,0.13988233530693606,0
-0.003875392360455671,-0.09882270711000726,0.05281860336610604,0.148481204265758,0
-0.003914485378516186,-0.09884020108072192,0.04794828551807592,0.15690364133675314,0
-0.003223568923345973,-0.09884262437766247,0.04310638293730697,0.14830477237793122,0
-0.003816503847210411,-0.09880992692419983,0.05797499370550143,0.1400674083221277,0
-0.0032115719364751317,-0.09881587315536079,0.05313594086915865,0.13131386701587916,0
-0.002204159077325474,-0.09882884995375986,0.038926000166794726,0.12262413071599437,0
-0.002682269627418148,-0.0988288872668451,0.04345135047606591,0.13125323301146521,0
-0.0027005549683130903,-0.09881895220800396,0.048610590559887465,0.1226847647204083,0
-0.0022357221042934175,-0.09882060831161375,0.04377153752203251,0.11393121963995007,0
-0.0015664683813639128,-0.09882567752062962,0.0323084245884661,0.10708996584209003,0
-0.0007985540534711261,-0.09882807771738919,0.01752081913937509,0.0997472200114966,0
-0.000661676916168405,-0.09882024933019111,0.017537183526747935,0.07999578975914018,0
-0.0011600008142040232,-0.09882264697578913,0.02707626718636018,0.09423095399657108,0
-0.000724700595787868,-0.09882361833176163,0.01752900133306151,0.08987150488531839,0
-0.0010560975713346428,-0.09881947053259972,0.0270844493800466,0.08435523887039287,0
-0.0008928741629467751,-0.09881769172615439,0.02480294474303683,0.07508880758841488,0
-0.0006403073618249941,-0.09881736690518357,0.018633676561782365,0.06894880572178788,0
-2.5351696111321234e-19,-0.0988188496618547,0.0002334111370453746,0.06996424851737625,0
-0.0003283442466943861,-0.09881721390161814,0.009981790366931084,0.06393303510090591,0
-0.0003188346689333399,-0.09881977683986609,0.008885297331896655,0.07498001913825822,0
-0.003848703055764114,-0.09886037887416904,0.043381751850910866,0.16339848600540646,0
-0.0019169108203998765,-0.0988204004992199,0.04046274973286819,0.10616413720299789,0
-0.0015166361621355405,-0.09882095430592344,0.034470069910905676,0.0979023269118678,0
-0.0011732924505916905,-0.09882745832063759,0.024914621863920593,0.10341859292679331,0
-0.001864984775408233,-0.09882737912621774,0.03561721237763041,0.1148570482790422,0
-1.9066711642694312e-19,-0.09881521423742859,0.0002667555851949112,0.04995885378957881,0
-0.00023625710035355478,-0.09881441891045789,0.008179273801987946,0.04426402869965321,0
-0.0003067229984783069,-0.09881546671291885,0.009998462591005852,0.05393033773700719,0
1.7072515412136086e-20,-0.09881668947941849,0.0002500833611201429,0.059961551153477524,0
-1.515341942637944e-19,-0.09881340169059938,0.0003001000333443396,0.02995336579506389,0
-1.3552527156068802e-21,-0.09881409734535232,0.00028342780926962543,0.03995610979232135,0
-0.00022678836408095891,-0.09881354184076531,0.00819594602606266,0.03426128470239574,0
-0.00020096990565654114,-0.0988131727364464,0.007436359638475663,0.02694564237710446,0
-2.1552753342885657e-19,-0.09881285365751445,0.0003334437629660694,0.009947716585884269,0
-0.000199375875317762,-0.09881284084868917,0.0074530315032865285,0.016942817772514652,0
3.285974020325519e-21,-0.09881298249642337,0.0003167718981552045,0.01995054119047408,0
-0.0002764080931310538,-0.09881271404062315,0.010170899303329468,0.00979054133277232,0
-0.008185420750899912,-0.09886146116216636,0.05897878113556556,0.2073769316422593,0
-0.005816576556387771,-0.09902907175749684,0.03934595430376511,0.2088023656195966,0
-0.007228913107236689,-0.09893600169440737,0.04916236771966534,0.20808964863092794,0
-0.006967825736072486,-0.09887338094753122,0.05411786972143878,0.1982506121842676,0
-0.0058775780860258605,-0.09894340882847377,0.04430145630553856,0.19896332917293627,0
-0.004420040574708465,-0.09898792086220635,0.03419721644326486,0.19536840489466845,0
-0.0033370701520397117,-0.09892224828761069,0.032008998595552625,0.1760148195173843,0
-0.003845803005567713,-0.09895151495045144,0.033103107519408745,0.18569161220602637,0
-0.005154364934331954,-0.09893481240286425,0.041727087375288435,0.1922463488104722,0
-0.004506406328332453,-0.09890993467730913,0.04063297845143232,0.18256955612183012,0
-0.004009570280143655,-0.09888765873840923,0.04026821860404875,0.17304229103963542,0
-0.003268127964150447,-0.09888842784737727,0.035122531842414734,0.16637101448315533,0
-0.0015114652381855655,-0.09890230267146781,0.017478449051854826,0.15835039912421137,0
-0.002001274763682338,-0.09885506362019188,0.02877934861710978,0.13985923863090968,0
-0.0025459866044526074,-0.09885979698413339,0.03350770685319331,0.14829322403991801,0
-0.002366809179046624,-0.09888531730875436,0.027857257070565838,0.15753880428656886,0
-0.0017947767111310341,-0.09887587868681494,0.023128898834482305,0.14910481887756052,0
-0.009484077833032175,-0.09874533854134439,0.06877670095231216,0.2064427833298167,0
-0.008169291460101391,-0.09880321034464729,0.06343267158482337,0.20023751367391385,0
-0.005098148479900039,-0.09900770103752964,0.036771585373514985,0.20208538525713254,0
-0.0026324705920787545,-0.09884241348248171,0.03837802470122343,0.13987078696892286,0
-0.0021245761604954836,-0.09884019631636476,0.033852674391952255,0.13124168467345204,0
-0.0010502979328564923,-0.09884291493733655,0.018378481641186377,0.12127656356185974,0
-0.001635265228889519,-0.09883715334998533,0.02865224090399055,0.12195034713892705,0
-0.0014867595574016611,-0.09884907576667532,0.02357891512914808,0.13056790109638472,0
-0.0023525106888340436,-0.09891451486218379,0.024743723823703725,0.16718260932079781,0
-0.0013353041020747025,-0.09883359584509041,0.025343453114826237,0.11418326470197489,0
-0.0009143454624194935,-0.09883441498477395,0.017949650390280736,0.11051189178667817,0
-2.9214166350800826e-19,-0.0988373723607568,0.0001667222407464953,0.10997480579148036,0
-0.0004974145867857879,-0.0988408646012793,0.009272601940966437,0.11562568467667006,0
-0.00042294213980459655,-0.09883309093200092,0.008843770690060794,0.10486101290148848,0
-3.0289898193813763e-19,-0.09882555778471552,0.0002000666888959734,0.08996956140584333,0
-0.0003825880546928373,-0.09882720334658116,0.008860442914135533,0.09485839070866997,0
-0.00034806888126981346,-0.098823132415826,0.008868625107821954,0.08498267558249176,0
-7.821954289150972e-20,-0.09882167788634866,0.000216738912970674,0.0799669049616098,0
-2.4918926620878654e-21,-0.09883058931260387,0.00018339446482123437,0.09997218359866185,0
-0.0033374874790067636,-0.09914358674828766,0.01968189381931244,0.2096956954280177,0
-0.002648278373136989,-0.09899851947052202,0.022022974377374115,0.18770622954713923,0
-0.0035119928326858073,-0.09899658042577449,0.02811009541031949,0.19153731722090384,0
-0.00302676855173288,-0.09895783271405058,0.02701598648646337,0.18186052453226176,0
-0.00149402501373509,-0.09895787089092406,0.014343835987256498,0.17475754340930424,0
-0.002035306023837819,-0.09897783456100981,0.01818340518231531,0.18123188647822175,0
-0.0024211451393933263,-0.09894374994423541,0.02317641729140456,0.17538618146334428,0
-0.0015103578194616267,-0.09892723438574379,0.015911142519555662,0.1665539712667578,0
-7.528428835196219e-19,-0.0989493799307576,6.668889629864687e-05,0.1699901410864332,0
-3.954796830730325e-19,-0.09889238241793612,0.0001000333444479161,0.1499850907117373,0
-1.151964808265849e-19,-0.09891706830818106,8.336112037328148e-05,0.15998761589908525,0
-0.0007244758012989025,-0.09889922662050969,0.008789241198151372,0.15416774491797433,0
-0.0008101554398335741,-0.09892710126680097,0.008772568974076736,0.16417027010532229,0
-0.0007294842258232015,-0.09895577604645564,0.0072052624417775725,0.17237384224786872,0
-0.004483111090201622,-0.0990983921713196,0.029513924061538778,0.20924903052380717,0
-0.003844466827535843,-0.09906385658871247,0.02693955513128865,0.20253205016134307,0
-0.0028557367807522686,-0.09906424756848398,0.020852434098343278,0.19870096248757846,0
-0.0008753840525889817,-0.0988692889665799,0.012444546986195938,0.13997348877956392,0
-0.001445341989931071,-0.09886345905456957,0.02061194780165286,0.1399163637052368,0
-0.001166891676350475,-0.09888422735792746,0.014961498019025382,0.14916194395188764,0
-0.0004639267044199463,-0.09888109135567257,0.006272290165321927,0.1449792897456506,0
-3.0865880597946693e-19,-0.0988576046623438,0.0001333777925972035,0.129979978182708,0
-5.421010862427503e-21,-0.09884615930021605,0.0001500500166718494,0.11997739198709419,0
-0.0005536538559156399,-0.09885115338400187,0.00925592971689179,0.12562827087228387,0
-0.00041526811506194657,-0.09886370459203975,0.006288962389396571,0.13497673348113598,0
-0.0009766042489414658,-0.0988544881504749,0.015411514313691158,0.13062502617071184,0
-0.0015378963680774379,-0.09908454570025586,0.011954373994348138,0.19775313423515248,0
-0.002323687074110074,-0.099115926011225,0.01581813390683029,0.2037244148315851,0
-0.00214732014783717,-0.09903967125362033,0.016988674185861127,0.19272968189114587,0
-9.893344823930232e-19,-0.09904153630750195,3.334444814934153e-05,0.18999511462399607,0
-0.0008138114836150452,-0.09899918124486912,0.00718859021770292,0.18237632901665016,0
-0.0013396622796230861,-0.09902907614983207,0.011028159412761728,0.18885067208556766,0
-0.0007658356416230158,-0.09906613461396653,0.00599385922124874,0.19387412442957427,0
-0.00213486750942851,-0.09917677125569724,6.237151238276169e-25,0.21,0
-0.0011407820638489818,-0.099134177266016,0.005977186997174069,0.20387656711757624,0
-0.0012329326591435134,-0.099192083822479,0.00984094690965622,0.20984784771400883,0
-1.3923104070492562e-20,-0.09899035094749661,5.00166722239942e-05,0.17999262785521464,0
1.8340910286015762e-20,-0.09887266255720495,0.0001167055685225598,0.13998253444722264,0
1.8973538018496328e-19,-0.09911104838884482,1.6672224074670764e-05,0.19999755731199803,0
