start:0,start:1,start:2,end:0,end:1,end:2
0.7928143975941777,0.01064196365445808,0.0,0.8007615394629077,0.03169629297010415,0.0
0.7928143975941777,0.01064196365445808,0.0,0.7806902554777978,0.03127560145755582,0.0
0.7928143975941777,0.01064196365445808,0.0,0.7845044071325035,-0.009091753421023273,0.0
0.7928143975941777,0.01064196365445808,0.0,0.773425847359712,0.011440606427344418,0.0
0.7928143975941777,0.01064196365445808,0.0,0.8041393450946576,-0.0077907700143542025,0.0
0.7928143975941777,0.01064196365445808,0.0,0.8121640846733496,0.013069555841908071,0.0
0.8007615394629077,0.03169629297010415,0.0,0.7806902554777978,0.03127560145755582,0.0
0.8007615394629077,0.03169629297010415,0.0,0.8121640846733496,0.013069555841908071,0.0
0.8007615394629077,0.03169629297010415,0.0,0.8200868864895331,0.032899113906177856,0.0
0.8007615394629077,0.03169629297010415,0.0,0.7898797377582675,0.04953530030259658,0.0
0.8007615394629077,0.03169629297010415,0.0,0.8097653924998763,0.050045836211703484,0.0
0.7806902554777978,0.03127560145755582,0.0,0.773425847359712,0.011440606427344418,0.0
0.7806902554777978,0.03127560145755582,0.0,0.7708735101809755,0.049069877171275395,0.0
0.7806902554777978,0.03127560145755582,0.0,0.76058596824215,0.03024986525972145,0.0
0.7806902554777978,0.03127560145755582,0.0,0.7898797377582675,0.04953530030259658,0.0
0.6934932643279251,0.17133045218422935,0.0,0.6878673116996209,0.15172863928948083,0.0
0.6934932643279251,0.17133045218422935,0.0,0.7078638897842162,0.15209855319716967,0.0
0.6934932643279251,0.17133045218422935,0.0,0.7155545748739618,0.17162692653849956,0.0
0.6934932643279251,0.17133045218422935,0.0,0.7057425391897695,0.1915070909240959,0.0
0.6934932643279251,0.17133045218422935,0.0,0.6772546865418673,0.16269239723164394,0.0
0.6934932643279251,0.17133045218422935,0.0,0.6861187615548019,0.1930527247722307,0.0
0.6934932643279251,0.17133045218422935,0.0,0.6724327894312268,0.17774340820492765,0.0
0.6878673116996209,0.15172863928948083,0.0,0.7078638897842162,0.15209855319716967,0.0
0.6878673116996209,0.15172863928948083,0.0,0.6772546865418673,0.16269239723164394,0.0
0.6878673116996209,0.15172863928948083,0.0,0.6781890464088747,0.13423701231173907,0.0
0.6878673116996209,0.15172863928948083,0.0,0.6678797697759878,0.15086996010152898,0.0
0.6878673116996209,0.15172863928948083,0.0,0.6981854034381355,0.13461896226361933,0.0
0.7078638897842162,0.15209855319716967,0.0,0.7155545748739618,0.17162692653849956,0.0
0.7078638897842162,0.15209855319716967,0.0,0.7273261314157784,0.15298821855723918,0.0
0.7078638897842162,0.15209855319716967,0.0,0.6981854034381355,0.13461896226361933,0.0
0.7078638897842162,0.15209855319716967,0.0,0.7180920249194228,0.13491409149612396,0.0
0.37471840740413337,0.05703861485009263,0.0,0.3692030376619652,0.076535173103207,0.0
0.37471840740413337,0.05703861485009263,0.0,0.38794992715397775,0.07641174693646034,0.0
0.37471840740413337,0.05703861485009263,0.0,0.3978683355871625,0.05854428632296957,0.0
0.37471840740413337,0.05703861485009263,0.0,0.35448076971347414,0.04958173259422627,0.0
0.37471840740413337,0.05703861485009263,0.0,0.38776021937968325,0.039037554596804316,0.0
0.37471840740413337,0.05703861485009263,0.0,0.36845149800677274,0.03536185600072365,0.0
0.37471840740413337,0.05703861485009263,0.0,0.3594158149882524,0.0649366059450187,0.0
0.3692030376619652,0.076535173103207,0.0,0.38794992715397775,0.07641174693646034,0.0
0.3692030376619652,0.076535173103207,0.0,0.34900444413250664,0.07726349700935022,0.0
0.3692030376619652,0.076535173103207,0.0,0.37887544876428264,0.09434237713640302,0.0
0.3692030376619652,0.076535173103207,0.0,0.35888336002445176,0.09372958014525437,0.0
0.3692030376619652,0.076535173103207,0.0,0.3594158149882524,0.0649366059450187,0.0
0.38794992715397775,0.07641174693646034,0.0,0.3978683355871625,0.05854428632296957,0.0
0.38794992715397775,0.07641174693646034,0.0,0.40816148445056244,0.07734238297308761,0.0
0.38794992715397775,0.07641174693646034,0.0,0.3988728511054502,0.09466765312185303,0.0
0.38794992715397775,0.07641174693646034,0.0,0.37887544876428264,0.09434237713640302,0.0
0.08528951751808338,0.18858701012206353,0.0,0.06733282911918852,0.17490178107997836,0.0
0.08528951751808338,0.18858701012206353,0.0,0.09441304894091788,0.17017516193165869,0.0
0.08528951751808338,0.18858701012206353,0.0,0.06788653911744194,0.19310035983591076,0.0
0.08528951751808338,0.18858701012206353,0.0,0.10578076254235362,0.18550843492346153,0.0
0.08528951751808338,0.18858701012206353,0.0,0.07857462076905876,0.2055086350173741,0.0
0.08528951751808338,0.18858701012206353,0.0,0.09813655032930213,0.2033120093872453,0.0
0.06733282911918852,0.17490178107997836,0.0,0.09441304894091788,0.17017516193165869,0.0
0.06733282911918852,0.17490178107997836,0.0,0.07877761338120387,0.156567341356241,0.0
0.06733282911918852,0.17490178107997836,0.0,0.04925693512339695,0.1891274622983105,0.0
0.06733282911918852,0.17490178107997836,0.0,0.04852741327909236,0.17007615048357944,0.0
0.06733282911918852,0.17490178107997836,0.0,0.06788653911744194,0.19310035983591076,0.0
0.06733282911918852,0.17490178107997836,0.0,0.057660483954652564,0.15708857795960982,0.0
0.09441304894091788,0.17017516193165869,0.0,0.07877761338120387,0.156567341356241,0.0
0.09441304894091788,0.17017516193165869,0.0,0.10142180671474614,0.15260530939007214,0.0
0.09441304894091788,0.17017516193165869,0.0,0.11376095295742113,0.16727658620711547,0.0
0.09441304894091788,0.17017516193165869,0.0,0.10578076254235362,0.18550843492346153,0.0
0.15827811993274224,0.12460951518452465,0.0,0.1413700491380578,0.1445910129843958,0.0
0.15827811993274224,0.12460951518452465,0.0,0.13828153521981607,0.12423956777127836,0.0
0.15827811993274224,0.12460951518452465,0.0,0.1620387146477765,0.14378810797821787,0.0
0.15827811993274224,0.12460951518452465,0.0,0.17635379242379068,0.12504765245686372,0.0
0.15827811993274224,0.12460951518452465,0.0,0.14860123517481863,0.10704055333505647,0.0
0.15827811993274224,0.12460951518452465,0.0,0.16860267720971456,0.1071479292959417,0.0
0.1413700491380578,0.1445910129843958,0.0,0.13828153521981607,0.12423956777127836,0.0
0.1413700491380578,0.1445910129843958,0.0,0.1620387146477765,0.14378810797821787,0.0
0.1413700491380578,0.1445910129843958,0.0,0.15290668948572123,0.16209144853619523,0.0
0.1413700491380578,0.1445910129843958,0.0,0.13298570429033466,0.16433910027280382,0.0
0.1413700491380578,0.1445910129843958,0.0,0.12108694291458454,0.14971140693489426,0.0
0.1413700491380578,0.1445910129843958,0.0,0.12743454564397155,0.13528808593196637,0.0
0.13828153521981607,0.12423956777127836,0.0,0.14860123517481863,0.10704055333505647,0.0
0.13828153521981607,0.12423956777127836,0.0,0.12860371372968954,0.10672120320375966,0.0
0.13828153521981607,0.12423956777127836,0.0,0.11829383318274883,0.1233892252265838,0.0
0.13828153521981607,0.12423956777127836,0.0,0.12743454564397155,0.13528808593196637,0.0
0.12984852994414556,0.016553710524845115,0.0,0.12895105857860123,0.035858100271675936,0.0
0.12984852994414556,0.016553710524845115,0.0,0.11190218333257387,0.01936870223550001,0.0
0.12984852994414556,0.016553710524845115,0.0,0.1179671501728716,0.000865448113328706,0.0
0.12984852994414556,0.016553710524845115,0.0,0.1374930259806137,-0.0015806533955279082,0.0
0.12984852994414556,0.016553710524845115,0.0,0.14927238802703482,0.013933738729740535,0.0
0.12984852994414556,0.016553710524845115,0.0,0.14102458503612694,0.026099259841606964,0.0
0.12895105857860123,0.035858100271675936,0.0,0.11190218333257387,0.01936870223550001,0.0
0.12895105857860123,0.035858100271675936,0.0,0.10630839629738321,0.03734416994450381,0.0
0.12895105857860123,0.035858100271675936,0.0,0.11941024570795314,0.05432463803103477,0.0
0.12895105857860123,0.035858100271675936,0.0,0.13956238910441268,0.05495995903089674,0.0
0.12895105857860123,0.035858100271675936,0.0,0.14998433030837266,0.03908750018282032,0.0
0.12895105857860123,0.035858100271675936,0.0,0.14102458503612694,0.026099259841606964,0.0
0.11190218333257387,0.01936870223550001,0.0,0.10630839629738321,0.03734416994450381,0.0
0.11190218333257387,0.01936870223550001,0.0,0.08990310961925042,0.022331336277559153,0.0
0.11190218333257387,0.01936870223550001,0.0,0.1179671501728716,0.000865448113328706,0.0
0.11190218333257387,0.01936870223550001,0.0,0.09843487082434452,0.0032594416331455257,0.0
0.07877761338120387,0.156567341356241,0.0,0.10142180671474614,0.15260530939007214,0.0
0.07877761338120387,0.156567341356241,0.0,0.08886192968579402,0.1387018421346445,0.0
0.07877761338120387,0.156567341356241,0.0,0.057660483954652564,0.15708857795960982,0.0
0.07877761338120387,0.156567341356241,0.0,0.06797328185385243,0.1402637600789621,0.0
0.10630839629738321,0.03734416994450381,0.0,0.08990310961925042,0.022331336277559153,0.0
0.10630839629738321,0.03734416994450381,0.0,0.08901697905933283,0.041020781367188126,0.0
0.10630839629738321,0.03734416994450381,0.0,0.11941024570795314,0.05432463803103477,0.0
0.10630839629738321,0.03734416994450381,0.0,0.09893939500457752,0.05472368335123239,0.0
0.8388956503184147,0.10437237902036549,0.0,0.8588556200853614,0.10426901748680571,0.0
0.8388956503184147,0.10437237902036549,0.0,0.8493188347830191,0.1225906689022526,0.0
0.8388956503184147,0.10437237902036549,0.0,0.8281147320900251,0.12291494604191086,0.0
0.8388956503184147,0.10437237902036549,0.0,0.818829608912135,0.10294393485421878,0.0
0.8388956503184147,0.10437237902036549,0.0,0.8291236280019335,0.08518370249084854,0.0
0.8388956503184147,0.10437237902036549,0.0,0.849136384051295,0.08573904634363776,0.0
0.8588556200853614,0.10426901748680571,0.0,0.8493188347830191,0.1225906689022526,0.0
0.8588556200853614,0.10426901748680571,0.0,0.8697968887702697,0.1218554722875974,0.0
0.8588556200853614,0.10426901748680571,0.0,0.878806009365719,0.10361109496694494,0.0
0.8588556200853614,0.10426901748680571,0.0,0.849136384051295,0.08573904634363776,0.0
0.8588556200853614,0.10426901748680571,0.0,0.8691235282208196,0.08638714692227695,0.0
0.8493188347830191,0.1225906689022526,0.0,0.8369339168418125,0.14224730826637633,0.0
0.8493188347830191,0.1225906689022526,0.0,0.8610037946417084,0.13995843609960618,0.0
0.8493188347830191,0.1225906689022526,0.0,0.8281147320900251,0.12291494604191086,0.0
0.8493188347830191,0.1225906689022526,0.0,0.8697968887702697,0.1218554722875974,0.0
0.1620387146477765,0.14378810797821787,0.0,0.17635379242379068,0.12504765245686372,0.0
0.1620387146477765,0.14378810797821787,0.0,0.18420710319845196,0.14230664926133785,0.0
0.1620387146477765,0.14378810797821787,0.0,0.1731414379522137,0.16009786103542276,0.0
0.1620387146477765,0.14378810797821787,0.0,0.15290668948572123,0.16209144853619523,0.0
0.3978683355871625,0.05854428632296957,0.0,0.40816148445056244,0.07734238297308761,0.0
0.3978683355871625,0.05854428632296957,0.0,0.4186345017665614,0.05945926520962047,0.0
0.3978683355871625,0.05854428632296957,0.0,0.40855938211073706,0.04143475879006737,0.0
0.3978683355871625,0.05854428632296957,0.0,0.38776021937968325,0.039037554596804316,0.0
0.8369339168418125,0.14224730826637633,0.0,0.8610037946417084,0.13995843609960618,0.0
0.8369339168418125,0.14224730826637633,0.0,0.8490851311687502,0.16236830281072098,0.0
0.8369339168418125,0.14224730826637633,0.0,0.827395880269683,0.15978496526438374,0.0
0.8369339168418125,0.14224730826637633,0.0,0.8281147320900251,0.12291494604191086,0.0
0.8369339168418125,0.14224730826637633,0.0,0.8172381371058935,0.14072246111428646,0.0
0.8610037946417084,0.13995843609960618,0.0,0.8490851311687502,0.16236830281072098,0.0
0.8610037946417084,0.13995843609960618,0.0,0.8697968887702697,0.1218554722875974,0.0
0.8610037946417084,0.13995843609960618,0.0,0.8714856695785187,0.15794946506633117,0.0
0.8610037946417084,0.13995843609960618,0.0,0.8798429562599569,0.1390051110301484,0.0
0.8490851311687502,0.16236830281072098,0.0,0.8351248080209467,0.17781106199471278,0.0
0.8490851311687502,0.16236830281072098,0.0,0.827395880269683,0.15978496526438374,0.0
0.8490851311687502,0.16236830281072098,0.0,0.8497836242181662,0.18264470706909458,0.0
0.8490851311687502,0.16236830281072098,0.0,0.8643684351656467,0.1774255767253531,0.0
0.8490851311687502,0.16236830281072098,0.0,0.8714856695785187,0.15794946506633117,0.0
0.5598408548754638,0.09635124494458967,0.0,0.5794883556788316,0.09663640566270507,0.0
0.5598408548754638,0.09635124494458967,0.0,0.571616674130071,0.07612158631130965,0.0
0.5598408548754638,0.09635124494458967,0.0,0.5397657348578022,0.09649101235943165,0.0
0.5598408548754638,0.09635124494458967,0.0,0.5517026234464487,0.07764388781909187,0.0
0.5598408548754638,0.09635124494458967,0.0,0.5487126399405472,0.11440056764680119,0.0
0.5598408548754638,0.09635124494458967,0.0,0.5687235280968548,0.11468487510691916,0.0
0.5794883556788316,0.09663640566270507,0.0,0.571616674130071,0.07612158631130965,0.0
0.5794883556788316,0.09663640566270507,0.0,0.5891652412348819,0.08060274954939774,0.0
0.5794883556788316,0.09663640566270507,0.0,0.5687235280968548,0.11468487510691916,0.0
0.5794883556788316,0.09663640566270507,0.0,0.5886643135018462,0.115026408447715,0.0
0.5794883556788316,0.09663640566270507,0.0,0.5989552090024207,0.09887748127032349,0.0
0.571616674130071,0.07612158631130965,0.0,0.5517026234464487,0.07764388781909187,0.0
0.571616674130071,0.07612158631130965,0.0,0.5629806178945362,0.058850219012230136,0.0
0.571616674130071,0.07612158631130965,0.0,0.5891652412348819,0.08060274954939774,0.0
0.571616674130071,0.07612158631130965,0.0,0.5842656170667834,0.060139204334669946,0.0
0.5767966734900405,0.18851110889253805,0.0,0.5780538031413575,0.1679540373872755,0.0
0.5767966734900405,0.18851110889253805,0.0,0.5961733102237425,0.1867110289731529,0.0
0.5767966734900405,0.18851110889253805,0.0,0.568781339891721,0.2064914852893641,0.0
0.5767966734900405,0.18851110889253805,0.0,0.5883592993452134,0.204443428867555,0.0
0.5767966734900405,0.18851110889253805,0.0,0.5575773360407924,0.1908137180749757,0.0
0.5767966734900405,0.18851110889253805,0.0,0.5649921659073073,0.17852697275360227,0.0
0.5780538031413575,0.1679540373872755,0.0,0.5961733102237425,0.1867110289731529,0.0
0.5780538031413575,0.1679540373872755,0.0,0.6001372306037294,0.16726254927765127,0.0
0.5780538031413575,0.1679540373872755,0.0,0.5878919423069311,0.14980585751257194,0.0
0.5780538031413575,0.1679540373872755,0.0,0.5678878181077279,0.14950891133850192,0.0
0.5780538031413575,0.1679540373872755,0.0,0.5574400338785687,0.16497248548914115,0.0
0.5780538031413575,0.1679540373872755,0.0,0.5649921659073073,0.17852697275360227,0.0
0.5961733102237425,0.1867110289731529,0.0,0.6001372306037294,0.16726254927765127,0.0
0.5961733102237425,0.1867110289731529,0.0,0.6137007828179684,0.18443004889427878,0.0
0.5961733102237425,0.1867110289731529,0.0,0.6079079889629149,0.2021313692806051,0.0
0.5961733102237425,0.1867110289731529,0.0,0.5883592993452134,0.204443428867555,0.0
0.8351248080209467,0.17781106199471278,0.0,0.827395880269683,0.15978496526438374,0.0
0.8351248080209467,0.17781106199471278,0.0,0.8497836242181662,0.18264470706909458,0.0
0.8351248080209467,0.17781106199471278,0.0,0.8153374026082953,0.1760375673985075,0.0
0.8351248080209467,0.17781106199471278,0.0,0.8236791101517987,0.1939886763111289,0.0
0.8351248080209467,0.17781106199471278,0.0,0.8432487611881002,0.1961150490981094,0.0
0.827395880269683,0.15978496526438374,0.0,0.8172381371058935,0.14072246111428646,0.0
0.827395880269683,0.15978496526438374,0.0,0.8063719759439393,0.15785957612227666,0.0
0.827395880269683,0.15978496526438374,0.0,0.8153374026082953,0.1760375673985075,0.0
0.6983187974757772,0.011470809648756769,0.0,0.6909583995318239,0.031788099784320366,0.0
0.6983187974757772,0.011470809648756769,0.0,0.7114701017109769,0.029776923775436077,0.0
0.6983187974757772,0.011470809648756769,0.0,0.7187890083636846,0.010865361741156024,0.0
0.6983187974757772,0.011470809648756769,0.0,0.6862227182913762,-0.006973820508177841,0.0
0.6983187974757772,0.011470809648756769,0.0,0.6787465597442816,0.01323081117366781,0.0
0.6983187974757772,0.011470809648756769,0.0,0.7058402313418417,-0.00851652936395567,0.0
0.6909583995318239,0.031788099784320366,0.0,0.7114701017109769,0.029776923775436077,0.0
0.6909583995318239,0.031788099784320366,0.0,0.6835591044483651,0.05025918464008262,0.0
0.6909583995318239,0.031788099784320366,0.0,0.6713370066676092,0.03363065258249044,0.0
0.6909583995318239,0.031788099784320366,0.0,0.6787465597442816,0.01323081117366781,0.0
0.6909583995318239,0.031788099784320366,0.0,0.7047039586630749,0.04866104826427681,0.0
0.7114701017109769,0.029776923775436077,0.0,0.7247583323736156,0.04636694629953153,0.0
0.7114701017109769,0.029776923775436077,0.0,0.7187890083636846,0.010865361741156024,0.0
0.7114701017109769,0.029776923775436077,0.0,0.7047039586630749,0.04866104826427681,0.0
0.7114701017109769,0.029776923775436077,0.0,0.7304023093614679,0.025918136273664873,0.0
0.35448076971347414,0.04958173259422627,0.0,0.33112099137064505,0.041319678735552395,0.0
0.35448076971347414,0.04958173259422627,0.0,0.3492492104845869,0.031389690666369055,0.0
0.35448076971347414,0.04958173259422627,0.0,0.33942737052120187,0.060291312386467025,0.0
0.35448076971347414,0.04958173259422627,0.0,0.36845149800677274,0.03536185600072365,0.0
0.35448076971347414,0.04958173259422627,0.0,0.3594158149882524,0.0649366059450187,0.0
0.33112099137064505,0.041319678735552395,0.0,0.3492492104845869,0.031389690666369055,0.0
0.33112099137064505,0.041319678735552395,0.0,0.33942737052120187,0.060291312386467025,0.0
0.33112099137064505,0.041319678735552395,0.0,0.31819756007157557,0.024724414626599054,0.0
0.33112099137064505,0.041319678735552395,0.0,0.3342508230073258,0.025593058412472815,0.0
0.33112099137064505,0.041319678735552395,0.0,0.31931202499670297,0.05844148955761875,0.0
0.33112099137064505,0.041319678735552395,0.0,0.30980142387338555,0.04133741183912075,0.0
0.3492492104845869,0.031389690666369055,0.0,0.36845149800677274,0.03536185600072365,0.0
0.3492492104845869,0.031389690666369055,0.0,0.3610609089217038,0.01565812504701845,0.0
0.3492492104845869,0.031389690666369055,0.0,0.3424357379162176,0.012145072381501806,0.0
0.3492492104845869,0.031389690666369055,0.0,0.3342508230073258,0.025593058412472815,0.0
0.7648409339244048,-0.009843734961474688,0.0,0.7845044071325035,-0.009091753421023273,0.0
0.7648409339244048,-0.009843734961474688,0.0,0.773425847359712,0.011440606427344418,0.0
0.7648409339244048,-0.009843734961474688,0.0,0.7548681675540487,0.007121022276530237,0.0
0.7648409339244048,-0.009843734961474688,0.0,0.7451637687099429,-0.009998673790886207,0.0
0.7845044071325035,-0.009091753421023273,0.0,0.773425847359712,0.011440606427344418,0.0
0.7845044071325035,-0.009091753421023273,0.0,0.8041393450946576,-0.0077907700143542025,0.0
0.773425847359712,0.011440606427344418,0.0,0.7548681675540487,0.007121022276530237,0.0
0.773425847359712,0.011440606427344418,0.0,0.76058596824215,0.03024986525972145,0.0
0.6001372306037294,0.16726254927765127,0.0,0.6137007828179684,0.18443004889427878,0.0
0.6001372306037294,0.16726254927765127,0.0,0.620848630513897,0.1670738521471017,0.0
0.6001372306037294,0.16726254927765127,0.0,0.5878919423069311,0.14980585751257194,0.0
0.6001372306037294,0.16726254927765127,0.0,0.6078959959161906,0.14983114943685222,0.0
0.17635379242379068,0.12504765245686372,0.0,0.18420710319845196,0.14230664926133785,0.0
0.17635379242379068,0.12504765245686372,0.0,0.19639784726312084,0.12486253481906223,0.0
0.17635379242379068,0.12504765245686372,0.0,0.16860267720971456,0.1071479292959417,0.0
0.17635379242379068,0.12504765245686372,0.0,0.18859828022964076,0.10757116292893597,0.0
0.18420710319845196,0.14230664926133785,0.0,0.20433276972189612,0.14197924998994246,0.0
0.18420710319845196,0.14230664926133785,0.0,0.1936304409588361,0.1586541150132607,0.0
0.18420710319845196,0.14230664926133785,0.0,0.19639784726312084,0.12486253481906223,0.0
0.18420710319845196,0.14230664926133785,0.0,0.1731414379522137,0.16009786103542276,0.0
0.7247583323736156,0.04636694629953153,0.0,0.7427690852388777,0.03990491154973897,0.0
0.7247583323736156,0.04636694629953153,0.0,0.7399380771701185,0.0625878389758847,0.0
0.7247583323736156,0.04636694629953153,0.0,0.7180011084952506,0.06577930092394797,0.0
0.7247583323736156,0.04636694629953153,0.0,0.7047039586630749,0.04866104826427681,0.0
0.7247583323736156,0.04636694629953153,0.0,0.7304023093614679,0.025918136273664873,0.0
0.7427690852388777,0.03990491154973897,0.0,0.7399380771701185,0.0625878389758847,0.0
0.7427690852388777,0.03990491154973897,0.0,0.76058596824215,0.03024986525972145,0.0
0.7427690852388777,0.03990491154973897,0.0,0.75503054079367,0.050456899831779506,0.0
0.7427690852388777,0.03990491154973897,0.0,0.7304023093614679,0.025918136273664873,0.0
0.7427690852388777,0.03990491154973897,0.0,0.7450619048290591,0.022012929612272813,0.0
0.7399380771701185,0.0625878389758847,0.0,0.7180011084952506,0.06577930092394797,0.0
0.7399380771701185,0.0625878389758847,0.0,0.75503054079367,0.050456899831779506,0.0
0.7399380771701185,0.0625878389758847,0.0,0.7605475561687376,0.06694678697061202,0.0
0.7399380771701185,0.0625878389758847,0.0,0.7491310421258865,0.0835881019018651,0.0
0.7399380771701185,0.0625878389758847,0.0,0.7291096207788603,0.08330929650874777,0.0
0.6835591044483651,0.05025918464008262,0.0,0.6754743066830566,0.06754188502738355,0.0
0.6835591044483651,0.05025918464008262,0.0,0.6964878161769823,0.06660395325361874,0.0
0.6835591044483651,0.05025918464008262,0.0,0.6713370066676092,0.03363065258249044,0.0
0.6835591044483651,0.05025918464008262,0.0,0.7047039586630749,0.04866104826427681,0.0
0.6835591044483651,0.05025918464008262,0.0,0.6625801804279041,0.050897052758218535,0.0
0.6754743066830566,0.06754188502738355,0.0,0.6964878161769823,0.06660395325361874,0.0
0.6754743066830566,0.06754188502738355,0.0,0.6882066406942398,0.08397646840644635,0.0
0.6754743066830566,0.06754188502738355,0.0,0.6670222795205623,0.08367577914089408,0.0
0.6754743066830566,0.06754188502738355,0.0,0.6549550646477232,0.0680644966929648,0.0
0.6754743066830566,0.06754188502738355,0.0,0.6625801804279041,0.050897052758218535,0.0
0.6964878161769823,0.06660395325361874,0.0,0.6882066406942398,0.08397646840644635,0.0
0.6964878161769823,0.06660395325361874,0.0,0.7180011084952506,0.06577930092394797,0.0
0.6964878161769823,0.06660395325361874,0.0,0.7047039586630749,0.04866104826427681,0.0
0.6964878161769823,0.06660395325361874,0.0,0.7089817770655372,0.08340581068604432,0.0
0.7155545748739618,0.17162692653849956,0.0,0.7358694779759981,0.17207883085896866,0.0
0.7155545748739618,0.17162692653849956,0.0,0.7273261314157784,0.15298821855723918,0.0
0.7155545748739618,0.17162692653849956,0.0,0.7057425391897695,0.1915070909240959,0.0
0.7155545748739618,0.17162692653849956,0.0,0.7253997900510565,0.1904740301919498,0.0
0.5299536644641653,0.07905440504140122,0.0,0.5397657348578022,0.09649101235943165,0.0
0.5299536644641653,0.07905440504140122,0.0,0.5517026234464487,0.07764388781909187,0.0
0.5299536644641653,0.07905440504140122,0.0,0.5409599809382502,0.06101716056394918,0.0
0.5299536644641653,0.07905440504140122,0.0,0.519601200364351,0.06188150610078226,0.0
0.5299536644641653,0.07905440504140122,0.0,0.5091789519327465,0.07912320712087256,0.0
0.5299536644641653,0.07905440504140122,0.0,0.5189867583948061,0.0965540790675613,0.0
0.5397657348578022,0.09649101235943165,0.0,0.5517026234464487,0.07764388781909187,0.0
0.5397657348578022,0.09649101235943165,0.0,0.5189867583948061,0.0965540790675613,0.0
0.5397657348578022,0.09649101235943165,0.0,0.528708744870528,0.11403460154243344,0.0
0.5397657348578022,0.09649101235943165,0.0,0.5487126399405472,0.11440056764680119,0.0
0.5517026234464487,0.07764388781909187,0.0,0.5409599809382502,0.06101716056394918,0.0
0.5517026234464487,0.07764388781909187,0.0,0.5629806178945362,0.058850219012230136,0.0
0.33942737052120187,0.060291312386467025,0.0,0.32899255678704337,0.07608319865819077,0.0
0.33942737052120187,0.060291312386467025,0.0,0.34900444413250664,0.07726349700935022,0.0
0.33942737052120187,0.060291312386467025,0.0,0.31931202499670297,0.05844148955761875,0.0
0.33942737052120187,0.060291312386467025,0.0,0.3594158149882524,0.0649366059450187,0.0
0.7187890083636846,0.010865361741156024,0.0,0.7058402313418417,-0.00851652936395567,0.0
0.7187890083636846,0.010865361741156024,0.0,0.7254911634440852,-0.009546595546347372,0.0
0.7187890083636846,0.010865361741156024,0.0,0.7304023093614679,0.025918136273664873,0.0
0.7187890083636846,0.010865361741156024,0.0,0.7366839969440638,0.0068707096184470115,0.0
0.8281147320900251,0.12291494604191086,0.0,0.818829608912135,0.10294393485421878,0.0
0.8281147320900251,0.12291494604191086,0.0,0.8080795456263986,0.12118388871620843,0.0
0.8281147320900251,0.12291494604191086,0.0,0.8172381371058935,0.14072246111428646,0.0
0.40816148445056244,0.07734238297308761,0.0,0.4186345017665614,0.05945926520962047,0.0
0.40816148445056244,0.07734238297308761,0.0,0.4290763775041654,0.0776492710753164,0.0
0.40816148445056244,0.07734238297308761,0.0,0.3988728511054502,0.09466765312185303,0.0
0.40816148445056244,0.07734238297308761,0.0,0.4188736396477162,0.09480978109530341,0.0
0.4186345017665614,0.05945926520962047,0.0,0.40855938211073706,0.04143475879006737,0.0
0.4186345017665614,0.05945926520962047,0.0,0.4290763775041654,0.0776492710753164,0.0
0.4186345017665614,0.05945926520962047,0.0,0.4388492197339807,0.059939926670684554,0.0
0.4186345017665614,0.05945926520962047,0.0,0.4292922089054006,0.041844975393951045,0.0
0.40855938211073706,0.04143475879006737,0.0,0.38776021937968325,0.039037554596804316,0.0
0.40855938211073706,0.04143475879006737,0.0,0.4000727401242222,0.022836131360809496,0.0
0.40855938211073706,0.04143475879006737,0.0,0.42026068594409954,0.02381626508624051,0.0
0.40855938211073706,0.04143475879006737,0.0,0.4292922089054006,0.041844975393951045,0.0
0.10142180671474614,0.15260530939007214,0.0,0.08886192968579402,0.1387018421346445,0.0
0.10142180671474614,0.15260530939007214,0.0,0.11376095295742113,0.16727658620711547,0.0
0.10142180671474614,0.15260530939007214,0.0,0.12108694291458454,0.14971140693489426,0.0
0.10142180671474614,0.15260530939007214,0.0,0.10899158948525106,0.136749207948031,0.0
0.8041393450946576,-0.0077907700143542025,0.0,0.8237379166597678,-0.006022576300166642,0.0
0.8041393450946576,-0.0077907700143542025,0.0,0.8121640846733496,0.013069555841908071,0.0
0.8237379166597678,-0.006022576300166642,0.0,0.8121640846733496,0.013069555841908071,0.0
0.8237379166597678,-0.006022576300166642,0.0,0.8317488807468103,0.012918002484205075,0.0
0.8237379166597678,-0.006022576300166642,0.0,0.8433010237785074,-0.0038960670646850173,0.0
0.8121640846733496,0.013069555841908071,0.0,0.8317488807468103,0.012918002484205075,0.0
0.8121640846733496,0.013069555841908071,0.0,0.8200868864895331,0.032899113906177856,0.0
0.2780888097300522,0.023511333825424762,0.0,0.2864800833248808,0.00761954054910537,0.0
0.2780888097300522,0.023511333825424762,0.0,0.29804884326247805,0.024358419303825905,0.0
0.2780888097300522,0.023511333825424762,0.0,0.25826418581184096,0.023328282183069093,0.0
0.2780888097300522,0.023511333825424762,0.0,0.2654466757623327,0.005905161411181089,0.0
0.2780888097300522,0.023511333825424762,0.0,0.28983271015806616,0.04103432742241843,0.0
0.2780888097300522,0.023511333825424762,0.0,0.26985322042396254,0.0402436031776334,0.0
0.2864800833248808,0.00761954054910537,0.0,0.29804884326247805,0.024358419303825905,0.0
0.2864800833248808,0.00761954054910537,0.0,0.3058924615834854,0.007923469114491464,0.0
0.2864800833248808,0.00761954054910537,0.0,0.2654466757623327,0.005905161411181089,0.0
0.2864800833248808,0.00761954054910537,0.0,0.2944924828048157,-0.008494426310975793,0.0
0.2864800833248808,0.00761954054910537,0.0,0.2748420391939516,-0.009533819182356178,0.0
0.29804884326247805,0.024358419303825905,0.0,0.3058924615834854,0.007923469114491464,0.0
0.29804884326247805,0.024358419303825905,0.0,0.31819756007157557,0.024724414626599054,0.0
0.29804884326247805,0.024358419303825905,0.0,0.30980142387338555,0.04133741183912075,0.0
0.29804884326247805,0.024358419303825905,0.0,0.28983271015806616,0.04103432742241843,0.0
0.3058924615834854,0.007923469114491464,0.0,0.31819756007157557,0.024724414626599054,0.0
0.3058924615834854,0.007923469114491464,0.0,0.3242185516017126,0.009165583697234895,0.0
0.3058924615834854,0.007923469114491464,0.0,0.2944924828048157,-0.008494426310975793,0.0
0.3058924615834854,0.007923469114491464,0.0,0.31410937356582663,-0.0069437815004049636,0.0
0.8497836242181662,0.18264470706909458,0.0,0.8643684351656467,0.1774255767253531,0.0
0.8497836242181662,0.18264470706909458,0.0,0.8627921253644149,0.1984719234020252,0.0
0.8497836242181662,0.18264470706909458,0.0,0.8432487611881002,0.1961150490981094,0.0
0.6590002050286579,0.014483622716451207,0.0,0.6511457433032043,0.034561615445989124,0.0
0.6590002050286579,0.014483622716451207,0.0,0.6713370066676092,0.03363065258249044,0.0
0.6590002050286579,0.014483622716451207,0.0,0.6666422407496118,-0.005014505948357674,0.0
0.6590002050286579,0.014483622716451207,0.0,0.6787465597442816,0.01323081117366781,0.0
0.6590002050286579,0.014483622716451207,0.0,0.647093633924904,-0.002758009062477722,0.0
0.6590002050286579,0.014483622716451207,0.0,0.6393367860764767,0.01675552313643829,0.0
0.6511457433032043,0.034561615445989124,0.0,0.6713370066676092,0.03363065258249044,0.0
0.6511457433032043,0.034561615445989124,0.0,0.6393367860764767,0.01675552313643829,0.0
0.6511457433032043,0.034561615445989124,0.0,0.6313545966029226,0.03625557854878292,0.0
0.6511457433032043,0.034561615445989124,0.0,0.6425428047188304,0.05240366406707691,0.0
0.6511457433032043,0.034561615445989124,0.0,0.6625801804279041,0.050897052758218535,0.0
0.6713370066676092,0.03363065258249044,0.0,0.6787465597442816,0.01323081117366781,0.0
0.6713370066676092,0.03363065258249044,0.0,0.6625801804279041,0.050897052758218535,0.0
0.6137007828179684,0.18443004889427878,0.0,0.620848630513897,0.1670738521471017,0.0
0.6137007828179684,0.18443004889427878,0.0,0.6336764012725904,0.18255961950554345,0.0
0.6137007828179684,0.18443004889427878,0.0,0.6079079889629149,0.2021313692806051,0.0
0.6137007828179684,0.18443004889427878,0.0,0.6274414338011367,0.1996932485171144,0.0
0.620848630513897,0.1670738521471017,0.0,0.6336764012725904,0.18255961950554345,0.0
0.620848630513897,0.1670738521471017,0.0,0.6399472829999884,0.16590265817762806,0.0
0.620848630513897,0.1670738521471017,0.0,0.6278864487847455,0.15013923958572473,0.0
0.620848630513897,0.1670738521471017,0.0,0.6078959959161906,0.14983114943685222,0.0
0.6336764012725904,0.18255961950554345,0.0,0.6399472829999884,0.16590265817762806,0.0
0.6336764012725904,0.18255961950554345,0.0,0.6274414338011367,0.1996932485171144,0.0
0.6336764012725904,0.18255961950554345,0.0,0.6469771203754761,0.1972732467138197,0.0
0.6336764012725904,0.18255961950554345,0.0,0.6531431266047857,0.18098467100127674,0.0
0.0175372312615723,0.08001797806206107,0.0,0.03663179472597557,0.08873523728926114,0.0
0.0175372312615723,0.08001797806206107,0.0,0.01752084770245303,0.09976591294430814,0.0
0.0175372312615723,0.08001797806206107,0.0,0.0197302565770538,0.057927978201946874,0.0
0.0175372312615723,0.08001797806206107,0.0,0.032068816945512967,0.0702057014974055,0.0
0.0175372312615723,0.08001797806206107,0.0,0.0002334111370453746,0.06998822350174821,0.0
0.0175372312615723,0.08001797806206107,0.0,0.0002000666888959734,0.08998997331642707,0.0
0.03663179472597557,0.08873523728926114,0.0,0.01752084770245303,0.09976591294430814,0.0
0.03663179472597557,0.08873523728926114,0.0,0.03230846262295841,0.10710730594477387,0.0
0.03663179472597557,0.08873523728926114,0.0,0.032068816945512967,0.0702057014974055,0.0
0.03663179472597557,0.08873523728926114,0.0,0.0589356307267786,0.08812166893932422,0.0
0.03663179472597557,0.08873523728926114,0.0,0.04968636212503205,0.0705832483423392,0.0
0.03663179472597557,0.08873523728926114,0.0,0.04861713478893713,0.10525585846368635,0.0
0.01752084770245303,0.09976591294430814,0.0,0.03230846262295841,0.10710730594477387,0.0
0.01752084770245303,0.09976591294430814,0.0,0.018378492552946695,0.12129149880722095,0.0
0.01752084770245303,0.09976591294430814,0.0,0.0001667222407464953,0.1099917006462948,0.0
0.01752084770245303,0.09976591294430814,0.0,0.0002000666888959734,0.08998997331642707,0.0
0.6666422407496118,-0.005014505948357674,0.0,0.6862227182913762,-0.006973820508177841,0.0
0.6666422407496118,-0.005014505948357674,0.0,0.6787465597442816,0.01323081117366781,0.0
0.6666422407496118,-0.005014505948357674,0.0,0.647093633924904,-0.002758009062477722,0.0
0.6862227182913762,-0.006973820508177841,0.0,0.6787465597442816,0.01323081117366781,0.0
0.6862227182913762,-0.006973820508177841,0.0,0.7058402313418417,-0.00851652936395567,0.0
0.8951928637709216,0.18566432212614392,0.0,0.9155300509303865,0.1738365270130772,0.0
0.8951928637709216,0.18566432212614392,0.0,0.9133706003925487,0.1915584874906182,0.0
0.8951928637709216,0.18566432212614392,0.0,0.897900155566826,0.16850553112873604,0.0
0.8951928637709216,0.18566432212614392,0.0,0.8813610469062011,0.17292635421557723,0.0
0.8951928637709216,0.18566432212614392,0.0,0.8823244412923026,0.2009191174150899,0.0
0.8951928637709216,0.18566432212614392,0.0,0.901863450217593,0.2033120094520914,0.0
0.8951928637709216,0.18566432212614392,0.0,0.8772077795479521,0.1870814567603949,0.0
0.9155300509303865,0.1738365270130772,0.0,0.9133706003925487,0.1915584874906182,0.0
0.9155300509303865,0.1738365270130772,0.0,0.897900155566826,0.16850553112873604,0.0
0.9155300509303865,0.1738365270130772,0.0,0.9348318461477816,0.17142352153812934,0.0
0.9155300509303865,0.1738365270130772,0.0,0.9328412697606617,0.1894709621315434,0.0
0.9155300509303865,0.1738365270130772,0.0,0.9272487460768027,0.15589081614580283,0.0
0.9155300509303865,0.1738365270130772,0.0,0.9080894258857536,0.15491040384988072,0.0
0.9133706003925487,0.1915584874906182,0.0,0.9328412697606617,0.1894709621315434,0.0
0.9133706003925487,0.1915584874906182,0.0,0.901863450217593,0.2033120094520914,0.0
0.9133706003925487,0.1915584874906182,0.0,0.921425379683128,0.2055086350647987,0.0
0.897900155566826,0.16850553112873604,0.0,0.8893273997306275,0.15519005604359823,0.0
0.897900155566826,0.16850553112873604,0.0,0.8813610469062011,0.17292635421557723,0.0
0.897900155566826,0.16850553112873604,0.0,0.9080894258857536,0.15491040384988072,0.0
0.6399472829999884,0.16590265817762806,0.0,0.6478910330170781,0.15008001687344025,0.0
0.6399472829999884,0.16590265817762806,0.0,0.6278864487847455,0.15013923958572473,0.0
0.6399472829999884,0.16590265817762806,0.0,0.6531431266047857,0.18098467100127674,0.0
0.6399472829999884,0.16590265817762806,0.0,0.6587574057317034,0.1641290412033896,0.0
0.08886192968579402,0.1387018421346445,0.0,0.07829179068495491,0.12312956767910813,0.0
0.08886192968579402,0.1387018421346445,0.0,0.09845336756914022,0.12229491316733068,0.0
0.08886192968579402,0.1387018421346445,0.0,0.06797328185385243,0.1402637600789621,0.0
0.08886192968579402,0.1387018421346445,0.0,0.10899158948525106,0.136749207948031,0.0
0.5409599809382502,0.06101716056394918,0.0,0.5513068867841157,0.042382087556190044,0.0
0.5409599809382502,0.06101716056394918,0.0,0.5629806178945362,0.058850219012230136,0.0
0.5409599809382502,0.06101716056394918,0.0,0.5304512318283497,0.04362009710059207,0.0
0.5409599809382502,0.06101716056394918,0.0,0.519601200364351,0.06188150610078226,0.0
0.5513068867841157,0.042382087556190044,0.0,0.5629806178945362,0.058850219012230136,0.0
0.5513068867841157,0.042382087556190044,0.0,0.5304512318283497,0.04362009710059207,0.0
0.5513068867841157,0.042382087556190044,0.0,0.5405105692921578,0.025722178287015566,0.0
0.5513068867841157,0.042382087556190044,0.0,0.571704816012727,0.04086539979565397,0.0
0.5513068867841157,0.042382087556190044,0.0,0.5604280749119909,0.02435320791640276,0.0
0.5629806178945362,0.058850219012230136,0.0,0.5842656170667834,0.060139204334669946,0.0
0.5629806178945362,0.058850219012230136,0.0,0.571704816012727,0.04086539979565397,0.0
0.3805497811321936,0.01905316789052054,0.0,0.38776021937968325,0.039037554596804316,0.0
0.3805497811321936,0.01905316789052054,0.0,0.36845149800677274,0.03536185600072365,0.0
0.3805497811321936,0.01905316789052054,0.0,0.3922935314128169,0.002138929613100848,0.0
0.3805497811321936,0.01905316789052054,0.0,0.4000727401242222,0.022836131360809496,0.0
0.3805497811321936,0.01905316789052054,0.0,0.3610609089217038,0.01565812504701845,0.0
0.3805497811321936,0.01905316789052054,0.0,0.3727665018633827,-0.00029780867680233357,0.0
0.38776021937968325,0.039037554596804316,0.0,0.36845149800677274,0.03536185600072365,0.0
0.38776021937968325,0.039037554596804316,0.0,0.4000727401242222,0.022836131360809496,0.0
0.36845149800677274,0.03536185600072365,0.0,0.3610609089217038,0.01565812504701845,0.0
0.818829608912135,0.10294393485421878,0.0,0.8080795456263986,0.12118388871620843,0.0
0.818829608912135,0.10294393485421878,0.0,0.7986749425889735,0.1022478505776895,0.0
0.818829608912135,0.10294393485421878,0.0,0.809099499349786,0.08475877919950378,0.0
0.818829608912135,0.10294393485421878,0.0,0.8291236280019335,0.08518370249084854,0.0
0.04925693512339695,0.1891274622983105,0.0,0.03200897814453945,0.1760203436300323,0.0
0.04925693512339695,0.1891274622983105,0.0,0.03419720507510907,0.1953706756019775,0.0
0.04925693512339695,0.1891274622983105,0.0,0.04852741327909236,0.17007615048357944,0.0
0.04925693512339695,0.1891274622983105,0.0,0.06788653911744194,0.19310035983591076,0.0
0.04925693512339695,0.1891274622983105,0.0,0.03934595430376511,0.2088023656195966,0.0
0.04925693512339695,0.1891274622983105,0.0,0.05897878113556556,0.2073769316422593,0.0
0.03200897814453945,0.1760203436300323,0.0,0.03419720507510907,0.1953706756019775,0.0
0.03200897814453945,0.1760203436300323,0.0,0.04852741327909236,0.17007615048357944,0.0
0.03200897814453945,0.1760203436300323,0.0,0.017478441215166805,0.15835898061932244,0.0
0.03200897814453945,0.1760203436300323,0.0,0.038236049191240976,0.15673595095823162,0.0
0.03200897814453945,0.1760203436300323,0.0,0.022022960531588205,0.18770986037520185,0.0
0.03200897814453945,0.1760203436300323,0.0,0.014343825428424394,0.1747633595844479,0.0
0.03419720507510907,0.1953706756019775,0.0,0.022022960531588205,0.18770986037520185,0.0
0.03419720507510907,0.1953706756019775,0.0,0.03934595430376511,0.2088023656195966,0.0
0.03419720507510907,0.1953706756019775,0.0,0.01968189381931244,0.2096956954280177,0.0
0.8317488807468103,0.012918002484205075,0.0,0.8200868864895331,0.032899113906177856,0.0
0.8317488807468103,0.012918002484205075,0.0,0.840411247215515,0.0328649650320571,0.0
0.8317488807468103,0.012918002484205075,0.0,0.8517831427761068,0.015842387538154767,0.0
0.8317488807468103,0.012918002484205075,0.0,0.8433010237785074,-0.0038960670646850173,0.0
0.8200868864895331,0.032899113906177856,0.0,0.840411247215515,0.0328649650320571,0.0
0.8200868864895331,0.032899113906177856,0.0,0.8097653924998763,0.050045836211703484,0.0
0.8200868864895331,0.032899113906177856,0.0,0.829763626083883,0.050411444918651536,0.0
0.840411247215515,0.0328649650320571,0.0,0.8517831427761068,0.015842387538154767,0.0
0.840411247215515,0.0328649650320571,0.0,0.8595107274334738,0.033738751863588747,0.0
0.840411247215515,0.0328649650320571,0.0,0.829763626083883,0.050411444918651536,0.0
0.840411247215515,0.0328649650320571,0.0,0.8493504276124689,0.05064864024610015,0.0
0.8697968887702697,0.1218554722875974,0.0,0.8798429562599569,0.1390051110301484,0.0
0.8697968887702697,0.1218554722875974,0.0,0.8891140722832721,0.12088129769631242,0.0
0.8697968887702697,0.1218554722875974,0.0,0.878806009365719,0.10361109496694494,0.0
0.392092013242154,0.2021313695513354,0.0,0.4116407029594826,0.2044434291270096,0.0
0.392092013242154,0.2021313695513354,0.0,0.4076958474314783,0.18325344531540083,0.0
0.392092013242154,0.2021313695513354,0.0,0.3846392361505965,0.1830445315964135,0.0
0.392092013242154,0.2021313695513354,0.0,0.3725585682950345,0.1996932487804034,0.0
0.4116407029594826,0.2044434291270096,0.0,0.4076958474314783,0.18325344531540083,0.0
0.4116407029594826,0.2044434291270096,0.0,0.4233892738358766,0.1917702556305653,0.0
0.4116407029594826,0.2044434291270096,0.0,0.4312186625324201,0.2064914855210821,0.0
0.4076958474314783,0.18325344531540083,0.0,0.3846392361505965,0.1830445315964135,0.0
0.4076958474314783,0.18325344531540083,0.0,0.3975966180091769,0.16368481446986297,0.0
0.4076958474314783,0.18325344531540083,0.0,0.4171146312916451,0.16302306985739204,0.0
0.4076958474314783,0.18325344531540083,0.0,0.4281465361424842,0.17652823475061755,0.0
0.4076958474314783,0.18325344531540083,0.0,0.4233892738358766,0.1917702556305653,0.0
0.6882066406942398,0.08397646840644635,0.0,0.6670222795205623,0.08367577914089408,0.0
0.6882066406942398,0.08397646840644635,0.0,0.6988239064700242,0.10008771291095465,0.0
0.6882066406942398,0.08397646840644635,0.0,0.6788178592699885,0.10024004932080051,0.0
0.6882066406942398,0.08397646840644635,0.0,0.7089817770655372,0.08340581068604432,0.0
0.8080795456263986,0.12118388871620843,0.0,0.7969299043345709,0.13946660643223657,0.0
0.8080795456263986,0.12118388871620843,0.0,0.8172381371058935,0.14072246111428646,0.0
0.8080795456263986,0.12118388871620843,0.0,0.7986749425889735,0.1022478505776895,0.0
0.8080795456263986,0.12118388871620843,0.0,0.7877614694686902,0.12116571513687935,0.0
0.7969299043345709,0.13946660643223657,0.0,0.8172381371058935,0.14072246111428646,0.0
0.7969299043345709,0.13946660643223657,0.0,0.7877614694686902,0.12116571513687935,0.0
0.7969299043345709,0.13946660643223657,0.0,0.7769759182523953,0.1384969039497284,0.0
0.7969299043345709,0.13946660643223657,0.0,0.8063719759439393,0.15785957612227666,0.0
0.7969299043345709,0.13946660643223657,0.0,0.7861100154146581,0.156715138416586,0.0
0.8172381371058935,0.14072246111428646,0.0,0.8063719759439393,0.15785957612227666,0.0
0.7180011084952506,0.06577930092394797,0.0,0.7047039586630749,0.04866104826427681,0.0
0.7180011084952506,0.06577930092394797,0.0,0.7291096207788603,0.08330929650874777,0.0
0.7180011084952506,0.06577930092394797,0.0,0.7089817770655372,0.08340581068604432,0.0
0.04852741327909236,0.17007615048357944,0.0,0.038236049191240976,0.15673595095823162,0.0
0.04852741327909236,0.17007615048357944,0.0,0.057660483954652564,0.15708857795960982,0.0
0.08990310961925042,0.022331336277559153,0.0,0.0703596433196082,0.03630321910259543,0.0
0.08990310961925042,0.022331336277559153,0.0,0.08901697905933283,0.041020781367188126,0.0
0.08990310961925042,0.022331336277559153,0.0,0.07036571724010916,0.01893271477849861,0.0
0.08990310961925042,0.022331336277559153,0.0,0.07887992491300332,0.00545941029042756,0.0
0.08990310961925042,0.022331336277559153,0.0,0.09843487082434452,0.0032594416331455257,0.0
0.0703596433196082,0.03630321910259543,0.0,0.08901697905933283,0.041020781367188126,0.0
0.0703596433196082,0.03630321910259543,0.0,0.07036571724010916,0.01893271477849861,0.0
0.0703596433196082,0.03630321910259543,0.0,0.05339468608469438,0.02323640731536159,0.0
0.0703596433196082,0.03630321910259543,0.0,0.047970915350115675,0.03955809188845316,0.0
0.0703596433196082,0.03630321910259543,0.0,0.059632246349868495,0.05430286059891378,0.0
0.0703596433196082,0.03630321910259543,0.0,0.07957435057938027,0.05440150330877465,0.0
0.08901697905933283,0.041020781367188126,0.0,0.09893939500457752,0.05472368335123239,0.0
0.08901697905933283,0.041020781367188126,0.0,0.07957435057938027,0.05440150330877465,0.0
0.9606540458959356,0.2088023656315051,0.0,0.980318106281572,0.2096956954311213,0.0
0.9606540458959356,0.2088023656315051,0.0,0.967897813352402,0.19117899365745814,0.0
0.9606540458959356,0.2088023656315051,0.0,0.9410212191544387,0.2073769316668632,0.0
0.9606540458959356,0.2088023656315051,0.0,0.9509069546023112,0.19540647441947315,0.0
0.980318106281572,0.2096956954311213,0.0,0.967897813352402,0.19117899365745814,0.0
0.980318106281572,0.2096956954311213,0.0,0.9854716861458573,0.19516258510393397,0.0
0.980318106281572,0.2096956954311213,0.0,1.0,0.21,0.0
0.967897813352402,0.19117899365745814,0.0,0.9653589740992935,0.16999681452292276,0.0
0.967897813352402,0.19117899365745814,0.0,0.9500134251764226,0.1794041719893062,0.0
0.967897813352402,0.19117899365745814,0.0,0.9854716861458573,0.19516258510393397,0.0
0.967897813352402,0.19117899365745814,0.0,0.9831730523265588,0.17914263550637496,0.0
0.967897813352402,0.19117899365745814,0.0,0.9509069546023112,0.19540647441947315,0.0
0.3846392361505965,0.1830445315964135,0.0,0.3975966180091769,0.16368481446986297,0.0
0.3846392361505965,0.1830445315964135,0.0,0.37660603061308584,0.1637684733580305,0.0
0.3846392361505965,0.1830445315964135,0.0,0.3647763503563488,0.18089205019004417,0.0
0.3846392361505965,0.1830445315964135,0.0,0.3725585682950345,0.1996932487804034,0.0
0.3975966180091769,0.16368481446986297,0.0,0.37660603061308584,0.1637684733580305,0.0
0.3975966180091769,0.16368481446986297,0.0,0.4171146312916451,0.16302306985739204,0.0
0.3975966180091769,0.16368481446986297,0.0,0.3879244110264754,0.14617909283383712,0.0
0.3975966180091769,0.16368481446986297,0.0,0.40783635385795897,0.14638014307947766,0.0
0.37660603061308584,0.1637684733580305,0.0,0.3566300262023032,0.16236532749476867,0.0
0.37660603061308584,0.1637684733580305,0.0,0.3647763503563488,0.18089205019004417,0.0
0.37660603061308584,0.1637684733580305,0.0,0.36775505321478735,0.14568601902943568,0.0
0.37660603061308584,0.1637684733580305,0.0,0.3879244110264754,0.14617909283383712,0.0
0.07036571724010916,0.01893271477849861,0.0,0.05339468608469438,0.02323640731536159,0.0
0.07036571724010916,0.01893271477849861,0.0,0.07887992491300332,0.00545941029042756,0.0
0.07036571724010916,0.01893271477849861,0.0,0.05929122843812331,0.007333212751997812,0.0
0.3922935314128169,0.002138929613100848,0.0,0.41183594250648764,0.004448226340695692,0.0
0.3922935314128169,0.002138929613100848,0.0,0.4000727401242222,0.022836131360809496,0.0
0.3922935314128169,0.002138929613100848,0.0,0.3727665018633827,-0.00029780867680233357,0.0
0.41183594250648764,0.004448226340695692,0.0,0.4000727401242222,0.022836131360809496,0.0
0.41183594250648764,0.004448226340695692,0.0,0.42026068594409954,0.02381626508624051,0.0
0.41183594250648764,0.004448226340695692,0.0,0.4314076924889179,0.006492376805705772,0.0
0.4000727401242222,0.022836131360809496,0.0,0.42026068594409954,0.02381626508624051,0.0
0.7548681675540487,0.007121022276530237,0.0,0.76058596824215,0.03024986525972145,0.0
0.7548681675540487,0.007121022276530237,0.0,0.7366839969440638,0.0068707096184470115,0.0
0.7548681675540487,0.007121022276530237,0.0,0.7450619048290591,0.022012929612272813,0.0
0.7548681675540487,0.007121022276530237,0.0,0.7451637687099429,-0.009998673790886207,0.0
0.7786093975843771,0.10192921443493823,0.0,0.7986749425889735,0.1022478505776895,0.0
0.7786093975843771,0.10192921443493823,0.0,0.7877614694686902,0.12116571513687935,0.0
0.7786093975843771,0.10192921443493823,0.0,0.7679085260379349,0.11973836382894879,0.0
0.7786093975843771,0.10192921443493823,0.0,0.7691253858979786,0.08393341780474113,0.0
0.7786093975843771,0.10192921443493823,0.0,0.7890957771700793,0.08438408549466767,0.0
0.7786093975843771,0.10192921443493823,0.0,0.7587677983116972,0.10104949752087382,0.0
0.7986749425889735,0.1022478505776895,0.0,0.7877614694686902,0.12116571513687935,0.0
0.7986749425889735,0.1022478505776895,0.0,0.809099499349786,0.08475877919950378,0.0
0.7986749425889735,0.1022478505776895,0.0,0.7890957771700793,0.08438408549466767,0.0
0.7877614694686902,0.12116571513687935,0.0,0.7769759182523953,0.1384969039497284,0.0
0.7877614694686902,0.12116571513687935,0.0,0.7679085260379349,0.11973836382894879,0.0
0.06788653911744194,0.19310035983591076,0.0,0.07857462076905876,0.2055086350173741,0.0
0.06788653911744194,0.19310035983591076,0.0,0.05897878113556556,0.2073769316422593,0.0
0.6275643453278281,-0.0003393652022425247,0.0,0.647093633924904,-0.002758009062477722,0.0
0.6275643453278281,-0.0003393652022425247,0.0,0.6393367860764767,0.01675552313643829,0.0
0.6275643453278281,-0.0003393652022425247,0.0,0.6198622034501456,0.018329694260141947,0.0
0.6275643453278281,-0.0003393652022425247,0.0,0.6080374301032158,0.0020982993519432845,0.0
0.647093633924904,-0.002758009062477722,0.0,0.6393367860764767,0.01675552313643829,0.0
0.6393367860764767,0.01675552313643829,0.0,0.6198622034501456,0.018329694260141947,0.0
0.6393367860764767,0.01675552313643829,0.0,0.6313545966029226,0.03625557854878292,0.0
0.7058402313418417,-0.00851652936395567,0.0,0.7254911634440852,-0.009546595546347372,0.0
0.7254911634440852,-0.009546595546347372,0.0,0.7366839969440638,0.0068707096184470115,0.0
0.7254911634440852,-0.009546595546347372,0.0,0.7451637687099429,-0.009998673790886207,0.0
0.7358694779759981,0.17207883085896866,0.0,0.7273261314157784,0.15298821855723918,0.0
0.7358694779759981,0.17207883085896866,0.0,0.7253997900510565,0.1904740301919498,0.0
0.7358694779759981,0.17207883085896866,0.0,0.7467488618980594,0.15500572489216538,0.0
0.7358694779759981,0.17207883085896866,0.0,0.7556069644782308,0.17279479477349685,0.0
0.7358694779759981,0.17207883085896866,0.0,0.7450787942757616,0.1900191158835712,0.0
0.7273261314157784,0.15298821855723918,0.0,0.7467488618980594,0.15500572489216538,0.0
0.7273261314157784,0.15298821855723918,0.0,0.7376551088855152,0.136172469740656,0.0
0.7273261314157784,0.15298821855723918,0.0,0.7180920249194228,0.13491409149612396,0.0
0.7708735101809755,0.049069877171275395,0.0,0.76058596824215,0.03024986525972145,0.0
0.7708735101809755,0.049069877171275395,0.0,0.75503054079367,0.050456899831779506,0.0
0.7708735101809755,0.049069877171275395,0.0,0.7794456992524398,0.0668116965260098,0.0
0.7708735101809755,0.049069877171275395,0.0,0.7605475561687376,0.06694678697061202,0.0
0.7708735101809755,0.049069877171275395,0.0,0.7898797377582675,0.04953530030259658,0.0
0.76058596824215,0.03024986525972145,0.0,0.75503054079367,0.050456899831779506,0.0
0.76058596824215,0.03024986525972145,0.0,0.7450619048290591,0.022012929612272813,0.0
0.75503054079367,0.050456899831779506,0.0,0.7605475561687376,0.06694678697061202,0.0
0.9697228364745218,0.026257828243854513,0.0,0.9595134275862857,0.041338465135488285,0.0
0.9697228364745218,0.026257828243854513,0.0,0.9814671060666357,0.040968215967734874,0.0
0.9697228364745218,0.026257828243854513,0.0,0.9495118042632592,0.025165438116462626,0.0
0.9697228364745218,0.026257828243854513,0.0,0.9606672803994475,0.008786011238201788,0.0
0.9697228364745218,0.026257828243854513,0.0,0.9803247358306264,0.009678763564809153,0.0
0.9697228364745218,0.026257828243854513,0.0,0.9855624846878087,0.024238174116355267,0.0
0.9595134275862857,0.041338465135488285,0.0,0.9814671060666357,0.040968215967734874,0.0
0.9595134275862857,0.041338465135488285,0.0,0.968264673427924,0.05501967372676142,0.0
0.9595134275862857,0.041338465135488285,0.0,0.9486384776701459,0.059576825981382524,0.0
0.9595134275862857,0.041338465135488285,0.0,0.9379570593342857,0.04149511111416043,0.0
0.9595134275862857,0.041338465135488285,0.0,0.9495118042632592,0.025165438116462626,0.0
0.9814671060666357,0.040968215967734874,0.0,0.968264673427924,0.05501967372676142,0.0
0.9814671060666357,0.040968215967734874,0.0,1.0,0.04998651593693475,0.0
0.9814671060666357,0.040968215967734874,0.0,0.983214822146058,0.06091464160085579,0.0
0.9814671060666357,0.040968215967734874,0.0,1.0,0.029984718754387185,0.0
0.9814671060666357,0.040968215967734874,0.0,0.9855624846878087,0.024238174116355267,0.0
0.9485257480704982,0.15851514669308264,0.0,0.9653589740992935,0.16999681452292276,0.0
0.9485257480704982,0.15851514669308264,0.0,0.9500134251764226,0.1794041719893062,0.0
0.9485257480704982,0.15851514669308264,0.0,0.9581413810754446,0.13940102471664004,0.0
0.9485257480704982,0.15851514669308264,0.0,0.967015789045645,0.15350315426583752,0.0
0.9485257480704982,0.15851514669308264,0.0,0.9348318461477816,0.17142352153812934,0.0
0.9485257480704982,0.15851514669308264,0.0,0.9379597422767759,0.13914115653744002,0.0
0.9485257480704982,0.15851514669308264,0.0,0.9272487460768027,0.15589081614580283,0.0
0.9653589740992935,0.16999681452292276,0.0,0.9500134251764226,0.1794041719893062,0.0
0.9653589740992935,0.16999681452292276,0.0,0.967015789045645,0.15350315426583752,0.0
0.9653589740992935,0.16999681452292276,0.0,0.9831730523265588,0.17914263550637496,0.0
0.9653589740992935,0.16999681452292276,0.0,0.9826794870222691,0.15999594329538114,0.0
0.9500134251764226,0.1794041719893062,0.0,0.9348318461477816,0.17142352153812934,0.0
0.9500134251764226,0.1794041719893062,0.0,0.9328412697606617,0.1894709621315434,0.0
0.9500134251764226,0.1794041719893062,0.0,0.9509069546023112,0.19540647441947315,0.0
0.5304512318283497,0.04362009710059207,0.0,0.5100727106356113,0.04413610678256905,0.0
0.5304512318283497,0.04362009710059207,0.0,0.519601200364351,0.06188150610078226,0.0
0.5304512318283497,0.04362009710059207,0.0,0.5202560432936285,0.02658156321341393,0.0
0.5304512318283497,0.04362009710059207,0.0,0.5405105692921578,0.025722178287015566,0.0
0.7769759182523953,0.1384969039497284,0.0,0.757204821990577,0.13727682308538205,0.0
0.7769759182523953,0.1384969039497284,0.0,0.7679085260379349,0.11973836382894879,0.0
0.7769759182523953,0.1384969039497284,0.0,0.7861100154146581,0.156715138416586,0.0
0.7769759182523953,0.1384969039497284,0.0,0.7662570018979125,0.15590401252818561,0.0
0.757204821990577,0.13727682308538205,0.0,0.7679085260379349,0.11973836382894879,0.0
0.757204821990577,0.13727682308538205,0.0,0.7481317544192643,0.11851201102795397,0.0
0.757204821990577,0.13727682308538205,0.0,0.7467488618980594,0.15500572489216538,0.0
0.757204821990577,0.13727682308538205,0.0,0.7376551088855152,0.136172469740656,0.0
0.757204821990577,0.13727682308538205,0.0,0.7662570018979125,0.15590401252818561,0.0
0.7679085260379349,0.11973836382894879,0.0,0.7481317544192643,0.11851201102795397,0.0
0.7679085260379349,0.11973836382894879,0.0,0.7587677983116972,0.10104949752087382,0.0
0.9854716861458573,0.19516258510393397,0.0,0.9831730523265588,0.17914263550637496,0.0
0.9854716861458573,0.19516258510393397,0.0,1.0,0.18999840282765793,0.0
0.9854716861458573,0.19516258510393397,0.0,1.0,0.21,0.0
0.6670222795205623,0.08367577914089408,0.0,0.6549550646477232,0.0680644966929648,0.0
0.6670222795205623,0.08367577914089408,0.0,0.6471248862448868,0.08462360099659975,0.0
0.6670222795205623,0.08367577914089408,0.0,0.6788178592699885,0.10024004932080051,0.0
0.6670222795205623,0.08367577914089408,0.0,0.6588209831844757,0.09992789890032083,0.0
0.6549550646477232,0.0680644966929648,0.0,0.6471248862448868,0.08462360099659975,0.0
0.6549550646477232,0.0680644966929648,0.0,0.6425428047188304,0.05240366406707691,0.0
0.6549550646477232,0.0680644966929648,0.0,0.6625801804279041,0.050897052758218535,0.0
0.6549550646477232,0.0680644966929648,0.0,0.6349859310957437,0.06924498776200012,0.0
0.3566300262023032,0.16236532749476867,0.0,0.3647763503563488,0.18089205019004417,0.0
0.3566300262023032,0.16236532749476867,0.0,0.34520139487599716,0.1792074754772577,0.0
0.3566300262023032,0.16236532749476867,0.0,0.33642713724585505,0.16040089026782325,0.0
0.3566300262023032,0.16236532749476867,0.0,0.36775505321478735,0.14568601902943568,0.0
0.3566300262023032,0.16236532749476867,0.0,0.34757151005421283,0.14451288081733285,0.0
0.3647763503563488,0.18089205019004417,0.0,0.34520139487599716,0.1792074754772577,0.0
0.3647763503563488,0.18089205019004417,0.0,0.3530228816138251,0.1972732469543295,0.0
0.3647763503563488,0.18089205019004417,0.0,0.3725585682950345,0.1996932487804034,0.0
0.6471248862448868,0.08462360099659975,0.0,0.6388218230355938,0.09985760288863763,0.0
0.6471248862448868,0.08462360099659975,0.0,0.6588209831844757,0.09992789890032083,0.0
0.6471248862448868,0.08462360099659975,0.0,0.6349859310957437,0.06924498776200012,0.0
0.6471248862448868,0.08462360099659975,0.0,0.6277848201201255,0.0855983410337739,0.0
0.42026068594409954,0.02381626508624051,0.0,0.4314076924889179,0.006492376805705772,0.0
0.42026068594409954,0.02381626508624051,0.0,0.4400895160561944,0.02505454478912417,0.0
0.42026068594409954,0.02381626508624051,0.0,0.4292922089054006,0.041844975393951045,0.0
0.4171146312916451,0.16302306985739204,0.0,0.4281465361424842,0.17652823475061755,0.0
0.4171146312916451,0.16302306985739204,0.0,0.4279118172393366,0.146920254489166,0.0
0.4171146312916451,0.16302306985739204,0.0,0.4375998641998315,0.16388009191099606,0.0
0.4171146312916451,0.16302306985739204,0.0,0.40783635385795897,0.14638014307947766,0.0
0.4281465361424842,0.17652823475061755,0.0,0.4233892738358766,0.1917702556305653,0.0
0.4281465361424842,0.17652823475061755,0.0,0.4375998641998315,0.16388009191099606,0.0
0.4281465361424842,0.17652823475061755,0.0,0.44001581930511957,0.19163783835983997,0.0
0.4281465361424842,0.17652823475061755,0.0,0.44737246957180515,0.17626964957642235,0.0
0.8517831427761068,0.015842387538154767,0.0,0.8433010237785074,-0.0038960670646850173,0.0
0.8517831427761068,0.015842387538154767,0.0,0.8628378792555174,-0.0015395687354254513,0.0
0.8517831427761068,0.015842387538154767,0.0,0.8710173561114256,0.016678926469292626,0.0
0.8517831427761068,0.015842387538154767,0.0,0.8595107274334738,0.033738751863588747,0.0
0.7057425391897695,0.1915070909240959,0.0,0.7253997900510565,0.1904740301919498,0.0
0.7057425391897695,0.1915070909240959,0.0,0.6861187615548019,0.1930527247722307,0.0
0.7253997900510565,0.1904740301919498,0.0,0.7450787942757616,0.1900191158835712,0.0
0.03230846262295841,0.10710730594477387,0.0,0.018378492552946695,0.12129149880722095,0.0
0.03230846262295841,0.10710730594477387,0.0,0.03892602007430434,0.12263872503249401,0.0
0.03230846262295841,0.10710730594477387,0.0,0.04861713478893713,0.10525585846368635,0.0
0.040096871335256225,0.056105157241391465,0.0,0.0197302565770538,0.057927978201946874,0.0
0.040096871335256225,0.056105157241391465,0.0,0.03163558637339815,0.04229312268192831,0.0
0.040096871335256225,0.056105157241391465,0.0,0.047970915350115675,0.03955809188845316,0.0
0.040096871335256225,0.056105157241391465,0.0,0.032068816945512967,0.0702057014974055,0.0
0.040096871335256225,0.056105157241391465,0.0,0.04968636212503205,0.0705832483423392,0.0
0.040096871335256225,0.056105157241391465,0.0,0.059632246349868495,0.05430286059891378,0.0
0.0197302565770538,0.057927978201946874,0.0,0.03163558637339815,0.04229312268192831,0.0
0.0197302565770538,0.057927978201946874,0.0,0.016091894356067414,0.03859889215825048,0.0
0.0197302565770538,0.057927978201946874,0.0,0.032068816945512967,0.0702057014974055,0.0
0.0197302565770538,0.057927978201946874,0.0,0.0002334111370453746,0.06998822350174821,0.0
0.0197302565770538,0.057927978201946874,0.0,0.0002667555851949112,0.04998644682127681,0.0
0.03163558637339815,0.04229312268192831,0.0,0.016091894356067414,0.03859889215825048,0.0
0.03163558637339815,0.04229312268192831,0.0,0.03229027631745927,0.026642616795998695,0.0
0.03163558637339815,0.04229312268192831,0.0,0.047970915350115675,0.03955809188845316,0.0
0.9797723157707637,0.1398419105347848,0.0,0.9581413810754446,0.13940102471664004,0.0
0.9797723157707637,0.1398419105347848,0.0,0.967015789045645,0.15350315426583752,0.0
0.9797723157707637,0.1398419105347848,0.0,0.9671357417986015,0.12592329762140167,0.0
0.9797723157707637,0.1398419105347848,0.0,0.9826794870222691,0.15999594329538114,0.0
0.9797723157707637,0.1398419105347848,0.0,1.0,0.12999344155956533,0.0
0.9797723157707637,0.1398419105347848,0.0,0.9826794985817482,0.11999259254484879,0.0
0.9797723157707637,0.1398419105347848,0.0,1.0,0.1499951169176319,0.0
0.9581413810754446,0.13940102471664004,0.0,0.967015789045645,0.15350315426583752,0.0
0.9581413810754446,0.13940102471664004,0.0,0.9671357417986015,0.12592329762140167,0.0
0.9581413810754446,0.13940102471664004,0.0,0.9483887829638594,0.12053064560411282,0.0
0.9581413810754446,0.13940102471664004,0.0,0.9379597422767759,0.13914115653744002,0.0
0.967015789045645,0.15350315426583752,0.0,0.9826794870222691,0.15999594329538114,0.0
0.9671357417986015,0.12592329762140167,0.0,0.9483887829638594,0.12053064560411282,0.0
0.9671357417986015,0.12592329762140167,0.0,0.9657891427590654,0.1094374786170797,0.0
0.9671357417986015,0.12592329762140167,0.0,0.9826794985817482,0.11999259254484879,0.0
0.6198622034501456,0.018329694260141947,0.0,0.6115076112866258,0.03766123727847658,0.0
0.6198622034501456,0.018329694260141947,0.0,0.6313545966029226,0.03625557854878292,0.0
0.6198622034501456,0.018329694260141947,0.0,0.599991678975272,0.02082651570161959,0.0
0.6198622034501456,0.018329694260141947,0.0,0.6080374301032158,0.0020982993519432845,0.0
0.6115076112866258,0.03766123727847658,0.0,0.6313545966029226,0.03625557854878292,0.0
0.6115076112866258,0.03766123727847658,0.0,0.599991678975272,0.02082651570161959,0.0
0.6115076112866258,0.03766123727847658,0.0,0.5918092251511375,0.03972598208293926,0.0
0.6115076112866258,0.03766123727847658,0.0,0.6028821689010927,0.05604010446367543,0.0
0.6115076112866258,0.03766123727847658,0.0,0.6226822137904025,0.05450698184734629,0.0
0.6313545966029226,0.03625557854878292,0.0,0.6226822137904025,0.05450698184734629,0.0
0.6313545966029226,0.03625557854878292,0.0,0.6425428047188304,0.05240366406707691,0.0
0.5891652412348819,0.08060274954939774,0.0,0.5842656170667834,0.060139204334669946,0.0
0.5891652412348819,0.08060274954939774,0.0,0.5996035730870135,0.070320960999408,0.0
0.5891652412348819,0.08060274954939774,0.0,0.5989552090024207,0.09887748127032349,0.0
0.5891652412348819,0.08060274954939774,0.0,0.6084378970491852,0.08516869464966569,0.0
0.5842656170667834,0.060139204334669946,0.0,0.5996035730870135,0.070320960999408,0.0
0.5842656170667834,0.060139204334669946,0.0,0.5918092251511375,0.03972598208293926,0.0
0.5842656170667834,0.060139204334669946,0.0,0.571704816012727,0.04086539979565397,0.0
0.5842656170667834,0.060139204334669946,0.0,0.6028821689010927,0.05604010446367543,0.0
0.7481317544192643,0.11851201102795397,0.0,0.7376551088855152,0.136172469740656,0.0
0.7481317544192643,0.11851201102795397,0.0,0.7388095645196829,0.10073552014749676,0.0
0.7481317544192643,0.11851201102795397,0.0,0.728327460295985,0.11784848935741321,0.0
0.7481317544192643,0.11851201102795397,0.0,0.7587677983116972,0.10104949752087382,0.0
0.4290763775041654,0.0776492710753164,0.0,0.44893122006277736,0.0779715131717162,0.0
0.4290763775041654,0.0776492710753164,0.0,0.4388492197339807,0.059939926670684554,0.0
0.4290763775041654,0.0776492710753164,0.0,0.43887031372550006,0.09517498096419756,0.0
0.4290763775041654,0.0776492710753164,0.0,0.4188736396477162,0.09480978109530341,0.0
0.6772546865418673,0.16269239723164394,0.0,0.6678797697759878,0.15086996010152898,0.0
0.6772546865418673,0.16269239723164394,0.0,0.6724327894312268,0.17774340820492765,0.0
0.6772546865418673,0.16269239723164394,0.0,0.6587574057317034,0.1641290412033896,0.0
0.017478441215166805,0.15835898061932244,0.0,0.02877934750864537,0.13987091796235412,0.0
0.017478441215166805,0.15835898061932244,0.0,0.038236049191240976,0.15673595095823162,0.0
0.017478441215166805,0.15835898061932244,0.0,0.012444546501419572,0.1399852022535573,0.0
0.017478441215166805,0.15835898061932244,0.0,6.668889629864687e-05,0.1699967520516659,0.0
0.017478441215166805,0.15835898061932244,0.0,0.0001000333444479161,0.1499950883971662,0.0
0.017478441215166805,0.15835898061932244,0.0,0.014343825428424394,0.1747633595844479,0.0
0.02877934750864537,0.13987091796235412,0.0,0.038236049191240976,0.15673595095823162,0.0
0.02877934750864537,0.13987091796235412,0.0,0.018378492552946695,0.12129149880722095,0.0
0.02877934750864537,0.13987091796235412,0.0,0.03892602007430434,0.12263872503249401,0.0
0.02877934750864537,0.13987091796235412,0.0,0.012444546501419572,0.1399852022535573,0.0
0.02877934750864537,0.13987091796235412,0.0,0.04797669870905929,0.13989387991486513,0.0
0.038236049191240976,0.15673595095823162,0.0,0.04797669870905929,0.13989387991486513,0.0
0.038236049191240976,0.15673595095823162,0.0,0.057660483954652564,0.15708857795960982,0.0
0.8593633324647781,0.06836614699249972,0.0,0.8793999164823156,0.07060410263048564,0.0
0.8593633324647781,0.06836614699249972,0.0,0.869090061181186,0.0518485383208469,0.0
0.8593633324647781,0.06836614699249972,0.0,0.839431666451547,0.06800807728572397,0.0
0.8593633324647781,0.06836614699249972,0.0,0.8493504276124689,0.05064864024610015,0.0
0.8593633324647781,0.06836614699249972,0.0,0.849136384051295,0.08573904634363776,0.0
0.8593633324647781,0.06836614699249972,0.0,0.8691235282208196,0.08638714692227695,0.0
0.8793999164823156,0.07060410263048564,0.0,0.869090061181186,0.0518485383208469,0.0
0.8793999164823156,0.07060410263048564,0.0,0.898235975472625,0.07068681340682761,0.0
0.8793999164823156,0.07060410263048564,0.0,0.8881581178734479,0.05272646246493971,0.0
0.8793999164823156,0.07060410263048564,0.0,0.889110837689149,0.0866319542417912,0.0
0.8793999164823156,0.07060410263048564,0.0,0.8691235282208196,0.08638714692227695,0.0
0.869090061181186,0.0518485383208469,0.0,0.8881581178734479,0.05272646246493971,0.0
0.869090061181186,0.0518485383208469,0.0,0.8787578409704325,0.03500712776103761,0.0
0.869090061181186,0.0518485383208469,0.0,0.8595107274334738,0.033738751863588747,0.0
0.869090061181186,0.0518485383208469,0.0,0.8493504276124689,0.05064864024610015,0.0
0.8643684351656467,0.1774255767253531,0.0,0.8714856695785187,0.15794946506633117,0.0
0.8643684351656467,0.1774255767253531,0.0,0.8627921253644149,0.1984719234020252,0.0
0.8643684351656467,0.1774255767253531,0.0,0.8813610469062011,0.17292635421557723,0.0
0.8643684351656467,0.1774255767253531,0.0,0.8772077795479521,0.1870814567603949,0.0
0.898235975472625,0.07068681340682761,0.0,0.9081538223534333,0.05480592132489975,0.0
0.898235975472625,0.07068681340682761,0.0,0.917969993759161,0.0715370907943562,0.0
0.898235975472625,0.07068681340682761,0.0,0.8881581178734479,0.05272646246493971,0.0
0.898235975472625,0.07068681340682761,0.0,0.889110837689149,0.0866319542417912,0.0
0.898235975472625,0.07068681340682761,0.0,0.9090985589515386,0.08726079132978136,0.0
0.9081538223534333,0.05480592132489975,0.0,0.917969993759161,0.0715370907943562,0.0
0.9081538223534333,0.05480592132489975,0.0,0.9271147914730349,0.05628514841655028,0.0
0.9081538223534333,0.05480592132489975,0.0,0.8881581178734479,0.05272646246493971,0.0
0.9081538223534333,0.05480592132489975,0.0,0.8980876455249697,0.03683671275844834,0.0
0.9081538223534333,0.05480592132489975,0.0,0.9179679516404494,0.03908504148914924,0.0
0.917969993759161,0.0715370907943562,0.0,0.9302320634063558,0.0890282673799417,0.0
0.917969993759161,0.0715370907943562,0.0,0.9271147914730349,0.05628514841655028,0.0
0.917969993759161,0.0715370907943562,0.0,0.9090985589515386,0.08726079132978136,0.0
0.917969993759161,0.0715370907943562,0.0,0.9349847529404656,0.07115561142740591,0.0
0.4233892738358766,0.1917702556305653,0.0,0.4312186625324201,0.2064914855210821,0.0
0.4233892738358766,0.1917702556305653,0.0,0.44001581930511957,0.19163783835983997,0.0
0.21641024091707492,0.12527271014840197,0.0,0.20433276972189612,0.14197924998994246,0.0
0.21641024091707492,0.12527271014840197,0.0,0.22489962448341952,0.1416814263966164,0.0
0.21641024091707492,0.12527271014840197,0.0,0.19639784726312084,0.12486253481906223,0.0
0.21641024091707492,0.12527271014840197,0.0,0.22858638876599005,0.1085851182956672,0.0
0.21641024091707492,0.12527271014840197,0.0,0.2085897997043958,0.10821525277314231,0.0
0.21641024091707492,0.12527271014840197,0.0,0.23732169423769467,0.12552310905043268,0.0
0.20433276972189612,0.14197924998994246,0.0,0.22489962448341952,0.1416814263966164,0.0
0.20433276972189612,0.14197924998994246,0.0,0.21445139007523262,0.15720313947385733,0.0
0.20433276972189612,0.14197924998994246,0.0,0.1936304409588361,0.1586541150132607,0.0
0.20433276972189612,0.14197924998994246,0.0,0.19639784726312084,0.12486253481906223,0.0
0.22489962448341952,0.1416814263966164,0.0,0.21445139007523262,0.15720313947385733,0.0
0.22489962448341952,0.1416814263966164,0.0,0.23513572650327214,0.15593322012714075,0.0
0.22489962448341952,0.1416814263966164,0.0,0.23732169423769467,0.12552310905043268,0.0
0.22489962448341952,0.1416814263966164,0.0,0.24533226646018202,0.14173897645440311,0.0
0.968264673427924,0.05501967372676142,0.0,0.9486384776701459,0.059576825981382524,0.0
0.968264673427924,0.05501967372676142,0.0,0.9662023442339635,0.0708939047545354,0.0
0.968264673427924,0.05501967372676142,0.0,0.983214822146058,0.06091464160085579,0.0
0.9302320634063558,0.0890282673799417,0.0,0.9486631502768141,0.09931129610325273,0.0
0.9302320634063558,0.0890282673799417,0.0,0.9488846989674702,0.07982633205019761,0.0
0.9302320634063558,0.0890282673799417,0.0,0.934099665164279,0.1069844601007105,0.0
0.9302320634063558,0.0890282673799417,0.0,0.9090985589515386,0.08726079132978136,0.0
0.9302320634063558,0.0890282673799417,0.0,0.9180059653153249,0.1046014188349033,0.0
0.9302320634063558,0.0890282673799417,0.0,0.9349847529404656,0.07115561142740591,0.0
0.9486631502768141,0.09931129610325273,0.0,0.9488846989674702,0.07982633205019761,0.0
0.9486631502768141,0.09931129610325273,0.0,0.9483887829638594,0.12053064560411282,0.0
0.9486631502768141,0.09931129610325273,0.0,0.9657891427590654,0.1094374786170797,0.0
0.9486631502768141,0.09931129610325273,0.0,0.934099665164279,0.1069844601007105,0.0
0.9486631502768141,0.09931129610325273,0.0,0.9654307101062103,0.08989767810893064,0.0
0.9488846989674702,0.07982633205019761,0.0,0.9486384776701459,0.059576825981382524,0.0
0.9488846989674702,0.07982633205019761,0.0,0.9662023442339635,0.0708939047545354,0.0
0.9488846989674702,0.07982633205019761,0.0,0.9654307101062103,0.08989767810893064,0.0
0.9488846989674702,0.07982633205019761,0.0,0.9349847529404656,0.07115561142740591,0.0
0.5100727106356113,0.04413610678256905,0.0,0.519601200364351,0.06188150610078226,0.0
0.5100727106356113,0.04413610678256905,0.0,0.5202560432936285,0.02658156321341393,0.0
0.5100727106356113,0.04413610678256905,0.0,0.5000514837480297,0.02694884055820495,0.0
0.5100727106356113,0.04413610678256905,0.0,0.48979820400384305,0.04414222664499199,0.0
0.5100727106356113,0.04413610678256905,0.0,0.4995475547177349,0.06157097405286695,0.0
0.519601200364351,0.06188150610078226,0.0,0.4995475547177349,0.06157097405286695,0.0
0.519601200364351,0.06188150610078226,0.0,0.5091789519327465,0.07912320712087256,0.0
0.8063719759439393,0.15785957612227666,0.0,0.8153374026082953,0.1760375673985075,0.0
0.8063719759439393,0.15785957612227666,0.0,0.7953286983817602,0.17454845997960025,0.0
0.8063719759439393,0.15785957612227666,0.0,0.7861100154146581,0.156715138416586,0.0
0.9271147914730349,0.05628514841655028,0.0,0.9486384776701459,0.059576825981382524,0.0
0.9271147914730349,0.05628514841655028,0.0,0.9379570593342857,0.04149511111416043,0.0
0.9271147914730349,0.05628514841655028,0.0,0.9179679516404494,0.03908504148914924,0.0
0.9271147914730349,0.05628514841655028,0.0,0.9349847529404656,0.07115561142740591,0.0
0.21445139007523262,0.15720313947385733,0.0,0.204776820699983,0.17466747646055936,0.0
0.21445139007523262,0.15720313947385733,0.0,0.1936304409588361,0.1586541150132607,0.0
0.21445139007523262,0.15720313947385733,0.0,0.2248404764112261,0.17346966362870608,0.0
0.21445139007523262,0.15720313947385733,0.0,0.23513572650327214,0.15593322012714075,0.0
0.204776820699983,0.17466747646055936,0.0,0.1936304409588361,0.1586541150132607,0.0
0.204776820699983,0.17466747646055936,0.0,0.2248404764112261,0.17346966362870608,0.0
0.204776820699983,0.17466747646055936,0.0,0.18461773577184432,0.17611620227903096,0.0
0.204776820699983,0.17466747646055936,0.0,0.2155675444190997,0.1909215933815534,0.0
0.204776820699983,0.17466747646055936,0.0,0.1959260328513177,0.1922212147213933,0.0
0.1936304409588361,0.1586541150132607,0.0,0.1731414379522137,0.16009786103542276,0.0
0.1936304409588361,0.1586541150132607,0.0,0.18461773577184432,0.17611620227903096,0.0
0.8433010237785074,-0.0038960670646850173,0.0,0.8628378792555174,-0.0015395687354254513,0.0
0.8628378792555174,-0.0015395687354254513,0.0,0.8710173561114256,0.016678926469292626,0.0
0.8628378792555174,-0.0015395687354254513,0.0,0.8823637147826019,0.0009068557084319512,0.0
0.018378492552946695,0.12129149880722095,0.0,0.03892602007430434,0.12263872503249401,0.0
0.018378492552946695,0.12129149880722095,0.0,0.012444546501419572,0.1399852022535573,0.0
0.018378492552946695,0.12129149880722095,0.0,0.0001667222407464953,0.1099917006462948,0.0
0.018378492552946695,0.12129149880722095,0.0,0.0001333777925972035,0.12999340434477152,0.0
0.03892602007430434,0.12263872503249401,0.0,0.04797669870905929,0.13989387991486513,0.0
0.03892602007430434,0.12263872503249401,0.0,0.04861713478893713,0.10525585846368635,0.0
0.03892602007430434,0.12263872503249401,0.0,0.05829520839593559,0.12275981008690073,0.0
0.599991678975272,0.02082651570161959,0.0,0.5918092251511375,0.03972598208293926,0.0
0.599991678975272,0.02082651570161959,0.0,0.5802382027126417,0.02273295895353259,0.0
0.599991678975272,0.02082651570161959,0.0,0.5884954111272719,0.004410930390392521,0.0
0.599991678975272,0.02082651570161959,0.0,0.6080374301032158,0.0020982993519432845,0.0
0.4314076924889179,0.006492376805705772,0.0,0.4400895160561944,0.02505454478912417,0.0
0.4314076924889179,0.006492376805705772,0.0,0.45101597065613114,0.008147403018271864,0.0
0.25826418581184096,0.023328282183069093,0.0,0.2654466757623327,0.005905161411181089,0.0
0.25826418581184096,0.023328282183069093,0.0,0.23946258749593624,0.02391430480392669,0.0
0.25826418581184096,0.023328282183069093,0.0,0.24698741663950877,0.006546848728586659,0.0
0.25826418581184096,0.023328282183069093,0.0,0.24985700368537297,0.04005241491782252,0.0
0.25826418581184096,0.023328282183069093,0.0,0.26985322042396254,0.0402436031776334,0.0
0.2654466757623327,0.005905161411181089,0.0,0.24698741663950877,0.006546848728586659,0.0
0.2654466757623327,0.005905161411181089,0.0,0.2551696683004898,-0.00999604127215391,0.0
0.2654466757623327,0.005905161411181089,0.0,0.2748420391939516,-0.009533819182356178,0.0
0.5996035730870135,0.070320960999408,0.0,0.6028821689010927,0.05604010446367543,0.0
0.5996035730870135,0.070320960999408,0.0,0.6148086967672646,0.07195800463581263,0.0
0.5996035730870135,0.070320960999408,0.0,0.6084378970491852,0.08516869464966569,0.0
0.34520139487599716,0.1792074754772577,0.0,0.33642713724585505,0.16040089026782325,0.0
0.34520139487599716,0.1792074754772577,0.0,0.3250820100126458,0.17682998352775423,0.0
0.34520139487599716,0.1792074754772577,0.0,0.3334679733597575,0.1950146597444102,0.0
0.34520139487599716,0.1792074754772577,0.0,0.3530228816138251,0.1972732469543295,0.0
0.33642713724585505,0.16040089026782325,0.0,0.31645797451889296,0.15903154194470248,0.0
0.33642713724585505,0.16040089026782325,0.0,0.3250820100126458,0.17682998352775423,0.0
0.33642713724585505,0.16040089026782325,0.0,0.34757151005421283,0.14451288081733285,0.0
0.33642713724585505,0.16040089026782325,0.0,0.3275052600345386,0.14341161467524874,0.0
0.8714856695785187,0.15794946506633117,0.0,0.8798429562599569,0.1390051110301484,0.0
0.8714856695785187,0.15794946506633117,0.0,0.8893273997306275,0.15519005604359823,0.0
0.8714856695785187,0.15794946506633117,0.0,0.8813610469062011,0.17292635421557723,0.0
0.44893122006277736,0.0779715131717162,0.0,0.4388492197339807,0.059939926670684554,0.0
0.44893122006277736,0.0779715131717162,0.0,0.45926116158920854,0.06071806047447134,0.0
0.44893122006277736,0.0779715131717162,0.0,0.43887031372550006,0.09517498096419756,0.0
0.44893122006277736,0.0779715131717162,0.0,0.4588672486532196,0.09552230108468768,0.0
0.44893122006277736,0.0779715131717162,0.0,0.46917750121744367,0.07838649022477136,0.0
0.4388492197339807,0.059939926670684554,0.0,0.45926116158920854,0.06071806047447134,0.0
0.4388492197339807,0.059939926670684554,0.0,0.4494524402674237,0.04295579678676928,0.0
0.4388492197339807,0.059939926670684554,0.0,0.4292922089054006,0.041844975393951045,0.0
0.45926116158920854,0.06071806047447134,0.0,0.4494524402674237,0.04295579678676928,0.0
0.45926116158920854,0.06071806047447134,0.0,0.4696730098017634,0.04378912625284856,0.0
0.45926116158920854,0.06071806047447134,0.0,0.46917750121744367,0.07838649022477136,0.0
0.45926116158920854,0.06071806047447134,0.0,0.4794835777547853,0.06126552657256207,0.0
0.3610609089217038,0.01565812504701845,0.0,0.3424357379162176,0.012145072381501806,0.0
0.3610609089217038,0.01565812504701845,0.0,0.3727665018633827,-0.00029780867680233357,0.0
0.3610609089217038,0.01565812504701845,0.0,0.35323740190710473,-0.0027179794198879687,0.0
0.8798429562599569,0.1390051110301484,0.0,0.8893273997306275,0.15519005604359823,0.0
0.8798429562599569,0.1390051110301484,0.0,0.8983299302931074,0.13819594303677613,0.0
0.8798429562599569,0.1390051110301484,0.0,0.8891140722832721,0.12088129769631242,0.0
0.30540789010240427,0.17528376369545903,0.0,0.295775706065624,0.15777188019534302,0.0
0.30540789010240427,0.17528376369545903,0.0,0.31645797451889296,0.15903154194470248,0.0
0.30540789010240427,0.17528376369545903,0.0,0.3250820100126458,0.17682998352775423,0.0
0.30540789010240427,0.17528376369545903,0.0,0.2849841161474053,0.1737137558736394,0.0
0.30540789010240427,0.17528376369545903,0.0,0.2942574624549822,0.1915070910332105,0.0
0.30540789010240427,0.17528376369545903,0.0,0.313881240220007,0.1930527249326497,0.0
0.295775706065624,0.15777188019534302,0.0,0.31645797451889296,0.15903154194470248,0.0
0.295775706065624,0.15777188019534302,0.0,0.2849841161474053,0.1737137558736394,0.0
0.295775706065624,0.15777188019534302,0.0,0.27519695009589384,0.15588981413992611,0.0
0.295775706065624,0.15777188019534302,0.0,0.30683591552343153,0.14266165640483494,0.0
0.295775706065624,0.15777188019534302,0.0,0.28586993602183763,0.14200492507905846,0.0
0.31645797451889296,0.15903154194470248,0.0,0.3250820100126458,0.17682998352775423,0.0
0.31645797451889296,0.15903154194470248,0.0,0.30683591552343153,0.14266165640483494,0.0
0.31645797451889296,0.15903154194470248,0.0,0.3275052600345386,0.14341161467524874,0.0
0.7467488618980594,0.15500572489216538,0.0,0.7376551088855152,0.136172469740656,0.0
0.7467488618980594,0.15500572489216538,0.0,0.7556069644782308,0.17279479477349685,0.0
0.7467488618980594,0.15500572489216538,0.0,0.7662570018979125,0.15590401252818561,0.0
0.8893273997306275,0.15519005604359823,0.0,0.8813610469062011,0.17292635421557723,0.0
0.8893273997306275,0.15519005604359823,0.0,0.8983299302931074,0.13819594303677613,0.0
0.8893273997306275,0.15519005604359823,0.0,0.9080894258857536,0.15491040384988072,0.0
0.9483887829638594,0.12053064560411282,0.0,0.9657891427590654,0.1094374786170797,0.0
0.9483887829638594,0.12053064560411282,0.0,0.934099665164279,0.1069844601007105,0.0
0.9483887829638594,0.12053064560411282,0.0,0.9379597422767759,0.13914115653744002,0.0
0.9483887829638594,0.12053064560411282,0.0,0.9275336491109509,0.12207541154346084,0.0
0.9657891427590654,0.1094374786170797,0.0,0.9826794985817482,0.11999259254484879,0.0
0.9657891427590654,0.1094374786170797,0.0,0.9826795059042908,0.09999088443932787,0.0
0.9657891427590654,0.1094374786170797,0.0,0.9654307101062103,0.08989767810893064,0.0
0.016091894356067414,0.03859889215825048,0.0,0.03229027631745927,0.026642616795998695,0.0
0.016091894356067414,0.03859889215825048,0.0,0.0002667555851949112,0.04998644682127681,0.0
0.016091894356067414,0.03859889215825048,0.0,0.0003001000333443396,0.029984639522474935,0.0
0.016091894356067414,0.03859889215825048,0.0,0.014572737497951517,0.023970331986203,0.0
0.19639784726312084,0.12486253481906223,0.0,0.2085897997043958,0.10821525277314231,0.0
0.19639784726312084,0.12486253481906223,0.0,0.18859828022964076,0.10757116292893597,0.0
0.4400895160561944,0.02505454478912417,0.0,0.4494524402674237,0.04295579678676928,0.0
0.4400895160561944,0.02505454478912417,0.0,0.4292922089054006,0.041844975393951045,0.0
0.4400895160561944,0.02505454478912417,0.0,0.4601857615132034,0.02610366019541489,0.0
0.4400895160561944,0.02505454478912417,0.0,0.45101597065613114,0.008147403018271864,0.0
0.4494524402674237,0.04295579678676928,0.0,0.4292922089054006,0.041844975393951045,0.0
0.4494524402674237,0.04295579678676928,0.0,0.4601857615132034,0.02610366019541489,0.0
0.4494524402674237,0.04295579678676928,0.0,0.4696730098017634,0.04378912625284856,0.0
0.9348318461477816,0.17142352153812934,0.0,0.9328412697606617,0.1894709621315434,0.0
0.9348318461477816,0.17142352153812934,0.0,0.9272487460768027,0.15589081614580283,0.0
0.3250820100126458,0.17682998352775423,0.0,0.313881240220007,0.1930527249326497,0.0
0.3250820100126458,0.17682998352775423,0.0,0.3334679733597575,0.1950146597444102,0.0
0.7376551088855152,0.136172469740656,0.0,0.728327460295985,0.11784848935741321,0.0
0.7376551088855152,0.136172469740656,0.0,0.7180920249194228,0.13491409149612396,0.0
0.7304023093614679,0.025918136273664873,0.0,0.7366839969440638,0.0068707096184470115,0.0
0.7304023093614679,0.025918136273664873,0.0,0.7450619048290591,0.022012929612272813,0.0
0.9486384776701459,0.059576825981382524,0.0,0.9662023442339635,0.0708939047545354,0.0
0.9486384776701459,0.059576825981382524,0.0,0.9379570593342857,0.04149511111416043,0.0
0.9486384776701459,0.059576825981382524,0.0,0.9349847529404656,0.07115561142740591,0.0
0.9662023442339635,0.0708939047545354,0.0,0.9654307101062103,0.08989767810893064,0.0
0.9662023442339635,0.0708939047545354,0.0,0.983214822146058,0.06091464160085579,0.0
0.9662023442339635,0.0708939047545354,0.0,0.9827806800858336,0.0801282972043075,0.0
0.5202560432936285,0.02658156321341393,0.0,0.5000514837480297,0.02694884055820495,0.0
0.5202560432936285,0.02658156321341393,0.0,0.5405105692921578,0.025722178287015566,0.0
0.5202560432936285,0.02658156321341393,0.0,0.5100055027961153,0.009903926561403103,0.0
0.5202560432936285,0.02658156321341393,0.0,0.5296737536950528,0.009295639556945616,0.0
0.8153374026082953,0.1760375673985075,0.0,0.7953286983817602,0.17454845997960025,0.0
0.8153374026082953,0.1760375673985075,0.0,0.8040739682388426,0.1922212148074821,0.0
0.8153374026082953,0.1760375673985075,0.0,0.8236791101517987,0.1939886763111289,0.0
0.9379570593342857,0.04149511111416043,0.0,0.9495118042632592,0.025165438116462626,0.0
0.9379570593342857,0.04149511111416043,0.0,0.9179679516404494,0.03908504148914924,0.0
0.9379570593342857,0.04149511111416043,0.0,0.9295443526815671,0.023451995538384986,0.0
0.2849841161474053,0.1737137558736394,0.0,0.2650869052478067,0.17314905045099102,0.0
0.2849841161474053,0.1737137558736394,0.0,0.27519695009589384,0.15588981413992611,0.0
0.2849841161474053,0.1737137558736394,0.0,0.2746002114883518,0.1904740302508034,0.0
0.2849841161474053,0.1737137558736394,0.0,0.2942574624549822,0.1915070910332105,0.0
0.2248404764112261,0.17346966362870608,0.0,0.23513572650327214,0.15593322012714075,0.0
0.2248404764112261,0.17346966362870608,0.0,0.2449473498995542,0.1730472631746818,0.0
0.2248404764112261,0.17346966362870608,0.0,0.2352375608496372,0.1901715774166525,0.0
0.2248404764112261,0.17346966362870608,0.0,0.2155675444190997,0.1909215933815534,0.0
0.4601857615132034,0.02610366019541489,0.0,0.48002557171214044,0.026700541824583233,0.0
0.4601857615132034,0.02610366019541489,0.0,0.4696730098017634,0.04378912625284856,0.0
0.4601857615132034,0.02610366019541489,0.0,0.4706593468469106,0.009310807565178653,0.0
0.4601857615132034,0.02610366019541489,0.0,0.45101597065613114,0.008147403018271864,0.0
0.5918092251511375,0.03972598208293926,0.0,0.5802382027126417,0.02273295895353259,0.0
0.5918092251511375,0.03972598208293926,0.0,0.571704816012727,0.04086539979565397,0.0
0.5918092251511375,0.03972598208293926,0.0,0.6028821689010927,0.05604010446367543,0.0
0.05339468608469438,0.02323640731536159,0.0,0.03229027631745927,0.026642616795998695,0.0
0.05339468608469438,0.02323640731536159,0.0,0.047970915350115675,0.03955809188845316,0.0
0.05339468608469438,0.02323640731536159,0.0,0.03966556847312165,0.008766091966323868,0.0
0.05339468608469438,0.02323640731536159,0.0,0.05929122843812331,0.007333212751997812,0.0
0.03229027631745927,0.026642616795998695,0.0,0.047970915350115675,0.03955809188845316,0.0
0.03229027631745927,0.026642616795998695,0.0,0.020008548415107453,0.009668428617265008,0.0
0.03229027631745927,0.026642616795998695,0.0,0.03966556847312165,0.008766091966323868,0.0
0.03229027631745927,0.026642616795998695,0.0,0.014572737497951517,0.023970331986203,0.0
0.047970915350115675,0.03955809188845316,0.0,0.059632246349868495,0.05430286059891378,0.0
0.8881581178734479,0.05272646246493971,0.0,0.8787578409704325,0.03500712776103761,0.0
0.8881581178734479,0.05272646246493971,0.0,0.8980876455249697,0.03683671275844834,0.0
0.012444546501419572,0.1399852022535573,0.0,0.0001333777925972035,0.12999340434477152,0.0
0.012444546501419572,0.1399852022535573,0.0,0.0001000333444479161,0.1499950883971662,0.0
0.7556069644782308,0.17279479477349685,0.0,0.7450787942757616,0.1900191158835712,0.0
0.7556069644782308,0.17279479477349685,0.0,0.7647624404709625,0.1901715774472619,0.0
0.7556069644782308,0.17279479477349685,0.0,0.7753583738527302,0.17346982315064005,0.0
0.7556069644782308,0.17279479477349685,0.0,0.7662570018979125,0.15590401252818561,0.0
0.36775505321478735,0.14568601902943568,0.0,0.35831661046508145,0.12819046576417886,0.0
0.36775505321478735,0.14568601902943568,0.0,0.3782405313104939,0.12867711024579198,0.0
0.36775505321478735,0.14568601902943568,0.0,0.3879244110264754,0.14617909283383712,0.0
0.36775505321478735,0.14568601902943568,0.0,0.34757151005421283,0.14451288081733285,0.0
0.934099665164279,0.1069844601007105,0.0,0.9180059653153249,0.1046014188349033,0.0
0.934099665164279,0.1069844601007105,0.0,0.9275336491109509,0.12207541154346084,0.0
0.2650869052478067,0.17314905045099102,0.0,0.27519695009589384,0.15588981413992611,0.0
0.2650869052478067,0.17314905045099102,0.0,0.2449473498995542,0.1730472631746818,0.0
0.2650869052478067,0.17314905045099102,0.0,0.2746002114883518,0.1904740302508034,0.0
0.2650869052478067,0.17314905045099102,0.0,0.25518408435032136,0.15580334172862578,0.0
0.2650869052478067,0.17314905045099102,0.0,0.2549212071454445,0.1900191158946087,0.0
0.27519695009589384,0.15588981413992611,0.0,0.28586993602183763,0.14200492507905846,0.0
0.27519695009589384,0.15588981413992611,0.0,0.25518408435032136,0.15580334172862578,0.0
0.27519695009589384,0.15588981413992611,0.0,0.26542371921250696,0.1418227717396358,0.0
0.2976838185115307,0.1262177670071732,0.0,0.30683591552343153,0.14266165640483494,0.0
0.2976838185115307,0.1262177670071732,0.0,0.28586993602183763,0.14200492507905846,0.0
0.2976838185115307,0.1262177670071732,0.0,0.31825627592382716,0.12727103420789218,0.0
0.2976838185115307,0.1262177670071732,0.0,0.3085727158046168,0.11006564479079355,0.0
0.2976838185115307,0.1262177670071732,0.0,0.28857614781261365,0.10969485017852257,0.0
0.2976838185115307,0.1262177670071732,0.0,0.2773762772576992,0.12616141989030874,0.0
0.30683591552343153,0.14266165640483494,0.0,0.28586993602183763,0.14200492507905846,0.0
0.30683591552343153,0.14266165640483494,0.0,0.31825627592382716,0.12727103420789218,0.0
0.30683591552343153,0.14266165640483494,0.0,0.3275052600345386,0.14341161467524874,0.0
0.28586993602183763,0.14200492507905846,0.0,0.2773762772576992,0.12616141989030874,0.0
0.28586993602183763,0.14200492507905846,0.0,0.26542371921250696,0.1418227717396358,0.0
0.9495118042632592,0.025165438116462626,0.0,0.9606672803994475,0.008786011238201788,0.0
0.9495118042632592,0.025165438116462626,0.0,0.9410410174236508,0.007361457192122946,0.0
0.9495118042632592,0.025165438116462626,0.0,0.9295443526815671,0.023451995538384986,0.0
0.23513572650327214,0.15593322012714075,0.0,0.2449473498995542,0.1730472631746818,0.0
0.23513572650327214,0.15593322012714075,0.0,0.25518408435032136,0.15580334172862578,0.0
0.23513572650327214,0.15593322012714075,0.0,0.24533226646018202,0.14173897645440311,0.0
0.48002557171214044,0.026700541824583233,0.0,0.4696730098017634,0.04378912625284856,0.0
0.48002557171214044,0.026700541824583233,0.0,0.5000514837480297,0.02694884055820495,0.0
0.48002557171214044,0.026700541824583233,0.0,0.4706593468469106,0.009310807565178653,0.0
0.48002557171214044,0.026700541824583233,0.0,0.48979820400384305,0.04414222664499199,0.0
0.48002557171214044,0.026700541824583233,0.0,0.49032790285568967,0.009909093478124239,0.0
0.4696730098017634,0.04378912625284856,0.0,0.48979820400384305,0.04414222664499199,0.0
0.4696730098017634,0.04378912625284856,0.0,0.4794835777547853,0.06126552657256207,0.0
0.2277241984085936,0.007340406085828706,0.0,0.22014828132089717,0.02401760388601221,0.0
0.2277241984085936,0.007340406085828706,0.0,0.23946258749593624,0.02391430480392669,0.0
0.2277241984085936,0.007340406085828706,0.0,0.24698741663950877,0.006546848728586659,0.0
0.2277241984085936,0.007340406085828706,0.0,0.2158285803996324,-0.00910925414494247,0.0
0.2277241984085936,0.007340406085828706,0.0,0.20774410215917274,0.008022377074478998,0.0
0.2277241984085936,0.007340406085828706,0.0,0.2354924247478584,-0.009851415990999843,0.0
0.22014828132089717,0.02401760388601221,0.0,0.23946258749593624,0.02391430480392669,0.0
0.22014828132089717,0.02401760388601221,0.0,0.2298672838930874,0.03930904739404806,0.0
0.22014828132089717,0.02401760388601221,0.0,0.2098647374244081,0.03925943095389196,0.0
0.22014828132089717,0.02401760388601221,0.0,0.20774410215917274,0.008022377074478998,0.0
0.22014828132089717,0.02401760388601221,0.0,0.19992602377351074,0.024394265787134776,0.0
0.23946258749593624,0.02391430480392669,0.0,0.24698741663950877,0.006546848728586659,0.0
0.23946258749593624,0.02391430480392669,0.0,0.2298672838930874,0.03930904739404806,0.0
0.23946258749593624,0.02391430480392669,0.0,0.24985700368537297,0.04005241491782252,0.0
0.31819756007157557,0.024724414626599054,0.0,0.3242185516017126,0.009165583697234895,0.0
0.31819756007157557,0.024724414626599054,0.0,0.3342508230073258,0.025593058412472815,0.0
0.31819756007157557,0.024724414626599054,0.0,0.30980142387338555,0.04133741183912075,0.0
0.7953286983817602,0.17454845997960025,0.0,0.7753583738527302,0.17346982315064005,0.0
0.7953286983817602,0.17454845997960025,0.0,0.7861100154146581,0.156715138416586,0.0
0.7953286983817602,0.17454845997960025,0.0,0.8040739682388426,0.1922212148074821,0.0
0.7953286983817602,0.17454845997960025,0.0,0.7844324567857922,0.1909215934450424,0.0
0.1731414379522137,0.16009786103542276,0.0,0.16469459887278146,0.17810261749189024,0.0
0.1731414379522137,0.16009786103542276,0.0,0.15290668948572123,0.16209144853619523,0.0
0.1731414379522137,0.16009786103542276,0.0,0.18461773577184432,0.17611620227903096,0.0
0.16469459887278146,0.17810261749189024,0.0,0.15290668948572123,0.16209144853619523,0.0
0.16469459887278146,0.17810261749189024,0.0,0.18461773577184432,0.17611620227903096,0.0
0.16469459887278146,0.17810261749189024,0.0,0.14496579117545344,0.18029034682899606,0.0
0.16469459887278146,0.17810261749189024,0.0,0.1763208908223542,0.1939886762133007,0.0
0.16469459887278146,0.17810261749189024,0.0,0.1567512396874989,0.1961150489967212,0.0
0.15290668948572123,0.16209144853619523,0.0,0.13298570429033466,0.16433910027280382,0.0
0.15290668948572123,0.16209144853619523,0.0,0.14496579117545344,0.18029034682899606,0.0
0.2449473498995542,0.1730472631746818,0.0,0.25518408435032136,0.15580334172862578,0.0
0.2449473498995542,0.1730472631746818,0.0,0.2549212071454445,0.1900191158946087,0.0
0.2449473498995542,0.1730472631746818,0.0,0.2352375608496372,0.1901715774166525,0.0
0.5000514837480297,0.02694884055820495,0.0,0.48979820400384305,0.04414222664499199,0.0
0.5000514837480297,0.02694884055820495,0.0,0.49032790285568967,0.009909093478124239,0.0
0.5000514837480297,0.02694884055820495,0.0,0.5100055027961153,0.009903926561403103,0.0
0.032068816945512967,0.0702057014974055,0.0,0.04968636212503205,0.0705832483423392,0.0
0.8627921253644149,0.1984719234020252,0.0,0.8823244412923026,0.2009191174150899,0.0
0.8627921253644149,0.1984719234020252,0.0,0.8432487611881002,0.1961150490981094,0.0
0.8627921253644149,0.1984719234020252,0.0,0.8772077795479521,0.1870814567603949,0.0
0.7450787942757616,0.1900191158835712,0.0,0.7647624404709625,0.1901715774472619,0.0
0.5802382027126417,0.02273295895353259,0.0,0.571704816012727,0.04086539979565397,0.0
0.5802382027126417,0.02273295895353259,0.0,0.5884954111272719,0.004410930390392521,0.0
0.5802382027126417,0.02273295895353259,0.0,0.5604280749119909,0.02435320791640276,0.0
0.5802382027126417,0.02273295895353259,0.0,0.5689242411808441,0.006460655762134735,0.0
0.2746002114883518,0.1904740302508034,0.0,0.2942574624549822,0.1915070910332105,0.0
0.2746002114883518,0.1904740302508034,0.0,0.2549212071454445,0.1900191158946087,0.0
0.5405105692921578,0.025722178287015566,0.0,0.5604280749119909,0.02435320791640276,0.0
0.5405105692921578,0.025722178287015566,0.0,0.5296737536950528,0.009295639556945616,0.0
0.5405105692921578,0.025722178287015566,0.0,0.54931659569225,0.008123200817853518,0.0
0.4706593468469106,0.009310807565178653,0.0,0.45101597065613114,0.008147403018271864,0.0
0.4706593468469106,0.009310807565178653,0.0,0.49032790285568967,0.009909093478124239,0.0
0.9606672803994475,0.008786011238201788,0.0,0.9410410174236508,0.007361457192122946,0.0
0.9606672803994475,0.008786011238201788,0.0,0.9803247358306264,0.009678763564809153,0.0
0.8787578409704325,0.03500712776103761,0.0,0.8710173561114256,0.016678926469292626,0.0
0.8787578409704325,0.03500712776103761,0.0,0.8595107274334738,0.033738751863588747,0.0
0.8787578409704325,0.03500712776103761,0.0,0.890213564072821,0.01908692930699472,0.0
0.8787578409704325,0.03500712776103761,0.0,0.8980876455249697,0.03683671275844834,0.0
0.8710173561114256,0.016678926469292626,0.0,0.8595107274334738,0.033738751863588747,0.0
0.8710173561114256,0.016678926469292626,0.0,0.890213564072821,0.01908692930699472,0.0
0.8710173561114256,0.016678926469292626,0.0,0.8823637147826019,0.0009068557084319512,0.0
0.8595107274334738,0.033738751863588747,0.0,0.8493504276124689,0.05064864024610015,0.0
0.3424357379162176,0.012145072381501806,0.0,0.3242185516017126,0.009165583697234895,0.0
0.3424357379162176,0.012145072381501806,0.0,0.3342508230073258,0.025593058412472815,0.0
0.3424357379162176,0.012145072381501806,0.0,0.3336892442568636,-0.004978381666331094,0.0
0.3424357379162176,0.012145072381501806,0.0,0.35323740190710473,-0.0027179794198879687,0.0
0.3242185516017126,0.009165583697234895,0.0,0.3342508230073258,0.025593058412472815,0.0
0.3242185516017126,0.009165583697234895,0.0,0.3336892442568636,-0.004978381666331094,0.0
0.3242185516017126,0.009165583697234895,0.0,0.31410937356582663,-0.0069437815004049636,0.0
0.24698741663950877,0.006546848728586659,0.0,0.2354924247478584,-0.009851415990999843,0.0
0.24698741663950877,0.006546848728586659,0.0,0.2551696683004898,-0.00999604127215391,0.0
0.022022960531588205,0.18770986037520185,0.0,3.334444814934153e-05,0.189998390491055,0.0
0.022022960531588205,0.18770986037520185,0.0,0.014343825428424394,0.1747633595844479,0.0
0.022022960531588205,0.18770986037520185,0.0,0.01968189381931244,0.2096956954280177,0.0
0.022022960531588205,0.18770986037520185,0.0,0.011954366446476692,0.19775513970050046,0.0
0.18461773577184432,0.17611620227903096,0.0,0.1959260328513177,0.1922212147213933,0.0
0.18461773577184432,0.17611620227903096,0.0,0.1763208908223542,0.1939886762133007,0.0
0.7366839969440638,0.0068707096184470115,0.0,0.7450619048290591,0.022012929612272813,0.0
0.7366839969440638,0.0068707096184470115,0.0,0.7451637687099429,-0.009998673790886207,0.0
0.571704816012727,0.04086539979565397,0.0,0.5604280749119909,0.02435320791640276,0.0
0.5884954111272719,0.004410930390392521,0.0,0.6080374301032158,0.0020982993519432845,0.0
0.5884954111272719,0.004410930390392521,0.0,0.5689242411808441,0.006460655762134735,0.0
0.7647624404709625,0.1901715774472619,0.0,0.7753583738527302,0.17346982315064005,0.0
0.7647624404709625,0.1901715774472619,0.0,0.7844324567857922,0.1909215934450424,0.0
0.25518408435032136,0.15580334172862578,0.0,0.24533226646018202,0.14173897645440311,0.0
0.25518408435032136,0.15580334172862578,0.0,0.26542371921250696,0.1418227717396358,0.0
0.7753583738527302,0.17346982315064005,0.0,0.7861100154146581,0.156715138416586,0.0
0.7753583738527302,0.17346982315064005,0.0,0.7662570018979125,0.15590401252818561,0.0
0.7753583738527302,0.17346982315064005,0.0,0.7844324567857922,0.1909215934450424,0.0
0.7861100154146581,0.156715138416586,0.0,0.7662570018979125,0.15590401252818561,0.0
0.8040739682388426,0.1922212148074821,0.0,0.8236791101517987,0.1939886763111289,0.0
0.8040739682388426,0.1922212148074821,0.0,0.7844324567857922,0.1909215934450424,0.0
0.48979820400384305,0.04414222664499199,0.0,0.4995475547177349,0.06157097405286695,0.0
0.48979820400384305,0.04414222664499199,0.0,0.4794835777547853,0.06126552657256207,0.0
0.9328412697606617,0.1894709621315434,0.0,0.921425379683128,0.2055086350647987,0.0
0.9328412697606617,0.1894709621315434,0.0,0.9410212191544387,0.2073769316668632,0.0
0.9328412697606617,0.1894709621315434,0.0,0.9509069546023112,0.19540647441947315,0.0
0.2942574624549822,0.1915070910332105,0.0,0.313881240220007,0.1930527249326497,0.0
0.9410410174236508,0.007361457192122946,0.0,0.9295443526815671,0.023451995538384986,0.0
0.9410410174236508,0.007361457192122946,0.0,0.9214516970814995,0.0054942304602388576,0.0
0.890213564072821,0.01908692930699472,0.0,0.8980876455249697,0.03683671275844834,0.0
0.890213564072821,0.01908692930699472,0.0,0.9097725597010898,0.021333446847999663,0.0
0.890213564072821,0.01908692930699472,0.0,0.8823637147826019,0.0009068557084319512,0.0
0.890213564072821,0.01908692930699472,0.0,0.9018962525822585,0.0032987262265301285,0.0
0.8980876455249697,0.03683671275844834,0.0,0.9179679516404494,0.03908504148914924,0.0
0.8980876455249697,0.03683671275844834,0.0,0.9097725597010898,0.021333446847999663,0.0
0.5604280749119909,0.02435320791640276,0.0,0.5689242411808441,0.006460655762134735,0.0
0.5604280749119909,0.02435320791640276,0.0,0.54931659569225,0.008123200817853518,0.0
0.313881240220007,0.1930527249326497,0.0,0.3334679733597575,0.1950146597444102,0.0
0.5689242411808441,0.006460655762134735,0.0,0.54931659569225,0.008123200817853518,0.0
0.8236791101517987,0.1939886763111289,0.0,0.8432487611881002,0.1961150490981094,0.0
0.3334679733597575,0.1950146597444102,0.0,0.3530228816138251,0.1972732469543295,0.0
0.8813610469062011,0.17292635421557723,0.0,0.8772077795479521,0.1870814567603949,0.0
0.13298570429033466,0.16433910027280382,0.0,0.11376095295742113,0.16727658620711547,0.0
0.13298570429033466,0.16433910027280382,0.0,0.12540891741809845,0.18278073912232126,0.0
0.13298570429033466,0.16433910027280382,0.0,0.12108694291458454,0.14971140693489426,0.0
0.13298570429033466,0.16433910027280382,0.0,0.14496579117545344,0.18029034682899606,0.0
0.11376095295742113,0.16727658620711547,0.0,0.12540891741809845,0.18278073912232126,0.0
0.11376095295742113,0.16727658620711547,0.0,0.12108694291458454,0.14971140693489426,0.0
0.11376095295742113,0.16727658620711547,0.0,0.10578076254235362,0.18550843492346153,0.0
0.12540891741809845,0.18278073912232126,0.0,0.14496579117545344,0.18029034682899606,0.0
0.12540891741809845,0.18278073912232126,0.0,0.10578076254235362,0.18550843492346153,0.0
0.12540891741809845,0.18278073912232126,0.0,0.1176755593694548,0.2009191173322832,0.0
0.12540891741809845,0.18278073912232126,0.0,0.1372078753933555,0.1984719233079192,0.0
0.4995475547177349,0.06157097405286695,0.0,0.5091789519327465,0.07912320712087256,0.0
0.4995475547177349,0.06157097405286695,0.0,0.4891987008269627,0.07875074165470117,0.0
0.4995475547177349,0.06157097405286695,0.0,0.4794835777547853,0.06126552657256207,0.0
0.5091789519327465,0.07912320712087256,0.0,0.49889510733298753,0.09623899493762962,0.0
0.5091789519327465,0.07912320712087256,0.0,0.4891987008269627,0.07875074165470117,0.0
0.5091789519327465,0.07912320712087256,0.0,0.5189867583948061,0.0965540790675613,0.0
0.48855344304966036,0.11338523092041854,0.0,0.49889510733298753,0.09623899493762962,0.0
0.48855344304966036,0.11338523092041854,0.0,0.4788729978088546,0.09588430930146055,0.0
0.48855344304966036,0.11338523092041854,0.0,0.5085891253517867,0.1137330330807519,0.0
0.48855344304966036,0.11338523092041854,0.0,0.49823467341140026,0.13088721466738687,0.0
0.48855344304966036,0.11338523092041854,0.0,0.478226525615835,0.13052388072914928,0.0
0.48855344304966036,0.11338523092041854,0.0,0.4685459869957484,0.11302211437926846,0.0
0.49889510733298753,0.09623899493762962,0.0,0.4788729978088546,0.09588430930146055,0.0
0.49889510733298753,0.09623899493762962,0.0,0.4891987008269627,0.07875074165470117,0.0
0.49889510733298753,0.09623899493762962,0.0,0.5189867583948061,0.0965540790675613,0.0
0.49889510733298753,0.09623899493762962,0.0,0.5085891253517867,0.1137330330807519,0.0
0.4788729978088546,0.09588430930146055,0.0,0.4891987008269627,0.07875074165470117,0.0
0.4788729978088546,0.09588430930146055,0.0,0.4588672486532196,0.09552230108468768,0.0
0.4788729978088546,0.09588430930146055,0.0,0.4685459869957484,0.11302211437926846,0.0
0.4788729978088546,0.09588430930146055,0.0,0.46917750121744367,0.07838649022477136,0.0
0.4891987008269627,0.07875074165470117,0.0,0.46917750121744367,0.07838649022477136,0.0
0.4891987008269627,0.07875074165470117,0.0,0.4794835777547853,0.06126552657256207,0.0
0.6028821689010927,0.05604010446367543,0.0,0.6226822137904025,0.05450698184734629,0.0
0.6028821689010927,0.05604010446367543,0.0,0.6148086967672646,0.07195800463581263,0.0
0.0002334111370453746,0.06998822350174821,0.0,0.0002667555851949112,0.04998644682127681,0.0
0.0002334111370453746,0.06998822350174821,0.0,0.0002000666888959734,0.08998997331642707,0.0
0.0001667222407464953,0.1099917006462948,0.0,0.0002000666888959734,0.08998997331642707,0.0
0.0001667222407464953,0.1099917006462948,0.0,0.0001333777925972035,0.12999340434477152,0.0
0.5189867583948061,0.0965540790675613,0.0,0.528708744870528,0.11403460154243344,0.0
0.5189867583948061,0.0965540790675613,0.0,0.5085891253517867,0.1137330330807519,0.0
0.0002667555851949112,0.04998644682127681,0.0,0.0003001000333443396,0.029984639522474935,0.0
0.0003001000333443396,0.029984639522474935,0.0,0.00033344424550632893,0.009982779296787142,0.0
0.0003001000333443396,0.029984639522474935,0.0,0.014572737497951517,0.023970331986203,0.0
0.0001333777925972035,0.12999340434477152,0.0,0.0001000333444479161,0.1499950883971662,0.0
6.668889629864687e-05,0.1699967520516659,0.0,0.0001000333444479161,0.1499950883971662,0.0
6.668889629864687e-05,0.1699967520516659,0.0,3.334444814934153e-05,0.189998390491055,0.0
6.668889629864687e-05,0.1699967520516659,0.0,0.014343825428424394,0.1747633595844479,0.0
0.6226822137904025,0.05450698184734629,0.0,0.6148086967672646,0.07195800463581263,0.0
0.6226822137904025,0.05450698184734629,0.0,0.6425428047188304,0.05240366406707691,0.0
0.6226822137904025,0.05450698184734629,0.0,0.6349859310957437,0.06924498776200012,0.0
0.528708744870528,0.11403460154243344,0.0,0.5487126399405472,0.11440056764680119,0.0
0.528708744870528,0.11403460154243344,0.0,0.5085891253517867,0.1137330330807519,0.0
0.528708744870528,0.11403460154243344,0.0,0.5182539633605643,0.1312444138475337,0.0
0.528708744870528,0.11403460154243344,0.0,0.5382305084026077,0.1316254303317111,0.0
0.6148086967672646,0.07195800463581263,0.0,0.6349859310957437,0.06924498776200012,0.0
0.6148086967672646,0.07195800463581263,0.0,0.6277848201201255,0.0855983410337739,0.0
0.6148086967672646,0.07195800463581263,0.0,0.6084378970491852,0.08516869464966569,0.0
0.5487126399405472,0.11440056764680119,0.0,0.5687235280968548,0.11468487510691916,0.0
0.5487126399405472,0.11440056764680119,0.0,0.55820974913944,0.132004950435857,0.0
0.5487126399405472,0.11440056764680119,0.0,0.5382305084026077,0.1316254303317111,0.0
0.5085891253517867,0.1137330330807519,0.0,0.5182539633605643,0.1312444138475337,0.0
0.5085891253517867,0.1137330330807519,0.0,0.49823467341140026,0.13088721466738687,0.0
0.6425428047188304,0.05240366406707691,0.0,0.6625801804279041,0.050897052758218535,0.0
0.6425428047188304,0.05240366406707691,0.0,0.6349859310957437,0.06924498776200012,0.0
0.5182539633605643,0.1312444138475337,0.0,0.49823467341140026,0.13088721466738687,0.0
0.5182539633605643,0.1312444138475337,0.0,0.5079067427366544,0.1483944634574273,0.0
0.5182539633605643,0.1312444138475337,0.0,0.527902327858828,0.148764858839829,0.0
0.5182539633605643,0.1312444138475337,0.0,0.5382305084026077,0.1316254303317111,0.0
0.49823467341140026,0.13088721466738687,0.0,0.5079067427366544,0.1483944634574273,0.0
0.49823467341140026,0.13088721466738687,0.0,0.48790537589678923,0.14802732395292742,0.0
0.49823467341140026,0.13088721466738687,0.0,0.478226525615835,0.13052388072914928,0.0
0.5687235280968548,0.11468487510691916,0.0,0.55820974913944,0.132004950435857,0.0
0.5687235280968548,0.11468487510691916,0.0,0.5886643135018462,0.115026408447715,0.0
0.5687235280968548,0.11468487510691916,0.0,0.5782684174044065,0.13229258563379778,0.0
0.55820974913944,0.132004950435857,0.0,0.5782684174044065,0.13229258563379778,0.0
0.55820974913944,0.132004950435857,0.0,0.5678878181077279,0.14950891133850192,0.0
0.55820974913944,0.132004950435857,0.0,0.5382305084026077,0.1316254303317111,0.0
0.55820974913944,0.132004950435857,0.0,0.5478967251268091,0.14906826926749533,0.0
0.5079067427366544,0.1483944634574273,0.0,0.48790537589678923,0.14802732395292742,0.0
0.5079067427366544,0.1483944634574273,0.0,0.527902327858828,0.148764858839829,0.0
0.5079067427366544,0.1483944634574273,0.0,0.5175761315143198,0.16590318812405763,0.0
0.5079067427366544,0.1483944634574273,0.0,0.49757954522693026,0.16553336902777782,0.0
0.48790537589678923,0.14802732395292742,0.0,0.478226525615835,0.13052388072914928,0.0
0.48790537589678923,0.14802732395292742,0.0,0.46790606708435867,0.1476590787993712,0.0
0.48790537589678923,0.14802732395292742,0.0,0.4775909264166293,0.164744427325618,0.0
0.48790537589678923,0.14802732395292742,0.0,0.49757954522693026,0.16553336902777782,0.0
0.5886643135018462,0.115026408447715,0.0,0.5989552090024207,0.09887748127032349,0.0
0.5886643135018462,0.115026408447715,0.0,0.6085633085979864,0.11570347486570202,0.0
0.5886643135018462,0.115026408447715,0.0,0.5982331418379555,0.13272452422461892,0.0
0.5886643135018462,0.115026408447715,0.0,0.5782684174044065,0.13229258563379778,0.0
0.527902327858828,0.148764858839829,0.0,0.5175761315143198,0.16590318812405763,0.0
0.527902327858828,0.148764858839829,0.0,0.5375806371610375,0.16586254365667974,0.0
0.527902327858828,0.148764858839829,0.0,0.5382305084026077,0.1316254303317111,0.0
0.527902327858828,0.148764858839829,0.0,0.5478967251268091,0.14906826926749533,0.0
0.5175761315143198,0.16590318812405763,0.0,0.5375806371610375,0.16586254365667974,0.0
0.5175761315143198,0.16590318812405763,0.0,0.49757954522693026,0.16553336902777782,0.0
0.5175761315143198,0.16590318812405763,0.0,0.5074984654534868,0.17869344266111192,0.0
0.5175761315143198,0.16590318812405763,0.0,0.5274549802163522,0.1790614086781959,0.0
0.478226525615835,0.13052388072914928,0.0,0.46790606708435867,0.1476590787993712,0.0
0.478226525615835,0.13052388072914928,0.0,0.45822756436385,0.130155459161255,0.0
0.478226525615835,0.13052388072914928,0.0,0.4685459869957484,0.11302211437926846,0.0
0.5989552090024207,0.09887748127032349,0.0,0.6085633085979864,0.11570347486570202,0.0
0.5989552090024207,0.09887748127032349,0.0,0.6188359615621913,0.09947099327376906,0.0
0.5989552090024207,0.09887748127032349,0.0,0.6084378970491852,0.08516869464966569,0.0
0.5375806371610375,0.16586254365667974,0.0,0.5478967251268091,0.14906826926749533,0.0
0.5375806371610375,0.16586254365667974,0.0,0.5574400338785687,0.16497248548914115,0.0
0.5375806371610375,0.16586254365667974,0.0,0.5274549802163522,0.1790614086781959,0.0
0.5375806371610375,0.16586254365667974,0.0,0.547378560945122,0.17865129836442614,0.0
0.6085633085979864,0.11570347486570202,0.0,0.6188359615621913,0.09947099327376906,0.0
0.6085633085979864,0.11570347486570202,0.0,0.5982331418379555,0.13272452422461892,0.0
0.6085633085979864,0.11570347486570202,0.0,0.6285243227855319,0.11616187352094288,0.0
0.6085633085979864,0.11570347486570202,0.0,0.6182140504218869,0.13307710411326543,0.0
0.46790606708435867,0.1476590787993712,0.0,0.4775909264166293,0.164744427325618,0.0
0.46790606708435867,0.1476590787993712,0.0,0.45822756436385,0.130155459161255,0.0
0.46790606708435867,0.1476590787993712,0.0,0.44790863245219614,0.1472898240345732,0.0
0.46790606708435867,0.1476590787993712,0.0,0.45759977057771867,0.16407484593832605,0.0
1.0,0.16999676967318467,0.0,0.9831730523265588,0.17914263550637496,0.0
1.0,0.16999676967318467,0.0,0.9826794870222691,0.15999594329538114,0.0
1.0,0.16999676967318467,0.0,1.0,0.1499951169176319,0.0
1.0,0.16999676967318467,0.0,1.0,0.18999840282765793,0.0
0.9831730523265588,0.17914263550637496,0.0,0.9826794870222691,0.15999594329538114,0.0
0.9831730523265588,0.17914263550637496,0.0,1.0,0.18999840282765793,0.0
0.9826794870222691,0.15999594329538114,0.0,1.0,0.1499951169176319,0.0
1.0,0.10999174353008712,0.0,1.0,0.12999344155956533,0.0
1.0,0.10999174353008712,0.0,0.9826794985817482,0.11999259254484879,0.0
1.0,0.10999174353008712,0.0,0.9826795059042908,0.09999088443932787,0.0
1.0,0.10999174353008712,0.0,1.0,0.0899900253485901,0.0
1.0,0.12999344155956533,0.0,0.9826794985817482,0.11999259254484879,0.0
1.0,0.12999344155956533,0.0,1.0,0.1499951169176319,0.0
0.9826794985817482,0.11999259254484879,0.0,0.9826795059042908,0.09999088443932787,0.0
0.9826795059042908,0.09999088443932787,0.0,0.9654307101062103,0.08989767810893064,0.0
0.9826795059042908,0.09999088443932787,0.0,1.0,0.0899900253485901,0.0
0.9826795059042908,0.09999088443932787,0.0,0.9827806800858336,0.0801282972043075,0.0
0.6188359615621913,0.09947099327376906,0.0,0.6285243227855319,0.11616187352094288,0.0
0.6188359615621913,0.09947099327376906,0.0,0.6388218230355938,0.09985760288863763,0.0
0.6188359615621913,0.09947099327376906,0.0,0.6277848201201255,0.0855983410337739,0.0
0.6188359615621913,0.09947099327376906,0.0,0.6084378970491852,0.08516869464966569,0.0
0.5982331418379555,0.13272452422461892,0.0,0.5878919423069311,0.14980585751257194,0.0
0.5982331418379555,0.13272452422461892,0.0,0.6182140504218869,0.13307710411326543,0.0
0.5982331418379555,0.13272452422461892,0.0,0.6078959959161906,0.14983114943685222,0.0
0.5982331418379555,0.13272452422461892,0.0,0.5782684174044065,0.13229258563379778,0.0
0.4775909264166293,0.164744427325618,0.0,0.45759977057771867,0.16407484593832605,0.0
0.4775909264166293,0.164744427325618,0.0,0.49757954522693026,0.16553336902777782,0.0
0.4775909264166293,0.164744427325618,0.0,0.4873431784647081,0.178224038474884,0.0
0.4775909264166293,0.164744427325618,0.0,0.46736086430161944,0.17708238921009847,0.0
0.45822756436385,0.130155459161255,0.0,0.44790863245219614,0.1472898240345732,0.0
0.45822756436385,0.130155459161255,0.0,0.4382304458764273,0.12978604104758845,0.0
0.45822756436385,0.130155459161255,0.0,0.4485489617023631,0.11265189058536743,0.0
0.45822756436385,0.130155459161255,0.0,0.4685459869957484,0.11302211437926846,0.0
1.0,0.18999840282765793,0.0,1.0,0.21,0.0
0.44790863245219614,0.1472898240345732,0.0,0.4382304458764273,0.12978604104758845,0.0
0.44790863245219614,0.1472898240345732,0.0,0.4279118172393366,0.146920254489166,0.0
0.44790863245219614,0.1472898240345732,0.0,0.4375998641998315,0.16388009191099606,0.0
0.44790863245219614,0.1472898240345732,0.0,0.45759977057771867,0.16407484593832605,0.0
0.6285243227855319,0.11616187352094288,0.0,0.6388218230355938,0.09985760288863763,0.0
0.6285243227855319,0.11616187352094288,0.0,0.6485131922046976,0.11654934168657309,0.0
0.6285243227855319,0.11616187352094288,0.0,0.6381960797020685,0.13348471519121205,0.0
0.6285243227855319,0.11616187352094288,0.0,0.6182140504218869,0.13307710411326543,0.0
0.7794456992524398,0.0668116965260098,0.0,0.7605475561687376,0.06694678697061202,0.0
0.7794456992524398,0.0668116965260098,0.0,0.7898797377582675,0.04953530030259658,0.0
0.7794456992524398,0.0668116965260098,0.0,0.7691253858979786,0.08393341780474113,0.0
0.7794456992524398,0.0668116965260098,0.0,0.7994370808445003,0.06720447942712895,0.0
0.7794456992524398,0.0668116965260098,0.0,0.7890957771700793,0.08438408549466767,0.0
0.7605475561687376,0.06694678697061202,0.0,0.7491310421258865,0.0835881019018651,0.0
0.7605475561687376,0.06694678697061202,0.0,0.7691253858979786,0.08393341780474113,0.0
0.7187952981105914,0.10044543054996545,0.0,0.7388095645196829,0.10073552014749676,0.0
0.7187952981105914,0.10044543054996545,0.0,0.728327460295985,0.11784848935741321,0.0
0.7187952981105914,0.10044543054996545,0.0,0.7084990022919577,0.11747597814005027,0.0
0.7187952981105914,0.10044543054996545,0.0,0.6988239064700242,0.10008771291095465,0.0
0.7187952981105914,0.10044543054996545,0.0,0.7291096207788603,0.08330929650874777,0.0
0.7187952981105914,0.10044543054996545,0.0,0.7089817770655372,0.08340581068604432,0.0
0.7388095645196829,0.10073552014749676,0.0,0.728327460295985,0.11784848935741321,0.0
0.7388095645196829,0.10073552014749676,0.0,0.7491310421258865,0.0835881019018651,0.0
0.7388095645196829,0.10073552014749676,0.0,0.7291096207788603,0.08330929650874777,0.0
0.7388095645196829,0.10073552014749676,0.0,0.7587677983116972,0.10104949752087382,0.0
0.728327460295985,0.11784848935741321,0.0,0.7084990022919577,0.11747597814005027,0.0
0.728327460295985,0.11784848935741321,0.0,0.7180920249194228,0.13491409149612396,0.0
0.7898797377582675,0.04953530030259658,0.0,0.7994370808445003,0.06720447942712895,0.0
0.7898797377582675,0.04953530030259658,0.0,0.8097653924998763,0.050045836211703484,0.0
0.9654307101062103,0.08989767810893064,0.0,0.9827806800858336,0.0801282972043075,0.0
0.7491310421258865,0.0835881019018651,0.0,0.7691253858979786,0.08393341780474113,0.0
0.7491310421258865,0.0835881019018651,0.0,0.7291096207788603,0.08330929650874777,0.0
0.7491310421258865,0.0835881019018651,0.0,0.7587677983116972,0.10104949752087382,0.0
0.7691253858979786,0.08393341780474113,0.0,0.7890957771700793,0.08438408549466767,0.0
0.7691253858979786,0.08393341780474113,0.0,0.7587677983116972,0.10104949752087382,0.0
0.7084990022919577,0.11747597814005027,0.0,0.6988239064700242,0.10008771291095465,0.0
0.7084990022919577,0.11747597814005027,0.0,0.6885054116435543,0.11722471729996435,0.0
0.7084990022919577,0.11747597814005027,0.0,0.6981854034381355,0.13461896226361933,0.0
0.7084990022919577,0.11747597814005027,0.0,0.7180920249194228,0.13491409149612396,0.0
0.809099499349786,0.08475877919950378,0.0,0.8194415067624481,0.06757549030865131,0.0
0.809099499349786,0.08475877919950378,0.0,0.7994370808445003,0.06720447942712895,0.0
0.809099499349786,0.08475877919950378,0.0,0.7890957771700793,0.08438408549466767,0.0
0.809099499349786,0.08475877919950378,0.0,0.8291236280019335,0.08518370249084854,0.0
0.8194415067624481,0.06757549030865131,0.0,0.7994370808445003,0.06720447942712895,0.0
0.8194415067624481,0.06757549030865131,0.0,0.8097653924998763,0.050045836211703484,0.0
0.8194415067624481,0.06757549030865131,0.0,0.829763626083883,0.050411444918651536,0.0
0.8194415067624481,0.06757549030865131,0.0,0.839431666451547,0.06800807728572397,0.0
0.8194415067624481,0.06757549030865131,0.0,0.8291236280019335,0.08518370249084854,0.0
0.7994370808445003,0.06720447942712895,0.0,0.8097653924998763,0.050045836211703484,0.0
0.7994370808445003,0.06720447942712895,0.0,0.7890957771700793,0.08438408549466767,0.0
0.8097653924998763,0.050045836211703484,0.0,0.829763626083883,0.050411444918651536,0.0
0.6388218230355938,0.09985760288863763,0.0,0.6485131922046976,0.11654934168657309,0.0
0.6388218230355938,0.09985760288863763,0.0,0.6588209831844757,0.09992789890032083,0.0
0.6388218230355938,0.09985760288863763,0.0,0.6277848201201255,0.0855983410337739,0.0
0.4382304458764273,0.12978604104758845,0.0,0.4279118172393366,0.146920254489166,0.0
0.4382304458764273,0.12978604104758845,0.0,0.4485489617023631,0.11265189058536743,0.0
0.4382304458764273,0.12978604104758845,0.0,0.42855225373701294,0.11228225655257083,0.0
0.4382304458764273,0.12978604104758845,0.0,0.4182336984690807,0.12941865925985027,0.0
0.6781890464088747,0.13423701231173907,0.0,0.6678797697759878,0.15086996010152898,0.0
0.6781890464088747,0.13423701231173907,0.0,0.6581935292721832,0.1338336725209946,0.0
0.6781890464088747,0.13423701231173907,0.0,0.668508920832612,0.1168722609329035,0.0
0.6781890464088747,0.13423701231173907,0.0,0.6885054116435543,0.11722471729996435,0.0
0.6781890464088747,0.13423701231173907,0.0,0.6981854034381355,0.13461896226361933,0.0
0.6678797697759878,0.15086996010152898,0.0,0.6581935292721832,0.1338336725209946,0.0
0.6678797697759878,0.15086996010152898,0.0,0.6478910330170781,0.15008001687344025,0.0
0.6678797697759878,0.15086996010152898,0.0,0.6587574057317034,0.1641290412033896,0.0
0.6581935292721832,0.1338336725209946,0.0,0.6485131922046976,0.11654934168657309,0.0
0.6581935292721832,0.1338336725209946,0.0,0.668508920832612,0.1168722609329035,0.0
0.6581935292721832,0.1338336725209946,0.0,0.6478910330170781,0.15008001687344025,0.0
0.6581935292721832,0.1338336725209946,0.0,0.6381960797020685,0.13348471519121205,0.0
0.829763626083883,0.050411444918651536,0.0,0.839431666451547,0.06800807728572397,0.0
0.829763626083883,0.050411444918651536,0.0,0.8493504276124689,0.05064864024610015,0.0
0.839431666451547,0.06800807728572397,0.0,0.8291236280019335,0.08518370249084854,0.0
0.839431666451547,0.06800807728572397,0.0,0.8493504276124689,0.05064864024610015,0.0
0.839431666451547,0.06800807728572397,0.0,0.849136384051295,0.08573904634363776,0.0
0.9083399191337734,0.12127653126631845,0.0,0.8983299302931074,0.13819594303677613,0.0
0.9083399191337734,0.12127653126631845,0.0,0.8891140722832721,0.12088129769631242,0.0
0.9083399191337734,0.12127653126631845,0.0,0.8987933454840868,0.1037886899080038,0.0
0.9083399191337734,0.12127653126631845,0.0,0.9180059653153249,0.1046014188349033,0.0
0.9083399191337734,0.12127653126631845,0.0,0.9275336491109509,0.12207541154346084,0.0
0.9083399191337734,0.12127653126631845,0.0,0.9179709878917557,0.13877274048539687,0.0
0.8983299302931074,0.13819594303677613,0.0,0.8891140722832721,0.12088129769631242,0.0
0.8983299302931074,0.13819594303677613,0.0,0.9179709878917557,0.13877274048539687,0.0
0.8983299302931074,0.13819594303677613,0.0,0.9080894258857536,0.15491040384988072,0.0
0.8891140722832721,0.12088129769631242,0.0,0.878806009365719,0.10361109496694494,0.0
0.8891140722832721,0.12088129769631242,0.0,0.8987933454840868,0.1037886899080038,0.0
0.8291236280019335,0.08518370249084854,0.0,0.849136384051295,0.08573904634363776,0.0
0.878806009365719,0.10361109496694494,0.0,0.8987933454840868,0.1037886899080038,0.0
0.878806009365719,0.10361109496694494,0.0,0.889110837689149,0.0866319542417912,0.0
0.878806009365719,0.10361109496694494,0.0,0.8691235282208196,0.08638714692227695,0.0
0.6988239064700242,0.10008771291095465,0.0,0.6885054116435543,0.11722471729996435,0.0
0.6988239064700242,0.10008771291095465,0.0,0.6788178592699885,0.10024004932080051,0.0
0.6988239064700242,0.10008771291095465,0.0,0.7089817770655372,0.08340581068604432,0.0
0.8987933454840868,0.1037886899080038,0.0,0.889110837689149,0.0866319542417912,0.0
0.8987933454840868,0.1037886899080038,0.0,0.9090985589515386,0.08726079132978136,0.0
0.8987933454840868,0.1037886899080038,0.0,0.9180059653153249,0.1046014188349033,0.0
0.9379597422767759,0.13914115653744002,0.0,0.9272487460768027,0.15589081614580283,0.0
0.9379597422767759,0.13914115653744002,0.0,0.9275336491109509,0.12207541154346084,0.0
0.9379597422767759,0.13914115653744002,0.0,0.9179709878917557,0.13877274048539687,0.0
0.849136384051295,0.08573904634363776,0.0,0.8691235282208196,0.08638714692227695,0.0
0.6485131922046976,0.11654934168657309,0.0,0.668508920832612,0.1168722609329035,0.0
0.6485131922046976,0.11654934168657309,0.0,0.6588209831844757,0.09992789890032083,0.0
0.6485131922046976,0.11654934168657309,0.0,0.6381960797020685,0.13348471519121205,0.0
0.668508920832612,0.1168722609329035,0.0,0.6885054116435543,0.11722471729996435,0.0
0.668508920832612,0.1168722609329035,0.0,0.6788178592699885,0.10024004932080051,0.0
0.668508920832612,0.1168722609329035,0.0,0.6588209831844757,0.09992789890032083,0.0
0.4279118172393366,0.146920254489166,0.0,0.4182336984690807,0.12941865925985027,0.0
0.4279118172393366,0.146920254489166,0.0,0.4375998641998315,0.16388009191099606,0.0
0.4279118172393366,0.146920254489166,0.0,0.40783635385795897,0.14638014307947766,0.0
0.889110837689149,0.0866319542417912,0.0,0.9090985589515386,0.08726079132978136,0.0
0.889110837689149,0.0866319542417912,0.0,0.8691235282208196,0.08638714692227695,0.0
0.6885054116435543,0.11722471729996435,0.0,0.6981854034381355,0.13461896226361933,0.0
0.6885054116435543,0.11722471729996435,0.0,0.6788178592699885,0.10024004932080051,0.0
0.33888763900693675,0.09331301746327529,0.0,0.3188912360800593,0.09293315103797027,0.0
0.33888763900693675,0.09331301746327529,0.0,0.32899255678704337,0.07608319865819077,0.0
0.33888763900693675,0.09331301746327529,0.0,0.3485655514469408,0.11082326164923796,0.0
0.33888763900693675,0.09331301746327529,0.0,0.328569227709661,0.11043940129459176,0.0
0.33888763900693675,0.09331301746327529,0.0,0.34900444413250664,0.07726349700935022,0.0
0.33888763900693675,0.09331301746327529,0.0,0.35888336002445176,0.09372958014525437,0.0
0.3188912360800593,0.09293315103797027,0.0,0.32899255678704337,0.07608319865819077,0.0
0.3188912360800593,0.09293315103797027,0.0,0.328569227709661,0.11043940129459176,0.0
0.3188912360800593,0.09293315103797027,0.0,0.3085727158046168,0.11006564479079355,0.0
0.3188912360800593,0.09293315103797027,0.0,0.2988946864204039,0.09256106780117399,0.0
0.3188912360800593,0.09293315103797027,0.0,0.30921324412836854,0.07542678390309232,0.0
0.32899255678704337,0.07608319865819077,0.0,0.34900444413250664,0.07726349700935022,0.0
0.32899255678704337,0.07608319865819077,0.0,0.30921324412836854,0.07542678390309232,0.0
0.32899255678704337,0.07608319865819077,0.0,0.31931202499670297,0.05844148955761875,0.0
0.4485489617023631,0.11265189058536743,0.0,0.42855225373701294,0.11228225655257083,0.0
0.4485489617023631,0.11265189058536743,0.0,0.43887031372550006,0.09517498096419756,0.0
0.4485489617023631,0.11265189058536743,0.0,0.4588672486532196,0.09552230108468768,0.0
0.4485489617023631,0.11265189058536743,0.0,0.4685459869957484,0.11302211437926846,0.0
0.3485655514469408,0.11082326164923796,0.0,0.328569227709661,0.11043940129459176,0.0
0.3485655514469408,0.11082326164923796,0.0,0.3383336456388555,0.1274057691721792,0.0
0.3485655514469408,0.11082326164923796,0.0,0.35831661046508145,0.12819046576417886,0.0
0.3485655514469408,0.11082326164923796,0.0,0.3685614294648856,0.11123113850632285,0.0
0.3485655514469408,0.11082326164923796,0.0,0.35888336002445176,0.09372958014525437,0.0
0.328569227709661,0.11043940129459176,0.0,0.3383336456388555,0.1274057691721792,0.0
0.328569227709661,0.11043940129459176,0.0,0.31825627592382716,0.12727103420789218,0.0
0.328569227709661,0.11043940129459176,0.0,0.3085727158046168,0.11006564479079355,0.0
0.3383336456388555,0.1274057691721792,0.0,0.31825627592382716,0.12727103420789218,0.0
0.3383336456388555,0.1274057691721792,0.0,0.35831661046508145,0.12819046576417886,0.0
0.3383336456388555,0.1274057691721792,0.0,0.34757151005421283,0.14451288081733285,0.0
0.3383336456388555,0.1274057691721792,0.0,0.3275052600345386,0.14341161467524874,0.0
0.9272487460768027,0.15589081614580283,0.0,0.9179709878917557,0.13877274048539687,0.0
0.9272487460768027,0.15589081614580283,0.0,0.9080894258857536,0.15491040384988072,0.0
0.42855225373701294,0.11228225655257083,0.0,0.4182336984690807,0.12941865925985027,0.0
0.42855225373701294,0.11228225655257083,0.0,0.43887031372550006,0.09517498096419756,0.0
0.42855225373701294,0.11228225655257083,0.0,0.40855556905672796,0.11191780972410235,0.0
0.42855225373701294,0.11228225655257083,0.0,0.4188736396477162,0.09480978109530341,0.0
0.4182336984690807,0.12941865925985027,0.0,0.40855556905672796,0.11191780972410235,0.0
0.4182336984690807,0.12941865925985027,0.0,0.39823696252836815,0.12905498107497526,0.0
0.4182336984690807,0.12941865925985027,0.0,0.40783635385795897,0.14638014307947766,0.0
0.34900444413250664,0.07726349700935022,0.0,0.35888336002445176,0.09372958014525437,0.0
0.34900444413250664,0.07726349700935022,0.0,0.3594158149882524,0.0649366059450187,0.0
0.31825627592382716,0.12727103420789218,0.0,0.3085727158046168,0.11006564479079355,0.0
0.31825627592382716,0.12727103420789218,0.0,0.3275052600345386,0.14341161467524874,0.0
0.6981854034381355,0.13461896226361933,0.0,0.7180920249194228,0.13491409149612396,0.0
0.9090985589515386,0.08726079132978136,0.0,0.9180059653153249,0.1046014188349033,0.0
0.9180059653153249,0.1046014188349033,0.0,0.9275336491109509,0.12207541154346084,0.0
0.3085727158046168,0.11006564479079355,0.0,0.2988946864204039,0.09256106780117399,0.0
0.3085727158046168,0.11006564479079355,0.0,0.28857614781261365,0.10969485017852257,0.0
0.6788178592699885,0.10024004932080051,0.0,0.6588209831844757,0.09992789890032083,0.0
0.7291096207788603,0.08330929650874777,0.0,0.7089817770655372,0.08340581068604432,0.0
0.26922004885904766,0.07468669708699087,0.0,0.2892105431551401,0.07506085643581992,0.0
0.26922004885904766,0.07468669708699087,0.0,0.27952720883944315,0.05767047836424832,0.0
0.26922004885904766,0.07468669708699087,0.0,0.25890150821832075,0.09182084160931066,0.0
0.26922004885904766,0.07468669708699087,0.0,0.24922344368352775,0.07431687807557233,0.0
0.26922004885904766,0.07468669708699087,0.0,0.2788981018590969,0.09219075484513861,0.0
0.26922004885904766,0.07468669708699087,0.0,0.2595408338499678,0.05724502473622827,0.0
0.2892105431551401,0.07506085643581992,0.0,0.27952720883944315,0.05767047836424832,0.0
0.2892105431551401,0.07506085643581992,0.0,0.2988946864204039,0.09256106780117399,0.0
0.2892105431551401,0.07506085643581992,0.0,0.30921324412836854,0.07542678390309232,0.0
0.2892105431551401,0.07506085643581992,0.0,0.299498578107244,0.057947291101687455,0.0
0.2892105431551401,0.07506085643581992,0.0,0.2788981018590969,0.09219075484513861,0.0
0.27952720883944315,0.05767047836424832,0.0,0.299498578107244,0.057947291101687455,0.0
0.27952720883944315,0.05767047836424832,0.0,0.2595408338499678,0.05724502473622827,0.0
0.27952720883944315,0.05767047836424832,0.0,0.28983271015806616,0.04103432742241843,0.0
0.27952720883944315,0.05767047836424832,0.0,0.26985322042396254,0.0402436031776334,0.0
0.9275336491109509,0.12207541154346084,0.0,0.9179709878917557,0.13877274048539687,0.0
0.9179709878917557,0.13877274048539687,0.0,0.9080894258857536,0.15491040384988072,0.0
0.2988946864204039,0.09256106780117399,0.0,0.30921324412836854,0.07542678390309232,0.0
0.2988946864204039,0.09256106780117399,0.0,0.28857614781261365,0.10969485017852257,0.0
0.2988946864204039,0.09256106780117399,0.0,0.2788981018590969,0.09219075484513861,0.0
0.30921324412836854,0.07542678390309232,0.0,0.299498578107244,0.057947291101687455,0.0
0.30921324412836854,0.07542678390309232,0.0,0.31931202499670297,0.05844148955761875,0.0
0.25890150821832075,0.09182084160931066,0.0,0.24922344368352775,0.07431687807557233,0.0
0.25890150821832075,0.09182084160931066,0.0,0.26857956469455674,0.10932482142685732,0.0
0.25890150821832075,0.09182084160931066,0.0,0.2389049120499311,0.09145099929168883,0.0
0.25890150821832075,0.09182084160931066,0.0,0.2788981018590969,0.09219075484513861,0.0
0.25890150821832075,0.09182084160931066,0.0,0.2485829773255798,0.10895496236317315,0.0
0.24922344368352775,0.07431687807557233,0.0,0.2389049120499311,0.09145099929168883,0.0
0.24922344368352775,0.07431687807557233,0.0,0.22922683766007526,0.07394704795250792,0.0
0.24922344368352775,0.07431687807557233,0.0,0.23954536900970091,0.05681295576809115,0.0
0.24922344368352775,0.07431687807557233,0.0,0.2595408338499678,0.05724502473622827,0.0
0.28857614781261365,0.10969485017852257,0.0,0.26857956469455674,0.10932482142685732,0.0
0.28857614781261365,0.10969485017852257,0.0,0.2773762772576992,0.12616141989030874,0.0
0.28857614781261365,0.10969485017852257,0.0,0.2788981018590969,0.09219075484513861,0.0
0.26857956469455674,0.10932482142685732,0.0,0.2773762772576992,0.12616141989030874,0.0
0.26857956469455674,0.10932482142685732,0.0,0.2788981018590969,0.09219075484513861,0.0
0.26857956469455674,0.10932482142685732,0.0,0.2485829773255798,0.10895496236317315,0.0
0.26857956469455674,0.10932482142685732,0.0,0.2570738380048235,0.12562146043200223,0.0
0.2773762772576992,0.12616141989030874,0.0,0.2570738380048235,0.12562146043200223,0.0
0.2773762772576992,0.12616141989030874,0.0,0.26542371921250696,0.1418227717396358,0.0
0.4375998641998315,0.16388009191099606,0.0,0.45759977057771867,0.16407484593832605,0.0
0.4375998641998315,0.16388009191099606,0.0,0.44737246957180515,0.17626964957642235,0.0
0.299498578107244,0.057947291101687455,0.0,0.31931202499670297,0.05844148955761875,0.0
0.299498578107244,0.057947291101687455,0.0,0.30980142387338555,0.04133741183912075,0.0
0.299498578107244,0.057947291101687455,0.0,0.28983271015806616,0.04103432742241843,0.0
0.17891596867054685,0.09029566791951553,0.0,0.18923376931983432,0.07319968085831174,0.0
0.17891596867054685,0.09029566791951553,0.0,0.1692374355025988,0.072815328997173,0.0
0.17891596867054685,0.09029566791951553,0.0,0.1589196807361927,0.08990924000355775,0.0
0.17891596867054685,0.09029566791951553,0.0,0.16860267720971456,0.1071479292959417,0.0
0.17891596867054685,0.09029566791951553,0.0,0.19891171893197865,0.09071127101561334,0.0
0.17891596867054685,0.09029566791951553,0.0,0.18859828022964076,0.10757116292893597,0.0
0.18923376931983432,0.07319968085831174,0.0,0.1692374355025988,0.072815328997173,0.0
0.18923376931983432,0.07319968085831174,0.0,0.1995511757530288,0.056125340664601134,0.0
0.18923376931983432,0.07319968085831174,0.0,0.20923009510625828,0.07358460279690292,0.0
0.18923376931983432,0.07319968085831174,0.0,0.17955714216008803,0.055898391898265155,0.0
0.18923376931983432,0.07319968085831174,0.0,0.19891171893197865,0.09071127101561334,0.0
0.1692374355025988,0.072815328997173,0.0,0.1492406883017177,0.07245354719892151,0.0
0.1692374355025988,0.072815328997173,0.0,0.1589196807361927,0.08990924000355775,0.0
0.1692374355025988,0.072815328997173,0.0,0.17955714216008803,0.055898391898265155,0.0
0.1692374355025988,0.072815328997173,0.0,0.1595589765779646,0.05533049968559034,0.0
0.1389223325643329,0.08958030979670283,0.0,0.1492406883017177,0.07245354719892151,0.0
0.1389223325643329,0.08958030979670283,0.0,0.12924397076998648,0.07209045580399133,0.0
0.1389223325643329,0.08958030979670283,0.0,0.1589196807361927,0.08990924000355775,0.0
0.1389223325643329,0.08958030979670283,0.0,0.14860123517481863,0.10704055333505647,0.0
0.1389223325643329,0.08958030979670283,0.0,0.12860371372968954,0.10672120320375966,0.0
0.1389223325643329,0.08958030979670283,0.0,0.11892546439440158,0.08922563151730663,0.0
0.1492406883017177,0.07245354719892151,0.0,0.12924397076998648,0.07209045580399133,0.0
0.1492406883017177,0.07245354719892151,0.0,0.1589196807361927,0.08990924000355775,0.0
0.1492406883017177,0.07245354719892151,0.0,0.13956238910441268,0.05495995903089674,0.0
0.1492406883017177,0.07245354719892151,0.0,0.1595589765779646,0.05533049968559034,0.0
0.12924397076998648,0.07209045580399133,0.0,0.10924727968095471,0.07172630399024103,0.0
0.12924397076998648,0.07209045580399133,0.0,0.11941024570795314,0.05432463803103477,0.0
0.12924397076998648,0.07209045580399133,0.0,0.13956238910441268,0.05495995903089674,0.0
0.12924397076998648,0.07209045580399133,0.0,0.11892546439440158,0.08922563151730663,0.0
0.10924727968095471,0.07172630399024103,0.0,0.11941024570795314,0.05432463803103477,0.0
0.10924727968095471,0.07172630399024103,0.0,0.09893939500457752,0.05472368335123239,0.0
0.10924727968095471,0.07172630399024103,0.0,0.08914602467978978,0.07153173760943898,0.0
0.10924727968095471,0.07172630399024103,0.0,0.0989288026355459,0.08886006259086784,0.0
0.10924727968095471,0.07172630399024103,0.0,0.11892546439440158,0.08922563151730663,0.0
0.11941024570795314,0.05432463803103477,0.0,0.09893939500457752,0.05472368335123239,0.0
0.11941024570795314,0.05432463803103477,0.0,0.13956238910441268,0.05495995903089674,0.0
0.09893939500457752,0.05472368335123239,0.0,0.08914602467978978,0.07153173760943898,0.0
0.09893939500457752,0.05472368335123239,0.0,0.07957435057938027,0.05440150330877465,0.0
0.22858638876599005,0.1085851182956672,0.0,0.2085897997043958,0.10821525277314231,0.0
0.22858638876599005,0.1085851182956672,0.0,0.2389049120499311,0.09145099929168883,0.0
0.22858638876599005,0.1085851182956672,0.0,0.21890831526247867,0.09108114819577369,0.0
0.22858638876599005,0.1085851182956672,0.0,0.23732169423769467,0.12552310905043268,0.0
0.22858638876599005,0.1085851182956672,0.0,0.2485829773255798,0.10895496236317315,0.0
0.2085897997043958,0.10821525277314231,0.0,0.21890831526247867,0.09108114819577369,0.0
0.2085897997043958,0.10821525277314231,0.0,0.19891171893197865,0.09071127101561334,0.0
0.2085897997043958,0.10821525277314231,0.0,0.18859828022964076,0.10757116292893597,0.0
0.08914602467978978,0.07153173760943898,0.0,0.0989288026355459,0.08886006259086784,0.0
0.08914602467978978,0.07153173760943898,0.0,0.07893220602060531,0.08849128624157004,0.0
0.08914602467978978,0.07153173760943898,0.0,0.06925411470412052,0.07098759527284054,0.0
0.08914602467978978,0.07153173760943898,0.0,0.07957435057938027,0.05440150330877465,0.0
0.21954875315928504,0.05644311230038689,0.0,0.1995511757530288,0.056125340664601134,0.0
0.21954875315928504,0.05644311230038689,0.0,0.20923009510625828,0.07358460279690292,0.0
0.21954875315928504,0.05644311230038689,0.0,0.22922683766007526,0.07394704795250792,0.0
0.21954875315928504,0.05644311230038689,0.0,0.2298672838930874,0.03930904739404806,0.0
0.21954875315928504,0.05644311230038689,0.0,0.2098647374244081,0.03925943095389196,0.0
0.21954875315928504,0.05644311230038689,0.0,0.23954536900970091,0.05681295576809115,0.0
0.1995511757530288,0.056125340664601134,0.0,0.20923009510625828,0.07358460279690292,0.0
0.1995511757530288,0.056125340664601134,0.0,0.17955714216008803,0.055898391898265155,0.0
0.1995511757530288,0.056125340664601134,0.0,0.2098647374244081,0.03925943095389196,0.0
0.1995511757530288,0.056125340664601134,0.0,0.18985992033938653,0.039568060283560615,0.0
0.20923009510625828,0.07358460279690292,0.0,0.21890831526247867,0.09108114819577369,0.0
0.20923009510625828,0.07358460279690292,0.0,0.22922683766007526,0.07394704795250792,0.0
0.20923009510625828,0.07358460279690292,0.0,0.19891171893197865,0.09071127101561334,0.0
0.35831661046508145,0.12819046576417886,0.0,0.3685614294648856,0.11123113850632285,0.0
0.35831661046508145,0.12819046576417886,0.0,0.3782405313104939,0.12867711024579198,0.0
0.35831661046508145,0.12819046576417886,0.0,0.34757151005421283,0.14451288081733285,0.0
0.2389049120499311,0.09145099929168883,0.0,0.21890831526247867,0.09108114819577369,0.0
0.2389049120499311,0.09145099929168883,0.0,0.22922683766007526,0.07394704795250792,0.0
0.2389049120499311,0.09145099929168883,0.0,0.2485829773255798,0.10895496236317315,0.0
0.21890831526247867,0.09108114819577369,0.0,0.22922683766007526,0.07394704795250792,0.0
0.21890831526247867,0.09108114819577369,0.0,0.19891171893197865,0.09071127101561334,0.0
0.22922683766007526,0.07394704795250792,0.0,0.23954536900970091,0.05681295576809115,0.0
0.23732169423769467,0.12552310905043268,0.0,0.2485829773255798,0.10895496236317315,0.0
0.23732169423769467,0.12552310905043268,0.0,0.2570738380048235,0.12562146043200223,0.0
0.23732169423769467,0.12552310905043268,0.0,0.24533226646018202,0.14173897645440311,0.0
0.1589196807361927,0.08990924000355775,0.0,0.14860123517481863,0.10704055333505647,0.0
0.1589196807361927,0.08990924000355775,0.0,0.16860267720971456,0.1071479292959417,0.0
0.14860123517481863,0.10704055333505647,0.0,0.16860267720971456,0.1071479292959417,0.0
0.14860123517481863,0.10704055333505647,0.0,0.12860371372968954,0.10672120320375966,0.0
0.13956238910441268,0.05495995903089674,0.0,0.1595589765779646,0.05533049968559034,0.0
0.13956238910441268,0.05495995903089674,0.0,0.14998433030837266,0.03908750018282032,0.0
0.07829179068495491,0.12312956767910813,0.0,0.09845336756914022,0.12229491316733068,0.0
0.07829179068495491,0.12312956767910813,0.0,0.08861029994910317,0.10599485601336985,0.0
0.07829179068495491,0.12312956767910813,0.0,0.0686137117594691,0.10562555344977256,0.0
0.07829179068495491,0.12312956767910813,0.0,0.06797328185385243,0.1402637600789621,0.0
0.07829179068495491,0.12312956767910813,0.0,0.05829520839593559,0.12275981008690073,0.0
0.09845336756914022,0.12229491316733068,0.0,0.08861029994910317,0.10599485601336985,0.0
0.09845336756914022,0.12229491316733068,0.0,0.1086069273684338,0.10636223482799322,0.0
0.09845336756914022,0.12229491316733068,0.0,0.11829383318274883,0.1233892252265838,0.0
0.09845336756914022,0.12229491316733068,0.0,0.10899158948525106,0.136749207948031,0.0
0.04797669870905929,0.13989387991486513,0.0,0.057660483954652564,0.15708857795960982,0.0
0.04797669870905929,0.13989387991486513,0.0,0.06797328185385243,0.1402637600789621,0.0
0.04797669870905929,0.13989387991486513,0.0,0.05829520839593559,0.12275981008690073,0.0
0.057660483954652564,0.15708857795960982,0.0,0.06797328185385243,0.1402637600789621,0.0
0.6478910330170781,0.15008001687344025,0.0,0.6278864487847455,0.15013923958572473,0.0
0.6478910330170781,0.15008001687344025,0.0,0.6381960797020685,0.13348471519121205,0.0
0.6478910330170781,0.15008001687344025,0.0,0.6587574057317034,0.1641290412033896,0.0
0.6278864487847455,0.15013923958572473,0.0,0.6381960797020685,0.13348471519121205,0.0
0.6278864487847455,0.15013923958572473,0.0,0.6182140504218869,0.13307710411326543,0.0
0.6278864487847455,0.15013923958572473,0.0,0.6078959959161906,0.14983114943685222,0.0
0.0589356307267786,0.08812166893932422,0.0,0.04968636212503205,0.0705832483423392,0.0
0.0589356307267786,0.08812166893932422,0.0,0.07893220602060531,0.08849128624157004,0.0
0.0589356307267786,0.08812166893932422,0.0,0.0686137117594691,0.10562555344977256,0.0
0.0589356307267786,0.08812166893932422,0.0,0.04861713478893713,0.10525585846368635,0.0
0.0589356307267786,0.08812166893932422,0.0,0.06925411470412052,0.07098759527284054,0.0
0.04968636212503205,0.0705832483423392,0.0,0.06925411470412052,0.07098759527284054,0.0
0.04968636212503205,0.0705832483423392,0.0,0.059632246349868495,0.05430286059891378,0.0
0.3988728511054502,0.09466765312185303,0.0,0.388558268947401,0.11158693726889199,0.0
0.3988728511054502,0.09466765312185303,0.0,0.37887544876428264,0.09434237713640302,0.0
0.3988728511054502,0.09466765312185303,0.0,0.40855556905672796,0.11191780972410235,0.0
0.3988728511054502,0.09466765312185303,0.0,0.4188736396477162,0.09480978109530341,0.0
0.388558268947401,0.11158693726889199,0.0,0.37887544876428264,0.09434237713640302,0.0
0.388558268947401,0.11158693726889199,0.0,0.3685614294648856,0.11123113850632285,0.0
0.388558268947401,0.11158693726889199,0.0,0.3782405313104939,0.12867711024579198,0.0
0.388558268947401,0.11158693726889199,0.0,0.40855556905672796,0.11191780972410235,0.0
0.388558268947401,0.11158693726889199,0.0,0.39823696252836815,0.12905498107497526,0.0
0.37887544876428264,0.09434237713640302,0.0,0.3685614294648856,0.11123113850632285,0.0
0.37887544876428264,0.09434237713640302,0.0,0.35888336002445176,0.09372958014525437,0.0
0.3685614294648856,0.11123113850632285,0.0,0.3782405313104939,0.12867711024579198,0.0
0.3685614294648856,0.11123113850632285,0.0,0.35888336002445176,0.09372958014525437,0.0
0.3782405313104939,0.12867711024579198,0.0,0.39823696252836815,0.12905498107497526,0.0
0.3782405313104939,0.12867711024579198,0.0,0.3879244110264754,0.14617909283383712,0.0
0.16860267720971456,0.1071479292959417,0.0,0.18859828022964076,0.10757116292893597,0.0
0.0989288026355459,0.08886006259086784,0.0,0.08861029994910317,0.10599485601336985,0.0
0.0989288026355459,0.08886006259086784,0.0,0.07893220602060531,0.08849128624157004,0.0
0.0989288026355459,0.08886006259086784,0.0,0.11892546439440158,0.08922563151730663,0.0
0.0989288026355459,0.08886006259086784,0.0,0.1086069273684338,0.10636223482799322,0.0
0.08861029994910317,0.10599485601336985,0.0,0.07893220602060531,0.08849128624157004,0.0
0.08861029994910317,0.10599485601336985,0.0,0.0686137117594691,0.10562555344977256,0.0
0.08861029994910317,0.10599485601336985,0.0,0.1086069273684338,0.10636223482799322,0.0
0.07893220602060531,0.08849128624157004,0.0,0.0686137117594691,0.10562555344977256,0.0
0.07893220602060531,0.08849128624157004,0.0,0.06925411470412052,0.07098759527284054,0.0
0.0686137117594691,0.10562555344977256,0.0,0.04861713478893713,0.10525585846368635,0.0
0.0686137117594691,0.10562555344977256,0.0,0.05829520839593559,0.12275981008690073,0.0
0.17955714216008803,0.055898391898265155,0.0,0.1595589765779646,0.05533049968559034,0.0
0.17955714216008803,0.055898391898265155,0.0,0.16988746266242993,0.03935020045448498,0.0
0.17955714216008803,0.055898391898265155,0.0,0.18985992033938653,0.039568060283560615,0.0
0.04861713478893713,0.10525585846368635,0.0,0.05829520839593559,0.12275981008690073,0.0
0.2298672838930874,0.03930904739404806,0.0,0.2098647374244081,0.03925943095389196,0.0
0.2298672838930874,0.03930904739404806,0.0,0.23954536900970091,0.05681295576809115,0.0
0.2298672838930874,0.03930904739404806,0.0,0.24985700368537297,0.04005241491782252,0.0
0.2098647374244081,0.03925943095389196,0.0,0.18985992033938653,0.039568060283560615,0.0
0.2098647374244081,0.03925943095389196,0.0,0.19992602377351074,0.024394265787134776,0.0
0.23954536900970091,0.05681295576809115,0.0,0.2595408338499678,0.05724502473622827,0.0
0.23954536900970091,0.05681295576809115,0.0,0.24985700368537297,0.04005241491782252,0.0
0.31931202499670297,0.05844148955761875,0.0,0.30980142387338555,0.04133741183912075,0.0
0.30980142387338555,0.04133741183912075,0.0,0.28983271015806616,0.04103432742241843,0.0
0.43887031372550006,0.09517498096419756,0.0,0.4588672486532196,0.09552230108468768,0.0
0.43887031372550006,0.09517498096419756,0.0,0.4188736396477162,0.09480978109530341,0.0
0.4588672486532196,0.09552230108468768,0.0,0.4685459869957484,0.11302211437926846,0.0
0.4588672486532196,0.09552230108468768,0.0,0.46917750121744367,0.07838649022477136,0.0
0.12860371372968954,0.10672120320375966,0.0,0.11892546439440158,0.08922563151730663,0.0
0.12860371372968954,0.10672120320375966,0.0,0.1086069273684338,0.10636223482799322,0.0
0.12860371372968954,0.10672120320375966,0.0,0.11829383318274883,0.1233892252265838,0.0
0.11892546439440158,0.08922563151730663,0.0,0.1086069273684338,0.10636223482799322,0.0
0.06925411470412052,0.07098759527284054,0.0,0.059632246349868495,0.05430286059891378,0.0
0.06925411470412052,0.07098759527284054,0.0,0.07957435057938027,0.05440150330877465,0.0
0.06797328185385243,0.1402637600789621,0.0,0.05829520839593559,0.12275981008690073,0.0
0.059632246349868495,0.05430286059891378,0.0,0.07957435057938027,0.05440150330877465,0.0
0.6381960797020685,0.13348471519121205,0.0,0.6182140504218869,0.13307710411326543,0.0
0.2595408338499678,0.05724502473622827,0.0,0.24985700368537297,0.04005241491782252,0.0
0.2595408338499678,0.05724502473622827,0.0,0.26985322042396254,0.0402436031776334,0.0
0.40855556905672796,0.11191780972410235,0.0,0.4188736396477162,0.09480978109530341,0.0
0.40855556905672796,0.11191780972410235,0.0,0.39823696252836815,0.12905498107497526,0.0
0.19891171893197865,0.09071127101561334,0.0,0.18859828022964076,0.10757116292893597,0.0
0.1086069273684338,0.10636223482799322,0.0,0.11829383318274883,0.1233892252265838,0.0
0.11829383318274883,0.1233892252265838,0.0,0.10899158948525106,0.136749207948031,0.0
0.11829383318274883,0.1233892252265838,0.0,0.12743454564397155,0.13528808593196637,0.0
0.1595589765779646,0.05533049968559034,0.0,0.14998433030837266,0.03908750018282032,0.0
0.1595589765779646,0.05533049968559034,0.0,0.16988746266242993,0.03935020045448498,0.0
0.14998433030837266,0.03908750018282032,0.0,0.16988746266242993,0.03935020045448498,0.0
0.14998433030837266,0.03908750018282032,0.0,0.14102458503612694,0.026099259841606964,0.0
0.14998433030837266,0.03908750018282032,0.0,0.1597017858302702,0.025767007528973967,0.0
0.16988746266242993,0.03935020045448498,0.0,0.18985992033938653,0.039568060283560615,0.0
0.16988746266242993,0.03935020045448498,0.0,0.17945608011774458,0.024862591840114735,0.0
0.16988746266242993,0.03935020045448498,0.0,0.1597017858302702,0.025767007528973967,0.0
0.2485829773255798,0.10895496236317315,0.0,0.2570738380048235,0.12562146043200223,0.0
0.24985700368537297,0.04005241491782252,0.0,0.26985322042396254,0.0402436031776334,0.0
0.39823696252836815,0.12905498107497526,0.0,0.3879244110264754,0.14617909283383712,0.0
0.39823696252836815,0.12905498107497526,0.0,0.40783635385795897,0.14638014307947766,0.0
0.2570738380048235,0.12562146043200223,0.0,0.24533226646018202,0.14173897645440311,0.0
0.2570738380048235,0.12562146043200223,0.0,0.26542371921250696,0.1418227717396358,0.0
0.18985992033938653,0.039568060283560615,0.0,0.19992602377351074,0.024394265787134776,0.0
0.18985992033938653,0.039568060283560615,0.0,0.17945608011774458,0.024862591840114735,0.0
0.3879244110264754,0.14617909283383712,0.0,0.40783635385795897,0.14638014307947766,0.0
0.28983271015806616,0.04103432742241843,0.0,0.26985322042396254,0.0402436031776334,0.0
0.5878919423069311,0.14980585751257194,0.0,0.6078959959161906,0.14983114943685222,0.0
0.5878919423069311,0.14980585751257194,0.0,0.5782684174044065,0.13229258563379778,0.0
0.5878919423069311,0.14980585751257194,0.0,0.5678878181077279,0.14950891133850192,0.0
0.6182140504218869,0.13307710411326543,0.0,0.6078959959161906,0.14983114943685222,0.0
0.45759977057771867,0.16407484593832605,0.0,0.44737246957180515,0.17626964957642235,0.0
0.45759977057771867,0.16407484593832605,0.0,0.46736086430161944,0.17708238921009847,0.0
1.0,0.0899900253485901,0.0,1.0,0.06998828325631597,0.0
1.0,0.0899900253485901,0.0,0.9827806800858336,0.0801282972043075,0.0
1.0,0.04998651593693475,0.0,1.0,0.06998828325631597,0.0
1.0,0.04998651593693475,0.0,0.983214822146058,0.06091464160085579,0.0
1.0,0.04998651593693475,0.0,1.0,0.029984718754387185,0.0
1.0,0.06998828325631597,0.0,0.983214822146058,0.06091464160085579,0.0
1.0,0.06998828325631597,0.0,0.9827806800858336,0.0801282972043075,0.0
0.983214822146058,0.06091464160085579,0.0,0.9827806800858336,0.0801282972043075,0.0
0.5782684174044065,0.13229258563379778,0.0,0.5678878181077279,0.14950891133850192,0.0
0.5678878181077279,0.14950891133850192,0.0,0.5478967251268091,0.14906826926749533,0.0
0.5678878181077279,0.14950891133850192,0.0,0.5574400338785687,0.16497248548914115,0.0
0.49757954522693026,0.16553336902777782,0.0,0.4873431784647081,0.178224038474884,0.0
0.49757954522693026,0.16553336902777782,0.0,0.5074984654534868,0.17869344266111192,0.0
0.5382305084026077,0.1316254303317111,0.0,0.5478967251268091,0.14906826926749533,0.0
0.5478967251268091,0.14906826926749533,0.0,0.5574400338785687,0.16497248548914115,0.0
0.5574400338785687,0.16497248548914115,0.0,0.5649921659073073,0.17852697275360227,0.0
0.5574400338785687,0.16497248548914115,0.0,0.547378560945122,0.17865129836442614,0.0
0.46917750121744367,0.07838649022477136,0.0,0.4794835777547853,0.06126552657256207,0.0
0.12108694291458454,0.14971140693489426,0.0,0.10899158948525106,0.136749207948031,0.0
0.12108694291458454,0.14971140693489426,0.0,0.12743454564397155,0.13528808593196637,0.0
0.9179679516404494,0.03908504148914924,0.0,0.9097725597010898,0.021333446847999663,0.0
0.9179679516404494,0.03908504148914924,0.0,0.9295443526815671,0.023451995538384986,0.0
0.9097725597010898,0.021333446847999663,0.0,0.9295443526815671,0.023451995538384986,0.0
0.9097725597010898,0.021333446847999663,0.0,0.9018962525822585,0.0032987262265301285,0.0
0.9097725597010898,0.021333446847999663,0.0,0.9214516970814995,0.0054942304602388576,0.0
0.14496579117545344,0.18029034682899606,0.0,0.1372078753933555,0.1984719233079192,0.0
0.14496579117545344,0.18029034682899606,0.0,0.1567512396874989,0.1961150489967212,0.0
0.9295443526815671,0.023451995538384986,0.0,0.9214516970814995,0.0054942304602388576,0.0
0.2549212071454445,0.1900191158946087,0.0,0.2352375608496372,0.1901715774166525,0.0
0.2352375608496372,0.1901715774166525,0.0,0.2155675444190997,0.1909215933815534,0.0
0.49032790285568967,0.009909093478124239,0.0,0.5100055027961153,0.009903926561403103,0.0
0.5100055027961153,0.009903926561403103,0.0,0.5296737536950528,0.009295639556945616,0.0
0.020008548415107453,0.009668428617265008,0.0,0.03966556847312165,0.008766091966323868,0.0
0.020008548415107453,0.009668428617265008,0.0,0.00033344424550632893,0.009982779296787142,0.0
0.020008548415107453,0.009668428617265008,0.0,0.014572737497951517,0.023970331986203,0.0
0.03966556847312165,0.008766091966323868,0.0,0.05929122843812331,0.007333212751997812,0.0
0.10578076254235362,0.18550843492346153,0.0,0.1176755593694548,0.2009191173322832,0.0
0.10578076254235362,0.18550843492346153,0.0,0.09813655032930213,0.2033120093872453,0.0
0.2155675444190997,0.1909215933815534,0.0,0.1959260328513177,0.1922212147213933,0.0
0.5296737536950528,0.009295639556945616,0.0,0.54931659569225,0.008123200817853518,0.0
0.1176755593694548,0.2009191173322832,0.0,0.1372078753933555,0.1984719233079192,0.0
0.1176755593694548,0.2009191173322832,0.0,0.09813655032930213,0.2033120093872453,0.0
0.1372078753933555,0.1984719233079192,0.0,0.1567512396874989,0.1961150489967212,0.0
3.334444814934153e-05,0.189998390491055,0.0,0.014343825428424394,0.1747633595844479,0.0
3.334444814934153e-05,0.189998390491055,0.0,0.011954366446476692,0.19775513970050046,0.0
3.334444814934153e-05,0.189998390491055,0.0,2.0472409053924972e-25,0.21,0.0
0.1959260328513177,0.1922212147213933,0.0,0.1763208908223542,0.1939886762133007,0.0
0.6861187615548019,0.1930527247722307,0.0,0.6724327894312268,0.17774340820492765,0.0
0.6861187615548019,0.1930527247722307,0.0,0.6665320285254098,0.1950146595390509,0.0
0.6724327894312268,0.17774340820492765,0.0,0.6665320285254098,0.1950146595390509,0.0
0.6724327894312268,0.17774340820492765,0.0,0.6531431266047857,0.18098467100127674,0.0
0.6724327894312268,0.17774340820492765,0.0,0.6587574057317034,0.1641290412033896,0.0
0.3530228816138251,0.1972732469543295,0.0,0.3725585682950345,0.1996932487804034,0.0
0.1763208908223542,0.1939886762133007,0.0,0.1567512396874989,0.1961150489967212,0.0
0.6079079889629149,0.2021313692806051,0.0,0.6274414338011367,0.1996932485171144,0.0
0.6079079889629149,0.2021313692806051,0.0,0.5883592993452134,0.204443428867555,0.0
0.6274414338011367,0.1996932485171144,0.0,0.6469771203754761,0.1972732467138197,0.0
0.8823244412923026,0.2009191174150899,0.0,0.901863450217593,0.2033120094520914,0.0
0.8823244412923026,0.2009191174150899,0.0,0.8772077795479521,0.1870814567603949,0.0
0.901863450217593,0.2033120094520914,0.0,0.921425379683128,0.2055086350647987,0.0
0.6469771203754761,0.1972732467138197,0.0,0.6665320285254098,0.1950146595390509,0.0
0.6469771203754761,0.1972732467138197,0.0,0.6531431266047857,0.18098467100127674,0.0
0.6665320285254098,0.1950146595390509,0.0,0.6531431266047857,0.18098467100127674,0.0
0.6531431266047857,0.18098467100127674,0.0,0.6587574057317034,0.1641290412033896,0.0
0.07857462076905876,0.2055086350173741,0.0,0.09813655032930213,0.2033120093872453,0.0
0.07857462076905876,0.2055086350173741,0.0,0.05897878113556556,0.2073769316422593,0.0
0.4312186625324201,0.2064914855210821,0.0,0.4508331653730723,0.2081512657305875,0.0
0.4312186625324201,0.2064914855210821,0.0,0.44001581930511957,0.19163783835983997,0.0
0.568781339891721,0.2064914852893641,0.0,0.5883592993452134,0.204443428867555,0.0
0.568781339891721,0.2064914852893641,0.0,0.5491668371792392,0.2081512655447921,0.0
0.568781339891721,0.2064914852893641,0.0,0.5575773360407924,0.1908137180749757,0.0
0.921425379683128,0.2055086350647987,0.0,0.9410212191544387,0.2073769316668632,0.0
0.9410212191544387,0.2073769316668632,0.0,0.9509069546023112,0.19540647441947315,0.0
0.03934595430376511,0.2088023656195966,0.0,0.05897878113556556,0.2073769316422593,0.0
0.03934595430376511,0.2088023656195966,0.0,0.01968189381931244,0.2096956954280177,0.0
0.4508331653730723,0.2081512657305875,0.0,0.4704828605194097,0.2093199306346598,0.0
0.4508331653730723,0.2081512657305875,0.0,0.4598828581935479,0.1924677069801647,0.0
0.4508331653730723,0.2081512657305875,0.0,0.44001581930511957,0.19163783835983997,0.0
0.4704828605194097,0.2093199306346598,0.0,0.4598828581935479,0.1924677069801647,0.0
0.4704828605194097,0.2093199306346598,0.0,0.4901578846305079,0.2099236141418919,0.0
0.4704828605194097,0.2093199306346598,0.0,0.4790569863318163,0.19347118749019215,0.0
0.4598828581935479,0.1924677069801647,0.0,0.44001581930511957,0.19163783835983997,0.0
0.4598828581935479,0.1924677069801647,0.0,0.44737246957180515,0.17626964957642235,0.0
0.4598828581935479,0.1924677069801647,0.0,0.4790569863318163,0.19347118749019215,0.0
0.4598828581935479,0.1924677069801647,0.0,0.46736086430161944,0.17708238921009847,0.0
0.5295171421655228,0.2093199305123607,0.0,0.5491668371792392,0.2081512655447921,0.0
0.5295171421655228,0.2093199305123607,0.0,0.5383415223666813,0.1924720462234729,0.0
0.5295171421655228,0.2093199305123607,0.0,0.5098421182743784,0.209923614096859,0.0
0.5295171421655228,0.2093199305123607,0.0,0.5185821708443358,0.19383048164694908,0.0
0.5491668371792392,0.2081512655447921,0.0,0.5383415223666813,0.1924720462234729,0.0
0.5491668371792392,0.2081512655447921,0.0,0.5575773360407924,0.1908137180749757,0.0
0.5383415223666813,0.1924720462234729,0.0,0.5575773360407924,0.1908137180749757,0.0
0.5383415223666813,0.1924720462234729,0.0,0.5185821708443358,0.19383048164694908,0.0
0.5383415223666813,0.1924720462234729,0.0,0.5274549802163522,0.1790614086781959,0.0
0.5383415223666813,0.1924720462234729,0.0,0.547378560945122,0.17865129836442614,0.0
0.4901578846305079,0.2099236141418919,0.0,0.5098421182743784,0.209923614096859,0.0
0.4901578846305079,0.2099236141418919,0.0,0.4991142773529616,0.19380948245839308,0.0
0.4901578846305079,0.2099236141418919,0.0,0.4790569863318163,0.19347118749019215,0.0
0.5098421182743784,0.209923614096859,0.0,0.4991142773529616,0.19380948245839308,0.0
0.5098421182743784,0.209923614096859,0.0,0.5185821708443358,0.19383048164694908,0.0
0.4991142773529616,0.19380948245839308,0.0,0.4790569863318163,0.19347118749019215,0.0
0.4991142773529616,0.19380948245839308,0.0,0.5185821708443358,0.19383048164694908,0.0
0.4991142773529616,0.19380948245839308,0.0,0.4873431784647081,0.178224038474884,0.0
0.4991142773529616,0.19380948245839308,0.0,0.5074984654534868,0.17869344266111192,0.0
0.1179671501728716,0.000865448113328706,0.0,0.1374930259806137,-0.0015806533955279082,0.0
0.1179671501728716,0.000865448113328706,0.0,0.09843487082434452,0.0032594416331455257,0.0
0.1374930259806137,-0.0015806533955279082,0.0,0.15703021216339264,-0.00393439853799936,0.0
0.1374930259806137,-0.0015806533955279082,0.0,0.14927238802703482,0.013933738729740535,0.0
0.3727665018633827,-0.00029780867680233357,0.0,0.35323740190710473,-0.0027179794198879687,0.0
0.8823637147826019,0.0009068557084319512,0.0,0.9018962525822585,0.0032987262265301285,0.0
0.9018962525822585,0.0032987262265301285,0.0,0.9214516970814995,0.0054942304602388576,0.0
0.3336892442568636,-0.004978381666331094,0.0,0.35323740190710473,-0.0027179794198879687,0.0
0.3336892442568636,-0.004978381666331094,0.0,0.31410937356582663,-0.0069437815004049636,0.0
0.07887992491300332,0.00545941029042756,0.0,0.09843487082434452,0.0032594416331455257,0.0
0.07887992491300332,0.00545941029042756,0.0,0.05929122843812331,0.007333212751997812,0.0
0.15703021216339264,-0.00393439853799936,0.0,0.17659386451959352,-0.006055861141447754,0.0
0.15703021216339264,-0.00393439853799936,0.0,0.16858588146831624,0.011268738881735045,0.0
0.15703021216339264,-0.00393439853799936,0.0,0.14927238802703482,0.013933738729740535,0.0
0.17659386451959352,-0.006055861141447754,0.0,0.16858588146831624,0.011268738881735045,0.0
0.17659386451959352,-0.006055861141447754,0.0,0.19619307006209313,-0.00781697908772725,0.0
0.17659386451959352,-0.006055861141447754,0.0,0.18823034025795318,0.009098388057111603,0.0
0.16858588146831624,0.011268738881735045,0.0,0.14927238802703482,0.013933738729740535,0.0
0.16858588146831624,0.011268738881735045,0.0,0.18823034025795318,0.009098388057111603,0.0
0.16858588146831624,0.011268738881735045,0.0,0.17945608011774458,0.024862591840114735,0.0
0.16858588146831624,0.011268738881735045,0.0,0.1597017858302702,0.025767007528973967,0.0
0.2944924828048157,-0.008494426310975793,0.0,0.31410937356582663,-0.0069437815004049636,0.0
0.2944924828048157,-0.008494426310975793,0.0,0.2748420391939516,-0.009533819182356178,0.0
0.19619307006209313,-0.00781697908772725,0.0,0.2158285803996324,-0.00910925414494247,0.0
0.19619307006209313,-0.00781697908772725,0.0,0.20774410215917274,0.008022377074478998,0.0
0.19619307006209313,-0.00781697908772725,0.0,0.18823034025795318,0.009098388057111603,0.0
0.2158285803996324,-0.00910925414494247,0.0,0.20774410215917274,0.008022377074478998,0.0
0.2158285803996324,-0.00910925414494247,0.0,0.2354924247478584,-0.009851415990999843,0.0
0.20774410215917274,0.008022377074478998,0.0,0.18823034025795318,0.009098388057111603,0.0
0.20774410215917274,0.008022377074478998,0.0,0.19992602377351074,0.024394265787134776,0.0
0.9803247358306264,0.009678763564809153,0.0,1.0,0.009982867036442463,0.0
0.9803247358306264,0.009678763564809153,0.0,0.9855624846878087,0.024238174116355267,0.0
0.2354924247478584,-0.009851415990999843,0.0,0.2551696683004898,-0.00999604127215391,0.0
0.2551696683004898,-0.00999604127215391,0.0,0.2748420391939516,-0.009533819182356178,0.0
1.0,0.029984718754387185,0.0,1.0,0.009982867036442463,0.0
1.0,0.029984718754387185,0.0,0.9855624846878087,0.024238174116355267,0.0
0.01968189381931244,0.2096956954280177,0.0,0.011954366446476692,0.19775513970050046,0.0
0.01968189381931244,0.2096956954280177,0.0,2.0472409053924972e-25,0.21,0.0
0.6349859310957437,0.06924498776200012,0.0,0.6277848201201255,0.0855983410337739,0.0
0.14927238802703482,0.013933738729740535,0.0,0.14102458503612694,0.026099259841606964,0.0
0.14927238802703482,0.013933738729740535,0.0,0.1597017858302702,0.025767007528973967,0.0
0.44001581930511957,0.19163783835983997,0.0,0.44737246957180515,0.17626964957642235,0.0
0.44737246957180515,0.17626964957642235,0.0,0.46736086430161944,0.17708238921009847,0.0
0.011954366446476692,0.19775513970050046,0.0,2.0472409053924972e-25,0.21,0.0
0.18823034025795318,0.009098388057111603,0.0,0.19992602377351074,0.024394265787134776,0.0
0.18823034025795318,0.009098388057111603,0.0,0.17945608011774458,0.024862591840114735,0.0
0.5575773360407924,0.1908137180749757,0.0,0.5649921659073073,0.17852697275360227,0.0
0.5575773360407924,0.1908137180749757,0.0,0.547378560945122,0.17865129836442614,0.0
0.34757151005421283,0.14451288081733285,0.0,0.3275052600345386,0.14341161467524874,0.0
0.4790569863318163,0.19347118749019215,0.0,0.4873431784647081,0.178224038474884,0.0
0.4790569863318163,0.19347118749019215,0.0,0.46736086430161944,0.17708238921009847,0.0
0.5185821708443358,0.19383048164694908,0.0,0.5074984654534868,0.17869344266111192,0.0
0.5185821708443358,0.19383048164694908,0.0,0.5274549802163522,0.1790614086781959,0.0
0.24533226646018202,0.14173897645440311,0.0,0.26542371921250696,0.1418227717396358,0.0
0.4873431784647081,0.178224038474884,0.0,0.46736086430161944,0.17708238921009847,0.0
0.4873431784647081,0.178224038474884,0.0,0.5074984654534868,0.17869344266111192,0.0
0.19992602377351074,0.024394265787134776,0.0,0.17945608011774458,0.024862591840114735,0.0
1.0,0.009982867036442463,0.0,0.9855624846878087,0.024238174116355267,0.0
0.00033344424550632893,0.009982779296787142,0.0,0.014572737497951517,0.023970331986203,0.0
0.10899158948525106,0.136749207948031,0.0,0.12743454564397155,0.13528808593196637,0.0
0.6277848201201255,0.0855983410337739,0.0,0.6084378970491852,0.08516869464966569,0.0
0.17945608011774458,0.024862591840114735,0.0,0.1597017858302702,0.025767007528973967,0.0
0.5074984654534868,0.17869344266111192,0.0,0.5274549802163522,0.1790614086781959,0.0
0.5649921659073073,0.17852697275360227,0.0,0.547378560945122,0.17865129836442614,0.0
0.5274549802163522,0.1790614086781959,0.0,0.547378560945122,0.17865129836442614,0.0
0.14102458503612694,0.026099259841606964,0.0,0.1597017858302702,0.025767007528973967,0.0
