start:0,start:1,start:2,end:0,end:1,end:2
0.7928147663819518,0.010599200851261406,0.0,0.8007618791373162,0.031658168127314514,0.0
0.7928147663819518,0.010599200851261406,0.0,0.7806904667685497,0.031237598951778814,0.0
0.7928147663819518,0.010599200851261406,0.0,0.7845047656083898,-0.009138774889410223,0.0
0.7928147663819518,0.010599200851261406,0.0,0.7734260510175471,0.01139821194058883,0.0
0.7928147663819518,0.010599200851261406,0.0,0.8041398898177688,-0.007837790253235645,0.0
0.7928147663819518,0.010599200851261406,0.0,0.8121645911017445,0.013027045968184764,0.0
0.8007618791373162,0.031658168127314514,0.0,0.7806904667685497,0.031237598951778814,0.0
0.8007618791373162,0.031658168127314514,0.0,0.8121645911017445,0.013027045968184764,0.0
0.8007618791373162,0.031658168127314514,0.0,0.8200873288758839,0.032860967249928555,0.0
0.8007618791373162,0.031658168127314514,0.0,0.7898799477083392,0.049501372086906054,0.0
0.8007618791373162,0.031658168127314514,0.0,0.8097656939224717,0.05001178594095198,0.0
0.7806904667685497,0.031237598951778814,0.0,0.7734260510175471,0.01139821194058883,0.0
0.7806904667685497,0.031237598951778814,0.0,0.7708736233166521,0.049035986844544285,0.0
0.7806904667685497,0.031237598951778814,0.0,0.7605860441532352,0.03021174381326551,0.0
0.7806904667685497,0.031237598951778814,0.0,0.7898799477083392,0.049501372086906054,0.0
0.6934933064629648,0.17132526740359352,0.0,0.6878673501983733,0.15171858835143828,0.0
0.6934933064629648,0.17132526740359352,0.0,0.7078639193317764,0.15208888027435347,0.0
0.6934933064629648,0.17132526740359352,0.0,0.7155546001835696,0.1716221362774698,0.0
0.6934933064629648,0.17132526740359352,0.0,0.7057425391897695,0.1915070909240959,0.0
0.6934933064629648,0.17132526740359352,0.0,0.6772547353350017,0.1626848033759221,0.0
0.6934933064629648,0.17132526740359352,0.0,0.6861187615548019,0.1930527247722307,0.0
0.6934933064629648,0.17132526740359352,0.0,0.6724328353358693,0.17773936075667626,0.0
0.6878673501983733,0.15171858835143828,0.0,0.7078639193317764,0.15208888027435347,0.0
0.6878673501983733,0.15171858835143828,0.0,0.6772547353350017,0.1626848033759221,0.0
0.6878673501983733,0.15171858835143828,0.0,0.6781890550620523,0.13422259097642822,0.0
0.6878673501983733,0.15171858835143828,0.0,0.6678798115800849,0.1508593358288703,0.0
0.6878673501983733,0.15171858835143828,0.0,0.6981854129860746,0.13460493441214397,0.0
0.7078639193317764,0.15208888027435347,0.0,0.7155546001835696,0.1716221362774698,0.0
0.7078639193317764,0.15208888027435347,0.0,0.7273261478784142,0.15297894872686435,0.0
0.7078639193317764,0.15208888027435347,0.0,0.6981854129860746,0.13460493441214397,0.0
0.7078639193317764,0.15208888027435347,0.0,0.718092032256003,0.13490035264316963,0.0
0.3747188376289405,0.057004987388984456,0.0,0.36920332499301656,0.07650624332521434,0.0
0.3747188376289405,0.057004987388984456,0.0,0.3879502217456932,0.07638241935918953,0.0
0.3747188376289405,0.057004987388984456,0.0,0.39786875206041333,0.058510537757529846,0.0
0.3747188376289405,0.057004987388984456,0.0,0.3544812280101032,0.04954677965182736,0.0
0.3747188376289405,0.057004987388984456,0.0,0.38776080145724195,0.03899940069014972,0.0
0.3747188376289405,0.057004987388984456,0.0,0.3684520966911502,0.03532327832989855,0.0
0.3747188376289405,0.057004987388984456,0.0,0.3594161713309394,0.06490514550149529,0.0
0.36920332499301656,0.07650624332521434,0.0,0.3879502217456932,0.07638241935918953,0.0
0.36920332499301656,0.07650624332521434,0.0,0.3490047053277837,0.07723512545226309,0.0
0.36920332499301656,0.07650624332521434,0.0,0.37887563192119206,0.09431745057690659,0.0
0.36920332499301656,0.07650624332521434,0.0,0.3588835360584557,0.0937048935478107,0.0
0.36920332499301656,0.07650624332521434,0.0,0.3594161713309394,0.06490514550149529,0.0
0.3879502217456932,0.07638241935918953,0.0,0.39786875206041333,0.058510537757529846,0.0
0.3879502217456932,0.07638241935918953,0.0,0.40816176030057416,0.07731289428342121,0.0
0.3879502217456932,0.07638241935918953,0.0,0.3988730311908053,0.09464242486807664,0.0
0.3879502217456932,0.07638241935918953,0.0,0.37887563192119206,0.09431745057690659,0.0
0.08528956154729339,0.18858331750401008,0.0,0.06733287492955332,0.17489460141036672,0.0
0.08528956154729339,0.18858331750401008,0.0,0.0944131056697746,0.17016743742855314,0.0
0.08528956154729339,0.18858331750401008,0.0,0.06788656984640658,0.19309732385108175,0.0
0.08528956154729339,0.18858331750401008,0.0,0.1057808114223593,0.1855045272272206,0.0
0.08528956154729339,0.18858331750401008,0.0,0.07857462076905876,0.2055086350173741,0.0
0.08528956154729339,0.18858331750401008,0.0,0.09813655032930213,0.2033120093872453,0.0
0.06733287492955332,0.17489460141036672,0.0,0.0944131056697746,0.17016743742855314,0.0
0.06733287492955332,0.17489460141036672,0.0,0.07877765356021413,0.1565561658028478,0.0
0.06733287492955332,0.17489460141036672,0.0,0.04925696621090416,0.1891232122023764,0.0
0.06733287492955332,0.17489460141036672,0.0,0.048527447248279856,0.17006758487903698,0.0
0.06733287492955332,0.17489460141036672,0.0,0.06788656984640658,0.19309732385108175,0.0
0.06733287492955332,0.17489460141036672,0.0,0.05766051344307735,0.1570771739009957,0.0
0.0944131056697746,0.17016743742855314,0.0,0.07877765356021413,0.1565561658028478,0.0
0.0944131056697746,0.17016743742855314,0.0,0.10142184773201893,0.1525936582768466,0.0
0.0944131056697746,0.17016743742855314,0.0,0.11376101434301185,0.16726863025182526,0.0
0.0944131056697746,0.17016743742855314,0.0,0.1057808114223593,0.1855045272272206,0.0
0.1582780964453632,0.12459244458074416,0.0,0.14137008317874122,0.14457834315975518,0.0
0.1582780964453632,0.12459244458074416,0.0,0.13828150263268577,0.12422201999109274,0.0
0.1582780964453632,0.12459244458074416,0.0,0.16203874634589338,0.1437756747161296,0.0
0.1582780964453632,0.12459244458074416,0.0,0.17635377708549604,0.12503100530223762,0.0
0.1582780964453632,0.12459244458074416,0.0,0.14860113403260364,0.10701914452836706,0.0
0.1582780964453632,0.12459244458074416,0.0,0.16860259210305897,0.1071269035433822,0.0
0.14137008317874122,0.14457834315975518,0.0,0.13828150263268577,0.12422201999109274,0.0
0.14137008317874122,0.14457834315975518,0.0,0.16203874634589338,0.1437756747161296,0.0
0.14137008317874122,0.14457834315975518,0.0,0.15290674904355653,0.16208319222231046,0.0
0.14137008317874122,0.14457834315975518,0.0,0.13298576647986832,0.16433091214836745,0.0
0.14137008317874122,0.14457834315975518,0.0,0.12108698373507938,0.14969950230742485,0.0
0.14137008317874122,0.14457834315975518,0.0,0.1274345492646636,0.13527292356790344,0.0
0.13828150263268577,0.12422201999109274,0.0,0.14860113403260364,0.10701914452836706,0.0
0.13828150263268577,0.12422201999109274,0.0,0.1286036001398254,0.10669933576446892,0.0
0.13828150263268577,0.12422201999109274,0.0,0.11829379179914895,0.12337107821884225,0.0
0.13828150263268577,0.12422201999109274,0.0,0.1274345492646636,0.13527292356790344,0.0
0.1298477612265331,0.016510695228003712,0.0,0.12895046198245713,0.035819582605183455,0.0
0.1298477612265331,0.016510695228003712,0.0,0.11190141859869739,0.019325887929916765,0.0
0.1298477612265331,0.016510695228003712,0.0,0.11796619758853846,0.0008184337498621897,0.0
0.1298477612265331,0.016510695228003712,0.0,0.1374921070782224,-0.001627668873387309,0.0
0.1298477612265331,0.016510695228003712,0.0,0.14927166123274543,0.013890607057173005,0.0
0.1298477612265331,0.016510695228003712,0.0,0.14102393026688145,0.026058742540729266,0.0
0.12895046198245713,0.035819582605183455,0.0,0.11190141859869739,0.019325887929916765,0.0
0.12895046198245713,0.035819582605183455,0.0,0.10630780416257646,0.03730548329260471,0.0
0.12895046198245713,0.035819582605183455,0.0,0.11940979338296324,0.054290251511619855,0.0
0.12895046198245713,0.035819582605183455,0.0,0.13956196236991072,0.05492614190251627,0.0
0.12895046198245713,0.035819582605183455,0.0,0.14998380685724128,0.03905019964075136,0.0
0.12895046198245713,0.035819582605183455,0.0,0.14102393026688145,0.026058742540729266,0.0
0.11190141859869739,0.019325887929916765,0.0,0.10630780416257646,0.03730548329260471,0.0
0.11190141859869739,0.019325887929916765,0.0,0.08990240172432977,0.022288679955973726,0.0
0.11190141859869739,0.019325887929916765,0.0,0.11796619758853846,0.0008184337498621897,0.0
0.11190141859869739,0.019325887929916765,0.0,0.09843394282253001,0.003212427828946348,0.0
0.07877765356021413,0.1565561658028478,0.0,0.10142184773201893,0.1525936582768466,0.0
0.07877765356021413,0.1565561658028478,0.0,0.08886193605609757,0.13868671050417697,0.0
0.07877765356021413,0.1565561658028478,0.0,0.05766051344307735,0.1570771739009957,0.0
0.07877765356021413,0.1565561658028478,0.0,0.06797328825094394,0.1402486363273184,0.0
0.10630780416257646,0.03730548329260471,0.0,0.08990240172432977,0.022288679955973726,0.0
0.10630780416257646,0.03730548329260471,0.0,0.08901644794410905,0.040982592598189004,0.0
0.10630780416257646,0.03730548329260471,0.0,0.11940979338296324,0.054290251511619855,0.0
0.10630780416257646,0.03730548329260471,0.0,0.09893895542853666,0.054688965038566295,0.0
0.8388957541289079,0.1043505663736735,0.0,0.8588557400229578,0.10424681348314492,0.0
0.8388957541289079,0.1043505663736735,0.0,0.8493188683970984,0.12257297440399179,0.0
0.8388957541289079,0.1043505663736735,0.0,0.8281147570319888,0.12289771631611766,0.0
0.8388957541289079,0.1043505663736735,0.0,0.8188296985250455,0.1029221130868814,0.0
0.8388957541289079,0.1043505663736735,0.0,0.8291238112942776,0.08515753551030274,0.0
0.8388957541289079,0.1043505663736735,0.0,0.8491365946932272,0.08571266113234816,0.0
0.8588557400229578,0.10424681348314492,0.0,0.8493188683970984,0.12257297440399179,0.0
0.8588557400229578,0.10424681348314492,0.0,0.869796933085978,0.12183720190008218,0.0
0.8588557400229578,0.10424681348314492,0.0,0.878806141554851,0.10358835162340926,0.0
0.8588557400229578,0.10424681348314492,0.0,0.8491365946932272,0.08571266113234816,0.0
0.8588557400229578,0.10424681348314492,0.0,0.8691237539681634,0.0863605353599835,0.0
0.8493188683970984,0.12257297440399179,0.0,0.8369338886327966,0.1422345271832152,0.0
0.8493188683970984,0.12257297440399179,0.0,0.8610037740440115,0.13994461873621294,0.0
0.8493188683970984,0.12257297440399179,0.0,0.8281147570319888,0.12289771631611766,0.0
0.8493188683970984,0.12257297440399179,0.0,0.869796933085978,0.12183720190008218,0.0
0.16203874634589338,0.1437756747161296,0.0,0.17635377708549604,0.12503100530223762,0.0
0.16203874634589338,0.1437756747161296,0.0,0.18420712979737358,0.14229426548813215,0.0
0.16203874634589338,0.1437756747161296,0.0,0.1731414906902486,0.1600895611133806,0.0
0.16203874634589338,0.1437756747161296,0.0,0.15290674904355653,0.16208319222231046,0.0
0.39786875206041333,0.058510537757529846,0.0,0.40816176030057416,0.07731289428342121,0.0
0.39786875206041333,0.058510537757529846,0.0,0.4186348780109148,0.059425337250271104,0.0
0.39786875206041333,0.058510537757529846,0.0,0.4085599199375906,0.04139671857228312,0.0
0.39786875206041333,0.058510537757529846,0.0,0.38776080145724195,0.03899940069014972,0.0
0.8369338886327966,0.1422345271832152,0.0,0.8610037740440115,0.13994461873621294,0.0
0.8369338886327966,0.1422345271832152,0.0,0.8490850698696536,0.16236006676602854,0.0
0.8369338886327966,0.1422345271832152,0.0,0.8273958274876456,0.15977657962082484,0.0
0.8369338886327966,0.1422345271832152,0.0,0.8281147570319888,0.12289771631611766,0.0
0.8369338886327966,0.1422345271832152,0.0,0.8172381132256923,0.14070967149293712,0.0
0.8610037740440115,0.13994461873621294,0.0,0.8490850698696536,0.16236006676602854,0.0
0.8610037740440115,0.13994461873621294,0.0,0.869796933085978,0.12183720190008218,0.0
0.8610037740440115,0.13994461873621294,0.0,0.8714856151604712,0.1579396652947289,0.0
0.8610037740440115,0.13994461873621294,0.0,0.8798429429389609,0.13899067188268366,0.0
0.8490850698696536,0.16236006676602854,0.0,0.8351247575651835,0.1778068535077251,0.0
0.8490850698696536,0.16236006676602854,0.0,0.8273958274876456,0.15977657962082484,0.0
0.8490850698696536,0.16236006676602854,0.0,0.8497835784489064,0.18264129706296076,0.0
0.8490850698696536,0.16236006676602854,0.0,0.8643683758952088,0.1774205472393088,0.0
0.8490850698696536,0.16236006676602854,0.0,0.8714856151604712,0.1579396652947289,0.0
0.5598407244614323,0.096325750036564,0.0,0.5794882004837535,0.09661126527900893,0.0
0.5598407244614323,0.096325750036564,0.0,0.5716164243348174,0.07609146697919544,0.0
0.5598407244614323,0.096325750036564,0.0,0.5397656419333365,0.0964653268792581,0.0
0.5598407244614323,0.096325750036564,0.0,0.5517024327487093,0.0776138547395069,0.0
0.5598407244614323,0.096325750036564,0.0,0.5487125842954279,0.114379179026653,0.0
0.5598407244614323,0.096325750036564,0.0,0.5687234580354223,0.11466380949328932,0.0
0.5794882004837535,0.09661126527900893,0.0,0.5716164243348174,0.07609146697919544,0.0
0.5794882004837535,0.09661126527900893,0.0,0.5891649892500922,0.08057398541630534,0.0
0.5794882004837535,0.09661126527900893,0.0,0.5687234580354223,0.11466380949328932,0.0
0.5794882004837535,0.09661126527900893,0.0,0.5886642360389175,0.11500574264847792,0.0
0.5794882004837535,0.09661126527900893,0.0,0.5989550523426771,0.09885320474757073,0.0
0.5716164243348174,0.07609146697919544,0.0,0.5517024327487093,0.0776138547395069,0.0
0.5716164243348174,0.07609146697919544,0.0,0.5629802940086113,0.05881583815765228,0.0
0.5716164243348174,0.07609146697919544,0.0,0.5891649892500922,0.08057398541630534,0.0
0.5716164243348174,0.07609146697919544,0.0,0.5842652393636502,0.06010549115655623,0.0
0.5767967125719191,0.18850721390343175,0.0,0.5780538537780117,0.16794546440425415,0.0
0.5767967125719191,0.18850721390343175,0.0,0.596173357501425,0.18670716084627081,0.0
0.5767967125719191,0.18850721390343175,0.0,0.568781339891721,0.2064914852893641,0.0
0.5767967125719191,0.18850721390343175,0.0,0.5883592993452134,0.204443428867555,0.0
0.5767967125719191,0.18850721390343175,0.0,0.5575773661885456,0.19080997722367163,0.0
0.5767967125719191,0.18850721390343175,0.0,0.5649922088254935,0.1785205808455132,0.0
0.5780538537780117,0.16794546440425415,0.0,0.596173357501425,0.18670716084627081,0.0
0.5780538537780117,0.16794546440425415,0.0,0.6001372872935511,0.16725427802002288,0.0
0.5780538537780117,0.16794546440425415,0.0,0.5878919740453804,0.1497932862555531,0.0
0.5780538537780117,0.16794546440425415,0.0,0.5678878414641031,0.14949592135094775,0.0
0.5780538537780117,0.16794546440425415,0.0,0.5574400707466244,0.16496288269497578,0.0
0.5780538537780117,0.16794546440425415,0.0,0.5649922088254935,0.1785205808455132,0.0
0.596173357501425,0.18670716084627081,0.0,0.6001372872935511,0.16725427802002288,0.0
0.596173357501425,0.18670716084627081,0.0,0.6137008342568241,0.18442609398491905,0.0
0.596173357501425,0.18670716084627081,0.0,0.6079079889629149,0.2021313692806051,0.0
0.596173357501425,0.18670716084627081,0.0,0.5883592993452134,0.204443428867555,0.0
0.8351247575651835,0.1778068535077251,0.0,0.8273958274876456,0.15977657962082484,0.0
0.8351247575651835,0.1778068535077251,0.0,0.8497835784489064,0.18264129706296076,0.0
0.8351247575651835,0.1778068535077251,0.0,0.8153373599961616,0.17603336543911133,0.0
0.8351247575651835,0.1778068535077251,0.0,0.8236791101517987,0.1939886763111289,0.0
0.8351247575651835,0.1778068535077251,0.0,0.8432487611881002,0.1961150490981094,0.0
0.8273958274876456,0.15977657962082484,0.0,0.8172381132256923,0.14070967149293712,0.0
0.8273958274876456,0.15977657962082484,0.0,0.8063719340928395,0.15785110600045757,0.0
0.8273958274876456,0.15977657962082484,0.0,0.8153373599961616,0.17603336543911133,0.0
0.6983183610383732,0.011428110396058438,0.0,0.6909580124537236,0.03174987859030915,0.0
0.6983183610383732,0.011428110396058438,0.0,0.7114698342133199,0.029738508119434588,0.0
0.6983183610383732,0.011428110396058438,0.0,0.7187887362476932,0.01082277610322591,0.0
0.6983183610383732,0.011428110396058438,0.0,0.686222090139315,-0.007020840043425408,0.0
0.6983183610383732,0.011428110396058438,0.0,0.6787459915987613,0.013188170780812582,0.0
0.6983183610383732,0.011428110396058438,0.0,0.7058397786803254,-0.008563550302342515,0.0
0.6909580124537236,0.03174987859030915,0.0,0.7114698342133199,0.029738508119434588,0.0
0.6909580124537236,0.03174987859030915,0.0,0.6835587766903368,0.05022508560489573,0.0
0.6909580124537236,0.03174987859030915,0.0,0.6713365270134986,0.033592519109445516,0.0
0.6909580124537236,0.03174987859030915,0.0,0.6787459915987613,0.013188170780812582,0.0
0.6909580124537236,0.03174987859030915,0.0,0.7047037201876561,0.04862686341498657,0.0
0.7114698342133199,0.029738508119434588,0.0,0.7247581913063551,0.04633241369794695,0.0
0.7114698342133199,0.029738508119434588,0.0,0.7187887362476932,0.01082277610322591,0.0
0.7114698342133199,0.029738508119434588,0.0,0.7047037201876561,0.04862686341498657,0.0
0.7114698342133199,0.029738508119434588,0.0,0.7304021624499037,0.025879001572988242,0.0
0.3544812280101032,0.04954677965182736,0.0,0.3311214347238412,0.04128326851131015,0.0
0.3544812280101032,0.04954677965182736,0.0,0.3492497920036741,0.03135062119265854,0.0
0.3544812280101032,0.04954677965182736,0.0,0.33942771842376945,0.06025914809247507,0.0
0.3544812280101032,0.04954677965182736,0.0,0.3684520966911502,0.03532327832989855,0.0
0.3544812280101032,0.04954677965182736,0.0,0.3594161713309394,0.06490514550149529,0.0
0.3311214347238412,0.04128326851131015,0.0,0.3492497920036741,0.03135062119265854,0.0
0.3311214347238412,0.04128326851131015,0.0,0.33942771842376945,0.06025914809247507,0.0
0.3311214347238412,0.04128326851131015,0.0,0.3181980397896672,0.02468443424665341,0.0
0.3311214347238412,0.04128326851131015,0.0,0.33425138268736165,0.025552970689921007,0.0
0.3311214347238412,0.04128326851131015,0.0,0.31931232182271596,0.058409236269155715,0.0
0.3311214347238412,0.04128326851131015,0.0,0.30980176882642885,0.04130136011822905,0.0
0.3492497920036741,0.03135062119265854,0.0,0.3684520966911502,0.03532327832989855,0.0
0.3492497920036741,0.03135062119265854,0.0,0.36106166259537237,0.015615134453198348,0.0
0.3492497920036741,0.03135062119265854,0.0,0.34243644056330064,0.012101729151878312,0.0
0.3492497920036741,0.03135062119265854,0.0,0.33425138268736165,0.025552970689921007,0.0
0.7648410904468259,-0.009890757187364586,0.0,0.7845047656083898,-0.009138774889410223,0.0
0.7648410904468259,-0.009890757187364586,0.0,0.7734260510175471,0.01139821194058883,0.0
0.7648410904468259,-0.009890757187364586,0.0,0.7548682123271663,0.007077752222951974,0.0
0.7648410904468259,-0.009890757187364586,0.0,0.7451637173887894,-0.010045696193294875,0.0
0.7845047656083898,-0.009138774889410223,0.0,0.7734260510175471,0.01139821194058883,0.0
0.7845047656083898,-0.009138774889410223,0.0,0.8041398898177688,-0.007837790253235645,0.0
0.7734260510175471,0.01139821194058883,0.0,0.7548682123271663,0.007077752222951974,0.0
0.7734260510175471,0.01139821194058883,0.0,0.7605860441532352,0.03021174381326551,0.0
0.6001372872935511,0.16725427802002288,0.0,0.6137008342568241,0.18442609398491905,0.0
0.6001372872935511,0.16725427802002288,0.0,0.6208486921758567,0.1670660170338755,0.0
0.6001372872935511,0.16725427802002288,0.0,0.5878919740453804,0.1497932862555531,0.0
0.6001372872935511,0.16725427802002288,0.0,0.6078960331762043,0.14981898828573142,0.0
0.17635377708549604,0.12503100530223762,0.0,0.18420712979737358,0.14229426548813215,0.0
0.17635377708549604,0.12503100530223762,0.0,0.19639783710697004,0.12484614165425083,0.0
0.17635377708549604,0.12503100530223762,0.0,0.16860259210305897,0.1071269035433822,0.0
0.17635377708549604,0.12503100530223762,0.0,0.18859821557387604,0.10755054465992166,0.0
0.18420712979737358,0.14229426548813215,0.0,0.20433279063116805,0.14196707760458224,0.0
0.18420712979737358,0.14229426548813215,0.0,0.1936304832919752,0.15864583878133492,0.0
0.18420712979737358,0.14229426548813215,0.0,0.19639783710697004,0.12484614165425083,0.0
0.18420712979737358,0.14229426548813215,0.0,0.1731414906902486,0.1600895611133806,0.0
0.7247581913063551,0.04633241369794695,0.0,0.7427690414005991,0.03986898501126864,0.0
0.7247581913063551,0.04633241369794695,0.0,0.7399380336692977,0.06255710293461877,0.0
0.7247581913063551,0.04633241369794695,0.0,0.7180009819172297,0.06574919088927743,0.0
0.7247581913063551,0.04633241369794695,0.0,0.7047037201876561,0.04862686341498657,0.0
0.7247581913063551,0.04633241369794695,0.0,0.7304021624499037,0.025879001572988242,0.0
0.7427690414005991,0.03986898501126864,0.0,0.7399380336692977,0.06255710293461877,0.0
0.7427690414005991,0.03986898501126864,0.0,0.7605860441532352,0.03021174381326551,0.0
0.7427690414005991,0.03986898501126864,0.0,0.7550305677865816,0.05042338100570399,0.0
0.7427690414005991,0.03986898501126864,0.0,0.7304021624499037,0.025879001572988242,0.0
0.7427690414005991,0.03986898501126864,0.0,0.7450618645979682,0.021972970977921686,0.0
0.7399380336692977,0.06255710293461877,0.0,0.7180009819172297,0.06574919088927743,0.0
0.7399380336692977,0.06255710293461877,0.0,0.7550305677865816,0.05042338100570399,0.0
0.7399380336692977,0.06255710293461877,0.0,0.7605475956434777,0.06691705871532644,0.0
0.7399380336692977,0.06255710293461877,0.0,0.7491310409393758,0.08356226497829784,0.0
0.7399380336692977,0.06255710293461877,0.0,0.7291095635869956,0.08328334039915852,0.0
0.6835587766903368,0.05022508560489573,0.0,0.6754740427913317,0.06751166609425815,0.0
0.6835587766903368,0.05022508560489573,0.0,0.6964876132438105,0.06657381597169831,0.0
0.6835587766903368,0.05022508560489573,0.0,0.6713365270134986,0.033592519109445516,0.0
0.6835587766903368,0.05022508560489573,0.0,0.7047037201876561,0.04862686341498657,0.0
0.6835587766903368,0.05022508560489573,0.0,0.6625797793267861,0.05086274161863368,0.0
0.6754740427913317,0.06751166609425815,0.0,0.6964876132438105,0.06657381597169831,0.0
0.6754740427913317,0.06751166609425815,0.0,0.6882064855096405,0.08395027934293445,0.0
0.6754740427913317,0.06751166609425815,0.0,0.6670220812961567,0.08364919551480766,0.0
0.6754740427913317,0.06751166609425815,0.0,0.6549547540395668,0.06803404390929539,0.0
0.6754740427913317,0.06751166609425815,0.0,0.6625797793267861,0.05086274161863368,0.0
0.6964876132438105,0.06657381597169831,0.0,0.6882064855096405,0.08395027934293445,0.0
0.6964876132438105,0.06657381597169831,0.0,0.7180009819172297,0.06574919088927743,0.0
0.6964876132438105,0.06657381597169831,0.0,0.7047037201876561,0.04862686341498657,0.0
0.6964876132438105,0.06657381597169831,0.0,0.7089816686069642,0.08337972970311053,0.0
0.7155546001835696,0.1716221362774698,0.0,0.7358694882994684,0.17207431829012468,0.0
0.7155546001835696,0.1716221362774698,0.0,0.7273261478784142,0.15297894872686435,0.0
0.7155546001835696,0.1716221362774698,0.0,0.7057425391897695,0.1915070909240959,0.0
0.7155546001835696,0.1716221362774698,0.0,0.7253997900510565,0.1904740301919498,0.0
0.5299535502419338,0.07902449750227099,0.0,0.5397656419333365,0.0964653268792581,0.0
0.5299535502419338,0.07902449750227099,0.0,0.5517024327487093,0.0776138547395069,0.0
0.5299535502419338,0.07902449750227099,0.0,0.5409597602583118,0.060983018700875545,0.0
0.5299535502419338,0.07902449750227099,0.0,0.519601091278191,0.061847405414202854,0.0
0.5299535502419338,0.07902449750227099,0.0,0.5091789158341309,0.07909321591103657,0.0
0.5299535502419338,0.07902449750227099,0.0,0.5189867120050814,0.0965282650927313,0.0
0.5397656419333365,0.0964653268792581,0.0,0.5517024327487093,0.0776138547395069,0.0
0.5397656419333365,0.0964653268792581,0.0,0.5189867120050814,0.0965282650927313,0.0
0.5397656419333365,0.0964653268792581,0.0,0.528708709208867,0.11401295005135974,0.0
0.5397656419333365,0.0964653268792581,0.0,0.5487125842954279,0.114379179026653,0.0
0.5517024327487093,0.0776138547395069,0.0,0.5409597602583118,0.060983018700875545,0.0
0.5517024327487093,0.0776138547395069,0.0,0.5629802940086113,0.05881583815765228,0.0
0.33942771842376945,0.06025914809247507,0.0,0.32899278752624206,0.07605490082937362,0.0
0.33942771842376945,0.06025914809247507,0.0,0.3490047053277837,0.07723512545226309,0.0
0.33942771842376945,0.06025914809247507,0.0,0.31931232182271596,0.058409236269155715,0.0
0.33942771842376945,0.06025914809247507,0.0,0.3594161713309394,0.06490514550149529,0.0
0.7187887362476932,0.01082277610322591,0.0,0.7058397786803254,-0.008563550302342515,0.0
0.7187887362476932,0.01082277610322591,0.0,0.7254909061684995,-0.009593617482174533,0.0
0.7187887362476932,0.01082277610322591,0.0,0.7304021624499037,0.025879001572988242,0.0
0.7187887362476932,0.01082277610322591,0.0,0.7366838746191244,0.006827360711554779,0.0
0.8281147570319888,0.12289771631611766,0.0,0.8188296985250455,0.1029221130868814,0.0
0.8281147570319888,0.12289771631611766,0.0,0.8080795672073143,0.1211665553064793,0.0
0.8281147570319888,0.12289771631611766,0.0,0.8172381132256923,0.14070967149293712,0.0
0.40816176030057416,0.07731289428342121,0.0,0.4186348780109148,0.059425337250271104,0.0
0.40816176030057416,0.07731289428342121,0.0,0.4290766172535836,0.07761950348163253,0.0
0.40816176030057416,0.07731289428342121,0.0,0.3988730311908053,0.09464242486807664,0.0
0.40816176030057416,0.07731289428342121,0.0,0.4188738051557668,0.09478423761855163,0.0
0.4186348780109148,0.059425337250271104,0.0,0.4085599199375906,0.04139671857228312,0.0
0.4186348780109148,0.059425337250271104,0.0,0.4290766172535836,0.07761950348163253,0.0
0.4186348780109148,0.059425337250271104,0.0,0.43884953122612286,0.059905781007067484,0.0
0.4186348780109148,0.059425337250271104,0.0,0.4292926785853058,0.04180662572595519,0.0
0.4085599199375906,0.04139671857228312,0.0,0.38776080145724195,0.03899940069014972,0.0
0.4085599199375906,0.04139671857228312,0.0,0.40007346383296577,0.022793839046954444,0.0
0.4085599199375906,0.04139671857228312,0.0,0.4202613456135771,0.023773734802940615,0.0
0.4085599199375906,0.04139671857228312,0.0,0.4292926785853058,0.04180662572595519,0.0
0.10142184773201893,0.1525936582768466,0.0,0.08886193605609757,0.13868671050417697,0.0
0.10142184773201893,0.1525936582768466,0.0,0.11376101434301185,0.16726863025182526,0.0
0.10142184773201893,0.1525936582768466,0.0,0.12108698373507938,0.14969950230742485,0.0
0.10142184773201893,0.1525936582768466,0.0,0.10899159394910733,0.13673400952139425,0.0
0.8041398898177688,-0.007837790253235645,0.0,0.8237386239479509,-0.006069594971558851,0.0
0.8041398898177688,-0.007837790253235645,0.0,0.8121645911017445,0.013027045968184764,0.0
0.8237386239479509,-0.006069594971558851,0.0,0.8121645911017445,0.013027045968184764,0.0
0.8237386239479509,-0.006069594971558851,0.0,0.8317495172748833,0.012875076240831606,0.0
0.8237386239479509,-0.006069594971558851,0.0,0.8433018595195525,-0.00394308408627443,0.0
0.8121645911017445,0.013027045968184764,0.0,0.8317495172748833,0.012875076240831606,0.0
0.8121645911017445,0.013027045968184764,0.0,0.8200873288758839,0.032860967249928555,0.0
0.278089024070077,0.023471601736858253,0.0,0.2864804100137476,0.007576180953222685,0.0
0.278089024070077,0.023471601736858253,0.0,0.29804919660650425,0.02431866842923919,0.0
0.278089024070077,0.023471601736858253,0.0,0.25826424974975826,0.023288612840457395,0.0
0.278089024070077,0.023471601736858253,0.0,0.2654468187171986,0.005861589482283237,0.0
0.278089024070077,0.023471601736858253,0.0,0.2898329487443144,0.04099845585402964,0.0
0.278089024070077,0.023471601736858253,0.0,0.26985334296163144,0.04020770736473959,0.0
0.2864804100137476,0.007576180953222685,0.0,0.29804919660650425,0.02431866842923919,0.0
0.2864804100137476,0.007576180953222685,0.0,0.30589294761490843,0.007879908590112443,0.0
0.2864804100137476,0.007576180953222685,0.0,0.2654468187171986,0.005861589482283237,0.0
0.2864804100137476,0.007576180953222685,0.0,0.294492939432469,-0.008541447225420901,0.0
0.2864804100137476,0.007576180953222685,0.0,0.27484230063967613,-0.009580841104038703,0.0
0.29804919660650425,0.02431866842923919,0.0,0.30589294761490843,0.007879908590112443,0.0
0.29804919660650425,0.02431866842923919,0.0,0.3181980397896672,0.02468443424665341,0.0
0.29804919660650425,0.02431866842923919,0.0,0.30980176882642885,0.04130136011822905,0.0
0.29804919660650425,0.02431866842923919,0.0,0.2898329487443144,0.04099845585402964,0.0
0.30589294761490843,0.007879908590112443,0.0,0.3181980397896672,0.02468443424665341,0.0
0.30589294761490843,0.007879908590112443,0.0,0.3242191651527941,0.009121965035501976,0.0
0.30589294761490843,0.007879908590112443,0.0,0.294492939432469,-0.008541447225420901,0.0
0.30589294761490843,0.007879908590112443,0.0,0.3141100058365091,-0.0069908010021629725,0.0
0.8497835784489064,0.18264129706296076,0.0,0.8643683758952088,0.1774205472393088,0.0
0.8497835784489064,0.18264129706296076,0.0,0.8627921253644149,0.1984719234020252,0.0
0.8497835784489064,0.18264129706296076,0.0,0.8432487611881002,0.1961150490981094,0.0
0.6589995282292573,0.014440847630798235,0.0,0.6511451882932187,0.03452328903980736,0.0
0.6589995282292573,0.014440847630798235,0.0,0.6713365270134986,0.033592519109445516,0.0
0.6589995282292573,0.014440847630798235,0.0,0.6666414655394909,-0.0050615238576479996,0.0
0.6589995282292573,0.014440847630798235,0.0,0.6787459915987613,0.013188170780812582,0.0
0.6589995282292573,0.014440847630798235,0.0,0.6470927503692039,-0.002805025375524128,0.0
0.6589995282292573,0.014440847630798235,0.0,0.6393360439642519,0.016712797235727946,0.0
0.6511451882932187,0.03452328903980736,0.0,0.6713365270134986,0.033592519109445516,0.0
0.6511451882932187,0.03452328903980736,0.0,0.6393360439642519,0.016712797235727946,0.0
0.6511451882932187,0.03452328903980736,0.0,0.6313540054891574,0.03621720623273297,0.0
0.6511451882932187,0.03452328903980736,0.0,0.6425423622711274,0.05236930923812976,0.0
0.6511451882932187,0.03452328903980736,0.0,0.6625797793267861,0.05086274161863368,0.0
0.6713365270134986,0.033592519109445516,0.0,0.6787459915987613,0.013188170780812582,0.0
0.6713365270134986,0.033592519109445516,0.0,0.6625797793267861,0.05086274161863368,0.0
0.6137008342568241,0.18442609398491905,0.0,0.6208486921758567,0.1670660170338755,0.0
0.6137008342568241,0.18442609398491905,0.0,0.6336764524362963,0.18255575305925062,0.0
0.6137008342568241,0.18442609398491905,0.0,0.6079079889629149,0.2021313692806051,0.0
0.6137008342568241,0.18442609398491905,0.0,0.6274414338011367,0.1996932485171144,0.0
0.6208486921758567,0.1670660170338755,0.0,0.6336764524362963,0.18255575305925062,0.0
0.6208486921758567,0.1670660170338755,0.0,0.6399473447642182,0.16589500518312253,0.0
0.6208486921758567,0.1670660170338755,0.0,0.6278864904472959,0.15012758552901154,0.0
0.6208486921758567,0.1670660170338755,0.0,0.6078960331762043,0.14981898828573142,0.0
0.6336764524362963,0.18255575305925062,0.0,0.6399473447642182,0.16589500518312253,0.0
0.6336764524362963,0.18255575305925062,0.0,0.6274414338011367,0.1996932485171144,0.0
0.6336764524362963,0.18255575305925062,0.0,0.6469771203754761,0.1972732467138197,0.0
0.6336764524362963,0.18255575305925062,0.0,0.6531431749661636,0.18098093843902407,0.0
0.017537167256585627,0.07998822556737264,0.0,0.036631688137632526,0.08870768254090994,0.0
0.017537167256585627,0.07998822556737264,0.0,0.017520809403093213,0.0997408474299222,0.0
0.017537167256585627,0.07998822556737264,0.0,0.01973013995279976,0.05789290468566409,0.0
0.017537167256585627,0.07998822556737264,0.0,0.03206866813178017,0.07017368584459312,0.0
0.017537167256585627,0.07998822556737264,0.0,0.0002334111370453746,0.06995607522604425,0.0
0.017537167256585627,0.07998822556737264,0.0,0.0002000666888959734,0.08996260280596693,0.0
0.036631688137632526,0.08870768254090994,0.0,0.017520809403093213,0.0997408474299222,0.0
0.036631688137632526,0.08870768254090994,0.0,0.0323084116231921,0.10708405445459616,0.0
0.036631688137632526,0.08870768254090994,0.0,0.03206866813178017,0.07017368584459312,0.0
0.036631688137632526,0.08870768254090994,0.0,0.058935468464972475,0.08809421442402766,0.0
0.036631688137632526,0.08870768254090994,0.0,0.04968614819760402,0.07055150383028656,0.0
0.036631688137632526,0.08870768254090994,0.0,0.04861705445440679,0.10523232565348017,0.0
0.017520809403093213,0.0997408474299222,0.0,0.0323084116231921,0.10708405445459616,0.0
0.017520809403093213,0.0997408474299222,0.0,0.01837847792123542,0.12127147201681138,0.0
0.017520809403093213,0.0997408474299222,0.0,0.0001667222407464953,0.10996904619433877,0.0
0.017520809403093213,0.0997408474299222,0.0,0.0002000666888959734,0.08996260280596693,0.0
0.6666414655394909,-0.0050615238576479996,0.0,0.686222090139315,-0.007020840043425408,0.0
0.6666414655394909,-0.0050615238576479996,0.0,0.6787459915987613,0.013188170780812582,0.0
0.6666414655394909,-0.0050615238576479996,0.0,0.6470927503692039,-0.002805025375524128,0.0
0.686222090139315,-0.007020840043425408,0.0,0.6787459915987613,0.013188170780812582,0.0
0.686222090139315,-0.007020840043425408,0.0,0.7058397786803254,-0.008563550302342515,0.0
0.8951928130600907,0.18566042507991798,0.0,0.9155299960631014,0.17382943464051048,0.0
0.8951928130600907,0.18566042507991798,0.0,0.9133705648264149,0.19155550523308237,0.0
0.8951928130600907,0.18566042507991798,0.0,0.8979000994673807,0.16849759427022562,0.0
0.8951928130600907,0.18566042507991798,0.0,0.8813609854942127,0.17291983797060634,0.0
0.8951928130600907,0.18566042507991798,0.0,0.8823244412923026,0.2009191174150899,0.0
0.8951928130600907,0.18566042507991798,0.0,0.901863450217593,0.2033120094520914,0.0
0.8951928130600907,0.18566042507991798,0.0,0.8772077371679218,0.1870783626730281,0.0
0.9155299960631014,0.17382943464051048,0.0,0.9133705648264149,0.19155550523308237,0.0
0.9155299960631014,0.17382943464051048,0.0,0.8979000994673807,0.16849759427022562,0.0
0.9155299960631014,0.17382943464051048,0.0,0.9348318024278405,0.1714155124763282,0.0
0.9155299960631014,0.17382943464051048,0.0,0.9328412315354322,0.18946709055115574,0.0
0.9155299960631014,0.17382943464051048,0.0,0.9272487115904876,0.155879374773291,0.0
0.9155299960631014,0.17382943464051048,0.0,0.9080893847677943,0.1548990950136424,0.0
0.9133705648264149,0.19155550523308237,0.0,0.9328412315354322,0.18946709055115574,0.0
0.9133705648264149,0.19155550523308237,0.0,0.901863450217593,0.2033120094520914,0.0
0.9133705648264149,0.19155550523308237,0.0,0.921425379683128,0.2055086350647987,0.0
0.8979000994673807,0.16849759427022562,0.0,0.8893273531050268,0.15517920710792482,0.0
0.8979000994673807,0.16849759427022562,0.0,0.8813609854942127,0.17291983797060634,0.0
0.8979000994673807,0.16849759427022562,0.0,0.9080893847677943,0.1548990950136424,0.0
0.6399473447642182,0.16589500518312253,0.0,0.6478910757793359,0.15006878839234883,0.0
0.6399473447642182,0.16589500518312253,0.0,0.6278864904472959,0.15012758552901154,0.0
0.6399473447642182,0.16589500518312253,0.0,0.6531431749661636,0.18098093843902407,0.0
0.6399473447642182,0.16589500518312253,0.0,0.65875746330912,0.16412140307705692,0.0
0.08886193605609757,0.13868671050417697,0.0,0.07829174849015187,0.12311062382488752,0.0
0.08886193605609757,0.13868671050417697,0.0,0.09845331991452441,0.12227612681294026,0.0
0.08886193605609757,0.13868671050417697,0.0,0.06797328825094394,0.1402486363273184,0.0
0.08886193605609757,0.13868671050417697,0.0,0.10899159394910733,0.13673400952139425,0.0
0.5409597602583118,0.060983018700875545,0.0,0.5513065169664341,0.042343554525593595,0.0
0.5409597602583118,0.060983018700875545,0.0,0.5629802940086113,0.05881583815765228,0.0
0.5409597602583118,0.060983018700875545,0.0,0.5304510018391488,0.04358162543418784,0.0
0.5409597602583118,0.060983018700875545,0.0,0.519601091278191,0.061847405414202854,0.0
0.5513065169664341,0.042343554525593595,0.0,0.5629802940086113,0.05881583815765228,0.0
0.5513065169664341,0.042343554525593595,0.0,0.5304510018391488,0.04358162543418784,0.0
0.5513065169664341,0.042343554525593595,0.0,0.5405101737896476,0.025679407032847632,0.0
0.5513065169664341,0.042343554525593595,0.0,0.5717043343774206,0.04082683209234606,0.0
0.5513065169664341,0.042343554525593595,0.0,0.5604275206398017,0.024310415114639293,0.0
0.5629802940086113,0.05881583815765228,0.0,0.5842652393636502,0.06010549115655623,0.0
0.5629802940086113,0.05881583815765228,0.0,0.5717043343774206,0.04082683209234606,0.0
0.38055054587993786,0.01901047133874135,0.0,0.38776080145724195,0.03899940069014972,0.0
0.38055054587993786,0.01901047133874135,0.0,0.3684520966911502,0.03532327832989855,0.0
0.38055054587993786,0.01901047133874135,0.0,0.39229448012652335,0.0020919154521083444,0.0
0.38055054587993786,0.01901047133874135,0.0,0.40007346383296577,0.022793839046954444,0.0
0.38055054587993786,0.01901047133874135,0.0,0.36106166259537237,0.015615134453198348,0.0
0.38055054587993786,0.01901047133874135,0.0,0.3727674472474707,-0.0003448236426897601,0.0
0.38776080145724195,0.03899940069014972,0.0,0.3684520966911502,0.03532327832989855,0.0
0.38776080145724195,0.03899940069014972,0.0,0.40007346383296577,0.022793839046954444,0.0
0.3684520966911502,0.03532327832989855,0.0,0.36106166259537237,0.015615134453198348,0.0
0.8188296985250455,0.1029221130868814,0.0,0.8080795672073143,0.1211665553064793,0.0
0.8188296985250455,0.1029221130868814,0.0,0.7986750095975259,0.1022261297152774,0.0
0.8188296985250455,0.1029221130868814,0.0,0.8090996448047497,0.0847328085748866,0.0
0.8188296985250455,0.1029221130868814,0.0,0.8291238112942776,0.08515753551030274,0.0
0.04925696621090416,0.1891232122023764,0.0,0.03200900556720319,0.17601293631565967,0.0
0.04925696621090416,0.1891232122023764,0.0,0.034197220318701316,0.19536763079959568,0.0
0.04925696621090416,0.1891232122023764,0.0,0.048527447248279856,0.17006758487903698,0.0
0.04925696621090416,0.1891232122023764,0.0,0.06788656984640658,0.19309732385108175,0.0
0.04925696621090416,0.1891232122023764,0.0,0.03934595430376511,0.2088023656195966,0.0
0.04925696621090416,0.1891232122023764,0.0,0.05897878113556556,0.2073769316422593,0.0
0.03200900556720319,0.17601293631565967,0.0,0.034197220318701316,0.19536763079959568,0.0
0.03200900556720319,0.17601293631565967,0.0,0.048527447248279856,0.17006758487903698,0.0
0.03200900556720319,0.17601293631565967,0.0,0.017478451723239318,0.15834747363562593,0.0
0.03200900556720319,0.17601293631565967,0.0,0.0382360705084618,0.1567242294091587,0.0
0.03200900556720319,0.17601293631565967,0.0,0.022022979097576792,0.18770499178000183,0.0
0.03200900556720319,0.17601293631565967,0.0,0.014343839586931627,0.17475556064143904,0.0
0.034197220318701316,0.19536763079959568,0.0,0.022022979097576792,0.18770499178000183,0.0
0.034197220318701316,0.19536763079959568,0.0,0.03934595430376511,0.2088023656195966,0.0
0.034197220318701316,0.19536763079959568,0.0,0.01968189381931244,0.2096956954280177,0.0
0.8317495172748833,0.012875076240831606,0.0,0.8200873288758839,0.032860967249928555,0.0
0.8317495172748833,0.012875076240831606,0.0,0.840411784771613,0.032826423856874225,0.0
0.8317495172748833,0.012875076240831606,0.0,0.8517838595575505,0.01579966969006687,0.0
0.8317495172748833,0.012875076240831606,0.0,0.8433018595195525,-0.00394308408627443,0.0
0.8200873288758839,0.032860967249928555,0.0,0.840411784771613,0.032826423856874225,0.0
0.8200873288758839,0.032860967249928555,0.0,0.8097656939224717,0.05001178594095198,0.0
0.8200873288758839,0.032860967249928555,0.0,0.8297640051509578,0.050377159191835046,0.0
0.840411784771613,0.032826423856874225,0.0,0.8517838595575505,0.01579966969006687,0.0
0.840411784771613,0.032826423856874225,0.0,0.8595113208198787,0.03369999912574234,0.0
0.840411784771613,0.032826423856874225,0.0,0.8297640051509578,0.050377159191835046,0.0
0.840411784771613,0.032826423856874225,0.0,0.8493508649157191,0.050614040035224246,0.0
0.869796933085978,0.12183720190008218,0.0,0.8798429429389609,0.13899067188268366,0.0
0.869796933085978,0.12183720190008218,0.0,0.889114125028491,0.12086241620378482,0.0
0.869796933085978,0.12183720190008218,0.0,0.878806141554851,0.10358835162340926,0.0
0.392092013242154,0.2021313695513354,0.0,0.4116407029594826,0.2044434291270096,0.0
0.392092013242154,0.2021313695513354,0.0,0.4076957951429573,0.18324868794729357,0.0
0.392092013242154,0.2021313695513354,0.0,0.3846391839118403,0.18304029732001692,0.0
0.392092013242154,0.2021313695513354,0.0,0.3725585682950345,0.1996932487804034,0.0
0.4116407029594826,0.2044434291270096,0.0,0.4076957951429573,0.18324868794729357,0.0
0.4116407029594826,0.2044434291270096,0.0,0.4233892400303541,0.19176709799238237,0.0
0.4116407029594826,0.2044434291270096,0.0,0.4312186625324201,0.2064914855210821,0.0
0.4076957951429573,0.18324868794729357,0.0,0.3846391839118403,0.18304029732001692,0.0
0.4076957951429573,0.18324868794729357,0.0,0.3975965611695934,0.16367576277898788,0.0
0.4076957951429573,0.18324868794729357,0.0,0.4171145837132859,0.16301345743881784,0.0
0.4076957951429573,0.18324868794729357,0.0,0.4281464880414511,0.17652150898217048,0.0
0.4076957951429573,0.18324868794729357,0.0,0.4233892400303541,0.19176709799238237,0.0
0.6882064855096405,0.08395027934293445,0.0,0.6670220812961567,0.08364919551480766,0.0
0.6882064855096405,0.08395027934293445,0.0,0.6988238286578097,0.10006545190414491,0.0
0.6882064855096405,0.08395027934293445,0.0,0.6788177554683584,0.10021755295405733,0.0
0.6882064855096405,0.08395027934293445,0.0,0.7089816686069642,0.08337972970311053,0.0
0.8080795672073143,0.1211665553064793,0.0,0.7969298863089678,0.13945381009486857,0.0
0.8080795672073143,0.1211665553064793,0.0,0.8172381132256923,0.14070967149293712,0.0
0.8080795672073143,0.1211665553064793,0.0,0.7986750095975259,0.1022261297152774,0.0
0.8080795672073143,0.1211665553064793,0.0,0.7877614825760952,0.1211486144418377,0.0
0.7969298863089678,0.13945381009486857,0.0,0.8172381132256923,0.14070967149293712,0.0
0.7969298863089678,0.13945381009486857,0.0,0.7877614825760952,0.1211486144418377,0.0
0.7969298863089678,0.13945381009486857,0.0,0.7769759075362282,0.1384840722959799,0.0
0.7969298863089678,0.13945381009486857,0.0,0.8063719340928395,0.15785110600045757,0.0
0.7969298863089678,0.13945381009486857,0.0,0.7861099868772994,0.1567066621257504,0.0
0.8172381132256923,0.14070967149293712,0.0,0.8063719340928395,0.15785110600045757,0.0
0.7180009819172297,0.06574919088927743,0.0,0.7047037201876561,0.04862686341498657,0.0
0.7180009819172297,0.06574919088927743,0.0,0.7291095635869956,0.08328334039915852,0.0
0.7180009819172297,0.06574919088927743,0.0,0.7089816686069642,0.08337972970311053,0.0
0.048527447248279856,0.17006758487903698,0.0,0.0382360705084618,0.1567242294091587,0.0
0.048527447248279856,0.17006758487903698,0.0,0.05766051344307735,0.1570771739009957,0.0
0.08990240172432977,0.022288679955973726,0.0,0.07035913184804539,0.03626352121247474,0.0
0.08990240172432977,0.022288679955973726,0.0,0.08901644794410905,0.040982592598189004,0.0
0.08990240172432977,0.022288679955973726,0.0,0.07036505868772558,0.018888793980685572,0.0
0.08990240172432977,0.022288679955973726,0.0,0.0788790821215614,0.005412396451020952,0.0
0.08990240172432977,0.022288679955973726,0.0,0.09843394282253001,0.003212427828946348,0.0
0.07035913184804539,0.03626352121247474,0.0,0.08901644794410905,0.040982592598189004,0.0
0.07035913184804539,0.03626352121247474,0.0,0.07036505868772558,0.018888793980685572,0.0
0.07035913184804539,0.03626352121247474,0.0,0.05339417053944541,0.02319321822129996,0.0
0.07035913184804539,0.03626352121247474,0.0,0.04797054997599681,0.03951882389363273,0.0
0.07035913184804539,0.03626352121247474,0.0,0.059631909262884884,0.05426733798998808,0.0
0.07035913184804539,0.03626352121247474,0.0,0.07957394482288689,0.05436633276807355,0.0
0.08901644794410905,0.040982592598189004,0.0,0.09893895542853666,0.054688965038566295,0.0
0.08901644794410905,0.040982592598189004,0.0,0.07957394482288689,0.05436633276807355,0.0
0.9606540458959356,0.2088023656315051,0.0,0.980318106281572,0.2096956954311213,0.0
0.9606540458959356,0.2088023656315051,0.0,0.9678977917512381,0.1911749919881442,0.0
0.9606540458959356,0.2088023656315051,0.0,0.9410212191544387,0.2073769316668632,0.0
0.9606540458959356,0.2088023656315051,0.0,0.9509069316298745,0.19540363062311564,0.0
0.980318106281572,0.2096956954311213,0.0,0.9678977917512381,0.1911749919881442,0.0
0.980318106281572,0.2096956954311213,0.0,0.9854716737256439,0.19515933384839845,0.0
0.980318106281572,0.2096956954311213,0.0,1.0,0.21,0.0
0.9678977917512381,0.1911749919881442,0.0,0.9653589473474555,0.16998807308211536,0.0
0.9678977917512381,0.1911749919881442,0.0,0.9500133884611842,0.17939773896586478,0.0
0.9678977917512381,0.1911749919881442,0.0,0.9854716737256439,0.19515933384839845,0.0
0.9678977917512381,0.1911749919881442,0.0,0.9831730376819362,0.1791358202603086,0.0
0.9678977917512381,0.1911749919881442,0.0,0.9509069316298745,0.19540363062311564,0.0
0.3846391839118403,0.18304029732001692,0.0,0.3975965611695934,0.16367576277898788,0.0
0.3846391839118403,0.18304029732001692,0.0,0.3766059702153551,0.16375992366057554,0.0
0.3846391839118403,0.18304029732001692,0.0,0.3647762968600775,0.1808878306041409,0.0
0.3846391839118403,0.18304029732001692,0.0,0.3725585682950345,0.1996932487804034,0.0
0.3975965611695934,0.16367576277898788,0.0,0.3766059702153551,0.16375992366057554,0.0
0.3975965611695934,0.16367576277898788,0.0,0.4171145837132859,0.16301345743881784,0.0
0.3975965611695934,0.16367576277898788,0.0,0.3879243803470583,0.14616616649823577,0.0
0.3975965611695934,0.16367576277898788,0.0,0.4078363287217778,0.1463668585407227,0.0
0.3766059702153551,0.16375992366057554,0.0,0.35662996634149335,0.1623569169688901,0.0
0.3766059702153551,0.16375992366057554,0.0,0.3647762968600775,0.1808878306041409,0.0
0.3766059702153551,0.16375992366057554,0.0,0.3677550197330006,0.14567341104905487,0.0
0.3766059702153551,0.16375992366057554,0.0,0.3879243803470583,0.14616616649823577,0.0
0.07036505868772558,0.018888793980685572,0.0,0.05339417053944541,0.02319321822129996,0.0
0.07036505868772558,0.018888793980685572,0.0,0.0788790821215614,0.005412396451020952,0.0
0.07036505868772558,0.018888793980685572,0.0,0.05929053036130226,0.007286198422901556,0.0
0.39229448012652335,0.0020919154521083444,0.0,0.4118368350528671,0.0044012123975494385,0.0
0.39229448012652335,0.0020919154521083444,0.0,0.40007346383296577,0.022793839046954444,0.0
0.39229448012652335,0.0020919154521083444,0.0,0.3727674472474707,-0.0003448236426897601,0.0
0.4118368350528671,0.0044012123975494385,0.0,0.40007346383296577,0.022793839046954444,0.0
0.4118368350528671,0.0044012123975494385,0.0,0.4202613456135771,0.023773734802940615,0.0
0.4118368350528671,0.0044012123975494385,0.0,0.43140846808394323,0.006445362536695045,0.0
0.40007346383296577,0.022793839046954444,0.0,0.4202613456135771,0.023773734802940615,0.0
0.7548682123271663,0.007077752222951974,0.0,0.7605860441532352,0.03021174381326551,0.0
0.7548682123271663,0.007077752222951974,0.0,0.7366838746191244,0.006827360711554779,0.0
0.7548682123271663,0.007077752222951974,0.0,0.7450618645979682,0.021972970977921686,0.0
0.7548682123271663,0.007077752222951974,0.0,0.7451637173887894,-0.010045696193294875,0.0
0.7786094385387806,0.10190760273299959,0.0,0.7986750095975259,0.1022261297152774,0.0
0.7786094385387806,0.10190760273299959,0.0,0.7877614825760952,0.1211486144418377,0.0
0.7786094385387806,0.10190760273299959,0.0,0.7679085329692394,0.11972106155030919,0.0
0.7786094385387806,0.10190760273299959,0.0,0.7691254366227247,0.08390761794462932,0.0
0.7786094385387806,0.10190760273299959,0.0,0.789095877381746,0.08435825136926534,0.0
0.7786094385387806,0.10190760273299959,0.0,0.7587678115407305,0.10102776827870737,0.0
0.7986750095975259,0.1022261297152774,0.0,0.7877614825760952,0.1211486144418377,0.0
0.7986750095975259,0.1022261297152774,0.0,0.8090996448047497,0.0847328085748866,0.0
0.7986750095975259,0.1022261297152774,0.0,0.789095877381746,0.08435825136926534,0.0
0.7877614825760952,0.1211486144418377,0.0,0.7769759075362282,0.1384840722959799,0.0
0.7877614825760952,0.1211486144418377,0.0,0.7679085329692394,0.11972106155030919,0.0
0.06788656984640658,0.19309732385108175,0.0,0.07857462076905876,0.2055086350173741,0.0
0.06788656984640658,0.19309732385108175,0.0,0.05897878113556556,0.2073769316422593,0.0
0.627563400916748,-0.00038638019641023624,0.0,0.6470927503692039,-0.002805025375524128,0.0
0.627563400916748,-0.00038638019641023624,0.0,0.6393360439642519,0.016712797235727946,0.0
0.627563400916748,-0.00038638019641023624,0.0,0.6198614324488021,0.018286838136922185,0.0
0.627563400916748,-0.00038638019641023624,0.0,0.608036480147613,0.0020512851849305365,0.0
0.6470927503692039,-0.002805025375524128,0.0,0.6393360439642519,0.016712797235727946,0.0
0.6393360439642519,0.016712797235727946,0.0,0.6198614324488021,0.018286838136922185,0.0
0.6393360439642519,0.016712797235727946,0.0,0.6313540054891574,0.03621720623273297,0.0
0.7058397786803254,-0.008563550302342515,0.0,0.7254909061684995,-0.009593617482174533,0.0
0.7254909061684995,-0.009593617482174533,0.0,0.7366838746191244,0.006827360711554779,0.0
0.7254909061684995,-0.009593617482174533,0.0,0.7451637173887894,-0.010045696193294875,0.0
0.7358694882994684,0.17207431829012468,0.0,0.7273261478784142,0.15297894872686435,0.0
0.7358694882994684,0.17207431829012468,0.0,0.7253997900510565,0.1904740301919498,0.0
0.7358694882994684,0.17207431829012468,0.0,0.7467488636697335,0.1549970267096873,0.0
0.7358694882994684,0.17207431829012468,0.0,0.7556069598295493,0.17279048864375932,0.0
0.7358694882994684,0.17207431829012468,0.0,0.7450787942757616,0.1900191158835712,0.0
0.7273261478784142,0.15297894872686435,0.0,0.7467488636697335,0.1549970267096873,0.0
0.7273261478784142,0.15297894872686435,0.0,0.7376551122797359,0.1361591538841912,0.0
0.7273261478784142,0.15297894872686435,0.0,0.718092032256003,0.13490035264316963,0.0
0.7708736233166521,0.049035986844544285,0.0,0.7605860441532352,0.03021174381326551,0.0
0.7708736233166521,0.049035986844544285,0.0,0.7550305677865816,0.05042338100570399,0.0
0.7708736233166521,0.049035986844544285,0.0,0.7794458138708003,0.06678184224981838,0.0
0.7708736233166521,0.049035986844544285,0.0,0.7605475956434777,0.06691705871532644,0.0
0.7708736233166521,0.049035986844544285,0.0,0.7898799477083392,0.049501372086906054,0.0
0.7605860441532352,0.03021174381326551,0.0,0.7550305677865816,0.05042338100570399,0.0
0.7605860441532352,0.03021174381326551,0.0,0.7450618645979682,0.021972970977921686,0.0
0.7550305677865816,0.05042338100570399,0.0,0.7605475956434777,0.06691705871532644,0.0
0.969723140465088,0.02621506929058897,0.0,0.9595137382895957,0.04129953234801042,0.0
0.969723140465088,0.02621506929058897,0.0,0.9814672568839574,0.04092898952537129,0.0
0.969723140465088,0.02621506929058897,0.0,0.9495122844588092,0.025122673227851205,0.0
0.969723140465088,0.02621506929058897,0.0,0.9606677778427472,0.00873899605487725,0.0
0.969723140465088,0.02621506929058897,0.0,0.980324995015478,0.009631747754781254,0.0
0.969723140465088,0.02621506929058897,0.0,0.985562645275926,0.024194779598015474,0.0
0.9595137382895957,0.04129953234801042,0.0,0.9814672568839574,0.04092898952537129,0.0
0.9595137382895957,0.04129953234801042,0.0,0.9682648705384047,0.05498398886871699,0.0
0.9595137382895957,0.04129953234801042,0.0,0.948638753204902,0.059542455837144806,0.0
0.9595137382895957,0.04129953234801042,0.0,0.9379574926962465,0.0414565253315955,0.0
0.9595137382895957,0.04129953234801042,0.0,0.9495122844588092,0.025122673227851205,0.0
0.9814672568839574,0.04092898952537129,0.0,0.9682648705384047,0.05498398886871699,0.0
0.9814672568839574,0.04092898952537129,0.0,1.0,0.04994951312113693,0.0
0.9814672568839574,0.04092898952537129,0.0,0.9832149156965834,0.06088028855785009,0.0
0.9814672568839574,0.04092898952537129,0.0,1.0,0.029942784130232238,0.0
0.9814672568839574,0.04092898952537129,0.0,0.985562645275926,0.024194779598015474,0.0
0.9485257192180787,0.15850398439132335,0.0,0.9653589473474555,0.16998807308211536,0.0
0.9485257192180787,0.15850398439132335,0.0,0.9500133884611842,0.17939773896586478,0.0
0.9485257192180787,0.15850398439132335,0.0,0.9581413801906553,0.139385361659745,0.0
0.9485257192180787,0.15850398439132335,0.0,0.9670157739140552,0.15349064659535475,0.0
0.9485257192180787,0.15850398439132335,0.0,0.9348318024278405,0.1714155124763282,0.0
0.9485257192180787,0.15850398439132335,0.0,0.9379597397359206,0.13912568373954293,0.0
0.9485257192180787,0.15850398439132335,0.0,0.9272487115904876,0.155879374773291,0.0
0.9653589473474555,0.16998807308211536,0.0,0.9500133884611842,0.17939773896586478,0.0
0.9653589473474555,0.16998807308211536,0.0,0.9670157739140552,0.15349064659535475,0.0
0.9653589473474555,0.16998807308211536,0.0,0.9831730376819362,0.1791358202603086,0.0
0.9653589473474555,0.16998807308211536,0.0,0.9826794735716158,0.15998481105702625,0.0
0.9500133884611842,0.17939773896586478,0.0,0.9348318024278405,0.1714155124763282,0.0
0.9500133884611842,0.17939773896586478,0.0,0.9328412315354322,0.18946709055115574,0.0
0.9500133884611842,0.17939773896586478,0.0,0.9509069316298745,0.19540363062311564,0.0
0.5304510018391488,0.04358162543418784,0.0,0.5100726323509559,0.044097640192271616,0.0
0.5304510018391488,0.04358162543418784,0.0,0.519601091278191,0.061847405414202854,0.0
0.5304510018391488,0.04358162543418784,0.0,0.5202558377028264,0.02653880129609839,0.0
0.5304510018391488,0.04358162543418784,0.0,0.5405101737896476,0.025679407032847632,0.0
0.7769759075362282,0.1384840722959799,0.0,0.7572048188271788,0.1372637894168764,0.0
0.7769759075362282,0.1384840722959799,0.0,0.7679085329692394,0.11972106155030919,0.0
0.7769759075362282,0.1384840722959799,0.0,0.7861099868772994,0.1567066621257504,0.0
0.7769759075362282,0.1384840722959799,0.0,0.7662569883546408,0.15589549558753887,0.0
0.7572048188271788,0.1372637894168764,0.0,0.7679085329692394,0.11972106155030919,0.0
0.7572048188271788,0.1372637894168764,0.0,0.7481317530153355,0.11849445545248827,0.0
0.7572048188271788,0.1372637894168764,0.0,0.7467488636697335,0.1549970267096873,0.0
0.7572048188271788,0.1372637894168764,0.0,0.7376551122797359,0.1361591538841912,0.0
0.7572048188271788,0.1372637894168764,0.0,0.7662569883546408,0.15589549558753887,0.0
0.7679085329692394,0.11972106155030919,0.0,0.7481317530153355,0.11849445545248827,0.0
0.7679085329692394,0.11972106155030919,0.0,0.7587678115407305,0.10102776827870737,0.0
0.9854716737256439,0.19515933384839845,0.0,0.9831730376819362,0.1791358202603086,0.0
0.9854716737256439,0.19515933384839845,0.0,1.0,0.18999401996826626,0.0
0.9854716737256439,0.19515933384839845,0.0,1.0,0.21,0.0
0.6670220812961567,0.08364919551480766,0.0,0.6549547540395668,0.06803404390929539,0.0
0.6670220812961567,0.08364919551480766,0.0,0.6471246641232001,0.08459688525492295,0.0
0.6670220812961567,0.08364919551480766,0.0,0.6788177554683584,0.10021755295405733,0.0
0.6670220812961567,0.08364919551480766,0.0,0.6588208552235083,0.09990499831832506,0.0
0.6549547540395668,0.06803404390929539,0.0,0.6471246641232001,0.08459688525492295,0.0
0.6549547540395668,0.06803404390929539,0.0,0.6425423622711274,0.05236930923812976,0.0
0.6549547540395668,0.06803404390929539,0.0,0.6625797793267861,0.05086274161863368,0.0
0.6549547540395668,0.06803404390929539,0.0,0.6349855974811097,0.06921442676522362,0.0
0.35662996634149335,0.1623569169688901,0.0,0.3647762968600775,0.1808878306041409,0.0
0.35662996634149335,0.1623569169688901,0.0,0.3452013441212686,0.17920335937322873,0.0
0.35662996634149335,0.1623569169688901,0.0,0.33642708208844146,0.160392465176184,0.0
0.35662996634149335,0.1623569169688901,0.0,0.3677550197330006,0.14567341104905487,0.0
0.35662996634149335,0.1623569169688901,0.0,0.3475714772925957,0.1445004252592374,0.0
0.3647762968600775,0.1808878306041409,0.0,0.3452013441212686,0.17920335937322873,0.0
0.3647762968600775,0.1808878306041409,0.0,0.3530228816138251,0.1972732469543295,0.0
0.3647762968600775,0.1808878306041409,0.0,0.3725585682950345,0.1996932487804034,0.0
0.6471246641232001,0.08459688525492295,0.0,0.6388216784016966,0.09983431610645806,0.0
0.6471246641232001,0.08459688525492295,0.0,0.6588208552235083,0.09990499831832506,0.0
0.6471246641232001,0.08459688525492295,0.0,0.6349855974811097,0.06921442676522362,0.0
0.6471246641232001,0.08459688525492295,0.0,0.627784587825155,0.08557148509329454,0.0
0.4202613456135771,0.023773734802940615,0.0,0.43140846808394323,0.006445362536695045,0.0
0.4202613456135771,0.023773734802940615,0.0,0.44009006101043724,0.025011914017501743,0.0
0.4202613456135771,0.023773734802940615,0.0,0.4292926785853058,0.04180662572595519,0.0
0.4171145837132859,0.16301345743881784,0.0,0.4281464880414511,0.17652150898217048,0.0
0.4171145837132859,0.16301345743881784,0.0,0.42791179742034624,0.14690673534870663,0.0
0.4171145837132859,0.16301345743881784,0.0,0.4375998262497981,0.16387031547562259,0.0
0.4171145837132859,0.16301345743881784,0.0,0.4078363287217778,0.1463668585407227,0.0
0.4281464880414511,0.17652150898217048,0.0,0.4233892400303541,0.19176709799238237,0.0
0.4281464880414511,0.17652150898217048,0.0,0.4375998262497981,0.16387031547562259,0.0
0.4281464880414511,0.17652150898217048,0.0,0.4400157881828421,0.19163432583194295,0.0
0.4281464880414511,0.17652150898217048,0.0,0.44737243240527264,0.17626254737496144,0.0
0.8517838595575505,0.01579966969006687,0.0,0.8433018595195525,-0.00394308408627443,0.0
0.8517838595575505,0.01579966969006687,0.0,0.862838800194206,-0.0015865842531343022,0.0
0.8517838595575505,0.01579966969006687,0.0,0.8710181283377296,0.016635919060792148,0.0
0.8517838595575505,0.01579966969006687,0.0,0.8595113208198787,0.03369999912574234,0.0
0.7057425391897695,0.1915070909240959,0.0,0.7253997900510565,0.1904740301919498,0.0
0.7057425391897695,0.1915070909240959,0.0,0.6861187615548019,0.1930527247722307,0.0
0.7253997900510565,0.1904740301919498,0.0,0.7450787942757616,0.1900191158835712,0.0
0.0323084116231921,0.10708405445459616,0.0,0.01837847792123542,0.12127147201681138,0.0
0.0323084116231921,0.10708405445459616,0.0,0.038925993379949654,0.12261915539613534,0.0
0.0323084116231921,0.10708405445459616,0.0,0.04861705445440679,0.10523232565348017,0.0
0.040096634918258635,0.05606981343589868,0.0,0.01973013995279976,0.05789290468566409,0.0
0.040096634918258635,0.05606981343589868,0.0,0.031635345594566724,0.04225433139826543,0.0
0.040096634918258635,0.05606981343589868,0.0,0.04797054997599681,0.03951882389363273,0.0
0.040096634918258635,0.05606981343589868,0.0,0.03206866813178017,0.07017368584459312,0.0
0.040096634918258635,0.05606981343589868,0.0,0.04968614819760402,0.07055150383028656,0.0
0.040096634918258635,0.05606981343589868,0.0,0.059631909262884884,0.05426733798998808,0.0
0.01973013995279976,0.05789290468566409,0.0,0.031635345594566724,0.04225433139826543,0.0
0.01973013995279976,0.05789290468566409,0.0,0.01609175714423221,0.03855908250692765,0.0
0.01973013995279976,0.05789290468566409,0.0,0.03206866813178017,0.07017368584459312,0.0
0.01973013995279976,0.05789290468566409,0.0,0.0002334111370453746,0.06995607522604425,0.0
0.01973013995279976,0.05789290468566409,0.0,0.0002667555851949112,0.049949447068112614,0.0
0.031635345594566724,0.04225433139826543,0.0,0.01609175714423221,0.03855908250692765,0.0
0.031635345594566724,0.04225433139826543,0.0,0.03228995561090952,0.026599973976939573,0.0
0.031635345594566724,0.04225433139826543,0.0,0.04797054997599681,0.03951882389363273,0.0
0.9797723153299766,0.1398261767846543,0.0,0.9581413801906553,0.139385361659745,0.0
0.9797723153299766,0.1398261767846543,0.0,0.9670157739140552,0.15349064659535475,0.0
0.9797723153299766,0.1398261767846543,0.0,0.9671357609234801,0.12590443884918445,0.0
0.9797723153299766,0.1398261767846543,0.0,0.9826794735716158,0.15998481105702625,0.0
0.9797723153299766,0.1398261767846543,0.0,1.0,0.12997544407651612,0.0
0.9797723153299766,0.1398261767846543,0.0,0.9826795168510692,0.11997226519210595,0.0
0.9797723153299766,0.1398261767846543,0.0,1.0,0.14998171694629375,0.0
0.9581413801906553,0.139385361659745,0.0,0.9670157739140552,0.15349064659535475,0.0
0.9581413801906553,0.139385361659745,0.0,0.9671357609234801,0.12590443884918445,0.0
0.9581413801906553,0.139385361659745,0.0,0.9483888229400619,0.12051071715500854,0.0
0.9581413801906553,0.139385361659745,0.0,0.9379597397359206,0.13912568373954293,0.0
0.9670157739140552,0.15349064659535475,0.0,0.9826794735716158,0.15998481105702625,0.0
0.9671357609234801,0.12590443884918445,0.0,0.9483888229400619,0.12051071715500854,0.0
0.9671357609234801,0.12590443884918445,0.0,0.965789194678487,0.10941478667467323,0.0
0.9671357609234801,0.12590443884918445,0.0,0.9826795168510692,0.11997226519210595,0.0
0.6198614324488021,0.018286838136922185,0.0,0.6115070174210071,0.0376227409363884,0.0
0.6198614324488021,0.018286838136922185,0.0,0.6313540054891574,0.03621720623273297,0.0
0.6198614324488021,0.018286838136922185,0.0,0.5999909353938103,0.020783744673535432,0.0
0.6198614324488021,0.018286838136922185,0.0,0.608036480147613,0.0020512851849305365,0.0
0.6115070174210071,0.0376227409363884,0.0,0.6313540054891574,0.03621720623273297,0.0
0.6115070174210071,0.0376227409363884,0.0,0.5999909353938103,0.020783744673535432,0.0
0.6115070174210071,0.0376227409363884,0.0,0.5918086727190928,0.039687540249246624,0.0
0.6115070174210071,0.0376227409363884,0.0,0.602881730965299,0.05600577724096542,0.0
0.6115070174210071,0.0376227409363884,0.0,0.6226817617574264,0.05447270522886847,0.0
0.6313540054891574,0.03621720623273297,0.0,0.6226817617574264,0.05447270522886847,0.0
0.6313540054891574,0.03621720623273297,0.0,0.6425423622711274,0.05236930923812976,0.0
0.5891649892500922,0.08057398541630534,0.0,0.5842652393636502,0.06010549115655623,0.0
0.5891649892500922,0.08057398541630534,0.0,0.5996032435088182,0.07028995541296996,0.0
0.5891649892500922,0.08057398541630534,0.0,0.5989550523426771,0.09885320474757073,0.0
0.5891649892500922,0.08057398541630534,0.0,0.6084376595309777,0.0851413640543741,0.0
0.5842652393636502,0.06010549115655623,0.0,0.5996032435088182,0.07028995541296996,0.0
0.5842652393636502,0.06010549115655623,0.0,0.5918086727190928,0.039687540249246624,0.0
0.5842652393636502,0.06010549115655623,0.0,0.5717043343774206,0.04082683209234606,0.0
0.5842652393636502,0.06010549115655623,0.0,0.602881730965299,0.05600577724096542,0.0
0.7481317530153355,0.11849445545248827,0.0,0.7376551122797359,0.1361591538841912,0.0
0.7481317530153355,0.11849445545248827,0.0,0.7388095475451779,0.10071370983803384,0.0
0.7481317530153355,0.11849445545248827,0.0,0.7283274489184001,0.11783071453910055,0.0
0.7481317530153355,0.11849445545248827,0.0,0.7587678115407305,0.10102776827870737,0.0
0.4290766172535836,0.07761950348163253,0.0,0.4489314071476297,0.07794155070823204,0.0
0.4290766172535836,0.07761950348163253,0.0,0.43884953122612286,0.059905781007067484,0.0
0.4290766172535836,0.07761950348163253,0.0,0.4388704511572137,0.09514922535505604,0.0
0.4290766172535836,0.07761950348163253,0.0,0.4188738051557668,0.09478423761855163,0.0
0.6772547353350017,0.1626848033759221,0.0,0.6678798115800849,0.1508593358288703,0.0
0.6772547353350017,0.1626848033759221,0.0,0.6724328353358693,0.17773936075667626,0.0
0.6772547353350017,0.1626848033759221,0.0,0.65875746330912,0.16412140307705692,0.0
0.017478451723239318,0.15834747363562593,0.0,0.028779348994573604,0.13985525706017846,0.0
0.017478451723239318,0.15834747363562593,0.0,0.0382360705084618,0.1567242294091587,0.0
0.017478451723239318,0.15834747363562593,0.0,0.012444547151257083,0.13996949556975335,0.0
0.017478451723239318,0.15834747363562593,0.0,6.668889629864687e-05,0.16998788736896578,0.0
0.017478451723239318,0.15834747363562593,0.0,0.0001000333444479161,0.14998168243130816,0.0
0.017478451723239318,0.15834747363562593,0.0,0.014343839586931627,0.17475556064143904,0.0
0.028779348994573604,0.13985525706017846,0.0,0.0382360705084618,0.1567242294091587,0.0
0.028779348994573604,0.13985525706017846,0.0,0.01837847792123542,0.12127147201681138,0.0
0.028779348994573604,0.13985525706017846,0.0,0.038925993379949654,0.12261915539613534,0.0
0.028779348994573604,0.13985525706017846,0.0,0.012444547151257083,0.13996949556975335,0.0
0.028779348994573604,0.13985525706017846,0.0,0.04797670149223163,0.1398783996632638,0.0
0.0382360705084618,0.1567242294091587,0.0,0.04797670149223163,0.1398783996632638,0.0
0.0382360705084618,0.1567242294091587,0.0,0.05766051344307735,0.1570771739009957,0.0
0.8593636650714036,0.0683354904156311,0.0,0.8794002503395001,0.07057357403322266,0.0
0.8593636650714036,0.0683354904156311,0.0,0.869090526488104,0.05181381035089407,0.0
0.8593636650714036,0.0683354904156311,0.0,0.8394319652893029,0.06797771282507878,0.0
0.8593636650714036,0.0683354904156311,0.0,0.8493508649157191,0.050614040035224246,0.0
0.8593636650714036,0.0683354904156311,0.0,0.8491365946932272,0.08571266113234816,0.0
0.8593636650714036,0.0683354904156311,0.0,0.8691237539681634,0.0863605353599835,0.0
0.8794002503395001,0.07057357403322266,0.0,0.869090526488104,0.05181381035089407,0.0
0.8794002503395001,0.07057357403322266,0.0,0.8982363048257995,0.07065593429342021,0.0
0.8794002503395001,0.07057357403322266,0.0,0.8881585859897578,0.052691536688730514,0.0
0.8794002503395001,0.07057357403322266,0.0,0.8891110670666602,0.08660501440384046,0.0
0.8794002503395001,0.07057357403322266,0.0,0.8691237539681634,0.0863605353599835,0.0
0.869090526488104,0.05181381035089407,0.0,0.8881585859897578,0.052691536688730514,0.0
0.869090526488104,0.05181381035089407,0.0,0.8787584558163603,0.03496822941009843,0.0
0.869090526488104,0.05181381035089407,0.0,0.8595113208198787,0.03369999912574234,0.0
0.869090526488104,0.05181381035089407,0.0,0.8493508649157191,0.050614040035224246,0.0
0.8643683758952088,0.1774205472393088,0.0,0.8714856151604712,0.1579396652947289,0.0
0.8643683758952088,0.1774205472393088,0.0,0.8627921253644149,0.1984719234020252,0.0
0.8643683758952088,0.1774205472393088,0.0,0.8813609854942127,0.17291983797060634,0.0
0.8643683758952088,0.1774205472393088,0.0,0.8772077371679218,0.1870783626730281,0.0
0.8982363048257995,0.07065593429342021,0.0,0.908154255192354,0.05477108056755487,0.0
0.8982363048257995,0.07065593429342021,0.0,0.9179702920862275,0.0715060523769715,0.0
0.8982363048257995,0.07065593429342021,0.0,0.8881585859897578,0.052691536688730514,0.0
0.8982363048257995,0.07065593429342021,0.0,0.8891110670666602,0.08660501440384046,0.0
0.8982363048257995,0.07065593429342021,0.0,0.909098774647623,0.0872336312316072,0.0
0.908154255192354,0.05477108056755487,0.0,0.9179702920862275,0.0715060523769715,0.0
0.908154255192354,0.05477108056755487,0.0,0.9271151681579624,0.05625031057452,0.0
0.908154255192354,0.05477108056755487,0.0,0.8881585859897578,0.052691536688730514,0.0
0.908154255192354,0.05477108056755487,0.0,0.8980882409914672,0.036797803827835006,0.0
0.908154255192354,0.05477108056755487,0.0,0.9179684852046027,0.03904624322065427,0.0
0.9179702920862275,0.0715060523769715,0.0,0.9302322424923245,0.08900117972696857,0.0
0.9179702920862275,0.0715060523769715,0.0,0.9271151681579624,0.05625031057452,0.0
0.9179702920862275,0.0715060523769715,0.0,0.909098774647623,0.0872336312316072,0.0
0.9179702920862275,0.0715060523769715,0.0,0.9349850148036775,0.07112420977236776,0.0
0.4233892400303541,0.19176709799238237,0.0,0.4312186625324201,0.2064914855210821,0.0
0.4233892400303541,0.19176709799238237,0.0,0.4400157881828421,0.19163432583194295,0.0
0.21641023603284215,0.12525663315440114,0.0,0.20433279063116805,0.14196707760458224,0.0
0.21641023603284215,0.12525663315440114,0.0,0.22489963689005518,0.14166938136845506,0.0
0.21641023603284215,0.12525663315440114,0.0,0.19639783710697004,0.12484614165425083,0.0
0.21641023603284215,0.12525663315440114,0.0,0.2285863674665531,0.10856513183935385,0.0
0.21641023603284215,0.12525663315440114,0.0,0.2085897571491453,0.10819502581431417,0.0
0.21641023603284215,0.12525663315440114,0.0,0.2373216931913775,0.1255072183643328,0.0
0.20433279063116805,0.14196707760458224,0.0,0.22489963689005518,0.14166938136845506,0.0
0.20433279063116805,0.14196707760458224,0.0,0.214451418679853,0.15719478941236004,0.0
0.20433279063116805,0.14196707760458224,0.0,0.1936304832919752,0.15864583878133492,0.0
0.20433279063116805,0.14196707760458224,0.0,0.19639783710697004,0.12484614165425083,0.0
0.22489963689005518,0.14166938136845506,0.0,0.214451418679853,0.15719478941236004,0.0
0.22489963689005518,0.14166938136845506,0.0,0.2351357391213171,0.15592471767326033,0.0
0.22489963689005518,0.14166938136845506,0.0,0.2373216931913775,0.1255072183643328,0.0
0.22489963689005518,0.14166938136845506,0.0,0.24533226917161338,0.14172703258296968,0.0
0.9682648705384047,0.05498398886871699,0.0,0.948638753204902,0.059542455837144806,0.0
0.9682648705384047,0.05498398886871699,0.0,0.9662024972803673,0.07086206988620032,0.0
0.9682648705384047,0.05498398886871699,0.0,0.9832149156965834,0.06088028855785009,0.0
0.9302322424923245,0.08900117972696857,0.0,0.9486632560433161,0.09928639239327375,0.0
0.9302322424923245,0.08900117972696857,0.0,0.948884877996456,0.07979681059975952,0.0
0.9302322424923245,0.08900117972696857,0.0,0.9340997605874293,0.1069615496712452,0.0
0.9302322424923245,0.08900117972696857,0.0,0.909098774647623,0.0872336312316072,0.0
0.9302322424923245,0.08900117972696857,0.0,0.9180060838097854,0.10457819560206258,0.0
0.9302322424923245,0.08900117972696857,0.0,0.9349850148036775,0.07112420977236776,0.0
0.9486632560433161,0.09928639239327375,0.0,0.948884877996456,0.07979681059975952,0.0
0.9486632560433161,0.09928639239327375,0.0,0.9483888229400619,0.12051071715500854,0.0
0.9486632560433161,0.09928639239327375,0.0,0.965789194678487,0.10941478667467323,0.0
0.9486632560433161,0.09928639239327375,0.0,0.9340997605874293,0.1069615496712452,0.0
0.9486632560433161,0.09928639239327375,0.0,0.9654308095893428,0.0898703830528871,0.0
0.948884877996456,0.07979681059975952,0.0,0.948638753204902,0.059542455837144806,0.0
0.948884877996456,0.07979681059975952,0.0,0.9662024972803673,0.07086206988620032,0.0
0.948884877996456,0.07979681059975952,0.0,0.9654308095893428,0.0898703830528871,0.0
0.948884877996456,0.07979681059975952,0.0,0.9349850148036775,0.07112420977236776,0.0
0.5100726323509559,0.044097640192271616,0.0,0.519601091278191,0.061847405414202854,0.0
0.5100726323509559,0.044097640192271616,0.0,0.5202558377028264,0.02653880129609839,0.0
0.5100726323509559,0.044097640192271616,0.0,0.5000514829641883,0.026906100734805732,0.0
0.5100726323509559,0.044097640192271616,0.0,0.48979828246405327,0.04410376208962044,0.0
0.5100726323509559,0.044097640192271616,0.0,0.49954755721634114,0.06153674749928589,0.0
0.519601091278191,0.061847405414202854,0.0,0.49954755721634114,0.06153674749928589,0.0
0.519601091278191,0.061847405414202854,0.0,0.5091789158341309,0.07909321591103657,0.0
0.8063719340928395,0.15785110600045757,0.0,0.8153373599961616,0.17603336543911133,0.0
0.8063719340928395,0.15785110600045757,0.0,0.7953286664822847,0.17454424481223074,0.0
0.8063719340928395,0.15785110600045757,0.0,0.7861099868772994,0.1567066621257504,0.0
0.9271151681579624,0.05625031057452,0.0,0.948638753204902,0.059542455837144806,0.0
0.9271151681579624,0.05625031057452,0.0,0.9379574926962465,0.0414565253315955,0.0
0.9271151681579624,0.05625031057452,0.0,0.9179684852046027,0.03904624322065427,0.0
0.9271151681579624,0.05625031057452,0.0,0.9349850148036775,0.07112420977236776,0.0
0.214451418679853,0.15719478941236004,0.0,0.20477685226046188,0.1746632923689457,0.0
0.214451418679853,0.15719478941236004,0.0,0.1936304832919752,0.15864583878133492,0.0
0.214451418679853,0.15719478941236004,0.0,0.22484049507584064,0.17346542087720107,0.0
0.214451418679853,0.15719478941236004,0.0,0.2351357391213171,0.15592471767326033,0.0
0.20477685226046188,0.1746632923689457,0.0,0.1936304832919752,0.15864583878133492,0.0
0.20477685226046188,0.1746632923689457,0.0,0.22484049507584064,0.17346542087720107,0.0
0.20477685226046188,0.1746632923689457,0.0,0.1846177778178626,0.17611201916870367,0.0
0.20477685226046188,0.1746632923689457,0.0,0.2155675444190997,0.1909215933815534,0.0
0.20477685226046188,0.1746632923689457,0.0,0.1959260328513177,0.1922212147213933,0.0
0.1936304832919752,0.15864583878133492,0.0,0.1731414906902486,0.1600895611133806,0.0
0.1936304832919752,0.15864583878133492,0.0,0.1846177778178626,0.17611201916870367,0.0
0.8433018595195525,-0.00394308408627443,0.0,0.862838800194206,-0.0015865842531343022,0.0
0.862838800194206,-0.0015865842531343022,0.0,0.8710181283377296,0.016635919060792148,0.0
0.862838800194206,-0.0015865842531343022,0.0,0.8823646696634925,0.000859841296347903,0.0
0.01837847792123542,0.12127147201681138,0.0,0.038925993379949654,0.12261915539613534,0.0
0.01837847792123542,0.12127147201681138,0.0,0.012444547151257083,0.13996949556975335,0.0
0.01837847792123542,0.12127147201681138,0.0,0.0001667222407464953,0.10996904619433877,0.0
0.01837847792123542,0.12127147201681138,0.0,0.0001333777925972035,0.1299754011005054,0.0
0.038925993379949654,0.12261915539613534,0.0,0.04797670149223163,0.1398783996632638,0.0
0.038925993379949654,0.12261915539613534,0.0,0.04861705445440679,0.10523232565348017,0.0
0.038925993379949654,0.12261915539613534,0.0,0.058295171596919486,0.12274048577441835,0.0
0.5999909353938103,0.020783744673535432,0.0,0.5918086727190928,0.039687540249246624,0.0
0.5999909353938103,0.020783744673535432,0.0,0.5802375305917736,0.02269017742262401,0.0
0.5999909353938103,0.020783744673535432,0.0,0.5884945165125207,0.004363916449908052,0.0
0.5999909353938103,0.020783744673535432,0.0,0.608036480147613,0.0020512851849305365,0.0
0.43140846808394323,0.006445362536695045,0.0,0.44009006101043724,0.025011914017501743,0.0
0.43140846808394323,0.006445362536695045,0.0,0.4510165719556602,0.00810038806871526,0.0
0.25826424974975826,0.023288612840457395,0.0,0.2654468187171986,0.005861589482283237,0.0
0.25826424974975826,0.023288612840457395,0.0,0.23946250772345298,0.023874759825311856,0.0
0.25826424974975826,0.023288612840457395,0.0,0.24698739001453796,0.006503453555701838,0.0
0.25826424974975826,0.023288612840457395,0.0,0.2498570024513382,0.040016529307562214,0.0
0.25826424974975826,0.023288612840457395,0.0,0.26985334296163144,0.04020770736473959,0.0
0.2654468187171986,0.005861589482283237,0.0,0.24698739001453796,0.006503453555701838,0.0
0.2654468187171986,0.005861589482283237,0.0,0.2551697238459824,-0.010043063642225944,0.0
0.2654468187171986,0.005861589482283237,0.0,0.27484230063967613,-0.009580841104038703,0.0
0.5996032435088182,0.07028995541296996,0.0,0.602881730965299,0.05600577724096542,0.0
0.5996032435088182,0.07028995541296996,0.0,0.6148083715563737,0.07192768152403356,0.0
0.5996032435088182,0.07028995541296996,0.0,0.6084376595309777,0.0851413640543741,0.0
0.3452013441212686,0.17920335937322873,0.0,0.33642708208844146,0.160392465176184,0.0
0.3452013441212686,0.17920335937322873,0.0,0.3250819641937472,0.17682576998148372,0.0
0.3452013441212686,0.17920335937322873,0.0,0.3334679733597575,0.1950146597444102,0.0
0.3452013441212686,0.17920335937322873,0.0,0.3530228816138251,0.1972732469543295,0.0
0.33642708208844146,0.160392465176184,0.0,0.3164579275319998,0.15902318437936505,0.0
0.33642708208844146,0.160392465176184,0.0,0.3250819641937472,0.17682576998148372,0.0
0.33642708208844146,0.160392465176184,0.0,0.3475714772925957,0.1445004252592374,0.0
0.33642708208844146,0.160392465176184,0.0,0.3275052303247958,0.14339929154792685,0.0
0.8714856151604712,0.1579396652947289,0.0,0.8798429429389609,0.13899067188268366,0.0
0.8714856151604712,0.1579396652947289,0.0,0.8893273531050268,0.15517920710792482,0.0
0.8714856151604712,0.1579396652947289,0.0,0.8813609854942127,0.17291983797060634,0.0
0.4489314071476297,0.07794155070823204,0.0,0.43884953122612286,0.059905781007067484,0.0
0.4489314071476297,0.07794155070823204,0.0,0.4592613824026202,0.06068384453416253,0.0
0.4489314071476297,0.07794155070823204,0.0,0.4388704511572137,0.09514922535505604,0.0
0.4489314071476297,0.07794155070823204,0.0,0.4588673475268583,0.09549639900834046,0.0
0.4489314071476297,0.07794155070823204,0.0,0.46917762001048274,0.07835642978980395,0.0
0.43884953122612286,0.059905781007067484,0.0,0.4592613824026202,0.06068384453416253,0.0
0.43884953122612286,0.059905781007067484,0.0,0.4494528024806143,0.042917392360647365,0.0
0.43884953122612286,0.059905781007067484,0.0,0.4292926785853058,0.04180662572595519,0.0
0.4592613824026202,0.06068384453416253,0.0,0.4494528024806143,0.042917392360647365,0.0
0.4592613824026202,0.06068384453416253,0.0,0.46967323795424026,0.04375069443857014,0.0
0.4592613824026202,0.06068384453416253,0.0,0.46917762001048274,0.07835642978980395,0.0
0.4592613824026202,0.06068384453416253,0.0,0.47948369294867604,0.06123128194796133,0.0
0.36106166259537237,0.015615134453198348,0.0,0.34243644056330064,0.012101729151878312,0.0
0.36106166259537237,0.015615134453198348,0.0,0.3727674472474707,-0.0003448236426897601,0.0
0.36106166259537237,0.015615134453198348,0.0,0.3532382879565006,-0.0027649956899077604,0.0
0.8798429429389609,0.13899067188268366,0.0,0.8893273531050268,0.15517920710792482,0.0
0.8798429429389609,0.13899067188268366,0.0,0.898329923605509,0.13818093720620264,0.0
0.8798429429389609,0.13899067188268366,0.0,0.889114125028491,0.12086241620378482,0.0
0.3054078530874312,0.175279565133906,0.0,0.2957756710487477,0.1577635449506476,0.0
0.3054078530874312,0.175279565133906,0.0,0.3164579275319998,0.15902318437936505,0.0
0.3054078530874312,0.175279565133906,0.0,0.3250819641937472,0.17682576998148372,0.0
0.3054078530874312,0.175279565133906,0.0,0.28498409115672324,0.1737094731869752,0.0
0.3054078530874312,0.175279565133906,0.0,0.2942574624549822,0.1915070910332105,0.0
0.3054078530874312,0.175279565133906,0.0,0.313881240220007,0.1930527249326497,0.0
0.2957756710487477,0.1577635449506476,0.0,0.3164579275319998,0.15902318437936505,0.0
0.2957756710487477,0.1577635449506476,0.0,0.28498409115672324,0.1737094731869752,0.0
0.2957756710487477,0.1577635449506476,0.0,0.2751969301369215,0.1558812374417763,0.0
0.2957756710487477,0.1577635449506476,0.0,0.30683589130949124,0.1426494978509995,0.0
0.2957756710487477,0.1577635449506476,0.0,0.2858699197870526,0.1419928677266075,0.0
0.3164579275319998,0.15902318437936505,0.0,0.3250819641937472,0.17682576998148372,0.0
0.3164579275319998,0.15902318437936505,0.0,0.30683589130949124,0.1426494978509995,0.0
0.3164579275319998,0.15902318437936505,0.0,0.3275052303247958,0.14339929154792685,0.0
0.7467488636697335,0.1549970267096873,0.0,0.7376551122797359,0.1361591538841912,0.0
0.7467488636697335,0.1549970267096873,0.0,0.7556069598295493,0.17279048864375932,0.0
0.7467488636697335,0.1549970267096873,0.0,0.7662569883546408,0.15589549558753887,0.0
0.8893273531050268,0.15517920710792482,0.0,0.8813609854942127,0.17291983797060634,0.0
0.8893273531050268,0.15517920710792482,0.0,0.898329923605509,0.13818093720620264,0.0
0.8893273531050268,0.15517920710792482,0.0,0.9080893847677943,0.1548990950136424,0.0
0.9483888229400619,0.12051071715500854,0.0,0.965789194678487,0.10941478667467323,0.0
0.9483888229400619,0.12051071715500854,0.0,0.9340997605874293,0.1069615496712452,0.0
0.9483888229400619,0.12051071715500854,0.0,0.9379597397359206,0.13912568373954293,0.0
0.9483888229400619,0.12051071715500854,0.0,0.9275336933147353,0.12205612736842825,0.0
0.965789194678487,0.10941478667467323,0.0,0.9826795168510692,0.11997226519210595,0.0
0.965789194678487,0.10941478667467323,0.0,0.9826795442628827,0.09996586969266799,0.0
0.965789194678487,0.10941478667467323,0.0,0.9654308095893428,0.0898703830528871,0.0
0.01609175714423221,0.03855908250692765,0.0,0.03228995561090952,0.026599973976939573,0.0
0.01609175714423221,0.03855908250692765,0.0,0.0002667555851949112,0.049949447068112614,0.0
0.01609175714423221,0.03855908250692765,0.0,0.0003001000333443396,0.02994270428991788,0.0
0.01609175714423221,0.03855908250692765,0.0,0.014572578948429036,0.023926869058636575,0.0
0.19639783710697004,0.12484614165425083,0.0,0.2085897571491453,0.10819502581431417,0.0
0.19639783710697004,0.12484614165425083,0.0,0.18859821557387604,0.10755054465992166,0.0
0.44009006101043724,0.025011914017501743,0.0,0.4494528024806143,0.042917392360647365,0.0
0.44009006101043724,0.025011914017501743,0.0,0.4292926785853058,0.04180662572595519,0.0
0.44009006101043724,0.025011914017501743,0.0,0.4601861486051663,0.0260609737732384,0.0
0.44009006101043724,0.025011914017501743,0.0,0.4510165719556602,0.00810038806871526,0.0
0.4494528024806143,0.042917392360647365,0.0,0.4292926785853058,0.04180662572595519,0.0
0.4494528024806143,0.042917392360647365,0.0,0.4601861486051663,0.0260609737732384,0.0
0.4494528024806143,0.042917392360647365,0.0,0.46967323795424026,0.04375069443857014,0.0
0.9348318024278405,0.1714155124763282,0.0,0.9328412315354322,0.18946709055115574,0.0
0.9348318024278405,0.1714155124763282,0.0,0.9272487115904876,0.155879374773291,0.0
0.3250819641937472,0.17682576998148372,0.0,0.313881240220007,0.1930527249326497,0.0
0.3250819641937472,0.17682576998148372,0.0,0.3334679733597575,0.1950146597444102,0.0
0.7376551122797359,0.1361591538841912,0.0,0.7283274489184001,0.11783071453910055,0.0
0.7376551122797359,0.1361591538841912,0.0,0.718092032256003,0.13490035264316963,0.0
0.7304021624499037,0.025879001572988242,0.0,0.7366838746191244,0.006827360711554779,0.0
0.7304021624499037,0.025879001572988242,0.0,0.7450618645979682,0.021972970977921686,0.0
0.948638753204902,0.059542455837144806,0.0,0.9662024972803673,0.07086206988620032,0.0
0.948638753204902,0.059542455837144806,0.0,0.9379574926962465,0.0414565253315955,0.0
0.948638753204902,0.059542455837144806,0.0,0.9349850148036775,0.07112420977236776,0.0
0.9662024972803673,0.07086206988620032,0.0,0.9654308095893428,0.0898703830528871,0.0
0.9662024972803673,0.07086206988620032,0.0,0.9832149156965834,0.06088028855785009,0.0
0.9662024972803673,0.07086206988620032,0.0,0.9827807454044329,0.08009856785968825,0.0
0.5202558377028264,0.02653880129609839,0.0,0.5000514829641883,0.026906100734805732,0.0
0.5202558377028264,0.02653880129609839,0.0,0.5405101737896476,0.025679407032847632,0.0
0.5202558377028264,0.02653880129609839,0.0,0.5100053696706678,0.00985691043534724,0.0
0.5202558377028264,0.02653880129609839,0.0,0.5296733693947573,0.009248623892549272,0.0
0.8153373599961616,0.17603336543911133,0.0,0.7953286664822847,0.17454424481223074,0.0
0.8153373599961616,0.17603336543911133,0.0,0.8040739682388426,0.1922212148074821,0.0
0.8153373599961616,0.17603336543911133,0.0,0.8236791101517987,0.1939886763111289,0.0
0.9379574926962465,0.0414565253315955,0.0,0.9495122844588092,0.025122673227851205,0.0
0.9379574926962465,0.0414565253315955,0.0,0.9179684852046027,0.03904624322065427,0.0
0.9379574926962465,0.0414565253315955,0.0,0.9295449734918894,0.023409177416160075,0.0
0.28498409115672324,0.1737094731869752,0.0,0.26508689416161896,0.17314479850859318,0.0
0.28498409115672324,0.1737094731869752,0.0,0.2751969301369215,0.1558812374417763,0.0
0.28498409115672324,0.1737094731869752,0.0,0.2746002114883518,0.1904740302508034,0.0
0.28498409115672324,0.1737094731869752,0.0,0.2942574624549822,0.1915070910332105,0.0
0.22484049507584064,0.17346542087720107,0.0,0.2351357391213171,0.15592471767326033,0.0
0.22484049507584064,0.17346542087720107,0.0,0.24494735388634173,0.1730430212807363,0.0
0.22484049507584064,0.17346542087720107,0.0,0.2352375608496372,0.1901715774166525,0.0
0.22484049507584064,0.17346542087720107,0.0,0.2155675444190997,0.1909215933815534,0.0
0.4601861486051663,0.0260609737732384,0.0,0.48002577381127076,0.026657807851455977,0.0
0.4601861486051663,0.0260609737732384,0.0,0.46967323795424026,0.04375069443857014,0.0
0.4601861486051663,0.0260609737732384,0.0,0.4706597272299095,0.009263791892572879,0.0
0.4601861486051663,0.0260609737732384,0.0,0.4510165719556602,0.00810038806871526,0.0
0.5918086727190928,0.039687540249246624,0.0,0.5802375305917736,0.02269017742262401,0.0
0.5918086727190928,0.039687540249246624,0.0,0.5717043343774206,0.04082683209234606,0.0
0.5918086727190928,0.039687540249246624,0.0,0.602881730965299,0.05600577724096542,0.0
0.05339417053944541,0.02319321822129996,0.0,0.03228995561090952,0.026599973976939573,0.0
0.05339417053944541,0.02319321822129996,0.0,0.04797054997599681,0.03951882389363273,0.0
0.05339417053944541,0.02319321822129996,0.0,0.03966507013399938,0.00871907691415591,0.0
0.05339417053944541,0.02319321822129996,0.0,0.05929053036130226,0.007286198422901556,0.0
0.03228995561090952,0.026599973976939573,0.0,0.04797054997599681,0.03951882389363273,0.0
0.03228995561090952,0.026599973976939573,0.0,0.020008288892461607,0.009621412942046588,0.0
0.03228995561090952,0.026599973976939573,0.0,0.03966507013399938,0.00871907691415591,0.0
0.03228995561090952,0.026599973976939573,0.0,0.014572578948429036,0.023926869058636575,0.0
0.04797054997599681,0.03951882389363273,0.0,0.059631909262884884,0.05426733798998808,0.0
0.8881585859897578,0.052691536688730514,0.0,0.8787584558163603,0.03496822941009843,0.0
0.8881585859897578,0.052691536688730514,0.0,0.8980882409914672,0.036797803827835006,0.0
0.012444547151257083,0.13996949556975335,0.0,0.0001333777925972035,0.1299754011005054,0.0
0.012444547151257083,0.13996949556975335,0.0,0.0001000333444479161,0.14998168243130816,0.0
0.7556069598295493,0.17279048864375932,0.0,0.7450787942757616,0.1900191158835712,0.0
0.7556069598295493,0.17279048864375932,0.0,0.7647624404709625,0.1901715774472619,0.0
0.7556069598295493,0.17279048864375932,0.0,0.7753583549107558,0.17346557857584252,0.0
0.7556069598295493,0.17279048864375932,0.0,0.7662569883546408,0.15589549558753887,0.0
0.3677550197330006,0.14567341104905487,0.0,0.3583166274988506,0.1281739208895174,0.0
0.3677550197330006,0.14567341104905487,0.0,0.3782405517986376,0.1286602767056906,0.0
0.3677550197330006,0.14567341104905487,0.0,0.3879243803470583,0.14616616649823577,0.0
0.3677550197330006,0.14567341104905487,0.0,0.3475714772925957,0.1445004252592374,0.0
0.9340997605874293,0.1069615496712452,0.0,0.9180060838097854,0.10457819560206258,0.0
0.9340997605874293,0.1069615496712452,0.0,0.9275336933147353,0.12205612736842825,0.0
0.26508689416161896,0.17314479850859318,0.0,0.2751969301369215,0.1558812374417763,0.0
0.26508689416161896,0.17314479850859318,0.0,0.24494735388634173,0.1730430212807363,0.0
0.26508689416161896,0.17314479850859318,0.0,0.2746002114883518,0.1904740302508034,0.0
0.26508689416161896,0.17314479850859318,0.0,0.2551840805482792,0.15579483749158338,0.0
0.26508689416161896,0.17314479850859318,0.0,0.2549212071454445,0.1900191158946087,0.0
0.2751969301369215,0.1558812374417763,0.0,0.2858699197870526,0.1419928677266075,0.0
0.2751969301369215,0.1558812374417763,0.0,0.2551840805482792,0.15579483749158338,0.0
0.2751969301369215,0.1558812374417763,0.0,0.26542371207905324,0.1418108170558507,0.0
0.2976838256849206,0.12620177165433685,0.0,0.30683589130949124,0.1426494978509995,0.0
0.2976838256849206,0.12620177165433685,0.0,0.2858699197870526,0.1419928677266075,0.0
0.2976838256849206,0.12620177165433685,0.0,0.31825628496238884,0.12725500497818815,0.0
0.2976838256849206,0.12620177165433685,0.0,0.3085727712185235,0.1100456559718311,0.0
0.2976838256849206,0.12620177165433685,0.0,0.28857618560914067,0.1096750015502411,0.0
0.2976838256849206,0.12620177165433685,0.0,0.2773762811201189,0.12614560534902045,0.0
0.30683589130949124,0.1426494978509995,0.0,0.2858699197870526,0.1419928677266075,0.0
0.30683589130949124,0.1426494978509995,0.0,0.31825628496238884,0.12725500497818815,0.0
0.30683589130949124,0.1426494978509995,0.0,0.3275052303247958,0.14339929154792685,0.0
0.2858699197870526,0.1419928677266075,0.0,0.2773762811201189,0.12614560534902045,0.0
0.2858699197870526,0.1419928677266075,0.0,0.26542371207905324,0.1418108170558507,0.0
0.9495122844588092,0.025122673227851205,0.0,0.9606677778427472,0.00873899605487725,0.0
0.9495122844588092,0.025122673227851205,0.0,0.9410417140265136,0.007314442742685813,0.0
0.9495122844588092,0.025122673227851205,0.0,0.9295449734918894,0.023409177416160075,0.0
0.2351357391213171,0.15592471767326033,0.0,0.24494735388634173,0.1730430212807363,0.0
0.2351357391213171,0.15592471767326033,0.0,0.2551840805482792,0.15579483749158338,0.0
0.2351357391213171,0.15592471767326033,0.0,0.24533226917161338,0.14172703258296968,0.0
0.48002577381127076,0.026657807851455977,0.0,0.46967323795424026,0.04375069443857014,0.0
0.48002577381127076,0.026657807851455977,0.0,0.5000514829641883,0.026906100734805732,0.0
0.48002577381127076,0.026657807851455977,0.0,0.4706597272299095,0.009263791892572879,0.0
0.48002577381127076,0.026657807851455977,0.0,0.48979828246405327,0.04410376208962044,0.0
0.48002577381127076,0.026657807851455977,0.0,0.49032803178127377,0.009862077348697523,0.0
0.46967323795424026,0.04375069443857014,0.0,0.48979828246405327,0.04410376208962044,0.0
0.46967323795424026,0.04375069443857014,0.0,0.47948369294867604,0.06123128194796133,0.0
0.2277239975088094,0.00729711173887027,0.0,0.22014805670516233,0.023977972268075416,0.0
0.2277239975088094,0.00729711173887027,0.0,0.23946250772345298,0.023874759825311856,0.0
0.2277239975088094,0.00729711173887027,0.0,0.24698739001453796,0.006503453555701838,0.0
0.2277239975088094,0.00729711173887027,0.0,0.21582822580542319,-0.009156275612554571,0.0
0.2277239975088094,0.00729711173887027,0.0,0.20774372907633276,0.007979038427967634,0.0
0.2277239975088094,0.00729711173887027,0.0,0.23549227200638156,-0.009898438205132089,0.0
0.22014805670516233,0.023977972268075416,0.0,0.23946250772345298,0.023874759825311856,0.0
0.22014805670516233,0.023977972268075416,0.0,0.22986715832117594,0.039272938446101746,0.0
0.22014805670516233,0.023977972268075416,0.0,0.20986449215822392,0.03922315249848338,0.0
0.22014805670516233,0.023977972268075416,0.0,0.20774372907633276,0.007979038427967634,0.0
0.22014805670516233,0.023977972268075416,0.0,0.19992565781126148,0.02435449736831802,0.0
0.23946250772345298,0.023874759825311856,0.0,0.24698739001453796,0.006503453555701838,0.0
0.23946250772345298,0.023874759825311856,0.0,0.22986715832117594,0.039272938446101746,0.0
0.23946250772345298,0.023874759825311856,0.0,0.2498570024513382,0.040016529307562214,0.0
0.3181980397896672,0.02468443424665341,0.0,0.3242191651527941,0.009121965035501976,0.0
0.3181980397896672,0.02468443424665341,0.0,0.33425138268736165,0.025552970689921007,0.0
0.3181980397896672,0.02468443424665341,0.0,0.30980176882642885,0.04130136011822905,0.0
0.7953286664822847,0.17454424481223074,0.0,0.7753583549107558,0.17346557857584252,0.0
0.7953286664822847,0.17454424481223074,0.0,0.7861099868772994,0.1567066621257504,0.0
0.7953286664822847,0.17454424481223074,0.0,0.8040739682388426,0.1922212148074821,0.0
0.7953286664822847,0.17454424481223074,0.0,0.7844324567857922,0.1909215934450424,0.0
0.1731414906902486,0.1600895611133806,0.0,0.1646946480421326,0.17809847722553165,0.0
0.1731414906902486,0.1600895611133806,0.0,0.15290674904355653,0.16208319222231046,0.0
0.1731414906902486,0.1600895611133806,0.0,0.1846177778178626,0.17611201916870367,0.0
0.1646946480421326,0.17809847722553165,0.0,0.15290674904355653,0.16208319222231046,0.0
0.1646946480421326,0.17809847722553165,0.0,0.1846177778178626,0.17611201916870367,0.0
0.1646946480421326,0.17809847722553165,0.0,0.1449658438448369,0.1802862385205477,0.0
0.1646946480421326,0.17809847722553165,0.0,0.1763208908223542,0.1939886762133007,0.0
0.1646946480421326,0.17809847722553165,0.0,0.1567512396874989,0.1961150489967212,0.0
0.15290674904355653,0.16208319222231046,0.0,0.13298576647986832,0.16433091214836745,0.0
0.15290674904355653,0.16208319222231046,0.0,0.1449658438448369,0.1802862385205477,0.0
0.24494735388634173,0.1730430212807363,0.0,0.2551840805482792,0.15579483749158338,0.0
0.24494735388634173,0.1730430212807363,0.0,0.2549212071454445,0.1900191158946087,0.0
0.24494735388634173,0.1730430212807363,0.0,0.2352375608496372,0.1901715774166525,0.0
0.5000514829641883,0.026906100734805732,0.0,0.48979828246405327,0.04410376208962044,0.0
0.5000514829641883,0.026906100734805732,0.0,0.49032803178127377,0.009862077348697523,0.0
0.5000514829641883,0.026906100734805732,0.0,0.5100053696706678,0.00985691043534724,0.0
0.03206866813178017,0.07017368584459312,0.0,0.04968614819760402,0.07055150383028656,0.0
0.8627921253644149,0.1984719234020252,0.0,0.8823244412923026,0.2009191174150899,0.0
0.8627921253644149,0.1984719234020252,0.0,0.8432487611881002,0.1961150490981094,0.0
0.8627921253644149,0.1984719234020252,0.0,0.8772077371679218,0.1870783626730281,0.0
0.7450787942757616,0.1900191158835712,0.0,0.7647624404709625,0.1901715774472619,0.0
0.5802375305917736,0.02269017742262401,0.0,0.5717043343774206,0.04082683209234606,0.0
0.5802375305917736,0.02269017742262401,0.0,0.5884945165125207,0.004363916449908052,0.0
0.5802375305917736,0.02269017742262401,0.0,0.5604275206398017,0.024310415114639293,0.0
0.5802375305917736,0.02269017742262401,0.0,0.5689234630004093,0.006413641497724961,0.0
0.2746002114883518,0.1904740302508034,0.0,0.2942574624549822,0.1915070910332105,0.0
0.2746002114883518,0.1904740302508034,0.0,0.2549212071454445,0.1900191158946087,0.0
0.5405101737896476,0.025679407032847632,0.0,0.5604275206398017,0.024310415114639293,0.0
0.5405101737896476,0.025679407032847632,0.0,0.5296733693947573,0.009248623892549272,0.0
0.5405101737896476,0.025679407032847632,0.0,0.5493159910757641,0.008076185877332625,0.0
0.4706597272299095,0.009263791892572879,0.0,0.4510165719556602,0.00810038806871526,0.0
0.4706597272299095,0.009263791892572879,0.0,0.49032803178127377,0.009862077348697523,0.0
0.9606677778427472,0.00873899605487725,0.0,0.9410417140265136,0.007314442742685813,0.0
0.9606677778427472,0.00873899605487725,0.0,0.980324995015478,0.009631747754781254,0.0
0.8787584558163603,0.03496822941009843,0.0,0.8710181283377296,0.016635919060792148,0.0
0.8787584558163603,0.03496822941009843,0.0,0.8595113208198787,0.03369999912574234,0.0
0.8787584558163603,0.03496822941009843,0.0,0.8902143332997365,0.019043992566609366,0.0
0.8787584558163603,0.03496822941009843,0.0,0.8980882409914672,0.036797803827835006,0.0
0.8710181283377296,0.016635919060792148,0.0,0.8595113208198787,0.03369999912574234,0.0
0.8710181283377296,0.016635919060792148,0.0,0.8902143332997365,0.019043992566609366,0.0
0.8710181283377296,0.016635919060792148,0.0,0.8823646696634925,0.000859841296347903,0.0
0.8595113208198787,0.03369999912574234,0.0,0.8493508649157191,0.050614040035224246,0.0
0.34243644056330064,0.012101729151878312,0.0,0.3242191651527941,0.009121965035501976,0.0
0.34243644056330064,0.012101729151878312,0.0,0.33425138268736165,0.025552970689921007,0.0
0.34243644056330064,0.012101729151878312,0.0,0.33369002301647893,-0.005025399532488225,0.0
0.34243644056330064,0.012101729151878312,0.0,0.3532382879565006,-0.0027649956899077604,0.0
0.3242191651527941,0.009121965035501976,0.0,0.33425138268736165,0.025552970689921007,0.0
0.3242191651527941,0.009121965035501976,0.0,0.33369002301647893,-0.005025399532488225,0.0
0.3242191651527941,0.009121965035501976,0.0,0.3141100058365091,-0.0069908010021629725,0.0
0.24698739001453796,0.006503453555701838,0.0,0.23549227200638156,-0.009898438205132089,0.0
0.24698739001453796,0.006503453555701838,0.0,0.2551697238459824,-0.010043063642225944,0.0
0.022022979097576792,0.18770499178000183,0.0,3.334444814934153e-05,0.18999399786525034,0.0
0.022022979097576792,0.18770499178000183,0.0,0.014343839586931627,0.17475556064143904,0.0
0.022022979097576792,0.18770499178000183,0.0,0.01968189381931244,0.2096956954280177,0.0
0.022022979097576792,0.18770499178000183,0.0,0.01195437656760181,0.1977524505624251,0.0
0.1846177778178626,0.17611201916870367,0.0,0.1959260328513177,0.1922212147213933,0.0
0.1846177778178626,0.17611201916870367,0.0,0.1763208908223542,0.1939886762133007,0.0
0.7366838746191244,0.006827360711554779,0.0,0.7450618645979682,0.021972970977921686,0.0
0.7366838746191244,0.006827360711554779,0.0,0.7451637173887894,-0.010045696193294875,0.0
0.5717043343774206,0.04082683209234606,0.0,0.5604275206398017,0.024310415114639293,0.0
0.5884945165125207,0.004363916449908052,0.0,0.608036480147613,0.0020512851849305365,0.0
0.5884945165125207,0.004363916449908052,0.0,0.5689234630004093,0.006413641497724961,0.0
0.7647624404709625,0.1901715774472619,0.0,0.7753583549107558,0.17346557857584252,0.0
0.7647624404709625,0.1901715774472619,0.0,0.7844324567857922,0.1909215934450424,0.0
0.2551840805482792,0.15579483749158338,0.0,0.24533226917161338,0.14172703258296968,0.0
0.2551840805482792,0.15579483749158338,0.0,0.26542371207905324,0.1418108170558507,0.0
0.7753583549107558,0.17346557857584252,0.0,0.7861099868772994,0.1567066621257504,0.0
0.7753583549107558,0.17346557857584252,0.0,0.7662569883546408,0.15589549558753887,0.0
0.7753583549107558,0.17346557857584252,0.0,0.7844324567857922,0.1909215934450424,0.0
0.7861099868772994,0.1567066621257504,0.0,0.7662569883546408,0.15589549558753887,0.0
0.8040739682388426,0.1922212148074821,0.0,0.8236791101517987,0.1939886763111289,0.0
0.8040739682388426,0.1922212148074821,0.0,0.7844324567857922,0.1909215934450424,0.0
0.48979828246405327,0.04410376208962044,0.0,0.49954755721634114,0.06153674749928589,0.0
0.48979828246405327,0.04410376208962044,0.0,0.47948369294867604,0.06123128194796133,0.0
0.9328412315354322,0.18946709055115574,0.0,0.921425379683128,0.2055086350647987,0.0
0.9328412315354322,0.18946709055115574,0.0,0.9410212191544387,0.2073769316668632,0.0
0.9328412315354322,0.18946709055115574,0.0,0.9509069316298745,0.19540363062311564,0.0
0.2942574624549822,0.1915070910332105,0.0,0.313881240220007,0.1930527249326497,0.0
0.9410417140265136,0.007314442742685813,0.0,0.9295449734918894,0.023409177416160075,0.0
0.9410417140265136,0.007314442742685813,0.0,0.9214525402535787,0.005447216534917311,0.0
0.8902143332997365,0.019043992566609366,0.0,0.8980882409914672,0.036797803827835006,0.0
0.8902143332997365,0.019043992566609366,0.0,0.909773279002813,0.02129055909157069,0.0
0.8902143332997365,0.019043992566609366,0.0,0.8823646696634925,0.000859841296347903,0.0
0.8902143332997365,0.019043992566609366,0.0,0.901897182302765,0.0032517123554594426,0.0
0.8980882409914672,0.036797803827835006,0.0,0.9179684852046027,0.03904624322065427,0.0
0.8980882409914672,0.036797803827835006,0.0,0.909773279002813,0.02129055909157069,0.0
0.5604275206398017,0.024310415114639293,0.0,0.5689234630004093,0.006413641497724961,0.0
0.5604275206398017,0.024310415114639293,0.0,0.5493159910757641,0.008076185877332625,0.0
0.313881240220007,0.1930527249326497,0.0,0.3334679733597575,0.1950146597444102,0.0
0.5689234630004093,0.006413641497724961,0.0,0.5493159910757641,0.008076185877332625,0.0
0.8236791101517987,0.1939886763111289,0.0,0.8432487611881002,0.1961150490981094,0.0
0.3334679733597575,0.1950146597444102,0.0,0.3530228816138251,0.1972732469543295,0.0
0.8813609854942127,0.17291983797060634,0.0,0.8772077371679218,0.1870783626730281,0.0
0.13298576647986832,0.16433091214836745,0.0,0.11376101434301185,0.16726863025182526,0.0
0.13298576647986832,0.16433091214836745,0.0,0.12540896973929586,0.18277670594725856,0.0
0.13298576647986832,0.16433091214836745,0.0,0.12108698373507938,0.14969950230742485,0.0
0.13298576647986832,0.16433091214836745,0.0,0.1449658438448369,0.1802862385205477,0.0
0.11376101434301185,0.16726863025182526,0.0,0.12540896973929586,0.18277670594725856,0.0
0.11376101434301185,0.16726863025182526,0.0,0.12108698373507938,0.14969950230742485,0.0
0.11376101434301185,0.16726863025182526,0.0,0.1057808114223593,0.1855045272272206,0.0
0.12540896973929586,0.18277670594725856,0.0,0.1449658438448369,0.1802862385205477,0.0
0.12540896973929586,0.18277670594725856,0.0,0.1057808114223593,0.1855045272272206,0.0
0.12540896973929586,0.18277670594725856,0.0,0.1176755593694548,0.2009191173322832,0.0
0.12540896973929586,0.18277670594725856,0.0,0.1372078753933555,0.1984719233079192,0.0
0.49954755721634114,0.06153674749928589,0.0,0.5091789158341309,0.07909321591103657,0.0
0.49954755721634114,0.06153674749928589,0.0,0.4891987433638571,0.07872066591426777,0.0
0.49954755721634114,0.06153674749928589,0.0,0.47948369294867604,0.06123128194796133,0.0
0.5091789158341309,0.07909321591103657,0.0,0.4988951101891421,0.0962130633793265,0.0
0.5091789158341309,0.07909321591103657,0.0,0.4891987433638571,0.07872066591426777,0.0
0.5091789158341309,0.07909321591103657,0.0,0.5189867120050814,0.0965282650927313,0.0
0.48855345838889563,0.11336334520846414,0.0,0.4988951101891421,0.0962130633793265,0.0
0.48855345838889563,0.11336334520846414,0.0,0.478873050495083,0.09585834717161756,0.0
0.48855345838889563,0.11336334520846414,0.0,0.5085891142438596,0.1137112219266825,0.0
0.48855345838889563,0.11336334520846414,0.0,0.4982346742384531,0.1308693819772131,0.0
0.48855345838889563,0.11336334520846414,0.0,0.47822653430719037,0.13050602119725163,0.0
0.48855345838889563,0.11336334520846414,0.0,0.46854602805967194,0.11300024485109264,0.0
0.4988951101891421,0.0962130633793265,0.0,0.478873050495083,0.09585834717161756,0.0
0.4988951101891421,0.0962130633793265,0.0,0.4891987433638571,0.07872066591426777,0.0
0.4988951101891421,0.0962130633793265,0.0,0.5189867120050814,0.0965282650927313,0.0
0.4988951101891421,0.0962130633793265,0.0,0.5085891142438596,0.1137112219266825,0.0
0.478873050495083,0.09585834717161756,0.0,0.4891987433638571,0.07872066591426777,0.0
0.478873050495083,0.09585834717161756,0.0,0.4588673475268583,0.09549639900834046,0.0
0.478873050495083,0.09585834717161756,0.0,0.46854602805967194,0.11300024485109264,0.0
0.478873050495083,0.09585834717161756,0.0,0.46917762001048274,0.07835642978980395,0.0
0.4891987433638571,0.07872066591426777,0.0,0.46917762001048274,0.07835642978980395,0.0
0.4891987433638571,0.07872066591426777,0.0,0.47948369294867604,0.06123128194796133,0.0
0.602881730965299,0.05600577724096542,0.0,0.6226817617574264,0.05447270522886847,0.0
0.602881730965299,0.05600577724096542,0.0,0.6148083715563737,0.07192768152403356,0.0
0.0002334111370453746,0.06995607522604425,0.0,0.0002667555851949112,0.049949447068112614,0.0
0.0002334111370453746,0.06995607522604425,0.0,0.0002000666888959734,0.08996260280596693,0.0
0.0001667222407464953,0.10996904619433877,0.0,0.0002000666888959734,0.08996260280596693,0.0
0.0001667222407464953,0.10996904619433877,0.0,0.0001333777925972035,0.1299754011005054,0.0
0.5189867120050814,0.0965282650927313,0.0,0.528708709208867,0.11401295005135974,0.0
0.5189867120050814,0.0965282650927313,0.0,0.5085891142438596,0.1137112219266825,0.0
0.0002667555851949112,0.049949447068112614,0.0,0.0003001000333443396,0.02994270428991788,0.0
0.0003001000333443396,0.02994270428991788,0.0,0.0003334435985906812,0.009935763389284999,0.0
0.0003001000333443396,0.02994270428991788,0.0,0.014572578948429036,0.023926869058636575,0.0
0.0001333777925972035,0.1299754011005054,0.0,0.0001000333444479161,0.14998168243130816,0.0
6.668889629864687e-05,0.16998788736896578,0.0,0.0001000333444479161,0.14998168243130816,0.0
6.668889629864687e-05,0.16998788736896578,0.0,3.334444814934153e-05,0.18999399786525034,0.0
6.668889629864687e-05,0.16998788736896578,0.0,0.014343839586931627,0.17475556064143904,0.0
0.6226817617574264,0.05447270522886847,0.0,0.6148083715563737,0.07192768152403356,0.0
0.6226817617574264,0.05447270522886847,0.0,0.6425423622711274,0.05236930923812976,0.0
0.6226817617574264,0.05447270522886847,0.0,0.6349855974811097,0.06921442676522362,0.0
0.528708709208867,0.11401295005135974,0.0,0.5487125842954279,0.114379179026653,0.0
0.528708709208867,0.11401295005135974,0.0,0.5085891142438596,0.1137112219266825,0.0
0.528708709208867,0.11401295005135974,0.0,0.5182539568921875,0.13122670415464988,0.0
0.528708709208867,0.11401295005135974,0.0,0.5382304965518185,0.13160794387582653,0.0
0.6148083715563737,0.07192768152403356,0.0,0.6349855974811097,0.06921442676522362,0.0
0.6148083715563737,0.07192768152403356,0.0,0.627784587825155,0.08557148509329454,0.0
0.6148083715563737,0.07192768152403356,0.0,0.6084376595309777,0.0851413640543741,0.0
0.5487125842954279,0.114379179026653,0.0,0.5687234580354223,0.11466380949328932,0.0
0.5487125842954279,0.114379179026653,0.0,0.5582097345107185,0.13198777445246632,0.0
0.5487125842954279,0.114379179026653,0.0,0.5382304965518185,0.13160794387582653,0.0
0.5085891142438596,0.1137112219266825,0.0,0.5182539568921875,0.13122670415464988,0.0
0.5085891142438596,0.1137112219266825,0.0,0.4982346742384531,0.1308693819772131,0.0
0.6425423622711274,0.05236930923812976,0.0,0.6625797793267861,0.05086274161863368,0.0
0.6425423622711274,0.05236930923812976,0.0,0.6349855974811097,0.06921442676522362,0.0
0.5182539568921875,0.13122670415464988,0.0,0.4982346742384531,0.1308693819772131,0.0
0.5182539568921875,0.13122670415464988,0.0,0.507906745232399,0.14838066300432118,0.0
0.5182539568921875,0.13122670415464988,0.0,0.5279023368158184,0.14875123428020642,0.0
0.5182539568921875,0.13122670415464988,0.0,0.5382304965518185,0.13160794387582653,0.0
0.4982346742384531,0.1308693819772131,0.0,0.507906745232399,0.14838066300432118,0.0
0.4982346742384531,0.1308693819772131,0.0,0.487905372570586,0.14801345020852918,0.0
0.4982346742384531,0.1308693819772131,0.0,0.47822653430719037,0.13050602119725163,0.0
0.5687234580354223,0.11466380949328932,0.0,0.5582097345107185,0.13198777445246632,0.0
0.5687234580354223,0.11466380949328932,0.0,0.5886642360389175,0.11500574264847792,0.0
0.5687234580354223,0.11466380949328932,0.0,0.578268402921477,0.13227577629610238,0.0
0.5582097345107185,0.13198777445246632,0.0,0.578268402921477,0.13227577629610238,0.0
0.5582097345107185,0.13198777445246632,0.0,0.5678878414641031,0.14949592135094775,0.0
0.5582097345107185,0.13198777445246632,0.0,0.5382304965518185,0.13160794387582653,0.0
0.5582097345107185,0.13198777445246632,0.0,0.5478967410307873,0.14905490227909485,0.0
0.507906745232399,0.14838066300432118,0.0,0.487905372570586,0.14801345020852918,0.0
0.507906745232399,0.14838066300432118,0.0,0.5279023368158184,0.14875123428020642,0.0
0.507906745232399,0.14838066300432118,0.0,0.5175761436354619,0.16589340253780266,0.0
0.507906745232399,0.14838066300432118,0.0,0.49757954391749837,0.16552345839194832,0.0
0.487905372570586,0.14801345020852918,0.0,0.47822653430719037,0.13050602119725163,0.0
0.487905372570586,0.14801345020852918,0.0,0.4679060583113898,0.14764523253810152,0.0
0.487905372570586,0.14801345020852918,0.0,0.4775909119622736,0.16473440564243955,0.0
0.487905372570586,0.14801345020852918,0.0,0.49757954391749837,0.16552345839194832,0.0
0.5886642360389175,0.11500574264847792,0.0,0.5989550523426771,0.09885320474757073,0.0
0.5886642360389175,0.11500574264847792,0.0,0.6085632326147888,0.11568333294047749,0.0
0.5886642360389175,0.11500574264847792,0.0,0.598233130631703,0.1327081732171872,0.0
0.5886642360389175,0.11500574264847792,0.0,0.578268402921477,0.13227577629610238,0.0
0.5279023368158184,0.14875123428020642,0.0,0.5175761436354619,0.16589340253780266,0.0
0.5279023368158184,0.14875123428020642,0.0,0.5375806623832108,0.1658528982029726,0.0
0.5279023368158184,0.14875123428020642,0.0,0.5382304965518185,0.13160794387582653,0.0
0.5279023368158184,0.14875123428020642,0.0,0.5478967410307873,0.14905490227909485,0.0
0.5175761436354619,0.16589340253780266,0.0,0.5375806623832108,0.1658528982029726,0.0
0.5175761436354619,0.16589340253780266,0.0,0.49757954391749837,0.16552345839194832,0.0
0.5175761436354619,0.16589340253780266,0.0,0.5074984714460689,0.17868650229120336,0.0
0.5175761436354619,0.16589340253780266,0.0,0.5274550007437271,0.179054652622014,0.0
0.47822653430719037,0.13050602119725163,0.0,0.4679060583113898,0.14764523253810152,0.0
0.47822653430719037,0.13050602119725163,0.0,0.4582275801685373,0.13013766548358113,0.0
0.47822653430719037,0.13050602119725163,0.0,0.46854602805967194,0.11300024485109264,0.0
0.5989550523426771,0.09885320474757073,0.0,0.6085632326147888,0.11568333294047749,0.0
0.5989550523426771,0.09885320474757073,0.0,0.6188358066174958,0.09944723063839034,0.0
0.5989550523426771,0.09885320474757073,0.0,0.6084376595309777,0.0851413640543741,0.0
0.5375806623832108,0.1658528982029726,0.0,0.5478967410307873,0.14905490227909485,0.0
0.5375806623832108,0.1658528982029726,0.0,0.5574400707466244,0.16496288269497578,0.0
0.5375806623832108,0.1658528982029726,0.0,0.5274550007437271,0.179054652622014,0.0
0.5375806623832108,0.1658528982029726,0.0,0.5473785947869833,0.17864466226620973,0.0
0.6085632326147888,0.11568333294047749,0.0,0.6188358066174958,0.09944723063839034,0.0
0.6085632326147888,0.11568333294047749,0.0,0.598233130631703,0.1327081732171872,0.0
0.6085632326147888,0.11568333294047749,0.0,0.6285242528571506,0.1161422287721069,0.0
0.6085632326147888,0.11568333294047749,0.0,0.6182140441685983,0.13306123235916045,0.0
0.4679060583113898,0.14764523253810152,0.0,0.4775909119622736,0.16473440564243955,0.0
0.4679060583113898,0.14764523253810152,0.0,0.4582275801685373,0.13013766548358113,0.0
0.4679060583113898,0.14764523253810152,0.0,0.44790861840511115,0.14727609952336604,0.0
0.4679060583113898,0.14764523253810152,0.0,0.45759974364557543,0.16406484538943608,0.0
1.0,0.16998790516783802,0.0,0.9831730376819362,0.1791358202603086,0.0
1.0,0.16998790516783802,0.0,0.9826794735716158,0.15998481105702625,0.0
1.0,0.16998790516783802,0.0,1.0,0.14998171694629375,0.0
1.0,0.16998790516783802,0.0,1.0,0.18999401996826626,0.0
0.9831730376819362,0.1791358202603086,0.0,0.9826794735716158,0.15998481105702625,0.0
0.9831730376819362,0.1791358202603086,0.0,1.0,0.18999401996826626,0.0
0.9826794735716158,0.15998481105702625,0.0,1.0,0.14998171694629375,0.0
1.0,0.10996908630767141,0.0,1.0,0.12997544407651612,0.0
1.0,0.10996908630767141,0.0,0.9826795168510692,0.11997226519210595,0.0
1.0,0.10996908630767141,0.0,0.9826795442628827,0.09996586969266799,0.0
1.0,0.10996908630767141,0.0,1.0,0.08996265307771276,0.0
1.0,0.12997544407651612,0.0,0.9826795168510692,0.11997226519210595,0.0
1.0,0.12997544407651612,0.0,1.0,0.14998171694629375,0.0
0.9826795168510692,0.11997226519210595,0.0,0.9826795442628827,0.09996586969266799,0.0
0.9826795442628827,0.09996586969266799,0.0,0.9654308095893428,0.0898703830528871,0.0
0.9826795442628827,0.09996586969266799,0.0,1.0,0.08996265307771276,0.0
0.9826795442628827,0.09996586969266799,0.0,0.9827807454044329,0.08009856785968825,0.0
0.6188358066174958,0.09944723063839034,0.0,0.6285242528571506,0.1161422287721069,0.0
0.6188358066174958,0.09944723063839034,0.0,0.6388216784016966,0.09983431610645806,0.0
0.6188358066174958,0.09944723063839034,0.0,0.627784587825155,0.08557148509329454,0.0
0.6188358066174958,0.09944723063839034,0.0,0.6084376595309777,0.0851413640543741,0.0
0.598233130631703,0.1327081732171872,0.0,0.5878919740453804,0.1497932862555531,0.0
0.598233130631703,0.1327081732171872,0.0,0.6182140441685983,0.13306123235916045,0.0
0.598233130631703,0.1327081732171872,0.0,0.6078960331762043,0.14981898828573142,0.0
0.598233130631703,0.1327081732171872,0.0,0.578268402921477,0.13227577629610238,0.0
0.4775909119622736,0.16473440564243955,0.0,0.45759974364557543,0.16406484538943608,0.0
0.4775909119622736,0.16473440564243955,0.0,0.49757954391749837,0.16552345839194832,0.0
0.4775909119622736,0.16473440564243955,0.0,0.48734316948614076,0.17821700829747836,0.0
0.4775909119622736,0.16473440564243955,0.0,0.46736084074728135,0.17707523206704884,0.0
0.4582275801685373,0.13013766548358113,0.0,0.44790861840511115,0.14727609952336604,0.0
0.4582275801685373,0.13013766548358113,0.0,0.43823046681188565,0.12976839833284842,0.0
0.4582275801685373,0.13013766548358113,0.0,0.44854902520692813,0.11263012356283843,0.0
0.4582275801685373,0.13013766548358113,0.0,0.46854602805967194,0.11300024485109264,0.0
1.0,0.18999401996826626,0.0,1.0,0.21,0.0
0.44790861840511115,0.14727609952336604,0.0,0.43823046681188565,0.12976839833284842,0.0
0.44790861840511115,0.14727609952336604,0.0,0.42791179742034624,0.14690673534870663,0.0
0.44790861840511115,0.14727609952336604,0.0,0.4375998262497981,0.16387031547562259,0.0
0.44790861840511115,0.14727609952336604,0.0,0.45759974364557543,0.16406484538943608,0.0
0.6285242528571506,0.1161422287721069,0.0,0.6388216784016966,0.09983431610645806,0.0
0.6285242528571506,0.1161422287721069,0.0,0.648513132074808,0.11653017747555601,0.0
0.6285242528571506,0.1161422287721069,0.0,0.6381960793241974,0.13346935078726158,0.0
0.6285242528571506,0.1161422287721069,0.0,0.6182140441685983,0.13306123235916045,0.0
0.7794458138708003,0.06678184224981838,0.0,0.7605475956434777,0.06691705871532644,0.0
0.7794458138708003,0.06678184224981838,0.0,0.7898799477083392,0.049501372086906054,0.0
0.7794458138708003,0.06678184224981838,0.0,0.7691254366227247,0.08390761794462932,0.0
0.7794458138708003,0.06678184224981838,0.0,0.7994372674582303,0.06717452903170842,0.0
0.7794458138708003,0.06678184224981838,0.0,0.789095877381746,0.08435825136926534,0.0
0.7605475956434777,0.06691705871532644,0.0,0.7491310409393758,0.08356226497829784,0.0
0.7605475956434777,0.06691705871532644,0.0,0.7691254366227247,0.08390761794462932,0.0
0.7187952503381833,0.10042344803921154,0.0,0.7388095475451779,0.10071370983803384,0.0
0.7187952503381833,0.10042344803921154,0.0,0.7283274489184001,0.11783071453910055,0.0
0.7187952503381833,0.10042344803921154,0.0,0.708498979362464,0.11745795741937942,0.0
0.7187952503381833,0.10042344803921154,0.0,0.6988238286578097,0.10006545190414491,0.0
0.7187952503381833,0.10042344803921154,0.0,0.7291095635869956,0.08328334039915852,0.0
0.7187952503381833,0.10042344803921154,0.0,0.7089816686069642,0.08337972970311053,0.0
0.7388095475451779,0.10071370983803384,0.0,0.7283274489184001,0.11783071453910055,0.0
0.7388095475451779,0.10071370983803384,0.0,0.7491310409393758,0.08356226497829784,0.0
0.7388095475451779,0.10071370983803384,0.0,0.7291095635869956,0.08328334039915852,0.0
0.7388095475451779,0.10071370983803384,0.0,0.7587678115407305,0.10102776827870737,0.0
0.7283274489184001,0.11783071453910055,0.0,0.708498979362464,0.11745795741937942,0.0
0.7283274489184001,0.11783071453910055,0.0,0.718092032256003,0.13490035264316963,0.0
0.7898799477083392,0.049501372086906054,0.0,0.7994372674582303,0.06717452903170842,0.0
0.7898799477083392,0.049501372086906054,0.0,0.8097656939224717,0.05001178594095198,0.0
0.9654308095893428,0.0898703830528871,0.0,0.9827807454044329,0.08009856785968825,0.0
0.7491310409393758,0.08356226497829784,0.0,0.7691254366227247,0.08390761794462932,0.0
0.7491310409393758,0.08356226497829784,0.0,0.7291095635869956,0.08328334039915852,0.0
0.7491310409393758,0.08356226497829784,0.0,0.7587678115407305,0.10102776827870737,0.0
0.7691254366227247,0.08390761794462932,0.0,0.789095877381746,0.08435825136926534,0.0
0.7691254366227247,0.08390761794462932,0.0,0.7587678115407305,0.10102776827870737,0.0
0.708498979362464,0.11745795741937942,0.0,0.6988238286578097,0.10006545190414491,0.0
0.708498979362464,0.11745795741937942,0.0,0.6885053764075915,0.11720639195440286,0.0
0.708498979362464,0.11745795741937942,0.0,0.6981854129860746,0.13460493441214397,0.0
0.708498979362464,0.11745795741937942,0.0,0.718092032256003,0.13490035264316963,0.0
0.8090996448047497,0.0847328085748866,0.0,0.8194417561713176,0.06754535777665002,0.0
0.8090996448047497,0.0847328085748866,0.0,0.7994372674582303,0.06717452903170842,0.0
0.8090996448047497,0.0847328085748866,0.0,0.789095877381746,0.08435825136926534,0.0
0.8090996448047497,0.0847328085748866,0.0,0.8291238112942776,0.08515753551030274,0.0
0.8194417561713176,0.06754535777665002,0.0,0.7994372674582303,0.06717452903170842,0.0
0.8194417561713176,0.06754535777665002,0.0,0.8097656939224717,0.05001178594095198,0.0
0.8194417561713176,0.06754535777665002,0.0,0.8297640051509578,0.050377159191835046,0.0
0.8194417561713176,0.06754535777665002,0.0,0.8394319652893029,0.06797771282507878,0.0
0.8194417561713176,0.06754535777665002,0.0,0.8291238112942776,0.08515753551030274,0.0
0.7994372674582303,0.06717452903170842,0.0,0.8097656939224717,0.05001178594095198,0.0
0.7994372674582303,0.06717452903170842,0.0,0.789095877381746,0.08435825136926534,0.0
0.8097656939224717,0.05001178594095198,0.0,0.8297640051509578,0.050377159191835046,0.0
0.6388216784016966,0.09983431610645806,0.0,0.648513132074808,0.11653017747555601,0.0
0.6388216784016966,0.09983431610645806,0.0,0.6588208552235083,0.09990499831832506,0.0
0.6388216784016966,0.09983431610645806,0.0,0.627784587825155,0.08557148509329454,0.0
0.43823046681188565,0.12976839833284842,0.0,0.42791179742034624,0.14690673534870663,0.0
0.43823046681188565,0.12976839833284842,0.0,0.44854902520692813,0.11263012356283843,0.0
0.43823046681188565,0.12976839833284842,0.0,0.4285523343968399,0.11226066915454094,0.0
0.43823046681188565,0.12976839833284842,0.0,0.418233721837875,0.12940123984026886,0.0
0.6781890550620523,0.13422259097642822,0.0,0.6678798115800849,0.1508593358288703,0.0
0.6781890550620523,0.13422259097642822,0.0,0.6581935341027633,0.13381879121075335,0.0
0.6781890550620523,0.13422259097642822,0.0,0.6685088728015913,0.11685353693967221,0.0
0.6781890550620523,0.13422259097642822,0.0,0.6885053764075915,0.11720639195440286,0.0
0.6781890550620523,0.13422259097642822,0.0,0.6981854129860746,0.13460493441214397,0.0
0.6678798115800849,0.1508593358288703,0.0,0.6581935341027633,0.13381879121075335,0.0
0.6678798115800849,0.1508593358288703,0.0,0.6478910757793359,0.15006878839234883,0.0
0.6678798115800849,0.1508593358288703,0.0,0.65875746330912,0.16412140307705692,0.0
0.6581935341027633,0.13381879121075335,0.0,0.648513132074808,0.11653017747555601,0.0
0.6581935341027633,0.13381879121075335,0.0,0.6685088728015913,0.11685353693967221,0.0
0.6581935341027633,0.13381879121075335,0.0,0.6478910757793359,0.15006878839234883,0.0
0.6581935341027633,0.13381879121075335,0.0,0.6381960793241974,0.13346935078726158,0.0
0.8297640051509578,0.050377159191835046,0.0,0.8394319652893029,0.06797771282507878,0.0
0.8297640051509578,0.050377159191835046,0.0,0.8493508649157191,0.050614040035224246,0.0
0.8394319652893029,0.06797771282507878,0.0,0.8291238112942776,0.08515753551030274,0.0
0.8394319652893029,0.06797771282507878,0.0,0.8493508649157191,0.050614040035224246,0.0
0.8394319652893029,0.06797771282507878,0.0,0.8491365946932272,0.08571266113234816,0.0
0.9083399703138378,0.1212573824363195,0.0,0.898329923605509,0.13818093720620264,0.0
0.9083399703138378,0.1212573824363195,0.0,0.889114125028491,0.12086241620378482,0.0
0.9083399703138378,0.1212573824363195,0.0,0.8987934769220142,0.10376560999093032,0.0
0.9083399703138378,0.1212573824363195,0.0,0.9180060838097854,0.10457819560206258,0.0
0.9083399703138378,0.1212573824363195,0.0,0.9275336933147353,0.12205612736842825,0.0
0.9083399703138378,0.1212573824363195,0.0,0.9179709833844119,0.13875750082341168,0.0
0.898329923605509,0.13818093720620264,0.0,0.889114125028491,0.12086241620378482,0.0
0.898329923605509,0.13818093720620264,0.0,0.9179709833844119,0.13875750082341168,0.0
0.898329923605509,0.13818093720620264,0.0,0.9080893847677943,0.1548990950136424,0.0
0.889114125028491,0.12086241620378482,0.0,0.878806141554851,0.10358835162340926,0.0
0.889114125028491,0.12086241620378482,0.0,0.8987934769220142,0.10376560999093032,0.0
0.8291238112942776,0.08515753551030274,0.0,0.8491365946932272,0.08571266113234816,0.0
0.878806141554851,0.10358835162340926,0.0,0.8987934769220142,0.10376560999093032,0.0
0.878806141554851,0.10358835162340926,0.0,0.8891110670666602,0.08660501440384046,0.0
0.878806141554851,0.10358835162340926,0.0,0.8691237539681634,0.0863605353599835,0.0
0.6988238286578097,0.10006545190414491,0.0,0.6885053764075915,0.11720639195440286,0.0
0.6988238286578097,0.10006545190414491,0.0,0.6788177554683584,0.10021755295405733,0.0
0.6988238286578097,0.10006545190414491,0.0,0.7089816686069642,0.08337972970311053,0.0
0.8987934769220142,0.10376560999093032,0.0,0.8891110670666602,0.08660501440384046,0.0
0.8987934769220142,0.10376560999093032,0.0,0.909098774647623,0.0872336312316072,0.0
0.8987934769220142,0.10376560999093032,0.0,0.9180060838097854,0.10457819560206258,0.0
0.9379597397359206,0.13912568373954293,0.0,0.9272487115904876,0.155879374773291,0.0
0.9379597397359206,0.13912568373954293,0.0,0.9275336933147353,0.12205612736842825,0.0
0.9379597397359206,0.13912568373954293,0.0,0.9179709833844119,0.13875750082341168,0.0
0.8491365946932272,0.08571266113234816,0.0,0.8691237539681634,0.0863605353599835,0.0
0.648513132074808,0.11653017747555601,0.0,0.6685088728015913,0.11685353693967221,0.0
0.648513132074808,0.11653017747555601,0.0,0.6588208552235083,0.09990499831832506,0.0
0.648513132074808,0.11653017747555601,0.0,0.6381960793241974,0.13346935078726158,0.0
0.6685088728015913,0.11685353693967221,0.0,0.6885053764075915,0.11720639195440286,0.0
0.6685088728015913,0.11685353693967221,0.0,0.6788177554683584,0.10021755295405733,0.0
0.6685088728015913,0.11685353693967221,0.0,0.6588208552235083,0.09990499831832506,0.0
0.42791179742034624,0.14690673534870663,0.0,0.418233721837875,0.12940123984026886,0.0
0.42791179742034624,0.14690673534870663,0.0,0.4375998262497981,0.16387031547562259,0.0
0.42791179742034624,0.14690673534870663,0.0,0.4078363287217778,0.1463668585407227,0.0
0.8891110670666602,0.08660501440384046,0.0,0.909098774647623,0.0872336312316072,0.0
0.8891110670666602,0.08660501440384046,0.0,0.8691237539681634,0.0863605353599835,0.0
0.6885053764075915,0.11720639195440286,0.0,0.6981854129860746,0.13460493441214397,0.0
0.6885053764075915,0.11720639195440286,0.0,0.6788177554683584,0.10021755295405733,0.0
0.3388877970451566,0.09328859785783335,0.0,0.3188913674403145,0.09290896531395137,0.0
0.3388877970451566,0.09328859785783335,0.0,0.32899278752624206,0.07605490082937362,0.0
0.3388877970451566,0.09328859785783335,0.0,0.3485656346769856,0.11080279908288782,0.0
0.3388877970451566,0.09328859785783335,0.0,0.3285692984280482,0.11041920091466022,0.0
0.3388877970451566,0.09328859785783335,0.0,0.3490047053277837,0.07723512545226309,0.0
0.3388877970451566,0.09328859785783335,0.0,0.3588835360584557,0.0937048935478107,0.0
0.3188913674403145,0.09290896531395137,0.0,0.32899278752624206,0.07605490082937362,0.0
0.3188913674403145,0.09290896531395137,0.0,0.3285692984280482,0.11041920091466022,0.0
0.3188913674403145,0.09290896531395137,0.0,0.3085727712185235,0.1100456559718311,0.0
0.3188913674403145,0.09290896531395137,0.0,0.29889478447105816,0.09253705581996413,0.0
0.3188913674403145,0.09290896531395137,0.0,0.3092134290400622,0.075398627134713,0.0
0.32899278752624206,0.07605490082937362,0.0,0.3490047053277837,0.07723512545226309,0.0
0.32899278752624206,0.07605490082937362,0.0,0.3092134290400622,0.075398627134713,0.0
0.32899278752624206,0.07605490082937362,0.0,0.31931232182271596,0.058409236269155715,0.0
0.44854902520692813,0.11263012356283843,0.0,0.4285523343968399,0.11226066915454094,0.0
0.44854902520692813,0.11263012356283843,0.0,0.4388704511572137,0.09514922535505604,0.0
0.44854902520692813,0.11263012356283843,0.0,0.4588673475268583,0.09549639900834046,0.0
0.44854902520692813,0.11263012356283843,0.0,0.46854602805967194,0.11300024485109264,0.0
0.3485656346769856,0.11080279908288782,0.0,0.3285692984280482,0.11041920091466022,0.0
0.3485656346769856,0.11080279908288782,0.0,0.3383336596492017,0.12738942565663544,0.0
0.3485656346769856,0.11080279908288782,0.0,0.3583166274988506,0.1281739208895174,0.0
0.3485656346769856,0.11080279908288782,0.0,0.3685615209183943,0.11121038912919677,0.0
0.3485656346769856,0.11080279908288782,0.0,0.3588835360584557,0.0937048935478107,0.0
0.3285692984280482,0.11041920091466022,0.0,0.3383336596492017,0.12738942565663544,0.0
0.3285692984280482,0.11041920091466022,0.0,0.31825628496238884,0.12725500497818815,0.0
0.3285692984280482,0.11041920091466022,0.0,0.3085727712185235,0.1100456559718311,0.0
0.3383336596492017,0.12738942565663544,0.0,0.31825628496238884,0.12725500497818815,0.0
0.3383336596492017,0.12738942565663544,0.0,0.3583166274988506,0.1281739208895174,0.0
0.3383336596492017,0.12738942565663544,0.0,0.3475714772925957,0.1445004252592374,0.0
0.3383336596492017,0.12738942565663544,0.0,0.3275052303247958,0.14339929154792685,0.0
0.9272487115904876,0.155879374773291,0.0,0.9179709833844119,0.13875750082341168,0.0
0.9272487115904876,0.155879374773291,0.0,0.9080893847677943,0.1548990950136424,0.0
0.4285523343968399,0.11226066915454094,0.0,0.418233721837875,0.12940123984026886,0.0
0.4285523343968399,0.11226066915454094,0.0,0.4388704511572137,0.09514922535505604,0.0
0.4285523343968399,0.11226066915454094,0.0,0.4085556601667935,0.11189646430912785,0.0
0.4285523343968399,0.11226066915454094,0.0,0.4188738051557668,0.09478423761855163,0.0
0.418233721837875,0.12940123984026886,0.0,0.4085556601667935,0.11189646430912785,0.0
0.418233721837875,0.12940123984026886,0.0,0.39823698555337256,0.12903783989484663,0.0
0.418233721837875,0.12940123984026886,0.0,0.4078363287217778,0.1463668585407227,0.0
0.3490047053277837,0.07723512545226309,0.0,0.3588835360584557,0.0937048935478107,0.0
0.3490047053277837,0.07723512545226309,0.0,0.3594161713309394,0.06490514550149529,0.0
0.31825628496238884,0.12725500497818815,0.0,0.3085727712185235,0.1100456559718311,0.0
0.31825628496238884,0.12725500497818815,0.0,0.3275052303247958,0.14339929154792685,0.0
0.6981854129860746,0.13460493441214397,0.0,0.718092032256003,0.13490035264316963,0.0
0.909098774647623,0.0872336312316072,0.0,0.9180060838097854,0.10457819560206258,0.0
0.9180060838097854,0.10457819560206258,0.0,0.9275336933147353,0.12205612736842825,0.0
0.3085727712185235,0.1100456559718311,0.0,0.29889478447105816,0.09253705581996413,0.0
0.3085727712185235,0.1100456559718311,0.0,0.28857618560914067,0.1096750015502411,0.0
0.6788177554683584,0.10021755295405733,0.0,0.6588208552235083,0.09990499831832506,0.0
0.7291095635869956,0.08328334039915852,0.0,0.7089816686069642,0.08337972970311053,0.0
0.2692201137049309,0.07465873430866514,0.0,0.2892106711097687,0.07503284066542132,0.0
0.2692201137049309,0.07465873430866514,0.0,0.27952734682652935,0.05763851082243349,0.0
0.2692201137049309,0.07465873430866514,0.0,0.2589015276837001,0.09179692971937907,0.0
0.2692201137049309,0.07465873430866514,0.0,0.24922344173645355,0.0742888745897641,0.0
0.2692201137049309,0.07465873430866514,0.0,0.2788981620956804,0.09216683825473584,0.0
0.2692201137049309,0.07465873430866514,0.0,0.25954087952422356,0.05721305739171065,0.0
0.2892106711097687,0.07503284066542132,0.0,0.27952734682652935,0.05763851082243349,0.0
0.2892106711097687,0.07503284066542132,0.0,0.29889478447105816,0.09253705581996413,0.0
0.2892106711097687,0.07503284066542132,0.0,0.3092134290400622,0.075398627134713,0.0
0.2892106711097687,0.07503284066542132,0.0,0.2994988015661428,0.05791519553675447,0.0
0.2892106711097687,0.07503284066542132,0.0,0.2788981620956804,0.09216683825473584,0.0
0.27952734682652935,0.05763851082243349,0.0,0.2994988015661428,0.05791519553675447,0.0
0.27952734682652935,0.05763851082243349,0.0,0.25954087952422356,0.05721305739171065,0.0
0.27952734682652935,0.05763851082243349,0.0,0.2898329487443144,0.04099845585402964,0.0
0.27952734682652935,0.05763851082243349,0.0,0.26985334296163144,0.04020770736473959,0.0
0.9275336933147353,0.12205612736842825,0.0,0.9179709833844119,0.13875750082341168,0.0
0.9179709833844119,0.13875750082341168,0.0,0.9080893847677943,0.1548990950136424,0.0
0.29889478447105816,0.09253705581996413,0.0,0.3092134290400622,0.075398627134713,0.0
0.29889478447105816,0.09253705581996413,0.0,0.28857618560914067,0.1096750015502411,0.0
0.29889478447105816,0.09253705581996413,0.0,0.2788981620956804,0.09216683825473584,0.0
0.3092134290400622,0.075398627134713,0.0,0.2994988015661428,0.05791519553675447,0.0
0.3092134290400622,0.075398627134713,0.0,0.31931232182271596,0.058409236269155715,0.0
0.2589015276837001,0.09179692971937907,0.0,0.24922344173645355,0.0742888745897641,0.0
0.2589015276837001,0.09179692971937907,0.0,0.2685795838431745,0.1093050253775857,0.0
0.2589015276837001,0.09179692971937907,0.0,0.238904889202264,0.09142699498634958,0.0
0.2589015276837001,0.09179692971937907,0.0,0.2788981620956804,0.09216683825473584,0.0
0.2589015276837001,0.09179692971937907,0.0,0.2485829765669868,0.10893512174210934,0.0
0.24922344173645355,0.0742888745897641,0.0,0.238904889202264,0.09142699498634958,0.0
0.24922344173645355,0.0742888745897641,0.0,0.22922676784111531,0.07391890581304242,0.0
0.24922344173645355,0.0742888745897641,0.0,0.23954531944406968,0.05678088710682921,0.0
0.24922344173645355,0.0742888745897641,0.0,0.25954087952422356,0.05721305739171065,0.0
0.28857618560914067,0.1096750015502411,0.0,0.2685795838431745,0.1093050253775857,0.0
0.28857618560914067,0.1096750015502411,0.0,0.2773762811201189,0.12614560534902045,0.0
0.28857618560914067,0.1096750015502411,0.0,0.2788981620956804,0.09216683825473584,0.0
0.2685795838431745,0.1093050253775857,0.0,0.2773762811201189,0.12614560534902045,0.0
0.2685795838431745,0.1093050253775857,0.0,0.2788981620956804,0.09216683825473584,0.0
0.2685795838431745,0.1093050253775857,0.0,0.2485829765669868,0.10893512174210934,0.0
0.2685795838431745,0.1093050253775857,0.0,0.2570738395511458,0.12560560803845866,0.0
0.2773762811201189,0.12614560534902045,0.0,0.2570738395511458,0.12560560803845866,0.0
0.2773762811201189,0.12614560534902045,0.0,0.26542371207905324,0.1418108170558507,0.0
0.4375998262497981,0.16387031547562259,0.0,0.45759974364557543,0.16406484538943608,0.0
0.4375998262497981,0.16387031547562259,0.0,0.44737243240527264,0.17626254737496144,0.0
0.2994988015661428,0.05791519553675447,0.0,0.31931232182271596,0.058409236269155715,0.0
0.2994988015661428,0.05791519553675447,0.0,0.30980176882642885,0.04130136011822905,0.0
0.2994988015661428,0.05791519553675447,0.0,0.2898329487443144,0.04099845585402964,0.0
0.1789158240154754,0.09027082970800514,0.0,0.18923357214629904,0.0731709847590817,0.0
0.1789158240154754,0.09027082970800514,0.0,0.16923718525333237,0.07278623902412826,0.0
0.1789158240154754,0.09027082970800514,0.0,0.1589195040451544,0.08988398158828302,0.0
0.1789158240154754,0.09027082970800514,0.0,0.16860259210305897,0.1071269035433822,0.0
0.1789158240154754,0.09027082970800514,0.0,0.19891161232507154,0.09068679939375697,0.0
0.1789158240154754,0.09027082970800514,0.0,0.18859821557387604,0.10755054465992166,0.0
0.18923357214629904,0.0731709847590817,0.0,0.16923718525333237,0.07278623902412826,0.0
0.18923357214629904,0.0731709847590817,0.0,0.19955094222290543,0.05609281427489522,0.0
0.18923357214629904,0.0731709847590817,0.0,0.2092299592199105,0.07355622906530002,0.0
0.18923357214629904,0.0731709847590817,0.0,0.17955682934450712,0.055865533430779137,0.0
0.18923357214629904,0.0731709847590817,0.0,0.19891161232507154,0.09068679939375697,0.0
0.16923718525333237,0.07278623902412826,0.0,0.149240396777539,0.07242401542355269,0.0
0.16923718525333237,0.07278623902412826,0.0,0.1589195040451544,0.08988398158828302,0.0
0.16923718525333237,0.07278623902412826,0.0,0.17955682934450712,0.055865533430779137,0.0
0.16923718525333237,0.07278623902412826,0.0,0.15955859654877008,0.05529716272302793,0.0
0.13892213255481756,0.08955460499914868,0.0,0.149240396777539,0.07242401542355269,0.0
0.13892213255481756,0.08955460499914868,0.0,0.12924365351771114,0.07206045038216159,0.0
0.13892213255481756,0.08955460499914868,0.0,0.1589195040451544,0.08988398158828302,0.0
0.13892213255481756,0.08955460499914868,0.0,0.14860113403260364,0.10701914452836706,0.0
0.13892213255481756,0.08955460499914868,0.0,0.1286036001398254,0.10669933576446892,0.0
0.13892213255481756,0.08955460499914868,0.0,0.11892525210713659,0.08919945789790074,0.0
0.149240396777539,0.07242401542355269,0.0,0.12924365351771114,0.07206045038216159,0.0
0.149240396777539,0.07242401542355269,0.0,0.1589195040451544,0.08988398158828302,0.0
0.149240396777539,0.07242401542355269,0.0,0.13956196236991072,0.05492614190251627,0.0
0.149240396777539,0.07242401542355269,0.0,0.15955859654877008,0.05529716272302793,0.0
0.12924365351771114,0.07206045038216159,0.0,0.10924695559777318,0.07169581683892222,0.0
0.12924365351771114,0.07206045038216159,0.0,0.11940979338296324,0.054290251511619855,0.0
0.12924365351771114,0.07206045038216159,0.0,0.13956196236991072,0.05492614190251627,0.0
0.12924365351771114,0.07206045038216159,0.0,0.11892525210713659,0.08919945789790074,0.0
0.10924695559777318,0.07169581683892222,0.0,0.11940979338296324,0.054290251511619855,0.0
0.10924695559777318,0.07169581683892222,0.0,0.09893895542853666,0.054688965038566295,0.0
0.10924695559777318,0.07169581683892222,0.0,0.08914571686389113,0.07150082270146434,0.0
0.10924695559777318,0.07169581683892222,0.0,0.09892859176397761,0.08883342491753611,0.0
0.10924695559777318,0.07169581683892222,0.0,0.11892525210713659,0.08919945789790074,0.0
0.11940979338296324,0.054290251511619855,0.0,0.09893895542853666,0.054688965038566295,0.0
0.11940979338296324,0.054290251511619855,0.0,0.13956196236991072,0.05492614190251627,0.0
0.09893895542853666,0.054688965038566295,0.0,0.08914571686389113,0.07150082270146434,0.0
0.09893895542853666,0.054688965038566295,0.0,0.07957394482288689,0.05436633276807355,0.0
0.2285863674665531,0.10856513183935385,0.0,0.2085897571491453,0.10819502581431417,0.0
0.2285863674665531,0.10856513183935385,0.0,0.238904889202264,0.09142699498634958,0.0
0.2285863674665531,0.10856513183935385,0.0,0.2189082497413785,0.09105695503257186,0.0
0.2285863674665531,0.10856513183935385,0.0,0.2373216931913775,0.1255072183643328,0.0
0.2285863674665531,0.10856513183935385,0.0,0.2485829765669868,0.10893512174210934,0.0
0.2085897571491453,0.10819502581431417,0.0,0.2189082497413785,0.09105695503257186,0.0
0.2085897571491453,0.10819502581431417,0.0,0.19891161232507154,0.09068679939375697,0.0
0.2085897571491453,0.10819502581431417,0.0,0.18859821557387604,0.10755054465992166,0.0
0.08914571686389113,0.07150082270146434,0.0,0.09892859176397761,0.08883342491753611,0.0
0.08914571686389113,0.07150082270146434,0.0,0.07893201201174607,0.08846421453492775,0.0
0.08914571686389113,0.07150082270146434,0.0,0.06925384364903069,0.07095621617063747,0.0
0.08914571686389113,0.07150082270146434,0.0,0.07957394482288689,0.05436633276807355,0.0
0.21954860900031642,0.05641085598169835,0.0,0.19955094222290543,0.05609281427489522,0.0
0.21954860900031642,0.05641085598169835,0.0,0.2092299592199105,0.07355622906530002,0.0
0.21954860900031642,0.05641085598169835,0.0,0.22922676784111531,0.07391890581304242,0.0
0.21954860900031642,0.05641085598169835,0.0,0.22986715832117594,0.039272938446101746,0.0
0.21954860900031642,0.05641085598169835,0.0,0.20986449215822392,0.03922315249848338,0.0
0.21954860900031642,0.05641085598169835,0.0,0.23954531944406968,0.05678088710682921,0.0
0.19955094222290543,0.05609281427489522,0.0,0.2092299592199105,0.07355622906530002,0.0
0.19955094222290543,0.05609281427489522,0.0,0.17955682934450712,0.055865533430779137,0.0
0.19955094222290543,0.05609281427489522,0.0,0.20986449215822392,0.03922315249848338,0.0
0.19955094222290543,0.05609281427489522,0.0,0.18985956652518263,0.03953159928906816,0.0
0.2092299592199105,0.07355622906530002,0.0,0.2189082497413785,0.09105695503257186,0.0
0.2092299592199105,0.07355622906530002,0.0,0.22922676784111531,0.07391890581304242,0.0
0.2092299592199105,0.07355622906530002,0.0,0.19891161232507154,0.09068679939375697,0.0
0.3583166274988506,0.1281739208895174,0.0,0.3685615209183943,0.11121038912919677,0.0
0.3583166274988506,0.1281739208895174,0.0,0.3782405517986376,0.1286602767056906,0.0
0.3583166274988506,0.1281739208895174,0.0,0.3475714772925957,0.1445004252592374,0.0
0.238904889202264,0.09142699498634958,0.0,0.2189082497413785,0.09105695503257186,0.0
0.238904889202264,0.09142699498634958,0.0,0.22922676784111531,0.07391890581304242,0.0
0.238904889202264,0.09142699498634958,0.0,0.2485829765669868,0.10893512174210934,0.0
0.2189082497413785,0.09105695503257186,0.0,0.22922676784111531,0.07391890581304242,0.0
0.2189082497413785,0.09105695503257186,0.0,0.19891161232507154,0.09068679939375697,0.0
0.22922676784111531,0.07391890581304242,0.0,0.23954531944406968,0.05678088710682921,0.0
0.2373216931913775,0.1255072183643328,0.0,0.2485829765669868,0.10893512174210934,0.0
0.2373216931913775,0.1255072183643328,0.0,0.2570738395511458,0.12560560803845866,0.0
0.2373216931913775,0.1255072183643328,0.0,0.24533226917161338,0.14172703258296968,0.0
0.1589195040451544,0.08988398158828302,0.0,0.14860113403260364,0.10701914452836706,0.0
0.1589195040451544,0.08988398158828302,0.0,0.16860259210305897,0.1071269035433822,0.0
0.14860113403260364,0.10701914452836706,0.0,0.16860259210305897,0.1071269035433822,0.0
0.14860113403260364,0.10701914452836706,0.0,0.1286036001398254,0.10669933576446892,0.0
0.13956196236991072,0.05492614190251627,0.0,0.15955859654877008,0.05529716272302793,0.0
0.13956196236991072,0.05492614190251627,0.0,0.14998380685724128,0.03905019964075136,0.0
0.07829174849015187,0.12311062382488752,0.0,0.09845331991452441,0.12227612681294026,0.0
0.07829174849015187,0.12311062382488752,0.0,0.08861018440981427,0.10597207051415719,0.0
0.07829174849015187,0.12311062382488752,0.0,0.0686136089862511,0.10560236185773143,0.0
0.07829174849015187,0.12311062382488752,0.0,0.06797328825094394,0.1402486363273184,0.0
0.07829174849015187,0.12311062382488752,0.0,0.058295171596919486,0.12274048577441835,0.0
0.09845331991452441,0.12227612681294026,0.0,0.08861018440981427,0.10597207051415719,0.0
0.09845331991452441,0.12227612681294026,0.0,0.10860680830219553,0.10633989825974313,0.0
0.09845331991452441,0.12227612681294026,0.0,0.11829379179914895,0.12337107821884225,0.0
0.09845331991452441,0.12227612681294026,0.0,0.10899159394910733,0.13673400952139425,0.0
0.04797670149223163,0.1398783996632638,0.0,0.05766051344307735,0.1570771739009957,0.0
0.04797670149223163,0.1398783996632638,0.0,0.06797328825094394,0.1402486363273184,0.0
0.04797670149223163,0.1398783996632638,0.0,0.058295171596919486,0.12274048577441835,0.0
0.05766051344307735,0.1570771739009957,0.0,0.06797328825094394,0.1402486363273184,0.0
0.6478910757793359,0.15006878839234883,0.0,0.6278864904472959,0.15012758552901154,0.0
0.6478910757793359,0.15006878839234883,0.0,0.6381960793241974,0.13346935078726158,0.0
0.6478910757793359,0.15006878839234883,0.0,0.65875746330912,0.16412140307705692,0.0
0.6278864904472959,0.15012758552901154,0.0,0.6381960793241974,0.13346935078726158,0.0
0.6278864904472959,0.15012758552901154,0.0,0.6182140441685983,0.13306123235916045,0.0
0.6278864904472959,0.15012758552901154,0.0,0.6078960331762043,0.14981898828573142,0.0
0.058935468464972475,0.08809421442402766,0.0,0.04968614819760402,0.07055150383028656,0.0
0.058935468464972475,0.08809421442402766,0.0,0.07893201201174607,0.08846421453492775,0.0
0.058935468464972475,0.08809421442402766,0.0,0.0686136089862511,0.10560236185773143,0.0
0.058935468464972475,0.08809421442402766,0.0,0.04861705445440679,0.10523232565348017,0.0
0.058935468464972475,0.08809421442402766,0.0,0.06925384364903069,0.07095621617063747,0.0
0.04968614819760402,0.07055150383028656,0.0,0.06925384364903069,0.07095621617063747,0.0
0.04968614819760402,0.07055150383028656,0.0,0.059631909262884884,0.05426733798998808,0.0
0.3988730311908053,0.09464242486807664,0.0,0.38855836338494626,0.11156588327053824,0.0
0.3988730311908053,0.09464242486807664,0.0,0.37887563192119206,0.09431745057690659,0.0
0.3988730311908053,0.09464242486807664,0.0,0.4085556601667935,0.11189646430912785,0.0
0.3988730311908053,0.09464242486807664,0.0,0.4188738051557668,0.09478423761855163,0.0
0.38855836338494626,0.11156588327053824,0.0,0.37887563192119206,0.09431745057690659,0.0
0.38855836338494626,0.11156588327053824,0.0,0.3685615209183943,0.11121038912919677,0.0
0.38855836338494626,0.11156588327053824,0.0,0.3782405517986376,0.1286602767056906,0.0
0.38855836338494626,0.11156588327053824,0.0,0.4085556601667935,0.11189646430912785,0.0
0.38855836338494626,0.11156588327053824,0.0,0.39823698555337256,0.12903783989484663,0.0
0.37887563192119206,0.09431745057690659,0.0,0.3685615209183943,0.11121038912919677,0.0
0.37887563192119206,0.09431745057690659,0.0,0.3588835360584557,0.0937048935478107,0.0
0.3685615209183943,0.11121038912919677,0.0,0.3782405517986376,0.1286602767056906,0.0
0.3685615209183943,0.11121038912919677,0.0,0.3588835360584557,0.0937048935478107,0.0
0.3782405517986376,0.1286602767056906,0.0,0.39823698555337256,0.12903783989484663,0.0
0.3782405517986376,0.1286602767056906,0.0,0.3879243803470583,0.14616616649823577,0.0
0.16860259210305897,0.1071269035433822,0.0,0.18859821557387604,0.10755054465992166,0.0
0.09892859176397761,0.08883342491753611,0.0,0.08861018440981427,0.10597207051415719,0.0
0.09892859176397761,0.08883342491753611,0.0,0.07893201201174607,0.08846421453492775,0.0
0.09892859176397761,0.08883342491753611,0.0,0.11892525210713659,0.08919945789790074,0.0
0.09892859176397761,0.08883342491753611,0.0,0.10860680830219553,0.10633989825974313,0.0
0.08861018440981427,0.10597207051415719,0.0,0.07893201201174607,0.08846421453492775,0.0
0.08861018440981427,0.10597207051415719,0.0,0.0686136089862511,0.10560236185773143,0.0
0.08861018440981427,0.10597207051415719,0.0,0.10860680830219553,0.10633989825974313,0.0
0.07893201201174607,0.08846421453492775,0.0,0.0686136089862511,0.10560236185773143,0.0
0.07893201201174607,0.08846421453492775,0.0,0.06925384364903069,0.07095621617063747,0.0
0.0686136089862511,0.10560236185773143,0.0,0.04861705445440679,0.10523232565348017,0.0
0.0686136089862511,0.10560236185773143,0.0,0.058295171596919486,0.12274048577441835,0.0
0.17955682934450712,0.055865533430779137,0.0,0.15955859654877008,0.05529716272302793,0.0
0.17955682934450712,0.055865533430779137,0.0,0.16988701361525452,0.03931335582029683,0.0
0.17955682934450712,0.055865533430779137,0.0,0.18985956652518263,0.03953159928906816,0.0
0.04861705445440679,0.10523232565348017,0.0,0.058295171596919486,0.12274048577441835,0.0
0.22986715832117594,0.039272938446101746,0.0,0.20986449215822392,0.03922315249848338,0.0
0.22986715832117594,0.039272938446101746,0.0,0.23954531944406968,0.05678088710682921,0.0
0.22986715832117594,0.039272938446101746,0.0,0.2498570024513382,0.040016529307562214,0.0
0.20986449215822392,0.03922315249848338,0.0,0.18985956652518263,0.03953159928906816,0.0
0.20986449215822392,0.03922315249848338,0.0,0.19992565781126148,0.02435449736831802,0.0
0.23954531944406968,0.05678088710682921,0.0,0.25954087952422356,0.05721305739171065,0.0
0.23954531944406968,0.05678088710682921,0.0,0.2498570024513382,0.040016529307562214,0.0
0.31931232182271596,0.058409236269155715,0.0,0.30980176882642885,0.04130136011822905,0.0
0.30980176882642885,0.04130136011822905,0.0,0.2898329487443144,0.04099845585402964,0.0
0.4388704511572137,0.09514922535505604,0.0,0.4588673475268583,0.09549639900834046,0.0
0.4388704511572137,0.09514922535505604,0.0,0.4188738051557668,0.09478423761855163,0.0
0.4588673475268583,0.09549639900834046,0.0,0.46854602805967194,0.11300024485109264,0.0
0.4588673475268583,0.09549639900834046,0.0,0.46917762001048274,0.07835642978980395,0.0
0.1286036001398254,0.10669933576446892,0.0,0.11892525210713659,0.08919945789790074,0.0
0.1286036001398254,0.10669933576446892,0.0,0.10860680830219553,0.10633989825974313,0.0
0.1286036001398254,0.10669933576446892,0.0,0.11829379179914895,0.12337107821884225,0.0
0.11892525210713659,0.08919945789790074,0.0,0.10860680830219553,0.10633989825974313,0.0
0.06925384364903069,0.07095621617063747,0.0,0.059631909262884884,0.05426733798998808,0.0
0.06925384364903069,0.07095621617063747,0.0,0.07957394482288689,0.05436633276807355,0.0
0.06797328825094394,0.1402486363273184,0.0,0.058295171596919486,0.12274048577441835,0.0
0.059631909262884884,0.05426733798998808,0.0,0.07957394482288689,0.05436633276807355,0.0
0.6381960793241974,0.13346935078726158,0.0,0.6182140441685983,0.13306123235916045,0.0
0.25954087952422356,0.05721305739171065,0.0,0.2498570024513382,0.040016529307562214,0.0
0.25954087952422356,0.05721305739171065,0.0,0.26985334296163144,0.04020770736473959,0.0
0.4085556601667935,0.11189646430912785,0.0,0.4188738051557668,0.09478423761855163,0.0
0.4085556601667935,0.11189646430912785,0.0,0.39823698555337256,0.12903783989484663,0.0
0.19891161232507154,0.09068679939375697,0.0,0.18859821557387604,0.10755054465992166,0.0
0.10860680830219553,0.10633989825974313,0.0,0.11829379179914895,0.12337107821884225,0.0
0.11829379179914895,0.12337107821884225,0.0,0.10899159394910733,0.13673400952139425,0.0
0.11829379179914895,0.12337107821884225,0.0,0.1274345492646636,0.13527292356790344,0.0
0.15955859654877008,0.05529716272302793,0.0,0.14998380685724128,0.03905019964075136,0.0
0.15955859654877008,0.05529716272302793,0.0,0.16988701361525452,0.03931335582029683,0.0
0.14998380685724128,0.03905019964075136,0.0,0.16988701361525452,0.03931335582029683,0.0
0.14998380685724128,0.03905019964075136,0.0,0.14102393026688145,0.026058742540729266,0.0
0.14998380685724128,0.03905019964075136,0.0,0.15970119827604323,0.02572683536419284,0.0
0.16988701361525452,0.03931335582029683,0.0,0.18985956652518263,0.03953159928906816,0.0
0.16988701361525452,0.03931335582029683,0.0,0.1794555882416032,0.024822604348891233,0.0
0.16988701361525452,0.03931335582029683,0.0,0.15970119827604323,0.02572683536419284,0.0
0.2485829765669868,0.10893512174210934,0.0,0.2570738395511458,0.12560560803845866,0.0
0.2498570024513382,0.040016529307562214,0.0,0.26985334296163144,0.04020770736473959,0.0
0.39823698555337256,0.12903783989484663,0.0,0.3879243803470583,0.14616616649823577,0.0
0.39823698555337256,0.12903783989484663,0.0,0.4078363287217778,0.1463668585407227,0.0
0.2570738395511458,0.12560560803845866,0.0,0.24533226917161338,0.14172703258296968,0.0
0.2570738395511458,0.12560560803845866,0.0,0.26542371207905324,0.1418108170558507,0.0
0.18985956652518263,0.03953159928906816,0.0,0.19992565781126148,0.02435449736831802,0.0
0.18985956652518263,0.03953159928906816,0.0,0.1794555882416032,0.024822604348891233,0.0
0.3879243803470583,0.14616616649823577,0.0,0.4078363287217778,0.1463668585407227,0.0
0.2898329487443144,0.04099845585402964,0.0,0.26985334296163144,0.04020770736473959,0.0
0.5878919740453804,0.1497932862555531,0.0,0.6078960331762043,0.14981898828573142,0.0
0.5878919740453804,0.1497932862555531,0.0,0.578268402921477,0.13227577629610238,0.0
0.5878919740453804,0.1497932862555531,0.0,0.5678878414641031,0.14949592135094775,0.0
0.6182140441685983,0.13306123235916045,0.0,0.6078960331762043,0.14981898828573142,0.0
0.45759974364557543,0.16406484538943608,0.0,0.44737243240527264,0.17626254737496144,0.0
0.45759974364557543,0.16406484538943608,0.0,0.46736084074728135,0.17707523206704884,0.0
1.0,0.08996265307771276,0.0,1.0,0.06995613032426848,0.0
1.0,0.08996265307771276,0.0,0.9827807454044329,0.08009856785968825,0.0
1.0,0.04994951312113693,0.0,1.0,0.06995613032426848,0.0
1.0,0.04994951312113693,0.0,0.9832149156965834,0.06088028855785009,0.0
1.0,0.04994951312113693,0.0,1.0,0.029942784130232238,0.0
1.0,0.06995613032426848,0.0,0.9832149156965834,0.06088028855785009,0.0
1.0,0.06995613032426848,0.0,0.9827807454044329,0.08009856785968825,0.0
0.9832149156965834,0.06088028855785009,0.0,0.9827807454044329,0.08009856785968825,0.0
0.578268402921477,0.13227577629610238,0.0,0.5678878414641031,0.14949592135094775,0.0
0.5678878414641031,0.14949592135094775,0.0,0.5478967410307873,0.14905490227909485,0.0
0.5678878414641031,0.14949592135094775,0.0,0.5574400707466244,0.16496288269497578,0.0
0.49757954391749837,0.16552345839194832,0.0,0.48734316948614076,0.17821700829747836,0.0
0.49757954391749837,0.16552345839194832,0.0,0.5074984714460689,0.17868650229120336,0.0
0.5382304965518185,0.13160794387582653,0.0,0.5478967410307873,0.14905490227909485,0.0
0.5478967410307873,0.14905490227909485,0.0,0.5574400707466244,0.16496288269497578,0.0
0.5574400707466244,0.16496288269497578,0.0,0.5649922088254935,0.1785205808455132,0.0
0.5574400707466244,0.16496288269497578,0.0,0.5473785947869833,0.17864466226620973,0.0
0.46917762001048274,0.07835642978980395,0.0,0.47948369294867604,0.06123128194796133,0.0
0.12108698373507938,0.14969950230742485,0.0,0.10899159394910733,0.13673400952139425,0.0
0.12108698373507938,0.14969950230742485,0.0,0.1274345492646636,0.13527292356790344,0.0
0.9179684852046027,0.03904624322065427,0.0,0.909773279002813,0.02129055909157069,0.0
0.9179684852046027,0.03904624322065427,0.0,0.9295449734918894,0.023409177416160075,0.0
0.909773279002813,0.02129055909157069,0.0,0.9295449734918894,0.023409177416160075,0.0
0.909773279002813,0.02129055909157069,0.0,0.901897182302765,0.0032517123554594426,0.0
0.909773279002813,0.02129055909157069,0.0,0.9214525402535787,0.005447216534917311,0.0
0.1449658438448369,0.1802862385205477,0.0,0.1372078753933555,0.1984719233079192,0.0
0.1449658438448369,0.1802862385205477,0.0,0.1567512396874989,0.1961150489967212,0.0
0.9295449734918894,0.023409177416160075,0.0,0.9214525402535787,0.005447216534917311,0.0
0.2549212071454445,0.1900191158946087,0.0,0.2352375608496372,0.1901715774166525,0.0
0.2352375608496372,0.1901715774166525,0.0,0.2155675444190997,0.1909215933815534,0.0
0.49032803178127377,0.009862077348697523,0.0,0.5100053696706678,0.00985691043534724,0.0
0.5100053696706678,0.00985691043534724,0.0,0.5296733693947573,0.009248623892549272,0.0
0.020008288892461607,0.009621412942046588,0.0,0.03966507013399938,0.00871907691415591,0.0
0.020008288892461607,0.009621412942046588,0.0,0.0003334435985906812,0.009935763389284999,0.0
0.020008288892461607,0.009621412942046588,0.0,0.014572578948429036,0.023926869058636575,0.0
0.03966507013399938,0.00871907691415591,0.0,0.05929053036130226,0.007286198422901556,0.0
0.1057808114223593,0.1855045272272206,0.0,0.1176755593694548,0.2009191173322832,0.0
0.1057808114223593,0.1855045272272206,0.0,0.09813655032930213,0.2033120093872453,0.0
0.2155675444190997,0.1909215933815534,0.0,0.1959260328513177,0.1922212147213933,0.0
0.5296733693947573,0.009248623892549272,0.0,0.5493159910757641,0.008076185877332625,0.0
0.1176755593694548,0.2009191173322832,0.0,0.1372078753933555,0.1984719233079192,0.0
0.1176755593694548,0.2009191173322832,0.0,0.09813655032930213,0.2033120093872453,0.0
0.1372078753933555,0.1984719233079192,0.0,0.1567512396874989,0.1961150489967212,0.0
3.334444814934153e-05,0.18999399786525034,0.0,0.014343839586931627,0.17475556064143904,0.0
3.334444814934153e-05,0.18999399786525034,0.0,0.01195437656760181,0.1977524505624251,0.0
3.334444814934153e-05,0.18999399786525034,0.0,7.665593976217853e-25,0.21,0.0
0.1959260328513177,0.1922212147213933,0.0,0.1763208908223542,0.1939886762133007,0.0
0.6861187615548019,0.1930527247722307,0.0,0.6724328353358693,0.17773936075667626,0.0
0.6861187615548019,0.1930527247722307,0.0,0.6665320285254098,0.1950146595390509,0.0
0.6724328353358693,0.17773936075667626,0.0,0.6665320285254098,0.1950146595390509,0.0
0.6724328353358693,0.17773936075667626,0.0,0.6531431749661636,0.18098093843902407,0.0
0.6724328353358693,0.17773936075667626,0.0,0.65875746330912,0.16412140307705692,0.0
0.3530228816138251,0.1972732469543295,0.0,0.3725585682950345,0.1996932487804034,0.0
0.1763208908223542,0.1939886762133007,0.0,0.1567512396874989,0.1961150489967212,0.0
0.6079079889629149,0.2021313692806051,0.0,0.6274414338011367,0.1996932485171144,0.0
0.6079079889629149,0.2021313692806051,0.0,0.5883592993452134,0.204443428867555,0.0
0.6274414338011367,0.1996932485171144,0.0,0.6469771203754761,0.1972732467138197,0.0
0.8823244412923026,0.2009191174150899,0.0,0.901863450217593,0.2033120094520914,0.0
0.8823244412923026,0.2009191174150899,0.0,0.8772077371679218,0.1870783626730281,0.0
0.901863450217593,0.2033120094520914,0.0,0.921425379683128,0.2055086350647987,0.0
0.6469771203754761,0.1972732467138197,0.0,0.6665320285254098,0.1950146595390509,0.0
0.6469771203754761,0.1972732467138197,0.0,0.6531431749661636,0.18098093843902407,0.0
0.6665320285254098,0.1950146595390509,0.0,0.6531431749661636,0.18098093843902407,0.0
0.6531431749661636,0.18098093843902407,0.0,0.65875746330912,0.16412140307705692,0.0
0.07857462076905876,0.2055086350173741,0.0,0.09813655032930213,0.2033120093872453,0.0
0.07857462076905876,0.2055086350173741,0.0,0.05897878113556556,0.2073769316422593,0.0
0.4312186625324201,0.2064914855210821,0.0,0.4508331653730723,0.2081512657305875,0.0
0.4312186625324201,0.2064914855210821,0.0,0.4400157881828421,0.19163432583194295,0.0
0.568781339891721,0.2064914852893641,0.0,0.5883592993452134,0.204443428867555,0.0
0.568781339891721,0.2064914852893641,0.0,0.5491668371792392,0.2081512655447921,0.0
0.568781339891721,0.2064914852893641,0.0,0.5575773661885456,0.19080997722367163,0.0
0.921425379683128,0.2055086350647987,0.0,0.9410212191544387,0.2073769316668632,0.0
0.9410212191544387,0.2073769316668632,0.0,0.9509069316298745,0.19540363062311564,0.0
0.03934595430376511,0.2088023656195966,0.0,0.05897878113556556,0.2073769316422593,0.0
0.03934595430376511,0.2088023656195966,0.0,0.01968189381931244,0.2096956954280177,0.0
0.4508331653730723,0.2081512657305875,0.0,0.4704828605194097,0.2093199306346598,0.0
0.4508331653730723,0.2081512657305875,0.0,0.45988283623554155,0.19246408303063908,0.0
0.4508331653730723,0.2081512657305875,0.0,0.4400157881828421,0.19163432583194295,0.0
0.4704828605194097,0.2093199306346598,0.0,0.45988283623554155,0.19246408303063908,0.0
0.4704828605194097,0.2093199306346598,0.0,0.4901578846305079,0.2099236141418919,0.0
0.4704828605194097,0.2093199306346598,0.0,0.479056974678041,0.19346760620120038,0.0
0.45988283623554155,0.19246408303063908,0.0,0.4400157881828421,0.19163432583194295,0.0
0.45988283623554155,0.19246408303063908,0.0,0.44737243240527264,0.17626254737496144,0.0
0.45988283623554155,0.19246408303063908,0.0,0.479056974678041,0.19346760620120038,0.0
0.45988283623554155,0.19246408303063908,0.0,0.46736084074728135,0.17707523206704884,0.0
0.5295171421655228,0.2093199305123607,0.0,0.5491668371792392,0.2081512655447921,0.0
0.5295171421655228,0.2093199305123607,0.0,0.5383415431777454,0.19246840196081513,0.0
0.5295171421655228,0.2093199305123607,0.0,0.5098421182743784,0.209923614096859,0.0
0.5295171421655228,0.2093199305123607,0.0,0.5185821809214847,0.19382696554863837,0.0
0.5491668371792392,0.2081512655447921,0.0,0.5383415431777454,0.19246840196081513,0.0
0.5491668371792392,0.2081512655447921,0.0,0.5575773661885456,0.19080997722367163,0.0
0.5383415431777454,0.19246840196081513,0.0,0.5575773661885456,0.19080997722367163,0.0
0.5383415431777454,0.19246840196081513,0.0,0.5185821809214847,0.19382696554863837,0.0
0.5383415431777454,0.19246840196081513,0.0,0.5274550007437271,0.179054652622014,0.0
0.5383415431777454,0.19246840196081513,0.0,0.5473785947869833,0.17864466226620973,0.0
0.4901578846305079,0.2099236141418919,0.0,0.5098421182743784,0.209923614096859,0.0
0.4901578846305079,0.2099236141418919,0.0,0.4991142769389038,0.19380590735529293,0.0
0.4901578846305079,0.2099236141418919,0.0,0.479056974678041,0.19346760620120038,0.0
0.5098421182743784,0.209923614096859,0.0,0.4991142769389038,0.19380590735529293,0.0
0.5098421182743784,0.209923614096859,0.0,0.5185821809214847,0.19382696554863837,0.0
0.4991142769389038,0.19380590735529293,0.0,0.479056974678041,0.19346760620120038,0.0
0.4991142769389038,0.19380590735529293,0.0,0.5185821809214847,0.19382696554863837,0.0
0.4991142769389038,0.19380590735529293,0.0,0.48734316948614076,0.17821700829747836,0.0
0.4991142769389038,0.19380590735529293,0.0,0.5074984714460689,0.17868650229120336,0.0
0.11796619758853846,0.0008184337498621897,0.0,0.1374921070782224,-0.001627668873387309,0.0
0.11796619758853846,0.0008184337498621897,0.0,0.09843394282253001,0.003212427828946348,0.0
0.1374921070782224,-0.001627668873387309,0.0,0.1570293795537495,-0.003981415534627469,0.0
0.1374921070782224,-0.001627668873387309,0.0,0.14927166123274543,0.013890607057173005,0.0
0.3727674472474707,-0.0003448236426897601,0.0,0.3532382879565006,-0.0027649956899077604,0.0
0.8823646696634925,0.000859841296347903,0.0,0.901897182302765,0.0032517123554594426,0.0
0.901897182302765,0.0032517123554594426,0.0,0.9214525402535787,0.005447216534917311,0.0
0.33369002301647893,-0.005025399532488225,0.0,0.3532382879565006,-0.0027649956899077604,0.0
0.33369002301647893,-0.005025399532488225,0.0,0.3141100058365091,-0.0069908010021629725,0.0
0.0788790821215614,0.005412396451020952,0.0,0.09843394282253001,0.003212427828946348,0.0
0.0788790821215614,0.005412396451020952,0.0,0.05929053036130226,0.007286198422901556,0.0
0.1570293795537495,-0.003981415534627469,0.0,0.1765931603528292,-0.00610287980240391,0.0
0.1570293795537495,-0.003981415534627469,0.0,0.1685852367892589,0.011225445688610121,0.0
0.1570293795537495,-0.003981415534627469,0.0,0.14927166123274543,0.013890607057173005,0.0
0.1765931603528292,-0.00610287980240391,0.0,0.1685852367892589,0.011225445688610121,0.0
0.1765931603528292,-0.00610287980240391,0.0,0.1961925286246866,-0.007863999315977295,0.0
0.1765931603528292,-0.00610287980240391,0.0,0.18822981663734595,0.009054992855258228,0.0
0.1685852367892589,0.011225445688610121,0.0,0.14927166123274543,0.013890607057173005,0.0
0.1685852367892589,0.011225445688610121,0.0,0.18822981663734595,0.009054992855258228,0.0
0.1685852367892589,0.011225445688610121,0.0,0.1794555882416032,0.024822604348891233,0.0
0.1685852367892589,0.011225445688610121,0.0,0.15970119827604323,0.02572683536419284,0.0
0.294492939432469,-0.008541447225420901,0.0,0.3141100058365091,-0.0069908010021629725,0.0
0.294492939432469,-0.008541447225420901,0.0,0.27484230063967613,-0.009580841104038703,0.0
0.1961925286246866,-0.007863999315977295,0.0,0.21582822580542319,-0.009156275612554571,0.0
0.1961925286246866,-0.007863999315977295,0.0,0.20774372907633276,0.007979038427967634,0.0
0.1961925286246866,-0.007863999315977295,0.0,0.18822981663734595,0.009054992855258228,0.0
0.21582822580542319,-0.009156275612554571,0.0,0.20774372907633276,0.007979038427967634,0.0
0.21582822580542319,-0.009156275612554571,0.0,0.23549227200638156,-0.009898438205132089,0.0
0.20774372907633276,0.007979038427967634,0.0,0.18822981663734595,0.009054992855258228,0.0
0.20774372907633276,0.007979038427967634,0.0,0.19992565781126148,0.02435449736831802,0.0
0.980324995015478,0.009631747754781254,0.0,1.0,0.00993585099580927,0.0
0.980324995015478,0.009631747754781254,0.0,0.985562645275926,0.024194779598015474,0.0
0.23549227200638156,-0.009898438205132089,0.0,0.2551697238459824,-0.010043063642225944,0.0
0.2551697238459824,-0.010043063642225944,0.0,0.27484230063967613,-0.009580841104038703,0.0
1.0,0.029942784130232238,0.0,1.0,0.00993585099580927,0.0
1.0,0.029942784130232238,0.0,0.985562645275926,0.024194779598015474,0.0
0.01968189381931244,0.2096956954280177,0.0,0.01195437656760181,0.1977524505624251,0.0
0.01968189381931244,0.2096956954280177,0.0,7.665593976217853e-25,0.21,0.0
0.6349855974811097,0.06921442676522362,0.0,0.627784587825155,0.08557148509329454,0.0
0.14927166123274543,0.013890607057173005,0.0,0.14102393026688145,0.026058742540729266,0.0
0.14927166123274543,0.013890607057173005,0.0,0.15970119827604323,0.02572683536419284,0.0
0.4400157881828421,0.19163432583194295,0.0,0.44737243240527264,0.17626254737496144,0.0
0.44737243240527264,0.17626254737496144,0.0,0.46736084074728135,0.17707523206704884,0.0
0.01195437656760181,0.1977524505624251,0.0,7.665593976217853e-25,0.21,0.0
0.18822981663734595,0.009054992855258228,0.0,0.19992565781126148,0.02435449736831802,0.0
0.18822981663734595,0.009054992855258228,0.0,0.1794555882416032,0.024822604348891233,0.0
0.5575773661885456,0.19080997722367163,0.0,0.5649922088254935,0.1785205808455132,0.0
0.5575773661885456,0.19080997722367163,0.0,0.5473785947869833,0.17864466226620973,0.0
0.3475714772925957,0.1445004252592374,0.0,0.3275052303247958,0.14339929154792685,0.0
0.479056974678041,0.19346760620120038,0.0,0.48734316948614076,0.17821700829747836,0.0
0.479056974678041,0.19346760620120038,0.0,0.46736084074728135,0.17707523206704884,0.0
0.5185821809214847,0.19382696554863837,0.0,0.5074984714460689,0.17868650229120336,0.0
0.5185821809214847,0.19382696554863837,0.0,0.5274550007437271,0.179054652622014,0.0
0.24533226917161338,0.14172703258296968,0.0,0.26542371207905324,0.1418108170558507,0.0
0.48734316948614076,0.17821700829747836,0.0,0.46736084074728135,0.17707523206704884,0.0
0.48734316948614076,0.17821700829747836,0.0,0.5074984714460689,0.17868650229120336,0.0
0.19992565781126148,0.02435449736831802,0.0,0.1794555882416032,0.024822604348891233,0.0
1.0,0.00993585099580927,0.0,0.985562645275926,0.024194779598015474,0.0
0.0003334435985906812,0.009935763389284999,0.0,0.014572578948429036,0.023926869058636575,0.0
0.10899159394910733,0.13673400952139425,0.0,0.1274345492646636,0.13527292356790344,0.0
0.627784587825155,0.08557148509329454,0.0,0.6084376595309777,0.0851413640543741,0.0
0.1794555882416032,0.024822604348891233,0.0,0.15970119827604323,0.02572683536419284,0.0
0.5074984714460689,0.17868650229120336,0.0,0.5274550007437271,0.179054652622014,0.0
0.5649922088254935,0.1785205808455132,0.0,0.5473785947869833,0.17864466226620973,0.0
0.5274550007437271,0.179054652622014,0.0,0.5473785947869833,0.17864466226620973,0.0
0.14102393026688145,0.026058742540729266,0.0,0.15970119827604323,0.02572683536419284,0.0
