start:0,start:1,start:2,end:0,end:1,end:2
0.7928145601539621,0.010623119025860517,0.0,0.8007616891813956,0.031679492188126025,0.0
0.7928145601539621,0.010623119025860517,0.0,0.780690348608385,0.03125885458748045,0.0
0.7928145601539621,0.010623119025860517,0.0,0.784504565155971,-0.009112474746902533,0.0
0.7928145601539621,0.010623119025860517,0.0,0.7734259371306159,0.011421924107718775,0.0
0.7928145601539621,0.010623119025860517,0.0,0.8041395852198105,-0.0078114907981192885,0.0
0.7928145601539621,0.010623119025860517,0.0,0.812164307903692,0.013050822673321402,0.0
0.8007616891813956,0.031679492188126025,0.0,0.780690348608385,0.03125885458748045,0.0
0.8007616891813956,0.031679492188126025,0.0,0.812164307903692,0.013050822673321402,0.0
0.8007616891813956,0.031679492188126025,0.0,0.8200870814803296,0.03288230351057019,0.0
0.8007616891813956,0.031679492188126025,0.0,0.7898798302938961,0.049520348883887365,0.0
0.8007616891813956,0.031679492188126025,0.0,0.8097655253521968,0.050030831004999166,0.0
0.780690348608385,0.03125885458748045,0.0,0.7734259371306159,0.011421924107718775,0.0
0.780690348608385,0.03125885458748045,0.0,0.7708735600455917,0.04905494245010374,0.0
0.780690348608385,0.03125885458748045,0.0,0.7605860017014541,0.030233065975419582,0.0
0.780690348608385,0.03125885458748045,0.0,0.7898798302938961,0.049520348883887365,0.0
0.6934932828975477,0.1713281673749333,0.0,0.6878673286677469,0.15172421007374942,0.0
0.6934932828975477,0.1713281673749333,0.0,0.7078639028070927,0.152094290567919,0.0
0.6934932828975477,0.1713281673749333,0.0,0.7155545860285274,0.17162481558771514,0.0
0.6934932828975477,0.1713281673749333,0.0,0.7057425391897695,0.1915070909240959,0.0
0.6934932828975477,0.1713281673749333,0.0,0.6772547080462044,0.16268905079437396,0.0
0.6934932828975477,0.1713281673749333,0.0,0.6861187615548019,0.1930527247722307,0.0
0.6934932828975477,0.1713281673749333,0.0,0.6724328096617164,0.17774162458809195,0.0
0.6878673286677469,0.15172421007374942,0.0,0.7078639028070927,0.152094290567919,0.0
0.6878673286677469,0.15172421007374942,0.0,0.6772547080462044,0.16268905079437396,0.0
0.6878673286677469,0.15172421007374942,0.0,0.6781890502247225,0.1342306571554562,0.0
0.6878673286677469,0.15172421007374942,0.0,0.6678797882009418,0.15086527822481077,0.0
0.6878673286677469,0.15172421007374942,0.0,0.6981854076478212,0.13461278051137013,0.0
0.7078639028070927,0.152094290567919,0.0,0.7155545860285274,0.17162481558771514,0.0
0.7078639028070927,0.152094290567919,0.0,0.7273261386716096,0.15298413356440646,0.0
0.7078639028070927,0.152094290567919,0.0,0.6981854076478212,0.13461278051137013,0.0
0.7078639028070927,0.152094290567919,0.0,0.7180920281539332,0.13490803710239951,0.0
0.3747185970240736,0.057023795963584825,0.0,0.3692031642961583,0.07652242438260723,0.0
0.3747185970240736,0.057023795963584825,0.0,0.38795005698836504,0.07639882291384488,0.0
0.3747185970240736,0.057023795963584825,0.0,0.39786851914609833,0.05852941406945311,0.0
0.3747185970240736,0.057023795963584825,0.0,0.35448097170957255,0.049566329596949135,0.0
0.3747185970240736,0.057023795963584825,0.0,0.3877604759409943,0.0390207410065527,0.0
0.3747185970240736,0.057023795963584825,0.0,0.36845176188958756,0.035344855665824744,0.0
0.3747185970240736,0.057023795963584825,0.0,0.35941597204200976,0.06492274201610253,0.0
0.3692031642961583,0.07652242438260723,0.0,0.38795005698836504,0.07639882291384488,0.0
0.3692031642961583,0.07652242438260723,0.0,0.34900455924764123,0.077250994286488,0.0
0.3692031642961583,0.07652242438260723,0.0,0.3788755294828776,0.09433139254541098,0.0
0.3692031642961583,0.07652242438260723,0.0,0.3588834376038702,0.09371870130284542,0.0
0.3692031642961583,0.07652242438260723,0.0,0.35941597204200976,0.06492274201610253,0.0
0.38795005698836504,0.07639882291384488,0.0,0.39786851914609833,0.05852941406945311,0.0
0.38795005698836504,0.07639882291384488,0.0,0.4081616060249464,0.07732938795191337,0.0
0.38795005698836504,0.07639882291384488,0.0,0.3988729304705032,0.09465653557932355,0.0
0.38795005698836504,0.07639882291384488,0.0,0.3788755294828776,0.09433139254541098,0.0
0.08528953692116688,0.1885853828590068,0.0,0.06733284930753357,0.17489861714373017,0.0
0.08528953692116688,0.1885853828590068,0.0,0.09441307394150726,0.1701717579029803,0.0
0.08528953692116688,0.1885853828590068,0.0,0.06788655265918006,0.19309902193640258,0.0
0.08528953692116688,0.1885853828590068,0.0,0.10578078408350974,0.18550671288217313,0.0
0.08528953692116688,0.1885853828590068,0.0,0.07857462076905876,0.2055086350173741,0.0
0.08528953692116688,0.1885853828590068,0.0,0.09813655032930213,0.2033120093872453,0.0
0.06733284930753357,0.17489861714373017,0.0,0.09441307394150726,0.1701717579029803,0.0
0.06733284930753357,0.17489861714373017,0.0,0.07877763108876978,0.15656241652206104,0.0
0.06733284930753357,0.17489861714373017,0.0,0.04925694882299136,0.18912558936301413,0.0
0.06733284930753357,0.17489861714373017,0.0,0.04852742824921461,0.17007237579319004,0.0
0.06733284930753357,0.17489861714373017,0.0,0.06788655265918006,0.19309902193640258,0.0
0.06733284930753357,0.17489861714373017,0.0,0.05766049695066443,0.15708355242488273,0.0
0.09441307394150726,0.1701717579029803,0.0,0.07877763108876978,0.15656241652206104,0.0
0.09441307394150726,0.1701717579029803,0.0,0.10142182479237458,0.15260017499113632,0.0
0.09441307394150726,0.1701717579029803,0.0,0.11376098001062555,0.1672730801861814,0.0
0.09441307394150726,0.1701717579029803,0.0,0.10578078408350974,0.18550671288217313,0.0
0.15827810958451585,0.12460199254849844,0.0,0.14137006414207792,0.1445854296712346,0.0
0.15827810958451585,0.12460199254849844,0.0,0.13828152086130566,0.1242318348493786,0.0
0.15827810958451585,0.12460199254849844,0.0,0.16203872861952232,0.14378262891840052,0.0
0.15827810958451585,0.12460199254849844,0.0,0.17635378566671547,0.12504031642978938,0.0
0.15827810958451585,0.12460199254849844,0.0,0.14860119060288793,0.10703111894515956,0.0
0.15827810958451585,0.12460199254849844,0.0,0.16860263970471723,0.10713866371355701,0.0
0.14137006414207792,0.1445854296712346,0.0,0.13828152086130566,0.1242318348493786,0.0
0.14137006414207792,0.1445854296712346,0.0,0.16203872861952232,0.14378262891840052,0.0
0.14137006414207792,0.1445854296712346,0.0,0.1529067157341589,0.162087810163016,0.0
0.14137006414207792,0.1445854296712346,0.0,0.13298573169824945,0.16433549194432817,0.0
0.14137006414207792,0.1445854296712346,0.0,0.1210869609059415,0.14970616082220772,0.0
0.14137006414207792,0.1445854296712346,0.0,0.12743454724198194,0.13528140420801596,0.0
0.13828152086130566,0.1242318348493786,0.0,0.14860119060288793,0.10703111894515956,0.0
0.13828152086130566,0.1242318348493786,0.0,0.1286036636718652,0.1067115667009873,0.0
0.13828152086130566,0.1242318348493786,0.0,0.11829381494733765,0.12338122823405855,0.0
0.13828152086130566,0.1242318348493786,0.0,0.12743454724198194,0.13528140420801596,0.0
0.1298481910962561,0.016534754627959322,0.0,0.12895079561666759,0.03584112637982357,0.0
0.1298481910962561,0.016534754627959322,0.0,0.11190184624191236,0.019349834911849193,0.0
0.1298481910962561,0.016534754627959322,0.0,0.1179667302528167,0.000844729919989222,0.0
0.1298481910962561,0.016534754627959322,0.0,0.13749262090864203,-0.0016013720801493938,0.0
0.1298481910962561,0.016534754627959322,0.0,0.14927206765826173,0.01391473154790373,0.0
0.1298481910962561,0.016534754627959322,0.0,0.14102429642530442,0.026081404754682392,0.0
0.12895079561666759,0.03584112637982357,0.0,0.11190184624191236,0.019349834911849193,0.0
0.12895079561666759,0.03584112637982357,0.0,0.10630813530158668,0.03732712158641409,0.0
0.12895079561666759,0.03584112637982357,0.0,0.11941004634588721,0.05430948464508662,0.0
0.12895079561666759,0.03584112637982357,0.0,0.13956220102207367,0.05494505656248705,0.0
0.12895079561666759,0.03584112637982357,0.0,0.14998409958911862,0.03907106265055161,0.0
0.12895079561666759,0.03584112637982357,0.0,0.14102429642530442,0.026081404754682392,0.0
0.11190184624191236,0.019349834911849193,0.0,0.10630813530158668,0.03732712158641409,0.0
0.11190184624191236,0.019349834911849193,0.0,0.08990279758400356,0.02231253857608535,0.0
0.11190184624191236,0.019349834911849193,0.0,0.1179667302528167,0.000844729919989222,0.0
0.11190184624191236,0.019349834911849193,0.0,0.09843446174033577,0.00323872368629137,0.0
0.07877763108876978,0.15656241652206104,0.0,0.10142182479237458,0.15260017499113632,0.0
0.07877763108876978,0.15656241652206104,0.0,0.08886193249491152,0.1386951739465428,0.0
0.07877763108876978,0.15656241652206104,0.0,0.05766049695066443,0.15708355242488273,0.0
0.07877763108876978,0.15656241652206104,0.0,0.0679732846743433,0.1402570953597507,0.0
0.10630813530158668,0.03732712158641409,0.0,0.08990279758400356,0.02231253857608535,0.0
0.10630813530158668,0.03732712158641409,0.0,0.08901674496072223,0.04100395241668987,0.0
0.10630813530158668,0.03732712158641409,0.0,0.11941004634588721,0.05430948464508662,0.0
0.10630813530158668,0.03732712158641409,0.0,0.09893920126122356,0.05470838375266529,0.0
0.8388956960665763,0.10436276666893929,0.0,0.8588556729408989,0.10425923266950361,0.0
0.8388956960665763,0.10436276666893929,0.0,0.8493188495941624,0.12258287132756487,0.0
0.8388956960665763,0.10436276666893929,0.0,0.8281147430794675,0.12290735328730105,0.0
0.8388956960665763,0.10436276666893929,0.0,0.8188296484035696,0.10293431848717564,0.0
0.8388956960665763,0.10436276666893929,0.0,0.829123708781562,0.08517217127952013,0.0
0.8388956960665763,0.10436276666893929,0.0,0.8491364768844113,0.08572741896018271,0.0
0.8588556729408989,0.10425923266950361,0.0,0.8493188495941624,0.12258287132756487,0.0
0.8588556729408989,0.10425923266950361,0.0,0.8697969082976849,0.12184742092684046,0.0
0.8588556729408989,0.10425923266950361,0.0,0.8788060676208093,0.10360107247142751,0.0
0.8588556729408989,0.10425923266950361,0.0,0.8491364768844113,0.08572741896018271,0.0
0.8588556729408989,0.10425923266950361,0.0,0.8691236277111755,0.0863754197888886,0.0
0.8493188495941624,0.12258287132756487,0.0,0.836933904407728,0.14224167592963388,0.0
0.8493188495941624,0.12258287132756487,0.0,0.8610037855618181,0.1399523470908333,0.0
0.8493188495941624,0.12258287132756487,0.0,0.8281147430794675,0.12290735328730105,0.0
0.8493188495941624,0.12258287132756487,0.0,0.8697969082976849,0.12184742092684046,0.0
0.16203872861952232,0.14378262891840052,0.0,0.17635378566671547,0.12504031642978938,0.0
0.16203872861952232,0.14378262891840052,0.0,0.18420711492278827,0.1423011920156361,0.0
0.16203872861952232,0.14378262891840052,0.0,0.17314146119532695,0.16009420344987546,0.0
0.16203872861952232,0.14378262891840052,0.0,0.1529067157341589,0.162087810163016,0.0
0.39786851914609833,0.05852941406945311,0.0,0.4081616060249464,0.07732938795191337,0.0
0.39786851914609833,0.05852941406945311,0.0,0.4186346675947501,0.05944431390293497,0.0
0.39786851914609833,0.05852941406945311,0.0,0.40855961916708805,0.04141799530201169,0.0
0.39786851914609833,0.05852941406945311,0.0,0.3877604759409943,0.0390207410065527,0.0
0.836933904407728,0.14224167592963388,0.0,0.8610037855618181,0.1399523470908333,0.0
0.836933904407728,0.14224167592963388,0.0,0.8490851041529723,0.16236467336916938,0.0
0.836933904407728,0.14224167592963388,0.0,0.8273958570071605,0.15978126990313182,0.0
0.836933904407728,0.14224167592963388,0.0,0.8281147430794675,0.12290735328730105,0.0
0.836933904407728,0.14224167592963388,0.0,0.817238126579666,0.14071682501971244,0.0
0.8610037855618181,0.1399523470908333,0.0,0.8490851041529723,0.16236467336916938,0.0
0.8610037855618181,0.1399523470908333,0.0,0.8697969082976849,0.12184742092684046,0.0
0.8610037855618181,0.1399523470908333,0.0,0.8714856455950389,0.15794514651936234,0.0
0.8610037855618181,0.1399523470908333,0.0,0.8798429503869944,0.13899874801029283,0.0
0.8490851041529723,0.16236467336916938,0.0,0.8351247857848269,0.17780920741073306,0.0
0.8490851041529723,0.16236467336916938,0.0,0.8273958570071605,0.15978126990313182,0.0
0.8490851041529723,0.16236467336916938,0.0,0.8497836040475327,0.18264320435542392,0.0
0.8490851041529723,0.16236467336916938,0.0,0.8643684090448431,0.17742336034013761,0.0
0.8490851041529723,0.16236467336916938,0.0,0.8714856455950389,0.15794514651936234,0.0
0.5598407974008935,0.09634000989246874,0.0,0.5794882872831689,0.09662532684124489,0.0
0.5598407974008935,0.09634000989246874,0.0,0.5716165640381199,0.07610831338124052,0.0
0.5598407974008935,0.09634000989246874,0.0,0.5397656939052003,0.0964796933267884,0.0
0.5598407974008935,0.09634000989246874,0.0,0.551702539400666,0.07763065289967773,0.0
0.5598407974008935,0.09634000989246874,0.0,0.5487126154184399,0.1143911421408116,0.0
0.5598407974008935,0.09634000989246874,0.0,0.5687234972217972,0.11467559194343478,0.0
0.5794882872831689,0.09662532684124489,0.0,0.5716165640381199,0.07610831338124052,0.0
0.5794882872831689,0.09662532684124489,0.0,0.5891651301792457,0.08059007382399237,0.0
0.5794882872831689,0.09662532684124489,0.0,0.5687234972217972,0.11467559194343478,0.0
0.5794882872831689,0.09662532684124489,0.0,0.5886642793652339,0.11501730147502615,0.0
0.5794882872831689,0.09662532684124489,0.0,0.5989551399618209,0.09886678313412502,0.0
0.5716165640381199,0.07610831338124052,0.0,0.551702539400666,0.07763065289967773,0.0
0.5716165640381199,0.07610831338124052,0.0,0.5629804751425884,0.05883506812698079,0.0
0.5716165640381199,0.07610831338124052,0.0,0.5891651301792457,0.08059007382399237,0.0
0.5716165640381199,0.07610831338124052,0.0,0.5842654505960688,0.06012434767706575,0.0
0.5767966907129342,0.18850939244767836,0.0,0.5780538254570013,0.16795025944875447,0.0
0.5767966907129342,0.18850939244767836,0.0,0.596173331058527,0.18670932436810095,0.0
0.5767966907129342,0.18850939244767836,0.0,0.568781339891721,0.2064914852893641,0.0
0.5767966907129342,0.18850939244767836,0.0,0.5883592993452134,0.204443428867555,0.0
0.5767966907129342,0.18850939244767836,0.0,0.5575773493263982,0.19081206955417046,0.0
0.5767966907129342,0.18850939244767836,0.0,0.564992184820964,0.17852415596716134,0.0
0.5780538254570013,0.16795025944875447,0.0,0.596173331058527,0.18670932436810095,0.0
0.5780538254570013,0.16795025944875447,0.0,0.6001372555872898,0.16725890430704707,0.0
0.5780538254570013,0.16795025944875447,0.0,0.5878919562952118,0.14980031762364304,0.0
0.5780538254570013,0.16795025944875447,0.0,0.5678878284017815,0.14950318692120973,0.0
0.5780538254570013,0.16795025944875447,0.0,0.5574400501264276,0.16496825373253862,0.0
0.5780538254570013,0.16795025944875447,0.0,0.564992184820964,0.17852415596716134,0.0
0.596173331058527,0.18670932436810095,0.0,0.6001372555872898,0.16725890430704707,0.0
0.596173331058527,0.18670932436810095,0.0,0.6137008054867774,0.18442830604824836,0.0
0.596173331058527,0.18670932436810095,0.0,0.6079079889629149,0.2021313692806051,0.0
0.596173331058527,0.18670932436810095,0.0,0.5883592993452134,0.204443428867555,0.0
0.8351247857848269,0.17780920741073306,0.0,0.8273958570071605,0.15978126990313182,0.0
0.8351247857848269,0.17780920741073306,0.0,0.8497836040475327,0.18264320435542392,0.0
0.8351247857848269,0.17780920741073306,0.0,0.8153373838286032,0.17603571569434645,0.0
0.8351247857848269,0.17780920741073306,0.0,0.8236791101517987,0.1939886763111289,0.0
0.8351247857848269,0.17780920741073306,0.0,0.8432487611881002,0.1961150490981094,0.0
0.8273958570071605,0.15978126990313182,0.0,0.817238126579666,0.14071682501971244,0.0
0.8273958570071605,0.15978126990313182,0.0,0.8063719574987867,0.15785584353792334,0.0
0.8273958570071605,0.15978126990313182,0.0,0.8153373838286032,0.17603571569434645,0.0
0.6983186050964821,0.011451993025341976,0.0,0.6909582289191298,0.03177125654199703,0.0
0.6983186050964821,0.011451993025341976,0.0,0.7114699838055676,0.029759994838520255,0.0
0.6983186050964821,0.011451993025341976,0.0,0.718788888416645,0.010846595185448896,0.0
0.6983186050964821,0.011451993025341976,0.0,0.686222441388968,-0.006994540981690972,0.0
0.6983186050964821,0.011451993025341976,0.0,0.6787463093089954,0.01321202048807242,0.0
0.6983186050964821,0.011451993025341976,0.0,0.7058400317993878,-0.008537250456141475,0.0
0.6909582289191298,0.03177125654199703,0.0,0.7114699838055676,0.029759994838520255,0.0
0.6909582289191298,0.03177125654199703,0.0,0.6835589599887026,0.05024415794344418,0.0
0.6909582289191298,0.03177125654199703,0.0,0.6713367952504419,0.03361384799603451,0.0
0.6909582289191298,0.03177125654199703,0.0,0.6787463093089954,0.01321202048807242,0.0
0.6909582289191298,0.03177125654199703,0.0,0.7047038535547031,0.04864598375234235,0.0
0.7114699838055676,0.029759994838520255,0.0,0.7247582701978136,0.04635172854149526,0.0
0.7114699838055676,0.029759994838520255,0.0,0.718788888416645,0.010846595185448896,0.0
0.7114699838055676,0.029759994838520255,0.0,0.7047038535547031,0.04864598375234235,0.0
0.7114699838055676,0.029759994838520255,0.0,0.7304022446064223,0.025900890470338018,0.0
0.35448097170957255,0.049566329596949135,0.0,0.3311211867836886,0.04130363354667446,0.0
0.35448097170957255,0.049566329596949135,0.0,0.3492494668031926,0.031372473604529785,0.0
0.35448097170957255,0.049566329596949135,0.0,0.33942752385638497,0.06027713828698834,0.0
0.35448097170957255,0.049566329596949135,0.0,0.36845176188958756,0.035344855665824744,0.0
0.35448097170957255,0.049566329596949135,0.0,0.35941597204200976,0.06492274201610253,0.0
0.3311211867836886,0.04130363354667446,0.0,0.3492494668031926,0.031372473604529785,0.0
0.3311211867836886,0.04130363354667446,0.0,0.33942752385638497,0.06027713828698834,0.0
0.3311211867836886,0.04130363354667446,0.0,0.3181977715214991,0.024706796148990514,0.0
0.3311211867836886,0.04130363354667446,0.0,0.33425106970325624,0.025575392630965848,0.0
0.3311211867836886,0.04130363354667446,0.0,0.3193121558206353,0.05842727624123303,0.0
0.3311211867836886,0.04130363354667446,0.0,0.3098015759150395,0.04132152463624834,0.0
0.3492494668031926,0.031372473604529785,0.0,0.36845176188958756,0.035344855665824744,0.0
0.3492494668031926,0.031372473604529785,0.0,0.3610612411379126,0.015639180035520228,0.0
0.3492494668031926,0.031372473604529785,0.0,0.342436047641666,0.012125971971478225,0.0
0.3492494668031926,0.031372473604529785,0.0,0.33425106970325624,0.025575392630965848,0.0
0.764841002922685,-0.009864456621352545,0.0,0.784504565155971,-0.009112474746902533,0.0
0.764841002922685,-0.009864456621352545,0.0,0.7734259371306159,0.011421924107718775,0.0
0.764841002922685,-0.009864456621352545,0.0,0.7548681872899811,0.0071019541148966405,0.0
0.764841002922685,-0.009864456621352545,0.0,0.7451637460865383,-0.010019395528592606,0.0
0.784504565155971,-0.009112474746902533,0.0,0.7734259371306159,0.011421924107718775,0.0
0.784504565155971,-0.009112474746902533,0.0,0.8041395852198105,-0.0078114907981192885,0.0
0.7734259371306159,0.011421924107718775,0.0,0.7548681872899811,0.0071019541148966405,0.0
0.7734259371306159,0.011421924107718775,0.0,0.7605860017014541,0.030233065975419582,0.0
0.6001372555872898,0.16725890430704707,0.0,0.6137008054867774,0.18442830604824836,0.0
0.6001372555872898,0.16725890430704707,0.0,0.6208486576888642,0.16707039938014503,0.0
0.6001372555872898,0.16725890430704707,0.0,0.5878919562952118,0.14980031762364304,0.0
0.6001372555872898,0.16725890430704707,0.0,0.6078960123381167,0.1498257902766972,0.0
0.17635378566671547,0.12504031642978938,0.0,0.18420711492278827,0.1423011920156361,0.0
0.17635378566671547,0.12504031642978938,0.0,0.1963978427894205,0.12485531072402967,0.0
0.17635378566671547,0.12504031642978938,0.0,0.16860263970471723,0.10713866371355701,0.0
0.17635378566671547,0.12504031642978938,0.0,0.18859825173728517,0.10756207691940405,0.0
0.18420711492278827,0.1423011920156361,0.0,0.20433277893836344,0.1419738859023718,0.0
0.18420711492278827,0.1423011920156361,0.0,0.19363045961642844,0.1586504678719365,0.0
0.18420711492278827,0.1423011920156361,0.0,0.1963978427894205,0.12485531072402967,0.0
0.18420711492278827,0.1423011920156361,0.0,0.17314146119532695,0.16009420344987546,0.0
0.7247582701978136,0.04635172854149526,0.0,0.7427690659167498,0.03988907951446925,0.0
0.7247582701978136,0.04635172854149526,0.0,0.7399380579976634,0.06257429428231547,0.0
0.7247582701978136,0.04635172854149526,0.0,0.7180010527080724,0.06576603209724825,0.0
0.7247582701978136,0.04635172854149526,0.0,0.7047038535547031,0.04864598375234235,0.0
0.7247582701978136,0.04635172854149526,0.0,0.7304022446064223,0.025900890470338018,0.0
0.7427690659167498,0.03988907951446925,0.0,0.7399380579976634,0.06257429428231547,0.0
0.7427690659167498,0.03988907951446925,0.0,0.7605860017014541,0.030233065975419582,0.0
0.7427690659167498,0.03988907951446925,0.0,0.7550305526907137,0.05044212882366888,0.0
0.7427690659167498,0.03988907951446925,0.0,0.7304022446064223,0.025900890470338018,0.0
0.7427690659167498,0.03988907951446925,0.0,0.7450618870959227,0.021995320719601388,0.0
0.7399380579976634,0.06257429428231547,0.0,0.7180010527080724,0.06576603209724825,0.0
0.7399380579976634,0.06257429428231547,0.0,0.7550305526907137,0.05044212882366888,0.0
0.7399380579976634,0.06257429428231547,0.0,0.7605475735663624,0.06693368638687137,0.0
0.7399380579976634,0.06257429428231547,0.0,0.7491310416030066,0.08357671614666665,0.0
0.7399380579976634,0.06257429428231547,0.0,0.7291095955734896,0.08329785823002823,0.0
0.6835589599887026,0.05024415794344418,0.0,0.6754741903771472,0.06752856820768811,0.0
0.6835589599887026,0.05024415794344418,0.0,0.6964877267375553,0.06659067241785933,0.0
0.6835589599887026,0.05024415794344418,0.0,0.6713367952504419,0.03361384799603451,0.0
0.6835589599887026,0.05024415794344418,0.0,0.7047038535547031,0.04864598375234235,0.0
0.6835589599887026,0.05024415794344418,0.0,0.6625800036419808,0.050881932590404334,0.0
0.6754741903771472,0.06752856820768811,0.0,0.6964877267375553,0.06659067241785933,0.0
0.6754741903771472,0.06752856820768811,0.0,0.6882065723019416,0.0839649274659306,0.0
0.6754741903771472,0.06752856820768811,0.0,0.6670221921596905,0.0836640643223257,0.0
0.6754741903771472,0.06752856820768811,0.0,0.6549549277521559,0.06805107681869425,0.0
0.6754741903771472,0.06752856820768811,0.0,0.6625800036419808,0.050881932590404334,0.0
0.6964877267375553,0.06659067241785933,0.0,0.6882065723019416,0.0839649274659306,0.0
0.6964877267375553,0.06659067241785933,0.0,0.7180010527080724,0.06576603209724825,0.0
0.6964877267375553,0.06659067241785933,0.0,0.7047038535547031,0.04864598375234235,0.0
0.6964877267375553,0.06659067241785933,0.0,0.7089817292661276,0.08339431737665619,0.0
0.7155545860285274,0.17162481558771514,0.0,0.7358694825258199,0.17207684228200032,0.0
0.7155545860285274,0.17162481558771514,0.0,0.7273261386716096,0.15298413356440646,0.0
0.7155545860285274,0.17162481558771514,0.0,0.7057425391897695,0.1915070909240959,0.0
0.7155545860285274,0.17162481558771514,0.0,0.7253997900510565,0.1904740301919498,0.0
0.5299536141233901,0.0790412254459167,0.0,0.5397656939052003,0.0964796933267884,0.0
0.5299536141233901,0.0790412254459167,0.0,0.551702539400666,0.07763065289967773,0.0
0.5299536141233901,0.0790412254459167,0.0,0.5409598836744812,0.06100211499905307,0.0
0.5299536141233901,0.0790412254459167,0.0,0.5196011522851408,0.06186647868300022,0.0
0.5299536141233901,0.0790412254459167,0.0,0.5091789360230979,0.07910999065426423,0.0
0.5299536141233901,0.0790412254459167,0.0,0.518986737950446,0.09654270341042683,0.0
0.5397656939052003,0.0964796933267884,0.0,0.551702539400666,0.07763065289967773,0.0
0.5397656939052003,0.0964796933267884,0.0,0.518986737950446,0.09654270341042683,0.0
0.5397656939052003,0.0964796933267884,0.0,0.5287087291548229,0.1140250601947816,0.0
0.5397656939052003,0.0964796933267884,0.0,0.5487126154184399,0.1143911421408116,0.0
0.551702539400666,0.07763065289967773,0.0,0.5409598836744812,0.06100211499905307,0.0
0.551702539400666,0.07763065289967773,0.0,0.5629804751425884,0.05883506812698079,0.0
0.33942752385638497,0.06027713828698834,0.0,0.3289926584795388,0.07607072842751382,0.0
0.33942752385638497,0.06027713828698834,0.0,0.34900455924764123,0.077250994286488,0.0
0.33942752385638497,0.06027713828698834,0.0,0.3193121558206353,0.05842727624123303,0.0
0.33942752385638497,0.06027713828698834,0.0,0.35941597204200976,0.06492274201610253,0.0
0.718788888416645,0.010846595185448896,0.0,0.7058400317993878,-0.008537250456141475,0.0
0.718788888416645,0.010846595185448896,0.0,0.7254910500317822,-0.009567317078327572,0.0
0.718788888416645,0.010846595185448896,0.0,0.7304022446064223,0.025900890470338018,0.0
0.718788888416645,0.010846595185448896,0.0,0.7366839430234678,0.006851606707588537,0.0
0.8281147430794675,0.12290735328730105,0.0,0.8188296484035696,0.10293431848717564,0.0
0.8281147430794675,0.12290735328730105,0.0,0.808079555135028,0.12117625027438679,0.0
0.8281147430794675,0.12290735328730105,0.0,0.817238126579666,0.14071682501971244,0.0
0.4081616060249464,0.07732938795191337,0.0,0.4186346675947501,0.05944431390293497,0.0
0.4081616060249464,0.07732938795191337,0.0,0.42907648316812463,0.0776361531483012,0.0
0.4081616060249464,0.07732938795191337,0.0,0.3988729304705032,0.09465653557932355,0.0
0.4081616060249464,0.07732938795191337,0.0,0.41887371258853784,0.09479852464030923,0.0
0.4186346675947501,0.05944431390293497,0.0,0.40855961916708805,0.04141799530201169,0.0
0.4186346675947501,0.05944431390293497,0.0,0.42907648316812463,0.0776361531483012,0.0
0.4186346675947501,0.05944431390293497,0.0,0.4388493570229804,0.059924879428863716,0.0
0.4186346675947501,0.05944431390293497,0.0,0.42929241592533235,0.041828075540917796,0.0
0.40855961916708805,0.04141799530201169,0.0,0.3877604759409943,0.0390207410065527,0.0
0.40855961916708805,0.04141799530201169,0.0,0.40007305912875024,0.022817494067968343,0.0
0.40855961916708805,0.04141799530201169,0.0,0.42026097672152546,0.023797522927787165,0.0
0.40855961916708805,0.04141799530201169,0.0,0.42929241592533235,0.041828075540917796,0.0
0.10142182479237458,0.15260017499113632,0.0,0.08886193249491152,0.1386951739465428,0.0
0.10142182479237458,0.15260017499113632,0.0,0.11376098001062555,0.1672730801861814,0.0
0.10142182479237458,0.15260017499113632,0.0,0.1210869609059415,0.14970616082220772,0.0
0.10142182479237458,0.15260017499113632,0.0,0.10899159145461702,0.13674251032801665,0.0
0.8041395852198105,-0.0078114907981192885,0.0,0.8237382284470639,-0.006043296392802492,0.0
0.8041395852198105,-0.0078114907981192885,0.0,0.812164307903692,0.013050822673321402,0.0
0.8237382284470639,-0.006043296392802492,0.0,0.812164307903692,0.013050822673321402,0.0
0.8237382284470639,-0.006043296392802492,0.0,0.831749161325725,0.012899085830552739,0.0
0.8237382284470639,-0.006043296392802492,0.0,0.8433013921907551,-0.003916786429911263,0.0
0.812164307903692,0.013050822673321402,0.0,0.831749161325725,0.012899085830552739,0.0
0.812164307903692,0.013050822673321402,0.0,0.8200870814803296,0.03288230351057019,0.0
0.2780889042065489,0.02349382476622122,0.0,0.286480227328655,0.007600432927646355,0.0
0.2780889042065489,0.02349382476622122,0.0,0.29804899900893156,0.02434090196538142,0.0
0.2780889042065489,0.02349382476622122,0.0,0.25826421399426963,0.02331080077526858,0.0
0.2780889042065489,0.02349382476622122,0.0,0.2654467387766843,0.0058859602195769105,0.0
0.2780889042065489,0.02349382476622122,0.0,0.2898328153172742,0.04101851961012799,0.0
0.2780889042065489,0.02349382476622122,0.0,0.26985327443362717,0.04022778468223351,0.0
0.286480227328655,0.007600432927646355,0.0,0.29804899900893156,0.02434090196538142,0.0
0.286480227328655,0.007600432927646355,0.0,0.3058926758257075,0.0079042729476551,0.0
0.286480227328655,0.007600432927646355,0.0,0.2654467387766843,0.0058859602195769105,0.0
0.286480227328655,0.007600432927646355,0.0,0.29449268409548257,-0.008515147392608197,0.0
0.286480227328655,0.007600432927646355,0.0,0.27484215444441823,-0.009554540708103656,0.0
0.29804899900893156,0.02434090196538142,0.0,0.3058926758257075,0.0079042729476551,0.0
0.29804899900893156,0.02434090196538142,0.0,0.3181977715214991,0.024706796148990514,0.0
0.29804899900893156,0.02434090196538142,0.0,0.3098015759150395,0.04132152463624834,0.0
0.29804899900893156,0.02434090196538142,0.0,0.2898328153172742,0.04101851961012799,0.0
0.3058926758257075,0.0079042729476551,0.0,0.3181977715214991,0.024706796148990514,0.0
0.3058926758257075,0.0079042729476551,0.0,0.324218822054767,0.009146361910337089,0.0
0.3058926758257075,0.0079042729476551,0.0,0.29449268409548257,-0.008515147392608197,0.0
0.3058926758257075,0.0079042729476551,0.0,0.31410965228361787,-0.006964501959155299,0.0
0.8497836040475327,0.18264320435542392,0.0,0.8643684090448431,0.17742336034013761,0.0
0.8497836040475327,0.18264320435542392,0.0,0.8627921253644149,0.1984719234020252,0.0
0.8497836040475327,0.18264320435542392,0.0,0.8432487611881002,0.1961150490981094,0.0
0.6589999066989277,0.014464772674524978,0.0,0.6511454986710375,0.03454472583789524,0.0
0.6589999066989277,0.014464772674524978,0.0,0.6713367952504419,0.03361384799603451,0.0
0.6589999066989277,0.014464772674524978,0.0,0.666641899020791,-0.005035225704965039,0.0
0.6589999066989277,0.014464772674524978,0.0,0.6787463093089954,0.01321202048807242,0.0
0.6589999066989277,0.014464772674524978,0.0,0.6470932444347939,-0.002778728115299201,0.0
0.6589999066989277,0.014464772674524978,0.0,0.6393364589575127,0.016736694769456086,0.0
0.6511454986710375,0.03454472583789524,0.0,0.6713367952504419,0.03361384799603451,0.0
0.6511454986710375,0.03454472583789524,0.0,0.6393364589575127,0.016736694769456086,0.0
0.6511454986710375,0.03454472583789524,0.0,0.6313543360574451,0.03623866870946805,0.0
0.6511454986710375,0.03454472583789524,0.0,0.6425426097094907,0.05238852464569413,0.0
0.6511454986710375,0.03454472583789524,0.0,0.6625800036419808,0.050881932590404334,0.0
0.6713367952504419,0.03361384799603451,0.0,0.6787463093089954,0.01321202048807242,0.0
0.6713367952504419,0.03361384799603451,0.0,0.6625800036419808,0.050881932590404334,0.0
0.6137008054867774,0.18442830604824836,0.0,0.6208486576888642,0.16707039938014503,0.0
0.6137008054867774,0.18442830604824836,0.0,0.6336764238204263,0.1825579156462556,0.0
0.6137008054867774,0.18442830604824836,0.0,0.6079079889629149,0.2021313692806051,0.0
0.6137008054867774,0.18442830604824836,0.0,0.6274414338011367,0.1996932485171144,0.0
0.6208486576888642,0.16707039938014503,0.0,0.6336764238204263,0.1825579156462556,0.0
0.6208486576888642,0.16707039938014503,0.0,0.6399473102202993,0.16589928567076945,0.0
0.6208486576888642,0.16707039938014503,0.0,0.6278864671471079,0.15013410389567483,0.0
0.6208486576888642,0.16707039938014503,0.0,0.6078960123381167,0.1498257902766972,0.0
0.6336764238204263,0.1825579156462556,0.0,0.6399473102202993,0.16589928567076945,0.0
0.6336764238204263,0.1825579156462556,0.0,0.6274414338011367,0.1996932485171144,0.0
0.6336764238204263,0.1825579156462556,0.0,0.6469771203754761,0.1972732467138197,0.0
0.6336764238204263,0.1825579156462556,0.0,0.6531431479178181,0.18098302614472633,0.0
0.017537203053003436,0.08000486679087886,0.0,0.03663174775091498,0.08872309451391007,0.0
0.017537203053003436,0.08000486679087886,0.0,0.017520830823672066,0.09975486711552556,0.0
0.017537203053003436,0.08000486679087886,0.0,0.019730205175226112,0.057912522080171815,0.0
0.017537203053003436,0.08000486679087886,0.0,0.03206875135818299,0.0701915929050951,0.0
0.017537203053003436,0.08000486679087886,0.0,0.0002334111370453746,0.06997405646616914,0.0
0.017537203053003436,0.08000486679087886,0.0,0.0002000666888959734,0.08997791172972178,0.0
0.03663174775091498,0.08872309451391007,0.0,0.017520830823672066,0.09975486711552556,0.0
0.03663174775091498,0.08872309451391007,0.0,0.03230844014748637,0.10709705951455706,0.0
0.03663174775091498,0.08872309451391007,0.0,0.03206875135818299,0.0701915929050951,0.0
0.03663174775091498,0.08872309451391007,0.0,0.058935559215461925,0.08810957033371662,0.0
0.03663174775091498,0.08872309451391007,0.0,0.049686267839925254,0.07056925923499521,0.0
0.03663174775091498,0.08872309451391007,0.0,0.04861709938575915,0.10524548806309014,0.0
0.017520830823672066,0.09975486711552556,0.0,0.03230844014748637,0.10709705951455706,0.0
0.017520830823672066,0.09975486711552556,0.0,0.018378486105106062,0.12128267342655726,0.0
0.017520830823672066,0.09975486711552556,0.0,0.0001667222407464953,0.10998171731640005,0.0
0.017520830823672066,0.09975486711552556,0.0,0.0002000666888959734,0.08997791172972178,0.0
0.666641899020791,-0.005035225704965039,0.0,0.686222441388968,-0.006994540981690972,0.0
0.666641899020791,-0.005035225704965039,0.0,0.6787463093089954,0.01321202048807242,0.0
0.666641899020791,-0.005035225704965039,0.0,0.6470932444347939,-0.002778728115299201,0.0
0.686222441388968,-0.006994540981690972,0.0,0.6787463093089954,0.01321202048807242,0.0
0.686222441388968,-0.006994540981690972,0.0,0.7058400317993878,-0.008537250456141475,0.0
0.895192841423147,0.18566260477804936,0.0,0.9155300267505829,0.17383340154923727,0.0
0.895192841423147,0.18566260477804936,0.0,0.9133705847189568,0.1915571732691485,0.0
0.895192841423147,0.18566260477804936,0.0,0.897900130843389,0.16850203352124066,0.0
0.895192841423147,0.18566260477804936,0.0,0.8813610198416838,0.17292348264473198,0.0
0.895192841423147,0.18566260477804936,0.0,0.8823244412923026,0.2009191174150899,0.0
0.895192841423147,0.18566260477804936,0.0,0.901863450217593,0.2033120094520914,0.0
0.895192841423147,0.18566260477804936,0.0,0.8772077608713584,0.18708009326148384,0.0
0.9155300267505829,0.17383340154923727,0.0,0.9133705847189568,0.1915571732691485,0.0
0.9155300267505829,0.17383340154923727,0.0,0.897900130843389,0.16850203352124066,0.0
0.9155300267505829,0.17383340154923727,0.0,0.9348318268805238,0.17141999210641579,0.0
0.9155300267505829,0.17383340154923727,0.0,0.9328412529154548,0.1894692560016771,0.0
0.9155300267505829,0.17383340154923727,0.0,0.92724873087797,0.15588577417002938,0.0
0.9155300267505829,0.17383340154923727,0.0,0.9080894077640567,0.15490542028313697,0.0
0.9133705847189568,0.1915571732691485,0.0,0.9328412529154548,0.1894692560016771,0.0
0.9133705847189568,0.1915571732691485,0.0,0.901863450217593,0.2033120094520914,0.0
0.9133705847189568,0.1915571732691485,0.0,0.921425379683128,0.2055086350647987,0.0
0.897900130843389,0.16850203352124066,0.0,0.8893273791813389,0.15518527514890043,0.0
0.897900130843389,0.16850203352124066,0.0,0.8813610198416838,0.17292348264473198,0.0
0.897900130843389,0.16850203352124066,0.0,0.9080894077640567,0.15490542028313697,0.0
0.6399473102202993,0.16589928567076945,0.0,0.6478910518642675,0.1500750687303337,0.0
0.6399473102202993,0.16589928567076945,0.0,0.6278864671471079,0.15013410389567483,0.0
0.6399473102202993,0.16589928567076945,0.0,0.6531431479178181,0.18098302614472633,0.0
0.6399473102202993,0.16589928567076945,0.0,0.6587574311071239,0.16412567525301622,0.0
0.08886193249491152,0.1386951739465428,0.0,0.07829177209137654,0.1231212195281004,0.0
0.08886193249491152,0.1386951739465428,0.0,0.0984533465697473,0.12228663442558567,0.0
0.08886193249491152,0.1386951739465428,0.0,0.0679732846743433,0.1402570953597507,0.0
0.08886193249491152,0.1386951739465428,0.0,0.10899159145461702,0.13674251032801665,0.0
0.5409598836744812,0.06100211499905307,0.0,0.5513067237800954,0.04236510690225204,0.0
0.5409598836744812,0.06100211499905307,0.0,0.5629804751425884,0.05883506812698079,0.0
0.5409598836744812,0.06100211499905307,0.0,0.5304511304564808,0.04360314349076982,0.0
0.5409598836744812,0.06100211499905307,0.0,0.5196011522851408,0.06186647868300022,0.0
0.5513067237800954,0.04236510690225204,0.0,0.5629804751425884,0.05883506812698079,0.0
0.5513067237800954,0.04236510690225204,0.0,0.5304511304564808,0.04360314349076982,0.0
0.5513067237800954,0.04236510690225204,0.0,0.5405103949571312,0.025703329942495287,0.0
0.5513067237800954,0.04236510690225204,0.0,0.5717046037226055,0.04084840385912139,0.0
0.5513067237800954,0.04236510690225204,0.0,0.5604278305920891,0.024334350074106618,0.0
0.5629804751425884,0.05883506812698079,0.0,0.5842654505960688,0.06012434767706575,0.0
0.5629804751425884,0.05883506812698079,0.0,0.5717046037226055,0.04084840385912139,0.0
0.3805501182284179,0.019034352457484843,0.0,0.3877604759409943,0.0390207410065527,0.0
0.3805501182284179,0.019034352457484843,0.0,0.36845176188958756,0.035344855665824744,0.0
0.3805501182284179,0.019034352457484843,0.0,0.39229394962674197,0.0021182115090133593,0.0
0.3805501182284179,0.019034352457484843,0.0,0.40007305912875024,0.022817494067968343,0.0
0.3805501182284179,0.019034352457484843,0.0,0.3610612411379126,0.015639180035520228,0.0
0.3805501182284179,0.019034352457484843,0.0,0.37276691860903527,-0.00031852713569582934,0.0
0.3877604759409943,0.0390207410065527,0.0,0.36845176188958756,0.035344855665824744,0.0
0.3877604759409943,0.0390207410065527,0.0,0.40007305912875024,0.022817494067968343,0.0
0.36845176188958756,0.035344855665824744,0.0,0.3610612411379126,0.015639180035520228,0.0
0.8188296484035696,0.10293431848717564,0.0,0.808079555135028,0.12117625027438679,0.0
0.8188296484035696,0.10293431848717564,0.0,0.7986749721188519,0.10223827868040933,0.0
0.8188296484035696,0.10293431848717564,0.0,0.8090995634538252,0.08474733452060358,0.0
0.8188296484035696,0.10293431848717564,0.0,0.829123708781562,0.08517217127952013,0.0
0.04925694882299136,0.18912558936301413,0.0,0.032008990229380585,0.1760170793718532,0.0
0.04925694882299136,0.18912558936301413,0.0,0.03419721179269346,0.1953693338152528,0.0
0.04925694882299136,0.18912558936301413,0.0,0.04852742824921461,0.17007237579319004,0.0
0.04925694882299136,0.18912558936301413,0.0,0.06788655265918006,0.19309902193640258,0.0
0.04925694882299136,0.18912558936301413,0.0,0.03934595430376511,0.2088023656195966,0.0
0.04925694882299136,0.18912558936301413,0.0,0.05897878113556556,0.2073769316422593,0.0
0.032008990229380585,0.1760170793718532,0.0,0.03419721179269346,0.1953693338152528,0.0
0.032008990229380585,0.1760170793718532,0.0,0.04852742824921461,0.17007237579319004,0.0
0.032008990229380585,0.1760170793718532,0.0,0.017478445846050378,0.15835390972466648,0.0
0.032008990229380585,0.1760170793718532,0.0,0.03823605858585312,0.15673078551020428,0.0
0.032008990229380585,0.1760170793718532,0.0,0.02202296871316341,0.18770771487786472,0.0
0.032008990229380585,0.1760170793718532,0.0,0.014343831667695548,0.17475992274355703,0.0
0.03419721179269346,0.1953693338152528,0.0,0.02202296871316341,0.18770771487786472,0.0
0.03419721179269346,0.1953693338152528,0.0,0.03934595430376511,0.2088023656195966,0.0
0.03419721179269346,0.1953693338152528,0.0,0.01968189381931244,0.2096956954280177,0.0
0.831749161325725,0.012899085830552739,0.0,0.8200870814803296,0.03288230351057019,0.0
0.831749161325725,0.012899085830552739,0.0,0.8404114841552552,0.032847980780189696,0.0
0.831749161325725,0.012899085830552739,0.0,0.8517834587294205,0.015823562719598915,0.0
0.831749161325725,0.012899085830552739,0.0,0.8433013921907551,-0.003916786429911263,0.0
0.8200870814803296,0.03288230351057019,0.0,0.8404114841552552,0.032847980780189696,0.0
0.8200870814803296,0.03288230351057019,0.0,0.8097655253521968,0.050030831004999166,0.0
0.8200870814803296,0.03288230351057019,0.0,0.8297637931583032,0.05039633595010791,0.0
0.8404114841552552,0.032847980780189696,0.0,0.8517834587294205,0.015823562719598915,0.0
0.8404114841552552,0.032847980780189696,0.0,0.8595109889819925,0.03372167438056976,0.0
0.8404114841552552,0.032847980780189696,0.0,0.8297637931583032,0.05039633595010791,0.0
0.8404114841552552,0.032847980780189696,0.0,0.8493506203550079,0.05063339269056572,0.0
0.8697969082976849,0.12184742092684046,0.0,0.8798429503869944,0.13899874801029283,0.0
0.8697969082976849,0.12184742092684046,0.0,0.8891140955258071,0.12087297703143968,0.0
0.8697969082976849,0.12184742092684046,0.0,0.8788060676208093,0.10360107247142751,0.0
0.392092013242154,0.2021313695513354,0.0,0.4116407029594826,0.2044434291270096,0.0
0.392092013242154,0.2021313695513354,0.0,0.4076958243883794,0.1832513488395438,0.0
0.392092013242154,0.2021313695513354,0.0,0.38463921312911936,0.18304266563957408,0.0
0.392092013242154,0.2021313695513354,0.0,0.3725585682950345,0.1996932487804034,0.0
0.4116407029594826,0.2044434291270096,0.0,0.4076958243883794,0.1832513488395438,0.0
0.4116407029594826,0.2044434291270096,0.0,0.4233892589382504,0.19176886412153277,0.0
0.4116407029594826,0.2044434291270096,0.0,0.4312186625324201,0.2064914855210821,0.0
0.4076958243883794,0.1832513488395438,0.0,0.38463921312911936,0.18304266563957408,0.0
0.4076958243883794,0.1832513488395438,0.0,0.3975965929594018,0.16368082557951752,0.0
0.4076958243883794,0.1832513488395438,0.0,0.41711461032337055,0.16301883386296862,0.0
0.4076958243883794,0.1832513488395438,0.0,0.4281465149447281,0.17652527083965444,0.0
0.4076958243883794,0.1832513488395438,0.0,0.4233892589382504,0.19176886412153277,0.0
0.6882065723019416,0.0839649274659306,0.0,0.6670221921596905,0.0836640643223257,0.0
0.6882065723019416,0.0839649274659306,0.0,0.6988238721786445,0.10007790298319716,0.0
0.6882065723019416,0.0839649274659306,0.0,0.6788178135251022,0.10023013567179917,0.0
0.6882065723019416,0.0839649274659306,0.0,0.7089817292661276,0.08339431737665619,0.0
0.808079555135028,0.12117625027438679,0.0,0.7969298963889041,0.13946096738227395,0.0
0.808079555135028,0.12117625027438679,0.0,0.817238126579666,0.14071682501971244,0.0
0.808079555135028,0.12117625027438679,0.0,0.7986749721188519,0.10223827868040933,0.0
0.808079555135028,0.12117625027438679,0.0,0.7877614752436094,0.12115817925087408,0.0
0.7969298963889041,0.13946096738227395,0.0,0.817238126579666,0.14071682501971244,0.0
0.7969298963889041,0.13946096738227395,0.0,0.7877614752436094,0.12115817925087408,0.0
0.7969298963889041,0.13946096738227395,0.0,0.7769759135286458,0.13849124933962872,0.0
0.7969298963889041,0.13946096738227395,0.0,0.8063719574987867,0.15785584353792334,0.0
0.7969298963889041,0.13946096738227395,0.0,0.7861100028372193,0.156711403117175,0.0
0.817238126579666,0.14071682501971244,0.0,0.8063719574987867,0.15785584353792334,0.0
0.7180010527080724,0.06576603209724825,0.0,0.7047038535547031,0.04864598375234235,0.0
0.7180010527080724,0.06576603209724825,0.0,0.7291095955734896,0.08329785823002823,0.0
0.7180010527080724,0.06576603209724825,0.0,0.7089817292661276,0.08339431737665619,0.0
0.04852742824921461,0.17007237579319004,0.0,0.03823605858585312,0.15673078551020428,0.0
0.04852742824921461,0.17007237579319004,0.0,0.05766049695066443,0.15708355242488273,0.0
0.08990279758400356,0.02231253857608535,0.0,0.07035941787559045,0.03628572511866772,0.0
0.08990279758400356,0.02231253857608535,0.0,0.08901674496072223,0.04100395241668987,0.0
0.08990279758400356,0.02231253857608535,0.0,0.07036542694884684,0.018913359852162345,0.0
0.08990279758400356,0.02231253857608535,0.0,0.07887955339140472,0.005438692327914869,0.0
0.08990279758400356,0.02231253857608535,0.0,0.09843446174033577,0.00323872368629137,0.0
0.07035941787559045,0.03628572511866772,0.0,0.08901674496072223,0.04100395241668987,0.0
0.07035941787559045,0.03628572511866772,0.0,0.07036542694884684,0.018913359852162345,0.0
0.07035941787559045,0.03628572511866772,0.0,0.053394458833994074,0.0232173748371433,0.0
0.07035941787559045,0.03628572511866772,0.0,0.04797075430344928,0.039540787353361535,0.0
0.07035941787559045,0.03628572511866772,0.0,0.059632097777958644,0.054287206569879114,0.0
0.07035941787559045,0.03628572511866772,0.0,0.07957417174147854,0.05438600442443422,0.0
0.08901674496072223,0.04100395241668987,0.0,0.09893920126122356,0.05470838375266529,0.0
0.08901674496072223,0.04100395241668987,0.0,0.07957417174147854,0.05438600442443422,0.0
0.9606540458959356,0.2088023656315051,0.0,0.980318106281572,0.2096956954311213,0.0
0.9606540458959356,0.2088023656315051,0.0,0.9678978038332674,0.19117723019781502,0.0
0.9606540458959356,0.2088023656315051,0.0,0.9410212191544387,0.2073769316668632,0.0
0.9606540458959356,0.2088023656315051,0.0,0.9509069444788286,0.19540522121268597,0.0
0.980318106281572,0.2096956954311213,0.0,0.9678978038332674,0.19117723019781502,0.0
0.980318106281572,0.2096956954311213,0.0,0.9854716806726639,0.1951611523366981,0.0
0.980318106281572,0.2096956954311213,0.0,1.0,0.21,0.0
0.9678978038332674,0.19117723019781502,0.0,0.9653589623099882,0.16999296234430433,0.0
0.9678978038332674,0.19117723019781502,0.0,0.9500134089964751,0.17940133708275338,0.0
0.9678978038332674,0.19117723019781502,0.0,0.9854716806726639,0.1951611523366981,0.0
0.9678978038332674,0.19117723019781502,0.0,0.983173045873062,0.1791396321600463,0.0
0.9678978038332674,0.19117723019781502,0.0,0.9509069444788286,0.19540522121268597,0.0
0.38463921312911936,0.18304266563957408,0.0,0.3975965929594018,0.16368082557951752,0.0
0.38463921312911936,0.18304266563957408,0.0,0.37660600399494876,0.16376470568998677,0.0
0.38463921312911936,0.18304266563957408,0.0,0.3647763267804692,0.18089019071007983,0.0
0.38463921312911936,0.18304266563957408,0.0,0.3725585682950345,0.1996932487804034,0.0
0.3975965929594018,0.16368082557951752,0.0,0.37660600399494876,0.16376470568998677,0.0
0.3975965929594018,0.16368082557951752,0.0,0.41711461032337055,0.16301883386296862,0.0
0.3975965929594018,0.16368082557951752,0.0,0.38792439750428404,0.14617339647462035,0.0
0.3975965929594018,0.16368082557951752,0.0,0.407836342778974,0.14637428886393697,0.0
0.37660600399494876,0.16376470568998677,0.0,0.3566299998205001,0.16236162116134678,0.0
0.37660600399494876,0.16376470568998677,0.0,0.3647763267804692,0.18089019071007983,0.0
0.37660600399494876,0.16376470568998677,0.0,0.36775503845732166,0.1456804629672884,0.0
0.37660600399494876,0.16376470568998677,0.0,0.38792439750428404,0.14617339647462035,0.0
0.07036542694884684,0.018913359852162345,0.0,0.053394458833994074,0.0232173748371433,0.0
0.07036542694884684,0.018913359852162345,0.0,0.07887955339140472,0.005438692327914869,0.0
0.07036542694884684,0.018913359852162345,0.0,0.05929092070988418,0.007312494573425542,0.0
0.39229394962674197,0.0021182115090133593,0.0,0.41183633596099894,0.004427508332541724,0.0
0.39229394962674197,0.0021182115090133593,0.0,0.40007305912875024,0.022817494067968343,0.0
0.39229394962674197,0.0021182115090133593,0.0,0.37276691860903527,-0.00031852713569582934,0.0
0.41183633596099894,0.004427508332541724,0.0,0.40007305912875024,0.022817494067968343,0.0
0.41183633596099894,0.004427508332541724,0.0,0.42026097672152546,0.023797522927787165,0.0
0.41183633596099894,0.004427508332541724,0.0,0.4314080343888704,0.006471658653731721,0.0
0.40007305912875024,0.022817494067968343,0.0,0.42026097672152546,0.023797522927787165,0.0
0.7548681872899811,0.0071019541148966405,0.0,0.7605860017014541,0.030233065975419582,0.0
0.7548681872899811,0.0071019541148966405,0.0,0.7366839430234678,0.006851606707588537,0.0
0.7548681872899811,0.0071019541148966405,0.0,0.7450618870959227,0.021995320719601388,0.0
0.7548681872899811,0.0071019541148966405,0.0,0.7451637460865383,-0.010019395528592606,0.0
0.7786094156324725,0.10191969064484532,0.0,0.7986749721188519,0.10223827868040933,0.0
0.7786094156324725,0.10191969064484532,0.0,0.7877614752436094,0.12115817925087408,0.0
0.7786094156324725,0.10191969064484532,0.0,0.7679085290917906,0.11973073911148895,0.0
0.7786094156324725,0.10191969064484532,0.0,0.7691254082530622,0.0839220483819712,0.0
0.7786094156324725,0.10191969064484532,0.0,0.789095821334694,0.0843727009702315,0.0
0.7786094156324725,0.10191969064484532,0.0,0.7587678041415787,0.10103992193458647,0.0
0.7986749721188519,0.10223827868040933,0.0,0.7877614752436094,0.12115817925087408,0.0
0.7986749721188519,0.10223827868040933,0.0,0.8090995634538252,0.08474733452060358,0.0
0.7986749721188519,0.10223827868040933,0.0,0.789095821334694,0.0843727009702315,0.0
0.7877614752436094,0.12115817925087408,0.0,0.7769759135286458,0.13849124933962872,0.0
0.7877614752436094,0.12115817925087408,0.0,0.7679085290917906,0.11973073911148895,0.0
0.06788655265918006,0.19309902193640258,0.0,0.07857462076905876,0.2055086350173741,0.0
0.06788655265918006,0.19309902193640258,0.0,0.05897878113556556,0.2073769316422593,0.0
0.6275639290110346,-0.00036008367360144467,0.0,0.6470932444347939,-0.002778728115299201,0.0
0.6275639290110346,-0.00036008367360144467,0.0,0.6393364589575127,0.016736694769456086,0.0
0.6275639290110346,-0.00036008367360144467,0.0,0.6198618635965344,0.01831080850777956,0.0
0.6275639290110346,-0.00036008367360144467,0.0,0.6080370113418994,0.0020775812452047404,0.0
0.6470932444347939,-0.002778728115299201,0.0,0.6393364589575127,0.016736694769456086,0.0
0.6393364589575127,0.016736694769456086,0.0,0.6198618635965344,0.01831080850777956,0.0
0.6393364589575127,0.016736694769456086,0.0,0.6313543360574451,0.03623866870946805,0.0
0.7058400317993878,-0.008537250456141475,0.0,0.7254910500317822,-0.009567317078327572,0.0
0.7254910500317822,-0.009567317078327572,0.0,0.7366839430234678,0.006851606707588537,0.0
0.7254910500317822,-0.009567317078327572,0.0,0.7451637460865383,-0.010019395528592606,0.0
0.7358694825258199,0.17207684228200032,0.0,0.7273261386716096,0.15298413356440646,0.0
0.7358694825258199,0.17207684228200032,0.0,0.7253997900510565,0.1904740301919498,0.0
0.7358694825258199,0.17207684228200032,0.0,0.7467488626789532,0.15500189181272284,0.0
0.7358694825258199,0.17207684228200032,0.0,0.7556069624295018,0.17279289716953683,0.0
0.7358694825258199,0.17207684228200032,0.0,0.7450787942757616,0.1900191158835712,0.0
0.7273261386716096,0.15298413356440646,0.0,0.7467488626789532,0.15500189181272284,0.0
0.7273261386716096,0.15298413356440646,0.0,0.7376551103818353,0.1361666017541493,0.0
0.7273261386716096,0.15298413356440646,0.0,0.7180920281539332,0.13490803710239951,0.0
0.7708735600455917,0.04905494245010374,0.0,0.7605860017014541,0.030233065975419582,0.0
0.7708735600455917,0.04905494245010374,0.0,0.7550305526907137,0.05044212882366888,0.0
0.7708735600455917,0.04905494245010374,0.0,0.7794457497683578,0.06679854040650646,0.0
0.7708735600455917,0.04905494245010374,0.0,0.7605475735663624,0.06693368638687137,0.0
0.7708735600455917,0.04905494245010374,0.0,0.7898798302938961,0.049520348883887365,0.0
0.7605860017014541,0.030233065975419582,0.0,0.7550305526907137,0.05044212882366888,0.0
0.7605860017014541,0.030233065975419582,0.0,0.7450618870959227,0.021995320719601388,0.0
0.7550305526907137,0.05044212882366888,0.0,0.7605475735663624,0.06693368638687137,0.0
0.9697229704713529,0.026238985321738056,0.0,0.9595135645348715,0.041321308319115145,0.0
0.9697229704713529,0.026238985321738056,0.0,0.9814671725422559,0.040950929745858324,0.0
0.9697229704713529,0.026238985321738056,0.0,0.9495120159304345,0.02514659257622505,0.0
0.9697229704713529,0.026238985321738056,0.0,0.9606674996840368,0.008765292682865487,0.0
0.9697229704713529,0.026238985321738056,0.0,0.980324850085396,0.009658044733053539,0.0
0.9697229704713529,0.026238985321738056,0.0,0.9855625554737302,0.024219051113467612,0.0
0.9595135645348715,0.041321308319115145,0.0,0.9814671725422559,0.040950929745858324,0.0
0.9595135645348715,0.041321308319115145,0.0,0.9682647603047283,0.055003948200615015,0.0
0.9595135645348715,0.041321308319115145,0.0,0.9486385991109093,0.05956167981752875,0.0
0.9595135645348715,0.041321308319115145,0.0,0.9379572503466964,0.041478107212291934,0.0
0.9595135645348715,0.041321308319115145,0.0,0.9495120159304345,0.02514659257622505,0.0
0.9814671725422559,0.040950929745858324,0.0,0.9682647603047283,0.055003948200615015,0.0
0.9814671725422559,0.040950929745858324,0.0,1.0,0.049970209617920466,0.0
0.9814671725422559,0.040950929745858324,0.0,0.9832148633779474,0.06089950297535357,0.0
0.9814671725422559,0.040950929745858324,0.0,1.0,0.029966239096917743,0.0
0.9814671725422559,0.040950929745858324,0.0,0.9855625554737302,0.024219051113467612,0.0
0.9485257353549422,0.15851022769464407,0.0,0.9653589623099882,0.16999296234430433,0.0
0.9485257353549422,0.15851022769464407,0.0,0.9500134089964751,0.17940133708275338,0.0
0.9485257353549422,0.15851022769464407,0.0,0.9581413806847042,0.13939412233473594,0.0
0.9485257353549422,0.15851022769464407,0.0,0.9670157823768646,0.15349764239158448,0.0
0.9485257353549422,0.15851022769464407,0.0,0.9348318268805238,0.17141999210641579,0.0
0.9485257353549422,0.15851022769464407,0.0,0.9379597411557984,0.1391343380006171,0.0
0.9485257353549422,0.15851022769464407,0.0,0.92724873087797,0.15588577417002938,0.0
0.9653589623099882,0.16999296234430433,0.0,0.9500134089964751,0.17940133708275338,0.0
0.9653589623099882,0.16999296234430433,0.0,0.9670157823768646,0.15349764239158448,0.0
0.9653589623099882,0.16999296234430433,0.0,0.983173045873062,0.1791396321600463,0.0
0.9653589623099882,0.16999296234430433,0.0,0.9826794810946203,0.15999103754262298,0.0
0.9500134089964751,0.17940133708275338,0.0,0.9348318268805238,0.17141999210641579,0.0
0.9500134089964751,0.17940133708275338,0.0,0.9328412529154548,0.1894692560016771,0.0
0.9500134089964751,0.17940133708275338,0.0,0.9509069444788286,0.19540522121268597,0.0
0.5304511304564808,0.04360314349076982,0.0,0.5100726761302176,0.04411915541088703,0.0
0.5304511304564808,0.04360314349076982,0.0,0.5196011522851408,0.06186647868300022,0.0
0.5304511304564808,0.04360314349076982,0.0,0.5202559526705017,0.026562718984808817,0.0
0.5304511304564808,0.04360314349076982,0.0,0.5405103949571312,0.025703329942495287,0.0
0.7769759135286458,0.13849124933962872,0.0,0.7572048205961298,0.13727107945322378,0.0
0.7769759135286458,0.13849124933962872,0.0,0.7679085290917906,0.11973073911148895,0.0
0.7769759135286458,0.13849124933962872,0.0,0.7861100028372193,0.156711403117175,0.0
0.7769759135286458,0.13849124933962872,0.0,0.7662569959288871,0.15590025931739884,0.0
0.7572048205961298,0.13727107945322378,0.0,0.7679085290917906,0.11973073911148895,0.0
0.7572048205961298,0.13727107945322378,0.0,0.7481317538005692,0.11850427468855211,0.0
0.7572048205961298,0.13727107945322378,0.0,0.7467488626789532,0.15500189181272284,0.0
0.7572048205961298,0.13727107945322378,0.0,0.7376551103818353,0.1361666017541493,0.0
0.7572048205961298,0.13727107945322378,0.0,0.7662569959288871,0.15590025931739884,0.0
0.7679085290917906,0.11973073911148895,0.0,0.7481317538005692,0.11850427468855211,0.0
0.7679085290917906,0.11973073911148895,0.0,0.7587678041415787,0.10103992193458647,0.0
0.9854716806726639,0.1951611523366981,0.0,0.983173045873062,0.1791396321600463,0.0
0.9854716806726639,0.1951611523366981,0.0,1.0,0.1899964713838611,0.0
0.9854716806726639,0.1951611523366981,0.0,1.0,0.21,0.0
0.6670221921596905,0.0836640643223257,0.0,0.6549549277521559,0.06805107681869425,0.0
0.6670221921596905,0.0836640643223257,0.0,0.6471247883520908,0.0846118279551499,0.0
0.6670221921596905,0.0836640643223257,0.0,0.6788178135251022,0.10023013567179917,0.0
0.6670221921596905,0.0836640643223257,0.0,0.6588209267923858,0.09991780711902698,0.0
0.6549549277521559,0.06805107681869425,0.0,0.6471247883520908,0.0846118279551499,0.0
0.6549549277521559,0.06805107681869425,0.0,0.6425426097094907,0.05238852464569413,0.0
0.6549549277521559,0.06805107681869425,0.0,0.6625800036419808,0.050881932590404334,0.0
0.6549549277521559,0.06805107681869425,0.0,0.6349857840605099,0.06923152019935966,0.0
0.3566299998205001,0.16236162116134678,0.0,0.3647763267804692,0.18089019071007983,0.0
0.3566299998205001,0.16236162116134678,0.0,0.34520137250809985,0.17920566160272708,0.0
0.3566299998205001,0.16236162116134678,0.0,0.3364271129366228,0.16039717752056026,0.0
0.3566299998205001,0.16236162116134678,0.0,0.36775503845732166,0.1456804629672884,0.0
0.3566299998205001,0.16236162116134678,0.0,0.34757149561395406,0.14450739192957646,0.0
0.3647763267804692,0.18089019071007983,0.0,0.34520137250809985,0.17920566160272708,0.0
0.3647763267804692,0.18089019071007983,0.0,0.3530228816138251,0.1972732469543295,0.0
0.3647763267804692,0.18089019071007983,0.0,0.3725585682950345,0.1996932487804034,0.0
0.6471247883520908,0.0846118279551499,0.0,0.6388217592955099,0.09984734091410609,0.0
0.6471247883520908,0.0846118279551499,0.0,0.6588209267923858,0.09991780711902698,0.0
0.6471247883520908,0.0846118279551499,0.0,0.6349857840605099,0.06923152019935966,0.0
0.6471247883520908,0.0846118279551499,0.0,0.6277847177438317,0.08558650620802626,0.0
0.42026097672152546,0.023797522927787165,0.0,0.4314080343888704,0.006471658653731721,0.0
0.42026097672152546,0.023797522927787165,0.0,0.4400897562681832,0.025035758350036186,0.0
0.42026097672152546,0.023797522927787165,0.0,0.42929241592533235,0.041828075540917796,0.0
0.41711461032337055,0.16301883386296862,0.0,0.4281465149447281,0.17652527083965444,0.0
0.41711461032337055,0.16301883386296862,0.0,0.42791180850398824,0.14691429688659693,0.0
0.41711461032337055,0.16301883386296862,0.0,0.4375998474750318,0.1638757836350362,0.0
0.41711461032337055,0.16301883386296862,0.0,0.407836342778974,0.14637428886393697,0.0
0.4281465149447281,0.17652527083965444,0.0,0.4233892589382504,0.19176886412153277,0.0
0.4281465149447281,0.17652527083965444,0.0,0.4375998474750318,0.1638757836350362,0.0
0.4281465149447281,0.17652527083965444,0.0,0.4400158055901142,0.19163629045667585,0.0
0.4281465149447281,0.17652527083965444,0.0,0.4473724531928197,0.17626651977720617,0.0
0.8517834587294205,0.015823562719598915,0.0,0.8433013921907551,-0.003916786429911263,0.0
0.8517834587294205,0.015823562719598915,0.0,0.8628382852250013,-0.0015602874376067434,0.0
0.8517834587294205,0.015823562719598915,0.0,0.8710176965057674,0.016659974048551164,0.0
0.8517834587294205,0.015823562719598915,0.0,0.8595109889819925,0.03372167438056976,0.0
0.7057425391897695,0.1915070909240959,0.0,0.7253997900510565,0.1904740301919498,0.0
0.7057425391897695,0.1915070909240959,0.0,0.6861187615548019,0.1930527247722307,0.0
0.7253997900510565,0.1904740301919498,0.0,0.7450787942757616,0.1900191158835712,0.0
0.03230844014748637,0.10709705951455706,0.0,0.018378486105106062,0.12128267342655726,0.0
0.03230844014748637,0.10709705951455706,0.0,0.03892600831087959,0.12263010111008985,0.0
0.03230844014748637,0.10709705951455706,0.0,0.04861709938575915,0.10524548806309014,0.0
0.040096767134261656,0.056089582008145754,0.0,0.019730205175226112,0.057912522080171815,0.0
0.040096767134261656,0.056089582008145754,0.0,0.03163548024558822,0.04227602822331564,0.0
0.040096767134261656,0.056089582008145754,0.0,0.04797075430344928,0.039540787353361535,0.0
0.040096767134261656,0.056089582008145754,0.0,0.03206875135818299,0.0701915929050951,0.0
0.040096767134261656,0.056089582008145754,0.0,0.049686267839925254,0.07056925923499521,0.0
0.040096767134261656,0.056089582008145754,0.0,0.059632097777958644,0.054287206569879114,0.0
0.019730205175226112,0.057912522080171815,0.0,0.03163548024558822,0.04227602822331564,0.0
0.019730205175226112,0.057912522080171815,0.0,0.016091833877063026,0.038581348928590484,0.0
0.019730205175226112,0.057912522080171815,0.0,0.03206875135818299,0.0701915929050951,0.0
0.019730205175226112,0.057912522080171815,0.0,0.0002334111370453746,0.06997405646616914,0.0
0.019730205175226112,0.057912522080171815,0.0,0.0002667555851949112,0.04997014185124222,0.0
0.03163548024558822,0.04227602822331564,0.0,0.016091833877063026,0.038581348928590484,0.0
0.03163548024558822,0.04227602822331564,0.0,0.032290134952728394,0.02662382505159639,0.0
0.03163548024558822,0.04227602822331564,0.0,0.04797075430344928,0.039540787353361535,0.0
0.9797723155761212,0.13983497699852324,0.0,0.9581413806847042,0.13939412233473594,0.0
0.9797723155761212,0.13983497699852324,0.0,0.9670157823768646,0.15349764239158448,0.0
0.9797723155761212,0.13983497699852324,0.0,0.9671357502262444,0.12591498696019351,0.0
0.9797723155761212,0.13983497699852324,0.0,0.9826794810946203,0.15999103754262298,0.0
0.9797723155761212,0.13983497699852324,0.0,1.0,0.12998551044763587,0.0
0.9797723155761212,0.13983497699852324,0.0,0.9826795066326529,0.1199836347134367,0.0
0.9797723155761212,0.13983497699852324,0.0,1.0,0.14998921182466335,0.0
0.9581413806847042,0.13939412233473594,0.0,0.9670157823768646,0.15349764239158448,0.0
0.9581413806847042,0.13939412233473594,0.0,0.9671357502262444,0.12591498696019351,0.0
0.9581413806847042,0.13939412233473594,0.0,0.948388800580199,0.12052186356202346,0.0
0.9581413806847042,0.13939412233473594,0.0,0.9379597411557984,0.1391343380006171,0.0
0.9670157823768646,0.15349764239158448,0.0,0.9826794810946203,0.15999103754262298,0.0
0.9671357502262444,0.12591498696019351,0.0,0.948388800580199,0.12052186356202346,0.0
0.9671357502262444,0.12591498696019351,0.0,0.9657891656395918,0.10942747876691783,0.0
0.9671357502262444,0.12591498696019351,0.0,0.9826795066326529,0.1199836347134367,0.0
0.6198618635965344,0.01831080850777956,0.0,0.6115073495282305,0.037644272784780636,0.0
0.6198618635965344,0.01831080850777956,0.0,0.6313543360574451,0.03623866870946805,0.0
0.6198618635965344,0.01831080850777956,0.0,0.5999913512087378,0.02080766745014878,0.0
0.6198618635965344,0.01831080850777956,0.0,0.6080370113418994,0.0020775812452047404,0.0
0.6115073495282305,0.037644272784780636,0.0,0.6313543360574451,0.03623866870946805,0.0
0.6115073495282305,0.037644272784780636,0.0,0.5999913512087378,0.02080766745014878,0.0
0.6115073495282305,0.037644272784780636,0.0,0.5918089816559803,0.03970904161170955,0.0
0.6115073495282305,0.037644272784780636,0.0,0.6028819758810867,0.05602497720870675,0.0
0.6115073495282305,0.037644272784780636,0.0,0.6226820145568368,0.05449187689177356,0.0
0.6313543360574451,0.03623866870946805,0.0,0.6226820145568368,0.05449187689177356,0.0
0.6313543360574451,0.03623866870946805,0.0,0.6425426097094907,0.05238852464569413,0.0
0.5891651301792457,0.08059007382399237,0.0,0.5842654505960688,0.06012434767706575,0.0
0.5891651301792457,0.08059007382399237,0.0,0.5996034278305727,0.07030729751613289,0.0
0.5891651301792457,0.08059007382399237,0.0,0.5989551399618209,0.09886678313412502,0.0
0.5891651301792457,0.08059007382399237,0.0,0.6084377923705914,0.08515665065284894,0.0
0.5842654505960688,0.06012434767706575,0.0,0.5996034278305727,0.07030729751613289,0.0
0.5842654505960688,0.06012434767706575,0.0,0.5918089816559803,0.03970904161170955,0.0
0.5842654505960688,0.06012434767706575,0.0,0.5717046037226055,0.04084840385912139,0.0
0.5842654505960688,0.06012434767706575,0.0,0.6028819758810867,0.05602497720870675,0.0
0.7481317538005692,0.11850427468855211,0.0,0.7376551103818353,0.1361666017541493,0.0
0.7481317538005692,0.11850427468855211,0.0,0.7388095570391482,0.10072590883631244,0.0
0.7481317538005692,0.11850427468855211,0.0,0.7283274552826766,0.11784065640140458,0.0
0.7481317538005692,0.11850427468855211,0.0,0.7587678041415787,0.10103992193458647,0.0
0.42907648316812463,0.0776361531483012,0.0,0.448931302516058,0.0779583093712776,0.0
0.42907648316812463,0.0776361531483012,0.0,0.4388493570229804,0.059924879428863716,0.0
0.42907648316812463,0.0776361531483012,0.0,0.43887037429286324,0.09516363102707888,0.0
0.42907648316812463,0.0776361531483012,0.0,0.41887371258853784,0.09479852464030923,0.0
0.6772547080462044,0.16268905079437396,0.0,0.6678797882009418,0.15086527822481077,0.0
0.6772547080462044,0.16268905079437396,0.0,0.6724328096617164,0.17774162458809195,0.0
0.6772547080462044,0.16268905079437396,0.0,0.6587574311071239,0.16412567525301622,0.0
0.017478445846050378,0.15835390972466648,0.0,0.028779348163870944,0.13986401652888225,0.0
0.017478445846050378,0.15835390972466648,0.0,0.03823605858585312,0.15673078551020428,0.0
0.017478445846050378,0.15835390972466648,0.0,0.012444546787986342,0.13997828064471732,0.0
0.017478445846050378,0.15835390972466648,0.0,6.668889629864687e-05,0.16999284556125746,0.0
0.017478445846050378,0.15835390972466648,0.0,0.0001000333444479161,0.14998918066261277,0.0
0.017478445846050378,0.15835390972466648,0.0,0.014343831667695548,0.17475992274355703,0.0
0.028779348163870944,0.13986401652888225,0.0,0.03823605858585312,0.15673078551020428,0.0
0.028779348163870944,0.13986401652888225,0.0,0.018378486105106062,0.12128267342655726,0.0
0.028779348163870944,0.13986401652888225,0.0,0.03892600831087959,0.12263010111008985,0.0
0.028779348163870944,0.13986401652888225,0.0,0.012444546787986342,0.13997828064471732,0.0
0.028779348163870944,0.13986401652888225,0.0,0.0479766999364427,0.1398870580914911,0.0
0.03823605858585312,0.15673078551020428,0.0,0.0479766999364427,0.1398870580914911,0.0
0.03823605858585312,0.15673078551020428,0.0,0.05766049695066443,0.15708355242488273,0.0
0.8593634790559082,0.06835263731012652,0.0,0.8794000636240803,0.07059064934529102,0.0
0.8593634790559082,0.06835263731012652,0.0,0.8690902662663268,0.051833234464577584,0.0
0.8593634790559082,0.06835263731012652,0.0,0.8394317981593878,0.06799469633393022,0.0
0.8593634790559082,0.06835263731012652,0.0,0.8493506203550079,0.05063339269056572,0.0
0.8593634790559082,0.06835263731012652,0.0,0.8491364768844113,0.08572741896018271,0.0
0.8593634790559082,0.06835263731012652,0.0,0.8691236277111755,0.0863754197888886,0.0
0.8794000636240803,0.07059064934529102,0.0,0.8690902662663268,0.051833234464577584,0.0
0.8794000636240803,0.07059064934529102,0.0,0.8982361206294952,0.07067320565733229,0.0
0.8794000636240803,0.07059064934529102,0.0,0.8881583241969265,0.05271107144046703,0.0
0.8794000636240803,0.07059064934529102,0.0,0.8891109387795008,0.08662008244316817,0.0
0.8794000636240803,0.07059064934529102,0.0,0.8691236277111755,0.0863754197888886,0.0
0.8690902662663268,0.051833234464577584,0.0,0.8881583241969265,0.05271107144046703,0.0
0.8690902662663268,0.051833234464577584,0.0,0.8787581119778572,0.03498998611042177,0.0
0.8690902662663268,0.051833234464577584,0.0,0.8595109889819925,0.03372167438056976,0.0
0.8690902662663268,0.051833234464577584,0.0,0.8493506203550079,0.05063339269056572,0.0
0.8643684090448431,0.17742336034013761,0.0,0.8714856455950389,0.15794514651936234,0.0
0.8643684090448431,0.17742336034013761,0.0,0.8627921253644149,0.1984719234020252,0.0
0.8643684090448431,0.17742336034013761,0.0,0.8813610198416838,0.17292348264473198,0.0
0.8643684090448431,0.17742336034013761,0.0,0.8772077608713584,0.18708009326148384,0.0
0.8982361206294952,0.07067320565733229,0.0,0.9081540131276897,0.05479056776810099,0.0
0.8982361206294952,0.07067320565733229,0.0,0.9179701252416649,0.07152341284429689,0.0
0.8982361206294952,0.07067320565733229,0.0,0.8881583241969265,0.05271107144046703,0.0
0.8982361206294952,0.07067320565733229,0.0,0.8891109387795008,0.08662008244316817,0.0
0.8982361206294952,0.07067320565733229,0.0,0.9090986540122631,0.08724882246696199,0.0
0.9081540131276897,0.05479056776810099,0.0,0.9179701252416649,0.07152341284429689,0.0
0.9081540131276897,0.05479056776810099,0.0,0.9271149574969365,0.056269796146373154,0.0
0.9081540131276897,0.05479056776810099,0.0,0.8881583241969265,0.05271107144046703,0.0
0.9081540131276897,0.05479056776810099,0.0,0.8980879079901136,0.03681956644726872,0.0
0.9081540131276897,0.05479056776810099,0.0,0.9179681868200376,0.03906794394652897,0.0
0.9179701252416649,0.07152341284429689,0.0,0.9302321423320369,0.08901633044250294,0.0
0.9179701252416649,0.07152341284429689,0.0,0.9271149574969365,0.056269796146373154,0.0
0.9179701252416649,0.07152341284429689,0.0,0.9090986540122631,0.08724882246696199,0.0
0.9179701252416649,0.07152341284429689,0.0,0.9349848683523443,0.07114177340793264,0.0
0.4233892589382504,0.19176886412153277,0.0,0.4312186625324201,0.2064914855210821,0.0
0.4233892589382504,0.19176886412153277,0.0,0.4400158055901142,0.19163629045667585,0.0
0.21641023876608395,0.12526562538622715,0.0,0.20433277893836344,0.1419738859023718,0.0
0.21641023876608395,0.12526562538622715,0.0,0.22489962995211144,0.14167611843545022,0.0
0.21641023876608395,0.12526562538622715,0.0,0.1963978427894205,0.12485531072402967,0.0
0.21641023876608395,0.12526562538622715,0.0,0.22858637938004958,0.10857631071772011,0.0
0.21641023876608395,0.12526562538622715,0.0,0.2085897809514803,0.10820633920879595,0.0
0.21641023876608395,0.12526562538622715,0.0,0.23732169377722967,0.1255161063920654,0.0
0.20433277893836344,0.1419738859023718,0.0,0.22489962995211144,0.14167611843545022,0.0
0.20433277893836344,0.1419738859023718,0.0,0.2144514026823358,0.15719945980099467,0.0
0.20433277893836344,0.1419738859023718,0.0,0.19363045961642844,0.1586504678719365,0.0
0.20433277893836344,0.1419738859023718,0.0,0.1963978427894205,0.12485531072402967,0.0
0.22489962995211144,0.14167611843545022,0.0,0.2144514026823358,0.15719945980099467,0.0
0.22489962995211144,0.14167611843545022,0.0,0.2351357320645534,0.15592947330047452,0.0
0.22489962995211144,0.14167611843545022,0.0,0.23732169377722967,0.1255161063920654,0.0
0.22489962995211144,0.14167611843545022,0.0,0.2453322676553826,0.14173371307213953,0.0
0.9682647603047283,0.055003948200615015,0.0,0.9486385991109093,0.05956167981752875,0.0
0.9682647603047283,0.055003948200615015,0.0,0.9662024116866048,0.07087987583028749,0.0
0.9682647603047283,0.055003948200615015,0.0,0.9832148633779474,0.06089950297535357,0.0
0.9302321423320369,0.08901633044250294,0.0,0.9486631968885176,0.09930032157859096,0.0
0.9302321423320369,0.08901633044250294,0.0,0.9488847778697469,0.07981332259429838,0.0
0.9302321423320369,0.08901633044250294,0.0,0.9340997072167507,0.10697436396962304,0.0
0.9302321423320369,0.08901633044250294,0.0,0.9090986540122631,0.08724882246696199,0.0
0.9302321423320369,0.08901633044250294,0.0,0.9180060175353596,0.1045911848594941,0.0
0.9302321423320369,0.08901633044250294,0.0,0.9349848683523443,0.07114177340793264,0.0
0.9486631968885176,0.09930032157859096,0.0,0.9488847778697469,0.07981332259429838,0.0
0.9486631968885176,0.09930032157859096,0.0,0.948388800580199,0.12052186356202346,0.0
0.9486631968885176,0.09930032157859096,0.0,0.9657891656395918,0.10942747876691783,0.0
0.9486631968885176,0.09930032157859096,0.0,0.9340997072167507,0.10697436396962304,0.0
0.9486631968885176,0.09930032157859096,0.0,0.9654307539497753,0.08988564977386432,0.0
0.9488847778697469,0.07981332259429838,0.0,0.9486385991109093,0.05956167981752875,0.0
0.9488847778697469,0.07981332259429838,0.0,0.9662024116866048,0.07087987583028749,0.0
0.9488847778697469,0.07981332259429838,0.0,0.9654307539497753,0.08988564977386432,0.0
0.9488847778697469,0.07981332259429838,0.0,0.9349848683523443,0.07114177340793264,0.0
0.5100726761302176,0.04411915541088703,0.0,0.5196011522851408,0.06186647868300022,0.0
0.5100726761302176,0.04411915541088703,0.0,0.5202559526705017,0.026562718984808817,0.0
0.5100726761302176,0.04411915541088703,0.0,0.5000514834024647,0.02693000606647291,0.0
0.5100726761302176,0.04411915541088703,0.0,0.4897982385864998,0.044125276170124905,0.0
0.5100726761302176,0.04411915541088703,0.0,0.4995475558189592,0.0615558911689924,0.0
0.5196011522851408,0.06186647868300022,0.0,0.4995475558189592,0.0615558911689924,0.0
0.5196011522851408,0.06186647868300022,0.0,0.5091789360230979,0.07910999065426423,0.0
0.8063719574987867,0.15785584353792334,0.0,0.8153373838286032,0.17603571569434645,0.0
0.8063719574987867,0.15785584353792334,0.0,0.7953286843231404,0.17454660245773618,0.0
0.8063719574987867,0.15785584353792334,0.0,0.7861100028372193,0.156711403117175,0.0
0.9271149574969365,0.056269796146373154,0.0,0.9486385991109093,0.05956167981752875,0.0
0.9271149574969365,0.056269796146373154,0.0,0.9379572503466964,0.041478107212291934,0.0
0.9271149574969365,0.056269796146373154,0.0,0.9179681868200376,0.03906794394652897,0.0
0.9271149574969365,0.056269796146373154,0.0,0.9349848683523443,0.07114177340793264,0.0
0.2144514026823358,0.15719945980099467,0.0,0.20477683460922474,0.17466563263308277,0.0
0.2144514026823358,0.15719945980099467,0.0,0.19363045961642844,0.1586504678719365,0.0
0.2144514026823358,0.15719945980099467,0.0,0.22484048463710285,0.17346779395315345,0.0
0.2144514026823358,0.15719945980099467,0.0,0.2351357320645534,0.15592947330047452,0.0
0.20477683460922474,0.17466563263308277,0.0,0.19363045961642844,0.1586504678719365,0.0
0.20477683460922474,0.17466563263308277,0.0,0.22484048463710285,0.17346779395315345,0.0
0.20477683460922474,0.17466563263308277,0.0,0.1846177543020825,0.17611435888122048,0.0
0.20477683460922474,0.17466563263308277,0.0,0.2155675444190997,0.1909215933815534,0.0
0.20477683460922474,0.17466563263308277,0.0,0.1959260328513177,0.1922212147213933,0.0
0.19363045961642844,0.1586504678719365,0.0,0.17314146119532695,0.16009420344987546,0.0
0.19363045961642844,0.1586504678719365,0.0,0.1846177543020825,0.17611435888122048,0.0
0.8433013921907551,-0.003916786429911263,0.0,0.8628382852250013,-0.0015602874376067434,0.0
0.8628382852250013,-0.0015602874376067434,0.0,0.8710176965057674,0.016659974048551164,0.0
0.8628382852250013,-0.0015602874376067434,0.0,0.8823641357148588,0.0008861374936674132,0.0
0.018378486105106062,0.12128267342655726,0.0,0.03892600831087959,0.12263010111008985,0.0
0.018378486105106062,0.12128267342655726,0.0,0.012444546787986342,0.13997828064471732,0.0
0.018378486105106062,0.12128267342655726,0.0,0.0001667222407464953,0.10998171731640005,0.0
0.018378486105106062,0.12128267342655726,0.0,0.0001333777925972035,0.1299854706937539,0.0
0.03892600831087959,0.12263010111008985,0.0,0.0479766999364427,0.1398870580914911,0.0
0.03892600831087959,0.12263010111008985,0.0,0.04861709938575915,0.10524548806309014,0.0
0.03892600831087959,0.12263010111008985,0.0,0.05829519217991393,0.12275129427465276,0.0
0.5999913512087378,0.02080766745014878,0.0,0.5918089816559803,0.03970904161170955,0.0
0.5999913512087378,0.02080766745014878,0.0,0.5802379064456565,0.022714106075717055,0.0
0.5999913512087378,0.02080766745014878,0.0,0.5884950167610294,0.004390212383415673,0.0
0.5999913512087378,0.02080766745014878,0.0,0.6080370113418994,0.0020775812452047404,0.0
0.4314080343888704,0.006471658653731721,0.0,0.4400897562681832,0.025035758350036186,0.0
0.4314080343888704,0.006471658653731721,0.0,0.4510162357228408,0.008126684566091688,0.0
0.25826421399426963,0.02331080077526858,0.0,0.2654467387766843,0.0058859602195769105,0.0
0.25826421399426963,0.02331080077526858,0.0,0.23946255233398564,0.02389687820040647,0.0
0.25826421399426963,0.02331080077526858,0.0,0.24698740490324259,0.006527725429351818,0.0
0.25826421399426963,0.02331080077526858,0.0,0.24985700314138187,0.04003660091904558,0.0
0.25826421399426963,0.02331080077526858,0.0,0.26985327443362717,0.04022778468223351,0.0
0.2654467387766843,0.0058859602195769105,0.0,0.24698740490324259,0.006527725429351818,0.0
0.2654467387766843,0.0058859602195769105,0.0,0.25516969278594714,-0.010016762995608905,0.0
0.2654467387766843,0.0058859602195769105,0.0,0.27484215444441823,-0.009554540708103656,0.0
0.5996034278305727,0.07030729751613289,0.0,0.6028819758810867,0.05602497720870675,0.0
0.5996034278305727,0.07030729751613289,0.0,0.6148085534364988,0.07194464190348673,0.0
0.5996034278305727,0.07030729751613289,0.0,0.6084377923705914,0.08515665065284894,0.0
0.34520137250809985,0.17920566160272708,0.0,0.3364271129366228,0.16039717752056026,0.0
0.34520137250809985,0.17920566160272708,0.0,0.32508198981978303,0.17682812671597922,0.0
0.34520137250809985,0.17920566160272708,0.0,0.3334679733597575,0.1950146597444102,0.0
0.34520137250809985,0.17920566160272708,0.0,0.3530228816138251,0.1972732469543295,0.0
0.3364271129366228,0.16039717752056026,0.0,0.3164579538104028,0.1590278589594153,0.0
0.3364271129366228,0.16039717752056026,0.0,0.32508198981978303,0.17682812671597922,0.0
0.3364271129366228,0.16039717752056026,0.0,0.34757149561395406,0.14450739192957646,0.0
0.3364271129366228,0.16039717752056026,0.0,0.3275052469392708,0.14340618415198642,0.0
0.8714856455950389,0.15794514651936234,0.0,0.8798429503869944,0.13899874801029283,0.0
0.8714856455950389,0.15794514651936234,0.0,0.8893273791813389,0.15518527514890043,0.0
0.8714856455950389,0.15794514651936234,0.0,0.8813610198416838,0.17292348264473198,0.0
0.448931302516058,0.0779583093712776,0.0,0.4388493570229804,0.059924879428863716,0.0
0.448931302516058,0.0779583093712776,0.0,0.4592612589118092,0.0607029822655337,0.0
0.448931302516058,0.0779583093712776,0.0,0.43887037429286324,0.09516363102707888,0.0
0.448931302516058,0.0779583093712776,0.0,0.45886729222769645,0.09551088660306019,0.0
0.448931302516058,0.0779583093712776,0.0,0.46917755357266744,0.07837324325166782,0.0
0.4388493570229804,0.059924879428863716,0.0,0.4592612589118092,0.0607029822655337,0.0
0.4388493570229804,0.059924879428863716,0.0,0.44945259991933406,0.04293887280593733,0.0
0.4388493570229804,0.059924879428863716,0.0,0.42929241592533235,0.041828075540917796,0.0
0.4592612589118092,0.0607029822655337,0.0,0.44945259991933406,0.04293887280593733,0.0
0.4592612589118092,0.0607029822655337,0.0,0.4696731103639399,0.043772190204953855,0.0
0.4592612589118092,0.0607029822655337,0.0,0.46917755357266744,0.07837324325166782,0.0
0.4592612589118092,0.0607029822655337,0.0,0.47948362852596904,0.06125043572464806,0.0
0.3610612411379126,0.015639180035520228,0.0,0.342436047641666,0.012125971971478225,0.0
0.3610612411379126,0.015639180035520228,0.0,0.37276691860903527,-0.00031852713569582934,0.0
0.3610612411379126,0.015639180035520228,0.0,0.3532377924963378,-0.00273869845374259,0.0
0.8798429503869944,0.13899874801029283,0.0,0.8893273791813389,0.15518527514890043,0.0
0.8798429503869944,0.13899874801029283,0.0,0.8983299273437539,0.13818933028833963,0.0
0.8798429503869944,0.13899874801029283,0.0,0.8891140955258071,0.12087297703143968,0.0
0.3054078737893974,0.17528191349006517,0.0,0.29577569063255943,0.157768207050261,0.0
0.3054078737893974,0.17528191349006517,0.0,0.3164579538104028,0.1590278589594153,0.0
0.3054078737893974,0.17528191349006517,0.0,0.32508198981978303,0.17682812671597922,0.0
0.3054078737893974,0.17528191349006517,0.0,0.2849841051335806,0.173711868598754,0.0
0.3054078737893974,0.17528191349006517,0.0,0.2942574624549822,0.1915070910332105,0.0
0.3054078737893974,0.17528191349006517,0.0,0.313881240220007,0.1930527249326497,0.0
0.29577569063255943,0.157768207050261,0.0,0.3164579538104028,0.1590278589594153,0.0
0.29577569063255943,0.157768207050261,0.0,0.2849841051335806,0.173711868598754,0.0
0.29577569063255943,0.157768207050261,0.0,0.2751969412992828,0.15588603459463285,0.0
0.29577569063255943,0.157768207050261,0.0,0.30683590485046974,0.1426562984102447,0.0
0.29577569063255943,0.157768207050261,0.0,0.2858699288658556,0.14199961168547948,0.0
0.3164579538104028,0.1590278589594153,0.0,0.32508198981978303,0.17682812671597922,0.0
0.3164579538104028,0.1590278589594153,0.0,0.30683590485046974,0.1426562984102447,0.0
0.3164579538104028,0.1590278589594153,0.0,0.3275052469392708,0.14340618415198642,0.0
0.7467488626789532,0.15500189181272284,0.0,0.7376551103818353,0.1361666017541493,0.0
0.7467488626789532,0.15500189181272284,0.0,0.7556069624295018,0.17279289716953683,0.0
0.7467488626789532,0.15500189181272284,0.0,0.7662569959288871,0.15590025931739884,0.0
0.8893273791813389,0.15518527514890043,0.0,0.8813610198416838,0.17292348264473198,0.0
0.8893273791813389,0.15518527514890043,0.0,0.8983299273437539,0.13818933028833963,0.0
0.8893273791813389,0.15518527514890043,0.0,0.9080894077640567,0.15490542028313697,0.0
0.948388800580199,0.12052186356202346,0.0,0.9657891656395918,0.10942747876691783,0.0
0.948388800580199,0.12052186356202346,0.0,0.9340997072167507,0.10697436396962304,0.0
0.948388800580199,0.12052186356202346,0.0,0.9379597411557984,0.1391343380006171,0.0
0.948388800580199,0.12052186356202346,0.0,0.9275336685899412,0.12206691342026624,0.0
0.9657891656395918,0.10942747876691783,0.0,0.9826795066326529,0.1199836347134367,0.0
0.9657891656395918,0.10942747876691783,0.0,0.9826795228090099,0.09997986098292364,0.0
0.9657891656395918,0.10942747876691783,0.0,0.9654307539497753,0.08988564977386432,0.0
0.016091833877063026,0.038581348928590484,0.0,0.032290134952728394,0.02662382505159639,0.0
0.016091833877063026,0.038581348928590484,0.0,0.0002667555851949112,0.04997014185124222,0.0
0.016091833877063026,0.038581348928590484,0.0,0.0003001000333443396,0.029966159596438675,0.0
0.016091833877063026,0.038581348928590484,0.0,0.014572667610424682,0.02395117883645852,0.0
0.1963978427894205,0.12485531072402967,0.0,0.2085897809514803,0.10820633920879595,0.0
0.1963978427894205,0.12485531072402967,0.0,0.18859825173728517,0.10756207691940405,0.0
0.4400897562681832,0.025035758350036186,0.0,0.44945259991933406,0.04293887280593733,0.0
0.4400897562681832,0.025035758350036186,0.0,0.42929241592533235,0.041828075540917796,0.0
0.4400897562681832,0.025035758350036186,0.0,0.46018593214063347,0.026084849234503975,0.0
0.4400897562681832,0.025035758350036186,0.0,0.4510162357228408,0.008126684566091688,0.0
0.44945259991933406,0.04293887280593733,0.0,0.42929241592533235,0.041828075540917796,0.0
0.44945259991933406,0.04293887280593733,0.0,0.46018593214063347,0.026084849234503975,0.0
0.44945259991933406,0.04293887280593733,0.0,0.4696731103639399,0.043772190204953855,0.0
0.9348318268805238,0.17141999210641579,0.0,0.9328412529154548,0.1894692560016771,0.0
0.9348318268805238,0.17141999210641579,0.0,0.92724873087797,0.15588577417002938,0.0
0.32508198981978303,0.17682812671597922,0.0,0.313881240220007,0.1930527249326497,0.0
0.32508198981978303,0.17682812671597922,0.0,0.3334679733597575,0.1950146597444102,0.0
0.7376551103818353,0.1361666017541493,0.0,0.7283274552826766,0.11784065640140458,0.0
0.7376551103818353,0.1361666017541493,0.0,0.7180920281539332,0.13490803710239951,0.0
0.7304022446064223,0.025900890470338018,0.0,0.7366839430234678,0.006851606707588537,0.0
0.7304022446064223,0.025900890470338018,0.0,0.7450618870959227,0.021995320719601388,0.0
0.9486385991109093,0.05956167981752875,0.0,0.9662024116866048,0.07087987583028749,0.0
0.9486385991109093,0.05956167981752875,0.0,0.9379572503466964,0.041478107212291934,0.0
0.9486385991109093,0.05956167981752875,0.0,0.9349848683523443,0.07114177340793264,0.0
0.9662024116866048,0.07087987583028749,0.0,0.9654307539497753,0.08988564977386432,0.0
0.9662024116866048,0.07087987583028749,0.0,0.9832148633779474,0.06089950297535357,0.0
0.9662024116866048,0.07087987583028749,0.0,0.9827807088733731,0.08011519613509133,0.0
0.5202559526705017,0.026562718984808817,0.0,0.5000514834024647,0.02693000606647291,0.0
0.5202559526705017,0.026562718984808817,0.0,0.5405103949571312,0.025703329942495287,0.0
0.5202559526705017,0.026562718984808817,0.0,0.5100054441112712,0.009883207590302813,0.0
0.5202559526705017,0.026562718984808817,0.0,0.5296735842864945,0.00927492078946601,0.0
0.8153373838286032,0.17603571569434645,0.0,0.7953286843231404,0.17454660245773618,0.0
0.8153373838286032,0.17603571569434645,0.0,0.8040739682388426,0.1922212148074821,0.0
0.8153373838286032,0.17603571569434645,0.0,0.8236791101517987,0.1939886763111289,0.0
0.9379572503466964,0.041478107212291934,0.0,0.9495120159304345,0.02514659257622505,0.0
0.9379572503466964,0.041478107212291934,0.0,0.9179681868200376,0.03906794394652897,0.0
0.9379572503466964,0.041478107212291934,0.0,0.9295446263312467,0.02343312653683208,0.0
0.2849841051335806,0.173711868598754,0.0,0.26508690036193866,0.17314717672584518,0.0
0.2849841051335806,0.173711868598754,0.0,0.2751969412992828,0.15588603459463285,0.0
0.2849841051335806,0.173711868598754,0.0,0.2746002114883518,0.1904740302508034,0.0
0.2849841051335806,0.173711868598754,0.0,0.2942574624549822,0.1915070910332105,0.0
0.22484048463710285,0.17346779395315345,0.0,0.2351357320645534,0.15592947330047452,0.0
0.22484048463710285,0.17346779395315345,0.0,0.2449473516566368,0.17304539387795256,0.0
0.22484048463710285,0.17346779395315345,0.0,0.2352375608496372,0.1901715774166525,0.0
0.22484048463710285,0.17346779395315345,0.0,0.2155675444190997,0.1909215933815534,0.0
0.46018593214063347,0.026084849234503975,0.0,0.4800256607960289,0.026681709910459834,0.0
0.46018593214063347,0.026084849234503975,0.0,0.4696731103639399,0.043772190204953855,0.0
0.46018593214063347,0.026084849234503975,0.0,0.47065951452858373,0.009290088794077183,0.0
0.46018593214063347,0.026084849234503975,0.0,0.4510162357228408,0.008126684566091688,0.0
0.5918089816559803,0.03970904161170955,0.0,0.5802379064456565,0.022714106075717055,0.0
0.5918089816559803,0.03970904161170955,0.0,0.5717046037226055,0.04084840385912139,0.0
0.5918089816559803,0.03970904161170955,0.0,0.6028819758810867,0.05602497720870675,0.0
0.053394458833994074,0.0232173748371433,0.0,0.032290134952728394,0.02662382505159639,0.0
0.053394458833994074,0.0232173748371433,0.0,0.04797075430344928,0.039540787353361535,0.0
0.053394458833994074,0.0232173748371433,0.0,0.039665348793538606,0.008745373468802999,0.0
0.053394458833994074,0.0232173748371433,0.0,0.05929092070988418,0.007312494573425542,0.0
0.032290134952728394,0.02662382505159639,0.0,0.04797075430344928,0.039540787353361535,0.0
0.032290134952728394,0.02662382505159639,0.0,0.020008434011327854,0.00964770984493493,0.0
0.032290134952728394,0.02662382505159639,0.0,0.039665348793538606,0.008745373468802999,0.0
0.032290134952728394,0.02662382505159639,0.0,0.014572667610424682,0.02395117883645852,0.0
0.04797075430344928,0.039540787353361535,0.0,0.059632097777958644,0.054287206569879114,0.0
0.8881583241969265,0.05271107144046703,0.0,0.8787581119778572,0.03498998611042177,0.0
0.8881583241969265,0.05271107144046703,0.0,0.8980879079901136,0.03681956644726872,0.0
0.012444546787986342,0.13997828064471732,0.0,0.0001333777925972035,0.1299854706937539,0.0
0.012444546787986342,0.13997828064471732,0.0,0.0001000333444479161,0.14998918066261277,0.0
0.7556069624295018,0.17279289716953683,0.0,0.7450787942757616,0.1900191158835712,0.0
0.7556069624295018,0.17279289716953683,0.0,0.7647624404709625,0.1901715774472619,0.0
0.7556069624295018,0.17279289716953683,0.0,0.775358365504658,0.17346795267157392,0.0
0.7556069624295018,0.17279289716953683,0.0,0.7662569959288871,0.15590025931739884,0.0
0.36775503845732166,0.1456804629672884,0.0,0.35831661796931497,0.1281831748014408,0.0
0.36775503845732166,0.1456804629672884,0.0,0.37824054033723237,0.1286696920699721,0.0
0.36775503845732166,0.1456804629672884,0.0,0.38792439750428404,0.14617339647462035,0.0
0.36775503845732166,0.1456804629672884,0.0,0.34757149561395406,0.14450739192957646,0.0
0.9340997072167507,0.10697436396962304,0.0,0.9180060175353596,0.1045911848594941,0.0
0.9340997072167507,0.10697436396962304,0.0,0.9275336685899412,0.12206691342026624,0.0
0.26508690036193866,0.17314717672584518,0.0,0.2751969412992828,0.15588603459463285,0.0
0.26508690036193866,0.17314717672584518,0.0,0.2449473516566368,0.17304539387795256,0.0
0.26508690036193866,0.17314717672584518,0.0,0.2746002114883518,0.1904740302508034,0.0
0.26508690036193866,0.17314717672584518,0.0,0.2551840826746586,0.15579959411655966,0.0
0.26508690036193866,0.17314717672584518,0.0,0.2549212071454445,0.1900191158946087,0.0
0.2751969412992828,0.15588603459463285,0.0,0.2858699288658556,0.14199961168547948,0.0
0.2751969412992828,0.15588603459463285,0.0,0.2551840826746586,0.15579959411655966,0.0
0.2751969412992828,0.15588603459463285,0.0,0.26542371606824644,0.1418175035920805,0.0
0.2976838216710504,0.12621071822021485,0.0,0.30683590485046974,0.1426562984102447,0.0
0.2976838216710504,0.12621071822021485,0.0,0.2858699288658556,0.14199961168547948,0.0
0.2976838216710504,0.12621071822021485,0.0,0.3182562799048119,0.1272639704880811,0.0
0.2976838216710504,0.12621071822021485,0.0,0.30857274022408454,0.11005683616672562,0.0
0.2976838216710504,0.12621071822021485,0.0,0.28857616446852485,0.10968610333658876,0.0
0.2976838216710504,0.12621071822021485,0.0,0.27737627895879263,0.12615445078607948,0.0
0.30683590485046974,0.1426562984102447,0.0,0.2858699288658556,0.14199961168547948,0.0
0.30683590485046974,0.1426562984102447,0.0,0.3182562799048119,0.1272639704880811,0.0
0.30683590485046974,0.1426562984102447,0.0,0.3275052469392708,0.14340618415198642,0.0
0.2858699288658556,0.14199961168547948,0.0,0.27737627895879263,0.12615445078607948,0.0
0.2858699288658556,0.14199961168547948,0.0,0.26542371606824644,0.1418175035920805,0.0
0.9495120159304345,0.02514659257622505,0.0,0.9606674996840368,0.008765292682865487,0.0
0.9495120159304345,0.02514659257622505,0.0,0.9410413245021779,0.007340738960504237,0.0
0.9495120159304345,0.02514659257622505,0.0,0.9295446263312467,0.02343312653683208,0.0
0.2351357320645534,0.15592947330047452,0.0,0.2449473516566368,0.17304539387795256,0.0
0.2351357320645534,0.15592947330047452,0.0,0.2551840826746586,0.15579959411655966,0.0
0.2351357320645534,0.15592947330047452,0.0,0.2453322676553826,0.14173371307213953,0.0
0.4800256607960289,0.026681709910459834,0.0,0.4696731103639399,0.043772190204953855,0.0
0.4800256607960289,0.026681709910459834,0.0,0.5000514834024647,0.02693000606647291,0.0
0.4800256607960289,0.026681709910459834,0.0,0.47065951452858373,0.009290088794077183,0.0
0.4800256607960289,0.026681709910459834,0.0,0.4897982385864998,0.044125276170124905,0.0
0.4800256607960289,0.026681709910459834,0.0,0.4903279596890841,0.009888374505536902,0.0
0.4696731103639399,0.043772190204953855,0.0,0.4897982385864998,0.044125276170124905,0.0
0.4696731103639399,0.043772190204953855,0.0,0.47948362852596904,0.06125043572464806,0.0
0.22772410985238112,0.0073213272183012025,0.0,0.22014818231514627,0.024000139102062217,0.0
0.22772410985238112,0.0073213272183012025,0.0,0.23946255233398564,0.02389687820040647,0.0
0.22772410985238112,0.0073213272183012025,0.0,0.24698740490324259,0.006527725429351818,0.0
0.22772410985238112,0.0073213272183012025,0.0,0.21582842408719424,-0.009129975470486443,0.0
0.22772410985238112,0.0073213272183012025,0.0,0.20774393770492947,0.008003278684804542,0.0
0.22772410985238112,0.0073213272183012025,0.0,0.23549235741622623,-0.009872137645699735,0.0
0.22014818231514627,0.024000139102062217,0.0,0.23946255233398564,0.02389687820040647,0.0
0.22014818231514627,0.024000139102062217,0.0,0.22986722854583141,0.039293134974740664,0.0
0.22014818231514627,0.024000139102062217,0.0,0.20986462932045113,0.0392434438354505,0.0
0.22014818231514627,0.024000139102062217,0.0,0.20774393770492947,0.008003278684804542,0.0
0.22014818231514627,0.024000139102062217,0.0,0.19992586246503263,0.02437674071747247,0.0
0.23946255233398564,0.02389687820040647,0.0,0.24698740490324259,0.006527725429351818,0.0
0.23946255233398564,0.02389687820040647,0.0,0.22986722854583141,0.039293134974740664,0.0
0.23946255233398564,0.02389687820040647,0.0,0.24985700314138187,0.04003660091904558,0.0
0.3181977715214991,0.024706796148990514,0.0,0.324218822054767,0.009146361910337089,0.0
0.3181977715214991,0.024706796148990514,0.0,0.33425106970325624,0.025575392630965848,0.0
0.3181977715214991,0.024706796148990514,0.0,0.3098015759150395,0.04132152463624834,0.0
0.7953286843231404,0.17454660245773618,0.0,0.775358365504658,0.17346795267157392,0.0
0.7953286843231404,0.17454660245773618,0.0,0.7861100028372193,0.156711403117175,0.0
0.7953286843231404,0.17454660245773618,0.0,0.8040739682388426,0.1922212148074821,0.0
0.7953286843231404,0.17454660245773618,0.0,0.7844324567857922,0.1909215934450424,0.0
0.17314146119532695,0.16009420344987546,0.0,0.1646946205421452,0.1781007929712288,0.0
0.17314146119532695,0.16009420344987546,0.0,0.1529067157341589,0.162087810163016,0.0
0.17314146119532695,0.16009420344987546,0.0,0.1846177543020825,0.17611435888122048,0.0
0.1646946205421452,0.1781007929712288,0.0,0.1529067157341589,0.162087810163016,0.0
0.1646946205421452,0.1781007929712288,0.0,0.1846177543020825,0.17611435888122048,0.0
0.1646946205421452,0.1781007929712288,0.0,0.1449658143870494,0.18028853638818076,0.0
0.1646946205421452,0.1781007929712288,0.0,0.1763208908223542,0.1939886762133007,0.0
0.1646946205421452,0.1781007929712288,0.0,0.1567512396874989,0.1961150489967212,0.0
0.1529067157341589,0.162087810163016,0.0,0.13298573169824945,0.16433549194432817,0.0
0.1529067157341589,0.162087810163016,0.0,0.1449658143870494,0.18028853638818076,0.0
0.2449473516566368,0.17304539387795256,0.0,0.2551840826746586,0.15579959411655966,0.0
0.2449473516566368,0.17304539387795256,0.0,0.2549212071454445,0.1900191158946087,0.0
0.2449473516566368,0.17304539387795256,0.0,0.2352375608496372,0.1901715774166525,0.0
0.5000514834024647,0.02693000606647291,0.0,0.4897982385864998,0.044125276170124905,0.0
0.5000514834024647,0.02693000606647291,0.0,0.4903279596890841,0.009888374505536902,0.0
0.5000514834024647,0.02693000606647291,0.0,0.5100054441112712,0.009883207590302813,0.0
0.03206875135818299,0.0701915929050951,0.0,0.049686267839925254,0.07056925923499521,0.0
0.8627921253644149,0.1984719234020252,0.0,0.8823244412923026,0.2009191174150899,0.0
0.8627921253644149,0.1984719234020252,0.0,0.8432487611881002,0.1961150490981094,0.0
0.8627921253644149,0.1984719234020252,0.0,0.8772077608713584,0.18708009326148384,0.0
0.7450787942757616,0.1900191158835712,0.0,0.7647624404709625,0.1901715774472619,0.0
0.5802379064456565,0.022714106075717055,0.0,0.5717046037226055,0.04084840385912139,0.0
0.5802379064456565,0.022714106075717055,0.0,0.5884950167610294,0.004390212383415673,0.0
0.5802379064456565,0.022714106075717055,0.0,0.5604278305920891,0.024334350074106618,0.0
0.5802379064456565,0.022714106075717055,0.0,0.5689238981411628,0.00643993761219319,0.0
0.2746002114883518,0.1904740302508034,0.0,0.2942574624549822,0.1915070910332105,0.0
0.2746002114883518,0.1904740302508034,0.0,0.2549212071454445,0.1900191158946087,0.0
0.5405103949571312,0.025703329942495287,0.0,0.5604278305920891,0.024334350074106618,0.0
0.5405103949571312,0.025703329942495287,0.0,0.5296735842864945,0.00927492078946601,0.0
0.5405103949571312,0.025703329942495287,0.0,0.5493163291633192,0.008102482369660598,0.0
0.47065951452858373,0.009290088794077183,0.0,0.4510162357228408,0.008126684566091688,0.0
0.47065951452858373,0.009290088794077183,0.0,0.4903279596890841,0.009888374505536902,0.0
0.9606674996840368,0.008765292682865487,0.0,0.9410413245021779,0.007340738960504237,0.0
0.9606674996840368,0.008765292682865487,0.0,0.980324850085396,0.009658044733053539,0.0
0.8787581119778572,0.03498998611042177,0.0,0.8710176965057674,0.016659974048551164,0.0
0.8787581119778572,0.03498998611042177,0.0,0.8595109889819925,0.03372167438056976,0.0
0.8787581119778572,0.03498998611042177,0.0,0.89021390314458,0.019068008029200577,0.0
0.8787581119778572,0.03498998611042177,0.0,0.8980879079901136,0.03681956644726872,0.0
0.8710176965057674,0.016659974048551164,0.0,0.8595109889819925,0.03372167438056976,0.0
0.8710176965057674,0.016659974048551164,0.0,0.89021390314458,0.019068008029200577,0.0
0.8710176965057674,0.016659974048551164,0.0,0.8823641357148588,0.0008861374936674132,0.0
0.8595109889819925,0.03372167438056976,0.0,0.8493506203550079,0.05063339269056572,0.0
0.342436047641666,0.012125971971478225,0.0,0.324218822054767,0.009146361910337089,0.0
0.342436047641666,0.012125971971478225,0.0,0.33425106970325624,0.025575392630965848,0.0
0.342436047641666,0.012125971971478225,0.0,0.3336895875501923,-0.0049991014039240285,0.0
0.342436047641666,0.012125971971478225,0.0,0.3532377924963378,-0.00273869845374259,0.0
0.324218822054767,0.009146361910337089,0.0,0.33425106970325624,0.025575392630965848,0.0
0.324218822054767,0.009146361910337089,0.0,0.3336895875501923,-0.0049991014039240285,0.0
0.324218822054767,0.009146361910337089,0.0,0.31410965228361787,-0.006964501959155299,0.0
0.24698740490324259,0.006527725429351818,0.0,0.23549235741622623,-0.009872137645699735,0.0
0.24698740490324259,0.006527725429351818,0.0,0.25516969278594714,-0.010016762995608905,0.0
0.02202296871316341,0.18770771487786472,0.0,3.334444814934153e-05,0.1899964547439535,0.0
0.02202296871316341,0.18770771487786472,0.0,0.014343831667695548,0.17475992274355703,0.0
0.02202296871316341,0.18770771487786472,0.0,0.01968189381931244,0.2096956954280177,0.0
0.02202296871316341,0.18770771487786472,0.0,0.011954370906521293,0.1977539546482182,0.0
0.1846177543020825,0.17611435888122048,0.0,0.1959260328513177,0.1922212147213933,0.0
0.1846177543020825,0.17611435888122048,0.0,0.1763208908223542,0.1939886762133007,0.0
0.7366839430234678,0.006851606707588537,0.0,0.7450618870959227,0.021995320719601388,0.0
0.7366839430234678,0.006851606707588537,0.0,0.7451637460865383,-0.010019395528592606,0.0
0.5717046037226055,0.04084840385912139,0.0,0.5604278305920891,0.024334350074106618,0.0
0.5884950167610294,0.004390212383415673,0.0,0.6080370113418994,0.0020775812452047404,0.0
0.5884950167610294,0.004390212383415673,0.0,0.5689238981411628,0.00643993761219319,0.0
0.7647624404709625,0.1901715774472619,0.0,0.775358365504658,0.17346795267157392,0.0
0.7647624404709625,0.1901715774472619,0.0,0.7844324567857922,0.1909215934450424,0.0
0.2551840826746586,0.15579959411655966,0.0,0.2453322676553826,0.14173371307213953,0.0
0.2551840826746586,0.15579959411655966,0.0,0.26542371606824644,0.1418175035920805,0.0
0.775358365504658,0.17346795267157392,0.0,0.7861100028372193,0.156711403117175,0.0
0.775358365504658,0.17346795267157392,0.0,0.7662569959288871,0.15590025931739884,0.0
0.775358365504658,0.17346795267157392,0.0,0.7844324567857922,0.1909215934450424,0.0
0.7861100028372193,0.156711403117175,0.0,0.7662569959288871,0.15590025931739884,0.0
0.8040739682388426,0.1922212148074821,0.0,0.8236791101517987,0.1939886763111289,0.0
0.8040739682388426,0.1922212148074821,0.0,0.7844324567857922,0.1909215934450424,0.0
0.4897982385864998,0.044125276170124905,0.0,0.4995475558189592,0.0615558911689924,0.0
0.4897982385864998,0.044125276170124905,0.0,0.47948362852596904,0.06125043572464806,0.0
0.9328412529154548,0.1894692560016771,0.0,0.921425379683128,0.2055086350647987,0.0
0.9328412529154548,0.1894692560016771,0.0,0.9410212191544387,0.2073769316668632,0.0
0.9328412529154548,0.1894692560016771,0.0,0.9509069444788286,0.19540522121268597,0.0
0.2942574624549822,0.1915070910332105,0.0,0.313881240220007,0.1930527249326497,0.0
0.9410413245021779,0.007340738960504237,0.0,0.9295446263312467,0.02343312653683208,0.0
0.9410413245021779,0.007340738960504237,0.0,0.9214520687707893,0.005473512459857325,0.0
0.89021390314458,0.019068008029200577,0.0,0.8980879079901136,0.03681956644726872,0.0
0.89021390314458,0.019068008029200577,0.0,0.9097728767656846,0.021314547158062327,0.0
0.89021390314458,0.019068008029200577,0.0,0.8823641357148588,0.0008861374936674132,0.0
0.89021390314458,0.019068008029200577,0.0,0.9018966624236765,0.0032780082502021327,0.0
0.8980879079901136,0.03681956644726872,0.0,0.9179681868200376,0.03906794394652897,0.0
0.8980879079901136,0.03681956644726872,0.0,0.9097728767656846,0.021314547158062327,0.0
0.5604278305920891,0.024334350074106618,0.0,0.5689238981411628,0.00643993761219319,0.0
0.5604278305920891,0.024334350074106618,0.0,0.5493163291633192,0.008102482369660598,0.0
0.313881240220007,0.1930527249326497,0.0,0.3334679733597575,0.1950146597444102,0.0
0.5689238981411628,0.00643993761219319,0.0,0.5493163291633192,0.008102482369660598,0.0
0.8236791101517987,0.1939886763111289,0.0,0.8432487611881002,0.1961150490981094,0.0
0.3334679733597575,0.1950146597444102,0.0,0.3530228816138251,0.1972732469543295,0.0
0.8813610198416838,0.17292348264473198,0.0,0.8772077608713584,0.18708009326148384,0.0
0.13298573169824945,0.16433549194432817,0.0,0.11376098001062555,0.1672730801861814,0.0
0.13298573169824945,0.16433549194432817,0.0,0.12540894047600928,0.18277896178801162,0.0
0.13298573169824945,0.16433549194432817,0.0,0.1210869609059415,0.14970616082220772,0.0
0.13298573169824945,0.16433549194432817,0.0,0.1449658143870494,0.18028853638818076,0.0
0.11376098001062555,0.1672730801861814,0.0,0.12540894047600928,0.18277896178801162,0.0
0.11376098001062555,0.1672730801861814,0.0,0.1210869609059415,0.14970616082220772,0.0
0.11376098001062555,0.1672730801861814,0.0,0.10578078408350974,0.18550671288217313,0.0
0.12540894047600928,0.18277896178801162,0.0,0.1449658143870494,0.18028853638818076,0.0
0.12540894047600928,0.18277896178801162,0.0,0.10578078408350974,0.18550671288217313,0.0
0.12540894047600928,0.18277896178801162,0.0,0.1176755593694548,0.2009191173322832,0.0
0.12540894047600928,0.18277896178801162,0.0,0.1372078753933555,0.1984719233079192,0.0
0.4995475558189592,0.0615558911689924,0.0,0.5091789360230979,0.07910999065426423,0.0
0.4995475558189592,0.0615558911689924,0.0,0.4891987195740563,0.07873748793749477,0.0
0.4995475558189592,0.0615558911689924,0.0,0.47948362852596904,0.06125043572464806,0.0
0.5091789360230979,0.07910999065426423,0.0,0.49889510859169495,0.09622756746427975,0.0
0.5091789360230979,0.07910999065426423,0.0,0.4891987195740563,0.07873748793749477,0.0
0.5091789360230979,0.07910999065426423,0.0,0.518986737950446,0.09654270341042683,0.0
0.4885534498094777,0.11337558635676602,0.0,0.49889510859169495,0.09622756746427975,0.0
0.4885534498094777,0.11337558635676602,0.0,0.4788730210281155,0.09587286835586868,0.0
0.4885534498094777,0.11337558635676602,0.0,0.5085891204566223,0.11372342137300841,0.0
0.4885534498094777,0.11337558635676602,0.0,0.4982346737758169,0.13087935617636734,0.0
0.4885534498094777,0.11337558635676602,0.0,0.4782265294456175,0.13051601040993233,0.0
0.4885534498094777,0.11337558635676602,0.0,0.46854600509216293,0.11301247694770174,0.0
0.49889510859169495,0.09622756746427975,0.0,0.4788730210281155,0.09587286835586868,0.0
0.49889510859169495,0.09622756746427975,0.0,0.4891987195740563,0.07873748793749477,0.0
0.49889510859169495,0.09622756746427975,0.0,0.518986737950446,0.09654270341042683,0.0
0.49889510859169495,0.09622756746427975,0.0,0.5085891204566223,0.11372342137300841,0.0
0.4788730210281155,0.09587286835586868,0.0,0.4891987195740563,0.07873748793749477,0.0
0.4788730210281155,0.09587286835586868,0.0,0.45886729222769645,0.09551088660306019,0.0
0.4788730210281155,0.09587286835586868,0.0,0.46854600509216293,0.11301247694770174,0.0
0.4788730210281155,0.09587286835586868,0.0,0.46917755357266744,0.07837324325166782,0.0
0.4891987195740563,0.07873748793749477,0.0,0.46917755357266744,0.07837324325166782,0.0
0.4891987195740563,0.07873748793749477,0.0,0.47948362852596904,0.06125043572464806,0.0
0.6028819758810867,0.05602497720870675,0.0,0.6226820145568368,0.05449187689177356,0.0
0.6028819758810867,0.05602497720870675,0.0,0.6148085534364988,0.07194464190348673,0.0
0.0002334111370453746,0.06997405646616914,0.0,0.0002667555851949112,0.04997014185124222,0.0
0.0002334111370453746,0.06997405646616914,0.0,0.0002000666888959734,0.08997791172972178,0.0
0.0001667222407464953,0.10998171731640005,0.0,0.0002000666888959734,0.08997791172972178,0.0
0.0001667222407464953,0.10998171731640005,0.0,0.0001333777925972035,0.1299854706937539,0.0
0.518986737950446,0.09654270341042683,0.0,0.5287087291548229,0.1140250601947816,0.0
0.518986737950446,0.09654270341042683,0.0,0.5085891204566223,0.11372342137300841,0.0
0.0002667555851949112,0.04997014185124222,0.0,0.0003001000333443396,0.029966159596438675,0.0
0.0003001000333443396,0.029966159596438675,0.0,0.00033344396030164425,0.009962060422004052,0.0
0.0003001000333443396,0.029966159596438675,0.0,0.014572667610424682,0.02395117883645852,0.0
0.0001333777925972035,0.1299854706937539,0.0,0.0001000333444479161,0.14998918066261277,0.0
6.668889629864687e-05,0.16999284556125746,0.0,0.0001000333444479161,0.14998918066261277,0.0
6.668889629864687e-05,0.16999284556125746,0.0,3.334444814934153e-05,0.1899964547439535,0.0
6.668889629864687e-05,0.16999284556125746,0.0,0.014343831667695548,0.17475992274355703,0.0
0.6226820145568368,0.05449187689177356,0.0,0.6148085534364988,0.07194464190348673,0.0
0.6226820145568368,0.05449187689177356,0.0,0.6425426097094907,0.05238852464569413,0.0
0.6226820145568368,0.05449187689177356,0.0,0.6349857840605099,0.06923152019935966,0.0
0.5287087291548229,0.1140250601947816,0.0,0.5487126154184399,0.1143911421408116,0.0
0.5287087291548229,0.1140250601947816,0.0,0.5085891204566223,0.11372342137300841,0.0
0.5287087291548229,0.1140250601947816,0.0,0.5182539605103093,0.13123660955887123,0.0
0.5287087291548229,0.1140250601947816,0.0,0.5382305031807497,0.13161772441931624,0.0
0.6148085534364988,0.07194464190348673,0.0,0.6349857840605099,0.06923152019935966,0.0
0.6148085534364988,0.07194464190348673,0.0,0.6277847177438317,0.08558650620802626,0.0
0.6148085534364988,0.07194464190348673,0.0,0.6084377923705914,0.08515665065284894,0.0
0.5487126154184399,0.1143911421408116,0.0,0.5687234972217972,0.11467559194343478,0.0
0.5487126154184399,0.1143911421408116,0.0,0.5582097426937622,0.13199738134303612,0.0
0.5487126154184399,0.1143911421408116,0.0,0.5382305031807497,0.13161772441931624,0.0
0.5085891204566223,0.11372342137300841,0.0,0.5182539605103093,0.13123660955887123,0.0
0.5085891204566223,0.11372342137300841,0.0,0.4982346737758169,0.13087935617636734,0.0
0.6425426097094907,0.05238852464569413,0.0,0.6625800036419808,0.050881932590404334,0.0
0.6425426097094907,0.05238852464569413,0.0,0.6349857840605099,0.06923152019935966,0.0
0.5182539605103093,0.13123660955887123,0.0,0.4982346737758169,0.13087935617636734,0.0
0.5182539605103093,0.13123660955887123,0.0,0.5079067438366031,0.14838838188163997,0.0
0.5182539605103093,0.13123660955887123,0.0,0.5279023318065139,0.1487588547770779,0.0
0.5182539605103093,0.13123660955887123,0.0,0.5382305031807497,0.13161772441931624,0.0
0.4982346737758169,0.13087935617636734,0.0,0.5079067438366031,0.14838838188163997,0.0
0.4982346737758169,0.13087935617636734,0.0,0.4879053744307431,0.14802121007938238,0.0
0.4982346737758169,0.13087935617636734,0.0,0.4782265294456175,0.13051601040993233,0.0
0.5687234972217972,0.11467559194343478,0.0,0.5582097426937622,0.13199738134303612,0.0
0.5687234972217972,0.11467559194343478,0.0,0.5886642793652339,0.11501730147502615,0.0
0.5687234972217972,0.11467559194343478,0.0,0.5782684110233555,0.1322851781156649,0.0
0.5582097426937622,0.13199738134303612,0.0,0.5782684110233555,0.1322851781156649,0.0
0.5582097426937622,0.13199738134303612,0.0,0.5678878284017815,0.14950318692120973,0.0
0.5582097426937622,0.13199738134303612,0.0,0.5382305031807497,0.13161772441931624,0.0
0.5582097426937622,0.13199738134303612,0.0,0.5478967321363046,0.14906237871210898,0.0
0.5079067438366031,0.14838838188163997,0.0,0.4879053744307431,0.14802121007938238,0.0
0.5079067438366031,0.14838838188163997,0.0,0.5279023318065139,0.1487588547770779,0.0
0.5079067438366031,0.14838838188163997,0.0,0.517576136856074,0.16589887581186485,0.0
0.5079067438366031,0.14838838188163997,0.0,0.497579544649832,0.16552900160864298,0.0
0.4879053744307431,0.14802121007938238,0.0,0.4782265294456175,0.13051601040993233,0.0
0.4879053744307431,0.14802121007938238,0.0,0.4679060632176351,0.14765297703789348,0.0
0.4879053744307431,0.14802121007938238,0.0,0.4775909200465647,0.16474001097081825,0.0
0.4879053744307431,0.14802121007938238,0.0,0.497579544649832,0.16552900160864298,0.0
0.5886642793652339,0.11501730147502615,0.0,0.5989551399618209,0.09886678313412502,0.0
0.5886642793652339,0.11501730147502615,0.0,0.608563275113858,0.11569459875540496,0.0
0.5886642793652339,0.11501730147502615,0.0,0.5982331369012768,0.13271731868547038,0.0
0.5886642793652339,0.11501730147502615,0.0,0.5782684110233555,0.1322851781156649,0.0
0.5279023318065139,0.1487588547770779,0.0,0.517576136856074,0.16589887581186485,0.0
0.5279023318065139,0.1487588547770779,0.0,0.537580648276442,0.16585829309902858,0.0
0.5279023318065139,0.1487588547770779,0.0,0.5382305031807497,0.13161772441931624,0.0
0.5279023318065139,0.1487588547770779,0.0,0.5478967321363046,0.14906237871210898,0.0
0.517576136856074,0.16589887581186485,0.0,0.537580648276442,0.16585829309902858,0.0
0.517576136856074,0.16589887581186485,0.0,0.497579544649832,0.16552900160864298,0.0
0.517576136856074,0.16589887581186485,0.0,0.5074984680943254,0.1786903841751912,0.0
0.517576136856074,0.16589887581186485,0.0,0.5274549892624897,0.1790584314161424,0.0
0.4782265294456175,0.13051601040993233,0.0,0.4679060632176351,0.14765297703789348,0.0
0.4782265294456175,0.13051601040993233,0.0,0.45822757132804487,0.13014761786339762,0.0
0.4782265294456175,0.13051601040993233,0.0,0.46854600509216293,0.11301247694770174,0.0
0.5989551399618209,0.09886678313412502,0.0,0.608563275113858,0.11569459875540496,0.0
0.5989551399618209,0.09886678313412502,0.0,0.6188358932777887,0.09946052159845924,0.0
0.5989551399618209,0.09886678313412502,0.0,0.6084377923705914,0.08515665065284894,0.0
0.537580648276442,0.16585829309902858,0.0,0.5478967321363046,0.14906237871210898,0.0
0.537580648276442,0.16585829309902858,0.0,0.5574400501264276,0.16496825373253862,0.0
0.537580648276442,0.16585829309902858,0.0,0.5274549892624897,0.1790584314161424,0.0
0.537580648276442,0.16585829309902858,0.0,0.5473785758588391,0.1786483739666536,0.0
0.608563275113858,0.11569459875540496,0.0,0.6188358932777887,0.09946052159845924,0.0
0.608563275113858,0.11569459875540496,0.0,0.5982331369012768,0.13271731868547038,0.0
0.608563275113858,0.11569459875540496,0.0,0.6285242919700904,0.1161532165088659,0.0
0.608563275113858,0.11569459875540496,0.0,0.6182140476682986,0.13307010977453554,0.0
0.4679060632176351,0.14765297703789348,0.0,0.4775909200465647,0.16474001097081825,0.0
0.4679060632176351,0.14765297703789348,0.0,0.45822757132804487,0.13014761786339762,0.0
0.4679060632176351,0.14765297703789348,0.0,0.44790862626085276,0.1472837759272414,0.0
0.4679060632176351,0.14765297703789348,0.0,0.45759975870863423,0.1640704388983039,0.0
1.0,0.16999286326064791,0.0,0.983173045873062,0.1791396321600463,0.0
1.0,0.16999286326064791,0.0,0.9826794810946203,0.15999103754262298,0.0
1.0,0.16999286326064791,0.0,1.0,0.14998921182466335,0.0
1.0,0.16999286326064791,0.0,1.0,0.1899964713838611,0.0
0.983173045873062,0.1791396321600463,0.0,0.9826794810946203,0.15999103754262298,0.0
0.983173045873062,0.1791396321600463,0.0,1.0,0.1899964713838611,0.0
0.9826794810946203,0.15999103754262298,0.0,1.0,0.14998921182466335,0.0
1.0,0.10998175897920155,0.0,1.0,0.12998551044763587,0.0
1.0,0.10998175897920155,0.0,0.9826795066326529,0.1199836347134367,0.0
1.0,0.10998175897920155,0.0,0.9826795228090099,0.09997986098292364,0.0
1.0,0.10998175897920155,0.0,1.0,0.08997796298667897,0.0
1.0,0.12998551044763587,0.0,0.9826795066326529,0.1199836347134367,0.0
1.0,0.12998551044763587,0.0,1.0,0.14998921182466335,0.0
0.9826795066326529,0.1199836347134367,0.0,0.9826795228090099,0.09997986098292364,0.0
0.9826795228090099,0.09997986098292364,0.0,0.9654307539497753,0.08988564977386432,0.0
0.9826795228090099,0.09997986098292364,0.0,1.0,0.08997796298667897,0.0
0.9826795228090099,0.09997986098292364,0.0,0.9827807088733731,0.08011519613509133,0.0
0.6188358932777887,0.09946052159845924,0.0,0.6285242919700904,0.1161532165088659,0.0
0.6188358932777887,0.09946052159845924,0.0,0.6388217592955099,0.09984734091410609,0.0
0.6188358932777887,0.09946052159845924,0.0,0.6277847177438317,0.08558650620802626,0.0
0.6188358932777887,0.09946052159845924,0.0,0.6084377923705914,0.08515665065284894,0.0
0.5982331369012768,0.13271731868547038,0.0,0.5878919562952118,0.14980031762364304,0.0
0.5982331369012768,0.13271731868547038,0.0,0.6182140476682986,0.13307010977453554,0.0
0.5982331369012768,0.13271731868547038,0.0,0.6078960123381167,0.1498257902766972,0.0
0.5982331369012768,0.13271731868547038,0.0,0.5782684110233555,0.1322851781156649,0.0
0.4775909200465647,0.16474001097081825,0.0,0.45759975870863423,0.1640704388983039,0.0
0.4775909200465647,0.16474001097081825,0.0,0.497579544649832,0.16552900160864298,0.0
0.4775909200465647,0.16474001097081825,0.0,0.4873431745079391,0.17822094041278963,0.0
0.4775909200465647,0.16474001097081825,0.0,0.467360853921455,0.17707923519766983,0.0
0.45822757132804487,0.13014761786339762,0.0,0.44790862626085276,0.1472837759272414,0.0
0.45822757132804487,0.13014761786339762,0.0,0.43823045510133124,0.1297782662772349,0.0
0.45822757132804487,0.13014761786339762,0.0,0.4485489896881015,0.11264229832624707,0.0
0.45822757132804487,0.13014761786339762,0.0,0.46854600509216293,0.11301247694770174,0.0
1.0,0.1899964713838611,0.0,1.0,0.21,0.0
0.44790862626085276,0.1472837759272414,0.0,0.43823045510133124,0.1297782662772349,0.0
0.44790862626085276,0.1472837759272414,0.0,0.42791180850398824,0.14691429688659693,0.0
0.44790862626085276,0.1472837759272414,0.0,0.4375998474750318,0.1638757836350362,0.0
0.44790862626085276,0.1472837759272414,0.0,0.45759975870863423,0.1640704388983039,0.0
0.6285242919700904,0.1161532165088659,0.0,0.6388217592955099,0.09984734091410609,0.0
0.6285242919700904,0.1161532165088659,0.0,0.6485131657076442,0.11654089644107037,0.0
0.6285242919700904,0.1161532165088659,0.0,0.6381960795380104,0.13347794443522748,0.0
0.6285242919700904,0.1161532165088659,0.0,0.6182140476682986,0.13307010977453554,0.0
0.7794457497683578,0.06679854040650646,0.0,0.7605475735663624,0.06693368638687137,0.0
0.7794457497683578,0.06679854040650646,0.0,0.7898798302938961,0.049520348883887365,0.0
0.7794457497683578,0.06679854040650646,0.0,0.7691254082530622,0.0839220483819712,0.0
0.7794457497683578,0.06679854040650646,0.0,0.799437163091213,0.06719128094857389,0.0
0.7794457497683578,0.06679854040650646,0.0,0.789095821334694,0.0843727009702315,0.0
0.7605475735663624,0.06693368638687137,0.0,0.7491310416030066,0.08357671614666665,0.0
0.7605475735663624,0.06693368638687137,0.0,0.7691254082530622,0.0839220483819712,0.0
0.7187952770576447,0.1004357433519962,0.0,0.7388095570391482,0.10072590883631244,0.0
0.7187952770576447,0.1004357433519962,0.0,0.7283274552826766,0.11784065640140458,0.0
0.7187952770576447,0.1004357433519962,0.0,0.7084989921883683,0.11746803681784113,0.0
0.7187952770576447,0.1004357433519962,0.0,0.6988238721786445,0.10007790298319716,0.0
0.7187952770576447,0.1004357433519962,0.0,0.7291095955734896,0.08329785823002823,0.0
0.7187952770576447,0.1004357433519962,0.0,0.7089817292661276,0.08339431737665619,0.0
0.7388095570391482,0.10072590883631244,0.0,0.7283274552826766,0.11784065640140458,0.0
0.7388095570391482,0.10072590883631244,0.0,0.7491310416030066,0.08357671614666665,0.0
0.7388095570391482,0.10072590883631244,0.0,0.7291095955734896,0.08329785823002823,0.0
0.7388095570391482,0.10072590883631244,0.0,0.7587678041415787,0.10103992193458647,0.0
0.7283274552826766,0.11784065640140458,0.0,0.7084989921883683,0.11746803681784113,0.0
0.7283274552826766,0.11784065640140458,0.0,0.7180920281539332,0.13490803710239951,0.0
0.7898798302938961,0.049520348883887365,0.0,0.799437163091213,0.06719128094857389,0.0
0.7898798302938961,0.049520348883887365,0.0,0.8097655253521968,0.050030831004999166,0.0
0.9654307539497753,0.08988564977386432,0.0,0.9827807088733731,0.08011519613509133,0.0
0.7491310416030066,0.08357671614666665,0.0,0.7691254082530622,0.0839220483819712,0.0
0.7491310416030066,0.08357671614666665,0.0,0.7291095955734896,0.08329785823002823,0.0
0.7491310416030066,0.08357671614666665,0.0,0.7587678041415787,0.10103992193458647,0.0
0.7691254082530622,0.0839220483819712,0.0,0.789095821334694,0.0843727009702315,0.0
0.7691254082530622,0.0839220483819712,0.0,0.7587678041415787,0.10103992193458647,0.0
0.7084989921883683,0.11746803681784113,0.0,0.6988238721786445,0.10007790298319716,0.0
0.7084989921883683,0.11746803681784113,0.0,0.6885053961169899,0.11721664173270324,0.0
0.7084989921883683,0.11746803681784113,0.0,0.6981854076478212,0.13461278051137013,0.0
0.7084989921883683,0.11746803681784113,0.0,0.7180920281539332,0.13490803710239951,0.0
0.8090995634538252,0.08474733452060358,0.0,0.8194416166851909,0.06756221156461693,0.0
0.8090995634538252,0.08474733452060358,0.0,0.799437163091213,0.06719128094857389,0.0
0.8090995634538252,0.08474733452060358,0.0,0.789095821334694,0.0843727009702315,0.0
0.8090995634538252,0.08474733452060358,0.0,0.829123708781562,0.08517217127952013,0.0
0.8194416166851909,0.06756221156461693,0.0,0.799437163091213,0.06719128094857389,0.0
0.8194416166851909,0.06756221156461693,0.0,0.8097655253521968,0.050030831004999166,0.0
0.8194416166851909,0.06756221156461693,0.0,0.8297637931583032,0.05039633595010791,0.0
0.8194416166851909,0.06756221156461693,0.0,0.8394317981593878,0.06799469633393022,0.0
0.8194416166851909,0.06756221156461693,0.0,0.829123708781562,0.08517217127952013,0.0
0.799437163091213,0.06719128094857389,0.0,0.8097655253521968,0.050030831004999166,0.0
0.799437163091213,0.06719128094857389,0.0,0.789095821334694,0.0843727009702315,0.0
0.8097655253521968,0.050030831004999166,0.0,0.8297637931583032,0.05039633595010791,0.0
0.6388217592955099,0.09984734091410609,0.0,0.6485131657076442,0.11654089644107037,0.0
0.6388217592955099,0.09984734091410609,0.0,0.6588209267923858,0.09991780711902698,0.0
0.6388217592955099,0.09984734091410609,0.0,0.6277847177438317,0.08558650620802626,0.0
0.43823045510133124,0.1297782662772349,0.0,0.42791180850398824,0.14691429688659693,0.0
0.43823045510133124,0.1297782662772349,0.0,0.4485489896881015,0.11264229832624707,0.0
0.43823045510133124,0.1297782662772349,0.0,0.428552289282823,0.11227274345091559,0.0
0.43823045510133124,0.1297782662772349,0.0,0.41823370876596294,0.1294109828929319,0.0
0.6781890502247225,0.1342306571554562,0.0,0.6678797882009418,0.15086527822481077,0.0
0.6781890502247225,0.1342306571554562,0.0,0.6581935314035615,0.13382711465877503,0.0
0.6781890502247225,0.1342306571554562,0.0,0.6685088996675317,0.11686400968610483,0.0
0.6781890502247225,0.1342306571554562,0.0,0.6885053961169899,0.11721664173270324,0.0
0.6781890502247225,0.1342306571554562,0.0,0.6981854076478212,0.13461278051137013,0.0
0.6678797882009418,0.15086527822481077,0.0,0.6581935314035615,0.13382711465877503,0.0
0.6678797882009418,0.15086527822481077,0.0,0.6478910518642675,0.1500750687303337,0.0
0.6678797882009418,0.15086527822481077,0.0,0.6587574311071239,0.16412567525301622,0.0
0.6581935314035615,0.13382711465877503,0.0,0.6485131657076442,0.11654089644107037,0.0
0.6581935314035615,0.13382711465877503,0.0,0.6685088996675317,0.11686400968610483,0.0
0.6581935314035615,0.13382711465877503,0.0,0.6478910518642675,0.1500750687303337,0.0
0.6581935314035615,0.13382711465877503,0.0,0.6381960795380104,0.13347794443522748,0.0
0.8297637931583032,0.05039633595010791,0.0,0.8394317981593878,0.06799469633393022,0.0
0.8297637931583032,0.05039633595010791,0.0,0.8493506203550079,0.05063339269056572,0.0
0.8394317981593878,0.06799469633393022,0.0,0.829123708781562,0.08517217127952013,0.0
0.8394317981593878,0.06799469633393022,0.0,0.8493506203550079,0.05063339269056572,0.0
0.8394317981593878,0.06799469633393022,0.0,0.8491364768844113,0.08572741896018271,0.0
0.9083399416868139,0.12126809278898229,0.0,0.8983299273437539,0.13818933028833963,0.0
0.9083399416868139,0.12126809278898229,0.0,0.8891140955258071,0.12087297703143968,0.0
0.9083399416868139,0.12126809278898229,0.0,0.8987934034082852,0.10377851908977068,0.0
0.9083399416868139,0.12126809278898229,0.0,0.9180060175353596,0.1045911848594941,0.0
0.9083399416868139,0.12126809278898229,0.0,0.9275336685899412,0.12206691342026624,0.0
0.9083399416868139,0.12126809278898229,0.0,0.9179709859037023,0.13876602468917443,0.0
0.8983299273437539,0.13818933028833963,0.0,0.8891140955258071,0.12087297703143968,0.0
0.8983299273437539,0.13818933028833963,0.0,0.9179709859037023,0.13876602468917443,0.0
0.8983299273437539,0.13818933028833963,0.0,0.9080894077640567,0.15490542028313697,0.0
0.8891140955258071,0.12087297703143968,0.0,0.8788060676208093,0.10360107247142751,0.0
0.8891140955258071,0.12087297703143968,0.0,0.8987934034082852,0.10377851908977068,0.0
0.829123708781562,0.08517217127952013,0.0,0.8491364768844113,0.08572741896018271,0.0
0.8788060676208093,0.10360107247142751,0.0,0.8987934034082852,0.10377851908977068,0.0
0.8788060676208093,0.10360107247142751,0.0,0.8891109387795008,0.08662008244316817,0.0
0.8788060676208093,0.10360107247142751,0.0,0.8691236277111755,0.0863754197888886,0.0
0.6988238721786445,0.10007790298319716,0.0,0.6885053961169899,0.11721664173270324,0.0
0.6988238721786445,0.10007790298319716,0.0,0.6788178135251022,0.10023013567179917,0.0
0.6988238721786445,0.10007790298319716,0.0,0.7089817292661276,0.08339431737665619,0.0
0.8987934034082852,0.10377851908977068,0.0,0.8891109387795008,0.08662008244316817,0.0
0.8987934034082852,0.10377851908977068,0.0,0.9090986540122631,0.08724882246696199,0.0
0.8987934034082852,0.10377851908977068,0.0,0.9180060175353596,0.1045911848594941,0.0
0.9379597411557984,0.1391343380006171,0.0,0.92724873087797,0.15588577417002938,0.0
0.9379597411557984,0.1391343380006171,0.0,0.9275336685899412,0.12206691342026624,0.0
0.9379597411557984,0.1391343380006171,0.0,0.9179709859037023,0.13876602468917443,0.0
0.8491364768844113,0.08572741896018271,0.0,0.8691236277111755,0.0863754197888886,0.0
0.6485131657076442,0.11654089644107037,0.0,0.6685088996675317,0.11686400968610483,0.0
0.6485131657076442,0.11654089644107037,0.0,0.6588209267923858,0.09991780711902698,0.0
0.6485131657076442,0.11654089644107037,0.0,0.6381960795380104,0.13347794443522748,0.0
0.6685088996675317,0.11686400968610483,0.0,0.6885053961169899,0.11721664173270324,0.0
0.6685088996675317,0.11686400968610483,0.0,0.6788178135251022,0.10023013567179917,0.0
0.6685088996675317,0.11686400968610483,0.0,0.6588209267923858,0.09991780711902698,0.0
0.42791180850398824,0.14691429688659693,0.0,0.41823370876596294,0.1294109828929319,0.0
0.42791180850398824,0.14691429688659693,0.0,0.4375998474750318,0.1638757836350362,0.0
0.42791180850398824,0.14691429688659693,0.0,0.407836342778974,0.14637428886393697,0.0
0.8891109387795008,0.08662008244316817,0.0,0.9090986540122631,0.08724882246696199,0.0
0.8891109387795008,0.08662008244316817,0.0,0.8691236277111755,0.0863754197888886,0.0
0.6885053961169899,0.11721664173270324,0.0,0.6981854076478212,0.13461278051137013,0.0
0.6885053961169899,0.11721664173270324,0.0,0.6788178135251022,0.10023013567179917,0.0
0.3388877086553274,0.09330225628135719,0.0,0.31889129397123817,0.09292249292547636,0.0
0.3388877086553274,0.09330225628135719,0.0,0.3289926584795388,0.07607072842751382,0.0
0.3388877086553274,0.09330225628135719,0.0,0.3485655881246902,0.11081424424730078,0.0
0.3388877086553274,0.09330225628135719,0.0,0.328569258873565,0.11043049943647996,0.0
0.3388877086553274,0.09330225628135719,0.0,0.34900455924764123,0.077250994286488,0.0
0.3388877086553274,0.09330225628135719,0.0,0.3588834376038702,0.09371870130284542,0.0
0.31889129397123817,0.09292249292547636,0.0,0.3289926584795388,0.07607072842751382,0.0
0.31889129397123817,0.09292249292547636,0.0,0.328569258873565,0.11043049943647996,0.0
0.31889129397123817,0.09292249292547636,0.0,0.30857274022408454,0.11005683616672562,0.0
0.31889129397123817,0.09292249292547636,0.0,0.2988947296318338,0.09255048625622878,0.0
0.31889129397123817,0.09292249292547636,0.0,0.3092133256235756,0.07541437583686435,0.0
0.3289926584795388,0.07607072842751382,0.0,0.34900455924764123,0.077250994286488,0.0
0.3289926584795388,0.07607072842751382,0.0,0.3092133256235756,0.07541437583686435,0.0
0.3289926584795388,0.07607072842751382,0.0,0.3193121558206353,0.05842727624123303,0.0
0.4485489896881015,0.11264229832624707,0.0,0.428552289282823,0.11227274345091559,0.0
0.4485489896881015,0.11264229832624707,0.0,0.43887037429286324,0.09516363102707888,0.0
0.4485489896881015,0.11264229832624707,0.0,0.45886729222769645,0.09551088660306019,0.0
0.4485489896881015,0.11264229832624707,0.0,0.46854600509216293,0.11301247694770174,0.0
0.3485655881246902,0.11081424424730078,0.0,0.328569258873565,0.11043049943647996,0.0
0.3485655881246902,0.11081424424730078,0.0,0.33833365181067,0.12739856694881344,0.0
0.3485655881246902,0.11081424424730078,0.0,0.35831661796931497,0.1281831748014408,0.0
0.3485655881246902,0.11081424424730078,0.0,0.3685614697668163,0.11122199470926658,0.0
0.3485655881246902,0.11081424424730078,0.0,0.3588834376038702,0.09371870130284542,0.0
0.328569258873565,0.11043049943647996,0.0,0.33833365181067,0.12739856694881344,0.0
0.328569258873565,0.11043049943647996,0.0,0.3182562799048119,0.1272639704880811,0.0
0.328569258873565,0.11043049943647996,0.0,0.30857274022408454,0.11005683616672562,0.0
0.33833365181067,0.12739856694881344,0.0,0.3182562799048119,0.1272639704880811,0.0
0.33833365181067,0.12739856694881344,0.0,0.35831661796931497,0.1281831748014408,0.0
0.33833365181067,0.12739856694881344,0.0,0.34757149561395406,0.14450739192957646,0.0
0.33833365181067,0.12739856694881344,0.0,0.3275052469392708,0.14340618415198642,0.0
0.92724873087797,0.15588577417002938,0.0,0.9179709859037023,0.13876602468917443,0.0
0.92724873087797,0.15588577417002938,0.0,0.9080894077640567,0.15490542028313697,0.0
0.428552289282823,0.11227274345091559,0.0,0.41823370876596294,0.1294109828929319,0.0
0.428552289282823,0.11227274345091559,0.0,0.43887037429286324,0.09516363102707888,0.0
0.428552289282823,0.11227274345091559,0.0,0.4085556092077077,0.11190840326061045,0.0
0.428552289282823,0.11227274345091559,0.0,0.41887371258853784,0.09479852464030923,0.0
0.41823370876596294,0.1294109828929319,0.0,0.4085556092077077,0.11190840326061045,0.0
0.41823370876596294,0.1294109828929319,0.0,0.39823697267338554,0.12904742732506985,0.0
0.41823370876596294,0.1294109828929319,0.0,0.407836342778974,0.14637428886393697,0.0
0.34900455924764123,0.077250994286488,0.0,0.3588834376038702,0.09371870130284542,0.0
0.34900455924764123,0.077250994286488,0.0,0.35941597204200976,0.06492274201610253,0.0
0.3182562799048119,0.1272639704880811,0.0,0.30857274022408454,0.11005683616672562,0.0
0.3182562799048119,0.1272639704880811,0.0,0.3275052469392708,0.14340618415198642,0.0
0.6981854076478212,0.13461278051137013,0.0,0.7180920281539332,0.13490803710239951,0.0
0.9090986540122631,0.08724882246696199,0.0,0.9180060175353596,0.1045911848594941,0.0
0.9180060175353596,0.1045911848594941,0.0,0.9275336685899412,0.12206691342026624,0.0
0.30857274022408454,0.11005683616672562,0.0,0.2988947296318338,0.09255048625622878,0.0
0.30857274022408454,0.11005683616672562,0.0,0.28857616446852485,0.10968610333658876,0.0
0.6788178135251022,0.10023013567179917,0.0,0.6588209267923858,0.09991780711902698,0.0
0.7291095955734896,0.08329785823002823,0.0,0.7089817292661276,0.08339431737665619,0.0
0.26922007743826587,0.07467437451160634,0.0,0.28921059954792555,0.07504851050650048,0.0
0.26922007743826587,0.07467437451160634,0.0,0.2795272696561872,0.0576563909735768,0.0
0.26922007743826587,0.07467437451160634,0.0,0.2589015167968819,0.09181030417590845,0.0
0.26922007743826587,0.07467437451160634,0.0,0.24922344282546557,0.07430453756181649,0.0
0.26922007743826587,0.07467437451160634,0.0,0.27889812840568323,0.09218021533911155,0.0
0.26922007743826587,0.07467437451160634,0.0,0.2595408539805549,0.0572309374333712,0.0
0.28921059954792555,0.07504851050650048,0.0,0.2795272696561872,0.0576563909735768,0.0
0.28921059954792555,0.07504851050650048,0.0,0.2988947296318338,0.09255048625622878,0.0
0.28921059954792555,0.07504851050650048,0.0,0.3092133256235756,0.07541437583686435,0.0
0.28921059954792555,0.07504851050650048,0.0,0.29949867659508905,0.05793314729248263,0.0
0.28921059954792555,0.07504851050650048,0.0,0.27889812840568323,0.09218021533911155,0.0
0.2795272696561872,0.0576563909735768,0.0,0.29949867659508905,0.05793314729248263,0.0
0.2795272696561872,0.0576563909735768,0.0,0.2595408539805549,0.0572309374333712,0.0
0.2795272696561872,0.0576563909735768,0.0,0.2898328153172742,0.04101851961012799,0.0
0.2795272696561872,0.0576563909735768,0.0,0.26985327443362717,0.04022778468223351,0.0
0.9275336685899412,0.12206691342026624,0.0,0.9179709859037023,0.13876602468917443,0.0
0.9179709859037023,0.13876602468917443,0.0,0.9080894077640567,0.15490542028313697,0.0
0.2988947296318338,0.09255048625622878,0.0,0.3092133256235756,0.07541437583686435,0.0
0.2988947296318338,0.09255048625622878,0.0,0.28857616446852485,0.10968610333658876,0.0
0.2988947296318338,0.09255048625622878,0.0,0.27889812840568323,0.09218021533911155,0.0
0.3092133256235756,0.07541437583686435,0.0,0.29949867659508905,0.05793314729248263,0.0
0.3092133256235756,0.07541437583686435,0.0,0.3193121558206353,0.05842727624123303,0.0
0.2589015167968819,0.09181030417590845,0.0,0.24922344282546557,0.07430453756181649,0.0
0.2589015167968819,0.09181030417590845,0.0,0.2685795731328846,0.10931609775743231,0.0
0.2589015167968819,0.09181030417590845,0.0,0.23890490198095635,0.09144042113272512,0.0
0.2589015167968819,0.09181030417590845,0.0,0.27889812840568323,0.09218021533911155,0.0
0.2589015167968819,0.09181030417590845,0.0,0.24858297699140997,0.10894621905261259,0.0
0.24922344282546557,0.07430453756181649,0.0,0.23890490198095635,0.09144042113272512,0.0
0.24922344282546557,0.07430453756181649,0.0,0.2292268068891561,0.07393464633651833,0.0
0.24922344282546557,0.07430453756181649,0.0,0.23954534716400924,0.056798823817196566,0.0
0.24922344282546557,0.07430453756181649,0.0,0.2595408539805549,0.0572309374333712,0.0
0.28857616446852485,0.10968610333658876,0.0,0.2685795731328846,0.10931609775743231,0.0
0.28857616446852485,0.10968610333658876,0.0,0.27737627895879263,0.12615445078607948,0.0
0.28857616446852485,0.10968610333658876,0.0,0.27889812840568323,0.09218021533911155,0.0
0.2685795731328846,0.10931609775743231,0.0,0.27737627895879263,0.12615445078607948,0.0
0.2685795731328846,0.10931609775743231,0.0,0.27889812840568323,0.09218021533911155,0.0
0.2685795731328846,0.10931609775743231,0.0,0.24858297699140997,0.10894621905261259,0.0
0.2685795731328846,0.10931609775743231,0.0,0.25707383868607225,0.1256144746485479,0.0
0.27737627895879263,0.12615445078607948,0.0,0.25707383868607225,0.1256144746485479,0.0
0.27737627895879263,0.12615445078607948,0.0,0.26542371606824644,0.1418175035920805,0.0
0.4375998474750318,0.1638757836350362,0.0,0.45759975870863423,0.1640704388983039,0.0
0.4375998474750318,0.1638757836350362,0.0,0.4473724531928197,0.17626651977720617,0.0
0.29949867659508905,0.05793314729248263,0.0,0.3193121558206353,0.05842727624123303,0.0
0.29949867659508905,0.05793314729248263,0.0,0.3098015759150395,0.04132152463624834,0.0
0.29949867659508905,0.05793314729248263,0.0,0.2898328153172742,0.04101851961012799,0.0
0.17891590491992992,0.09028472226969733,0.0,0.18923368242020056,0.07318703512069258,0.0
0.17891590491992992,0.09028472226969733,0.0,0.169237325210784,0.07280250968567882,0.0
0.17891590491992992,0.09028472226969733,0.0,0.15891960286677376,0.08989810917606912,0.0
0.17891590491992992,0.09028472226969733,0.0,0.16860263970471723,0.10713866371355701,0.0
0.17891590491992992,0.09028472226969733,0.0,0.1989116719496837,0.09070048691677325,0.0
0.17891590491992992,0.09028472226969733,0.0,0.18859825173728517,0.10756207691940405,0.0
0.18923368242020056,0.07318703512069258,0.0,0.169237325210784,0.07280250968567882,0.0
0.18923368242020056,0.07318703512069258,0.0,0.19955107282596676,0.05611100700039107,0.0
0.18923368242020056,0.07318703512069258,0.0,0.20923003521767286,0.0735720991217681,0.0
0.18923368242020056,0.07318703512069258,0.0,0.1795570042881169,0.055883911892991196,0.0
0.18923368242020056,0.07318703512069258,0.0,0.1989116719496837,0.09070048691677325,0.0
0.169237325210784,0.07280250968567882,0.0,0.1492405598185521,0.07244053319284861,0.0
0.169237325210784,0.07280250968567882,0.0,0.15891960286677376,0.08989810917606912,0.0
0.169237325210784,0.07280250968567882,0.0,0.1795570042881169,0.055883911892991196,0.0
0.169237325210784,0.07280250968567882,0.0,0.15955880908135975,0.0553158088165846,0.0
0.1389222444179329,0.08956898225561692,0.0,0.1492405598185521,0.07244053319284861,0.0
0.1389222444179329,0.08956898225561692,0.0,0.12924383094735978,0.07207723307109179,0.0
0.1389222444179329,0.08956898225561692,0.0,0.15891960286677376,0.08989810917606912,0.0
0.1389222444179329,0.08956898225561692,0.0,0.14860119060288793,0.10703111894515956,0.0
0.1389222444179329,0.08956898225561692,0.0,0.1286036636718652,0.1067115667009873,0.0
0.1389222444179329,0.08956898225561692,0.0,0.11892537083675214,0.08921409737478292,0.0
0.1492405598185521,0.07244053319284861,0.0,0.12924383094735978,0.07207723307109179,0.0
0.1492405598185521,0.07244053319284861,0.0,0.15891960286677376,0.08989810917606912,0.0
0.1492405598185521,0.07244053319284861,0.0,0.13956220102207367,0.05494505656248705,0.0
0.1492405598185521,0.07244053319284861,0.0,0.15955880908135975,0.0553158088165846,0.0
0.12924383094735978,0.07207723307109179,0.0,0.10924713684733167,0.07171286896966003,0.0
0.12924383094735978,0.07207723307109179,0.0,0.11941004634588721,0.05430948464508662,0.0
0.12924383094735978,0.07207723307109179,0.0,0.13956220102207367,0.05494505656248705,0.0
0.12924383094735978,0.07207723307109179,0.0,0.11892537083675214,0.08921409737478292,0.0
0.10924713684733167,0.07171286896966003,0.0,0.11941004634588721,0.05430948464508662,0.0
0.10924713684733167,0.07171286896966003,0.0,0.09893920126122356,0.05470838375266529,0.0
0.10924713684733167,0.07171286896966003,0.0,0.08914588901531342,0.07151811408627379,0.0
0.10924713684733167,0.07171286896966003,0.0,0.09892870970148354,0.08884832394894472,0.0
0.10924713684733167,0.07171286896966003,0.0,0.11892537083675214,0.08921409737478292,0.0
0.11941004634588721,0.05430948464508662,0.0,0.09893920126122356,0.05470838375266529,0.0
0.11941004634588721,0.05430948464508662,0.0,0.13956220102207367,0.05494505656248705,0.0
0.09893920126122356,0.05470838375266529,0.0,0.08914588901531342,0.07151811408627379,0.0
0.09893920126122356,0.05470838375266529,0.0,0.07957417174147854,0.05438600442443422,0.0
0.22858637938004958,0.10857631071772011,0.0,0.2085897809514803,0.10820633920879595,0.0
0.22858637938004958,0.10857631071772011,0.0,0.23890490198095635,0.09144042113272512,0.0
0.22858637938004958,0.10857631071772011,0.0,0.21890828638705975,0.09107048680991718,0.0
0.22858637938004958,0.10857631071772011,0.0,0.23732169377722967,0.1255161063920654,0.0
0.22858637938004958,0.10857631071772011,0.0,0.24858297699140997,0.10894621905261259,0.0
0.2085897809514803,0.10820633920879595,0.0,0.21890828638705975,0.09107048680991718,0.0
0.2085897809514803,0.10820633920879595,0.0,0.1989116719496837,0.09070048691677325,0.0
0.2085897809514803,0.10820633920879595,0.0,0.18859825173728517,0.10756207691940405,0.0
0.08914588901531342,0.07151811408627379,0.0,0.09892870970148354,0.08884832394894472,0.0
0.08914588901531342,0.07151811408627379,0.0,0.07893212051801526,0.08847935633067679,0.0
0.08914588901531342,0.07151811408627379,0.0,0.06925399524118754,0.07097376719136517,0.0
0.08914588901531342,0.07151811408627379,0.0,0.07957417174147854,0.05438600442443422,0.0
0.2195486896221719,0.05642889765205134,0.0,0.19955107282596676,0.05611100700039107,0.0
0.2195486896221719,0.05642889765205134,0.0,0.20923003521767286,0.0735720991217681,0.0
0.2195486896221719,0.05642889765205134,0.0,0.2292268068891561,0.07393464633651833,0.0
0.2195486896221719,0.05642889765205134,0.0,0.22986722854583141,0.039293134974740664,0.0
0.2195486896221719,0.05642889765205134,0.0,0.20986462932045113,0.0392434438354505,0.0
0.2195486896221719,0.05642889765205134,0.0,0.23954534716400924,0.056798823817196566,0.0
0.19955107282596676,0.05611100700039107,0.0,0.20923003521767286,0.0735720991217681,0.0
0.19955107282596676,0.05611100700039107,0.0,0.1795570042881169,0.055883911892991196,0.0
0.19955107282596676,0.05611100700039107,0.0,0.20986462932045113,0.0392434438354505,0.0
0.19955107282596676,0.05611100700039107,0.0,0.18985976439139937,0.03955199272302983,0.0
0.20923003521767286,0.0735720991217681,0.0,0.21890828638705975,0.09107048680991718,0.0
0.20923003521767286,0.0735720991217681,0.0,0.2292268068891561,0.07393464633651833,0.0
0.20923003521767286,0.0735720991217681,0.0,0.1989116719496837,0.09070048691677325,0.0
0.35831661796931497,0.1281831748014408,0.0,0.3685614697668163,0.11122199470926658,0.0
0.35831661796931497,0.1281831748014408,0.0,0.37824054033723237,0.1286696920699721,0.0
0.35831661796931497,0.1281831748014408,0.0,0.34757149561395406,0.14450739192957646,0.0
0.23890490198095635,0.09144042113272512,0.0,0.21890828638705975,0.09107048680991718,0.0
0.23890490198095635,0.09144042113272512,0.0,0.2292268068891561,0.07393464633651833,0.0
0.23890490198095635,0.09144042113272512,0.0,0.24858297699140997,0.10894621905261259,0.0
0.21890828638705975,0.09107048680991718,0.0,0.2292268068891561,0.07393464633651833,0.0
0.21890828638705975,0.09107048680991718,0.0,0.1989116719496837,0.09070048691677325,0.0
0.2292268068891561,0.07393464633651833,0.0,0.23954534716400924,0.056798823817196566,0.0
0.23732169377722967,0.1255161063920654,0.0,0.24858297699140997,0.10894621905261259,0.0
0.23732169377722967,0.1255161063920654,0.0,0.25707383868607225,0.1256144746485479,0.0
0.23732169377722967,0.1255161063920654,0.0,0.2453322676553826,0.14173371307213953,0.0
0.15891960286677376,0.08989810917606912,0.0,0.14860119060288793,0.10703111894515956,0.0
0.15891960286677376,0.08989810917606912,0.0,0.16860263970471723,0.10713866371355701,0.0
0.14860119060288793,0.10703111894515956,0.0,0.16860263970471723,0.10713866371355701,0.0
0.14860119060288793,0.10703111894515956,0.0,0.1286036636718652,0.1067115667009873,0.0
0.13956220102207367,0.05494505656248705,0.0,0.15955880908135975,0.0553158088165846,0.0
0.13956220102207367,0.05494505656248705,0.0,0.14998409958911862,0.03907106265055161,0.0
0.07829177209137654,0.1231212195281004,0.0,0.0984533465697473,0.12228663442558567,0.0
0.07829177209137654,0.1231212195281004,0.0,0.08861024903155962,0.10598481493729237,0.0
0.07829177209137654,0.1231212195281004,0.0,0.0686136664677206,0.1056153334165349,0.0
0.07829177209137654,0.1231212195281004,0.0,0.0679732846743433,0.1402570953597507,0.0
0.07829177209137654,0.1231212195281004,0.0,0.05829519217991393,0.12275129427465276,0.0
0.0984533465697473,0.12228663442558567,0.0,0.08861024903155962,0.10598481493729237,0.0
0.0984533465697473,0.12228663442558567,0.0,0.10860687489685257,0.10635239158763915,0.0
0.0984533465697473,0.12228663442558567,0.0,0.11829381494733765,0.12338122823405855,0.0
0.0984533465697473,0.12228663442558567,0.0,0.10899159145461702,0.13674251032801665,0.0
0.0479766999364427,0.1398870580914911,0.0,0.05766049695066443,0.15708355242488273,0.0
0.0479766999364427,0.1398870580914911,0.0,0.0679732846743433,0.1402570953597507,0.0
0.0479766999364427,0.1398870580914911,0.0,0.05829519217991393,0.12275129427465276,0.0
0.05766049695066443,0.15708355242488273,0.0,0.0679732846743433,0.1402570953597507,0.0
0.6478910518642675,0.1500750687303337,0.0,0.6278864671471079,0.15013410389567483,0.0
0.6478910518642675,0.1500750687303337,0.0,0.6381960795380104,0.13347794443522748,0.0
0.6478910518642675,0.1500750687303337,0.0,0.6587574311071239,0.16412567525301622,0.0
0.6278864671471079,0.15013410389567483,0.0,0.6381960795380104,0.13347794443522748,0.0
0.6278864671471079,0.15013410389567483,0.0,0.6182140476682986,0.13307010977453554,0.0
0.6278864671471079,0.15013410389567483,0.0,0.6078960123381167,0.1498257902766972,0.0
0.058935559215461925,0.08810957033371662,0.0,0.049686267839925254,0.07056925923499521,0.0
0.058935559215461925,0.08810957033371662,0.0,0.07893212051801526,0.08847935633067679,0.0
0.058935559215461925,0.08810957033371662,0.0,0.0686136664677206,0.1056153334165349,0.0
0.058935559215461925,0.08810957033371662,0.0,0.04861709938575915,0.10524548806309014,0.0
0.058935559215461925,0.08810957033371662,0.0,0.06925399524118754,0.07097376719136517,0.0
0.049686267839925254,0.07056925923499521,0.0,0.06925399524118754,0.07097376719136517,0.0
0.049686267839925254,0.07056925923499521,0.0,0.059632097777958644,0.054287206569879114,0.0
0.3988729304705032,0.09465653557932355,0.0,0.3885583105645639,0.11157765922867702,0.0
0.3988729304705032,0.09465653557932355,0.0,0.3788755294828776,0.09433139254541098,0.0
0.3988729304705032,0.09465653557932355,0.0,0.4085556092077077,0.11190840326061045,0.0
0.3988729304705032,0.09465653557932355,0.0,0.41887371258853784,0.09479852464030923,0.0
0.3885583105645639,0.11157765922867702,0.0,0.3788755294828776,0.09433139254541098,0.0
0.3885583105645639,0.11157765922867702,0.0,0.3685614697668163,0.11122199470926658,0.0
0.3885583105645639,0.11157765922867702,0.0,0.37824054033723237,0.1286696920699721,0.0
0.3885583105645639,0.11157765922867702,0.0,0.4085556092077077,0.11190840326061045,0.0
0.3885583105645639,0.11157765922867702,0.0,0.39823697267338554,0.12904742732506985,0.0
0.3788755294828776,0.09433139254541098,0.0,0.3685614697668163,0.11122199470926658,0.0
0.3788755294828776,0.09433139254541098,0.0,0.3588834376038702,0.09371870130284542,0.0
0.3685614697668163,0.11122199470926658,0.0,0.37824054033723237,0.1286696920699721,0.0
0.3685614697668163,0.11122199470926658,0.0,0.3588834376038702,0.09371870130284542,0.0
0.37824054033723237,0.1286696920699721,0.0,0.39823697267338554,0.12904742732506985,0.0
0.37824054033723237,0.1286696920699721,0.0,0.38792439750428404,0.14617339647462035,0.0
0.16860263970471723,0.10713866371355701,0.0,0.18859825173728517,0.10756207691940405,0.0
0.09892870970148354,0.08884832394894472,0.0,0.08861024903155962,0.10598481493729237,0.0
0.09892870970148354,0.08884832394894472,0.0,0.07893212051801526,0.08847935633067679,0.0
0.09892870970148354,0.08884832394894472,0.0,0.11892537083675214,0.08921409737478292,0.0
0.09892870970148354,0.08884832394894472,0.0,0.10860687489685257,0.10635239158763915,0.0
0.08861024903155962,0.10598481493729237,0.0,0.07893212051801526,0.08847935633067679,0.0
0.08861024903155962,0.10598481493729237,0.0,0.0686136664677206,0.1056153334165349,0.0
0.08861024903155962,0.10598481493729237,0.0,0.10860687489685257,0.10635239158763915,0.0
0.07893212051801526,0.08847935633067679,0.0,0.0686136664677206,0.1056153334165349,0.0
0.07893212051801526,0.08847935633067679,0.0,0.06925399524118754,0.07097376719136517,0.0
0.0686136664677206,0.1056153334165349,0.0,0.04861709938575915,0.10524548806309014,0.0
0.0686136664677206,0.1056153334165349,0.0,0.05829519217991393,0.12275129427465276,0.0
0.1795570042881169,0.055883911892991196,0.0,0.15955880908135975,0.0553158088165846,0.0
0.1795570042881169,0.055883911892991196,0.0,0.16988726473866264,0.03933396383132506,0.0
0.1795570042881169,0.055883911892991196,0.0,0.18985976439139937,0.03955199272302983,0.0
0.04861709938575915,0.10524548806309014,0.0,0.05829519217991393,0.12275129427465276,0.0
0.22986722854583141,0.039293134974740664,0.0,0.20986462932045113,0.0392434438354505,0.0
0.22986722854583141,0.039293134974740664,0.0,0.23954534716400924,0.056798823817196566,0.0
0.22986722854583141,0.039293134974740664,0.0,0.24985700314138187,0.04003660091904558,0.0
0.20986462932045113,0.0392434438354505,0.0,0.18985976439139937,0.03955199272302983,0.0
0.20986462932045113,0.0392434438354505,0.0,0.19992586246503263,0.02437674071747247,0.0
0.23954534716400924,0.056798823817196566,0.0,0.2595408539805549,0.0572309374333712,0.0
0.23954534716400924,0.056798823817196566,0.0,0.24985700314138187,0.04003660091904558,0.0
0.3193121558206353,0.05842727624123303,0.0,0.3098015759150395,0.04132152463624834,0.0
0.3098015759150395,0.04132152463624834,0.0,0.2898328153172742,0.04101851961012799,0.0
0.43887037429286324,0.09516363102707888,0.0,0.45886729222769645,0.09551088660306019,0.0
0.43887037429286324,0.09516363102707888,0.0,0.41887371258853784,0.09479852464030923,0.0
0.45886729222769645,0.09551088660306019,0.0,0.46854600509216293,0.11301247694770174,0.0
0.45886729222769645,0.09551088660306019,0.0,0.46917755357266744,0.07837324325166782,0.0
0.1286036636718652,0.1067115667009873,0.0,0.11892537083675214,0.08921409737478292,0.0
0.1286036636718652,0.1067115667009873,0.0,0.10860687489685257,0.10635239158763915,0.0
0.1286036636718652,0.1067115667009873,0.0,0.11829381494733765,0.12338122823405855,0.0
0.11892537083675214,0.08921409737478292,0.0,0.10860687489685257,0.10635239158763915,0.0
0.06925399524118754,0.07097376719136517,0.0,0.059632097777958644,0.054287206569879114,0.0
0.06925399524118754,0.07097376719136517,0.0,0.07957417174147854,0.05438600442443422,0.0
0.0679732846743433,0.1402570953597507,0.0,0.05829519217991393,0.12275129427465276,0.0
0.059632097777958644,0.054287206569879114,0.0,0.07957417174147854,0.05438600442443422,0.0
0.6381960795380104,0.13347794443522748,0.0,0.6182140476682986,0.13307010977453554,0.0
0.2595408539805549,0.0572309374333712,0.0,0.24985700314138187,0.04003660091904558,0.0
0.2595408539805549,0.0572309374333712,0.0,0.26985327443362717,0.04022778468223351,0.0
0.4085556092077077,0.11190840326061045,0.0,0.41887371258853784,0.09479852464030923,0.0
0.4085556092077077,0.11190840326061045,0.0,0.39823697267338554,0.12904742732506985,0.0
0.1989116719496837,0.09070048691677325,0.0,0.18859825173728517,0.10756207691940405,0.0
0.10860687489685257,0.10635239158763915,0.0,0.11829381494733765,0.12338122823405855,0.0
0.11829381494733765,0.12338122823405855,0.0,0.10899159145461702,0.13674251032801665,0.0
0.11829381494733765,0.12338122823405855,0.0,0.12743454724198194,0.13528140420801596,0.0
0.15955880908135975,0.0553158088165846,0.0,0.14998409958911862,0.03907106265055161,0.0
0.15955880908135975,0.0553158088165846,0.0,0.16988726473866264,0.03933396383132506,0.0
0.14998409958911862,0.03907106265055161,0.0,0.16988726473866264,0.03933396383132506,0.0
0.14998409958911862,0.03907106265055161,0.0,0.14102429642530442,0.026081404754682392,0.0
0.14998409958911862,0.03907106265055161,0.0,0.1597015268476979,0.02574930453604989,0.0
0.16988726473866264,0.03933396383132506,0.0,0.18985976439139937,0.03955199272302983,0.0
0.16988726473866264,0.03933396383132506,0.0,0.17945586330859678,0.02484497022924277,0.0
0.16988726473866264,0.03933396383132506,0.0,0.1597015268476979,0.02574930453604989,0.0
0.24858297699140997,0.10894621905261259,0.0,0.25707383868607225,0.1256144746485479,0.0
0.24985700314138187,0.04003660091904558,0.0,0.26985327443362717,0.04022778468223351,0.0
0.39823697267338554,0.12904742732506985,0.0,0.38792439750428404,0.14617339647462035,0.0
0.39823697267338554,0.12904742732506985,0.0,0.407836342778974,0.14637428886393697,0.0
0.25707383868607225,0.1256144746485479,0.0,0.2453322676553826,0.14173371307213953,0.0
0.25707383868607225,0.1256144746485479,0.0,0.26542371606824644,0.1418175035920805,0.0
0.18985976439139937,0.03955199272302983,0.0,0.19992586246503263,0.02437674071747247,0.0
0.18985976439139937,0.03955199272302983,0.0,0.17945586330859678,0.02484497022924277,0.0
0.38792439750428404,0.14617339647462035,0.0,0.407836342778974,0.14637428886393697,0.0
0.2898328153172742,0.04101851961012799,0.0,0.26985327443362717,0.04022778468223351,0.0
0.5878919562952118,0.14980031762364304,0.0,0.6078960123381167,0.1498257902766972,0.0
0.5878919562952118,0.14980031762364304,0.0,0.5782684110233555,0.1322851781156649,0.0
0.5878919562952118,0.14980031762364304,0.0,0.5678878284017815,0.14950318692120973,0.0
0.6182140476682986,0.13307010977453554,0.0,0.6078960123381167,0.1498257902766972,0.0
0.45759975870863423,0.1640704388983039,0.0,0.4473724531928197,0.17626651977720617,0.0
0.45759975870863423,0.1640704388983039,0.0,0.467360853921455,0.17707923519766983,0.0
1.0,0.08997796298667897,0.0,1.0,0.06997411416876785,0.0
1.0,0.08997796298667897,0.0,0.9827807088733731,0.08011519613509133,0.0
1.0,0.049970209617920466,0.0,1.0,0.06997411416876785,0.0
1.0,0.049970209617920466,0.0,0.9832148633779474,0.06089950297535357,0.0
1.0,0.049970209617920466,0.0,1.0,0.029966239096917743,0.0
1.0,0.06997411416876785,0.0,0.9832148633779474,0.06089950297535357,0.0
1.0,0.06997411416876785,0.0,0.9827807088733731,0.08011519613509133,0.0
0.9832148633779474,0.06089950297535357,0.0,0.9827807088733731,0.08011519613509133,0.0
0.5782684110233555,0.1322851781156649,0.0,0.5678878284017815,0.14950318692120973,0.0
0.5678878284017815,0.14950318692120973,0.0,0.5478967321363046,0.14906237871210898,0.0
0.5678878284017815,0.14950318692120973,0.0,0.5574400501264276,0.16496825373253862,0.0
0.497579544649832,0.16552900160864298,0.0,0.4873431745079391,0.17822094041278963,0.0
0.497579544649832,0.16552900160864298,0.0,0.5074984680943254,0.1786903841751912,0.0
0.5382305031807497,0.13161772441931624,0.0,0.5478967321363046,0.14906237871210898,0.0
0.5478967321363046,0.14906237871210898,0.0,0.5574400501264276,0.16496825373253862,0.0
0.5574400501264276,0.16496825373253862,0.0,0.564992184820964,0.17852415596716134,0.0
0.5574400501264276,0.16496825373253862,0.0,0.5473785758588391,0.1786483739666536,0.0
0.46917755357266744,0.07837324325166782,0.0,0.47948362852596904,0.06125043572464806,0.0
0.1210869609059415,0.14970616082220772,0.0,0.10899159145461702,0.13674251032801665,0.0
0.1210869609059415,0.14970616082220772,0.0,0.12743454724198194,0.13528140420801596,0.0
0.9179681868200376,0.03906794394652897,0.0,0.9097728767656846,0.021314547158062327,0.0
0.9179681868200376,0.03906794394652897,0.0,0.9295446263312467,0.02343312653683208,0.0
0.9097728767656846,0.021314547158062327,0.0,0.9295446263312467,0.02343312653683208,0.0
0.9097728767656846,0.021314547158062327,0.0,0.9018966624236765,0.0032780082502021327,0.0
0.9097728767656846,0.021314547158062327,0.0,0.9214520687707893,0.005473512459857325,0.0
0.1449658143870494,0.18028853638818076,0.0,0.1372078753933555,0.1984719233079192,0.0
0.1449658143870494,0.18028853638818076,0.0,0.1567512396874989,0.1961150489967212,0.0
0.9295446263312467,0.02343312653683208,0.0,0.9214520687707893,0.005473512459857325,0.0
0.2549212071454445,0.1900191158946087,0.0,0.2352375608496372,0.1901715774166525,0.0
0.2352375608496372,0.1901715774166525,0.0,0.2155675444190997,0.1909215933815534,0.0
0.4903279596890841,0.009888374505536902,0.0,0.5100054441112712,0.009883207590302813,0.0
0.5100054441112712,0.009883207590302813,0.0,0.5296735842864945,0.00927492078946601,0.0
0.020008434011327854,0.00964770984493493,0.0,0.039665348793538606,0.008745373468802999,0.0
0.020008434011327854,0.00964770984493493,0.0,0.00033344396030164425,0.009962060422004052,0.0
0.020008434011327854,0.00964770984493493,0.0,0.014572667610424682,0.02395117883645852,0.0
0.039665348793538606,0.008745373468802999,0.0,0.05929092070988418,0.007312494573425542,0.0
0.10578078408350974,0.18550671288217313,0.0,0.1176755593694548,0.2009191173322832,0.0
0.10578078408350974,0.18550671288217313,0.0,0.09813655032930213,0.2033120093872453,0.0
0.2155675444190997,0.1909215933815534,0.0,0.1959260328513177,0.1922212147213933,0.0
0.5296735842864945,0.00927492078946601,0.0,0.5493163291633192,0.008102482369660598,0.0
0.1176755593694548,0.2009191173322832,0.0,0.1372078753933555,0.1984719233079192,0.0
0.1176755593694548,0.2009191173322832,0.0,0.09813655032930213,0.2033120093872453,0.0
0.1372078753933555,0.1984719233079192,0.0,0.1567512396874989,0.1961150489967212,0.0
3.334444814934153e-05,0.1899964547439535,0.0,0.014343831667695548,0.17475992274355703,0.0
3.334444814934153e-05,0.1899964547439535,0.0,0.011954370906521293,0.1977539546482182,0.0
3.334444814934153e-05,0.1899964547439535,0.0,4.52306300886396e-25,0.21,0.0
0.1959260328513177,0.1922212147213933,0.0,0.1763208908223542,0.1939886762133007,0.0
0.6861187615548019,0.1930527247722307,0.0,0.6724328096617164,0.17774162458809195,0.0
0.6861187615548019,0.1930527247722307,0.0,0.6665320285254098,0.1950146595390509,0.0
0.6724328096617164,0.17774162458809195,0.0,0.6665320285254098,0.1950146595390509,0.0
0.6724328096617164,0.17774162458809195,0.0,0.6531431479178181,0.18098302614472633,0.0
0.6724328096617164,0.17774162458809195,0.0,0.6587574311071239,0.16412567525301622,0.0
0.3530228816138251,0.1972732469543295,0.0,0.3725585682950345,0.1996932487804034,0.0
0.1763208908223542,0.1939886762133007,0.0,0.1567512396874989,0.1961150489967212,0.0
0.6079079889629149,0.2021313692806051,0.0,0.6274414338011367,0.1996932485171144,0.0
0.6079079889629149,0.2021313692806051,0.0,0.5883592993452134,0.204443428867555,0.0
0.6274414338011367,0.1996932485171144,0.0,0.6469771203754761,0.1972732467138197,0.0
0.8823244412923026,0.2009191174150899,0.0,0.901863450217593,0.2033120094520914,0.0
0.8823244412923026,0.2009191174150899,0.0,0.8772077608713584,0.18708009326148384,0.0
0.901863450217593,0.2033120094520914,0.0,0.921425379683128,0.2055086350647987,0.0
0.6469771203754761,0.1972732467138197,0.0,0.6665320285254098,0.1950146595390509,0.0
0.6469771203754761,0.1972732467138197,0.0,0.6531431479178181,0.18098302614472633,0.0
0.6665320285254098,0.1950146595390509,0.0,0.6531431479178181,0.18098302614472633,0.0
0.6531431479178181,0.18098302614472633,0.0,0.6587574311071239,0.16412567525301622,0.0
0.07857462076905876,0.2055086350173741,0.0,0.09813655032930213,0.2033120093872453,0.0
0.07857462076905876,0.2055086350173741,0.0,0.05897878113556556,0.2073769316422593,0.0
0.4312186625324201,0.2064914855210821,0.0,0.4508331653730723,0.2081512657305875,0.0
0.4312186625324201,0.2064914855210821,0.0,0.4400158055901142,0.19163629045667585,0.0
0.568781339891721,0.2064914852893641,0.0,0.5883592993452134,0.204443428867555,0.0
0.568781339891721,0.2064914852893641,0.0,0.5491668371792392,0.2081512655447921,0.0
0.568781339891721,0.2064914852893641,0.0,0.5575773493263982,0.19081206955417046,0.0
0.921425379683128,0.2055086350647987,0.0,0.9410212191544387,0.2073769316668632,0.0
0.9410212191544387,0.2073769316668632,0.0,0.9509069444788286,0.19540522121268597,0.0
0.03934595430376511,0.2088023656195966,0.0,0.05897878113556556,0.2073769316422593,0.0
0.03934595430376511,0.2088023656195966,0.0,0.01968189381931244,0.2096956954280177,0.0
0.4508331653730723,0.2081512657305875,0.0,0.4704828605194097,0.2093199306346598,0.0
0.4508331653730723,0.2081512657305875,0.0,0.45988284851709044,0.1924661099745666,0.0
0.4508331653730723,0.2081512657305875,0.0,0.4400158055901142,0.19163629045667585,0.0
0.4704828605194097,0.2093199306346598,0.0,0.45988284851709044,0.1924661099745666,0.0
0.4704828605194097,0.2093199306346598,0.0,0.4901578846305079,0.2099236141418919,0.0
0.4704828605194097,0.2093199306346598,0.0,0.4790569811962339,0.19346960928360177,0.0
0.45988284851709044,0.1924661099745666,0.0,0.4400158055901142,0.19163629045667585,0.0
0.45988284851709044,0.1924661099745666,0.0,0.4473724531928197,0.17626651977720617,0.0
0.45988284851709044,0.1924661099745666,0.0,0.4790569811962339,0.19346960928360177,0.0
0.45988284851709044,0.1924661099745666,0.0,0.467360853921455,0.17707923519766983,0.0
0.5295171421655228,0.2093199305123607,0.0,0.5491668371792392,0.2081512655447921,0.0
0.5295171421655228,0.2093199305123607,0.0,0.5383415315377013,0.19247044026625315,0.0
0.5295171421655228,0.2093199305123607,0.0,0.5098421182743784,0.209923614096859,0.0
0.5295171421655228,0.2093199305123607,0.0,0.5185821752851145,0.19382893216857616,0.0
0.5491668371792392,0.2081512655447921,0.0,0.5383415315377013,0.19247044026625315,0.0
0.5491668371792392,0.2081512655447921,0.0,0.5575773493263982,0.19081206955417046,0.0
0.5383415315377013,0.19247044026625315,0.0,0.5575773493263982,0.19081206955417046,0.0
0.5383415315377013,0.19247044026625315,0.0,0.5185821752851145,0.19382893216857616,0.0
0.5383415315377013,0.19247044026625315,0.0,0.5274549892624897,0.1790584314161424,0.0
0.5383415315377013,0.19247044026625315,0.0,0.5473785758588391,0.1786483739666536,0.0
0.4901578846305079,0.2099236141418919,0.0,0.5098421182743784,0.209923614096859,0.0
0.4901578846305079,0.2099236141418919,0.0,0.4991142771704802,0.19380790697756647,0.0
0.4901578846305079,0.2099236141418919,0.0,0.4790569811962339,0.19346960928360177,0.0
0.5098421182743784,0.209923614096859,0.0,0.4991142771704802,0.19380790697756647,0.0
0.5098421182743784,0.209923614096859,0.0,0.5185821752851145,0.19382893216857616,0.0
0.4991142771704802,0.19380790697756647,0.0,0.4790569811962339,0.19346960928360177,0.0
0.4991142771704802,0.19380790697756647,0.0,0.5185821752851145,0.19382893216857616,0.0
0.4991142771704802,0.19380790697756647,0.0,0.4873431745079391,0.17822094041278963,0.0
0.4991142771704802,0.19380790697756647,0.0,0.5074984680943254,0.1786903841751912,0.0
0.1179667302528167,0.000844729919989222,0.0,0.13749262090864203,-0.0016013720801493938,0.0
0.1179667302528167,0.000844729919989222,0.0,0.09843446174033577,0.00323872368629137,0.0
0.13749262090864203,-0.0016013720801493938,0.0,0.1570298451314104,-0.003955117892230158,0.0
0.13749262090864203,-0.0016013720801493938,0.0,0.14927206765826173,0.01391473154790373,0.0
0.37276691860903527,-0.00031852713569582934,0.0,0.3532377924963378,-0.00273869845374259,0.0
0.8823641357148588,0.0008861374936674132,0.0,0.9018966624236765,0.0032780082502021327,0.0
0.9018966624236765,0.0032780082502021327,0.0,0.9214520687707893,0.005473512459857325,0.0
0.3336895875501923,-0.0049991014039240285,0.0,0.3532377924963378,-0.00273869845374259,0.0
0.3336895875501923,-0.0049991014039240285,0.0,0.31410965228361787,-0.006964501959155299,0.0
0.07887955339140472,0.005438692327914869,0.0,0.09843446174033577,0.00323872368629137,0.0
0.07887955339140472,0.005438692327914869,0.0,0.05929092070988418,0.007312494573425542,0.0
0.1570298451314104,-0.003955117892230158,0.0,0.17659355410819255,-0.006076581229490767,0.0
0.1570298451314104,-0.003955117892230158,0.0,0.16858559729510453,0.011249660521607908,0.0
0.1570298451314104,-0.003955117892230158,0.0,0.14927206765826173,0.01391473154790373,0.0
0.17659355410819255,-0.006076581229490767,0.0,0.16858559729510453,0.011249660521607908,0.0
0.17659355410819255,-0.006076581229490767,0.0,0.1961928313852952,-0.00783769986681286,0.0
0.17659355410819255,-0.006076581229490767,0.0,0.18823010944677104,0.009079264744320558,0.0
0.16858559729510453,0.011249660521607908,0.0,0.14927206765826173,0.01391473154790373,0.0
0.16858559729510453,0.011249660521607908,0.0,0.18823010944677104,0.009079264744320558,0.0
0.16858559729510453,0.011249660521607908,0.0,0.17945586330859678,0.02484497022924277,0.0
0.16858559729510453,0.011249660521607908,0.0,0.1597015268476979,0.02574930453604989,0.0
0.29449268409548257,-0.008515147392608197,0.0,0.31410965228361787,-0.006964501959155299,0.0
0.29449268409548257,-0.008515147392608197,0.0,0.27484215444441823,-0.009554540708103656,0.0
0.1961928313852952,-0.00783769986681286,0.0,0.21582842408719424,-0.009129975470486443,0.0
0.1961928313852952,-0.00783769986681286,0.0,0.20774393770492947,0.008003278684804542,0.0
0.1961928313852952,-0.00783769986681286,0.0,0.18823010944677104,0.009079264744320558,0.0
0.21582842408719424,-0.009129975470486443,0.0,0.20774393770492947,0.008003278684804542,0.0
0.21582842408719424,-0.009129975470486443,0.0,0.23549235741622623,-0.009872137645699735,0.0
0.20774393770492947,0.008003278684804542,0.0,0.18823010944677104,0.009079264744320558,0.0
0.20774393770492947,0.008003278684804542,0.0,0.19992586246503263,0.02437674071747247,0.0
0.980324850085396,0.009658044733053539,0.0,1.0,0.009962148102973961,0.0
0.980324850085396,0.009658044733053539,0.0,0.9855625554737302,0.024219051113467612,0.0
0.23549235741622623,-0.009872137645699735,0.0,0.25516969278594714,-0.010016762995608905,0.0
0.25516969278594714,-0.010016762995608905,0.0,0.27484215444441823,-0.009554540708103656,0.0
1.0,0.029966239096917743,0.0,1.0,0.009962148102973961,0.0
1.0,0.029966239096917743,0.0,0.9855625554737302,0.024219051113467612,0.0
0.01968189381931244,0.2096956954280177,0.0,0.011954370906521293,0.1977539546482182,0.0
0.01968189381931244,0.2096956954280177,0.0,4.52306300886396e-25,0.21,0.0
0.6349857840605099,0.06923152019935966,0.0,0.6277847177438317,0.08558650620802626,0.0
0.14927206765826173,0.01391473154790373,0.0,0.14102429642530442,0.026081404754682392,0.0
0.14927206765826173,0.01391473154790373,0.0,0.1597015268476979,0.02574930453604989,0.0
0.4400158055901142,0.19163629045667585,0.0,0.4473724531928197,0.17626651977720617,0.0
0.4473724531928197,0.17626651977720617,0.0,0.467360853921455,0.17707923519766983,0.0
0.011954370906521293,0.1977539546482182,0.0,4.52306300886396e-25,0.21,0.0
0.18823010944677104,0.009079264744320558,0.0,0.19992586246503263,0.02437674071747247,0.0
0.18823010944677104,0.009079264744320558,0.0,0.17945586330859678,0.02484497022924277,0.0
0.5575773493263982,0.19081206955417046,0.0,0.564992184820964,0.17852415596716134,0.0
0.5575773493263982,0.19081206955417046,0.0,0.5473785758588391,0.1786483739666536,0.0
0.34757149561395406,0.14450739192957646,0.0,0.3275052469392708,0.14340618415198642,0.0
0.4790569811962339,0.19346960928360177,0.0,0.4873431745079391,0.17822094041278963,0.0
0.4790569811962339,0.19346960928360177,0.0,0.467360853921455,0.17707923519766983,0.0
0.5185821752851145,0.19382893216857616,0.0,0.5074984680943254,0.1786903841751912,0.0
0.5185821752851145,0.19382893216857616,0.0,0.5274549892624897,0.1790584314161424,0.0
0.2453322676553826,0.14173371307213953,0.0,0.26542371606824644,0.1418175035920805,0.0
0.4873431745079391,0.17822094041278963,0.0,0.467360853921455,0.17707923519766983,0.0
0.4873431745079391,0.17822094041278963,0.0,0.5074984680943254,0.1786903841751912,0.0
0.19992586246503263,0.02437674071747247,0.0,0.17945586330859678,0.02484497022924277,0.0
1.0,0.009962148102973961,0.0,0.9855625554737302,0.024219051113467612,0.0
0.00033344396030164425,0.009962060422004052,0.0,0.014572667610424682,0.02395117883645852,0.0
0.10899159145461702,0.13674251032801665,0.0,0.12743454724198194,0.13528140420801596,0.0
0.6277847177438317,0.08558650620802626,0.0,0.6084377923705914,0.08515665065284894,0.0
0.17945586330859678,0.02484497022924277,0.0,0.1597015268476979,0.02574930453604989,0.0
0.5074984680943254,0.1786903841751912,0.0,0.5274549892624897,0.1790584314161424,0.0
0.564992184820964,0.17852415596716134,0.0,0.5473785758588391,0.1786483739666536,0.0
0.5274549892624897,0.1790584314161424,0.0,0.5473785758588391,0.1786483739666536,0.0
0.14102429642530442,0.026081404754682392,0.0,0.1597015268476979,0.02574930453604989,0.0
