start:0,start:1,start:2,end:0,end:1,end:2
0.7928142787575825,0.010655734732634979,0.0,0.8007614300219876,0.031708570468383865,0.0
0.7928142787575825,0.010655734732634979,0.0,0.7806901874015487,0.03128783955799413,0.0
0.7928142787575825,0.010655734732634979,0.0,0.7845042916030119,-0.009076610912826414,0.0
0.7928142787575825,0.010655734732634979,0.0,0.7734257817346414,0.011454258895082873,0.0
0.7928142787575825,0.010655734732634979,0.0,0.8041391695412684,-0.00777562790261456,0.0
0.7928142787575825,0.010655734732634979,0.0,0.8121639214852941,0.013083245468976068,0.0
0.8007614300219876,0.031708570468383865,0.0,0.7806901874015487,0.03128783955799413,0.0
0.8007614300219876,0.031708570468383865,0.0,0.8121639214852941,0.013083245468976068,0.0
0.8007614300219876,0.031708570468383865,0.0,0.8200867439556461,0.03291139843072714,0.0
0.8007614300219876,0.031708570468383865,0.0,0.7898796701209446,0.04954622634091698,0.0
0.8007614300219876,0.031708570468383865,0.0,0.8097652953936443,0.050056801557661804,0.0
0.7806901874015487,0.03128783955799413,0.0,0.7734257817346414,0.011454258895082873,0.0
0.7806901874015487,0.03128783955799413,0.0,0.7708734737332993,0.04908079100683704,0.0
0.7806901874015487,0.03128783955799413,0.0,0.7605859437842035,0.030262141662551544,0.0
0.7806901874015487,0.03128783955799413,0.0,0.7898796701209446,0.04954622634091698,0.0
0.6934932507561684,0.17133212184325955,0.0,0.6878672992972409,0.15173187601282861,0.0
0.6934932507561684,0.17133212184325955,0.0,0.707863880265566,0.15210166818073997,0.0
0.6934932507561684,0.17133212184325955,0.0,0.7155545667213637,0.17162846914466395,0.0
0.6934932507561684,0.17133212184325955,0.0,0.7057425391897695,0.1915070909240959,0.0
0.6934932507561684,0.17133212184325955,0.0,0.677254670824865,0.1626948426973943,0.0
0.6934932507561684,0.17133212184325955,0.0,0.6861187615548019,0.1930527247722307,0.0
0.6934932507561684,0.17133212184325955,0.0,0.6724327746460743,0.17774471161279579,0.0
0.6878672992972409,0.15173187601282861,0.0,0.707863880265566,0.15210166818073997,0.0
0.6878672992972409,0.15173187601282861,0.0,0.677254670824865,0.1626948426973943,0.0
0.6878672992972409,0.15173187601282861,0.0,0.6781890436177469,0.13424165645594888,0.0
0.6878672992972409,0.15173187601282861,0.0,0.6678797563087615,0.15087338146681084,0.0
0.6878672992972409,0.15173187601282861,0.0,0.6981854003596767,0.13462347968511335,0.0
0.707863880265566,0.15210166818073997,0.0,0.7155545667213637,0.17162846914466395,0.0
0.707863880265566,0.15210166818073997,0.0,0.7273261261123218,0.1529912037271188,0.0
0.707863880265566,0.15210166818073997,0.0,0.6981854003596767,0.13462347968511335,0.0
0.707863880265566,0.15210166818073997,0.0,0.7180920225542813,0.1349185158446783,0.0
0.37471826880662423,0.05704944404171927,0.0,0.3692029451080431,0.07654448948081506,0.0
0.37471826880662423,0.05704944404171927,0.0,0.38794983226087476,0.07642119142004106,0.0
0.37471826880662423,0.05704944404171927,0.0,0.3978682014198369,0.0585551545125798,0.0
0.37471826880662423,0.05704944404171927,0.0,0.35448062206634184,0.049592988636386684,0.0
0.37471826880662423,0.05704944404171927,0.0,0.38776003184036567,0.03904984145548672,0.0
0.37471826880662423,0.05704944404171927,0.0,0.36845130511389174,0.03537427932775122,0.0
0.37471826880662423,0.05704944404171927,0.0,0.3594157001970275,0.06494673728232009,0.0
0.3692029451080431,0.07654448948081506,0.0,0.38794983226087476,0.07642119142004106,0.0
0.3692029451080431,0.07654448948081506,0.0,0.34900435999794255,0.07727263361728219,0.0
0.3692029451080431,0.07654448948081506,0.0,0.3788753897723658,0.0943504043429605,0.0
0.3692029451080431,0.07654448948081506,0.0,0.35888330332681473,0.0937375300713927,0.0
0.3692029451080431,0.07654448948081506,0.0,0.3594157001970275,0.06494673728232009,0.0
0.38794983226087476,0.07642119142004106,0.0,0.3978682014198369,0.0585551545125798,0.0
0.38794983226087476,0.07642119142004106,0.0,0.40816139559455067,0.07735187934012253,0.0
0.38794983226087476,0.07642119142004106,0.0,0.39887279310263113,0.09467577748683438,0.0
0.38794983226087476,0.07642119142004106,0.0,0.3788753897723658,0.0943504043429605,0.0
0.08528950333852113,0.18858819928348344,0.0,0.06733281436543033,0.17490409320129582,0.0
0.08528950333852113,0.18858819928348344,0.0,0.09441303066980902,0.1701776495014454,0.0
0.08528950333852113,0.18858819928348344,0.0,0.06788652922139264,0.19310133753959896,0.0
0.08528950333852113,0.18858819928348344,0.0,0.10578074679991824,0.18550969334390807,0.0
0.08528950333852113,0.18858819928348344,0.0,0.07857462076905876,0.2055086350173741,0.0
0.08528950333852113,0.18858819928348344,0.0,0.09813655032930213,0.2033120093872453,0.0
0.06733281436543033,0.17490409320129582,0.0,0.09441303066980902,0.1701776495014454,0.0
0.06733281436543033,0.17490409320129582,0.0,0.07877760043947502,0.15657094028758298,0.0
0.06733281436543033,0.17490409320129582,0.0,0.049256925112136404,0.18912883099346997,0.0
0.06733281436543033,0.17490409320129582,0.0,0.048527402338727946,0.17007890892839192,0.0
0.06733281436543033,0.17490409320129582,0.0,0.06788652922139264,0.19310133753959896,0.0
0.06733281436543033,0.17490409320129582,0.0,0.05766047445643583,0.15709225048315117,0.0
0.09441303066980902,0.1701776495014454,0.0,0.07877760043947502,0.15657094028758298,0.0
0.09441303066980902,0.1701776495014454,0.0,0.10142179350192147,0.15260906146089762,0.0
0.09441303066980902,0.1701776495014454,0.0,0.11376093318582664,0.16727914830607699,0.0
0.09441303066980902,0.1701776495014454,0.0,0.10578074679991824,0.18550969334390807,0.0
0.15827812749270367,0.12461501249251651,0.0,0.14137003817050253,0.14459509309845786,0.0
0.15827812749270367,0.12461501249251651,0.0,0.13828154571058784,0.12424521875447296,0.0
0.15827812749270367,0.12461501249251651,0.0,0.16203870443453508,0.14379211190169588,0.0
0.15827812749270367,0.12461501249251651,0.0,0.1763537973594286,0.12505301339252728,0.0
0.15827812749270367,0.12461501249251651,0.0,0.14860126774730578,0.10704744769739169,0.0
0.15827812749270367,0.12461501249251651,0.0,0.16860270461749968,0.10715470029493196,0.0
0.14137003817050253,0.14459509309845786,0.0,0.13828154571058784,0.12424521875447296,0.0
0.14137003817050253,0.14459509309845786,0.0,0.16203870443453508,0.14379211190169588,0.0
0.14137003817050253,0.14459509309845786,0.0,0.15290667030153857,0.16209410734492408,0.0
0.14137003817050253,0.14459509309845786,0.0,0.13298568425909635,0.1643417371306776,0.0
0.14137003817050253,0.14459509309845786,0.0,0.12108692976435624,0.14971524063829256,0.0
0.14137003817050253,0.14459509309845786,0.0,0.12743454447369246,0.13529296873442756,0.0
0.13828154571058784,0.12424521875447296,0.0,0.14860126774730578,0.10704744769739169,0.0
0.13828154571058784,0.12424521875447296,0.0,0.1286037503115818,0.10672824526757231,0.0
0.13828154571058784,0.12424521875447296,0.0,0.11829384650712797,0.1233950691887234,0.0
0.13828154571058784,0.12424521875447296,0.0,0.12743454447369246,0.13529296873442756,0.0
0.12984877765424463,0.01656756291438696,0.0,0.12895125079788888,0.03587050427448139,0.0
0.12984877765424463,0.01656756291438696,0.0,0.11190242975686544,0.019382489897637478,0.0
0.12984877765424463,0.01656756291438696,0.0,0.11796745717401343,0.000880588330810991,0.0
0.12984877765424463,0.01656756291438696,0.0,0.13749332212606352,-0.0015655128188391259,0.0
0.12984877765424463,0.01656756291438696,0.0,0.14927262222875928,0.013947628597473165,0.0
0.12984877765424463,0.01656756291438696,0.0,0.14102479601207574,0.02611230779491132,0.0
0.12895125079788888,0.03587050427448139,0.0,0.11190242975686544,0.019382489897637478,0.0
0.12895125079788888,0.03587050427448139,0.0,0.1063085870797558,0.03735662836305026,0.0
0.12895125079788888,0.03587050427448139,0.0,0.11941039142775678,0.054335711663734625,0.0
0.12895125079788888,0.03587050427448139,0.0,0.1395625265787907,0.05497084930130994,0.0
0.12895125079788888,0.03587050427448139,0.0,0.149984498956464,0.0390995122308643,0.0
0.12895125079788888,0.03587050427448139,0.0,0.14102479601207574,0.02611230779491132,0.0
0.11190242975686544,0.019382489897637478,0.0,0.1063085870797558,0.03735662836305026,0.0
0.11190242975686544,0.019382489897637478,0.0,0.0899033377261136,0.022345073059850288,0.0
0.11190242975686544,0.019382489897637478,0.0,0.11796745717401343,0.000880588330810991,0.0
0.11190242975686544,0.019382489897637478,0.0,0.09843516990378016,0.0032745816704755383,0.0
0.07877760043947502,0.15657094028758298,0.0,0.10142179350192147,0.15260906146089762,0.0
0.07877760043947502,0.15657094028758298,0.0,0.08886192763106984,0.13870671505331394,0.0
0.07877760043947502,0.15657094028758298,0.0,0.05766047445643583,0.15709225048315117,0.0
0.07877760043947502,0.15657094028758298,0.0,0.06797327979125649,0.14026863046581653,0.0
0.1063085870797558,0.03735662836305026,0.0,0.0899033377261136,0.022345073059850288,0.0
0.1063085870797558,0.03735662836305026,0.0,0.08901715017890635,0.04103307944786107,0.0
0.1063085870797558,0.03735662836305026,0.0,0.11941039142775678,0.054335711663734625,0.0
0.1063085870797558,0.03735662836305026,0.0,0.09893953661787563,0.05473486383027434,0.0
0.8388956168859937,0.10437940342964053,0.0,0.8588555814585818,0.10427616793233181,0.0
0.8388956168859937,0.10437940342964053,0.0,0.8493188239613977,0.12259636712907294,0.0
0.8388956168859937,0.10437940342964053,0.0,0.8281147240612666,0.12292049458741762,0.0
0.8388956168859937,0.10437940342964053,0.0,0.8188295800520898,0.10295096219432144,0.0
0.8388956168859937,0.10437940342964053,0.0,0.8291235689640599,0.08519212914480481,0.0
0.8388956168859937,0.10437940342964053,0.0,0.8491363162039934,0.08574754327988408,0.0
0.8588555814585818,0.10427616793233181,0.0,0.8493188239613977,0.12259636712907294,0.0
0.8588555814585818,0.10427616793233181,0.0,0.869796874501848,0.12186135597784412,0.0
0.8588555814585818,0.10427616793233181,0.0,0.8788059667925462,0.10361841910342784,0.0
0.8588555814585818,0.10427616793233181,0.0,0.8491363162039934,0.08574754327988408,0.0
0.8588555814585818,0.10427616793233181,0.0,0.8691234555080031,0.08639571675475319,0.0
0.8493188239613977,0.12259636712907294,0.0,0.8369339259312887,0.1422514241997563,0.0
0.8493188239613977,0.12259636712907294,0.0,0.861003801279996,0.13996288576102964,0.0
0.8493188239613977,0.12259636712907294,0.0,0.8281147240612666,0.12292049458741762,0.0
0.8493188239613977,0.12259636712907294,0.0,0.869796874501848,0.12186135597784412,0.0
0.16203870443453508,0.14379211190169588,0.0,0.1763537973594286,0.12505301339252728,0.0
0.16203870443453508,0.14379211190169588,0.0,0.18420709462786003,0.14231063723826795,0.0
0.16203870443453508,0.14379211190169588,0.0,0.17314142096421972,0.16010053387916748,0.0
0.16203870443453508,0.14379211190169588,0.0,0.15290667030153857,0.16209410734492408,0.0
0.3978682014198369,0.0585551545125798,0.0,0.40816139559455067,0.07735187934012253,0.0
0.3978682014198369,0.0585551545125798,0.0,0.4186343805590543,0.059470191167095496,0.0
0.3978682014198369,0.0585551545125798,0.0,0.4085592088296667,0.041447009033604244,0.0
0.3978682014198369,0.0585551545125798,0.0,0.38776003184036567,0.03904984145548672,0.0
0.8369339259312887,0.1422514241997563,0.0,0.861003801279996,0.13996288576102964,0.0
0.8369339259312887,0.1422514241997563,0.0,0.849085150913686,0.1623709550930505,0.0
0.8369339259312887,0.1422514241997563,0.0,0.8273958972718796,0.15978766571357195,0.0
0.8369339259312887,0.1422514241997563,0.0,0.8281147240612666,0.12292049458741762,0.0
0.8369339259312887,0.1422514241997563,0.0,0.8172381448009179,0.1407265797890068,0.0
0.861003801279996,0.13996288576102964,0.0,0.849085150913686,0.1623709550930505,0.0
0.861003801279996,0.13996288576102964,0.0,0.869796874501848,0.12186135597784412,0.0
0.861003801279996,0.13996288576102964,0.0,0.8714856871075789,0.1579526209311256,0.0
0.861003801279996,0.13996288576102964,0.0,0.8798429605544766,0.13900976093499198,0.0
0.849085150913686,0.1623709550930505,0.0,0.8351248242718041,0.17781241726410818,0.0
0.849085150913686,0.1623709550930505,0.0,0.8273958972718796,0.15978766571357195,0.0
0.849085150913686,0.1623709550930505,0.0,0.8497836389593806,0.18264580520510745,0.0
0.849085150913686,0.1623709550930505,0.0,0.8643684542555641,0.1774271963930043,0.0
0.849085150913686,0.1623709550930505,0.0,0.8714856871075789,0.1579526209311256,0.0
0.5598408968800026,0.09635945518293279,0.0,0.5794884056647812,0.09664450173287516,0.0
0.5598408968800026,0.09635945518293279,0.0,0.5716167545944171,0.07613128576429254,0.0
0.5598408968800026,0.09635945518293279,0.0,0.5397657647874784,0.09649928396774264,0.0
0.5598408968800026,0.09635945518293279,0.0,0.5517026848738962,0.07765355949400447,0.0
0.5598408968800026,0.09635945518293279,0.0,0.5487126578610273,0.11440745552897078,0.0
0.5598408968800026,0.09635945518293279,0.0,0.5687235506598588,0.11469165896890553,0.0
0.5794884056647812,0.09664450173287516,0.0,0.5716167545944171,0.07613128576429254,0.0
0.5794884056647812,0.09664450173287516,0.0,0.5891653224022585,0.08061201258526009,0.0
0.5794884056647812,0.09664450173287516,0.0,0.5687235506598588,0.11469165896890553,0.0
0.5794884056647812,0.09664450173287516,0.0,0.5886643384481618,0.11503306355347462,0.0
0.5794884056647812,0.09664450173287516,0.0,0.5989552594591553,0.09888529914662537,0.0
0.5716167545944171,0.07613128576429254,0.0,0.5517026848738962,0.07765355949400447,0.0
0.5716167545944171,0.07613128576429254,0.0,0.5629807222356323,0.05886129081320668,0.0
0.5716167545944171,0.07613128576429254,0.0,0.5891653224022585,0.08061201258526009,0.0
0.5716167545944171,0.07613128576429254,0.0,0.5842657387435014,0.06015006112578371,0.0
0.5767966609037041,0.18851236322661588,0.0,0.5780537868325702,0.16795679820231454,0.0
0.5767966609037041,0.18851236322661588,0.0,0.5961732949977655,0.18671227465284362,0.0
0.5767966609037041,0.18851236322661588,0.0,0.568781339891721,0.2064914852893641,0.0
0.5767966609037041,0.18851236322661588,0.0,0.5883592993452134,0.204443428867555,0.0
0.5767966609037041,0.18851236322661588,0.0,0.5575773263319214,0.19081492277332487,0.0
0.5767966609037041,0.18851236322661588,0.0,0.5649921520852227,0.17852903118785932,0.0
0.5780537868325702,0.16795679820231454,0.0,0.5961732949977655,0.18671227465284362,0.0
0.5780537868325702,0.16795679820231454,0.0,0.6001372123448893,0.16726521291963733,0.0
0.5780537868325702,0.16795679820231454,0.0,0.5878919320828496,0.14980990590591176,0.0
0.5780537868325702,0.16795679820231454,0.0,0.56788781058371,0.1495130945825428,0.0
0.5780537868325702,0.16795679820231454,0.0,0.5574400220042001,0.16497557794347867,0.0
0.5780537868325702,0.16795679820231454,0.0,0.5649921520852227,0.17852903118785932,0.0
0.5961732949977655,0.18671227465284362,0.0,0.6001372123448893,0.16726521291963733,0.0
0.5961732949977655,0.18671227465284362,0.0,0.6137007662514543,0.18443132251715028,0.0
0.5961732949977655,0.18671227465284362,0.0,0.6079079889629149,0.2021313692806051,0.0
0.5961732949977655,0.18671227465284362,0.0,0.5883592993452134,0.204443428867555,0.0
0.8351248242718041,0.17781241726410818,0.0,0.8273958972718796,0.15978766571357195,0.0
0.8351248242718041,0.17781241726410818,0.0,0.8497836389593806,0.18264580520510745,0.0
0.8351248242718041,0.17781241726410818,0.0,0.8153374163333876,0.17603892056016474,0.0
0.8351248242718041,0.17781241726410818,0.0,0.8236791101517987,0.1939886763111289,0.0
0.8351248242718041,0.17781241726410818,0.0,0.8432487611881002,0.1961150490981094,0.0
0.8273958972718796,0.15978766571357195,0.0,0.8172381448009179,0.1407265797890068,0.0
0.8273958972718796,0.15978766571357195,0.0,0.8063719894254003,0.15786230376835056,0.0
0.8273958972718796,0.15978766571357195,0.0,0.8153374163333876,0.17603892056016474,0.0
0.6983189381113203,0.011484560261730647,0.0,0.6909585242460016,0.03180040831180136,0.0
0.6983189381113203,0.011484560261730647,0.0,0.7114701878975463,0.029789294925361694,0.0
0.6983189381113203,0.011484560261730647,0.0,0.7187890960486383,0.010879075766003369,0.0
0.6983189381113203,0.011484560261730647,0.0,0.6862229207323509,-0.006958678623336006,0.0
0.6983189381113203,0.011484560261730647,0.0,0.6787467428203998,0.013244542832501812,0.0
0.6983189381113203,0.011484560261730647,0.0,0.7058403772255221,-0.00850138702666829,0.0
0.6909585242460016,0.03180040831180136,0.0,0.7114701878975463,0.029789294925361694,0.0
0.6909585242460016,0.03180040831180136,0.0,0.6835592100387662,0.05027016569074834,0.0
0.6909585242460016,0.03180040831180136,0.0,0.6713371612086501,0.03364293286228968,0.0
0.6909585242460016,0.03180040831180136,0.0,0.6787467428203998,0.013244542832501812,0.0
0.6909585242460016,0.03180040831180136,0.0,0.7047040354904053,0.048672056948100874,0.0
0.7114701878975463,0.029789294925361694,0.0,0.7247583778202629,0.04637806697021534,0.0
0.7114701878975463,0.029789294925361694,0.0,0.7187890960486383,0.010879075766003369,0.0
0.7114701878975463,0.029789294925361694,0.0,0.7047040354904053,0.048672056948100874,0.0
0.7114701878975463,0.029789294925361694,0.0,0.7304023566967304,0.025930738979079486,0.0
0.35448062206634184,0.049592988636386684,0.0,0.33112084853201124,0.04133140407116514,0.0
0.35448062206634184,0.049592988636386684,0.0,0.3492490231192315,0.03140227237101176,0.0
0.35448062206634184,0.049592988636386684,0.0,0.3394272584465897,0.060301670386028135,0.0
0.35448062206634184,0.049592988636386684,0.0,0.36845130511389174,0.03537427932775122,0.0
0.35448062206634184,0.049592988636386684,0.0,0.3594157001970275,0.06494673728232009,0.0
0.33112084853201124,0.04133140407116514,0.0,0.3492490231192315,0.03140227237101176,0.0
0.33112084853201124,0.04133140407116514,0.0,0.3394272584465897,0.060301670386028135,0.0
0.33112084853201124,0.04133140407116514,0.0,0.31819740550204006,0.02473728967298618,0.0
0.33112084853201124,0.04133140407116514,0.0,0.33425064267260307,0.025605968027476517,0.0
0.33112084853201124,0.04133140407116514,0.0,0.3193119293755286,0.05845187621468202,0.0
0.33112084853201124,0.04133140407116514,0.0,0.30980131273778067,0.041349021721934234,0.0
0.3492490231192315,0.03140227237101176,0.0,0.36845130511389174,0.03537427932775122,0.0
0.3492490231192315,0.03140227237101176,0.0,0.3610606660599675,0.015671969482540377,0.0
0.3492490231192315,0.03140227237101176,0.0,0.342435511494475,0.01215903037717669,0.0
0.3492490231192315,0.03140227237101176,0.0,0.33425064267260307,0.025605968027476517,0.0
0.7648408834803913,-0.00982859220901902,0.0,0.7845042916030119,-0.009076610912826414,0.0
0.7648408834803913,-0.00982859220901902,0.0,0.7734257817346414,0.011454258895082873,0.0
0.7648408834803913,-0.00982859220901902,0.0,0.7548681531262589,0.007134956704741131,0.0
0.7648408834803913,-0.00982859220901902,0.0,0.7451637852496997,-0.009983530981515406,0.0
0.7845042916030119,-0.009076610912826414,0.0,0.7734257817346414,0.011454258895082873,0.0
0.7845042916030119,-0.009076610912826414,0.0,0.8041391695412684,-0.00777562790261456,0.0
0.7734257817346414,0.011454258895082873,0.0,0.7548681531262589,0.007134956704741131,0.0
0.7734257817346414,0.011454258895082873,0.0,0.7605859437842035,0.030262141662551544,0.0
0.6001372123448893,0.16726521291963733,0.0,0.6137007662514543,0.18443132251715028,0.0
0.6001372123448893,0.16726521291963733,0.0,0.6208486106533486,0.1670763753281505,0.0
0.6001372123448893,0.16726521291963733,0.0,0.5878919320828496,0.14980990590591176,0.0
0.6001372123448893,0.16726521291963733,0.0,0.6078959839132597,0.1498350657550153,0.0
0.1763537973594286,0.12505301339252728,0.0,0.18420709462786003,0.14231063723826795,0.0
0.1763537973594286,0.12505301339252728,0.0,0.19639785053043185,0.1248678139538993,0.0
0.1763537973594286,0.12505301339252728,0.0,0.16860270461749968,0.10715470029493196,0.0
0.1763537973594286,0.12505301339252728,0.0,0.1885983010508961,0.10757780269776827,0.0
0.18420709462786003,0.14231063723826795,0.0,0.20433276298455133,0.14198316988560622,0.0
0.18420709462786003,0.14231063723826795,0.0,0.19363042732211566,0.15865678022017318,0.0
0.18420709462786003,0.14231063723826795,0.0,0.19639785053043185,0.1248678139538993,0.0
0.18420709462786003,0.14231063723826795,0.0,0.17314142096421972,0.16010053387916748,0.0
0.7247583778202629,0.04637806697021534,0.0,0.7427690993624315,0.039916481115286895,0.0
0.7247583778202629,0.04637806697021534,0.0,0.7399380911833339,0.06259773701854088,0.0
0.7247583778202629,0.04637806697021534,0.0,0.7180011492697586,0.06578899737203134,0.0
0.7247583778202629,0.04637806697021534,0.0,0.7047040354904053,0.048672056948100874,0.0
0.7247583778202629,0.04637806697021534,0.0,0.7304023566967304,0.025930738979079486,0.0
0.7427690993624315,0.039916481115286895,0.0,0.7399380911833339,0.06259773701854088,0.0
0.7427690993624315,0.039916481115286895,0.0,0.7605859437842035,0.030262141662551544,0.0
0.7427690993624315,0.039916481115286895,0.0,0.7550305320978299,0.05046769402996413,0.0
0.7427690993624315,0.039916481115286895,0.0,0.7304023566967304,0.025930738979079486,0.0
0.7427690993624315,0.039916481115286895,0.0,0.7450619177920467,0.022025797652139575,0.0
0.7399380911833339,0.06259773701854088,0.0,0.7180011492697586,0.06578899737203134,0.0
0.7399380911833339,0.06259773701854088,0.0,0.7550305320978299,0.05046769402996413,0.0
0.7399380911833339,0.06259773701854088,0.0,0.7605475434531375,0.06695636047071768,0.0
0.7399380911833339,0.06259773701854088,0.0,0.7491310425080006,0.0835964222536411,0.0
0.7399380911833339,0.06259773701854088,0.0,0.7291096392003068,0.0833176552439658,0.0
0.6835592100387662,0.05027016569074834,0.0,0.6754743916903148,0.0675516165511345,0.0
0.6835592100387662,0.05027016569074834,0.0,0.6964878815476876,0.06661365847935738,0.0
0.6835592100387662,0.05027016569074834,0.0,0.6713371612086501,0.03364293286228968,0.0
0.6835592100387662,0.05027016569074834,0.0,0.7047040354904053,0.048672056948100874,0.0
0.6835592100387662,0.05027016569074834,0.0,0.662580309646876,0.0509081021161953,0.0
0.6754743916903148,0.0675516165511345,0.0,0.6964878815476876,0.06661365847935738,0.0
0.6754743916903148,0.0675516165511345,0.0,0.6882066906789861,0.08398490216789492,0.0
0.6754743916903148,0.0675516165511345,0.0,0.6670223433688107,0.08368433997010452,0.0
0.6754743916903148,0.0675516165511345,0.0,0.6549551647039981,0.0680743035276338,0.0
0.6754743916903148,0.0675516165511345,0.0,0.662580309646876,0.0509081021161953,0.0
0.6964878815476876,0.06661365847935738,0.0,0.6882066906789861,0.08398490216789492,0.0
0.6964878815476876,0.06661365847935738,0.0,0.7180011492697586,0.06578899737203134,0.0
0.6964878815476876,0.06661365847935738,0.0,0.7047040354904053,0.048672056948100874,0.0
0.6964878815476876,0.06661365847935738,0.0,0.7089818119999074,0.08341420963772377,0.0
0.7155545667213637,0.17162846914466395,0.0,0.7358694746506304,0.17208028403712486,0.0
0.7155545667213637,0.17162846914466395,0.0,0.7273261261123218,0.1529912037271188,0.0
0.7155545667213637,0.17162846914466395,0.0,0.7057425391897695,0.1915070909240959,0.0
0.7155545667213637,0.17162846914466395,0.0,0.7253997900510565,0.1904740301919498,0.0
0.5299537012571401,0.07906403628628096,0.0,0.5397657647874784,0.09649928396774264,0.0
0.5299537012571401,0.07906403628628096,0.0,0.5517026848738962,0.07765355949400447,0.0
0.5299537012571401,0.07906403628628096,0.0,0.5409600520304717,0.06102815539800123,0.0
0.5299537012571401,0.07906403628628096,0.0,0.519601235506437,0.061892487671948895,0.0
0.5299537012571401,0.07906403628628096,0.0,0.5091789635607905,0.0791328653093273,0.0
0.5299537012571401,0.07906403628628096,0.0,0.5189867733363148,0.09656239205504227,0.0
0.5397657647874784,0.09649928396774264,0.0,0.5517026848738962,0.07765355949400447,0.0
0.5397657647874784,0.09649928396774264,0.0,0.5189867733363148,0.09656239205504227,0.0
0.5397657647874784,0.09649928396774264,0.0,0.528708756355447,0.11404157407837054,0.0
0.5397657647874784,0.09649928396774264,0.0,0.5487126578610273,0.11440745552897078,0.0
0.5517026848738962,0.07765355949400447,0.0,0.5409600520304717,0.06102815539800123,0.0
0.5517026848738962,0.07765355949400447,0.0,0.5629807222356323,0.05886129081320668,0.0
0.3394272584465897,0.060301670386028135,0.0,0.32899248246262874,0.07609231152005937,0.0
0.3394272584465897,0.060301670386028135,0.0,0.34900435999794255,0.07727263361728219,0.0
0.3394272584465897,0.060301670386028135,0.0,0.3193119293755286,0.05845187621468202,0.0
0.3394272584465897,0.060301670386028135,0.0,0.3594157001970275,0.06494673728232009,0.0
0.7187890960486383,0.010879075766003369,0.0,0.7058403772255221,-0.00850138702666829,0.0
0.7187890960486383,0.010879075766003369,0.0,0.7254912463587558,-0.009531452887428444,0.0
0.7187890960486383,0.010879075766003369,0.0,0.7304023566967304,0.025930738979079486,0.0
0.7187890960486383,0.010879075766003369,0.0,0.7366840363621896,0.0068846694406297666,0.0
0.8281147240612666,0.12292049458741762,0.0,0.8188295800520898,0.10295096219432144,0.0
0.8281147240612666,0.12292049458741762,0.0,0.8080795386794362,0.12118947064450075,0.0
0.8281147240612666,0.12292049458741762,0.0,0.8172381448009179,0.1407265797890068,0.0
0.40816139559455067,0.07735187934012253,0.0,0.4186343805590543,0.059470191167095496,0.0
0.40816139559455067,0.07735187934012253,0.0,0.4290763002766677,0.07765885725715942,0.0
0.40816139559455067,0.07735187934012253,0.0,0.39887279310263113,0.09467577748683438,0.0
0.40816139559455067,0.07735187934012253,0.0,0.4188735863398501,0.09481800697389967,0.0
0.4186343805590543,0.059470191167095496,0.0,0.4085592088296667,0.041447009033604244,0.0
0.4186343805590543,0.059470191167095496,0.0,0.4290763002766677,0.07765885725715942,0.0
0.4186343805590543,0.059470191167095496,0.0,0.43884911938631244,0.05995092273227955,0.0
0.4186343805590543,0.059470191167095496,0.0,0.4292920575795417,0.04185732528591774,0.0
0.4085592088296667,0.041447009033604244,0.0,0.38776003184036567,0.03904984145548672,0.0
0.4085592088296667,0.041447009033604244,0.0,0.4000725069239531,0.022849750922957116,0.0
0.4085592088296667,0.041447009033604244,0.0,0.4202604733776985,0.023829961278680024,0.0
0.4085592088296667,0.041447009033604244,0.0,0.4292920575795417,0.04185732528591774,0.0
0.10142179350192147,0.15260906146089762,0.0,0.08886192763106984,0.13870671505331394,0.0
0.10142179350192147,0.15260906146089762,0.0,0.11376093318582664,0.16727914830607699,0.0
0.10142179350192147,0.15260906146089762,0.0,0.12108692976435624,0.14971524063829256,0.0
0.10142179350192147,0.15260906146089762,0.0,0.10899158804380765,0.1367541023709388,0.0
0.8041391695412684,-0.00777562790261456,0.0,0.8237376887147008,-0.006007434693852587,0.0
0.8041391695412684,-0.00777562790261456,0.0,0.8121639214852941,0.013083245468976068,0.0
0.8237376887147008,-0.006007434693852587,0.0,0.8121639214852941,0.013083245468976068,0.0
0.8237376887147008,-0.006007434693852587,0.0,0.8317486756337562,0.012931826196654877,0.0
0.8237376887147008,-0.006007434693852587,0.0,0.8433007544351494,-0.0038809259903156896,0.0
0.8121639214852941,0.013083245468976068,0.0,0.8317486756337562,0.012931826196654877,0.0
0.8121639214852941,0.013083245468976068,0.0,0.8200867439556461,0.03291139843072714,0.0
0.2780887406680951,0.023524128910333432,0.0,0.28647997805237096,0.007633503813849848,0.0
0.2780887406680951,0.023524128910333432,0.0,0.29804872941245053,0.024371220439608588,0.0
0.2780887406680951,0.023524128910333432,0.0,0.25826416521063084,0.023341057060538108,0.0
0.2780887406680951,0.023524128910333432,0.0,0.26544662969618177,0.005919193053771852,0.0
0.2780887406680951,0.023524128910333432,0.0,0.2898326332915897,0.04104587928768755,0.0
0.2780887406680951,0.023524128910333432,0.0,0.26985318094542077,0.040255162848876876,0.0
0.28647997805237096,0.007633503813849848,0.0,0.29804872941245053,0.024371220439608588,0.0
0.28647997805237096,0.007633503813849848,0.0,0.30589230496328673,0.0079374970860931,0.0
0.28647997805237096,0.007633503813849848,0.0,0.26544662969618177,0.005919193053771852,0.0
0.28647997805237096,0.007633503813849848,0.0,0.29449233564317323,-0.00847928398140331,0.0
0.28647997805237096,0.007633503813849848,0.0,0.27484195493553437,-0.009518676527991429,0.0
0.29804872941245053,0.024371220439608588,0.0,0.30589230496328673,0.0079374970860931,0.0
0.29804872941245053,0.024371220439608588,0.0,0.31819740550204006,0.02473728967298618,0.0
0.29804872941245053,0.024371220439608588,0.0,0.30980131273778067,0.041349021721934234,0.0
0.29804872941245053,0.024371220439608588,0.0,0.2898326332915897,0.04104587928768755,0.0
0.30589230496328673,0.0079374970860931,0.0,0.31819740550204006,0.02473728967298618,0.0
0.30589230496328673,0.0079374970860931,0.0,0.32421835388872045,0.009179630391403638,0.0
0.30589230496328673,0.0079374970860931,0.0,0.29449233564317323,-0.00847928398140331,0.0
0.30589230496328673,0.0079374970860931,0.0,0.31410916979783027,-0.006928639626355988,0.0
0.8497836389593806,0.18264580520510745,0.0,0.8643684542555641,0.1774271963930043,0.0
0.8497836389593806,0.18264580520510745,0.0,0.8627921253644149,0.1984719234020252,0.0
0.8497836389593806,0.18264580520510745,0.0,0.8432487611881002,0.1961150490981094,0.0
0.6590004231175656,0.014497397751253976,0.0,0.6511459221240243,0.034573957857250794,0.0
0.6590004231175656,0.014497397751253976,0.0,0.6713371612086501,0.03364293286228968,0.0
0.6590004231175656,0.014497397751253976,0.0,0.6666424905848013,-0.004999364587789037,0.0
0.6590004231175656,0.014497397751253976,0.0,0.6787467428203998,0.013244542832501812,0.0
0.6590004231175656,0.014497397751253976,0.0,0.6470939186782803,-0.0027428682165689176,0.0
0.6590004231175656,0.014497397751253976,0.0,0.6393370252109403,0.01676928233164157,0.0
0.6511459221240243,0.034573957857250794,0.0,0.6713371612086501,0.03364293286228968,0.0
0.6511459221240243,0.034573957857250794,0.0,0.6393370252109403,0.01676928233164157,0.0
0.6511459221240243,0.034573957857250794,0.0,0.6313547870558491,0.036267935744162906,0.0
0.6511459221240243,0.034573957857250794,0.0,0.6425429472577774,0.052414727495610776,0.0
0.6511459221240243,0.034573957857250794,0.0,0.662580309646876,0.0509081021161953,0.0
0.6713371612086501,0.03364293286228968,0.0,0.6787467428203998,0.013244542832501812,0.0
0.6713371612086501,0.03364293286228968,0.0,0.662580309646876,0.0509081021161953,0.0
0.6137007662514543,0.18443132251715028,0.0,0.6208486106533486,0.1670763753281505,0.0
0.6137007662514543,0.18443132251715028,0.0,0.6336763847942,0.18256086463508225,0.0
0.6137007662514543,0.18443132251715028,0.0,0.6079079889629149,0.2021313692806051,0.0
0.6137007662514543,0.18443132251715028,0.0,0.6274414338011367,0.1996932485171144,0.0
0.6208486106533486,0.1670763753281505,0.0,0.6336763847942,0.18256086463508225,0.0
0.6208486106533486,0.1670763753281505,0.0,0.6399472631060285,0.1659051227026708,0.0
0.6208486106533486,0.1670763753281505,0.0,0.6278864353634681,0.15014299259402936,0.0
0.6208486106533486,0.1670763753281505,0.0,0.6078959839132597,0.1498350657550153,0.0
0.6336763847942,0.18256086463508225,0.0,0.6399472631060285,0.1659051227026708,0.0
0.6336763847942,0.18256086463508225,0.0,0.6274414338011367,0.1996932485171144,0.0
0.6336763847942,0.18256086463508225,0.0,0.6469771203754761,0.1972732467138197,0.0
0.6336763847942,0.18256086463508225,0.0,0.6531431110286311,0.18098587301043706,0.0
0.0175372518784682,0.0800275593780138,0.0,0.036631829057763264,0.08874411086080898,0.0
0.0175372518784682,0.0800275593780138,0.0,0.01752086003801758,0.09977398490505233,0.0
0.0175372518784682,0.0800275593780138,0.0,0.019730294147948055,0.05793927305617781,0.0
0.0175372518784682,0.0800275593780138,0.0,0.032068864883025384,0.07021601162215564,0.0
0.0175372518784682,0.0800275593780138,0.0,0.0002334111370453746,0.06999857633432867,0.0
0.0175372518784682,0.0800275593780138,0.0,0.0002000666888959734,0.08999878755875028,0.0
0.036631829057763264,0.08874411086080898,0.0,0.01752086003801758,0.09977398490505233,0.0
0.036631829057763264,0.08874411086080898,0.0,0.032308479048300004,0.10711479373156979,0.0
0.036631829057763264,0.08874411086080898,0.0,0.032068864883025384,0.07021601162215564,0.0
0.036631829057763264,0.08874411086080898,0.0,0.05893568299105918,0.08813051023372608,0.0
0.036631829057763264,0.08874411086080898,0.0,0.0496864310375631,0.07059347115193673,0.0
0.036631829057763264,0.08874411086080898,0.0,0.04861716066194946,0.10526343684305645,0.0
0.01752086003801758,0.09977398490505233,0.0,0.032308479048300004,0.10711479373156979,0.0
0.01752086003801758,0.09977398490505233,0.0,0.01837849726478095,0.12129794813930879,0.0
0.01752086003801758,0.09977398490505233,0.0,0.0001667222407464953,0.10999899616874147,0.0
0.01752086003801758,0.09977398490505233,0.0,0.0002000666888959734,0.08999878755875028,0.0
0.6666424905848013,-0.004999364587789037,0.0,0.6862229207323509,-0.006958678623336006,0.0
0.6666424905848013,-0.004999364587789037,0.0,0.6787467428203998,0.013244542832501812,0.0
0.6666424905848013,-0.004999364587789037,0.0,0.6470939186782803,-0.0027428682165689176,0.0
0.6862229207323509,-0.006958678623336006,0.0,0.6787467428203998,0.013244542832501812,0.0
0.6862229207323509,-0.006958678623336006,0.0,0.7058403772255221,-0.00850138702666829,0.0
0.895192880102623,0.18566557711698203,0.0,0.9155300686012553,0.17383881101741477,0.0
0.895192880102623,0.18566557711698203,0.0,0.9133706118467119,0.19155944788951854,0.0
0.895192880102623,0.18566557711698203,0.0,0.8979001736356175,0.16850808708151016,0.0
0.895192880102623,0.18566557711698203,0.0,0.8813610666857388,0.1729284526764603,0.0
0.895192880102623,0.18566557711698203,0.0,0.8823244412923026,0.2009191174150899,0.0
0.895192880102623,0.18566557711698203,0.0,0.901863450217593,0.2033120094520914,0.0
0.895192880102623,0.18566557711698203,0.0,0.8772077931968859,0.1870824531662283,0.0
0.9155300686012553,0.17383881101741477,0.0,0.9133706118467119,0.19155944788951854,0.0
0.9155300686012553,0.17383881101741477,0.0,0.8979001736356175,0.16850808708151016,0.0
0.9155300686012553,0.17383881101741477,0.0,0.9348318602285556,0.171426100752891,0.0
0.9155300686012553,0.17383881101741477,0.0,0.9328412820708153,0.1894722089284556,0.0
0.9155300686012553,0.17383881101741477,0.0,0.9272487571851383,0.1558945006815843,0.0
0.9155300686012553,0.17383881101741477,0.0,0.9080894391304771,0.15491404569891928,0.0
0.9133706118467119,0.19155944788951854,0.0,0.9328412820708153,0.1894722089284556,0.0
0.9133706118467119,0.19155944788951854,0.0,0.901863450217593,0.2033120094520914,0.0
0.9133706118467119,0.19155944788951854,0.0,0.921425379683128,0.2055086350647987,0.0
0.8979001736356175,0.16850808708151016,0.0,0.8893274147498573,0.15519354978213368,0.0
0.8979001736356175,0.16850808708151016,0.0,0.8813610666857388,0.1729284526764603,0.0
0.8979001736356175,0.16850808708151016,0.0,0.9080894391304771,0.15491404569891928,0.0
0.6399472631060285,0.1659051227026708,0.0,0.6478910192412953,0.15008363282305756,0.0
0.6399472631060285,0.1659051227026708,0.0,0.6278864353634681,0.15014299259402936,0.0
0.6399472631060285,0.1659051227026708,0.0,0.6531431110286311,0.18098587301043706,0.0
0.6399472631060285,0.1659051227026708,0.0,0.658757387185787,0.16413150093274056,0.0
0.08886192763106984,0.13870671505331394,0.0,0.0782918042717695,0.12313566826288337,0.0
0.08886192763106984,0.13870671505331394,0.0,0.09845338291383665,0.12230096302638237,0.0
0.08886192763106984,0.13870671505331394,0.0,0.06797327979125649,0.14026863046581653,0.0
0.08886192763106984,0.13870671505331394,0.0,0.10899158804380765,0.1367541023709388,0.0
0.5409600520304717,0.06102815539800123,0.0,0.551307005935731,0.04239449649202863,0.0
0.5409600520304717,0.06102815539800123,0.0,0.5629807222356323,0.05886129081320668,0.0
0.5409600520304717,0.06102815539800123,0.0,0.530451305928349,0.043632486271162924,0.0
0.5409600520304717,0.06102815539800123,0.0,0.519601235506437,0.061892487671948895,0.0
0.551307005935731,0.04239449649202863,0.0,0.5629807222356323,0.05886129081320668,0.0
0.551307005935731,0.04239449649202863,0.0,0.530451305928349,0.043632486271162924,0.0
0.551307005935731,0.04239449649202863,0.0,0.5405106967363644,0.02573595207249227,0.0
0.551307005935731,0.04239449649202863,0.0,0.5717049711915787,0.04087781990262617,0.0
0.551307005935731,0.04239449649202863,0.0,0.5604282535174662,0.02436698864478146,0.0
0.5629807222356323,0.05886129081320668,0.0,0.5842657387435014,0.06015006112578371,0.0
0.5629807222356323,0.05886129081320668,0.0,0.5717049711915787,0.04087781990262617,0.0
0.38054953470438413,0.01906691763348157,0.0,0.38776003184036567,0.03904984145548672,0.0
0.38054953470438413,0.01906691763348157,0.0,0.36845130511389174,0.03537427932775122,0.0
0.38054953470438413,0.01906691763348157,0.0,0.39229322565889,0.002154069765334488,0.0
0.38054953470438413,0.01906691763348157,0.0,0.4000725069239531,0.022849750922957116,0.0
0.38054953470438413,0.01906691763348157,0.0,0.3610606660599675,0.015671969482540377,0.0
0.38054953470438413,0.01906691763348157,0.0,0.3727661971834031,-0.00028266826518133124,0.0
0.38776003184036567,0.03904984145548672,0.0,0.36845130511389174,0.03537427932775122,0.0
0.38776003184036567,0.03904984145548672,0.0,0.4000725069239531,0.022849750922957116,0.0
0.36845130511389174,0.03537427932775122,0.0,0.3610606660599675,0.015671969482540377,0.0
0.8188295800520898,0.10295096219432144,0.0,0.8080795386794362,0.12118947064450075,0.0
0.8188295800520898,0.10295096219432144,0.0,0.7986749210088218,0.1022548454174633,0.0
0.8188295800520898,0.10295096219432144,0.0,0.809099452499385,0.08476714261551671,0.0
0.8188295800520898,0.10295096219432144,0.0,0.8291235689640599,0.08519212914480481,0.0
0.049256925112136404,0.18912883099346997,0.0,0.03200896931302676,0.17602272906743657,0.0
0.049256925112136404,0.18912883099346997,0.0,0.034197200166034246,0.19537165614784138,0.0
0.049256925112136404,0.18912883099346997,0.0,0.048527402338727946,0.17007890892839192,0.0
0.049256925112136404,0.18912883099346997,0.0,0.06788652922139264,0.19310133753959896,0.0
0.049256925112136404,0.18912883099346997,0.0,0.03934595430376511,0.2088023656195966,0.0
0.049256925112136404,0.18912883099346997,0.0,0.05897878113556556,0.2073769316422593,0.0
0.03200896931302676,0.17602272906743657,0.0,0.034197200166034246,0.19537165614784138,0.0
0.03200896931302676,0.17602272906743657,0.0,0.048527402338727946,0.17007890892839192,0.0
0.03200896931302676,0.17602272906743657,0.0,0.017478437830846273,0.15836268629362515,0.0
0.03200896931302676,0.17602272906743657,0.0,0.03823604232535197,0.15673972572836387,0.0
0.03200896931302676,0.17602272906743657,0.0,0.022022954552789662,0.18771142825335957,0.0
0.03200896931302676,0.17602272906743657,0.0,0.014343820869025583,0.17476587114059094,0.0
0.034197200166034246,0.19537165614784138,0.0,0.022022954552789662,0.18771142825335957,0.0
0.034197200166034246,0.19537165614784138,0.0,0.03934595430376511,0.2088023656195966,0.0
0.034197200166034246,0.19537165614784138,0.0,0.01968189381931244,0.2096956954280177,0.0
0.8317486756337562,0.012931826196654877,0.0,0.8200867439556461,0.03291139843072714,0.0
0.8317486756337562,0.012931826196654877,0.0,0.8404110740169557,0.03287737660587956,0.0
0.8317486756337562,0.012931826196654877,0.0,0.8517829118040737,0.015856144140461197,0.0
0.8317486756337562,0.012931826196654877,0.0,0.8433007544351494,-0.0038809259903156896,0.0
0.8200867439556461,0.03291139843072714,0.0,0.8404110740169557,0.03287737660587956,0.0
0.8200867439556461,0.03291139843072714,0.0,0.8097652953936443,0.050056801557661804,0.0
0.8200867439556461,0.03291139843072714,0.0,0.829763503963351,0.050422486092118315,0.0
0.8404110740169557,0.03287737660587956,0.0,0.8517829118040737,0.015856144140461197,0.0
0.8404110740169557,0.03287737660587956,0.0,0.8595105362460186,0.0337512315680253,0.0
0.8404110740169557,0.03287737660587956,0.0,0.829763503963351,0.050422486092118315,0.0
0.8404110740169557,0.03287737660587956,0.0,0.8493502867297807,0.05065978269548224,0.0
0.869796874501848,0.12186135597784412,0.0,0.8798429605544766,0.13900976093499198,0.0
0.869796874501848,0.12186135597784412,0.0,0.8891140552995361,0.12088737818933486,0.0
0.869796874501848,0.12186135597784412,0.0,0.8788059667925462,0.10361841910342784,0.0
0.392092013242154,0.2021313695513354,0.0,0.4116407029594826,0.2044434291270096,0.0
0.392092013242154,0.2021313695513354,0.0,0.4076958642713733,0.1832549773640103,0.0
0.392092013242154,0.2021313695513354,0.0,0.3846392529749998,0.18304589518478762,0.0
0.392092013242154,0.2021313695513354,0.0,0.3725585682950345,0.1996932487804034,0.0
0.4116407029594826,0.2044434291270096,0.0,0.4076958642713733,0.1832549773640103,0.0
0.4116407029594826,0.2044434291270096,0.0,0.4233892847228847,0.19177127251001552,0.0
0.4116407029594826,0.2044434291270096,0.0,0.4312186625324201,0.2064914855210821,0.0
0.4076958642713733,0.1832549773640103,0.0,0.3846392529749998,0.18304589518478762,0.0
0.4076958642713733,0.1832549773640103,0.0,0.39759663631662523,0.163687729437819,0.0
0.4076958642713733,0.1832549773640103,0.0,0.4171146466161742,0.16302616540514764,0.0
0.4076958642713733,0.1832549773640103,0.0,0.4281465516338527,0.1765304006985665,0.0
0.4076958642713733,0.1832549773640103,0.0,0.4233892847228847,0.19177127251001552,0.0
0.6882066906789861,0.08398490216789492,0.0,0.6670223433688107,0.08368433997010452,0.0
0.6882066906789861,0.08398490216789492,0.0,0.6988239315302944,0.10009488169682025,0.0
0.6882066906789861,0.08398490216789492,0.0,0.6788178927006526,0.10024729390627564,0.0
0.6882066906789861,0.08398490216789492,0.0,0.7089818119999074,0.08341420963772377,0.0
0.8080795386794362,0.12118947064450075,0.0,0.7969299101432249,0.13947072726244497,0.0
0.8080795386794362,0.12118947064450075,0.0,0.8172381448009179,0.1407265797890068,0.0
0.8080795386794362,0.12118947064450075,0.0,0.7986749210088218,0.1022548454174633,0.0
0.8080795386794362,0.12118947064450075,0.0,0.7877614652498144,0.12117122211694929,0.0
0.7969299101432249,0.13947072726244497,0.0,0.8172381448009179,0.1407265797890068,0.0
0.7969299101432249,0.13947072726244497,0.0,0.7877614652498144,0.12117122211694929,0.0
0.7969299101432249,0.13947072726244497,0.0,0.7769759217057517,0.13850103614778844,0.0
0.7969299101432249,0.13947072726244497,0.0,0.8063719894254003,0.15786230376835056,0.0
0.7969299101432249,0.13947072726244497,0.0,0.7861100246075278,0.15671786804324506,0.0
0.8172381448009179,0.1407265797890068,0.0,0.8063719894254003,0.15786230376835056,0.0
0.7180011492697586,0.06578899737203134,0.0,0.7047040354904053,0.048672056948100874,0.0
0.7180011492697586,0.06578899737203134,0.0,0.7291096392003068,0.0833176552439658,0.0
0.7180011492697586,0.06578899737203134,0.0,0.7089818119999074,0.08341420963772377,0.0
0.048527402338727946,0.17007890892839192,0.0,0.03823604232535197,0.15673972572836387,0.0
0.048527402338727946,0.17007890892839192,0.0,0.05766047445643583,0.15709225048315117,0.0
0.0899033377261136,0.022345073059850288,0.0,0.07035980811661734,0.03631600316624755,0.0
0.0899033377261136,0.022345073059850288,0.0,0.08901715017890635,0.04103307944786107,0.0
0.0899033377261136,0.022345073059850288,0.0,0.07036592945734327,0.01894685876162788,0.0
0.0899033377261136,0.022345073059850288,0.0,0.07888019653096573,0.0054745503393431455,0.0
0.0899033377261136,0.022345073059850288,0.0,0.09843516990378016,0.0032745816704755383,0.0
0.07035980811661734,0.03631600316624755,0.0,0.08901715017890635,0.04103307944786107,0.0
0.07035980811661734,0.03631600316624755,0.0,0.07036592945734327,0.01894685876162788,0.0
0.07035980811661734,0.03631600316624755,0.0,0.05339485221345359,0.023250315660938273,0.0
0.07035980811661734,0.03631600316624755,0.0,0.04797103307218428,0.03957073750528741,0.0
0.07035980811661734,0.03631600316624755,0.0,0.0596323549465522,0.054314300079689695,0.0
0.07035980811661734,0.03631600316624755,0.0,0.07957448129833068,0.05441282941858383,0.0
0.08901715017890635,0.04103307944786107,0.0,0.09893953661787563,0.05473486383027434,0.0
0.08901715017890635,0.04103307944786107,0.0,0.07957448129833068,0.05441282941858383,0.0
0.9606540458959356,0.2088023656315051,0.0,0.980318106281572,0.2096956954311213,0.0
0.9606540458959356,0.2088023656315051,0.0,0.9678978203086724,0.19118028235166365,0.0
0.9606540458959356,0.2088023656315051,0.0,0.9410212191544387,0.2073769316668632,0.0
0.9606540458959356,0.2088023656315051,0.0,0.9509069620002788,0.1954073902328314,0.0
0.980318106281572,0.2096956954311213,0.0,0.9678978203086724,0.19118028235166365,0.0
0.980318106281572,0.2096956954311213,0.0,0.9854716901453786,0.19516363213671242,0.0
0.980318106281572,0.2096956954311213,0.0,1.0,0.21,0.0
0.9678978203086724,0.19118028235166365,0.0,0.9653589827149222,0.16999962959481288,0.0
0.9678978203086724,0.19118028235166365,0.0,0.9500134370005878,0.17940624366666794,0.0
0.9678978203086724,0.19118028235166365,0.0,0.9854716901453786,0.19516363213671242,0.0
0.9678978203086724,0.19118028235166365,0.0,0.9831730570425126,0.17914483027703312,0.0
0.9678978203086724,0.19118028235166365,0.0,0.9509069620002788,0.1954073902328314,0.0
0.3846392529749998,0.18304589518478762,0.0,0.39759663631662523,0.163687729437819,0.0
0.3846392529749998,0.18304589518478762,0.0,0.37660605006701015,0.16377122665866625,0.0
0.3846392529749998,0.18304589518478762,0.0,0.3647763675861364,0.18089340904221585,0.0
0.3846392529749998,0.18304589518478762,0.0,0.3725585682950345,0.1996932487804034,0.0
0.39759663631662523,0.163687729437819,0.0,0.37660605006701015,0.16377122665866625,0.0
0.39759663631662523,0.163687729437819,0.0,0.4171146466161742,0.16302616540514764,0.0
0.39759663631662523,0.163687729437819,0.0,0.3879244209105626,0.14618325556581863,0.0
0.39759663631662523,0.163687729437819,0.0,0.4078363619561991,0.14638442117209963,0.0
0.37660605006701015,0.16377122665866625,0.0,0.3566300454837974,0.16236803596916927,0.0
0.37660605006701015,0.16377122665866625,0.0,0.3647763675861364,0.18089340904221585,0.0
0.37660605006701015,0.16377122665866625,0.0,0.3677550640019073,0.14569007923168795,0.0
0.37660605006701015,0.16377122665866625,0.0,0.3879244209105626,0.14618325556581863,0.0
0.07036592945734327,0.01894685876162788,0.0,0.05339485221345359,0.023250315660938273,0.0
0.07036592945734327,0.01894685876162788,0.0,0.07888019653096573,0.0054745503393431455,0.0
0.07036592945734327,0.01894685876162788,0.0,0.05929145341714438,0.007348352959066093,0.0
0.39229322565889,0.002154069765334488,0.0,0.41183565485365237,0.004463366422890324,0.0
0.39229322565889,0.002154069765334488,0.0,0.4000725069239531,0.022849750922957116,0.0
0.39229322565889,0.002154069765334488,0.0,0.3727661971834031,-0.00028266826518133124,0.0
0.41183565485365237,0.004463366422890324,0.0,0.4000725069239531,0.022849750922957116,0.0
0.41183565485365237,0.004463366422890324,0.0,0.4202604733776985,0.023829961278680024,0.0
0.41183565485365237,0.004463366422890324,0.0,0.43140744252716356,0.006507516993217553,0.0
0.4000725069239531,0.022849750922957116,0.0,0.4202604733776985,0.023829961278680024,0.0
0.7548681531262589,0.007134956704741131,0.0,0.7605859437842035,0.030262141662551544,0.0
0.7548681531262589,0.007134956704741131,0.0,0.7366840363621896,0.0068846694406297666,0.0
0.7548681531262589,0.007134956704741131,0.0,0.7450619177920467,0.022025797652139575,0.0
0.7548681531262589,0.007134956704741131,0.0,0.7451637852496997,-0.009983530981515406,0.0
0.7786093843950292,0.10193617411688215,0.0,0.7986749210088218,0.1022548454174633,0.0
0.7786093843950292,0.10193617411688215,0.0,0.7877614652498144,0.12117122211694929,0.0
0.7786093843950292,0.10193617411688215,0.0,0.7679085238069046,0.11974393572231282,0.0
0.7786093843950292,0.10193617411688215,0.0,0.7691253695598009,0.08394172622190207,0.0
0.7786093843950292,0.10193617411688215,0.0,0.7890957448924659,0.08439240494937392,0.0
0.7786093843950292,0.10193617411688215,0.0,0.7587677940512728,0.10105649505268577,0.0
0.7986749210088218,0.1022548454174633,0.0,0.7877614652498144,0.12117122211694929,0.0
0.7986749210088218,0.1022548454174633,0.0,0.809099452499385,0.08476714261551671,0.0
0.7986749210088218,0.1022548454174633,0.0,0.7890957448924659,0.08439240494937392,0.0
0.7877614652498144,0.12117122211694929,0.0,0.7769759217057517,0.13850103614778844,0.0
0.7877614652498144,0.12117122211694929,0.0,0.7679085238069046,0.11974393572231282,0.0
0.06788652922139264,0.19310133753959896,0.0,0.07857462076905876,0.2055086350173741,0.0
0.06788652922139264,0.19310133753959896,0.0,0.05897878113556556,0.2073769316422593,0.0
0.6275646496943351,-0.0003242247815092615,0.0,0.6470939186782803,-0.0027428682165689176,0.0
0.6275646496943351,-0.0003242247815092615,0.0,0.6393370252109403,0.01676928233164157,0.0
0.6275646496943351,-0.0003242247815092615,0.0,0.6198624518945268,0.018343495390012142,0.0
0.6275646496943351,-0.0003242247815092615,0.0,0.6080377362572738,0.0021134395061123087,0.0
0.6470939186782803,-0.0027428682165689176,0.0,0.6393370252109403,0.01676928233164157,0.0
0.6393370252109403,0.01676928233164157,0.0,0.6198624518945268,0.018343495390012142,0.0
0.6393370252109403,0.01676928233164157,0.0,0.6313547870558491,0.036267935744162906,0.0
0.7058403772255221,-0.00850138702666829,0.0,0.7254912463587558,-0.009531452887428444,0.0
0.7254912463587558,-0.009531452887428444,0.0,0.7366840363621896,0.0068846694406297666,0.0
0.7254912463587558,-0.009531452887428444,0.0,0.7451637852496997,-0.009983530981515406,0.0
0.7358694746506304,0.17208028403712486,0.0,0.7273261261123218,0.1529912037271188,0.0
0.7358694746506304,0.17208028403712486,0.0,0.7253997900510565,0.1904740301919498,0.0
0.7358694746506304,0.17208028403712486,0.0,0.746748861327249,0.15500852597073353,0.0
0.7358694746506304,0.17208028403712486,0.0,0.7556069659755374,0.17279618147153544,0.0
0.7358694746506304,0.17208028403712486,0.0,0.7450787942757616,0.1900191158835712,0.0
0.7273261261123218,0.1529912037271188,0.0,0.746748861327249,0.15500852597073353,0.0
0.7273261261123218,0.1529912037271188,0.0,0.7376551077914812,0.1361767578665647,0.0
0.7273261261123218,0.1529912037271188,0.0,0.7180920225542813,0.1349185158446783,0.0
0.7708734737332993,0.04908079100683704,0.0,0.7605859437842035,0.030262141662551544,0.0
0.7708734737332993,0.04908079100683704,0.0,0.7550305320978299,0.05046769402996413,0.0
0.7708734737332993,0.04908079100683704,0.0,0.7794456623309008,0.06682131061107119,0.0
0.7708734737332993,0.04908079100683704,0.0,0.7605475434531375,0.06695636047071768,0.0
0.7708734737332993,0.04908079100683704,0.0,0.7898796701209446,0.04954622634091698,0.0
0.7605859437842035,0.030262141662551544,0.0,0.7550305320978299,0.05046769402996413,0.0
0.7605859437842035,0.030262141662551544,0.0,0.7450619177920467,0.022025797652139575,0.0
0.7550305320978299,0.05046769402996413,0.0,0.7605475434531375,0.06695636047071768,0.0
0.9697227385190661,0.02627159806514077,0.0,0.9595133274801777,0.04135100280380319,0.0
0.9697227385190661,0.02627159806514077,0.0,0.9814670574746389,0.04098084819988126,0.0
0.9697227385190661,0.02627159806514077,0.0,0.9495116495281278,0.025179209853531236,0.0
0.9697227385190661,0.02627159806514077,0.0,0.960667120081067,0.008801151720920672,0.0
0.9697227385190661,0.02627159806514077,0.0,0.9803246522992162,0.009693904249770654,0.0
0.9697227385190661,0.02627159806514077,0.0,0.9855624329414576,0.02425214861329539,0.0
0.9595133274801777,0.04135100280380319,0.0,0.9814670574746389,0.04098084819988126,0.0
0.9595133274801777,0.04135100280380319,0.0,0.9682646099265863,0.055031165452939575,0.0
0.9595133274801777,0.04135100280380319,0.0,0.9486383889064669,0.059587894330530876,0.0
0.9595133274801777,0.04135100280380319,0.0,0.9379569197092121,0.041507537040166215,0.0
0.9595133274801777,0.04135100280380319,0.0,0.9495116495281278,0.025179209853531236,0.0
0.9814670574746389,0.04098084819988126,0.0,0.9682646099265863,0.055031165452939575,0.0
0.9814670574746389,0.04098084819988126,0.0,1.0,0.04999843208659849,0.0
0.9814670574746389,0.04098084819988126,0.0,0.983214792008884,0.06092570443900661,0.0
0.9814670574746389,0.04098084819988126,0.0,1.0,0.02999822311208308,0.0
0.9814670574746389,0.04098084819988126,0.0,0.9855624329414576,0.02425214861329539,0.0
0.9485257573635815,0.1585187413638143,0.0,0.9653589827149222,0.16999962959481288,0.0
0.9485257573635815,0.1585187413638143,0.0,0.9500134370005878,0.17940624366666794,0.0
0.9485257573635815,0.1585187413638143,0.0,0.9581413813618425,0.13940606878283932,0.0
0.9485257573635815,0.1585187413638143,0.0,0.9670157939196196,0.1535071821934408,0.0
0.9485257573635815,0.1585187413638143,0.0,0.9348318602285556,0.171426100752891,0.0
0.9485257573635815,0.1585187413638143,0.0,0.9379597430972637,0.1391461393300936,0.0
0.9485257573635815,0.1585187413638143,0.0,0.9272487571851383,0.1558945006815843,0.0
0.9653589827149222,0.16999962959481288,0.0,0.9500134370005878,0.17940624366666794,0.0
0.9653589827149222,0.16999962959481288,0.0,0.9670157939196196,0.1535071821934408,0.0
0.9653589827149222,0.16999962959481288,0.0,0.9831730570425126,0.17914483027703312,0.0
0.9653589827149222,0.16999962959481288,0.0,0.9826794913542604,0.15999952828918232,0.0
0.9500134370005878,0.17940624366666794,0.0,0.9348318602285556,0.171426100752891,0.0
0.9500134370005878,0.17940624366666794,0.0,0.9328412820708153,0.1894722089284556,0.0
0.9500134370005878,0.17940624366666794,0.0,0.9509069620002788,0.1954073902328314,0.0
0.530451305928349,0.043632486271162924,0.0,0.5100727358581151,0.04414849431636824,0.0
0.530451305928349,0.043632486271162924,0.0,0.519601235506437,0.061892487671948895,0.0
0.530451305928349,0.043632486271162924,0.0,0.5202561095418805,0.026595333989740108,0.0
0.530451305928349,0.043632486271162924,0.0,0.5405106967363644,0.02573595207249227,0.0
0.7769759217057517,0.13850103614778844,0.0,0.7572048230100077,0.13728102033662715,0.0
0.7769759217057517,0.13850103614778844,0.0,0.7679085238069046,0.11974393572231282,0.0
0.7769759217057517,0.13850103614778844,0.0,0.7861100246075278,0.15671786804324506,0.0
0.7769759217057517,0.13850103614778844,0.0,0.7662570062607017,0.1559067552418245,0.0
0.7572048230100077,0.13728102033662715,0.0,0.7679085238069046,0.11974393572231282,0.0
0.7572048230100077,0.13728102033662715,0.0,0.7481317548714006,0.1185176644908089,0.0
0.7572048230100077,0.13728102033662715,0.0,0.746748861327249,0.15500852597073353,0.0
0.7572048230100077,0.13728102033662715,0.0,0.7376551077914812,0.1361767578665647,0.0
0.7572048230100077,0.13728102033662715,0.0,0.7662570062607017,0.1559067552418245,0.0
0.7679085238069046,0.11974393572231282,0.0,0.7481317548714006,0.1185176644908089,0.0
0.7679085238069046,0.11974393572231282,0.0,0.7587677940512728,0.10105649505268577,0.0
0.9854716901453786,0.19516363213671242,0.0,0.9831730570425126,0.17914483027703312,0.0
0.9854716901453786,0.19516363213671242,0.0,1.0,0.18999981428160126,0.0
0.9854716901453786,0.19516363213671242,0.0,1.0,0.21,0.0
0.6670223433688107,0.08368433997010452,0.0,0.6549551647039981,0.0680743035276338,0.0
0.6670223433688107,0.08368433997010452,0.0,0.6471249577904458,0.08463220437576541,0.0
0.6670223433688107,0.08368433997010452,0.0,0.6788178927006526,0.10024729390627564,0.0
0.6670223433688107,0.08368433997010452,0.0,0.6588210243964877,0.09993527366294273,0.0
0.6549551647039981,0.0680743035276338,0.0,0.6471249577904458,0.08463220437576541,0.0
0.6549551647039981,0.0680743035276338,0.0,0.6425429472577774,0.052414727495610776,0.0
0.6549551647039981,0.0680743035276338,0.0,0.662580309646876,0.0509081021161953,0.0
0.6549551647039981,0.0680743035276338,0.0,0.6349860385629804,0.06925482944711461,0.0
0.3566300454837974,0.16236803596916927,0.0,0.3647763675861364,0.18089340904221585,0.0
0.3566300454837974,0.16236803596916927,0.0,0.3452014112231834,0.1792088009991271,0.0
0.3566300454837974,0.16236803596916927,0.0,0.33642715501288967,0.16040360342428703,0.0
0.3566300454837974,0.16236803596916927,0.0,0.3677550640019073,0.14569007923168795,0.0
0.3566300454837974,0.16236803596916927,0.0,0.34757152060968244,0.14451689192535028,0.0
0.3647763675861364,0.18089340904221585,0.0,0.3452014112231834,0.1792088009991271,0.0
0.3647763675861364,0.18089340904221585,0.0,0.3530228816138251,0.1972732469543295,0.0
0.3647763675861364,0.18089340904221585,0.0,0.3725585682950345,0.1996932487804034,0.0
0.6471249577904458,0.08463220437576541,0.0,0.638821869617885,0.09986510202658032,0.0
0.6471249577904458,0.08463220437576541,0.0,0.6588210243964877,0.09993527366294273,0.0
0.6471249577904458,0.08463220437576541,0.0,0.6349860385629804,0.06925482944711461,0.0
0.6471249577904458,0.08463220437576541,0.0,0.6277848949424368,0.0856069895647924,0.0
0.4202604733776985,0.023829961278680024,0.0,0.43140744252716356,0.006507516993217553,0.0
0.4202604733776985,0.023829961278680024,0.0,0.44008934045434817,0.025068273338140865,0.0
0.4202604733776985,0.023829961278680024,0.0,0.4292920575795417,0.04185732528591774,0.0
0.4171146466161742,0.16302616540514764,0.0,0.4281465516338527,0.1765304006985665,0.0
0.4171146466161742,0.16302616540514764,0.0,0.42791182362444624,0.14692460813708236,0.0
0.4171146466161742,0.16302616540514764,0.0,0.4375998764228721,0.16388324028282752,0.0
0.4171146466161742,0.16302616540514764,0.0,0.4078363619561991,0.14638442117209963,0.0
0.4281465516338527,0.1765304006985665,0.0,0.4233892847228847,0.19177127251001552,0.0
0.4281465516338527,0.1765304006985665,0.0,0.4375998764228721,0.16388324028282752,0.0
0.4281465516338527,0.1765304006985665,0.0,0.4400158293277303,0.19163896952936577,0.0
0.4281465516338527,0.1765304006985665,0.0,0.4473724815415852,0.17627193675292468,0.0
0.8517829118040737,0.015856144140461197,0.0,0.8433007544351494,-0.0038809259903156896,0.0
0.8517829118040737,0.015856144140461197,0.0,0.8628375824540332,-0.0015244281459054676,0.0
0.8517829118040737,0.015856144140461197,0.0,0.8710171072709786,0.01669277631864917,0.0
0.8517829118040737,0.015856144140461197,0.0,0.8595105362460186,0.0337512315680253,0.0
0.7057425391897695,0.1915070909240959,0.0,0.7253997900510565,0.1904740301919498,0.0
0.7057425391897695,0.1915070909240959,0.0,0.6861187615548019,0.1930527247722307,0.0
0.7253997900510565,0.1904740301919498,0.0,0.7450787942757616,0.1900191158835712,0.0
0.032308479048300004,0.10711479373156979,0.0,0.01837849726478095,0.12129794813930879,0.0
0.032308479048300004,0.10711479373156979,0.0,0.038926028670430206,0.12264502714453615,0.0
0.032308479048300004,0.10711479373156979,0.0,0.04861716066194946,0.10526343684305645,0.0
0.040096947499229964,0.0561165391395835,0.0,0.019730294147948055,0.05793927305617781,0.0
0.040096947499229964,0.0561165391395835,0.0,0.03163566395007452,0.04230561478096654,0.0
0.040096947499229964,0.0561165391395835,0.0,0.04797103307218428,0.03957073750528741,0.0
0.040096947499229964,0.0561165391395835,0.0,0.032068864883025384,0.07021601162215564,0.0
0.040096947499229964,0.0561165391395835,0.0,0.0496864310375631,0.07059347115193673,0.0
0.040096947499229964,0.0561165391395835,0.0,0.0596323549465522,0.054314300079689695,0.0
0.019730294147948055,0.05793927305617781,0.0,0.03163566395007452,0.04230561478096654,0.0
0.019730294147948055,0.05793927305617781,0.0,0.01609193856495365,0.03861171220422015,0.0
0.019730294147948055,0.05793927305617781,0.0,0.032068864883025384,0.07021601162215564,0.0
0.019730294147948055,0.05793927305617781,0.0,0.0002334111370453746,0.06999857633432867,0.0
0.019730294147948055,0.05793927305617781,0.0,0.0002667555851949112,0.049998361985802695,0.0
0.03163566395007452,0.04230561478096654,0.0,0.01609193856495365,0.03861171220422015,0.0
0.03163566395007452,0.04230561478096654,0.0,0.0322903796586744,0.02665634921825839,0.0
0.03163566395007452,0.04230561478096654,0.0,0.04797103307218428,0.03957073750528741,0.0
0.9797723159134115,0.1398469773690416,0.0,0.9581413813618425,0.13940606878283932,0.0
0.9797723159134115,0.1398469773690416,0.0,0.9670157939196196,0.1535071821934408,0.0
0.9797723159134115,0.1398469773690416,0.0,0.9671357356402361,0.12592937081276898,0.0
0.9797723159134115,0.1398469773690416,0.0,0.9826794913542604,0.15999952828918232,0.0
0.9797723159134115,0.1398469773690416,0.0,1.0,0.1299992373898803,0.0
0.9797723159134115,0.1398469773690416,0.0,0.9826794926983942,0.11999913866741933,0.0
0.9797723159134115,0.1398469773690416,0.0,1.0,0.14999943219876757,0.0
0.9581413813618425,0.13940606878283932,0.0,0.9670157939196196,0.1535071821934408,0.0
0.9581413813618425,0.13940606878283932,0.0,0.9671357356402361,0.12592937081276898,0.0
0.9581413813618425,0.13940606878283932,0.0,0.9483887700907183,0.12053706326396559,0.0
0.9581413813618425,0.13940606878283932,0.0,0.9379597430972637,0.1391461393300936,0.0
0.9670157939196196,0.1535071821934408,0.0,0.9826794913542604,0.15999952828918232,0.0
0.9671357356402361,0.12592937081276898,0.0,0.9483887700907183,0.12053706326396559,0.0
0.9671357356402361,0.12592937081276898,0.0,0.9657891260379404,0.10944478621107616,0.0
0.9671357356402361,0.12592937081276898,0.0,0.9826794926983942,0.11999913866741933,0.0
0.6198624518945268,0.018343495390012142,0.0,0.6115078026261498,0.037673634412447386,0.0
0.6198624518945268,0.018343495390012142,0.0,0.6313547870558491,0.036267935744162906,0.0
0.6198624518945268,0.018343495390012142,0.0,0.5999919185830667,0.020840289425659294,0.0
0.6198624518945268,0.018343495390012142,0.0,0.6080377362572738,0.0021134395061123087,0.0
0.6115078026261498,0.037673634412447386,0.0,0.6313547870558491,0.036267935744162906,0.0
0.6115078026261498,0.037673634412447386,0.0,0.5999919185830667,0.020840289425659294,0.0
0.6115078026261498,0.037673634412447386,0.0,0.5918094031400992,0.039738361660225915,0.0
0.6115078026261498,0.037673634412447386,0.0,0.6028823099852649,0.056051159000443086,0.0
0.6115078026261498,0.037673634412447386,0.0,0.6226823594164859,0.05451802008916109,0.0
0.6313547870558491,0.036267935744162906,0.0,0.6226823594164859,0.05451802008916109,0.0
0.6313547870558491,0.036267935744162906,0.0,0.6425429472577774,0.052414727495610776,0.0
0.5891653224022585,0.08061201258526009,0.0,0.5842657387435014,0.06015006112578371,0.0
0.5891653224022585,0.08061201258526009,0.0,0.5996036792543435,0.0703309458570885,0.0
0.5891653224022585,0.08061201258526009,0.0,0.5989552594591553,0.09888529914662537,0.0
0.5891653224022585,0.08061201258526009,0.0,0.6084379735544803,0.08517749603763228,0.0
0.5842657387435014,0.06015006112578371,0.0,0.5996036792543435,0.0703309458570885,0.0
0.5842657387435014,0.06015006112578371,0.0,0.5918094031400992,0.039738361660225915,0.0
0.5842657387435014,0.06015006112578371,0.0,0.5717049711915787,0.04087781990262617,0.0
0.5842657387435014,0.06015006112578371,0.0,0.6028823099852649,0.056051159000443086,0.0
0.7481317548714006,0.1185176644908089,0.0,0.7376551077914812,0.1361767578665647,0.0
0.7481317548714006,0.1185176644908089,0.0,0.7388095699864569,0.10074254378628981,0.0
0.7481317548714006,0.1185176644908089,0.0,0.7283274639589937,0.11785421342582762,0.0
0.7481317548714006,0.1185176644908089,0.0,0.7587677940512728,0.10105649505268577,0.0
0.4290763002766677,0.07765885725715942,0.0,0.44893115979946163,0.07798116210582344,0.0
0.4290763002766677,0.07765885725715942,0.0,0.43884911938631244,0.05995092273227955,0.0
0.4290763002766677,0.07765885725715942,0.0,0.4388702694605919,0.09518327515672168,0.0
0.4290763002766677,0.07765885725715942,0.0,0.4188735863398501,0.09481800697389967,0.0
0.677254670824865,0.1626948426973943,0.0,0.6678797563087615,0.15087338146681084,0.0
0.677254670824865,0.1626948426973943,0.0,0.6724327746460743,0.17774471161279579,0.0
0.677254670824865,0.1626948426973943,0.0,0.658757387185787,0.16413150093274056,0.0
0.017478437830846273,0.15836268629362515,0.0,0.02877934702940053,0.1398759613365769,0.0
0.017478437830846273,0.15836268629362515,0.0,0.03823604232535197,0.15673972572836387,0.0
0.017478437830846273,0.15836268629362515,0.0,0.012444546291800513,0.1399902603717335,0.0
0.017478437830846273,0.15836268629362515,0.0,6.668889629864687e-05,0.16999960681474657,0.0
0.017478437830846273,0.15836268629362515,0.0,0.0001000333444479161,0.149999405608623,0.0
0.017478437830846273,0.15836268629362515,0.0,0.014343820869025583,0.17476587114059094,0.0
0.02877934702940053,0.1398759613365769,0.0,0.03823604232535197,0.15673972572836387,0.0
0.02877934702940053,0.1398759613365769,0.0,0.01837849726478095,0.12129794813930879,0.0
0.02877934702940053,0.1398759613365769,0.0,0.038926028670430206,0.12264502714453615,0.0
0.02877934702940053,0.1398759613365769,0.0,0.012444546291800513,0.1399902603717335,0.0
0.02877934702940053,0.1398759613365769,0.0,0.0479766978111983,0.1398988651111021,0.0
0.03823604232535197,0.15673972572836387,0.0,0.0479766978111983,0.1398988651111021,0.0
0.03823604232535197,0.15673972572836387,0.0,0.05766047445643583,0.15709225048315117,0.0
0.8593632253219745,0.06837601945710692,0.0,0.8793998089375848,0.07061393388239899,0.0
0.8593632253219745,0.06837601945710692,0.0,0.8690899112769179,0.05185972191321157,0.0
0.8593632253219745,0.06837601945710692,0.0,0.8394315701870664,0.0680178556765748,0.0
0.8593632253219745,0.06837601945710692,0.0,0.8493502867297807,0.05065978269548224,0.0
0.8593632253219745,0.06837601945710692,0.0,0.8491363162039934,0.08574754327988408,0.0
0.8593632253219745,0.06837601945710692,0.0,0.8691234555080031,0.08639571675475319,0.0
0.8793998089375848,0.07061393388239899,0.0,0.8690899112769179,0.05185972191321157,0.0
0.8793998089375848,0.07061393388239899,0.0,0.8982358693784661,0.07069675753607323,0.0
0.8793998089375848,0.07061393388239899,0.0,0.888157967063941,0.05273770975650363,0.0
0.8793998089375848,0.07061393388239899,0.0,0.8891107638068433,0.0866406297925709,0.0
0.8793998089375848,0.07061393388239899,0.0,0.8691234555080031,0.08639571675475319,0.0
0.8690899112769179,0.05185972191321157,0.0,0.888157967063941,0.05273770975650363,0.0
0.8690899112769179,0.05185972191321157,0.0,0.8787576428685465,0.03501965435630584,0.0
0.8690899112769179,0.05185972191321157,0.0,0.8595105362460186,0.0337512315680253,0.0
0.8690899112769179,0.05185972191321157,0.0,0.8493502867297807,0.05065978269548224,0.0
0.8643684542555641,0.1774271963930043,0.0,0.8714856871075789,0.1579526209311256,0.0
0.8643684542555641,0.1774271963930043,0.0,0.8627921253644149,0.1984719234020252,0.0
0.8643684542555641,0.1774271963930043,0.0,0.8813610666857388,0.1729284526764603,0.0
0.8643684542555641,0.1774271963930043,0.0,0.8772077931968859,0.1870824531662283,0.0
0.8982358693784661,0.07069675753607323,0.0,0.9081536829100519,0.054817141234521555,0.0
0.8982358693784661,0.07069675753607323,0.0,0.9179698976596325,0.07154708622284055,0.0
0.8982358693784661,0.07069675753607323,0.0,0.888157967063941,0.05273770975650363,0.0
0.8982358693784661,0.07069675753607323,0.0,0.8891107638068433,0.0866406297925709,0.0
0.8982358693784661,0.07069675753607323,0.0,0.9090984894760125,0.08726953781247379,0.0
0.9081536829100519,0.054817141234521555,0.0,0.9179698976596325,0.07154708622284055,0.0
0.9081536829100519,0.054817141234521555,0.0,0.9271146701209446,0.05629636738405523,0.0
0.9081536829100519,0.054817141234521555,0.0,0.888157967063941,0.05273770975650363,0.0
0.9081536829100519,0.054817141234521555,0.0,0.8980874536677007,0.03684924275785931,0.0
0.9081536829100519,0.054817141234521555,0.0,0.917967779729144,0.039097535847807646,0.0
0.9179698976596325,0.07154708622284055,0.0,0.9302320057235709,0.08903699053218705,0.0
0.9179698976596325,0.07154708622284055,0.0,0.9271146701209446,0.05629636738405523,0.0
0.9179698976596325,0.07154708622284055,0.0,0.9090984894760125,0.08726953781247379,0.0
0.9179698976596325,0.07154708622284055,0.0,0.9349846685866404,0.07116572382828815,0.0
0.4233892847228847,0.19177127251001552,0.0,0.4312186625324201,0.2064914855210821,0.0
0.4233892847228847,0.19177127251001552,0.0,0.4400158293277303,0.19163896952936577,0.0
0.2164102424875442,0.12527788745972074,0.0,0.20433276298455133,0.14198316988560622,0.0
0.2164102424875442,0.12527788745972074,0.0,0.22489962048569406,0.14168530527393414,0.0
0.2164102424875442,0.12527788745972074,0.0,0.19639785053043185,0.1248678139538993,0.0
0.2164102424875442,0.12527788745972074,0.0,0.22858639562467015,0.10859155458960425,0.0
0.2164102424875442,0.12527788745972074,0.0,0.2085898134081576,0.10822176652092343,0.0
0.2164102424875442,0.12527788745972074,0.0,0.2373216945735546,0.12552822636079167,0.0
0.20433276298455133,0.14198316988560622,0.0,0.22489962048569406,0.14168530527393414,0.0
0.20433276298455133,0.14198316988560622,0.0,0.21445138086066165,0.15720582845028652,0.0
0.20433276298455133,0.14198316988560622,0.0,0.19363042732211566,0.15865678022017318,0.0
0.20433276298455133,0.14198316988560622,0.0,0.19639785053043185,0.1248678139538993,0.0
0.22489962048569406,0.14168530527393414,0.0,0.21445138086066165,0.15720582845028652,0.0
0.22489962048569406,0.14168530527393414,0.0,0.23513572243846734,0.155935958175339,0.0
0.22489962048569406,0.14168530527393414,0.0,0.2373216945735546,0.12552822636079167,0.0
0.22489962048569406,0.14168530527393414,0.0,0.24533226558643143,0.1417428227534677,0.0
0.9682646099265863,0.055031165452939575,0.0,0.9486383889064669,0.059587894330530876,0.0
0.9682646099265863,0.055031165452939575,0.0,0.9662022949332758,0.07090415665998973,0.0
0.9682646099265863,0.055031165452939575,0.0,0.983214792008884,0.06092570443900661,0.0
0.9302320057235709,0.08903699053218705,0.0,0.9486631162117521,0.09931931595664305,0.0
0.9302320057235709,0.08903699053218705,0.0,0.9488846413000758,0.07983583896348852,0.0
0.9302320057235709,0.08903699053218705,0.0,0.9340996344321104,0.106991838052323,0.0
0.9302320057235709,0.08903699053218705,0.0,0.9090984894760125,0.08726953781247379,0.0
0.9302320057235709,0.08903699053218705,0.0,0.9180059271524855,0.10460889751766131,0.0
0.9302320057235709,0.08903699053218705,0.0,0.9349846685866404,0.07116572382828815,0.0
0.9486631162117521,0.09931931595664305,0.0,0.9488846413000758,0.07983583896348852,0.0
0.9486631162117521,0.09931931595664305,0.0,0.9483887700907183,0.12053706326396559,0.0
0.9486631162117521,0.09931931595664305,0.0,0.9657891260379404,0.10944478621107616,0.0
0.9486631162117521,0.09931931595664305,0.0,0.9340996344321104,0.106991838052323,0.0
0.9486631162117521,0.09931931595664305,0.0,0.9654306780632045,0.0899064680514333,0.0
0.9488846413000758,0.07983583896348852,0.0,0.9486383889064669,0.059587894330530876,0.0
0.9488846413000758,0.07983583896348852,0.0,0.9662022949332758,0.07090415665998973,0.0
0.9488846413000758,0.07983583896348852,0.0,0.9654306780632045,0.0899064680514333,0.0
0.9488846413000758,0.07983583896348852,0.0,0.9349846685866404,0.07116572382828815,0.0
0.5100727358581151,0.04414849431636824,0.0,0.519601235506437,0.061892487671948895,0.0
0.5100727358581151,0.04414849431636824,0.0,0.5202561095418805,0.026595333989740108,0.0
0.5100727358581151,0.04414849431636824,0.0,0.5000514840007008,0.026962604218554308,0.0
0.5100727358581151,0.04414849431636824,0.0,0.48979817872497816,0.044154613523358484,0.0
0.5100727358581151,0.04414849431636824,0.0,0.4995475539128518,0.061581996156227725,0.0
0.519601235506437,0.061892487671948895,0.0,0.4995475539128518,0.061581996156227725,0.0
0.519601235506437,0.061892487671948895,0.0,0.5091789635607905,0.0791328653093273,0.0
0.8063719894254003,0.15786230376835056,0.0,0.8153374163333876,0.17603892056016474,0.0
0.8063719894254003,0.15786230376835056,0.0,0.7953287086565968,0.17454981738989397,0.0
0.8063719894254003,0.15786230376835056,0.0,0.7861100246075278,0.15671786804324506,0.0
0.9271146701209446,0.05629636738405523,0.0,0.9486383889064669,0.059587894330530876,0.0
0.9271146701209446,0.05629636738405523,0.0,0.9379569197092121,0.041507537040166215,0.0
0.9271146701209446,0.05629636738405523,0.0,0.917967779729144,0.039097535847807646,0.0
0.9271146701209446,0.05629636738405523,0.0,0.9349846685866404,0.07116572382828815,0.0
0.21445138086066165,0.15720582845028652,0.0,0.20477681053429725,0.17466882386342958,0.0
0.21445138086066165,0.15720582845028652,0.0,0.19363042732211566,0.15865678022017318,0.0
0.21445138086066165,0.15720582845028652,0.0,0.22484047039921265,0.17347102991850788,0.0
0.21445138086066165,0.15720582845028652,0.0,0.23513572243846734,0.155935958175339,0.0
0.20477681053429725,0.17466882386342958,0.0,0.19363042732211566,0.15865678022017318,0.0
0.20477681053429725,0.17466882386342958,0.0,0.22484047039921265,0.17347102991850788,0.0
0.20477681053429725,0.17466882386342958,0.0,0.18461772222902464,0.17611754937068155,0.0
0.20477681053429725,0.17466882386342958,0.0,0.2155675444190997,0.1909215933815534,0.0
0.20477681053429725,0.17466882386342958,0.0,0.1959260328513177,0.1922212147213933,0.0
0.19363042732211566,0.15865678022017318,0.0,0.17314142096421972,0.16010053387916748,0.0
0.19363042732211566,0.15865678022017318,0.0,0.18461772222902464,0.17611754937068155,0.0
0.8433007544351494,-0.0038809259903156896,0.0,0.8628375824540332,-0.0015244281459054676,0.0
0.8628375824540332,-0.0015244281459054676,0.0,0.8710171072709786,0.01669277631864917,0.0
0.8628375824540332,-0.0015244281459054676,0.0,0.882363407041615,0.0009219959415713818,0.0
0.01837849726478095,0.12129794813930879,0.0,0.038926028670430206,0.12264502714453615,0.0
0.01837849726478095,0.12129794813930879,0.0,0.012444546291800513,0.1399902603717335,0.0
0.01837849726478095,0.12129794813930879,0.0,0.0001667222407464953,0.10999899616874147,0.0
0.01837849726478095,0.12129794813930879,0.0,0.0001333777925972035,0.12999920203082085,0.0
0.038926028670430206,0.12264502714453615,0.0,0.0479766978111983,0.1398988651111021,0.0
0.038926028670430206,0.12264502714453615,0.0,0.04861716066194946,0.10526343684305645,0.0
0.038926028670430206,0.12264502714453615,0.0,0.058295220245563474,0.12276603319402964,0.0
0.5999919185830667,0.020840289425659294,0.0,0.5918094031400992,0.039738361660225915,0.0
0.5999919185830667,0.020840289425659294,0.0,0.5802384192931401,0.022746736056351607,0.0
0.5999919185830667,0.020840289425659294,0.0,0.5884956994466163,0.0044260704717228394,0.0
0.5999919185830667,0.020840289425659294,0.0,0.6080377362572738,0.0021134395061123087,0.0
0.43140744252716356,0.006507516993217553,0.0,0.44008934045434817,0.025068273338140865,0.0
0.43140744252716356,0.006507516993217553,0.0,0.45101577686668726,0.008162543425468282,0.0
0.25826416521063084,0.023341057060538108,0.0,0.26544662969618177,0.005919193053771852,0.0
0.25826416521063084,0.023341057060538108,0.0,0.23946261319913398,0.023927039632306465,0.0
0.25826416521063084,0.023341057060538108,0.0,0.2469874252192219,0.0065608234499402234,0.0
0.25826416521063084,0.023341057060538108,0.0,0.24985700408308345,0.04006397130252398,0.0
0.25826416521063084,0.023341057060538108,0.0,0.26985318094542077,0.040255162848876876,0.0
0.26544662969618177,0.005919193053771852,0.0,0.2469874252192219,0.0065608234499402234,0.0
0.26544662969618177,0.005919193053771852,0.0,0.25516965039952494,-0.009980898473198952,0.0
0.26544662969618177,0.005919193053771852,0.0,0.27484195493553437,-0.009518676527991429,0.0
0.5996036792543435,0.0703309458570885,0.0,0.6028823099852649,0.056051159000443086,0.0
0.5996036792543435,0.0703309458570885,0.0,0.6148088015262716,0.0719677697145368,0.0
0.5996036792543435,0.0703309458570885,0.0,0.6084379735544803,0.08517749603763228,0.0
0.3452014112231834,0.1792088009991271,0.0,0.33642715501288967,0.16040360342428703,0.0
0.3452014112231834,0.1792088009991271,0.0,0.32508202477046044,0.1768313404234334,0.0
0.3452014112231834,0.1792088009991271,0.0,0.3334679733597575,0.1950146597444102,0.0
0.3452014112231834,0.1792088009991271,0.0,0.3530228816138251,0.1972732469543295,0.0
0.33642715501288967,0.16040360342428703,0.0,0.31645798965443955,0.15903423334740277,0.0
0.33642715501288967,0.16040360342428703,0.0,0.32508202477046044,0.1768313404234334,0.0
0.33642715501288967,0.16040360342428703,0.0,0.34757152060968244,0.14451689192535028,0.0
0.33642715501288967,0.16040360342428703,0.0,0.3275052696070293,0.14341558312711175,0.0
0.8714856871075789,0.1579526209311256,0.0,0.8798429605544766,0.13900976093499198,0.0
0.8714856871075789,0.1579526209311256,0.0,0.8893274147498573,0.15519354978213368,0.0
0.8714856871075789,0.1579526209311256,0.0,0.8813610666857388,0.1729284526764603,0.0
0.44893115979946163,0.07798116210582344,0.0,0.43884911938631244,0.05995092273227955,0.0
0.44893115979946163,0.07798116210582344,0.0,0.45926109045398145,0.060729079163620706,0.0
0.44893115979946163,0.07798116210582344,0.0,0.4388702694605919,0.09518327515672168,0.0
0.44893115979946163,0.07798116210582344,0.0,0.4588672168073556,0.0955306424440019,0.0
0.44893115979946163,0.07798116210582344,0.0,0.4691774629521798,0.07839617070693403,0.0
0.43884911938631244,0.05995092273227955,0.0,0.45926109045398145,0.060729079163620706,0.0
0.43884911938631244,0.05995092273227955,0.0,0.44945232356640064,0.04296816430769851,0.0
0.43884911938631244,0.05995092273227955,0.0,0.4292920575795417,0.04185732528591774,0.0
0.45926109045398145,0.060729079163620706,0.0,0.44945232356640064,0.04296816430769851,0.0
0.45926109045398145,0.060729079163620706,0.0,0.46967293629375007,0.043801502589729396,0.0
0.45926109045398145,0.060729079163620706,0.0,0.4691774629521798,0.07839617070693403,0.0
0.45926109045398145,0.060729079163620706,0.0,0.4794835406450601,0.061276554496334526,0.0
0.3610606660599675,0.015671969482540377,0.0,0.342435511494475,0.01215903037717669,0.0
0.3610606660599675,0.015671969482540377,0.0,0.3727661971834031,-0.00028266826518133124,0.0
0.3610606660599675,0.015671969482540377,0.0,0.3532371163503181,-0.002702838587845511,0.0
0.8798429605544766,0.13900976093499198,0.0,0.8893274147498573,0.15519354978213368,0.0
0.8798429605544766,0.13900976093499198,0.0,0.8983299324507262,0.13820077543941364,0.0
0.8798429605544766,0.13900976093499198,0.0,0.8891140552995361,0.12088737818933486,0.0
0.30540790202477835,0.17528511576044964,0.0,0.2957757173455448,0.15777456440313,0.0
0.30540790202477835,0.17528511576044964,0.0,0.31645798965443955,0.15903423334740277,0.0
0.30540790202477835,0.17528511576044964,0.0,0.32508202477046044,0.1768313404234334,0.0
0.30540790202477835,0.17528511576044964,0.0,0.2849841241969562,0.17371513502528063,0.0
0.30540790202477835,0.17528511576044964,0.0,0.2942574624549822,0.1915070910332105,0.0
0.30540790202477835,0.17528511576044964,0.0,0.313881240220007,0.1930527249326497,0.0
0.2957757173455448,0.15777456440313,0.0,0.31645798965443955,0.15903423334740277,0.0
0.2957757173455448,0.15777456440313,0.0,0.2849841241969562,0.17371513502528063,0.0
0.2957757173455448,0.15777456440313,0.0,0.2751969565253264,0.15589257609870424,0.0
0.2957757173455448,0.15777456440313,0.0,0.3068359233253421,0.14266557185020687,0.0
0.2957757173455448,0.15777456440313,0.0,0.285869941252897,0.1420088079275879,0.0
0.31645798965443955,0.15903423334740277,0.0,0.32508202477046044,0.1768313404234334,0.0
0.31645798965443955,0.15903423334740277,0.0,0.3068359233253421,0.14266557185020687,0.0
0.31645798965443955,0.15903423334740277,0.0,0.3275052696070293,0.14341558312711175,0.0
0.746748861327249,0.15500852597073353,0.0,0.7376551077914812,0.1361767578665647,0.0
0.746748861327249,0.15500852597073353,0.0,0.7556069659755374,0.17279618147153544,0.0
0.746748861327249,0.15500852597073353,0.0,0.7662570062607017,0.1559067552418245,0.0
0.8893274147498573,0.15519354978213368,0.0,0.8813610666857388,0.1729284526764603,0.0
0.8893274147498573,0.15519354978213368,0.0,0.8983299324507262,0.13820077543941364,0.0
0.8893274147498573,0.15519354978213368,0.0,0.9080894391304771,0.15491404569891928,0.0
0.9483887700907183,0.12053706326396559,0.0,0.9657891260379404,0.10944478621107616,0.0
0.9483887700907183,0.12053706326396559,0.0,0.9340996344321104,0.106991838052323,0.0
0.9483887700907183,0.12053706326396559,0.0,0.9379597430972637,0.1391461393300936,0.0
0.9483887700907183,0.12053706326396559,0.0,0.9275336348770054,0.12208162172260291,0.0
0.9657891260379404,0.10944478621107616,0.0,0.9826794926983942,0.11999913866741933,0.0
0.9657891260379404,0.10944478621107616,0.0,0.9826794935499356,0.09999894005086618,0.0
0.9657891260379404,0.10944478621107616,0.0,0.9654306780632045,0.0899064680514333,0.0
0.01609193856495365,0.03861171220422015,0.0,0.0322903796586744,0.02665634921825839,0.0
0.01609193856495365,0.03861171220422015,0.0,0.0002667555851949112,0.049998361985802695,0.0
0.01609193856495365,0.03861171220422015,0.0,0.0003001000333443396,0.029998144076888503,0.0
0.01609193856495365,0.03861171220422015,0.0,0.014572788587752827,0.023984328513955933,0.0
0.19639785053043185,0.1248678139538993,0.0,0.2085898134081576,0.10822176652092343,0.0
0.19639785053043185,0.1248678139538993,0.0,0.1885983010508961,0.10757780269776827,0.0
0.44008934045434817,0.025068273338140865,0.0,0.44945232356640064,0.04296816430769851,0.0
0.44008934045434817,0.025068273338140865,0.0,0.4292920575795417,0.04185732528591774,0.0
0.44008934045434817,0.025068273338140865,0.0,0.4601856367796422,0.026117406662080705,0.0
0.44008934045434817,0.025068273338140865,0.0,0.45101577686668726,0.008162543425468282,0.0
0.44945232356640064,0.04296816430769851,0.0,0.4292920575795417,0.04185732528591774,0.0
0.44945232356640064,0.04296816430769851,0.0,0.4601856367796422,0.026117406662080705,0.0
0.44945232356640064,0.04296816430769851,0.0,0.46967293629375007,0.043801502589729396,0.0
0.9348318602285556,0.171426100752891,0.0,0.9328412820708153,0.1894722089284556,0.0
0.9348318602285556,0.171426100752891,0.0,0.9272487571851383,0.1558945006815843,0.0
0.32508202477046044,0.1768313404234334,0.0,0.313881240220007,0.1930527249326497,0.0
0.32508202477046044,0.1768313404234334,0.0,0.3334679733597575,0.1950146597444102,0.0
0.7376551077914812,0.1361767578665647,0.0,0.7283274639589937,0.11785421342582762,0.0
0.7376551077914812,0.1361767578665647,0.0,0.7180920225542813,0.1349185158446783,0.0
0.7304023566967304,0.025930738979079486,0.0,0.7366840363621896,0.0068846694406297666,0.0
0.7304023566967304,0.025930738979079486,0.0,0.7450619177920467,0.022025797652139575,0.0
0.9486383889064669,0.059587894330530876,0.0,0.9662022949332758,0.07090415665998973,0.0
0.9486383889064669,0.059587894330530876,0.0,0.9379569197092121,0.041507537040166215,0.0
0.9486383889064669,0.059587894330530876,0.0,0.9349846685866404,0.07116572382828815,0.0
0.9662022949332758,0.07090415665998973,0.0,0.9654306780632045,0.0899064680514333,0.0
0.9662022949332758,0.07090415665998973,0.0,0.983214792008884,0.06092570443900661,0.0
0.9662022949332758,0.07090415665998973,0.0,0.982780659045753,0.08013787106473678,0.0
0.5202561095418805,0.026595333989740108,0.0,0.5000514840007008,0.026962604218554308,0.0
0.5202561095418805,0.026595333989740108,0.0,0.5405106967363644,0.02573595207249227,0.0
0.5202561095418805,0.026595333989740108,0.0,0.5100055457004958,0.009919067348271181,0.0
0.5202561095418805,0.026595333989740108,0.0,0.5296738775492393,0.009310780194837224,0.0
0.8153374163333876,0.17603892056016474,0.0,0.7953287086565968,0.17454981738989397,0.0
0.8153374163333876,0.17603892056016474,0.0,0.8040739682388426,0.1922212148074821,0.0
0.8153374163333876,0.17603892056016474,0.0,0.8236791101517987,0.1939886763111289,0.0
0.9379569197092121,0.041507537040166215,0.0,0.9495116495281278,0.025179209853531236,0.0
0.9379569197092121,0.041507537040166215,0.0,0.917967779729144,0.039097535847807646,0.0
0.9379569197092121,0.041507537040166215,0.0,0.9295441526349457,0.02346578442268915,0.0
0.2849841241969562,0.17371513502528063,0.0,0.26508690881868036,0.1731504196994798,0.0
0.2849841241969562,0.17371513502528063,0.0,0.2751969565253264,0.15589257609870424,0.0
0.2849841241969562,0.17371513502528063,0.0,0.2746002114883518,0.1904740302508034,0.0
0.2849841241969562,0.17371513502528063,0.0,0.2942574624549822,0.1915070910332105,0.0
0.22484047039921265,0.17347102991850788,0.0,0.23513572243846734,0.155935958175339,0.0
0.22484047039921265,0.17347102991850788,0.0,0.24494734861533837,0.17304862918673475,0.0
0.22484047039921265,0.17347102991850788,0.0,0.2352375608496372,0.1901715774166525,0.0
0.22484047039921265,0.17347102991850788,0.0,0.2155675444190997,0.1909215933815534,0.0
0.4601856367796422,0.026117406662080705,0.0,0.48002550658924964,0.026714303601771603,0.0
0.4601856367796422,0.026117406662080705,0.0,0.46967293629375007,0.043801502589729396,0.0
0.4601856367796422,0.026117406662080705,0.0,0.4706592242552946,0.009325948205721142,0.0
0.4601856367796422,0.026117406662080705,0.0,0.45101577686668726,0.008162543425468282,0.0
0.5918094031400992,0.039738361660225915,0.0,0.5802384192931401,0.022746736056351607,0.0
0.5918094031400992,0.039738361660225915,0.0,0.5717049711915787,0.04087781990262617,0.0
0.5918094031400992,0.039738361660225915,0.0,0.6028823099852649,0.056051159000443086,0.0
0.05339485221345359,0.023250315660938273,0.0,0.0322903796586744,0.02665634921825839,0.0
0.05339485221345359,0.023250315660938273,0.0,0.04797103307218428,0.03957073750528741,0.0
0.05339485221345359,0.023250315660938273,0.0,0.03966572908037495,0.00878123240677548,0.0
0.05339485221345359,0.023250315660938273,0.0,0.05929145341714438,0.007348352959066093,0.0
0.0322903796586744,0.02665634921825839,0.0,0.04797103307218428,0.03957073750528741,0.0
0.0322903796586744,0.02665634921825839,0.0,0.02000863205556045,0.00968356925878227,0.0
0.0322903796586744,0.02665634921825839,0.0,0.03966572908037495,0.00878123240677548,0.0
0.0322903796586744,0.02665634921825839,0.0,0.014572788587752827,0.023984328513955933,0.0
0.04797103307218428,0.03957073750528741,0.0,0.0596323549465522,0.054314300079689695,0.0
0.888157967063941,0.05273770975650363,0.0,0.8787576428685465,0.03501965435630584,0.0
0.888157967063941,0.05273770975650363,0.0,0.8980874536677007,0.03684924275785931,0.0
0.012444546291800513,0.1399902603717335,0.0,0.0001333777925972035,0.12999920203082085,0.0
0.012444546291800513,0.1399902603717335,0.0,0.0001000333444479161,0.149999405608623,0.0
0.7556069659755374,0.17279618147153544,0.0,0.7450787942757616,0.1900191158835712,0.0
0.7556069659755374,0.17279618147153544,0.0,0.7647624404709625,0.1901715774472619,0.0
0.7556069659755374,0.17279618147153544,0.0,0.7753583799540095,0.1734711900276535,0.0
0.7556069659755374,0.17279618147153544,0.0,0.7662570062607017,0.1559067552418245,0.0
0.3677550640019073,0.14569007923168795,0.0,0.35831660498345136,0.12819579377642035,0.0
0.3677550640019073,0.14569007923168795,0.0,0.37824052471602704,0.12868253122603376,0.0
0.3677550640019073,0.14569007923168795,0.0,0.3879244209105626,0.14618325556581863,0.0
0.3677550640019073,0.14569007923168795,0.0,0.34757152060968244,0.14451689192535028,0.0
0.9340996344321104,0.106991838052323,0.0,0.9180059271524855,0.10460889751766131,0.0
0.9340996344321104,0.106991838052323,0.0,0.9275336348770054,0.12208162172260291,0.0
0.26508690881868036,0.1731504196994798,0.0,0.2751969565253264,0.15589257609870424,0.0
0.26508690881868036,0.1731504196994798,0.0,0.24494734861533837,0.17304862918673475,0.0
0.26508690881868036,0.1731504196994798,0.0,0.2746002114883518,0.1904740302508034,0.0
0.26508690881868036,0.1731504196994798,0.0,0.2551840855750325,0.1558060803503694,0.0
0.26508690881868036,0.1731504196994798,0.0,0.2549212071454445,0.1900191158946087,0.0
0.2751969565253264,0.15589257609870424,0.0,0.285869941252897,0.1420088079275879,0.0
0.2751969565253264,0.15589257609870424,0.0,0.2551840855750325,0.1558060803503694,0.0
0.2751969565253264,0.15589257609870424,0.0,0.26542372151094845,0.14182662152155603,0.0
0.2976838162043213,0.12622291803116034,0.0,0.3068359233253421,0.14266557185020687,0.0
0.2976838162043213,0.12622291803116034,0.0,0.285869941252897,0.1420088079275879,0.0
0.2976838162043213,0.12622291803116034,0.0,0.3182562730168027,0.12727619614841962,0.0
0.2976838162043213,0.12622291803116034,0.0,0.3085726979599018,0.11007208185416786,0.0
0.2976838162043213,0.12622291803116034,0.0,0.28857613564121387,0.10970124209021745,0.0
0.2976838162043213,0.12622291803116034,0.0,0.27737627601560344,0.12616651268154086,0.0
0.3068359233253421,0.14266557185020687,0.0,0.285869941252897,0.1420088079275879,0.0
0.3068359233253421,0.14266557185020687,0.0,0.3182562730168027,0.12727619614841962,0.0
0.3068359233253421,0.14266557185020687,0.0,0.3275052696070293,0.14341558312711175,0.0
0.285869941252897,0.1420088079275879,0.0,0.27737627601560344,0.12616651268154086,0.0
0.285869941252897,0.1420088079275879,0.0,0.26542372151094845,0.14182662152155603,0.0
0.9495116495281278,0.025179209853531236,0.0,0.960667120081067,0.008801151720920672,0.0
0.9495116495281278,0.025179209853531236,0.0,0.9410407929195893,0.007376597437970731,0.0
0.9495116495281278,0.025179209853531236,0.0,0.9295441526349457,0.02346578442268915,0.0
0.23513572243846734,0.155935958175339,0.0,0.24494734861533837,0.17304862918673475,0.0
0.23513572243846734,0.155935958175339,0.0,0.2551840855750325,0.1558060803503694,0.0
0.23513572243846734,0.155935958175339,0.0,0.24533226558643143,0.1417428227534677,0.0
0.48002550658924964,0.026714303601771603,0.0,0.46967293629375007,0.043801502589729396,0.0
0.48002550658924964,0.026714303601771603,0.0,0.5000514840007008,0.026962604218554308,0.0
0.48002550658924964,0.026714303601771603,0.0,0.4706592242552946,0.009325948205721142,0.0
0.48002550658924964,0.026714303601771603,0.0,0.48979817872497816,0.044154613523358484,0.0
0.48002550658924964,0.026714303601771603,0.0,0.49032786130495104,0.009924234266080578,0.0
0.46967293629375007,0.043801502589729396,0.0,0.48979817872497816,0.044154613523358484,0.0
0.46967293629375007,0.043801502589729396,0.0,0.4794835406450601,0.061276554496334526,0.0
0.22772426314672561,0.007354348337914838,0.0,0.22014835369366237,0.024030366615867133,0.0
0.22772426314672561,0.007354348337914838,0.0,0.23946261319913398,0.023927039632306465,0.0
0.22772426314672561,0.007354348337914838,0.0,0.2469874252192219,0.0065608234499402234,0.0
0.22772426314672561,0.007354348337914838,0.0,0.21582869467829854,-0.009094111636984486,0.0
0.22772426314672561,0.007354348337914838,0.0,0.20774422238189333,0.00803633359306184,0.0
0.22772426314672561,0.007354348337914838,0.0,0.23549247397346978,-0.009836273242324714,0.0
0.22014835369366237,0.024030366615867133,0.0,0.23946261319913398,0.023927039632306465,0.0
0.22014835369366237,0.024030366615867133,0.0,0.22986732434956528,0.039320675701979876,0.0
0.22014835369366237,0.024030366615867133,0.0,0.2098648164438603,0.039271113850586944,0.0
0.22014835369366237,0.024030366615867133,0.0,0.20774422238189333,0.00803633359306184,0.0
0.22014835369366237,0.024030366615867133,0.0,0.19992614168953818,0.02440707257251655,0.0
0.23946261319913398,0.023927039632306465,0.0,0.2469874252192219,0.0065608234499402234,0.0
0.23946261319913398,0.023927039632306465,0.0,0.22986732434956528,0.039320675701979876,0.0
0.23946261319913398,0.023927039632306465,0.0,0.24985700408308345,0.04006397130252398,0.0
0.31819740550204006,0.02473728967298618,0.0,0.32421835388872045,0.009179630391403638,0.0
0.31819740550204006,0.02473728967298618,0.0,0.33425064267260307,0.025605968027476517,0.0
0.31819740550204006,0.02473728967298618,0.0,0.30980131273778067,0.041349021721934234,0.0
0.7953287086565968,0.17454981738989397,0.0,0.7753583799540095,0.1734711900276535,0.0
0.7953287086565968,0.17454981738989397,0.0,0.7861100246075278,0.15671786804324506,0.0
0.7953287086565968,0.17454981738989397,0.0,0.8040739682388426,0.1922212148074821,0.0
0.7953287086565968,0.17454981738989397,0.0,0.7844324567857922,0.1909215934450424,0.0
0.17314142096421972,0.16010053387916748,0.0,0.16469458303595488,0.17810395079194763,0.0
0.17314142096421972,0.16010053387916748,0.0,0.15290667030153857,0.16209410734492408,0.0
0.17314142096421972,0.16010053387916748,0.0,0.18461772222902464,0.17611754937068155,0.0
0.16469458303595488,0.17810395079194763,0.0,0.15290667030153857,0.16209410734492408,0.0
0.16469458303595488,0.17810395079194763,0.0,0.18461772222902464,0.17611754937068155,0.0
0.16469458303595488,0.17810395079194763,0.0,0.14496577421176585,0.18029166984323863,0.0
0.16469458303595488,0.17810395079194763,0.0,0.1763208908223542,0.1939886762133007,0.0
0.16469458303595488,0.17810395079194763,0.0,0.1567512396874989,0.1961150489967212,0.0
0.15290667030153857,0.16209410734492408,0.0,0.13298568425909635,0.1643417371306776,0.0
0.15290667030153857,0.16209410734492408,0.0,0.14496577421176585,0.18029166984323863,0.0
0.24494734861533837,0.17304862918673475,0.0,0.2551840855750325,0.1558060803503694,0.0
0.24494734861533837,0.17304862918673475,0.0,0.2549212071454445,0.1900191158946087,0.0
0.24494734861533837,0.17304862918673475,0.0,0.2352375608496372,0.1901715774166525,0.0
0.5000514840007008,0.026962604218554308,0.0,0.48979817872497816,0.044154613523358484,0.0
0.5000514840007008,0.026962604218554308,0.0,0.49032786130495104,0.009924234266080578,0.0
0.5000514840007008,0.026962604218554308,0.0,0.5100055457004958,0.009919067348271181,0.0
0.032068864883025384,0.07021601162215564,0.0,0.0496864310375631,0.07059347115193673,0.0
0.8627921253644149,0.1984719234020252,0.0,0.8823244412923026,0.2009191174150899,0.0
0.8627921253644149,0.1984719234020252,0.0,0.8432487611881002,0.1961150490981094,0.0
0.8627921253644149,0.1984719234020252,0.0,0.8772077931968859,0.1870824531662283,0.0
0.7450787942757616,0.1900191158835712,0.0,0.7647624404709625,0.1901715774472619,0.0
0.5802384192931401,0.022746736056351607,0.0,0.5717049711915787,0.04087781990262617,0.0
0.5802384192931401,0.022746736056351607,0.0,0.5884956994466163,0.0044260704717228394,0.0
0.5802384192931401,0.022746736056351607,0.0,0.5604282535174662,0.02436698864478146,0.0
0.5802384192931401,0.022746736056351607,0.0,0.5689244919758711,0.006475795948156274,0.0
0.2746002114883518,0.1904740302508034,0.0,0.2942574624549822,0.1915070910332105,0.0
0.2746002114883518,0.1904740302508034,0.0,0.2549212071454445,0.1900191158946087,0.0
0.5405106967363644,0.02573595207249227,0.0,0.5604282535174662,0.02436698864478146,0.0
0.5405106967363644,0.02573595207249227,0.0,0.5296738775492393,0.009310780194837224,0.0
0.5405106967363644,0.02573595207249227,0.0,0.549316790550749,0.008138341222130774,0.0
0.4706592242552946,0.009325948205721142,0.0,0.45101577686668726,0.008162543425468282,0.0
0.4706592242552946,0.009325948205721142,0.0,0.49032786130495104,0.009924234266080578,0.0
0.960667120081067,0.008801151720920672,0.0,0.9410407929195893,0.007376597437970731,0.0
0.960667120081067,0.008801151720920672,0.0,0.9803246522992162,0.009693904249770654,0.0
0.8787576428685465,0.03501965435630584,0.0,0.8710171072709786,0.01669277631864917,0.0
0.8787576428685465,0.03501965435630584,0.0,0.8595105362460186,0.0337512315680253,0.0
0.8787576428685465,0.03501965435630584,0.0,0.8902133161996937,0.01910075639698441,0.0
0.8787576428685465,0.03501965435630584,0.0,0.8980874536677007,0.03684924275785931,0.0
0.8710171072709786,0.01669277631864917,0.0,0.8595105362460186,0.0337512315680253,0.0
0.8710171072709786,0.01669277631864917,0.0,0.8902133161996937,0.01910075639698441,0.0
0.8710171072709786,0.01669277631864917,0.0,0.882363407041615,0.0009219959415713818,0.0
0.8595105362460186,0.0337512315680253,0.0,0.8493502867297807,0.05065978269548224,0.0
0.342435511494475,0.01215903037717669,0.0,0.32421835388872045,0.009179630391403638,0.0
0.342435511494475,0.01215903037717669,0.0,0.33425064267260307,0.025605968027476517,0.0
0.342435511494475,0.01215903037717669,0.0,0.3336889932780575,-0.00496324031966417,0.0
0.342435511494475,0.01215903037717669,0.0,0.3532371163503181,-0.002702838587845511,0.0
0.32421835388872045,0.009179630391403638,0.0,0.33425064267260307,0.025605968027476517,0.0
0.32421835388872045,0.009179630391403638,0.0,0.3336889932780575,-0.00496324031966417,0.0
0.32421835388872045,0.009179630391403638,0.0,0.31410916979783027,-0.006928639626355988,0.0
0.2469874252192219,0.0065608234499402234,0.0,0.23549247397346978,-0.009836273242324714,0.0
0.2469874252192219,0.0065608234499402234,0.0,0.25516965039952494,-0.009980898473198952,0.0
0.022022954552789662,0.18771142825335957,0.0,3.334444814934153e-05,0.18999980508918277,0.0
0.022022954552789662,0.18771142825335957,0.0,0.014343820869025583,0.17476587114059094,0.0
0.022022954552789662,0.18771142825335957,0.0,0.01968189381931244,0.2096956954280177,0.0
0.022022954552789662,0.18771142825335957,0.0,0.011954363187324995,0.19775600570863683,0.0
0.18461772222902464,0.17611754937068155,0.0,0.1959260328513177,0.1922212147213933,0.0
0.18461772222902464,0.17611754937068155,0.0,0.1763208908223542,0.1939886762133007,0.0
0.7366840363621896,0.0068846694406297666,0.0,0.7450619177920467,0.022025797652139575,0.0
0.7366840363621896,0.0068846694406297666,0.0,0.7451637852496997,-0.009983530981515406,0.0
0.5717049711915787,0.04087781990262617,0.0,0.5604282535174662,0.02436698864478146,0.0
0.5884956994466163,0.0044260704717228394,0.0,0.6080377362572738,0.0021134395061123087,0.0
0.5884956994466163,0.0044260704717228394,0.0,0.5689244919758711,0.006475795948156274,0.0
0.7647624404709625,0.1901715774472619,0.0,0.7753583799540095,0.1734711900276535,0.0
0.7647624404709625,0.1901715774472619,0.0,0.7844324567857922,0.1909215934450424,0.0
0.2551840855750325,0.1558060803503694,0.0,0.24533226558643143,0.1417428227534677,0.0
0.2551840855750325,0.1558060803503694,0.0,0.26542372151094845,0.14182662152155603,0.0
0.7753583799540095,0.1734711900276535,0.0,0.7861100246075278,0.15671786804324506,0.0
0.7753583799540095,0.1734711900276535,0.0,0.7662570062607017,0.1559067552418245,0.0
0.7753583799540095,0.1734711900276535,0.0,0.7844324567857922,0.1909215934450424,0.0
0.7861100246075278,0.15671786804324506,0.0,0.7662570062607017,0.1559067552418245,0.0
0.8040739682388426,0.1922212148074821,0.0,0.8236791101517987,0.1939886763111289,0.0
0.8040739682388426,0.1922212148074821,0.0,0.7844324567857922,0.1909215934450424,0.0
0.48979817872497816,0.044154613523358484,0.0,0.4995475539128518,0.061581996156227725,0.0
0.48979817872497816,0.044154613523358484,0.0,0.4794835406450601,0.061276554496334526,0.0
0.9328412820708153,0.1894722089284556,0.0,0.921425379683128,0.2055086350647987,0.0
0.9328412820708153,0.1894722089284556,0.0,0.9410212191544387,0.2073769316668632,0.0
0.9328412820708153,0.1894722089284556,0.0,0.9509069620002788,0.1954073902328314,0.0
0.2942574624549822,0.1915070910332105,0.0,0.313881240220007,0.1930527249326497,0.0
0.9410407929195893,0.007376597437970731,0.0,0.9295441526349457,0.02346578442268915,0.0
0.9410407929195893,0.007376597437970731,0.0,0.9214514253410404,0.00550937053683581,0.0
0.8902133161996937,0.01910075639698441,0.0,0.8980874536677007,0.03684924275785931,0.0
0.8902133161996937,0.01910075639698441,0.0,0.9097723279163219,0.021347258160548666,0.0
0.8902133161996937,0.01910075639698441,0.0,0.882363407041615,0.0009219959415713818,0.0
0.8902133161996937,0.01910075639698441,0.0,0.9018959529493121,0.003313866285403733,0.0
0.8980874536677007,0.03684924275785931,0.0,0.917967779729144,0.039097535847807646,0.0
0.8980874536677007,0.03684924275785931,0.0,0.9097723279163219,0.021347258160548666,0.0
0.5604282535174662,0.02436698864478146,0.0,0.5689244919758711,0.006475795948156274,0.0
0.5604282535174662,0.02436698864478146,0.0,0.549316790550749,0.008138341222130774,0.0
0.313881240220007,0.1930527249326497,0.0,0.3334679733597575,0.1950146597444102,0.0
0.5689244919758711,0.006475795948156274,0.0,0.549316790550749,0.008138341222130774,0.0
0.8236791101517987,0.1939886763111289,0.0,0.8432487611881002,0.1961150490981094,0.0
0.3334679733597575,0.1950146597444102,0.0,0.3530228816138251,0.1972732469543295,0.0
0.8813610666857388,0.1729284526764603,0.0,0.8772077931968859,0.1870824531662283,0.0
0.13298568425909635,0.1643417371306776,0.0,0.11376093318582664,0.16727914830607699,0.0
0.13298568425909635,0.1643417371306776,0.0,0.12540890056696696,0.182782037946473,0.0
0.13298568425909635,0.1643417371306776,0.0,0.12108692976435624,0.14971524063829256,0.0
0.13298568425909635,0.1643417371306776,0.0,0.14496577421176585,0.18029166984323863,0.0
0.11376093318582664,0.16727914830607699,0.0,0.12540890056696696,0.182782037946473,0.0
0.11376093318582664,0.16727914830607699,0.0,0.12108692976435624,0.14971524063829256,0.0
0.11376093318582664,0.16727914830607699,0.0,0.10578074679991824,0.18550969334390807,0.0
0.12540890056696696,0.182782037946473,0.0,0.14496577421176585,0.18029166984323863,0.0
0.12540890056696696,0.182782037946473,0.0,0.10578074679991824,0.18550969334390807,0.0
0.12540890056696696,0.182782037946473,0.0,0.1176755593694548,0.2009191173322832,0.0
0.12540890056696696,0.182782037946473,0.0,0.1372078753933555,0.1984719233079192,0.0
0.4995475539128518,0.061581996156227725,0.0,0.5091789635607905,0.0791328653093273,0.0
0.4995475539128518,0.061581996156227725,0.0,0.4891986871251676,0.07876042706457292,0.0
0.4995475539128518,0.061581996156227725,0.0,0.4794835406450601,0.061276554496334526,0.0
0.5091789635607905,0.0791328653093273,0.0,0.49889510641310164,0.09624734579057817,0.0
0.5091789635607905,0.0791328653093273,0.0,0.4891986871251676,0.07876042706457292,0.0
0.5091789635607905,0.0791328653093273,0.0,0.5189867733363148,0.09656239205504227,0.0
0.4885534381096525,0.11339227888345613,0.0,0.49889510641310164,0.09624734579057817,0.0
0.4885534381096525,0.11339227888345613,0.0,0.4788729808393671,0.09589266999954453,0.0
0.4885534381096525,0.11339227888345613,0.0,0.5085891289291582,0.1137400570338104,0.0
0.4885534381096525,0.11339227888345613,0.0,0.49823467314514436,0.13089295742825519,0.0
0.4885534381096525,0.11339227888345613,0.0,0.47822652281747036,0.13052963213333957,0.0
0.4885534381096525,0.11339227888345613,0.0,0.46854597377103235,0.11302915713014178,0.0
0.49889510641310164,0.09624734579057817,0.0,0.4788729808393671,0.09589266999954453,0.0
0.49889510641310164,0.09624734579057817,0.0,0.4891986871251676,0.07876042706457292,0.0
0.49889510641310164,0.09624734579057817,0.0,0.5189867733363148,0.09656239205504227,0.0
0.49889510641310164,0.09624734579057817,0.0,0.5085891289291582,0.1137400570338104,0.0
0.4788729808393671,0.09589266999954453,0.0,0.4891986871251676,0.07876042706457292,0.0
0.4788729808393671,0.09589266999954453,0.0,0.4588672168073556,0.0955306424440019,0.0
0.4788729808393671,0.09589266999954453,0.0,0.46854597377103235,0.11302915713014178,0.0
0.4788729808393671,0.09589266999954453,0.0,0.4691774629521798,0.07839617070693403,0.0
0.4891986871251676,0.07876042706457292,0.0,0.4691774629521798,0.07839617070693403,0.0
0.4891986871251676,0.07876042706457292,0.0,0.4794835406450601,0.061276554496334526,0.0
0.6028823099852649,0.056051159000443086,0.0,0.6226823594164859,0.05451802008916109,0.0
0.6028823099852649,0.056051159000443086,0.0,0.6148088015262716,0.0719677697145368,0.0
0.0002334111370453746,0.06999857633432867,0.0,0.0002667555851949112,0.049998361985802695,0.0
0.0002334111370453746,0.06999857633432867,0.0,0.0002000666888959734,0.08999878755875028,0.0
0.0001667222407464953,0.10999899616874147,0.0,0.0002000666888959734,0.08999878755875028,0.0
0.0001667222407464953,0.10999899616874147,0.0,0.0001333777925972035,0.12999920203082085,0.0
0.5189867733363148,0.09656239205504227,0.0,0.528708756355447,0.11404157407837054,0.0
0.5189867733363148,0.09656239205504227,0.0,0.5085891289291582,0.1137400570338104,0.0
0.0002667555851949112,0.049998361985802695,0.0,0.0003001000333443396,0.029998144076888503,0.0
0.0003001000333443396,0.029998144076888503,0.0,0.00033344445404777655,0.009997920013264218,0.0
0.0003001000333443396,0.029998144076888503,0.0,0.014572788587752827,0.023984328513955933,0.0
0.0001333777925972035,0.12999920203082085,0.0,0.0001000333444479161,0.149999405608623,0.0
6.668889629864687e-05,0.16999960681474657,0.0,0.0001000333444479161,0.149999405608623,0.0
6.668889629864687e-05,0.16999960681474657,0.0,3.334444814934153e-05,0.18999980508918277,0.0
6.668889629864687e-05,0.16999960681474657,0.0,0.014343820869025583,0.17476587114059094,0.0
0.6226823594164859,0.05451802008916109,0.0,0.6148088015262716,0.0719677697145368,0.0
0.6226823594164859,0.05451802008916109,0.0,0.6425429472577774,0.052414727495610776,0.0
0.6226823594164859,0.05451802008916109,0.0,0.6349860385629804,0.06925482944711461,0.0
0.528708756355447,0.11404157407837054,0.0,0.5487126578610273,0.11440745552897078,0.0
0.528708756355447,0.11404157407837054,0.0,0.5085891289291582,0.1137400570338104,0.0
0.528708756355447,0.11404157407837054,0.0,0.5182539654432133,0.13125011699882408,0.0
0.528708756355447,0.11404157407837054,0.0,0.53823051221803,0.1316310615920063,0.0
0.6148088015262716,0.0719677697145368,0.0,0.6349860385629804,0.06925482944711461,0.0
0.6148088015262716,0.0719677697145368,0.0,0.6277848949424368,0.0856069895647924,0.0
0.6148088015262716,0.0719677697145368,0.0,0.6084379735544803,0.08517749603763228,0.0
0.5487126578610273,0.11440745552897078,0.0,0.5687235506598588,0.11469165896890553,0.0
0.5487126578610273,0.11440745552897078,0.0,0.5582097538488271,0.13201048171142274,0.0
0.5487126578610273,0.11440745552897078,0.0,0.53823051221803,0.1316310615920063,0.0
0.5085891289291582,0.1137400570338104,0.0,0.5182539654432133,0.13125011699882408,0.0
0.5085891289291582,0.1137400570338104,0.0,0.49823467314514436,0.13089295742825519,0.0
0.6425429472577774,0.052414727495610776,0.0,0.662580309646876,0.0509081021161953,0.0
0.6425429472577774,0.052414727495610776,0.0,0.6349860385629804,0.06925482944711461,0.0
0.5182539654432133,0.13125011699882408,0.0,0.49823467314514436,0.13089295742825519,0.0
0.5182539654432133,0.13125011699882408,0.0,0.5079067419327131,0.1483989077061061,0.0
0.5182539654432133,0.13125011699882408,0.0,0.5279023249734304,0.1487692464437096,0.0
0.5182539654432133,0.13125011699882408,0.0,0.53823051221803,0.1316310615920063,0.0
0.49823467314514436,0.13089295742825519,0.0,0.5079067419327131,0.1483989077061061,0.0
0.49823467314514436,0.13089295742825519,0.0,0.48790537696839786,0.1480317918037138,0.0
0.49823467314514436,0.13089295742825519,0.0,0.47822652281747036,0.13052963213333957,0.0
0.5687235506598588,0.11469165896890553,0.0,0.5582097538488271,0.13201048171142274,0.0
0.5687235506598588,0.11469165896890553,0.0,0.5886643384481618,0.11503306355347462,0.0
0.5687235506598588,0.11469165896890553,0.0,0.578268422066178,0.13229799883353452,0.0
0.5582097538488271,0.13201048171142274,0.0,0.578268422066178,0.13229799883353452,0.0
0.5582097538488271,0.13201048171142274,0.0,0.56788781058371,0.1495130945825428,0.0
0.5582097538488271,0.13201048171142274,0.0,0.53823051221803,0.1316310615920063,0.0
0.5582097538488271,0.13201048171142274,0.0,0.5478967200035023,0.1490725739222786,0.0
0.5079067419327131,0.1483989077061061,0.0,0.48790537696839786,0.1480317918037138,0.0
0.5079067419327131,0.1483989077061061,0.0,0.5279023249734304,0.1487692464437096,0.0
0.5079067419327131,0.1483989077061061,0.0,0.5175761276104918,0.16590633944909267,0.0
0.5079067419327131,0.1483989077061061,0.0,0.4975795456487171,0.16553656062362143,0.0
0.48790537696839786,0.1480317918037138,0.0,0.47822652281747036,0.13052963213333957,0.0
0.48790537696839786,0.1480317918037138,0.0,0.46790606991072553,0.1476635377981705,0.0
0.48790537696839786,0.1480317918037138,0.0,0.477590931072031,0.16474765468168406,0.0
0.48790537696839786,0.1480317918037138,0.0,0.4975795456487171,0.16553656062362143,0.0
0.5886643384481618,0.11503306355347462,0.0,0.5989552594591553,0.09888529914662537,0.0
0.5886643384481618,0.11503306355347462,0.0,0.6085633330670829,0.11570996126165842,0.0
0.5886643384481618,0.11503306355347462,0.0,0.5982331454438058,0.13272978982138162,0.0
0.5886643384481618,0.11503306355347462,0.0,0.578268422066178,0.13229799883353452,0.0
0.5279023249734304,0.1487692464437096,0.0,0.5175761276104918,0.16590633944909267,0.0
0.5279023249734304,0.1487692464437096,0.0,0.5375806290376841,0.1658656498521777,0.0
0.5279023249734304,0.1487692464437096,0.0,0.53823051221803,0.1316310615920063,0.0
0.5279023249734304,0.1487692464437096,0.0,0.5478967200035023,0.1490725739222786,0.0
0.5175761276104918,0.16590633944909267,0.0,0.5375806290376841,0.1658656498521777,0.0
0.5175761276104918,0.16590633944909267,0.0,0.4975795456487171,0.16553656062362143,0.0
0.5175761276104918,0.16590633944909267,0.0,0.5074984635236022,0.17869567772635978,0.0
0.5175761276104918,0.16590633944909267,0.0,0.5274549736055336,0.17906358438667014,0.0
0.47822652281747036,0.13052963213333957,0.0,0.46790606991072553,0.1476635377981705,0.0
0.47822652281747036,0.13052963213333957,0.0,0.4582275592752435,0.13016118935666923,0.0
0.47822652281747036,0.13052963213333957,0.0,0.46854597377103235,0.11302915713014178,0.0
0.5989552594591553,0.09888529914662537,0.0,0.6085633330670829,0.11570996126165842,0.0
0.5989552594591553,0.09888529914662537,0.0,0.6188360114659043,0.09947864565736086,0.0
0.5989552594591553,0.09888529914662537,0.0,0.6084379735544803,0.08517749603763228,0.0
0.5375806290376841,0.1658656498521777,0.0,0.5478967200035023,0.1490725739222786,0.0
0.5375806290376841,0.1658656498521777,0.0,0.5574400220042001,0.16497557794347867,0.0
0.5375806290376841,0.1658656498521777,0.0,0.5274549736055336,0.17906358438667014,0.0
0.5375806290376841,0.1658656498521777,0.0,0.5473785500462756,0.17865343543985931,0.0
0.6085633330670829,0.11570996126165842,0.0,0.6188360114659043,0.09947864565736086,0.0
0.6085633330670829,0.11570996126165842,0.0,0.5982331454438058,0.13272978982138162,0.0
0.6085633330670829,0.11570996126165842,0.0,0.6285243453039717,0.11616819980310784,0.0
0.6085633330670829,0.11570996126165842,0.0,0.6182140524319718,0.13308221536721193,0.0
0.46790606991072553,0.1476635377981705,0.0,0.477590931072031,0.16474765468168406,0.0
0.46790606991072553,0.1476635377981705,0.0,0.4582275592752435,0.13016118935666923,0.0
0.46790606991072553,0.1476635377981705,0.0,0.44790863697776495,0.14729424382299205,0.0
0.46790606991072553,0.1476635377981705,0.0,0.45759977925197376,0.16407806648607398,0.0
1.0,0.1699996243796433,0.0,0.9831730570425126,0.17914483027703312,0.0
1.0,0.1699996243796433,0.0,0.9826794913542604,0.15999952828918232,0.0
1.0,0.1699996243796433,0.0,1.0,0.14999943219876757,0.0
1.0,0.1699996243796433,0.0,1.0,0.18999981428160126,0.0
0.9831730570425126,0.17914483027703312,0.0,0.9826794913542604,0.15999952828918232,0.0
0.9831730570425126,0.17914483027703312,0.0,1.0,0.18999981428160126,0.0
0.9826794913542604,0.15999952828918232,0.0,1.0,0.14999943219876757,0.0
1.0,0.10999903994490656,0.0,1.0,0.1299992373898803,0.0
1.0,0.10999903994490656,0.0,0.9826794926983942,0.11999913866741933,0.0
1.0,0.10999903994490656,0.0,0.9826794935499356,0.09999894005086618,0.0
1.0,0.10999903994490656,0.0,1.0,0.08999884015683868,0.0
1.0,0.1299992373898803,0.0,0.9826794926983942,0.11999913866741933,0.0
1.0,0.1299992373898803,0.0,1.0,0.14999943219876757,0.0
0.9826794926983942,0.11999913866741933,0.0,0.9826794935499356,0.09999894005086618,0.0
0.9826794935499356,0.09999894005086618,0.0,0.9654306780632045,0.0899064680514333,0.0
0.9826794935499356,0.09999894005086618,0.0,1.0,0.08999884015683868,0.0
0.9826794935499356,0.09999894005086618,0.0,0.982780659045753,0.08013787106473678,0.0
0.6188360114659043,0.09947864565736086,0.0,0.6285243453039717,0.11616819980310784,0.0
0.6188360114659043,0.09947864565736086,0.0,0.638821869617885,0.09986510202658032,0.0
0.6188360114659043,0.09947864565736086,0.0,0.6277848949424368,0.0856069895647924,0.0
0.6188360114659043,0.09947864565736086,0.0,0.6084379735544803,0.08517749603763228,0.0
0.5982331454438058,0.13272978982138162,0.0,0.5878919320828496,0.14980990590591176,0.0
0.5982331454438058,0.13272978982138162,0.0,0.6182140524319718,0.13308221536721193,0.0
0.5982331454438058,0.13272978982138162,0.0,0.6078959839132597,0.1498350657550153,0.0
0.5982331454438058,0.13272978982138162,0.0,0.578268422066178,0.13229799883353452,0.0
0.477590931072031,0.16474765468168406,0.0,0.45759977925197376,0.16407806648607398,0.0
0.477590931072031,0.16474765468168406,0.0,0.4975795456487171,0.16553656062362143,0.0
0.477590931072031,0.16474765468168406,0.0,0.4873431813563073,0.17822630246117038,0.0
0.477590931072031,0.16474765468168406,0.0,0.46736087188741604,0.17708469408253905,0.0
0.4582275592752435,0.13016118935666923,0.0,0.44790863697776495,0.14729424382299205,0.0
0.4582275592752435,0.13016118935666923,0.0,0.43823043913608506,0.1297917226252766,0.0
0.4582275592752435,0.13016118935666923,0.0,0.4485489412506259,0.11265890032513251,0.0
0.4582275592752435,0.13016118935666923,0.0,0.46854597377103235,0.11302915713014178,0.0
1.0,0.18999981428160126,0.0,1.0,0.21,0.0
0.44790863697776495,0.14729424382299205,0.0,0.43823043913608506,0.1297917226252766,0.0
0.44790863697776495,0.14729424382299205,0.0,0.42791182362444624,0.14692460813708236,0.0
0.44790863697776495,0.14729424382299205,0.0,0.4375998764228721,0.16388324028282752,0.0
0.44790863697776495,0.14729424382299205,0.0,0.45759977925197376,0.16407806648607398,0.0
0.6285243453039717,0.11616819980310784,0.0,0.638821869617885,0.09986510202658032,0.0
0.6285243453039717,0.11616819980310784,0.0,0.6485132115669884,0.11655551321208345,0.0
0.6285243453039717,0.11616819980310784,0.0,0.638196079819443,0.13348966305304574,0.0
0.6285243453039717,0.11616819980310784,0.0,0.6182140524319718,0.13308221536721193,0.0
0.7794456623309008,0.06682131061107119,0.0,0.7605475434531375,0.06695636047071768,0.0
0.7794456623309008,0.06682131061107119,0.0,0.7898796701209446,0.04954622634091698,0.0
0.7794456623309008,0.06682131061107119,0.0,0.7691253695598009,0.08394172622190207,0.0
0.7794456623309008,0.06682131061107119,0.0,0.799437020731095,0.06721412446831337,0.0
0.7794456623309008,0.06682131061107119,0.0,0.7890957448924659,0.08439240494937392,0.0
0.7605475434531375,0.06695636047071768,0.0,0.7491310425080006,0.0835964222536411,0.0
0.7605475434531375,0.06695636047071768,0.0,0.7691253695598009,0.08394172622190207,0.0
0.7187953134960944,0.10045250964595932,0.0,0.7388095699864569,0.10074254378628981,0.0
0.7187953134960944,0.10045250964595932,0.0,0.7283274639589937,0.11785421342582762,0.0
0.7187953134960944,0.10045250964595932,0.0,0.7084990096743785,0.11748178140160308,0.0
0.7187953134960944,0.10045250964595932,0.0,0.6988239315302944,0.10009488169682025,0.0
0.7187953134960944,0.10045250964595932,0.0,0.7291096392003068,0.0833176552439658,0.0
0.7187953134960944,0.10045250964595932,0.0,0.7089818119999074,0.08341420963772377,0.0
0.7388095699864569,0.10074254378628981,0.0,0.7283274639589937,0.11785421342582762,0.0
0.7388095699864569,0.10074254378628981,0.0,0.7491310425080006,0.0835964222536411,0.0
0.7388095699864569,0.10074254378628981,0.0,0.7291096392003068,0.0833176552439658,0.0
0.7388095699864569,0.10074254378628981,0.0,0.7587677940512728,0.10105649505268577,0.0
0.7283274639589937,0.11785421342582762,0.0,0.7084990096743785,0.11748178140160308,0.0
0.7283274639589937,0.11785421342582762,0.0,0.7180920225542813,0.1349185158446783,0.0
0.7898796701209446,0.04954622634091698,0.0,0.799437020731095,0.06721412446831337,0.0
0.7898796701209446,0.04954622634091698,0.0,0.8097652953936443,0.050056801557661804,0.0
0.9654306780632045,0.0899064680514333,0.0,0.982780659045753,0.08013787106473678,0.0
0.7491310425080006,0.0835964222536411,0.0,0.7691253695598009,0.08394172622190207,0.0
0.7491310425080006,0.0835964222536411,0.0,0.7291096392003068,0.0833176552439658,0.0
0.7491310425080006,0.0835964222536411,0.0,0.7587677940512728,0.10105649505268577,0.0
0.7691253695598009,0.08394172622190207,0.0,0.7890957448924659,0.08439240494937392,0.0
0.7691253695598009,0.08394172622190207,0.0,0.7587677940512728,0.10105649505268577,0.0
0.7084990096743785,0.11748178140160308,0.0,0.6988239315302944,0.10009488169682025,0.0
0.7084990096743785,0.11748178140160308,0.0,0.6885054229886878,0.1172306186672518,0.0
0.7084990096743785,0.11748178140160308,0.0,0.6981854003596767,0.13462347968511335,0.0
0.7084990096743785,0.11748178140160308,0.0,0.7180920225542813,0.1349185158446783,0.0
0.809099452499385,0.08476714261551671,0.0,0.8194414264206943,0.06758519400728862,0.0
0.809099452499385,0.08476714261551671,0.0,0.799437020731095,0.06721412446831337,0.0
0.809099452499385,0.08476714261551671,0.0,0.7890957448924659,0.08439240494937392,0.0
0.809099452499385,0.08476714261551671,0.0,0.8291235689640599,0.08519212914480481,0.0
0.8194414264206943,0.06758519400728862,0.0,0.799437020731095,0.06721412446831337,0.0
0.8194414264206943,0.06758519400728862,0.0,0.8097652953936443,0.050056801557661804,0.0
0.8194414264206943,0.06758519400728862,0.0,0.829763503963351,0.050422486092118315,0.0
0.8194414264206943,0.06758519400728862,0.0,0.8394315701870664,0.0680178556765748,0.0
0.8194414264206943,0.06758519400728862,0.0,0.8291235689640599,0.08519212914480481,0.0
0.799437020731095,0.06721412446831337,0.0,0.8097652953936443,0.050056801557661804,0.0
0.799437020731095,0.06721412446831337,0.0,0.7890957448924659,0.08439240494937392,0.0
0.8097652953936443,0.050056801557661804,0.0,0.829763503963351,0.050422486092118315,0.0
0.638821869617885,0.09986510202658032,0.0,0.6485132115669884,0.11655551321208345,0.0
0.638821869617885,0.09986510202658032,0.0,0.6588210243964877,0.09993527366294273,0.0
0.638821869617885,0.09986510202658032,0.0,0.6277848949424368,0.0856069895647924,0.0
0.43823043913608506,0.1297917226252766,0.0,0.42791182362444624,0.14692460813708236,0.0
0.43823043913608506,0.1297917226252766,0.0,0.4485489412506259,0.11265890032513251,0.0
0.43823043913608506,0.1297917226252766,0.0,0.4285522277604987,0.112289208445579,0.0
0.43823043913608506,0.1297917226252766,0.0,0.41823369094571855,0.1294242689251467,0.0
0.6781890436177469,0.13424165645594888,0.0,0.6678797563087615,0.15087338146681084,0.0
0.6781890436177469,0.13424165645594888,0.0,0.6581935277119414,0.13383846480159384,0.0
0.6781890436177469,0.13424165645594888,0.0,0.6685089362982021,0.1168782906856936,0.0
0.6781890436177469,0.13424165645594888,0.0,0.6885054229886878,0.1172306186672518,0.0
0.6781890436177469,0.13424165645594888,0.0,0.6981854003596767,0.13462347968511335,0.0
0.6678797563087615,0.15087338146681084,0.0,0.6581935277119414,0.13383846480159384,0.0
0.6678797563087615,0.15087338146681084,0.0,0.6478910192412953,0.15008363282305756,0.0
0.6678797563087615,0.15087338146681084,0.0,0.658757387185787,0.16413150093274056,0.0
0.6581935277119414,0.13383846480159384,0.0,0.6485132115669884,0.11655551321208345,0.0
0.6581935277119414,0.13383846480159384,0.0,0.6685089362982021,0.1168782906856936,0.0
0.6581935277119414,0.13383846480159384,0.0,0.6478910192412953,0.15008363282305756,0.0
0.6581935277119414,0.13383846480159384,0.0,0.638196079819443,0.13348966305304574,0.0
0.829763503963351,0.050422486092118315,0.0,0.8394315701870664,0.0680178556765748,0.0
0.829763503963351,0.050422486092118315,0.0,0.8493502867297807,0.05065978269548224,0.0
0.8394315701870664,0.0680178556765748,0.0,0.8291235689640599,0.08519212914480481,0.0
0.8394315701870664,0.0680178556765748,0.0,0.8493502867297807,0.05065978269548224,0.0
0.8394315701870664,0.0680178556765748,0.0,0.8491363162039934,0.08574754327988408,0.0
0.908339902653659,0.12128269785580674,0.0,0.8983299324507262,0.13820077543941364,0.0
0.908339902653659,0.12128269785580674,0.0,0.8891140552995361,0.12088737818933486,0.0
0.908339902653659,0.12128269785580674,0.0,0.8987933031525687,0.10379612243635186,0.0
0.908339902653659,0.12128269785580674,0.0,0.9180059271524855,0.10460889751766131,0.0
0.908339902653659,0.12128269785580674,0.0,0.9275336348770054,0.12208162172260291,0.0
0.908339902653659,0.12128269785580674,0.0,0.9179709893463711,0.1387776481956308,0.0
0.8983299324507262,0.13820077543941364,0.0,0.8891140552995361,0.12088737818933486,0.0
0.8983299324507262,0.13820077543941364,0.0,0.9179709893463711,0.1387776481956308,0.0
0.8983299324507262,0.13820077543941364,0.0,0.9080894391304771,0.15491404569891928,0.0
0.8891140552995361,0.12088737818933486,0.0,0.8788059667925462,0.10361841910342784,0.0
0.8891140552995361,0.12088737818933486,0.0,0.8987933031525687,0.10379612243635186,0.0
0.8291235689640599,0.08519212914480481,0.0,0.8491363162039934,0.08574754327988408,0.0
0.8788059667925462,0.10361841910342784,0.0,0.8987933031525687,0.10379612243635186,0.0
0.8788059667925462,0.10361841910342784,0.0,0.8891107638068433,0.0866406297925709,0.0
0.8788059667925462,0.10361841910342784,0.0,0.8691234555080031,0.08639571675475319,0.0
0.6988239315302944,0.10009488169682025,0.0,0.6885054229886878,0.1172306186672518,0.0
0.6988239315302944,0.10009488169682025,0.0,0.6788178927006526,0.10024729390627564,0.0
0.6988239315302944,0.10009488169682025,0.0,0.7089818119999074,0.08341420963772377,0.0
0.8987933031525687,0.10379612243635186,0.0,0.8891107638068433,0.0866406297925709,0.0
0.8987933031525687,0.10379612243635186,0.0,0.9090984894760125,0.08726953781247379,0.0
0.8987933031525687,0.10379612243635186,0.0,0.9180059271524855,0.10460889751766131,0.0
0.9379597430972637,0.1391461393300936,0.0,0.9272487571851383,0.1558945006815843,0.0
0.9379597430972637,0.1391461393300936,0.0,0.9275336348770054,0.12208162172260291,0.0
0.9379597430972637,0.1391461393300936,0.0,0.9179709893463711,0.1387776481956308,0.0
0.8491363162039934,0.08574754327988408,0.0,0.8691234555080031,0.08639571675475319,0.0
0.6485132115669884,0.11655551321208345,0.0,0.6685089362982021,0.1168782906856936,0.0
0.6485132115669884,0.11655551321208345,0.0,0.6588210243964877,0.09993527366294273,0.0
0.6485132115669884,0.11655551321208345,0.0,0.638196079819443,0.13348966305304574,0.0
0.6685089362982021,0.1168782906856936,0.0,0.6885054229886878,0.1172306186672518,0.0
0.6685089362982021,0.1168782906856936,0.0,0.6788178927006526,0.10024729390627564,0.0
0.6685089362982021,0.1168782906856936,0.0,0.6588210243964877,0.09993527366294273,0.0
0.42791182362444624,0.14692460813708236,0.0,0.41823369094571855,0.1294242689251467,0.0
0.42791182362444624,0.14692460813708236,0.0,0.4375998764228721,0.16388324028282752,0.0
0.42791182362444624,0.14692460813708236,0.0,0.4078363619561991,0.14638442117209963,0.0
0.8891107638068433,0.0866406297925709,0.0,0.9090984894760125,0.08726953781247379,0.0
0.8891107638068433,0.0866406297925709,0.0,0.8691234555080031,0.08639571675475319,0.0
0.6885054229886878,0.1172306186672518,0.0,0.6981854003596767,0.13462347968511335,0.0
0.6885054229886878,0.1172306186672518,0.0,0.6788178927006526,0.10024729390627564,0.0
0.338887588105722,0.09332088140373535,0.0,0.3188911937714557,0.09294093965542072,0.0
0.338887588105722,0.09332088140373535,0.0,0.32899248246262874,0.07609231152005937,0.0
0.338887588105722,0.09332088140373535,0.0,0.34856552464395313,0.11082985128890986,0.0
0.338887588105722,0.09332088140373535,0.0,0.32856920493624525,0.11044590649433218,0.0
0.338887588105722,0.09332088140373535,0.0,0.34900435999794255,0.07727263361728219,0.0
0.338887588105722,0.09332088140373535,0.0,0.35888330332681473,0.0937375300713927,0.0
0.3188911937714557,0.09294093965542072,0.0,0.32899248246262874,0.07609231152005937,0.0
0.3188911937714557,0.09294093965542072,0.0,0.32856920493624525,0.11044590649433218,0.0
0.3188911937714557,0.09294093965542072,0.0,0.3085726979599018,0.11007208185416786,0.0
0.3188911937714557,0.09294093965542072,0.0,0.2988946548402271,0.0925688004624859,0.0
0.3188911937714557,0.09294093965542072,0.0,0.3092131845655989,0.07543585133486191,0.0
0.32899248246262874,0.07609231152005937,0.0,0.34900435999794255,0.07727263361728219,0.0
0.32899248246262874,0.07609231152005937,0.0,0.3092131845655989,0.07543585133486191,0.0
0.32899248246262874,0.07609231152005937,0.0,0.3193119293755286,0.05845187621468202,0.0
0.4485489412506259,0.11265890032513251,0.0,0.4285522277604987,0.112289208445579,0.0
0.4485489412506259,0.11265890032513251,0.0,0.4388702694605919,0.09518327515672168,0.0
0.4485489412506259,0.11265890032513251,0.0,0.4588672168073556,0.0955306424440019,0.0
0.4485489412506259,0.11265890032513251,0.0,0.46854597377103235,0.11302915713014178,0.0
0.34856552464395313,0.11082985128890986,0.0,0.32856920493624525,0.11044590649433218,0.0
0.34856552464395313,0.11082985128890986,0.0,0.33833364113097486,0.1274110323315615,0.0
0.34856552464395313,0.11082985128890986,0.0,0.35831660498345136,0.12819579377642035,0.0
0.34856552464395313,0.11082985128890986,0.0,0.36856140001318066,0.1112378205156013,0.0
0.34856552464395313,0.11082985128890986,0.0,0.35888330332681473,0.0937375300713927,0.0
0.32856920493624525,0.11044590649433218,0.0,0.33833364113097486,0.1274110323315615,0.0
0.32856920493624525,0.11044590649433218,0.0,0.3182562730168027,0.12727619614841962,0.0
0.32856920493624525,0.11044590649433218,0.0,0.3085726979599018,0.11007208185416786,0.0
0.33833364113097486,0.1274110323315615,0.0,0.3182562730168027,0.12727619614841962,0.0
0.33833364113097486,0.1274110323315615,0.0,0.35831660498345136,0.12819579377642035,0.0
0.33833364113097486,0.1274110323315615,0.0,0.34757152060968244,0.14451689192535028,0.0
0.33833364113097486,0.1274110323315615,0.0,0.3275052696070293,0.14341558312711175,0.0
0.9272487571851383,0.1558945006815843,0.0,0.9179709893463711,0.1387776481956308,0.0
0.9272487571851383,0.1558945006815843,0.0,0.9080894391304771,0.15491404569891928,0.0
0.4285522277604987,0.112289208445579,0.0,0.41823369094571855,0.1294242689251467,0.0
0.4285522277604987,0.112289208445579,0.0,0.4388702694605919,0.09518327515672168,0.0
0.4285522277604987,0.112289208445579,0.0,0.4085555397149293,0.11192468368764638,0.0
0.4285522277604987,0.112289208445579,0.0,0.4188735863398501,0.09481800697389967,0.0
0.41823369094571855,0.1294242689251467,0.0,0.4085555397149293,0.11192468368764638,0.0
0.41823369094571855,0.1294242689251467,0.0,0.3982369551163546,0.12906050113250314,0.0
0.41823369094571855,0.1294242689251467,0.0,0.4078363619561991,0.14638442117209963,0.0
0.34900435999794255,0.07727263361728219,0.0,0.35888330332681473,0.0937375300713927,0.0
0.34900435999794255,0.07727263361728219,0.0,0.3594157001970275,0.06494673728232009,0.0
0.3182562730168027,0.12727619614841962,0.0,0.3085726979599018,0.11007208185416786,0.0
0.3182562730168027,0.12727619614841962,0.0,0.3275052696070293,0.14341558312711175,0.0
0.6981854003596767,0.13462347968511335,0.0,0.7180920225542813,0.1349185158446783,0.0
0.9090984894760125,0.08726953781247379,0.0,0.9180059271524855,0.10460889751766131,0.0
0.9180059271524855,0.10460889751766131,0.0,0.9275336348770054,0.12208162172260291,0.0
0.3085726979599018,0.11007208185416786,0.0,0.2988946548402271,0.0925688004624859,0.0
0.3085726979599018,0.11007208185416786,0.0,0.28857613564121387,0.10970124209021745,0.0
0.6788178927006526,0.10024729390627564,0.0,0.6588210243964877,0.09993527366294273,0.0
0.7291096392003068,0.0833176552439658,0.0,0.7089818119999074,0.08341420963772377,0.0
0.26922002797120964,0.07469570204096924,0.0,0.28921050193910985,0.07506987845763594,0.0
0.26922002797120964,0.07469570204096924,0.0,0.2795271643876457,0.05768077299519769,0.0
0.26922002797120964,0.07469570204096924,0.0,0.2589015019487893,0.09182854203173316,0.0
0.26922002797120964,0.07469570204096924,0.0,0.24922344431060112,0.0743258961378398,0.0
0.26922002797120964,0.07469570204096924,0.0,0.2788980824580626,0.09219845678340534,0.0
0.26922002797120964,0.07469570204096924,0.0,0.2595408191362327,0.05725531930213282,0.0
0.28921050193910985,0.07506987845763594,0.0,0.2795271643876457,0.05768077299519769,0.0
0.28921050193910985,0.07506987845763594,0.0,0.2988946548402271,0.0925688004624859,0.0
0.28921050193910985,0.07506987845763594,0.0,0.3092131845655989,0.07543585133486191,0.0
0.28921050193910985,0.07506987845763594,0.0,0.29949850612106005,0.05795762696313674,0.0
0.28921050193910985,0.07506987845763594,0.0,0.2788980824580626,0.09219845678340534,0.0
0.2795271643876457,0.05768077299519769,0.0,0.29949850612106005,0.05795762696313674,0.0
0.2795271643876457,0.05768077299519769,0.0,0.2595408191362327,0.05725531930213282,0.0
0.2795271643876457,0.05768077299519769,0.0,0.2898326332915897,0.04104587928768755,0.0
0.2795271643876457,0.05768077299519769,0.0,0.26985318094542077,0.040255162848876876,0.0
0.9275336348770054,0.12208162172260291,0.0,0.9179709893463711,0.1387776481956308,0.0
0.9179709893463711,0.1387776481956308,0.0,0.9080894391304771,0.15491404569891928,0.0
0.2988946548402271,0.0925688004624859,0.0,0.3092131845655989,0.07543585133486191,0.0
0.2988946548402271,0.0925688004624859,0.0,0.28857613564121387,0.10970124209021745,0.0
0.2988946548402271,0.0925688004624859,0.0,0.2788980824580626,0.09219845678340534,0.0
0.3092131845655989,0.07543585133486191,0.0,0.29949850612106005,0.05795762696313674,0.0
0.3092131845655989,0.07543585133486191,0.0,0.3193119293755286,0.05845187621468202,0.0
0.2589015019487893,0.09182854203173316,0.0,0.24922344431060112,0.0743258961378398,0.0
0.2589015019487893,0.09182854203173316,0.0,0.2685795585281535,0.1093311964026939,0.0
0.2589015019487893,0.09182854203173316,0.0,0.2389049194085216,0.09145872947522633,0.0
0.2589015019487893,0.09182854203173316,0.0,0.2788980824580626,0.09219845678340534,0.0
0.2589015019487893,0.09182854203173316,0.0,0.24858297756965397,0.10896135169147472,0.0
0.24922344431060112,0.0743258961378398,0.0,0.2389049194085216,0.09145872947522633,0.0
0.24922344431060112,0.0743258961378398,0.0,0.22922686014971297,0.07395611066703153,0.0
0.24922344431060112,0.0743258961378398,0.0,0.23954538497704014,0.056823282961388645,0.0
0.24922344431060112,0.0743258961378398,0.0,0.2595408191362327,0.05725531930213282,0.0
0.28857613564121387,0.10970124209021745,0.0,0.2685795585281535,0.1093311964026939,0.0
0.28857613564121387,0.10970124209021745,0.0,0.27737627601560344,0.12616651268154086,0.0
0.28857613564121387,0.10970124209021745,0.0,0.2788980824580626,0.09219845678340534,0.0
0.2685795585281535,0.1093311964026939,0.0,0.27737627601560344,0.12616651268154086,0.0
0.2685795585281535,0.1093311964026939,0.0,0.2788980824580626,0.09219845678340534,0.0
0.2685795585281535,0.1093311964026939,0.0,0.24858297756965397,0.10896135169147472,0.0
0.2685795585281535,0.1093311964026939,0.0,0.25707383750717494,0.12562656541046666,0.0
0.27737627601560344,0.12616651268154086,0.0,0.25707383750717494,0.12562656541046666,0.0
0.27737627601560344,0.12616651268154086,0.0,0.26542372151094845,0.14182662152155603,0.0
0.4375998764228721,0.16388324028282752,0.0,0.45759977925197376,0.16407806648607398,0.0
0.4375998764228721,0.16388324028282752,0.0,0.4473724815415852,0.17627193675292468,0.0
0.29949850612106005,0.05795762696313674,0.0,0.3193119293755286,0.05845187621468202,0.0
0.29949850612106005,0.05795762696313674,0.0,0.30980131273778067,0.041349021721934234,0.0
0.29949850612106005,0.05795762696313674,0.0,0.2898326332915897,0.04104587928768755,0.0
0.17891601526174597,0.09030366666085966,0.0,0.18923383283288903,0.07320892197319075,0.0
0.17891601526174597,0.09030366666085966,0.0,0.16923751611278334,0.0728246969568731,0.0
0.17891601526174597,0.09030366666085966,0.0,0.1589197376462151,0.08991737407018749,0.0
0.17891601526174597,0.09030366666085966,0.0,0.16860270461749968,0.10715470029493196,0.0
0.17891601526174597,0.09030366666085966,0.0,0.19891175326809538,0.09071915169746946,0.0
0.17891601526174597,0.09030366666085966,0.0,0.1885983010508961,0.10757780269776827,0.0
0.18923383283288903,0.07320892197319075,0.0,0.16923751611278334,0.0728246969568731,0.0
0.18923383283288903,0.07320892197319075,0.0,0.19955125098430013,0.05613581526626807,0.0
0.18923383283288903,0.07320892197319075,0.0,0.20923013887737282,0.07359374009470761,0.0
0.18923383283288903,0.07320892197319075,0.0,0.1795572429335313,0.05590897344319074,0.0
0.18923383283288903,0.07320892197319075,0.0,0.19891175326809538,0.09071915169746946,0.0
0.16923751611278334,0.0728246969568731,0.0,0.1492407822079642,0.07246305743747117,0.0
0.16923751611278334,0.0728246969568731,0.0,0.1589197376462151,0.08991737407018749,0.0
0.16923751611278334,0.0728246969568731,0.0,0.1795572429335313,0.05590897344319074,0.0
0.16923751611278334,0.0728246969568731,0.0,0.15955909900521437,0.055341235324748966,0.0
0.1389223969854858,0.08958858761835267,0.0,0.1492407822079642,0.07246305743747117,0.0
0.1389223969854858,0.08958858761835267,0.0,0.12924407296440438,0.07210011857496575,0.0
0.1389223969854858,0.08958858761835267,0.0,0.1589197376462151,0.08991737407018749,0.0
0.1389223969854858,0.08958858761835267,0.0,0.14860126774730578,0.10704744769739169,0.0
0.1389223969854858,0.08958858761835267,0.0,0.1286037503115818,0.10672824526757231,0.0
0.1389223969854858,0.08958858761835267,0.0,0.11892553277063976,0.089234060318923,0.0
0.1492407822079642,0.07246305743747117,0.0,0.12924407296440438,0.07210011857496575,0.0
0.1492407822079642,0.07246305743747117,0.0,0.1589197376462151,0.08991737407018749,0.0
0.1492407822079642,0.07246305743747117,0.0,0.1395625265787907,0.05497084930130994,0.0
0.1492407822079642,0.07246305743747117,0.0,0.15955909900521437,0.055341235324748966,0.0
0.12924407296440438,0.07210011857496575,0.0,0.10924738407648037,0.07173612189464677,0.0
0.12924407296440438,0.07210011857496575,0.0,0.11941039142775678,0.054335711663734625,0.0
0.12924407296440438,0.07210011857496575,0.0,0.1395625265787907,0.05497084930130994,0.0
0.12924407296440438,0.07210011857496575,0.0,0.11892553277063976,0.089234060318923,0.0
0.10924738407648037,0.07173612189464677,0.0,0.11941039142775678,0.054335711663734625,0.0
0.10924738407648037,0.07173612189464677,0.0,0.09893953661787563,0.05473486383027434,0.0
0.10924738407648037,0.07173612189464677,0.0,0.0891461238358214,0.07154169326539996,0.0
0.10924738407648037,0.07173612189464677,0.0,0.09892887055636902,0.08886864083542782,0.0
0.10924738407648037,0.07173612189464677,0.0,0.11892553277063976,0.089234060318923,0.0
0.11941039142775678,0.054335711663734625,0.0,0.09893953661787563,0.05473486383027434,0.0
0.11941039142775678,0.054335711663734625,0.0,0.1395625265787907,0.05497084930130994,0.0
0.09893953661787563,0.05473486383027434,0.0,0.0891461238358214,0.07154169326539996,0.0
0.09893953661787563,0.05473486383027434,0.0,0.07957448129833068,0.05441282941858383,0.0
0.22858639562467015,0.10859155458960425,0.0,0.2085898134081576,0.10822176652092343,0.0
0.22858639562467015,0.10859155458960425,0.0,0.2389049194085216,0.09145872947522633,0.0
0.22858639562467015,0.10859155458960425,0.0,0.2189083363654108,0.09108893920036085,0.0
0.22858639562467015,0.10859155458960425,0.0,0.2373216945735546,0.12552822636079167,0.0
0.22858639562467015,0.10859155458960425,0.0,0.24858297756965397,0.10896135169147472,0.0
0.2085898134081576,0.10822176652092343,0.0,0.2189083363654108,0.09108893920036085,0.0
0.2085898134081576,0.10822176652092343,0.0,0.19891175326809538,0.09071915169746946,0.0
0.2085898134081576,0.10822176652092343,0.0,0.1885983010508961,0.10757780269776827,0.0
0.0891461238358214,0.07154169326539996,0.0,0.09892887055636902,0.08886864083542782,0.0
0.0891461238358214,0.07154169326539996,0.0,0.0789322685103024,0.0885000042596768,0.0
0.0891461238358214,0.07154169326539996,0.0,0.06925420201872118,0.07099770041187661,0.0
0.0891461238358214,0.07154169326539996,0.0,0.07957448129833068,0.05441282941858383,0.0
0.21954879959959722,0.0564534999273808,0.0,0.19955125098430013,0.05613581526626807,0.0
0.21954879959959722,0.0564534999273808,0.0,0.20923013887737282,0.07359374009470761,0.0
0.21954879959959722,0.0564534999273808,0.0,0.22922686014971297,0.07395611066703153,0.0
0.21954879959959722,0.0564534999273808,0.0,0.22986732434956528,0.039320675701979876,0.0
0.21954879959959722,0.0564534999273808,0.0,0.2098648164438603,0.039271113850586944,0.0
0.21954879959959722,0.0564534999273808,0.0,0.23954538497704014,0.056823282961388645,0.0
0.19955125098430013,0.05613581526626807,0.0,0.20923013887737282,0.07359374009470761,0.0
0.19955125098430013,0.05613581526626807,0.0,0.1795572429335313,0.05590897344319074,0.0
0.19955125098430013,0.05613581526626807,0.0,0.2098648164438603,0.039271113850586944,0.0
0.19955125098430013,0.05613581526626807,0.0,0.18986003433102855,0.03957980196600293,0.0
0.20923013887737282,0.07359374009470761,0.0,0.2189083363654108,0.09108893920036085,0.0
0.20923013887737282,0.07359374009470761,0.0,0.22922686014971297,0.07395611066703153,0.0
0.20923013887737282,0.07359374009470761,0.0,0.19891175326809538,0.09071915169746946,0.0
0.35831660498345136,0.12819579377642035,0.0,0.36856140001318066,0.1112378205156013,0.0
0.35831660498345136,0.12819579377642035,0.0,0.37824052471602704,0.12868253122603376,0.0
0.35831660498345136,0.12819579377642035,0.0,0.34757152060968244,0.14451689192535028,0.0
0.2389049194085216,0.09145872947522633,0.0,0.2189083363654108,0.09108893920036085,0.0
0.2389049194085216,0.09145872947522633,0.0,0.22922686014971297,0.07395611066703153,0.0
0.2389049194085216,0.09145872947522633,0.0,0.24858297756965397,0.10896135169147472,0.0
0.2189083363654108,0.09108893920036085,0.0,0.22922686014971297,0.07395611066703153,0.0
0.2189083363654108,0.09108893920036085,0.0,0.19891175326809538,0.09071915169746946,0.0
0.22922686014971297,0.07395611066703153,0.0,0.23954538497704014,0.056823282961388645,0.0
0.2373216945735546,0.12552822636079167,0.0,0.24858297756965397,0.10896135169147472,0.0
0.2373216945735546,0.12552822636079167,0.0,0.25707383750717494,0.12562656541046666,0.0
0.2373216945735546,0.12552822636079167,0.0,0.24533226558643143,0.1417428227534677,0.0
0.1589197376462151,0.08991737407018749,0.0,0.14860126774730578,0.10704744769739169,0.0
0.1589197376462151,0.08991737407018749,0.0,0.16860270461749968,0.10715470029493196,0.0
0.14860126774730578,0.10704744769739169,0.0,0.16860270461749968,0.10715470029493196,0.0
0.14860126774730578,0.10704744769739169,0.0,0.1286037503115818,0.10672824526757231,0.0
0.1395625265787907,0.05497084930130994,0.0,0.15955909900521437,0.055341235324748966,0.0
0.1395625265787907,0.05497084930130994,0.0,0.149984498956464,0.0390995122308643,0.0
0.0782918042717695,0.12313566826288337,0.0,0.09845338291383665,0.12230096302638237,0.0
0.0782918042717695,0.12313566826288337,0.0,0.08861033715990901,0.10600219373146007,0.0
0.0782918042717695,0.12313566826288337,0.0,0.06861374485906105,0.10563302194526085,0.0
0.0782918042717695,0.12313566826288337,0.0,0.06797327979125649,0.14026863046581653,0.0
0.0782918042717695,0.12313566826288337,0.0,0.058295220245563474,0.12276603319402964,0.0
0.09845338291383665,0.12230096302638237,0.0,0.08861033715990901,0.10600219373146007,0.0
0.09845338291383665,0.12230096302638237,0.0,0.10860696571466483,0.10636942797206977,0.0
0.09845338291383665,0.12230096302638237,0.0,0.11829384650712797,0.1233950691887234,0.0
0.09845338291383665,0.12230096302638237,0.0,0.10899158804380765,0.1367541023709388,0.0
0.0479766978111983,0.1398988651111021,0.0,0.05766047445643583,0.15709225048315117,0.0
0.0479766978111983,0.1398988651111021,0.0,0.06797327979125649,0.14026863046581653,0.0
0.0479766978111983,0.1398988651111021,0.0,0.058295220245563474,0.12276603319402964,0.0
0.05766047445643583,0.15709225048315117,0.0,0.06797327979125649,0.14026863046581653,0.0
0.6478910192412953,0.15008363282305756,0.0,0.6278864353634681,0.15014299259402936,0.0
0.6478910192412953,0.15008363282305756,0.0,0.638196079819443,0.13348966305304574,0.0
0.6478910192412953,0.15008363282305756,0.0,0.658757387185787,0.16413150093274056,0.0
0.6278864353634681,0.15014299259402936,0.0,0.638196079819443,0.13348966305304574,0.0
0.6278864353634681,0.15014299259402936,0.0,0.6182140524319718,0.13308221536721193,0.0
0.6278864353634681,0.15014299259402936,0.0,0.6078959839132597,0.1498350657550153,0.0
0.05893568299105918,0.08813051023372608,0.0,0.0496864310375631,0.07059347115193673,0.0
0.05893568299105918,0.08813051023372608,0.0,0.0789322685103024,0.0885000042596768,0.0
0.05893568299105918,0.08813051023372608,0.0,0.06861374485906105,0.10563302194526085,0.0
0.05893568299105918,0.08813051023372608,0.0,0.04861716066194946,0.10526343684305645,0.0
0.05893568299105918,0.08813051023372608,0.0,0.06925420201872118,0.07099770041187661,0.0
0.0496864310375631,0.07059347115193673,0.0,0.06925420201872118,0.07099770041187661,0.0
0.0496864310375631,0.07059347115193673,0.0,0.0596323549465522,0.054314300079689695,0.0
0.39887279310263113,0.09467577748683438,0.0,0.3885582385343309,0.11159371738224969,0.0
0.39887279310263113,0.09467577748683438,0.0,0.3788753897723658,0.0943504043429605,0.0
0.39887279310263113,0.09467577748683438,0.0,0.4085555397149293,0.11192468368764638,0.0
0.39887279310263113,0.09467577748683438,0.0,0.4188735863398501,0.09481800697389967,0.0
0.3885582385343309,0.11159371738224969,0.0,0.3788753897723658,0.0943504043429605,0.0
0.3885582385343309,0.11159371738224969,0.0,0.36856140001318066,0.1112378205156013,0.0
0.3885582385343309,0.11159371738224969,0.0,0.37824052471602704,0.12868253122603376,0.0
0.3885582385343309,0.11159371738224969,0.0,0.4085555397149293,0.11192468368764638,0.0
0.3885582385343309,0.11159371738224969,0.0,0.3982369551163546,0.12906050113250314,0.0
0.3788753897723658,0.0943504043429605,0.0,0.36856140001318066,0.1112378205156013,0.0
0.3788753897723658,0.0943504043429605,0.0,0.35888330332681473,0.0937375300713927,0.0
0.36856140001318066,0.1112378205156013,0.0,0.37824052471602704,0.12868253122603376,0.0
0.36856140001318066,0.1112378205156013,0.0,0.35888330332681473,0.0937375300713927,0.0
0.37824052471602704,0.12868253122603376,0.0,0.3982369551163546,0.12906050113250314,0.0
0.37824052471602704,0.12868253122603376,0.0,0.3879244209105626,0.14618325556581863,0.0
0.16860270461749968,0.10715470029493196,0.0,0.1885983010508961,0.10757780269776827,0.0
0.09892887055636902,0.08886864083542782,0.0,0.08861033715990901,0.10600219373146007,0.0
0.09892887055636902,0.08886864083542782,0.0,0.0789322685103024,0.0885000042596768,0.0
0.09892887055636902,0.08886864083542782,0.0,0.11892553277063976,0.089234060318923,0.0
0.09892887055636902,0.08886864083542782,0.0,0.10860696571466483,0.10636942797206977,0.0
0.08861033715990901,0.10600219373146007,0.0,0.0789322685103024,0.0885000042596768,0.0
0.08861033715990901,0.10600219373146007,0.0,0.06861374485906105,0.10563302194526085,0.0
0.08861033715990901,0.10600219373146007,0.0,0.10860696571466483,0.10636942797206977,0.0
0.0789322685103024,0.0885000042596768,0.0,0.06861374485906105,0.10563302194526085,0.0
0.0789322685103024,0.0885000042596768,0.0,0.06925420201872118,0.07099770041187661,0.0
0.06861374485906105,0.10563302194526085,0.0,0.04861716066194946,0.10526343684305645,0.0
0.06861374485906105,0.10563302194526085,0.0,0.058295220245563474,0.12276603319402964,0.0
0.1795572429335313,0.05590897344319074,0.0,0.15955909900521437,0.055341235324748966,0.0
0.1795572429335313,0.05590897344319074,0.0,0.16988760733733121,0.039362065683772075,0.0
0.1795572429335313,0.05590897344319074,0.0,0.18986003433102855,0.03957980196600293,0.0
0.04861716066194946,0.10526343684305645,0.0,0.058295220245563474,0.12276603319402964,0.0
0.22986732434956528,0.039320675701979876,0.0,0.2098648164438603,0.039271113850586944,0.0
0.22986732434956528,0.039320675701979876,0.0,0.23954538497704014,0.056823282961388645,0.0
0.22986732434956528,0.039320675701979876,0.0,0.24985700408308345,0.04006397130252398,0.0
0.2098648164438603,0.039271113850586944,0.0,0.18986003433102855,0.03957980196600293,0.0
0.2098648164438603,0.039271113850586944,0.0,0.19992614168953818,0.02440707257251655,0.0
0.23954538497704014,0.056823282961388645,0.0,0.2595408191362327,0.05725531930213282,0.0
0.23954538497704014,0.056823282961388645,0.0,0.24985700408308345,0.04006397130252398,0.0
0.3193119293755286,0.05845187621468202,0.0,0.30980131273778067,0.041349021721934234,0.0
0.30980131273778067,0.041349021721934234,0.0,0.2898326332915897,0.04104587928768755,0.0
0.4388702694605919,0.09518327515672168,0.0,0.4588672168073556,0.0955306424440019,0.0
0.4388702694605919,0.09518327515672168,0.0,0.4188735863398501,0.09481800697389967,0.0
0.4588672168073556,0.0955306424440019,0.0,0.46854597377103235,0.11302915713014178,0.0
0.4588672168073556,0.0955306424440019,0.0,0.4691774629521798,0.07839617070693403,0.0
0.1286037503115818,0.10672824526757231,0.0,0.11892553277063976,0.089234060318923,0.0
0.1286037503115818,0.10672824526757231,0.0,0.10860696571466483,0.10636942797206977,0.0
0.1286037503115818,0.10672824526757231,0.0,0.11829384650712797,0.1233950691887234,0.0
0.11892553277063976,0.089234060318923,0.0,0.10860696571466483,0.10636942797206977,0.0
0.06925420201872118,0.07099770041187661,0.0,0.0596323549465522,0.054314300079689695,0.0
0.06925420201872118,0.07099770041187661,0.0,0.07957448129833068,0.05441282941858383,0.0
0.06797327979125649,0.14026863046581653,0.0,0.058295220245563474,0.12276603319402964,0.0
0.0596323549465522,0.054314300079689695,0.0,0.07957448129833068,0.05441282941858383,0.0
0.638196079819443,0.13348966305304574,0.0,0.6182140524319718,0.13308221536721193,0.0
0.2595408191362327,0.05725531930213282,0.0,0.24985700408308345,0.04006397130252398,0.0
0.2595408191362327,0.05725531930213282,0.0,0.26985318094542077,0.040255162848876876,0.0
0.4085555397149293,0.11192468368764638,0.0,0.4188735863398501,0.09481800697389967,0.0
0.4085555397149293,0.11192468368764638,0.0,0.3982369551163546,0.12906050113250314,0.0
0.19891175326809538,0.09071915169746946,0.0,0.1885983010508961,0.10757780269776827,0.0
0.10860696571466483,0.10636942797206977,0.0,0.11829384650712797,0.1233950691887234,0.0
0.11829384650712797,0.1233950691887234,0.0,0.10899158804380765,0.1367541023709388,0.0
0.11829384650712797,0.1233950691887234,0.0,0.12743454447369246,0.13529296873442756,0.0
0.15955909900521437,0.055341235324748966,0.0,0.149984498956464,0.0390995122308643,0.0
0.15955909900521437,0.055341235324748966,0.0,0.16988760733733121,0.039362065683772075,0.0
0.149984498956464,0.0390995122308643,0.0,0.16988760733733121,0.039362065683772075,0.0
0.149984498956464,0.0390995122308643,0.0,0.14102479601207574,0.02611230779491132,0.0
0.149984498956464,0.0390995122308643,0.0,0.15970197514677575,0.025779944336526507,0.0
0.16988760733733121,0.039362065683772075,0.0,0.18986003433102855,0.03957980196600293,0.0
0.16988760733733121,0.039362065683772075,0.0,0.17945623860506804,0.02487546917567555,0.0
0.16988760733733121,0.039362065683772075,0.0,0.15970197514677575,0.025779944336526507,0.0
0.24858297756965397,0.10896135169147472,0.0,0.25707383750717494,0.12562656541046666,0.0
0.24985700408308345,0.04006397130252398,0.0,0.26985318094542077,0.040255162848876876,0.0
0.3982369551163546,0.12906050113250314,0.0,0.3879244209105626,0.14618325556581863,0.0
0.3982369551163546,0.12906050113250314,0.0,0.4078363619561991,0.14638442117209963,0.0
0.25707383750717494,0.12562656541046666,0.0,0.24533226558643143,0.1417428227534677,0.0
0.25707383750717494,0.12562656541046666,0.0,0.26542372151094845,0.14182662152155603,0.0
0.18986003433102855,0.03957980196600293,0.0,0.19992614168953818,0.02440707257251655,0.0
0.18986003433102855,0.03957980196600293,0.0,0.17945623860506804,0.02487546917567555,0.0
0.3879244209105626,0.14618325556581863,0.0,0.4078363619561991,0.14638442117209963,0.0
0.2898326332915897,0.04104587928768755,0.0,0.26985318094542077,0.040255162848876876,0.0
0.5878919320828496,0.14980990590591176,0.0,0.6078959839132597,0.1498350657550153,0.0
0.5878919320828496,0.14980990590591176,0.0,0.578268422066178,0.13229799883353452,0.0
0.5878919320828496,0.14980990590591176,0.0,0.56788781058371,0.1495130945825428,0.0
0.6182140524319718,0.13308221536721193,0.0,0.6078959839132597,0.1498350657550153,0.0
0.45759977925197376,0.16407806648607398,0.0,0.4473724815415852,0.17627193675292468,0.0
0.45759977925197376,0.16407806648607398,0.0,0.46736087188741604,0.17708469408253905,0.0
1.0,0.08999884015683868,0.0,1.0,0.0699986375884334,0.0
1.0,0.08999884015683868,0.0,0.982780659045753,0.08013787106473678,0.0
1.0,0.04999843208659849,0.0,1.0,0.0699986375884334,0.0
1.0,0.04999843208659849,0.0,0.983214792008884,0.06092570443900661,0.0
1.0,0.04999843208659849,0.0,1.0,0.02999822311208308,0.0
1.0,0.0699986375884334,0.0,0.983214792008884,0.06092570443900661,0.0
1.0,0.0699986375884334,0.0,0.982780659045753,0.08013787106473678,0.0
0.983214792008884,0.06092570443900661,0.0,0.982780659045753,0.08013787106473678,0.0
0.578268422066178,0.13229799883353452,0.0,0.56788781058371,0.1495130945825428,0.0
0.56788781058371,0.1495130945825428,0.0,0.5478967200035023,0.1490725739222786,0.0
0.56788781058371,0.1495130945825428,0.0,0.5574400220042001,0.16497557794347867,0.0
0.4975795456487171,0.16553656062362143,0.0,0.4873431813563073,0.17822630246117038,0.0
0.4975795456487171,0.16553656062362143,0.0,0.5074984635236022,0.17869567772635978,0.0
0.53823051221803,0.1316310615920063,0.0,0.5478967200035023,0.1490725739222786,0.0
0.5478967200035023,0.1490725739222786,0.0,0.5574400220042001,0.16497557794347867,0.0
0.5574400220042001,0.16497557794347867,0.0,0.5649921520852227,0.17852903118785932,0.0
0.5574400220042001,0.16497557794347867,0.0,0.5473785500462756,0.17865343543985931,0.0
0.4691774629521798,0.07839617070693403,0.0,0.4794835406450601,0.061276554496334526,0.0
0.12108692976435624,0.14971524063829256,0.0,0.10899158804380765,0.1367541023709388,0.0
0.12108692976435624,0.14971524063829256,0.0,0.12743454447369246,0.13529296873442756,0.0
0.917967779729144,0.039097535847807646,0.0,0.9097723279163219,0.021347258160548666,0.0
0.917967779729144,0.039097535847807646,0.0,0.9295441526349457,0.02346578442268915,0.0
0.9097723279163219,0.021347258160548666,0.0,0.9295441526349457,0.02346578442268915,0.0
0.9097723279163219,0.021347258160548666,0.0,0.9018959529493121,0.003313866285403733,0.0
0.9097723279163219,0.021347258160548666,0.0,0.9214514253410404,0.00550937053683581,0.0
0.14496577421176585,0.18029166984323863,0.0,0.1372078753933555,0.1984719233079192,0.0
0.14496577421176585,0.18029166984323863,0.0,0.1567512396874989,0.1961150489967212,0.0
0.9295441526349457,0.02346578442268915,0.0,0.9214514253410404,0.00550937053683581,0.0
0.2549212071454445,0.1900191158946087,0.0,0.2352375608496372,0.1901715774166525,0.0
0.2352375608496372,0.1901715774166525,0.0,0.2155675444190997,0.1909215933815534,0.0
0.49032786130495104,0.009924234266080578,0.0,0.5100055457004958,0.009919067348271181,0.0
0.5100055457004958,0.009919067348271181,0.0,0.5296738775492393,0.009310780194837224,0.0
0.02000863205556045,0.00968356925878227,0.0,0.03966572908037495,0.00878123240677548,0.0
0.02000863205556045,0.00968356925878227,0.0,0.00033344445404777655,0.009997920013264218,0.0
0.02000863205556045,0.00968356925878227,0.0,0.014572788587752827,0.023984328513955933,0.0
0.03966572908037495,0.00878123240677548,0.0,0.05929145341714438,0.007348352959066093,0.0
0.10578074679991824,0.18550969334390807,0.0,0.1176755593694548,0.2009191173322832,0.0
0.10578074679991824,0.18550969334390807,0.0,0.09813655032930213,0.2033120093872453,0.0
0.2155675444190997,0.1909215933815534,0.0,0.1959260328513177,0.1922212147213933,0.0
0.5296738775492393,0.009310780194837224,0.0,0.549316790550749,0.008138341222130774,0.0
0.1176755593694548,0.2009191173322832,0.0,0.1372078753933555,0.1984719233079192,0.0
0.1176755593694548,0.2009191173322832,0.0,0.09813655032930213,0.2033120093872453,0.0
0.1372078753933555,0.1984719233079192,0.0,0.1567512396874989,0.1961150489967212,0.0
3.334444814934153e-05,0.18999980508918277,0.0,0.014343820869025583,0.17476587114059094,0.0
3.334444814934153e-05,0.18999980508918277,0.0,0.011954363187324995,0.19775600570863683,0.0
3.334444814934153e-05,0.18999980508918277,0.0,2.3804827732685893e-26,0.21,0.0
0.1959260328513177,0.1922212147213933,0.0,0.1763208908223542,0.1939886762133007,0.0
0.6861187615548019,0.1930527247722307,0.0,0.6724327746460743,0.17774471161279579,0.0
0.6861187615548019,0.1930527247722307,0.0,0.6665320285254098,0.1950146595390509,0.0
0.6724327746460743,0.17774471161279579,0.0,0.6665320285254098,0.1950146595390509,0.0
0.6724327746460743,0.17774471161279579,0.0,0.6531431110286311,0.18098587301043706,0.0
0.6724327746460743,0.17774471161279579,0.0,0.658757387185787,0.16413150093274056,0.0
0.3530228816138251,0.1972732469543295,0.0,0.3725585682950345,0.1996932487804034,0.0
0.1763208908223542,0.1939886762133007,0.0,0.1567512396874989,0.1961150489967212,0.0
0.6079079889629149,0.2021313692806051,0.0,0.6274414338011367,0.1996932485171144,0.0
0.6079079889629149,0.2021313692806051,0.0,0.5883592993452134,0.204443428867555,0.0
0.6274414338011367,0.1996932485171144,0.0,0.6469771203754761,0.1972732467138197,0.0
0.8823244412923026,0.2009191174150899,0.0,0.901863450217593,0.2033120094520914,0.0
0.8823244412923026,0.2009191174150899,0.0,0.8772077931968859,0.1870824531662283,0.0
0.901863450217593,0.2033120094520914,0.0,0.921425379683128,0.2055086350647987,0.0
0.6469771203754761,0.1972732467138197,0.0,0.6665320285254098,0.1950146595390509,0.0
0.6469771203754761,0.1972732467138197,0.0,0.6531431110286311,0.18098587301043706,0.0
0.6665320285254098,0.1950146595390509,0.0,0.6531431110286311,0.18098587301043706,0.0
0.6531431110286311,0.18098587301043706,0.0,0.658757387185787,0.16413150093274056,0.0
0.07857462076905876,0.2055086350173741,0.0,0.09813655032930213,0.2033120093872453,0.0
0.07857462076905876,0.2055086350173741,0.0,0.05897878113556556,0.2073769316422593,0.0
0.4312186625324201,0.2064914855210821,0.0,0.4508331653730723,0.2081512657305875,0.0
0.4312186625324201,0.2064914855210821,0.0,0.4400158293277303,0.19163896952936577,0.0
0.568781339891721,0.2064914852893641,0.0,0.5883592993452134,0.204443428867555,0.0
0.568781339891721,0.2064914852893641,0.0,0.5491668371792392,0.2081512655447921,0.0
0.568781339891721,0.2064914852893641,0.0,0.5575773263319214,0.19081492277332487,0.0
0.921425379683128,0.2055086350647987,0.0,0.9410212191544387,0.2073769316668632,0.0
0.9410212191544387,0.2073769316668632,0.0,0.9509069620002788,0.1954073902328314,0.0
0.03934595430376511,0.2088023656195966,0.0,0.05897878113556556,0.2073769316422593,0.0
0.03934595430376511,0.2088023656195966,0.0,0.01968189381931244,0.2096956954280177,0.0
0.4508331653730723,0.2081512657305875,0.0,0.4704828605194097,0.2093199306346598,0.0
0.4508331653730723,0.2081512657305875,0.0,0.45988286526485556,0.19246887403361734,0.0
0.4508331653730723,0.2081512657305875,0.0,0.4400158293277303,0.19163896952936577,0.0
0.4704828605194097,0.2093199306346598,0.0,0.45988286526485556,0.19246887403361734,0.0
0.4704828605194097,0.2093199306346598,0.0,0.4901578846305079,0.2099236141418919,0.0
0.4704828605194097,0.2093199306346598,0.0,0.47905699008476355,0.19347234080645875,0.0
0.45988286526485556,0.19246887403361734,0.0,0.4400158293277303,0.19163896952936577,0.0
0.45988286526485556,0.19246887403361734,0.0,0.4473724815415852,0.17627193675292468,0.0
0.45988286526485556,0.19246887403361734,0.0,0.47905699008476355,0.19347234080645875,0.0
0.45988286526485556,0.19246887403361734,0.0,0.46736087188741604,0.17708469408253905,0.0
0.5295171421655228,0.2093199305123607,0.0,0.5491668371792392,0.2081512655447921,0.0
0.5295171421655228,0.2093199305123607,0.0,0.5383415156647372,0.19247321981856721,0.0
0.5295171421655228,0.2093199305123607,0.0,0.5098421182743784,0.209923614096859,0.0
0.5295171421655228,0.2093199305123607,0.0,0.518582167599149,0.19383161396939746,0.0
0.5491668371792392,0.2081512655447921,0.0,0.5383415156647372,0.19247321981856721,0.0
0.5491668371792392,0.2081512655447921,0.0,0.5575773263319214,0.19081492277332487,0.0
0.5383415156647372,0.19247321981856721,0.0,0.5575773263319214,0.19081492277332487,0.0
0.5383415156647372,0.19247321981856721,0.0,0.518582167599149,0.19383161396939746,0.0
0.5383415156647372,0.19247321981856721,0.0,0.5274549736055336,0.17906358438667014,0.0
0.5383415156647372,0.19247321981856721,0.0,0.5473785500462756,0.17865343543985931,0.0
0.4901578846305079,0.2099236141418919,0.0,0.5098421182743784,0.209923614096859,0.0
0.4901578846305079,0.2099236141418919,0.0,0.4991142774863287,0.19381063378297808,0.0
0.4901578846305079,0.2099236141418919,0.0,0.47905699008476355,0.19347234080645875,0.0
0.5098421182743784,0.209923614096859,0.0,0.4991142774863287,0.19381063378297808,0.0
0.5098421182743784,0.209923614096859,0.0,0.518582167599149,0.19383161396939746,0.0
0.4991142774863287,0.19381063378297808,0.0,0.47905699008476355,0.19347234080645875,0.0
0.4991142774863287,0.19381063378297808,0.0,0.518582167599149,0.19383161396939746,0.0
0.4991142774863287,0.19381063378297808,0.0,0.4873431813563073,0.17822630246117038,0.0
0.4991142774863287,0.19381063378297808,0.0,0.5074984635236022,0.17869567772635978,0.0
0.11796745717401343,0.000880588330810991,0.0,0.13749332212606352,-0.0015655128188391259,0.0
0.11796745717401343,0.000880588330810991,0.0,0.09843516990378016,0.0032745816704755383,0.0
0.13749332212606352,-0.0015655128188391259,0.0,0.15703048049777107,-0.003919257471660736,0.0
0.13749332212606352,-0.0015655128188391259,0.0,0.14927262222875928,0.013947628597473165,0.0
0.3727661971834031,-0.00028266826518133124,0.0,0.3532371163503181,-0.002702838587845511,0.0
0.882363407041615,0.0009219959415713818,0.0,0.9018959529493121,0.003313866285403733,0.0
0.9018959529493121,0.003313866285403733,0.0,0.9214514253410404,0.00550937053683581,0.0
0.3336889932780575,-0.00496324031966417,0.0,0.3532371163503181,-0.002702838587845511,0.0
0.3336889932780575,-0.00496324031966417,0.0,0.31410916979783027,-0.006928639626355988,0.0
0.07888019653096573,0.0054745503393431455,0.0,0.09843516990378016,0.0032745816704755383,0.0
0.07888019653096573,0.0054745503393431455,0.0,0.05929145341714438,0.007348352959066093,0.0
0.15703048049777107,-0.003919257471660736,0.0,0.1765940914588458,-0.0060407195384839275,0.0
0.15703048049777107,-0.003919257471660736,0.0,0.16858608921030221,0.011282680764106979,0.0
0.15703048049777107,-0.003919257471660736,0.0,0.14927262222875928,0.013947628597473165,0.0
0.1765940914588458,-0.0060407195384839275,0.0,0.16858608921030221,0.011282680764106979,0.0
0.1765940914588458,-0.0060407195384839275,0.0,0.19619324455665357,-0.007801836979401704,0.0
0.1765940914588458,-0.0060407195384839275,0.0,0.18823050899044877,0.00911236278916813,0.0
0.16858608921030221,0.011282680764106979,0.0,0.14927262222875928,0.013947628597473165,0.0
0.16858608921030221,0.011282680764106979,0.0,0.18823050899044877,0.00911236278916813,0.0
0.16858608921030221,0.011282680764106979,0.0,0.17945623860506804,0.02487546917567555,0.0
0.16858608921030221,0.011282680764106979,0.0,0.15970197514677575,0.025779944336526507,0.0
0.29449233564317323,-0.00847928398140331,0.0,0.31410916979783027,-0.006928639626355988,0.0
0.29449233564317323,-0.00847928398140331,0.0,0.27484195493553437,-0.009518676527991429,0.0
0.19619324455665357,-0.007801836979401704,0.0,0.21582869467829854,-0.009094111636984486,0.0
0.19619324455665357,-0.007801836979401704,0.0,0.20774422238189333,0.00803633359306184,0.0
0.19619324455665357,-0.007801836979401704,0.0,0.18823050899044877,0.00911236278916813,0.0
0.21582869467829854,-0.009094111636984486,0.0,0.20774422238189333,0.00803633359306184,0.0
0.21582869467829854,-0.009094111636984486,0.0,0.23549247397346978,-0.009836273242324714,0.0
0.20774422238189333,0.00803633359306184,0.0,0.18823050899044877,0.00911236278916813,0.0
0.20774422238189333,0.00803633359306184,0.0,0.19992614168953818,0.02440707257251655,0.0
0.9803246522992162,0.009693904249770654,0.0,1.0,0.009998007795822439,0.0
0.9803246522992162,0.009693904249770654,0.0,0.9855624329414576,0.02425214861329539,0.0
0.23549247397346978,-0.009836273242324714,0.0,0.25516965039952494,-0.009980898473198952,0.0
0.25516965039952494,-0.009980898473198952,0.0,0.27484195493553437,-0.009518676527991429,0.0
1.0,0.02999822311208308,0.0,1.0,0.009998007795822439,0.0
1.0,0.02999822311208308,0.0,0.9855624329414576,0.02425214861329539,0.0
0.01968189381931244,0.2096956954280177,0.0,0.011954363187324995,0.19775600570863683,0.0
0.01968189381931244,0.2096956954280177,0.0,2.3804827732685893e-26,0.21,0.0
0.6349860385629804,0.06925482944711461,0.0,0.6277848949424368,0.0856069895647924,0.0
0.14927262222875928,0.013947628597473165,0.0,0.14102479601207574,0.02611230779491132,0.0
0.14927262222875928,0.013947628597473165,0.0,0.15970197514677575,0.025779944336526507,0.0
0.4400158293277303,0.19163896952936577,0.0,0.4473724815415852,0.17627193675292468,0.0
0.4473724815415852,0.17627193675292468,0.0,0.46736087188741604,0.17708469408253905,0.0
0.011954363187324995,0.19775600570863683,0.0,2.3804827732685893e-26,0.21,0.0
0.18823050899044877,0.00911236278916813,0.0,0.19992614168953818,0.02440707257251655,0.0
0.18823050899044877,0.00911236278916813,0.0,0.17945623860506804,0.02487546917567555,0.0
0.5575773263319214,0.19081492277332487,0.0,0.5649921520852227,0.17852903118785932,0.0
0.5575773263319214,0.19081492277332487,0.0,0.5473785500462756,0.17865343543985931,0.0
0.34757152060968244,0.14451689192535028,0.0,0.3275052696070293,0.14341558312711175,0.0
0.47905699008476355,0.19347234080645875,0.0,0.4873431813563073,0.17822630246117038,0.0
0.47905699008476355,0.19347234080645875,0.0,0.46736087188741604,0.17708469408253905,0.0
0.518582167599149,0.19383161396939746,0.0,0.5074984635236022,0.17869567772635978,0.0
0.518582167599149,0.19383161396939746,0.0,0.5274549736055336,0.17906358438667014,0.0
0.24533226558643143,0.1417428227534677,0.0,0.26542372151094845,0.14182662152155603,0.0
0.4873431813563073,0.17822630246117038,0.0,0.46736087188741604,0.17708469408253905,0.0
0.4873431813563073,0.17822630246117038,0.0,0.5074984635236022,0.17869567772635978,0.0
0.19992614168953818,0.02440707257251655,0.0,0.17945623860506804,0.02487546917567555,0.0
1.0,0.009998007795822439,0.0,0.9855624329414576,0.02425214861329539,0.0
0.00033344445404777655,0.009997920013264218,0.0,0.014572788587752827,0.023984328513955933,0.0
0.10899158804380765,0.1367541023709388,0.0,0.12743454447369246,0.13529296873442756,0.0
0.6277848949424368,0.0856069895647924,0.0,0.6084379735544803,0.08517749603763228,0.0
0.17945623860506804,0.02487546917567555,0.0,0.15970197514677575,0.025779944336526507,0.0
0.5074984635236022,0.17869567772635978,0.0,0.5274549736055336,0.17906358438667014,0.0
0.5649921520852227,0.17852903118785932,0.0,0.5473785500462756,0.17865343543985931,0.0
0.5274549736055336,0.17906358438667014,0.0,0.5473785500462756,0.17865343543985931,0.0
0.14102479601207574,0.02611230779491132,0.0,0.15970197514677575,0.025779944336526507,0.0
