start:0,start:1,start:2,end:0,end:1,end:2
0.7928149537672142,0.010577457063746873,0.0,0.800762051755422,0.031638782625798924,0.0
0.7928149537672142,0.010577457063746873,0.0,0.780690574144255,0.03121827565341978,0.0
0.7928149537672142,0.010577457063746873,0.0,0.7845049477257844,-0.009162684108055328,0.0
0.7928149537672142,0.010577457063746873,0.0,0.7734261544997725,0.011376655432519244,0.0
0.7928149537672142,0.010577457063746873,0.0,0.8041401665544391,-0.007861698847634116,0.0
0.7928149537672142,0.010577457063746873,0.0,0.8121648484260409,0.013005430790228714,0.0
0.800762051755422,0.031638782625798924,0.0,0.780690574144255,0.03121827565341978,0.0
0.800762051755422,0.031638782625798924,0.0,0.8121648484260409,0.013005430790228714,0.0
0.800762051755422,0.031638782625798924,0.0,0.8200875536911515,0.032841570659678083,0.0
0.800762051755422,0.031638782625798924,0.0,0.7898800544152245,0.0494841204568229,0.0
0.800762051755422,0.031638782625798924,0.0,0.8097658471197954,0.049994472252140536,0.0
0.780690574144255,0.03121827565341978,0.0,0.7734261544997725,0.011376655432519244,0.0
0.780690574144255,0.03121827565341978,0.0,0.770873680817749,0.0490187544778338,0.0
0.780690574144255,0.03121827565341978,0.0,0.7605860827304745,0.030192360035631662,0.0
0.780690574144255,0.03121827565341978,0.0,0.7898800544152245,0.0494841204568229,0.0
0.6934933278824751,0.1713226310456059,0.0,0.6878673697660235,0.15171347767018117,0.0
0.6934933278824751,0.1713226310456059,0.0,0.7078639343500093,0.15208396179336037,0.0
0.6934933278824751,0.1713226310456059,0.0,0.7155546130492024,0.17161970051517453,0.0
0.6934933278824751,0.1713226310456059,0.0,0.7057425391897695,0.1915070909240959,0.0
0.6934933278824751,0.1713226310456059,0.0,0.6772547601380025,0.16268094206967024,0.0
0.6934933278824751,0.1713226310456059,0.0,0.6861187615548019,0.1930527247722307,0.0
0.6934933278824751,0.1713226310456059,0.0,0.6724328586731012,0.17773730271838936,0.0
0.6878673697660235,0.15171347767018117,0.0,0.7078639343500093,0.15208396179336037,0.0
0.6878673697660235,0.15171347767018117,0.0,0.6772547601380025,0.16268094206967024,0.0
0.6878673697660235,0.15171347767018117,0.0,0.6781890594539627,0.13421525806787854,0.0
0.6878673697660235,0.15171347767018117,0.0,0.66787983282769,0.15085393363723304,0.0
0.6878673697660235,0.15171347767018117,0.0,0.6981854178343863,0.13459780156652712,0.0
0.7078639343500093,0.15208396179336037,0.0,0.7155546130492024,0.17161970051517453,0.0
0.7078639343500093,0.15208396179336037,0.0,0.7273261562458009,0.1529742352004879,0.0
0.7078639343500093,0.15208396179336037,0.0,0.6981854178343863,0.13459780156652712,0.0
0.7078639343500093,0.15208396179336037,0.0,0.7180920359819972,0.13489336673587837,0.0
0.3747190562961637,0.056987888696519884,0.0,0.36920347105089085,0.07649153328373019,0.0
0.3747190562961637,0.056987888696519884,0.0,0.3879503714936307,0.07636750704887627,0.0
0.3747190562961637,0.056987888696519884,0.0,0.39786896373841424,0.05849337748349061,0.0
0.3747190562961637,0.056987888696519884,0.0,0.35448146093398375,0.04952900698696623,0.0
0.3747190562961637,0.056987888696519884,0.0,0.38776109726567126,0.038980000411876575,0.0
0.3747190562961637,0.056987888696519884,0.0,0.3684524009336524,0.035303662581771096,0.0
0.3747190562961637,0.056987888696519884,0.0,0.35941635245570136,0.0648891486802324,0.0
0.36920347105089085,0.07649153328373019,0.0,0.3879503714936307,0.07636750704887627,0.0
0.36920347105089085,0.07649153328373019,0.0,0.34900483810124755,0.07722069924544059,0.0
0.36920347105089085,0.07649153328373019,0.0,0.3788757250350907,0.09430477607204771,0.0
0.36920347105089085,0.07649153328373019,0.0,0.3588836255513745,0.09369234104949624,0.0
0.36920347105089085,0.07649153328373019,0.0,0.35941635245570136,0.0648891486802324,0.0
0.3879503714936307,0.07636750704887627,0.0,0.39786896373841424,0.05849337748349061,0.0
0.3879503714936307,0.07636750704887627,0.0,0.40816190052177515,0.07729790005117343,0.0
0.3879503714936307,0.07636750704887627,0.0,0.39887312274282155,0.09462959696405916,0.0
0.3879503714936307,0.07636750704887627,0.0,0.3788757250350907,0.09430477607204771,0.0
0.0852895839338472,0.1885814399253468,0.0,0.06733289822070684,0.17489095077452518,0.0
0.0852895839338472,0.1885814399253468,0.0,0.09441313451051454,0.170163509747284,0.0
0.0852895839338472,0.1885814399253468,0.0,0.06788658547080699,0.19309578015448123,0.0
0.0852895839338472,0.1885814399253468,0.0,0.10578083627407277,0.18550254028059732,0.0
0.0852895839338472,0.1885814399253468,0.0,0.07857462076905876,0.2055086350173741,0.0
0.0852895839338472,0.1885814399253468,0.0,0.09813655032930213,0.2033120093872453,0.0
0.06733289822070684,0.17489095077452518,0.0,0.09441313451051454,0.170163509747284,0.0
0.06733289822070684,0.17489095077452518,0.0,0.07877767398537901,0.1565504833616742,0.0
0.06733289822070684,0.17489095077452518,0.0,0.049256982018066366,0.18912105117287223,0.0
0.06733289822070684,0.17489095077452518,0.0,0.04852746451873412,0.1700632295403163,0.0
0.06733289822070684,0.17489095077452518,0.0,0.06788658547080699,0.19309578015448123,0.0
0.06733289822070684,0.17489095077452518,0.0,0.05766052843374264,0.15707137528107287,0.0
0.09441313451051454,0.170163509747284,0.0,0.07877767398537901,0.1565504833616742,0.0
0.09441313451051454,0.170163509747284,0.0,0.10142186858137539,0.15258773401321502,0.0
0.09441313451051454,0.170163509747284,0.0,0.11376104555004644,0.1672645848717544,0.0
0.09441313451051454,0.170163509747284,0.0,0.10578083627407277,0.18550254028059732,0.0
0.15827808449598593,0.1245837646036186,0.0,0.14137010047813203,0.1445719008779215,0.0
0.15827808449598593,0.1245837646036186,0.0,0.13828148605701407,0.12421309739663595,0.0
0.15827808449598593,0.1245837646036186,0.0,0.16203876245401358,0.14376935270344654,0.0
0.15827808449598593,0.1245837646036186,0.0,0.176353769279628,0.1250225406250745,0.0
0.15827808449598593,0.1245837646036186,0.0,0.14860108260681754,0.107008258696024,0.0
0.15827808449598593,0.1245837646036186,0.0,0.16860254882965378,0.10711621247191035,0.0
0.14137010047813203,0.1445719008779215,0.0,0.13828148605701407,0.12421309739663595,0.0
0.14137010047813203,0.1445719008779215,0.0,0.16203876245401358,0.14376935270344654,0.0
0.14137010047813203,0.1445719008779215,0.0,0.15290677931909796,0.16207899408905327,0.0
0.14137010047813203,0.1445719008779215,0.0,0.13298579809435135,0.16432674870287853,0.0
0.14137010047813203,0.1445719008779215,0.0,0.12108700448300076,0.1496934491246089,0.0
0.14137010047813203,0.1445719008779215,0.0,0.1274345510980966,0.13526521390427942,0.0
0.13828148605701407,0.12421309739663595,0.0,0.14860108260681754,0.107008258696024,0.0
0.13828148605701407,0.12421309739663595,0.0,0.12860354238624597,0.10668821674027043,0.0
0.13828148605701407,0.12421309739663595,0.0,0.11829377075221999,0.12336185094559222,0.0
0.13828148605701407,0.12421309739663595,0.0,0.1274345510980966,0.13526521390427942,0.0
0.12984737063565246,0.0164888230535999,0.0,0.12895015879977362,0.035799997366308824,0.0
0.12984737063565246,0.0164888230535999,0.0,0.1119010300282203,0.01930411795192829,0.0
0.12984737063565246,0.0164888230535999,0.0,0.11796571364937947,0.0007945281390522874,0.0
0.12984737063565246,0.0164888230535999,0.0,0.13749164024935023,-0.0016515750502365902,0.0
0.12984737063565246,0.0164888230535999,0.0,0.14927129194504699,0.013868675710941638,0.0
0.12984737063565246,0.0164888230535999,0.0,0.14102359754589547,0.02603814053940692,0.0
0.12895015879977362,0.035799997366308824,0.0,0.1119010300282203,0.01930411795192829,0.0
0.12895015879977362,0.035799997366308824,0.0,0.10630750324798491,0.03728581212303285,0.0
0.12895015879977362,0.035799997366308824,0.0,0.11940956348786615,0.05427276685472865,0.0
0.12895015879977362,0.035799997366308824,0.0,0.13956174547896766,0.054908946768172914,0.0
0.12895015879977362,0.035799997366308824,0.0,0.14998354083810966,0.039031233279725075,0.0
0.12895015879977362,0.035799997366308824,0.0,0.14102359754589547,0.02603814053940692,0.0
0.1119010300282203,0.01930411795192829,0.0,0.10630750324798491,0.03728581212303285,0.0
0.1119010300282203,0.01930411795192829,0.0,0.08990204203098821,0.02226699030228724,0.0
0.1119010300282203,0.01930411795192829,0.0,0.11796571364937947,0.0007945281390522874,0.0
0.1119010300282203,0.01930411795192829,0.0,0.09843347137341837,0.0031885225024210146,0.0
0.07877767398537901,0.1565504833616742,0.0,0.10142186858137539,0.15258773401321502,0.0
0.07877767398537901,0.1565504833616742,0.0,0.08886193928945642,0.13867901649193742,0.0
0.07877767398537901,0.1565504833616742,0.0,0.05766052843374264,0.15707137528107287,0.0
0.07877767398537901,0.1565504833616742,0.0,0.06797329149926153,0.14024094633099454,0.0
0.10630750324798491,0.03728581212303285,0.0,0.08990204203098821,0.02226699030228724,0.0
0.10630750324798491,0.03728581212303285,0.0,0.08901617803406828,0.04096317458455338,0.0
0.10630750324798491,0.03728581212303285,0.0,0.11940956348786615,0.05427276685472865,0.0
0.10630750324798491,0.03728581212303285,0.0,0.09893873201430672,0.05467131166904074,0.0
0.8388958069102683,0.1043394751931728,0.0,0.8588558010029328,0.10423552331839352,0.0
0.8388958069102683,0.1043394751931728,0.0,0.8493188854947024,0.12256397719893963,0.0
0.8388958069102683,0.1043394751931728,0.0,0.8281147697203258,0.1228889554202345,0.0
0.8388958069102683,0.1043394751931728,0.0,0.8188297440878114,0.10291101725742623,0.0
0.8388958069102683,0.1043394751931728,0.0,0.829123904472852,0.08514423026457871,0.0
0.8388958069102683,0.1043394751931728,0.0,0.8491367017748694,0.08569924493006008,0.0
0.8588558010029328,0.10423552331839352,0.0,0.8493188854947024,0.12256397719893963,0.0
0.8588558010029328,0.10423552331839352,0.0,0.8697969556241559,0.121827911883539,0.0
0.8588558010029328,0.10423552331839352,0.0,0.8788062087626461,0.10357678722741367,0.0
0.8588558010029328,0.10423552331839352,0.0,0.8491367017748694,0.08569924493006008,0.0
0.8588558010029328,0.10423552331839352,0.0,0.8691238687286044,0.08634700407028353,0.0
0.8493188854947024,0.12256397719893963,0.0,0.8369338742985116,0.1422280283118689,0.0
0.8493188854947024,0.12256397719893963,0.0,0.8610037635797197,0.139937592961862,0.0
0.8493188854947024,0.12256397719893963,0.0,0.8281147697203258,0.1228889554202345,0.0
0.8493188854947024,0.12256397719893963,0.0,0.8697969556241559,0.121827911883539,0.0
0.16203876245401358,0.14376935270344654,0.0,0.176353769279628,0.1250225406250745,0.0
0.16203876245401358,0.14376935270344654,0.0,0.18420714331363267,0.1422879686223454,0.0
0.16203876245401358,0.14376935270344654,0.0,0.17314151749805892,0.16008534079162046,0.0
0.16203876245401358,0.14376935270344654,0.0,0.15290677931909796,0.16207899408905327,0.0
0.39786896373841424,0.05849337748349061,0.0,0.40816190052177515,0.07729790005117343,0.0
0.39786896373841424,0.05849337748349061,0.0,0.4186350692421117,0.059408085753489985,0.0
0.39786896373841424,0.05849337748349061,0.0,0.4085601932600974,0.0413773760956604,0.0
0.39786896373841424,0.05849337748349061,0.0,0.38776109726567126,0.038980000411876575,0.0
0.8369338742985116,0.1422280283118689,0.0,0.8610037635797197,0.139937592961862,0.0
0.8369338742985116,0.1422280283118689,0.0,0.8490850387087395,0.16235587894087564,0.0
0.8369338742985116,0.1422280283118689,0.0,0.8273958006575179,0.15977231571222833,0.0
0.8369338742985116,0.1422280283118689,0.0,0.8281147697203258,0.1228889554202345,0.0
0.8369338742985116,0.1422280283118689,0.0,0.8172381010917441,0.1407031682653572,0.0
0.8610037635797197,0.139937592961862,0.0,0.8490850387087395,0.16235587894087564,0.0
0.8610037635797197,0.139937592961862,0.0,0.8697969556241559,0.121827911883539,0.0
0.8610037635797197,0.139937592961862,0.0,0.8714855874984829,0.15793468237103978,0.0
0.8610037635797197,0.139937592961862,0.0,0.8798429361739217,0.1389833299610489,0.0
0.8490850387087395,0.16235587894087564,0.0,0.8351247319139823,0.17780471358819602,0.0
0.8490850387087395,0.16235587894087564,0.0,0.8273958006575179,0.15977231571222833,0.0
0.8490850387087395,0.16235587894087564,0.0,0.8497835551799048,0.18263956315875035,0.0
0.8490850387087395,0.16235587894087564,0.0,0.8643683457627476,0.17741798987828894,0.0
0.8490850387087395,0.16235587894087564,0.0,0.8714855874984829,0.15793468237103978,0.0
0.5598406581615901,0.09631278654856928,0.0,0.5794881215853429,0.0965984820588574,0.0
0.5598406581615901,0.09631278654856928,0.0,0.5716162973596993,0.07607615207715482,0.0
0.5598406581615901,0.09631278654856928,0.0,0.5397655946924318,0.09645226648885895,0.0
0.5598406581615901,0.09631278654856928,0.0,0.5517023358132455,0.0775985836913821,0.0
0.5598406581615901,0.09631278654856928,0.0,0.5487125560029558,0.1143683034954917,0.0
0.5598406581615901,0.09631278654856928,0.0,0.5687234224126215,0.11465309820070889,0.0
0.5794881215853429,0.0965984820588574,0.0,0.5716162973596993,0.07607615207715482,0.0
0.5794881215853429,0.0965984820588574,0.0,0.5891648611579419,0.0805593596037376,0.0
0.5794881215853429,0.0965984820588574,0.0,0.5687234224126215,0.11465309820070889,0.0
0.5794881215853429,0.0965984820588574,0.0,0.5886641966522688,0.11499523464699295,0.0
0.5794881215853429,0.0965984820588574,0.0,0.5989549726979433,0.09884086077632429,0.0
0.5716162973596993,0.07607615207715482,0.0,0.5517023358132455,0.0775985836913821,0.0
0.5716162973596993,0.07607615207715482,0.0,0.5629801293909159,0.058798356367766896,0.0
0.5716162973596993,0.07607615207715482,0.0,0.5891648611579419,0.0805593596037376,0.0
0.5716162973596993,0.07607615207715482,0.0,0.584265047389688,0.060088348871431184,0.0
0.5767967324429115,0.1885052334283916,0.0,0.5780538795217856,0.1679411053031999,0.0
0.5767967324429115,0.1885052334283916,0.0,0.5961733815392147,0.18670519402310198,0.0
0.5767967324429115,0.1885052334283916,0.0,0.568781339891721,0.2064914852893641,0.0
0.5767967324429115,0.1885052334283916,0.0,0.5883592993452134,0.204443428867555,0.0
0.5767967324429115,0.1885052334283916,0.0,0.557577381517431,0.1908080751271359,0.0
0.5767967324429115,0.1885052334283916,0.0,0.5649922306465717,0.17851733076432327,0.0
0.5780538795217856,0.1679411053031999,0.0,0.5961733815392147,0.18670519402310198,0.0
0.5780538795217856,0.1679411053031999,0.0,0.6001373161139063,0.16725007232566433,0.0
0.5780538795217856,0.1679411053031999,0.0,0.5878919901778544,0.14978689413119567,0.0
0.5780538795217856,0.1679411053031999,0.0,0.567887853335845,0.14948931632220946,0.0
0.5780538795217856,0.1679411053031999,0.0,0.5574400894902444,0.16495799997045746,0.0
0.5780538795217856,0.1679411053031999,0.0,0.5649922306465717,0.17851733076432327,0.0
0.5961733815392147,0.18670519402310198,0.0,0.6001373161139063,0.16725007232566433,0.0
0.5961733815392147,0.18670519402310198,0.0,0.6137008604095731,0.18442408302839772,0.0
0.5961733815392147,0.18670519402310198,0.0,0.6079079889629149,0.2021313692806051,0.0
0.5961733815392147,0.18670519402310198,0.0,0.5883592993452134,0.204443428867555,0.0
0.8351247319139823,0.17780471358819602,0.0,0.8273958006575179,0.15977231571222833,0.0
0.8351247319139823,0.17780471358819602,0.0,0.8497835551799048,0.18263956315875035,0.0
0.8351247319139823,0.17780471358819602,0.0,0.815337338333517,0.17603122882859426,0.0
0.8351247319139823,0.17780471358819602,0.0,0.8236791101517987,0.1939886763111289,0.0
0.8351247319139823,0.17780471358819602,0.0,0.8432487611881002,0.1961150490981094,0.0
0.8273958006575179,0.15977231571222833,0.0,0.8172381010917441,0.1407031682653572,0.0
0.8273958006575179,0.15977231571222833,0.0,0.8063719128197407,0.1578467991225078,0.0
0.8273958006575179,0.15977231571222833,0.0,0.815337338333517,0.17603122882859426,0.0
0.6983181392792425,0.011406398922734687,0.0,0.6909578157458451,0.03173044409815362,0.0
0.6983181392792425,0.011406398922734687,0.0,0.7114696982754617,0.029718974746677715,0.0
0.6983181392792425,0.011406398922734687,0.0,0.7187885979814939,0.010801122399553918,0.0
0.6983181392792425,0.011406398922734687,0.0,0.6862217710182638,-0.007044748280590323,0.0
0.6983181392792425,0.011406398922734687,0.0,0.6787457029163699,0.013166489237517951,0.0
0.6983181392792425,0.011406398922734687,0.0,0.7058395487137061,-0.008587459251912287,0.0
0.6909578157458451,0.03173044409815362,0.0,0.7114696982754617,0.029718974746677715,0.0
0.6909578157458451,0.03173044409815362,0.0,0.6835586101080069,0.05020774712223037,0.0
0.6909578157458451,0.03173044409815362,0.0,0.6713362832587404,0.03357312922375055,0.0
0.6909578157458451,0.03173044409815362,0.0,0.6787457029163699,0.013166489237517951,0.0
0.6909578157458451,0.03173044409815362,0.0,0.704703598983349,0.04860948129464796,0.0
0.7114696982754617,0.029718974746677715,0.0,0.724758119610063,0.04631485475231953,0.0
0.7114696982754617,0.029718974746677715,0.0,0.7187885979814939,0.010801122399553918,0.0
0.7114696982754617,0.029718974746677715,0.0,0.704703598983349,0.04860948129464796,0.0
0.7114696982754617,0.029718974746677715,0.0,0.7304020877936881,0.025859102582016045,0.0
0.35448146093398375,0.04952900698696623,0.0,0.33112166004258226,0.04126475485443877,0.0
0.35448146093398375,0.04952900698696623,0.0,0.3492500875175817,0.03133075537602241,0.0
0.35448146093398375,0.04952900698696623,0.0,0.33942789525446343,0.06024279337855876,0.0
0.35448146093398375,0.04952900698696623,0.0,0.3684524009336524,0.035303662581771096,0.0
0.35448146093398375,0.04952900698696623,0.0,0.35941635245570136,0.0648891486802324,0.0
0.33112166004258226,0.04126475485443877,0.0,0.3492500875175817,0.03133075537602241,0.0
0.33112166004258226,0.04126475485443877,0.0,0.33942789525446343,0.06024279337855876,0.0
0.33112166004258226,0.04126475485443877,0.0,0.3181982835628018,0.024664105255679643,0.0
0.33112166004258226,0.04126475485443877,0.0,0.3342516670925935,0.025532587119135117,0.0
0.33112166004258226,0.04126475485443877,0.0,0.3193124726914092,0.058392836300717454,0.0
0.33112166004258226,0.04126475485443877,0.0,0.3098019441379335,0.041283028746603286,0.0
0.3492500875175817,0.03133075537602241,0.0,0.3684524009336524,0.035303662581771096,0.0
0.3492500875175817,0.03133075537602241,0.0,0.3610620455434538,0.015593274841791249,0.0
0.3492500875175817,0.03133075537602241,0.0,0.34243679757953754,0.012079690233186396,0.0
0.3492500875175817,0.03133075537602241,0.0,0.3342516670925935,0.025532587119135117,0.0
0.7648411699652664,-0.009914666790610314,0.0,0.7845049477257844,-0.009162684108055328,0.0
0.7648411699652664,-0.009914666790610314,0.0,0.7734261544997725,0.011376655432519244,0.0
0.7648411699652664,-0.009914666790610314,0.0,0.7548682350763725,0.007055750508316017,0.0
0.7648411699652664,-0.009914666790610314,0.0,0.7451636913159623,-0.010069605886169845,0.0
0.7845049477257844,-0.009162684108055328,0.0,0.7734261544997725,0.011376655432519244,0.0
0.7845049477257844,-0.009162684108055328,0.0,0.8041401665544391,-0.007861698847634116,0.0
0.7734261544997725,0.011376655432519244,0.0,0.7548682350763725,0.007055750508316017,0.0
0.7734261544997725,0.011376655432519244,0.0,0.7605860827304745,0.030192360035631662,0.0
0.6001373161139063,0.16725007232566433,0.0,0.6137008604095731,0.18442408302839772,0.0
0.6001373161139063,0.16725007232566433,0.0,0.6208487235235013,0.16706203309413162,0.0
0.6001373161139063,0.16725007232566433,0.0,0.5878919901778544,0.14978689413119567,0.0
0.6001373161139063,0.16725007232566433,0.0,0.60789605211497,0.14981280467693578,0.0
0.176353769279628,0.1250225406250745,0.0,0.18420714331363267,0.1422879686223454,0.0
0.176353769279628,0.1250225406250745,0.0,0.19639783193696234,0.12483780611101412,0.0
0.176353769279628,0.1250225406250745,0.0,0.16860254882965378,0.10711621247191035,0.0
0.176353769279628,0.1250225406250745,0.0,0.18859818269803053,0.10754006077156941,0.0
0.18420714331363267,0.1422879686223454,0.0,0.20433280125613934,0.1419608882112055,0.0
0.18420714331363267,0.1422879686223454,0.0,0.19363050481013006,0.15864163049138819,0.0
0.18420714331363267,0.1422879686223454,0.0,0.19639783193696234,0.12483780611101412,0.0
0.18420714331363267,0.1422879686223454,0.0,0.17314151749805892,0.16008534079162046,0.0
0.724758119610063,0.04631485475231953,0.0,0.7427690191210187,0.03985071728405468,0.0
0.724758119610063,0.04631485475231953,0.0,0.739938011558318,0.0625414744310113,0.0
0.724758119610063,0.04631485475231953,0.0,0.7180009175773735,0.06573388069548741,0.0
0.724758119610063,0.04631485475231953,0.0,0.704703598983349,0.04860948129464796,0.0
0.724758119610063,0.04631485475231953,0.0,0.7304020877936881,0.025859102582016045,0.0
0.7427690191210187,0.03985071728405468,0.0,0.739938011558318,0.0625414744310113,0.0
0.7427690191210187,0.03985071728405468,0.0,0.7605860827304745,0.030192360035631662,0.0
0.7427690191210187,0.03985071728405468,0.0,0.7550305815060067,0.05040633753481377,0.0
0.7427690191210187,0.03985071728405468,0.0,0.7304020877936881,0.025859102582016045,0.0
0.7427690191210187,0.03985071728405468,0.0,0.7450618441544642,0.02195265303740334,0.0
0.739938011558318,0.0625414744310113,0.0,0.7180009175773735,0.06573388069548741,0.0
0.739938011558318,0.0625414744310113,0.0,0.7550305815060067,0.05040633753481377,0.0
0.739938011558318,0.0625414744310113,0.0,0.7605476157092381,0.06690194264293262,0.0
0.739938011558318,0.0625414744310113,0.0,0.749131040336099,0.08354912753550821,0.0
0.739938011558318,0.0625414744310113,0.0,0.7291095345131499,0.08327014235600014,0.0
0.6835586101080069,0.05020774712223037,0.0,0.6754739086545812,0.06749630054032044,0.0
0.6835586101080069,0.05020774712223037,0.0,0.6964875100923992,0.06655849192895648,0.0
0.6835586101080069,0.05020774712223037,0.0,0.6713362832587404,0.03357312922375055,0.0
0.6835586101080069,0.05020774712223037,0.0,0.704703598983349,0.04860948129464796,0.0
0.6835586101080069,0.05020774712223037,0.0,0.6625795754686816,0.05084529529075349,0.0
0.6754739086545812,0.06749630054032044,0.0,0.6964875100923992,0.06655849192895648,0.0
0.6754739086545812,0.06749630054032044,0.0,0.688206406620445,0.08393696286147263,0.0
0.6754739086545812,0.06749630054032044,0.0,0.6670219805281541,0.08363567841768772,0.0
0.6754739086545812,0.06749630054032044,0.0,0.6549545961572595,0.06801855945387345,0.0
0.6754739086545812,0.06749630054032044,0.0,0.6625795754686816,0.05084529529075349,0.0
0.6964875100923992,0.06655849192895648,0.0,0.688206406620445,0.08393696286147263,0.0
0.6964875100923992,0.06655849192895648,0.0,0.7180009175773735,0.06573388069548741,0.0
0.6964875100923992,0.06655849192895648,0.0,0.704703598983349,0.04860948129464796,0.0
0.6964875100923992,0.06655849192895648,0.0,0.7089816134713001,0.08336646817042595,0.0
0.7155546130492024,0.17161970051517453,0.0,0.7358694935471516,0.17207202372417624,0.0
0.7155546130492024,0.17161970051517453,0.0,0.7273261562458009,0.1529742352004879,0.0
0.7155546130492024,0.17161970051517453,0.0,0.7057425391897695,0.1915070909240959,0.0
0.7155546130492024,0.17161970051517453,0.0,0.7253997900510565,0.1904740301919498,0.0
0.5299534921800916,0.07900929028512216,0.0,0.5397655946924318,0.09645226648885895,0.0
0.5299534921800916,0.07900929028512216,0.0,0.5517023358132455,0.0775985836913821,0.0
0.5299534921800916,0.07900929028512216,0.0,0.540959648094711,0.06096565842569521,0.0
0.5299534921800916,0.07900929028512216,0.0,0.5196010358334605,0.061830066071445075,0.0
0.5299534921800916,0.07900929028512216,0.0,0.5091788974844462,0.07907796614725118,0.0
0.5299534921800916,0.07900929028512216,0.0,0.5189866884215343,0.09651513936522284,0.0
0.5397655946924318,0.09645226648885895,0.0,0.5517023358132455,0.0775985836913821,0.0
0.5397655946924318,0.09645226648885895,0.0,0.5189866884215343,0.09651513936522284,0.0
0.5397655946924318,0.09645226648885895,0.0,0.5287086910770594,0.11400194085775645,0.0
0.5397655946924318,0.09645226648885895,0.0,0.5487125560029558,0.1143683034954917,0.0
0.5517023358132455,0.0775985836913821,0.0,0.540959648094711,0.06096565842569521,0.0
0.5517023358132455,0.0775985836913821,0.0,0.5629801293909159,0.058798356367766896,0.0
0.33942789525446343,0.06024279337855876,0.0,0.3289929048176557,0.07604051210602844,0.0
0.33942789525446343,0.06024279337855876,0.0,0.34900483810124755,0.07722069924544059,0.0
0.33942789525446343,0.06024279337855876,0.0,0.3193124726914092,0.058392836300717454,0.0
0.33942789525446343,0.06024279337855876,0.0,0.35941635245570136,0.0648891486802324,0.0
0.7187885979814939,0.010801122399553918,0.0,0.7058395487137061,-0.008587459251912287,0.0
0.7187885979814939,0.010801122399553918,0.0,0.7254907754641076,-0.009617526938158585,0.0
0.7187885979814939,0.010801122399553918,0.0,0.7304020877936881,0.025859102582016045,0.0
0.7187885979814939,0.010801122399553918,0.0,0.7366838124656164,0.006805318902966374,0.0
0.8281147697203258,0.1228889554202345,0.0,0.8188297440878114,0.10291101725742623,0.0
0.8281147697203258,0.1228889554202345,0.0,0.808079578185632,0.12115774167748417,0.0
0.8281147697203258,0.1228889554202345,0.0,0.8172381010917441,0.1407031682653572,0.0
0.40816190052177515,0.07729790005117343,0.0,0.4186350692421117,0.059408085753489985,0.0
0.40816190052177515,0.07729790005117343,0.0,0.42907673912379707,0.07760436743064161,0.0
0.40816190052177515,0.07729790005117343,0.0,0.39887312274282155,0.09462959696405916,0.0
0.40816190052177515,0.07729790005117343,0.0,0.41887388929663505,0.09477124943367453,0.0
0.4186350692421117,0.059408085753489985,0.0,0.4085601932600974,0.0413773760956604,0.0
0.4186350692421117,0.059408085753489985,0.0,0.42907673912379707,0.07760436743064161,0.0
0.4186350692421117,0.059408085753489985,0.0,0.43884968954587306,0.059888418805948786,0.0
0.4186350692421117,0.059408085753489985,0.0,0.42929291727409075,0.0417871258927343,0.0
0.4085601932600974,0.0413773760956604,0.0,0.38776109726567126,0.038980000411876575,0.0
0.4085601932600974,0.0413773760956604,0.0,0.40007383156574877,0.02277233448676445,0.0
0.4085601932600974,0.0413773760956604,0.0,0.42026168080392146,0.02375210923426984,0.0
0.4085601932600974,0.0413773760956604,0.0,0.42929291727409075,0.0417871258927343,0.0
0.10142186858137539,0.15258773401321502,0.0,0.08886193928945642,0.13867901649193742,0.0
0.10142186858137539,0.15258773401321502,0.0,0.11376104555004644,0.1672645848717544,0.0
0.10142186858137539,0.15258773401321502,0.0,0.12108700448300076,0.1496934491246089,0.0
0.10142186858137539,0.15258773401321502,0.0,0.10899159621191445,0.1367262815335474,0.0
0.8041401665544391,-0.007861698847634116,0.0,0.8237389832724917,-0.00609350277008142,0.0
0.8041401665544391,-0.007861698847634116,0.0,0.8121648484260409,0.013005430790228714,0.0
0.8237389832724917,-0.00609350277008142,0.0,0.8121648484260409,0.013005430790228714,0.0
0.8237389832724917,-0.00609350277008142,0.0,0.8317498407002931,0.012853249349917287,0.0
0.8237389832724917,-0.00609350277008142,0.0,0.8433022841013414,-0.0039669910470872235,0.0
0.8121648484260409,0.013005430790228714,0.0,0.8317498407002931,0.012853249349917287,0.0
0.8121648484260409,0.013005430790228714,0.0,0.8200875536911515,0.032841570659678083,0.0
0.2780891329895493,0.02345139898994331,0.0,0.2864805760050496,0.007554133710170082,0.0
0.2780891329895493,0.02345139898994331,0.0,0.29804937616264,0.024298456132148344,0.0
0.2780891329895493,0.02345139898994331,0.0,0.2582642822406987,0.023268441996267285,0.0
0.2780891329895493,0.02345139898994331,0.0,0.265446891352422,0.005839434272247328,0.0
0.2780891329895493,0.02345139898994331,0.0,0.2898330699987807,0.04098021608119791,0.0
0.2780891329895493,0.02345139898994331,0.0,0.26985340523782186,0.04018945526136743,0.0
0.2864805760050496,0.007554133710170082,0.0,0.29804937616264,0.024298456132148344,0.0
0.2864805760050496,0.007554133710170082,0.0,0.3058931945666992,0.007857759181942897,0.0
0.2864805760050496,0.007554133710170082,0.0,0.265446891352422,0.005839434272247328,0.0
0.2864805760050496,0.007554133710170082,0.0,0.2944931714144523,-0.008565356162825617,0.0
0.2864805760050496,0.007554133710170082,0.0,0.27484243346300197,-0.00960475055282899,0.0
0.29804937616264,0.024298456132148344,0.0,0.3058931945666992,0.007857759181942897,0.0
0.29804937616264,0.024298456132148344,0.0,0.3181982835628018,0.024664105255679643,0.0
0.29804937616264,0.024298456132148344,0.0,0.3098019441379335,0.041283028746603286,0.0
0.29804937616264,0.024298456132148344,0.0,0.2898330699987807,0.04098021608119791,0.0
0.3058931945666992,0.007857759181942897,0.0,0.3181982835628018,0.024664105255679643,0.0
0.3058931945666992,0.007857759181942897,0.0,0.32421947689625225,0.0090997860666218,0.0
0.3058931945666992,0.007857759181942897,0.0,0.2944931714144523,-0.008565356162825617,0.0
0.3058931945666992,0.007857759181942897,0.0,0.31411032705054076,-0.007014709222313843,0.0
0.8497835551799048,0.18263956315875035,0.0,0.8643683457627476,0.17741798987828894,0.0
0.8497835551799048,0.18263956315875035,0.0,0.8627921253644149,0.1984719234020252,0.0
0.8497835551799048,0.18263956315875035,0.0,0.8432487611881002,0.1961150490981094,0.0
0.6589991843397225,0.014419097600210916,0.0,0.6511449062446628,0.03450380105331662,0.0
0.6589991843397225,0.014419097600210916,0.0,0.6713362832587404,0.03357312922375055,0.0
0.6589991843397225,0.014419097600210916,0.0,0.6666410717088712,-0.005085431269241563,0.0
0.6589991843397225,0.014419097600210916,0.0,0.6787457029163699,0.013166489237517951,0.0
0.6589991843397225,0.014419097600210916,0.0,0.6470923014966042,-0.002828931976574501,0.0
0.6589991843397225,0.014419097600210916,0.0,0.6393356668875091,0.016691072213743482,0.0
0.6511449062446628,0.03450380105331662,0.0,0.6713362832587404,0.03357312922375055,0.0
0.6511449062446628,0.03450380105331662,0.0,0.6393356668875091,0.016691072213743482,0.0
0.6511449062446628,0.03450380105331662,0.0,0.6313537050925948,0.036197694901483016,0.0
0.6511449062446628,0.03450380105331662,0.0,0.6425421373983039,0.05235184069727961,0.0
0.6511449062446628,0.03450380105331662,0.0,0.6625795754686816,0.05084529529075349,0.0
0.6713362832587404,0.03357312922375055,0.0,0.6787457029163699,0.013166489237517951,0.0
0.6713362832587404,0.03357312922375055,0.0,0.6625795754686816,0.05084529529075349,0.0
0.6137008604095731,0.18442408302839772,0.0,0.6208487235235013,0.16706203309413162,0.0
0.6137008604095731,0.18442408302839772,0.0,0.6336764784482716,0.18255378707457623,0.0
0.6137008604095731,0.18442408302839772,0.0,0.6079079889629149,0.2021313692806051,0.0
0.6137008604095731,0.18442408302839772,0.0,0.6274414338011367,0.1996932485171144,0.0
0.6208487235235013,0.16706203309413162,0.0,0.6336764784482716,0.18255378707457623,0.0
0.6208487235235013,0.16706203309413162,0.0,0.639947376163009,0.16589111383248212,0.0
0.6208487235235013,0.16706203309413162,0.0,0.627886511623598,0.15012165975000655,0.0
0.6208487235235013,0.16706203309413162,0.0,0.60789605211497,0.14981280467693578,0.0
0.6336764784482716,0.18255378707457623,0.0,0.639947376163009,0.16589111383248212,0.0
0.6336764784482716,0.18255378707457623,0.0,0.6274414338011367,0.1996932485171144,0.0
0.6336764784482716,0.18255378707457623,0.0,0.6469771203754761,0.1972732467138197,0.0
0.6336764784482716,0.18255378707457623,0.0,0.6531431995528512,0.18097904052169148,0.0
0.01753713472094199,0.07997309718752078,0.0,0.03663163395237505,0.08869367166712383,0.0
0.01753713472094199,0.07997309718752078,0.0,0.01752078993225461,0.0997281022807181,0.0
0.01753713472094199,0.07997309718752078,0.0,0.019730080677455276,0.057875070681803684,0.0
0.01753713472094199,0.07997309718752078,0.0,0.03206859248986619,0.07015740669770804,0.0
0.01753713472094199,0.07997309718752078,0.0,0.0002334111370453746,0.06993972864156495,0.0
0.01753713472094199,0.07997309718752078,0.0,0.0002000666888959734,0.08994868561536426,0.0
0.03663163395237505,0.08869367166712383,0.0,0.01752078993225461,0.0997281022807181,0.0
0.03663163395237505,0.08869367166712383,0.0,0.032308385694218525,0.10707223169658121,0.0
0.03663163395237505,0.08869367166712383,0.0,0.03206859248986619,0.07015740669770804,0.0
0.03663163395237505,0.08869367166712383,0.0,0.05893538597797372,0.08808025451854098,0.0
0.03663163395237505,0.08869367166712383,0.0,0.04968603945823451,0.07053536255403954,0.0
0.03663163395237505,0.08869367166712383,0.0,0.04861701361107639,0.10522035984778323,0.0
0.01752078993225461,0.0997281022807181,0.0,0.032308385694218525,0.10707223169658121,0.0
0.01752078993225461,0.0997281022807181,0.0,0.018378470481287126,0.12126128895087096,0.0
0.01752078993225461,0.0997281022807181,0.0,0.0001667222407464953,0.1099575270190155,0.0
0.01752078993225461,0.0997281022807181,0.0,0.0002000666888959734,0.08994868561536426,0.0
0.6666410717088712,-0.005085431269241563,0.0,0.6862217710182638,-0.007044748280590323,0.0
0.6666410717088712,-0.005085431269241563,0.0,0.6787457029163699,0.013166489237517951,0.0
0.6666410717088712,-0.005085431269241563,0.0,0.6470923014966042,-0.002828931976574501,0.0
0.6862217710182638,-0.007044748280590323,0.0,0.6787457029163699,0.013166489237517951,0.0
0.6862217710182638,-0.007044748280590323,0.0,0.7058395487137061,-0.008587459251912287,0.0
0.8951927872768722,0.18565844354865932,0.0,0.9155299681675823,0.17382582838515753,0.0
0.8951927872768722,0.18565844354865932,0.0,0.9133705467431193,0.19155398885046226,0.0
0.8951927872768722,0.18565844354865932,0.0,0.8979000709473484,0.16849355860687726,0.0
0.8951927872768722,0.18565844354865932,0.0,0.8813609542727631,0.17291652464205437,0.0
0.8951927872768722,0.18565844354865932,0.0,0.8823244412923026,0.2009191174150899,0.0
0.8951927872768722,0.18565844354865932,0.0,0.901863450217593,0.2033120094520914,0.0
0.8951927872768722,0.18565844354865932,0.0,0.8772077156207636,0.18707678941690825,0.0
0.9155299681675823,0.17382582838515753,0.0,0.9133705467431193,0.19155398885046226,0.0
0.9155299681675823,0.17382582838515753,0.0,0.8979000709473484,0.16849355860687726,0.0
0.9155299681675823,0.17382582838515753,0.0,0.9348317801999754,0.17141144011751439,0.0
0.9155299681675823,0.17382582838515753,0.0,0.9328412120994645,0.18946512198106882,0.0
0.9155299681675823,0.17382582838515753,0.0,0.9272486940596407,0.15587355717285065,0.0
0.9155299681675823,0.17382582838515753,0.0,0.9080893638663048,0.15489334479454428,0.0
0.9133705467431193,0.19155398885046226,0.0,0.9328412120994645,0.18946512198106882,0.0
0.9133705467431193,0.19155398885046226,0.0,0.901863450217593,0.2033120094520914,0.0
0.9133705467431193,0.19155398885046226,0.0,0.921425379683128,0.2055086350647987,0.0
0.8979000709473484,0.16849355860687726,0.0,0.8893273294045795,0.15517369072414705,0.0
0.8979000709473484,0.16849355860687726,0.0,0.8813609542727631,0.17291652464205437,0.0
0.8979000709473484,0.16849355860687726,0.0,0.9080893638663048,0.15489334479454428,0.0
0.639947376163009,0.16589111383248212,0.0,0.6478910975141579,0.15006307899175264,0.0
0.639947376163009,0.16589111383248212,0.0,0.627886511623598,0.15012165975000655,0.0
0.639947376163009,0.16589111383248212,0.0,0.6531431995528512,0.18097904052169148,0.0
0.639947376163009,0.16589111383248212,0.0,0.6587574925785695,0.16411751927281137,0.0
0.08886193928945642,0.13867901649193742,0.0,0.07829172703288037,0.12310099139346978,0.0
0.08886193928945642,0.13867901649193742,0.0,0.09845329568044346,0.1222665744582351,0.0
0.08886193928945642,0.13867901649193742,0.0,0.06797329149926153,0.14024094633099454,0.0
0.08886193928945642,0.13867901649193742,0.0,0.10899159621191445,0.1367262815335474,0.0
0.540959648094711,0.06096565842569521,0.0,0.5513063290276299,0.04232396144799053,0.0
0.540959648094711,0.06096565842569521,0.0,0.5629801293909159,0.058798356367766896,0.0
0.540959648094711,0.06096565842569521,0.0,0.5304508849597577,0.04356206355167956,0.0
0.540959648094711,0.06096565842569521,0.0,0.5196010358334605,0.061830066071445075,0.0
0.5513063290276299,0.04232396144799053,0.0,0.5629801293909159,0.058798356367766896,0.0
0.5513063290276299,0.04232396144799053,0.0,0.5304508849597577,0.04356206355167956,0.0
0.5513063290276299,0.04232396144799053,0.0,0.5405099728288424,0.025657658922702362,0.0
0.5513063290276299,0.04232396144799053,0.0,0.5717040896149208,0.04080722139415088,0.0
0.5513063290276299,0.04232396144799053,0.0,0.5604272390063303,0.024288656054993352,0.0
0.5629801293909159,0.058798356367766896,0.0,0.584265047389688,0.060088348871431184,0.0
0.5629801293909159,0.058798356367766896,0.0,0.5717040896149208,0.04080722139415088,0.0
0.38055093445916904,0.01898876123833463,0.0,0.38776109726567126,0.038980000411876575,0.0
0.38055093445916904,0.01898876123833463,0.0,0.3684524009336524,0.035303662581771096,0.0
0.38055093445916904,0.01898876123833463,0.0,0.3922949620989024,0.002068009944170103,0.0
0.38055093445916904,0.01898876123833463,0.0,0.40007383156574877,0.02277233448676445,0.0
0.38055093445916904,0.01898876123833463,0.0,0.3610620455434538,0.015593274841791249,0.0
0.38055093445916904,0.01898876123833463,0.0,0.3727679275298746,-0.00036872955956579023,0.0
0.38776109726567126,0.038980000411876575,0.0,0.3684524009336524,0.035303662581771096,0.0
0.38776109726567126,0.038980000411876575,0.0,0.40007383156574877,0.02277233448676445,0.0
0.3684524009336524,0.035303662581771096,0.0,0.3610620455434538,0.015593274841791249,0.0
0.8188297440878114,0.10291101725742623,0.0,0.808079578185632,0.12115774167748417,0.0
0.8188297440878114,0.10291101725742623,0.0,0.798675043667529,0.10221508518351739,0.0
0.8188297440878114,0.10291101725742623,0.0,0.8090997187486078,0.08471960316278306,0.0
0.8188297440878114,0.10291101725742623,0.0,0.829123904472852,0.08514423026457871,0.0
0.049256982018066366,0.18912105117287223,0.0,0.03200901951007092,0.17600916994035898,0.0
0.049256982018066366,0.18912105117287223,0.0,0.03419722806946642,0.1953660826241998,0.0
0.049256982018066366,0.18912105117287223,0.0,0.04852746451873412,0.1700632295403163,0.0
0.049256982018066366,0.18912105117287223,0.0,0.06788658547080699,0.19309578015448123,0.0
0.049256982018066366,0.18912105117287223,0.0,0.03934595430376511,0.2088023656195966,0.0
0.049256982018066366,0.18912105117287223,0.0,0.05897878113556556,0.2073769316422593,0.0
0.03200901951007092,0.17600916994035898,0.0,0.03419722806946642,0.1953660826241998,0.0
0.03200901951007092,0.17600916994035898,0.0,0.04852746451873412,0.1700632295403163,0.0
0.03200901951007092,0.17600916994035898,0.0,0.01747845706568463,0.158341622690584,0.0
0.03200901951007092,0.17600916994035898,0.0,0.038236081345921984,0.15671826936039945,0.0
0.03200901951007092,0.17600916994035898,0.0,0.02202298853805635,0.18770251626879356,0.0
0.03200901951007092,0.17600916994035898,0.0,0.014343846786394037,0.17475159513480001,0.0
0.03419722806946642,0.1953660826241998,0.0,0.02202298853805635,0.18770251626879356,0.0
0.03419722806946642,0.1953660826241998,0.0,0.03934595430376511,0.2088023656195966,0.0
0.03419722806946642,0.1953660826241998,0.0,0.01968189381931244,0.2096956954280177,0.0
0.8317498407002931,0.012853249349917287,0.0,0.8200875536911515,0.032841570659678083,0.0
0.8317498407002931,0.012853249349917287,0.0,0.840412057948054,0.03280682666520501,0.0
0.8317498407002931,0.012853249349917287,0.0,0.8517842237633432,0.01577794876321446,0.0
0.8317498407002931,0.012853249349917287,0.0,0.8433022841013414,-0.0039669910470872235,0.0
0.8200875536911515,0.032841570659678083,0.0,0.840412057948054,0.03280682666520501,0.0
0.8200875536911515,0.032841570659678083,0.0,0.8097658471197954,0.049994472252140536,0.0
0.8200875536911515,0.032841570659678083,0.0,0.829764197810237,0.05035972578438453,0.0
0.840412057948054,0.03280682666520501,0.0,0.8517842237633432,0.01577794876321446,0.0
0.840412057948054,0.03280682666520501,0.0,0.8595116223672448,0.033680294360300206,0.0
0.840412057948054,0.03280682666520501,0.0,0.829764197810237,0.05035972578438453,0.0
0.840412057948054,0.03280682666520501,0.0,0.8493510871719557,0.050596446723099146,0.0
0.8697969556241559,0.121827911883539,0.0,0.8798429361739217,0.1389833299610489,0.0
0.8697969556241559,0.121827911883539,0.0,0.8891141518515553,0.12085281546706753,0.0
0.8697969556241559,0.121827911883539,0.0,0.8788062087626461,0.10357678722741367,0.0
0.392092013242154,0.2021313695513354,0.0,0.4116407029594826,0.2044434291270096,0.0
0.392092013242154,0.2021313695513354,0.0,0.4076957685577435,0.18324626897313026,0.0
0.392092013242154,0.2021313695513354,0.0,0.3846391573528885,0.18303814431218468,0.0
0.392092013242154,0.2021313695513354,0.0,0.3725585682950345,0.1996932487804034,0.0
0.4116407029594826,0.2044434291270096,0.0,0.4076957685577435,0.18324626897313026,0.0
0.4116407029594826,0.2044434291270096,0.0,0.42338922284196473,0.1917654924368143,0.0
0.4116407029594826,0.2044434291270096,0.0,0.4312186625324201,0.2064914855210821,0.0
0.4076957685577435,0.18324626897313026,0.0,0.3846391573528885,0.18303814431218468,0.0
0.4076957685577435,0.18324626897313026,0.0,0.3975965322737639,0.16367116025418138,0.0
0.4076957685577435,0.18324626897313026,0.0,0.41711455952567483,0.16300856980983547,0.0
0.4076957685577435,0.18324626897313026,0.0,0.4281464635854394,0.17651808914029166,0.0
0.4076957685577435,0.18324626897313026,0.0,0.42338922284196473,0.1917654924368143,0.0
0.688206406620445,0.08393696286147263,0.0,0.6670219805281541,0.08363567841768772,0.0
0.688206406620445,0.08393696286147263,0.0,0.6988237890961754,0.10005413272499739,0.0
0.688206406620445,0.08393696286147263,0.0,0.6788177026934604,0.10020611411063811,0.0
0.688206406620445,0.08393696286147263,0.0,0.7089816134713001,0.08336646817042595,0.0
0.808079578185632,0.12115774167748417,0.0,0.7969298771501713,0.1394473034392809,0.0
0.808079578185632,0.12115774167748417,0.0,0.8172381010917441,0.1407031682653572,0.0
0.808079578185632,0.12115774167748417,0.0,0.798675043667529,0.10221508518351739,0.0
0.808079578185632,0.12115774167748417,0.0,0.7877614892446747,0.12113991913122349,0.0
0.7969298771501713,0.1394473034392809,0.0,0.8172381010917441,0.1407031682653572,0.0
0.7969298771501713,0.1394473034392809,0.0,0.7877614892446747,0.12113991913122349,0.0
0.7969298771501713,0.1394473034392809,0.0,0.7769759020915818,0.13847754767355183,0.0
0.7969298771501713,0.1394473034392809,0.0,0.8063719128197407,0.1578467991225078,0.0
0.7969298771501713,0.1394473034392809,0.0,0.7861099723719087,0.15670235210016817,0.0
0.8172381010917441,0.1407031682653572,0.0,0.8063719128197407,0.1578467991225078,0.0
0.7180009175773735,0.06573388069548741,0.0,0.704703598983349,0.04860948129464796,0.0
0.7180009175773735,0.06573388069548741,0.0,0.7291095345131499,0.08327014235600014,0.0
0.7180009175773735,0.06573388069548741,0.0,0.7089816134713001,0.08336646817042595,0.0
0.04852746451873412,0.1700632295403163,0.0,0.038236081345921984,0.15671826936039945,0.0
0.04852746451873412,0.1700632295403163,0.0,0.05766052843374264,0.15707137528107287,0.0
0.08990204203098821,0.02226699030228724,0.0,0.07035887193231116,0.03624333583981816,0.0
0.08990204203098821,0.02226699030228724,0.0,0.08901617803406828,0.04096317458455338,0.0
0.08990204203098821,0.02226699030228724,0.0,0.07036472408437433,0.01886646136693597,0.0
0.08990204203098821,0.02226699030228724,0.0,0.07887865396226215,0.005388491107038576,0.0
0.08990204203098821,0.02226699030228724,0.0,0.09843347137341837,0.0031885225024210146,0.0
0.07035887193231116,0.03624333583981816,0.0,0.08901617803406828,0.04096317458455338,0.0
0.07035887193231116,0.03624333583981816,0.0,0.07036472408437433,0.01886646136693597,0.0
0.07035887193231116,0.03624333583981816,0.0,0.05339390858803439,0.02317125765286882,0.0
0.07035887193231116,0.03624333583981816,0.0,0.047970364299195364,0.039498857101106045,0.0
0.07035887193231116,0.03624333583981816,0.0,0.059631737940692084,0.05424927564022059,0.0
0.07035887193231116,0.03624333583981816,0.0,0.07957373859906397,0.05434844944850358,0.0
0.08901617803406828,0.04096317458455338,0.0,0.09893873201430672,0.05467131166904074,0.0
0.08901617803406828,0.04096317458455338,0.0,0.07957373859906397,0.05434844944850358,0.0
0.9606540458959356,0.2088023656315051,0.0,0.980318106281572,0.2096956954311213,0.0
0.9606540458959356,0.2088023656315051,0.0,0.9678977807675251,0.19117295727876535,0.0
0.9606540458959356,0.2088023656315051,0.0,0.9410212191544387,0.2073769316668632,0.0
0.9606540458959356,0.2088023656315051,0.0,0.9509069199490849,0.19540218465103135,0.0
0.980318106281572,0.2096956954311213,0.0,0.9678977807675251,0.19117295727876535,0.0
0.980318106281572,0.2096956954311213,0.0,0.9854716674099053,0.19515768070041084,0.0
0.980318106281572,0.2096956954311213,0.0,1.0,0.21,0.0
0.9678977807675251,0.19117295727876535,0.0,0.9653589337459405,0.16998362833842107,0.0
0.9678977807675251,0.19117295727876535,0.0,0.9500133697935058,0.17939446798316613,0.0
0.9678977807675251,0.19117295727876535,0.0,0.9854716674099053,0.19515768070041084,0.0
0.9678977807675251,0.19117295727876535,0.0,0.983173030235313,0.17913235493546753,0.0
0.9678977807675251,0.19117295727876535,0.0,0.9509069199490849,0.19540218465103135,0.0
0.3846391573528885,0.18303814431218468,0.0,0.3975965322737639,0.16367116025418138,0.0
0.3846391573528885,0.18303814431218468,0.0,0.3766059395114312,0.16375557637155963,0.0
0.3846391573528885,0.18303814431218468,0.0,0.3647762696624665,0.18088568505642827,0.0
0.3846391573528885,0.18303814431218468,0.0,0.3725585682950345,0.1996932487804034,0.0
0.3975965322737639,0.16367116025418138,0.0,0.3766059395114312,0.16375557637155963,0.0
0.3975965322737639,0.16367116025418138,0.0,0.41711455952567483,0.16300856980983547,0.0
0.3975965322737639,0.16367116025418138,0.0,0.3879243647549453,0.14615959380985583,0.0
0.3975965322737639,0.16367116025418138,0.0,0.40783631594694164,0.14636010372783895,0.0
0.3766059395114312,0.16375557637155963,0.0,0.35662993591143494,0.16235264043025416,0.0
0.3766059395114312,0.16375557637155963,0.0,0.3647762696624665,0.18088568505642827,0.0
0.3766059395114312,0.16375557637155963,0.0,0.36775500271698425,0.1456670002208733,0.0
0.3766059395114312,0.16375557637155963,0.0,0.3879243647549453,0.14615959380985583,0.0
0.07036472408437433,0.01886646136693597,0.0,0.05339390858803439,0.02317125765286882,0.0
0.07036472408437433,0.01886646136693597,0.0,0.07887865396226215,0.005388491107038576,0.0
0.07036472408437433,0.01886646136693597,0.0,0.05929017572108284,0.007262292830744287,0.0
0.3922949620989024,0.002068009944170103,0.0,0.4118372884895282,0.00437730700058689,0.0
0.3922949620989024,0.002068009944170103,0.0,0.40007383156574877,0.02277233448676445,0.0
0.3922949620989024,0.002068009944170103,0.0,0.3727679275298746,-0.00036872955956579023,0.0
0.4118372884895282,0.00437730700058689,0.0,0.40007383156574877,0.02277233448676445,0.0
0.4118372884895282,0.00437730700058689,0.0,0.42026168080392146,0.02375210923426984,0.0
0.4118372884895282,0.00437730700058689,0.0,0.43140886210558393,0.006421456974717768,0.0
0.40007383156574877,0.02277233448676445,0.0,0.42026168080392146,0.02375210923426984,0.0
0.7548682350763725,0.007055750508316017,0.0,0.7605860827304745,0.030192360035631662,0.0
0.7548682350763725,0.007055750508316017,0.0,0.7366838124656164,0.006805318902966374,0.0
0.7548682350763725,0.007055750508316017,0.0,0.7450618441544642,0.02195265303740334,0.0
0.7548682350763725,0.007055750508316017,0.0,0.7451636913159623,-0.010069605886169845,0.0
0.778609459361828,0.10189661369857822,0.0,0.798675043667529,0.10221508518351739,0.0
0.778609459361828,0.10189661369857822,0.0,0.7877614892446747,0.12113991913122349,0.0
0.778609459361828,0.10189661369857822,0.0,0.7679085364955447,0.11971226373336381,0.0
0.778609459361828,0.10189661369857822,0.0,0.7691254624093559,0.08389449934958863,0.0
0.778609459361828,0.10189661369857822,0.0,0.789095928325823,0.08434511535649904,0.0
0.778609459361828,0.10189661369857822,0.0,0.7587678182669263,0.10101671947436025,0.0
0.798675043667529,0.10221508518351739,0.0,0.7877614892446747,0.12113991913122349,0.0
0.798675043667529,0.10221508518351739,0.0,0.8090997187486078,0.08471960316278306,0.0
0.798675043667529,0.10221508518351739,0.0,0.789095928325823,0.08434511535649904,0.0
0.7877614892446747,0.12113991913122349,0.0,0.7769759020915818,0.13847754767355183,0.0
0.7877614892446747,0.12113991913122349,0.0,0.7679085364955447,0.11971226373336381,0.0
0.06788658547080699,0.19309578015448123,0.0,0.07857462076905876,0.2055086350173741,0.0
0.06788658547080699,0.19309578015448123,0.0,0.05897878113556556,0.2073769316422593,0.0
0.627562921128858,-0.0004102861276569893,0.0,0.6470923014966042,-0.002828931976574501,0.0
0.627562921128858,-0.0004102861276569893,0.0,0.6393356668875091,0.016691072213743482,0.0
0.627562921128858,-0.0004102861276569893,0.0,0.6198610406946287,0.018265046897591328,0.0
0.627562921128858,-0.0004102861276569893,0.0,0.6080359975441184,0.0020273796739251515,0.0
0.6470923014966042,-0.002828931976574501,0.0,0.6393356668875091,0.016691072213743482,0.0
0.6393356668875091,0.016691072213743482,0.0,0.6198610406946287,0.018265046897591328,0.0
0.6393356668875091,0.016691072213743482,0.0,0.6313537050925948,0.036197694901483016,0.0
0.7058395487137061,-0.008587459251912287,0.0,0.7254907754641076,-0.009617526938158585,0.0
0.7254907754641076,-0.009617526938158585,0.0,0.7366838124656164,0.006805318902966374,0.0
0.7254907754641076,-0.009617526938158585,0.0,0.7451636913159623,-0.010069605886169845,0.0
0.7358694935471516,0.17207202372417624,0.0,0.7273261562458009,0.1529742352004879,0.0
0.7358694935471516,0.17207202372417624,0.0,0.7253997900510565,0.1904740301919498,0.0
0.7358694935471516,0.17207202372417624,0.0,0.7467488645701006,0.1549926038493799,0.0
0.7358694935471516,0.17207202372417624,0.0,0.7556069574663019,0.1727882990473365,0.0
0.7358694935471516,0.17207202372417624,0.0,0.7450787942757616,0.1900191158835712,0.0
0.7273261562458009,0.1529742352004879,0.0,0.7467488645701006,0.1549926038493799,0.0
0.7273261562458009,0.1529742352004879,0.0,0.7376551140038681,0.13615238305369637,0.0
0.7273261562458009,0.1529742352004879,0.0,0.7180920359819972,0.13489336673587837,0.0
0.770873680817749,0.0490187544778338,0.0,0.7605860827304745,0.030192360035631662,0.0
0.770873680817749,0.0490187544778338,0.0,0.7550305815060067,0.05040633753481377,0.0
0.770873680817749,0.0490187544778338,0.0,0.7794458721322728,0.06676666210249531,0.0
0.770873680817749,0.0490187544778338,0.0,0.7605476157092381,0.06690194264293262,0.0
0.770873680817749,0.0490187544778338,0.0,0.7898800544152245,0.0494841204568229,0.0
0.7605860827304745,0.030192360035631662,0.0,0.7550305815060067,0.05040633753481377,0.0
0.7605860827304745,0.030192360035631662,0.0,0.7450618441544642,0.02195265303740334,0.0
0.7550305815060067,0.05040633753481377,0.0,0.7605476157092381,0.06690194264293262,0.0
0.969723294928236,0.026193327429966315,0.0,0.9595138961858769,0.04127973599918784,0.0
0.969723294928236,0.026193327429966315,0.0,0.9814673335280318,0.04090904385512415,0.0
0.969723294928236,0.026193327429966315,0.0,0.9495125284534669,0.02510092835715232,0.0
0.969723294928236,0.026193327429966315,0.0,0.960668030555581,0.00871509002937369,0.0
0.969723294928236,0.026193327429966315,0.0,0.9803251266872849,0.009607841411375282,0.0
0.969723294928236,0.026193327429966315,0.0,0.985562726874151,0.024172714572580366,0.0
0.9595138961858769,0.04127973599918784,0.0,0.9814673335280318,0.04090904385512415,0.0
0.9595138961858769,0.04127973599918784,0.0,0.9682649707188555,0.054965844011644276,0.0
0.9595138961858769,0.04127973599918784,0.0,0.9486388932493375,0.05952497948827939,0.0
0.9595138961858769,0.04127973599918784,0.0,0.9379577129276067,0.04143690543499079,0.0
0.9595138961858769,0.04127973599918784,0.0,0.9495125284534669,0.02510092835715232,0.0
0.9814673335280318,0.04090904385512415,0.0,0.9682649707188555,0.054965844011644276,0.0
0.9814673335280318,0.04090904385512415,0.0,1.0,0.04993069810961643,0.0
0.9814673335280318,0.04090904385512415,0.0,0.9832149632452827,0.06086282089765521,0.0
0.9814673335280318,0.04090904385512415,0.0,1.0,0.02992146141699466,0.0
0.9814673335280318,0.04090904385512415,0.0,0.985562726874151,0.024172714572580366,0.0
0.9485257045502404,0.15849830870057335,0.0,0.9653589337459405,0.16998362833842107,0.0
0.9485257045502404,0.15849830870057335,0.0,0.9500133697935058,0.17939446798316613,0.0
0.9485257045502404,0.15849830870057335,0.0,0.9581413797433422,0.13937739744895905,0.0
0.9485257045502404,0.15849830870057335,0.0,0.9670157662219546,0.1534842868233536,0.0
0.9485257045502404,0.15849830870057335,0.0,0.9348317801999754,0.17141144011751439,0.0
0.9485257045502404,0.15849830870057335,0.0,0.9379597384479202,0.13911781626399472,0.0
0.9485257045502404,0.15849830870057335,0.0,0.9272486940596407,0.15587355717285065,0.0
0.9653589337459405,0.16998362833842107,0.0,0.9500133697935058,0.17939446798316613,0.0
0.9653589337459405,0.16998362833842107,0.0,0.9670157662219546,0.1534842868233536,0.0
0.9653589337459405,0.16998362833842107,0.0,0.983173030235313,0.17913235493546753,0.0
0.9653589337459405,0.16998362833842107,0.0,0.9826794667330511,0.15997915066082657,0.0
0.9500133697935058,0.17939446798316613,0.0,0.9348317801999754,0.17141144011751439,0.0
0.9500133697935058,0.17939446798316613,0.0,0.9328412120994645,0.18946512198106882,0.0
0.9500133697935058,0.17939446798316613,0.0,0.9509069199490849,0.19540218465103135,0.0
0.5304508849597577,0.04356206355167956,0.0,0.5100725925671579,0.04407808088707531,0.0
0.5304508849597577,0.04356206355167956,0.0,0.5196010358334605,0.061830066071445075,0.0
0.5304508849597577,0.04356206355167956,0.0,0.520255733239001,0.02651705792925489,0.0
0.5304508849597577,0.04356206355167956,0.0,0.5405099728288424,0.025657658922702362,0.0
0.7769759020915818,0.13847754767355183,0.0,0.7572048172199348,0.137257162070752,0.0
0.7769759020915818,0.13847754767355183,0.0,0.7679085364955447,0.11971226373336381,0.0
0.7769759020915818,0.13847754767355183,0.0,0.7861099723719087,0.15670235210016817,0.0
0.7769759020915818,0.13847754767355183,0.0,0.7662569814707263,0.15589116488603855,0.0
0.7572048172199348,0.137257162070752,0.0,0.7679085364955447,0.11971226373336381,0.0
0.7572048172199348,0.137257162070752,0.0,0.7481317523015194,0.11848552883934103,0.0
0.7572048172199348,0.137257162070752,0.0,0.7467488645701006,0.1549926038493799,0.0
0.7572048172199348,0.137257162070752,0.0,0.7376551140038681,0.13615238305369637,0.0
0.7572048172199348,0.137257162070752,0.0,0.7662569814707263,0.15589116488603855,0.0
0.7679085364955447,0.11971226373336381,0.0,0.7481317523015194,0.11848552883934103,0.0
0.7679085364955447,0.11971226373336381,0.0,0.7587678182669263,0.10101671947436025,0.0
0.9854716674099053,0.19515768070041084,0.0,0.983173030235313,0.17913235493546753,0.0
0.9854716674099053,0.19515768070041084,0.0,1.0,0.18999179143990105,0.0
0.9854716674099053,0.19515768070041084,0.0,1.0,0.21,0.0
0.6670219805281541,0.08363567841768772,0.0,0.6549545961572595,0.06801855945387345,0.0
0.6670219805281541,0.08363567841768772,0.0,0.6471245512068944,0.0845833009880016,0.0
0.6670219805281541,0.08363567841768772,0.0,0.6788177026934604,0.10020611411063811,0.0
0.6670219805281541,0.08363567841768772,0.0,0.6588207901664277,0.09989335395271251,0.0
0.6549545961572595,0.06801855945387345,0.0,0.6471245512068944,0.0845833009880016,0.0
0.6549545961572595,0.06801855945387345,0.0,0.6425421373983039,0.05235184069727961,0.0
0.6549545961572595,0.06801855945387345,0.0,0.6625795754686816,0.05084529529075349,0.0
0.6549545961572595,0.06801855945387345,0.0,0.6349854279043803,0.06919888729003792,0.0
0.35662993591143494,0.16235264043025416,0.0,0.3647762696624665,0.18088568505642827,0.0
0.35662993591143494,0.16235264043025416,0.0,0.3452013183181444,0.17920126643331916,0.0
0.35662993591143494,0.16235264043025416,0.0,0.3364270540502894,0.16038818121579818,0.0
0.35662993591143494,0.16235264043025416,0.0,0.36775500271698425,0.1456670002208733,0.0
0.35662993591143494,0.16235264043025416,0.0,0.3475714606432521,0.14449409191761378,0.0
0.3647762696624665,0.18088568505642827,0.0,0.3452013183181444,0.17920126643331916,0.0
0.3647762696624665,0.18088568505642827,0.0,0.3530228816138251,0.1972732469543295,0.0
0.3647762696624665,0.18088568505642827,0.0,0.3725585682950345,0.1996932487804034,0.0
0.6471245512068944,0.0845833009880016,0.0,0.6388216048687242,0.09982247537820271,0.0
0.6471245512068944,0.0845833009880016,0.0,0.6588207901664277,0.09989335395271251,0.0
0.6471245512068944,0.0845833009880016,0.0,0.6349854279043803,0.06919888729003792,0.0
0.6471245512068944,0.0845833009880016,0.0,0.6277844697370991,0.08555782954436228,0.0
0.42026168080392146,0.02375210923426984,0.0,0.43140886210558393,0.006421456974717768,0.0
0.42026168080392146,0.02375210923426984,0.0,0.44009033791124547,0.024990237345768215,0.0
0.42026168080392146,0.02375210923426984,0.0,0.42929291727409075,0.0417871258927343,0.0
0.41711455952567483,0.16300856980983547,0.0,0.4281464635854394,0.17651808914029166,0.0
0.41711455952567483,0.16300856980983547,0.0,0.42791178734771523,0.14689986125684226,0.0
0.41711455952567483,0.16300856980983547,0.0,0.4375998069564448,0.1638653444574205,0.0
0.41711455952567483,0.16300856980983547,0.0,0.40783631594694164,0.14636010372783895,0.0
0.4281464635854394,0.17651808914029166,0.0,0.42338922284196473,0.1917654924368143,0.0
0.4281464635854394,0.17651808914029166,0.0,0.4375998069564448,0.1638653444574205,0.0
0.4281464635854394,0.17651808914029166,0.0,0.4400157723582747,0.19163253983035763,0.0
0.4281464635854394,0.17651808914029166,0.0,0.44737241350862694,0.17625893613428642,0.0
0.8517842237633432,0.01577794876321446,0.0,0.8433022841013414,-0.0039669910470872235,0.0
0.8517842237633432,0.01577794876321446,0.0,0.862839268057984,-0.0016104904502490173,0.0
0.8517842237633432,0.01577794876321446,0.0,0.8710185207119167,0.01661405089763818,0.0
0.8517842237633432,0.01577794876321446,0.0,0.8595116223672448,0.033680294360300206,0.0
0.7057425391897695,0.1915070909240959,0.0,0.7253997900510565,0.1904740301919498,0.0
0.7057425391897695,0.1915070909240959,0.0,0.6861187615548019,0.1930527247722307,0.0
0.7253997900510565,0.1904740301919498,0.0,0.7450787942757616,0.1900191158835712,0.0
0.032308385694218525,0.10707223169658121,0.0,0.018378470481287126,0.12126128895087096,0.0
0.032308385694218525,0.10707223169658121,0.0,0.03892597980597091,0.12260920477972181,0.0
0.032308385694218525,0.10707223169658121,0.0,0.04861701361107639,0.10522035984778323,0.0
0.04009651475975026,0.05605184199985858,0.0,0.019730080677455276,0.057875070681803684,0.0
0.04009651475975026,0.05605184199985858,0.0,0.031635223232613696,0.042234607000080054,0.0
0.04009651475975026,0.05605184199985858,0.0,0.047970364299195364,0.039498857101106045,0.0
0.04009651475975026,0.05605184199985858,0.0,0.03206859248986619,0.07015740669770804,0.0
0.04009651475975026,0.05605184199985858,0.0,0.04968603945823451,0.07053536255403954,0.0
0.04009651475975026,0.05605184199985858,0.0,0.059631737940692084,0.05424927564022059,0.0
0.019730080677455276,0.057875070681803684,0.0,0.031635223232613696,0.042234607000080054,0.0
0.019730080677455276,0.057875070681803684,0.0,0.016091687415164226,0.038538840291134406,0.0
0.019730080677455276,0.057875070681803684,0.0,0.03206859248986619,0.07015740669770804,0.0
0.019730080677455276,0.057875070681803684,0.0,0.0002334111370453746,0.06993972864156495,0.0
0.019730080677455276,0.057875070681803684,0.0,0.0002667555851949112,0.04993063361589818,0.0
0.031635223232613696,0.042234607000080054,0.0,0.016091687415164226,0.038538840291134406,0.0
0.031635223232613696,0.042234607000080054,0.0,0.03228979265287277,0.026578291167830764,0.0
0.031635223232613696,0.042234607000080054,0.0,0.047970364299195364,0.039498857101106045,0.0
0.9797723151070773,0.13981817663252338,0.0,0.9581413797433422,0.13937739744895905,0.0
0.9797723151070773,0.13981817663252338,0.0,0.9670157662219546,0.1534842868233536,0.0
0.9797723151070773,0.13981817663252338,0.0,0.9671357706488243,0.12589484969212028,0.0
0.9797723151070773,0.13981817663252338,0.0,0.9826794667330511,0.15997915066082657,0.0
0.9797723151070773,0.13981817663252338,0.0,1.0,0.12996629286893474,0.0
0.9797723151070773,0.13981817663252338,0.0,0.9826795261404958,0.11996192929646564,0.0
0.9797723151070773,0.13981817663252338,0.0,1.0,0.14997490346630815,0.0
0.9581413797433422,0.13937739744895905,0.0,0.9670157662219546,0.1534842868233536,0.0
0.9581413797433422,0.13937739744895905,0.0,0.9671357706488243,0.12589484969212028,0.0
0.9581413797433422,0.13937739744895905,0.0,0.9483888432678386,0.12050058408775267,0.0
0.9581413797433422,0.13937739744895905,0.0,0.9379597384479202,0.13911781626399472,0.0
0.9670157662219546,0.1534842868233536,0.0,0.9826794667330511,0.15997915066082657,0.0
0.9671357706488243,0.12589484969212028,0.0,0.9483888432678386,0.12050058408775267,0.0
0.9671357706488243,0.12589484969212028,0.0,0.9657892210757565,0.10940324843346348,0.0
0.9671357706488243,0.12589484969212028,0.0,0.9826795261404958,0.11996192929646564,0.0
0.6198610406946287,0.018265046897591328,0.0,0.6115067156259323,0.037603166537453624,0.0
0.6198610406946287,0.018265046897591328,0.0,0.6313537050925948,0.036197694901483016,0.0
0.6198610406946287,0.018265046897591328,0.0,0.5999905575703404,0.020761996698762043,0.0
0.6198610406946287,0.018265046897591328,0.0,0.6080359975441184,0.0020273796739251515,0.0
0.6115067156259323,0.037603166537453624,0.0,0.6313537050925948,0.036197694901483016,0.0
0.6115067156259323,0.037603166537453624,0.0,0.5999905575703404,0.020761996698762043,0.0
0.6115067156259323,0.037603166537453624,0.0,0.5918083919783526,0.03966799356081092,0.0
0.6115067156259323,0.037603166537453624,0.0,0.6028815083834559,0.05598832273423957,0.0
0.6115067156259323,0.037603166537453624,0.0,0.622681532011381,0.054455276455503715,0.0
0.6313537050925948,0.036197694901483016,0.0,0.622681532011381,0.054455276455503715,0.0
0.6313537050925948,0.036197694901483016,0.0,0.6425421373983039,0.05235184069727961,0.0
0.5891648611579419,0.0805593596037376,0.0,0.584265047389688,0.060088348871431184,0.0
0.5891648611579419,0.0805593596037376,0.0,0.5996030759844425,0.07027418987453399,0.0
0.5891648611579419,0.0805593596037376,0.0,0.5989549726979433,0.09884086077632429,0.0
0.5891648611579419,0.0805593596037376,0.0,0.6084375387886989,0.08512746715911992,0.0
0.584265047389688,0.060088348871431184,0.0,0.5996030759844425,0.07027418987453399,0.0
0.584265047389688,0.060088348871431184,0.0,0.5918083919783526,0.03966799356081092,0.0
0.584265047389688,0.060088348871431184,0.0,0.5717040896149208,0.04080722139415088,0.0
0.584265047389688,0.060088348871431184,0.0,0.6028815083834559,0.05598832273423957,0.0
0.7481317523015194,0.11848552883934103,0.0,0.7376551140038681,0.13615238305369637,0.0
0.7481317523015194,0.11848552883934103,0.0,0.7388095389148355,0.10070261981403858,0.0
0.7481317523015194,0.11848552883934103,0.0,0.7283274431315073,0.11782167645000156,0.0
0.7481317523015194,0.11848552883934103,0.0,0.7587678182669263,0.10101671947436025,0.0
0.42907673912379707,0.07760436743064161,0.0,0.4489315022472194,0.07792631556655004,0.0
0.42907673912379707,0.07760436743064161,0.0,0.43884968954587306,0.059888418805948786,0.0
0.42907673912379707,0.07760436743064161,0.0,0.4388705210245763,0.09513612930642708,0.0
0.42907673912379707,0.07760436743064161,0.0,0.41887388929663505,0.09477124943367453,0.0
0.6772547601380025,0.16268094206967024,0.0,0.66787983282769,0.15085393363723304,0.0
0.6772547601380025,0.16268094206967024,0.0,0.6724328586731012,0.17773730271838936,0.0
0.6772547601380025,0.16268094206967024,0.0,0.6587574925785695,0.16411751927281137,0.0
0.01747845706568463,0.158341622690584,0.0,0.028779349748863214,0.13984729394844478,0.0
0.01747845706568463,0.158341622690584,0.0,0.038236081345921984,0.15671826936039945,0.0
0.01747845706568463,0.158341622690584,0.0,0.012444547481071303,0.13996150918050973,0.0
0.01747845706568463,0.158341622690584,0.0,6.668889629864687e-05,0.16998337996550297,0.0
0.01747845706568463,0.158341622690584,0.0,0.0001000333444479161,0.1499748659030508,0.0
0.01747845706568463,0.158341622690584,0.0,0.014343846786394037,0.17475159513480001,0.0
0.028779349748863214,0.13984729394844478,0.0,0.038236081345921984,0.15671826936039945,0.0
0.028779349748863214,0.13984729394844478,0.0,0.018378470481287126,0.12126128895087096,0.0
0.028779349748863214,0.13984729394844478,0.0,0.03892597980597091,0.12260920477972181,0.0
0.028779349748863214,0.13984729394844478,0.0,0.012444547481071303,0.13996150918050973,0.0
0.028779349748863214,0.13984729394844478,0.0,0.04797670290461546,0.13987052840349828,0.0
0.038236081345921984,0.15671826936039945,0.0,0.04797670290461546,0.13987052840349828,0.0
0.038236081345921984,0.15671826936039945,0.0,0.05766052843374264,0.15707137528107287,0.0
0.8593638341352656,0.06831990233944063,0.0,0.8794004200406642,0.07055805103332052,0.0
0.8593638341352656,0.06831990233944063,0.0,0.869090762977274,0.05179615207692047,0.0
0.8593638341352656,0.06831990233944063,0.0,0.8394321171890532,0.06796227327822026,0.0
0.8593638341352656,0.06831990233944063,0.0,0.8493510871719557,0.050596446723099146,0.0
0.8593638341352656,0.06831990233944063,0.0,0.8491367017748694,0.08569924493006008,0.0
0.8593638341352656,0.06831990233944063,0.0,0.8691238687286044,0.08634700407028353,0.0
0.8794004200406642,0.07055805103332052,0.0,0.869090762977274,0.05179615207692047,0.0
0.8794004200406642,0.07055805103332052,0.0,0.8982364722370272,0.0706402330636086,0.0
0.8794004200406642,0.07055805103332052,0.0,0.8881588239064974,0.0526737778332773,0.0
0.8794004200406642,0.07055805103332052,0.0,0.8891111836721374,0.08659131619862365,0.0
0.8794004200406642,0.07055805103332052,0.0,0.8691238687286044,0.08634700407028353,0.0
0.869090762977274,0.05179615207692047,0.0,0.8881588239064974,0.0526737778332773,0.0
0.869090762977274,0.05179615207692047,0.0,0.8787587682686181,0.03494845060136083,0.0
0.869090762977274,0.05179615207692047,0.0,0.8595116223672448,0.033680294360300206,0.0
0.869090762977274,0.05179615207692047,0.0,0.8493510871719557,0.050596446723099146,0.0
0.8643683457627476,0.17741798987828894,0.0,0.8714855874984829,0.15793468237103978,0.0
0.8643683457627476,0.17741798987828894,0.0,0.8627921253644149,0.1984719234020252,0.0
0.8643683457627476,0.17741798987828894,0.0,0.8813609542727631,0.17291652464205437,0.0
0.8643683457627476,0.17741798987828894,0.0,0.8772077156207636,0.18707678941690825,0.0
0.8982364722370272,0.0706402330636086,0.0,0.9081544751815429,0.054753364936658604,0.0
0.8982364722370272,0.0706402330636086,0.0,0.9179704437271959,0.07149027014145473,0.0
0.8982364722370272,0.0706402330636086,0.0,0.8881588239064974,0.0526737778332773,0.0
0.8982364722370272,0.0706402330636086,0.0,0.8891111836721374,0.08659131619862365,0.0
0.8982364722370272,0.0706402330636086,0.0,0.909098884298071,0.08721982103081967,0.0
0.9081544751815429,0.054753364936658604,0.0,0.9179704437271959,0.07149027014145473,0.0
0.9081544751815429,0.054753364936658604,0.0,0.927115359608333,0.056232596420075276,0.0
0.9081544751815429,0.054753364936658604,0.0,0.8881588239064974,0.0526737778332773,0.0
0.9081544751815429,0.054753364936658604,0.0,0.8980885435965855,0.03677801963443872,0.0
0.9081544751815429,0.054753364936658604,0.0,0.917968756354312,0.03902651528930296,0.0
0.9179704437271959,0.07149027014145473,0.0,0.9302323335329651,0.08898740636156138,0.0
0.9179704437271959,0.07149027014145473,0.0,0.927115359608333,0.056232596420075276,0.0
0.9179704437271959,0.07149027014145473,0.0,0.909098884298071,0.08721982103081967,0.0
0.9179704437271959,0.07149027014145473,0.0,0.93498514790932,0.07110824283534808,0.0
0.42338922284196473,0.1917654924368143,0.0,0.4312186625324201,0.2064914855210821,0.0
0.42338922284196473,0.1917654924368143,0.0,0.4400157723582747,0.19163253983035763,0.0
0.21641023354504677,0.12524845836558646,0.0,0.20433280125613934,0.1419608882112055,0.0
0.21641023354504677,0.12524845836558646,0.0,0.22489964319429168,0.14166325672399166,0.0
0.21641023354504677,0.12524845836558646,0.0,0.19639783193696234,0.12483780611101412,0.0
0.21641023354504677,0.12524845836558646,0.0,0.2285863566355536,0.10855496919415492,0.0
0.21641023354504677,0.12524845836558646,0.0,0.20858973551012952,0.10818474088665776,0.0
0.21641023354504677,0.12524845836558646,0.0,0.23732169265741712,0.12549913830207413,0.0
0.20433280125613934,0.1419608882112055,0.0,0.22489964319429168,0.14166325672399166,0.0
0.20433280125613934,0.1419608882112055,0.0,0.21445143321937052,0.15719054357100007,0.0
0.20433280125613934,0.1419608882112055,0.0,0.19363050481013006,0.15864163049138819,0.0
0.20433280125613934,0.1419608882112055,0.0,0.19639783193696234,0.12483780611101412,0.0
0.22489964319429168,0.14166325672399166,0.0,0.21445143321937052,0.15719054357100007,0.0
0.22489964319429168,0.14166325672399166,0.0,0.23513574553483035,0.15592039433753413,0.0
0.22489964319429168,0.14166325672399166,0.0,0.23732169265741712,0.12549913830207413,0.0
0.22489964319429168,0.14166325672399166,0.0,0.2453322705492756,0.14172095936990278,0.0
0.9682649707188555,0.054965844011644276,0.0,0.9486388932493375,0.05952497948827939,0.0
0.9682649707188555,0.054965844011644276,0.0,0.96620257507428,0.0708458826626112,0.0
0.9682649707188555,0.054965844011644276,0.0,0.9832149632452827,0.06086282089765521,0.0
0.9302323335329651,0.08898740636156138,0.0,0.94866330981438,0.0992737295159896,0.0
0.9302323335329651,0.08898740636156138,0.0,0.9488849690028266,0.07978179970259752,0.0
0.9302323335329651,0.08898740636156138,0.0,0.934099809102714,0.1069499003302355,0.0
0.9302323335329651,0.08898740636156138,0.0,0.909098884298071,0.08721982103081967,0.0
0.9302323335329651,0.08898740636156138,0.0,0.9180061440545495,0.10456638720465496,0.0
0.9302323335329651,0.08898740636156138,0.0,0.93498514790932,0.07110824283534808,0.0
0.94866330981438,0.0992737295159896,0.0,0.9488849690028266,0.07978179970259752,0.0
0.94866330981438,0.0992737295159896,0.0,0.9483888432678386,0.12050058408775267,0.0
0.94866330981438,0.0992737295159896,0.0,0.9657892210757565,0.10940324843346348,0.0
0.94866330981438,0.0992737295159896,0.0,0.934099809102714,0.1069499003302355,0.0
0.94866330981438,0.0992737295159896,0.0,0.9654308601629801,0.08985650422725812,0.0
0.9488849690028266,0.07978179970259752,0.0,0.9486388932493375,0.05952497948827939,0.0
0.9488849690028266,0.07978179970259752,0.0,0.96620257507428,0.0708458826626112,0.0
0.9488849690028266,0.07978179970259752,0.0,0.9654308601629801,0.08985650422725812,0.0
0.9488849690028266,0.07978179970259752,0.0,0.93498514790932,0.07110824283534808,0.0
0.5100725925671579,0.04407808088707531,0.0,0.5196010358334605,0.061830066071445075,0.0
0.5100725925671579,0.04407808088707531,0.0,0.520255733239001,0.02651705792925489,0.0
0.5100725925671579,0.04407808088707531,0.0,0.5000514825660698,0.02688436860038562,0.0
0.5100725925671579,0.04407808088707531,0.0,0.4897983223374272,0.04408420381892141,0.0
0.5100725925671579,0.04407808088707531,0.0,0.4995475584863727,0.06151934415411839,0.0
0.5196010358334605,0.061830066071445075,0.0,0.4995475584863727,0.06151934415411839,0.0
0.5196010358334605,0.061830066071445075,0.0,0.5091788974844462,0.07907796614725118,0.0
0.8063719128197407,0.1578467991225078,0.0,0.815337338333517,0.17603122882859426,0.0
0.8063719128197407,0.1578467991225078,0.0,0.7953286502660104,0.17454210147722404,0.0
0.8063719128197407,0.1578467991225078,0.0,0.7861099723719087,0.15670235210016817,0.0
0.927115359608333,0.056232596420075276,0.0,0.9486388932493375,0.05952497948827939,0.0
0.927115359608333,0.056232596420075276,0.0,0.9379577129276067,0.04143690543499079,0.0
0.927115359608333,0.056232596420075276,0.0,0.917968756354312,0.03902651528930296,0.0
0.927115359608333,0.056232596420075276,0.0,0.93498514790932,0.07110824283534808,0.0
0.21445143321937052,0.15719054357100007,0.0,0.20477686830433317,0.17466116483521246,0.0
0.21445143321937052,0.15719054357100007,0.0,0.19363050481013006,0.15864163049138819,0.0
0.21445143321937052,0.15719054357100007,0.0,0.2248405045638636,0.17346326351005167,0.0
0.21445143321937052,0.15719054357100007,0.0,0.23513574553483035,0.15592039433753413,0.0
0.20477686830433317,0.17466116483521246,0.0,0.19363050481013006,0.15864163049138819,0.0
0.20477686830433317,0.17466116483521246,0.0,0.2248405045638636,0.17346326351005167,0.0
0.20477686830433317,0.17466116483521246,0.0,0.18461779919258775,0.1761098921425171,0.0
0.20477686830433317,0.17466116483521246,0.0,0.2155675444190997,0.1909215933815534,0.0
0.20477686830433317,0.17466116483521246,0.0,0.1959260328513177,0.1922212147213933,0.0
0.19363050481013006,0.15864163049138819,0.0,0.17314151749805892,0.16008534079162046,0.0
0.19363050481013006,0.15864163049138819,0.0,0.18461779919258775,0.1761098921425171,0.0
0.8433022841013414,-0.0039669910470872235,0.0,0.862839268057984,-0.0016104904502490173,0.0
0.862839268057984,-0.0016104904502490173,0.0,0.8710185207119167,0.01661405089763818,0.0
0.862839268057984,-0.0016104904502490173,0.0,0.8823651547698966,0.0008359356608184016,0.0
0.018378470481287126,0.12126128895087096,0.0,0.03892597980597091,0.12260920477972181,0.0
0.018378470481287126,0.12126128895087096,0.0,0.012444547481071303,0.13996150918050973,0.0
0.018378470481287126,0.12126128895087096,0.0,0.0001667222407464953,0.1099575270190155,0.0
0.018378470481287126,0.12126128895087096,0.0,0.0001333777925972035,0.12996624696425824,0.0
0.03892597980597091,0.12260920477972181,0.0,0.04797670290461546,0.13987052840349828,0.0
0.03892597980597091,0.12260920477972181,0.0,0.04861701361107639,0.10522035984778323,0.0
0.03892597980597091,0.12260920477972181,0.0,0.058295152884034813,0.12273065989482818,0.0
0.5999905575703404,0.020761996698762043,0.0,0.5918083919783526,0.03966799356081092,0.0
0.5999905575703404,0.020761996698762043,0.0,0.5802371890779929,0.022668424101170374,0.0
0.5999905575703404,0.020761996698762043,0.0,0.5884940620249066,0.004340011054286135,0.0
0.5999905575703404,0.020761996698762043,0.0,0.6080359975441184,0.0020273796739251515,0.0
0.43140886210558393,0.006421456974717768,0.0,0.44009033791124547,0.024990237345768215,0.0
0.43140886210558393,0.006421456974717768,0.0,0.4510168774302725,0.008076482161643002,0.0
0.2582642822406987,0.023268441996267285,0.0,0.265446891352422,0.005839434272247328,0.0
0.2582642822406987,0.023268441996267285,0.0,0.23946246718593728,0.02385465221765088,0.0
0.2582642822406987,0.023268441996267285,0.0,0.24698737648644087,0.0064813882219483185,0.0
0.2582642822406987,0.023268441996267285,0.0,0.24985700182441908,0.03999828239027057,0.0
0.2582642822406987,0.023268441996267285,0.0,0.26985340523782186,0.04018945526136743,0.0
0.265446891352422,0.005839434272247328,0.0,0.24698737648644087,0.0064813882219483185,0.0
0.265446891352422,0.005839434272247328,0.0,0.2551697520652895,-0.010066973318662789,0.0
0.265446891352422,0.005839434272247328,0.0,0.27484243346300197,-0.00960475055282899,0.0
0.5996030759844425,0.07027418987453399,0.0,0.6028815083834559,0.05598832273423957,0.0
0.5996030759844425,0.07027418987453399,0.0,0.6148082062492457,0.07191226300845328,0.0
0.5996030759844425,0.07027418987453399,0.0,0.6084375387886989,0.08512746715911992,0.0
0.3452013183181444,0.17920126643331916,0.0,0.3364270540502894,0.16038818121579818,0.0
0.3452013183181444,0.17920126643331916,0.0,0.3250819409006062,0.17682362748409877,0.0
0.3452013183181444,0.17920126643331916,0.0,0.3334679733597575,0.1950146597444102,0.0
0.3452013183181444,0.17920126643331916,0.0,0.3530228816138251,0.1972732469543295,0.0
0.3364270540502894,0.16038818121579818,0.0,0.31645790364781107,0.15901893474003165,0.0
0.3364270540502894,0.16038818121579818,0.0,0.3250819409006062,0.17682362748409877,0.0
0.3364270540502894,0.16038818121579818,0.0,0.3475714606432521,0.14449409191761378,0.0
0.3364270540502894,0.16038818121579818,0.0,0.3275052152269522,0.14339302552792843,0.0
0.8714855874984829,0.15793468237103978,0.0,0.8798429361739217,0.1389833299610489,0.0
0.8714855874984829,0.15793468237103978,0.0,0.8893273294045795,0.15517369072414705,0.0
0.8714855874984829,0.15793468237103978,0.0,0.8813609542727631,0.17291652464205437,0.0
0.4489315022472194,0.07792631556655004,0.0,0.43884968954587306,0.059888418805948786,0.0
0.4489315022472194,0.07792631556655004,0.0,0.4592614946340487,0.06066644659208307,0.0
0.4489315022472194,0.07792631556655004,0.0,0.4388705210245763,0.09513612930642708,0.0
0.4489315022472194,0.07792631556655004,0.0,0.4588673977921275,0.09548322848374381,0.0
0.4489315022472194,0.07792631556655004,0.0,0.46917768039586016,0.0783411448283647,0.0
0.43884968954587306,0.059888418805948786,0.0,0.4592614946340487,0.06066644659208307,0.0
0.43884968954587306,0.059888418805948786,0.0,0.4494529865557657,0.04289786467531243,0.0
0.43884968954587306,0.059888418805948786,0.0,0.42929291727409075,0.0417871258927343,0.0
0.4592614946340487,0.06066644659208307,0.0,0.4494529865557657,0.04289786467531243,0.0
0.4592614946340487,0.06066644659208307,0.0,0.4696733539006003,0.04373115281993618,0.0
0.4592614946340487,0.06066644659208307,0.0,0.46917768039586016,0.0783411448283647,0.0
0.4592614946340487,0.06066644659208307,0.0,0.47948375149769307,0.06121386941581252,0.0
0.3610620455434538,0.015593274841791249,0.0,0.34243679757953754,0.012079690233186396,0.0
0.3610620455434538,0.015593274841791249,0.0,0.3727679275298746,-0.00036872955956579023,0.0
0.3610620455434538,0.015593274841791249,0.0,0.35323873809644096,-0.002788902269098751,0.0
0.8798429361739217,0.1389833299610489,0.0,0.8893273294045795,0.15517369072414705,0.0
0.8798429361739217,0.1389833299610489,0.0,0.8983299202120892,0.13817330715248263,0.0
0.8798429361739217,0.1389833299610489,0.0,0.8891141518515553,0.12085281546706753,0.0
0.3054078342703665,0.17527743024671874,0.0,0.29577565324944816,0.1577593066484019,0.0
0.3054078342703665,0.17527743024671874,0.0,0.31645790364781107,0.15901893474003165,0.0
0.3054078342703665,0.17527743024671874,0.0,0.3250819409006062,0.17682362748409877,0.0
0.3054078342703665,0.17527743024671874,0.0,0.2849840784526437,0.17370729551625994,0.0
0.3054078342703665,0.17527743024671874,0.0,0.2942574624549822,0.1915070910332105,0.0
0.3054078342703665,0.17527743024671874,0.0,0.313881240220007,0.1930527249326497,0.0
0.29577565324944816,0.1577593066484019,0.0,0.31645790364781107,0.15901893474003165,0.0
0.29577565324944816,0.1577593066484019,0.0,0.2849840784526437,0.17370729551625994,0.0
0.29577565324944816,0.1577593066484019,0.0,0.2751969199918031,0.15587687635725264,0.0
0.29577565324944816,0.1577593066484019,0.0,0.30683587900479986,0.14264331549764403,0.0
0.29577565324944816,0.1577593066484019,0.0,0.28586991153725766,0.14198673681981028,0.0
0.31645790364781107,0.15901893474003165,0.0,0.3250819409006062,0.17682362748409877,0.0
0.31645790364781107,0.15901893474003165,0.0,0.30683587900479986,0.14264331549764403,0.0
0.31645790364781107,0.15901893474003165,0.0,0.3275052152269522,0.14339302552792843,0.0
0.7467488645701006,0.1549926038493799,0.0,0.7376551140038681,0.13615238305369637,0.0
0.7467488645701006,0.1549926038493799,0.0,0.7556069574663019,0.1727882990473365,0.0
0.7467488645701006,0.1549926038493799,0.0,0.7662569814707263,0.15589116488603855,0.0
0.8893273294045795,0.15517369072414705,0.0,0.8813609542727631,0.17291652464205437,0.0
0.8893273294045795,0.15517369072414705,0.0,0.8983299202120892,0.13817330715248263,0.0
0.8893273294045795,0.15517369072414705,0.0,0.9080893638663048,0.15489334479454428,0.0
0.9483888432678386,0.12050058408775267,0.0,0.9657892210757565,0.10940324843346348,0.0
0.9483888432678386,0.12050058408775267,0.0,0.934099809102714,0.1069499003302355,0.0
0.9483888432678386,0.12050058408775267,0.0,0.9379597384479202,0.13911781626399472,0.0
0.9483888432678386,0.12050058408775267,0.0,0.9275337157932185,0.12204632189347414,0.0
0.9657892210757565,0.10940324843346348,0.0,0.9826795261404958,0.11996192929646564,0.0
0.9657892210757565,0.10940324843346348,0.0,0.982679563764349,0.0999531503570651,0.0
0.9657892210757565,0.10940324843346348,0.0,0.9654308601629801,0.08985650422725812,0.0
0.016091687415164226,0.038538840291134406,0.0,0.03228979265287277,0.026578291167830764,0.0
0.016091687415164226,0.038538840291134406,0.0,0.0002667555851949112,0.04993063361589818,0.0
0.016091687415164226,0.038538840291134406,0.0,0.0003001000333443396,0.029921381268743167,0.0
0.016091687415164226,0.038538840291134406,0.0,0.014572498386681669,0.023904769250146108,0.0
0.19639783193696234,0.12483780611101412,0.0,0.20858973551012952,0.10818474088665776,0.0
0.19639783193696234,0.12483780611101412,0.0,0.18859818269803053,0.10754006077156941,0.0
0.44009033791124547,0.024990237345768215,0.0,0.4494529865557657,0.04289786467531243,0.0
0.44009033791124547,0.024990237345768215,0.0,0.42929291727409075,0.0417871258927343,0.0
0.44009033791124547,0.024990237345768215,0.0,0.46018634529331465,0.02603926879794262,0.0
0.44009033791124547,0.024990237345768215,0.0,0.4510168774302725,0.008076482161643002,0.0
0.4494529865557657,0.04289786467531243,0.0,0.42929291727409075,0.0417871258927343,0.0
0.4494529865557657,0.04289786467531243,0.0,0.46018634529331465,0.02603926879794262,0.0
0.4494529865557657,0.04289786467531243,0.0,0.4696733539006003,0.04373115281993618,0.0
0.9348317801999754,0.17141144011751439,0.0,0.9328412120994645,0.18946512198106882,0.0
0.9348317801999754,0.17141144011751439,0.0,0.9272486940596407,0.15587355717285065,0.0
0.3250819409006062,0.17682362748409877,0.0,0.313881240220007,0.1930527249326497,0.0
0.3250819409006062,0.17682362748409877,0.0,0.3334679733597575,0.1950146597444102,0.0
0.7376551140038681,0.13615238305369637,0.0,0.7283274431315073,0.11782167645000156,0.0
0.7376551140038681,0.13615238305369637,0.0,0.7180920359819972,0.13489336673587837,0.0
0.7304020877936881,0.025859102582016045,0.0,0.7366838124656164,0.006805318902966374,0.0
0.7304020877936881,0.025859102582016045,0.0,0.7450618441544642,0.02195265303740334,0.0
0.9486388932493375,0.05952497948827939,0.0,0.96620257507428,0.0708458826626112,0.0
0.9486388932493375,0.05952497948827939,0.0,0.9379577129276067,0.04143690543499079,0.0
0.9486388932493375,0.05952497948827939,0.0,0.93498514790932,0.07110824283534808,0.0
0.96620257507428,0.0708458826626112,0.0,0.9654308601629801,0.08985650422725812,0.0
0.96620257507428,0.0708458826626112,0.0,0.9832149632452827,0.06086282089765521,0.0
0.96620257507428,0.0708458826626112,0.0,0.9827807786077346,0.08008345125031116,0.0
0.520255733239001,0.02651705792925489,0.0,0.5000514825660698,0.02688436860038562,0.0
0.520255733239001,0.02651705792925489,0.0,0.5405099728288424,0.025657658922702362,0.0
0.520255733239001,0.02651705792925489,0.0,0.5100053020399721,0.009833003931491557,0.0
0.520255733239001,0.02651705792925489,0.0,0.5296731741613401,0.009224717622884746,0.0
0.815337338333517,0.17603122882859426,0.0,0.7953286502660104,0.17454210147722404,0.0
0.815337338333517,0.17603122882859426,0.0,0.8040739682388426,0.1922212148074821,0.0
0.815337338333517,0.17603122882859426,0.0,0.8236791101517987,0.1939886763111289,0.0
0.9379577129276067,0.04143690543499079,0.0,0.9495125284534669,0.02510092835715232,0.0
0.9379577129276067,0.04143690543499079,0.0,0.917968756354312,0.03902651528930296,0.0
0.9379577129276067,0.04143690543499079,0.0,0.9295452889338153,0.023387405485075924,0.0
0.2849840784526437,0.17370729551625994,0.0,0.26508688852590695,0.17314263646614964,0.0
0.2849840784526437,0.17370729551625994,0.0,0.2751969199918031,0.15587687635725264,0.0
0.2849840784526437,0.17370729551625994,0.0,0.2746002114883518,0.1904740302508034,0.0
0.2849840784526437,0.17370729551625994,0.0,0.2942574624549822,0.1915070910332105,0.0
0.2248405045638636,0.17346326351005167,0.0,0.23513574553483035,0.15592039433753413,0.0
0.2248405045638636,0.17346326351005167,0.0,0.24494735591292222,0.17304086434678992,0.0
0.2248405045638636,0.17346326351005167,0.0,0.2352375608496372,0.1901715774166525,0.0
0.2248405045638636,0.17346326351005167,0.0,0.2155675444190997,0.1909215933815534,0.0
0.46018634529331465,0.02603926879794262,0.0,0.48002587650133216,0.026636078693231254,0.0
0.46018634529331465,0.02603926879794262,0.0,0.4696733539006003,0.04373115281993618,0.0
0.46018634529331465,0.02603926879794262,0.0,0.4706599204734027,0.009239885618746951,0.0
0.46018634529331465,0.02603926879794262,0.0,0.4510168774302725,0.008076482161643002,0.0
0.5918083919783526,0.03966799356081092,0.0,0.5802371890779929,0.022668424101170374,0.0
0.5918083919783526,0.03966799356081092,0.0,0.5717040896149208,0.04080722139415088,0.0
0.5918083919783526,0.03966799356081092,0.0,0.6028815083834559,0.05598832273423957,0.0
0.05339390858803439,0.02317125765286882,0.0,0.03228979265287277,0.026578291167830764,0.0
0.05339390858803439,0.02317125765286882,0.0,0.047970364299195364,0.039498857101106045,0.0
0.05339390858803439,0.02317125765286882,0.0,0.03966481696635933,0.00869517095528744,0.0
0.05339390858803439,0.02317125765286882,0.0,0.05929017572108284,0.007262292830744287,0.0
0.03228979265287277,0.026578291167830764,0.0,0.047970364299195364,0.039498857101106045,0.0
0.03228979265287277,0.026578291167830764,0.0,0.020008157049365247,0.009597506667132018,0.0
0.03228979265287277,0.026578291167830764,0.0,0.03966481696635933,0.00869517095528744,0.0
0.03228979265287277,0.026578291167830764,0.0,0.014572498386681669,0.023904769250146108,0.0
0.047970364299195364,0.039498857101106045,0.0,0.059631737940692084,0.05424927564022059,0.0
0.8881588239064974,0.0526737778332773,0.0,0.8787587682686181,0.03494845060136083,0.0
0.8881588239064974,0.0526737778332773,0.0,0.8980885435965855,0.03677801963443872,0.0
0.012444547481071303,0.13996150918050973,0.0,0.0001333777925972035,0.12996624696425824,0.0
0.012444547481071303,0.13996150918050973,0.0,0.0001000333444479161,0.1499748659030508,0.0
0.7556069574663019,0.1727882990473365,0.0,0.7450787942757616,0.1900191158835712,0.0
0.7556069574663019,0.1727882990473365,0.0,0.7647624404709625,0.1901715774472619,0.0
0.7556069574663019,0.1727882990473365,0.0,0.7753583452816065,0.1734634202816842,0.0
0.7556069574663019,0.1727882990473365,0.0,0.7662569814707263,0.15589116488603855,0.0
0.36775500271698425,0.1456670002208733,0.0,0.3583166361668216,0.12816550824455286,0.0
0.36775500271698425,0.1456670002208733,0.0,0.37824056222232993,0.12865171729592262,0.0
0.36775500271698425,0.1456670002208733,0.0,0.3879243647549453,0.14615959380985583,0.0
0.36775500271698425,0.1456670002208733,0.0,0.3475714606432521,0.14449409191761378,0.0
0.934099809102714,0.1069499003302355,0.0,0.9180061440545495,0.10456638720465496,0.0
0.934099809102714,0.1069499003302355,0.0,0.9275337157932185,0.12204632189347414,0.0
0.26508688852590695,0.17314263646614964,0.0,0.2751969199918031,0.15587687635725264,0.0
0.26508688852590695,0.17314263646614964,0.0,0.24494735591292222,0.17304086434678992,0.0
0.26508688852590695,0.17314263646614964,0.0,0.2746002114883518,0.1904740302508034,0.0
0.26508688852590695,0.17314263646614964,0.0,0.25518407861561626,0.15579051324792154,0.0
0.26508688852590695,0.17314263646614964,0.0,0.2549212071454445,0.1900191158946087,0.0
0.2751969199918031,0.15587687635725264,0.0,0.28586991153725766,0.14198673681981028,0.0
0.2751969199918031,0.15587687635725264,0.0,0.25518407861561626,0.15579051324792154,0.0
0.2751969199918031,0.15587687635725264,0.0,0.26542370845405927,0.14180473834661303,0.0
0.2976838293374755,0.12619363838495296,0.0,0.30683587900479986,0.14264331549764403,0.0
0.2976838293374755,0.12619363838495296,0.0,0.28586991153725766,0.14198673681981028,0.0
0.2976838293374755,0.12619363838495296,0.0,0.31825628956480845,0.12724685449589787,0.0
0.2976838293374755,0.12619363838495296,0.0,0.3085727993957557,0.1100354921406681,0.0
0.2976838293374755,0.12619363838495296,0.0,0.2885762048282805,0.10966490899256878,0.0
0.2976838293374755,0.12619363838495296,0.0,0.2773762830871296,0.12613756400819734,0.0
0.30683587900479986,0.14264331549764403,0.0,0.28586991153725766,0.14198673681981028,0.0
0.30683587900479986,0.14264331549764403,0.0,0.31825628956480845,0.12724685449589787,0.0
0.30683587900479986,0.14264331549764403,0.0,0.3275052152269522,0.14339302552792843,0.0
0.28586991153725766,0.14198673681981028,0.0,0.2773762830871296,0.12613756400819734,0.0
0.28586991153725766,0.14198673681981028,0.0,0.26542370845405927,0.14180473834661303,0.0
0.9495125284534669,0.02510092835715232,0.0,0.960668030555581,0.00871509002937369,0.0
0.9495125284534669,0.02510092835715232,0.0,0.9410420679177938,0.007290537089384422,0.0
0.9495125284534669,0.02510092835715232,0.0,0.9295452889338153,0.023387405485075924,0.0
0.23513574553483035,0.15592039433753413,0.0,0.24494735591292222,0.17304086434678992,0.0
0.23513574553483035,0.15592039433753413,0.0,0.25518407861561626,0.15579051324792154,0.0
0.23513574553483035,0.15592039433753413,0.0,0.2453322705492756,0.14172095936990278,0.0
0.48002587650133216,0.026636078693231254,0.0,0.4696733539006003,0.04373115281993618,0.0
0.48002587650133216,0.026636078693231254,0.0,0.5000514825660698,0.02688436860038562,0.0
0.48002587650133216,0.026636078693231254,0.0,0.4706599204734027,0.009239885618746951,0.0
0.48002587650133216,0.026636078693231254,0.0,0.4897983223374272,0.04408420381892141,0.0
0.48002587650133216,0.026636078693231254,0.0,0.49032809727850246,0.009838170843132767,0.0
0.4696733539006003,0.04373115281993618,0.0,0.4897983223374272,0.04408420381892141,0.0
0.4696733539006003,0.04373115281993618,0.0,0.47948375149769307,0.06121386941581252,0.0
0.22772389543122012,0.00727509767271339,0.0,0.22014794256378106,0.023957820607732508,0.0
0.22772389543122012,0.00727509767271339,0.0,0.23946246718593728,0.02385465221765088,0.0
0.22772389543122012,0.00727509767271339,0.0,0.24698737648644087,0.0064813882219483185,0.0
0.22772389543122012,0.00727509767271339,0.0,0.21582804566033492,-0.009180184830786529,0.0
0.22772389543122012,0.00727509767271339,0.0,0.20774353951247182,0.007957001837578165,0.0
0.22772389543122012,0.00727509767271339,0.0,0.2354921944089984,-0.009922347802388879,0.0
0.22014794256378106,0.023957820607732508,0.0,0.23946246718593728,0.02385465221765088,0.0
0.22014794256378106,0.023957820607732508,0.0,0.22986709450360168,0.03925457796893087,0.0
0.22014794256378106,0.023957820607732508,0.0,0.20986436751043483,0.03920470583396761,0.0
0.22014794256378106,0.023957820607732508,0.0,0.20774353951247182,0.007957001837578165,0.0
0.22014794256378106,0.023957820607732508,0.0,0.19992547184358772,0.024334276150004785,0.0
0.23946246718593728,0.02385465221765088,0.0,0.24698737648644087,0.0064813882219483185,0.0
0.23946246718593728,0.02385465221765088,0.0,0.22986709450360168,0.03925457796893087,0.0
0.23946246718593728,0.02385465221765088,0.0,0.24985700182441908,0.03999828239027057,0.0
0.3181982835628018,0.024664105255679643,0.0,0.32421947689625225,0.0090997860666218,0.0
0.3181982835628018,0.024664105255679643,0.0,0.3342516670925935,0.025532587119135117,0.0
0.3181982835628018,0.024664105255679643,0.0,0.3098019441379335,0.041283028746603286,0.0
0.7953286502660104,0.17454210147722404,0.0,0.7753583452816065,0.1734634202816842,0.0
0.7953286502660104,0.17454210147722404,0.0,0.7861099723719087,0.15670235210016817,0.0
0.7953286502660104,0.17454210147722404,0.0,0.8040739682388426,0.1922212148074821,0.0
0.7953286502660104,0.17454210147722404,0.0,0.7844324567857922,0.1909215934450424,0.0
0.17314151749805892,0.16008534079162046,0.0,0.16469467303879942,0.17809637199448847,0.0
0.17314151749805892,0.16008534079162046,0.0,0.15290677931909796,0.16207899408905327,0.0
0.17314151749805892,0.16008534079162046,0.0,0.18461779919258775,0.1761098921425171,0.0
0.16469467303879942,0.17809637199448847,0.0,0.15290677931909796,0.16207899408905327,0.0
0.16469467303879942,0.17809637199448847,0.0,0.18461779919258775,0.1761098921425171,0.0
0.16469467303879942,0.17809637199448847,0.0,0.14496587062166236,0.18028414954954042,0.0
0.16469467303879942,0.17809637199448847,0.0,0.1763208908223542,0.1939886762133007,0.0
0.16469467303879942,0.17809637199448847,0.0,0.1567512396874989,0.1961150489967212,0.0
0.15290677931909796,0.16207899408905327,0.0,0.13298579809435135,0.16432674870287853,0.0
0.15290677931909796,0.16207899408905327,0.0,0.14496587062166236,0.18028414954954042,0.0
0.24494735591292222,0.17304086434678992,0.0,0.25518407861561626,0.15579051324792154,0.0
0.24494735591292222,0.17304086434678992,0.0,0.2549212071454445,0.1900191158946087,0.0
0.24494735591292222,0.17304086434678992,0.0,0.2352375608496372,0.1901715774166525,0.0
0.5000514825660698,0.02688436860038562,0.0,0.4897983223374272,0.04408420381892141,0.0
0.5000514825660698,0.02688436860038562,0.0,0.49032809727850246,0.009838170843132767,0.0
0.5000514825660698,0.02688436860038562,0.0,0.5100053020399721,0.009833003931491557,0.0
0.03206859248986619,0.07015740669770804,0.0,0.04968603945823451,0.07053536255403954,0.0
0.8627921253644149,0.1984719234020252,0.0,0.8823244412923026,0.2009191174150899,0.0
0.8627921253644149,0.1984719234020252,0.0,0.8432487611881002,0.1961150490981094,0.0
0.8627921253644149,0.1984719234020252,0.0,0.8772077156207636,0.18707678941690825,0.0
0.7450787942757616,0.1900191158835712,0.0,0.7647624404709625,0.1901715774472619,0.0
0.5802371890779929,0.022668424101170374,0.0,0.5717040896149208,0.04080722139415088,0.0
0.5802371890779929,0.022668424101170374,0.0,0.5884940620249066,0.004340011054286135,0.0
0.5802371890779929,0.022668424101170374,0.0,0.5604272390063303,0.024288656054993352,0.0
0.5802371890779929,0.022668424101170374,0.0,0.5689230676653827,0.006389735938071732,0.0
0.2746002114883518,0.1904740302508034,0.0,0.2942574624549822,0.1915070910332105,0.0
0.2746002114883518,0.1904740302508034,0.0,0.2549212071454445,0.1900191158946087,0.0
0.5405099728288424,0.025657658922702362,0.0,0.5604272390063303,0.024288656054993352,0.0
0.5405099728288424,0.025657658922702362,0.0,0.5296731741613401,0.009224717622884746,0.0
0.5405099728288424,0.025657658922702362,0.0,0.5493156839161513,0.008052279974837977,0.0
0.4706599204734027,0.009239885618746951,0.0,0.4510168774302725,0.008076482161643002,0.0
0.4706599204734027,0.009239885618746951,0.0,0.49032809727850246,0.009838170843132767,0.0
0.960668030555581,0.00871509002937369,0.0,0.9410420679177938,0.007290537089384422,0.0
0.960668030555581,0.00871509002937369,0.0,0.9803251266872849,0.009607841411375282,0.0
0.8787587682686181,0.03494845060136083,0.0,0.8710185207119167,0.01661405089763818,0.0
0.8787587682686181,0.03494845060136083,0.0,0.8595116223672448,0.033680294360300206,0.0
0.8787587682686181,0.03494845060136083,0.0,0.8902147241513508,0.019022160333090343,0.0
0.8787587682686181,0.03494845060136083,0.0,0.8980885435965855,0.03677801963443872,0.0
0.8710185207119167,0.01661405089763818,0.0,0.8595116223672448,0.033680294360300206,0.0
0.8710185207119167,0.01661405089763818,0.0,0.8902147241513508,0.019022160333090343,0.0
0.8710185207119167,0.01661405089763818,0.0,0.8823651547698966,0.0008359356608184016,0.0
0.8595116223672448,0.033680294360300206,0.0,0.8493510871719557,0.050596446723099146,0.0
0.34243679757953754,0.012079690233186396,0.0,0.32421947689625225,0.0090997860666218,0.0
0.34243679757953754,0.012079690233186396,0.0,0.3342516670925935,0.025532587119135117,0.0
0.34243679757953754,0.012079690233186396,0.0,0.33369041865092075,-0.005049306922170091,0.0
0.34243679757953754,0.012079690233186396,0.0,0.35323873809644096,-0.002788902269098751,0.0
0.32421947689625225,0.0090997860666218,0.0,0.3342516670925935,0.025532587119135117,0.0
0.32421947689625225,0.0090997860666218,0.0,0.33369041865092075,-0.005049306922170091,0.0
0.32421947689625225,0.0090997860666218,0.0,0.31411032705054076,-0.007014709222313843,0.0
0.24698737648644087,0.0064813882219483185,0.0,0.2354921944089984,-0.009922347802388879,0.0
0.24698737648644087,0.0064813882219483185,0.0,0.2551697520652895,-0.010066973318662789,0.0
0.02202298853805635,0.18770251626879356,0.0,3.334444814934153e-05,0.189991764369241,0.0
0.02202298853805635,0.18770251626879356,0.0,0.014343846786394037,0.17475159513480001,0.0
0.02202298853805635,0.18770251626879356,0.0,0.01968189381931244,0.2096956954280177,0.0
0.02202298853805635,0.18770251626879356,0.0,0.011954381714285317,0.1977510832301216,0.0
0.18461779919258775,0.1761098921425171,0.0,0.1959260328513177,0.1922212147213933,0.0
0.18461779919258775,0.1761098921425171,0.0,0.1763208908223542,0.1939886762133007,0.0
0.7366838124656164,0.006805318902966374,0.0,0.7450618441544642,0.02195265303740334,0.0
0.7366838124656164,0.006805318902966374,0.0,0.7451636913159623,-0.010069605886169845,0.0
0.5717040896149208,0.04080722139415088,0.0,0.5604272390063303,0.024288656054993352,0.0
0.5884940620249066,0.004340011054286135,0.0,0.6080359975441184,0.0020273796739251515,0.0
0.5884940620249066,0.004340011054286135,0.0,0.5689230676653827,0.006389735938071732,0.0
0.7647624404709625,0.1901715774472619,0.0,0.7753583452816065,0.1734634202816842,0.0
0.7647624404709625,0.1901715774472619,0.0,0.7844324567857922,0.1909215934450424,0.0
0.25518407861561626,0.15579051324792154,0.0,0.2453322705492756,0.14172095936990278,0.0
0.25518407861561626,0.15579051324792154,0.0,0.26542370845405927,0.14180473834661303,0.0
0.7753583452816065,0.1734634202816842,0.0,0.7861099723719087,0.15670235210016817,0.0
0.7753583452816065,0.1734634202816842,0.0,0.7662569814707263,0.15589116488603855,0.0
0.7753583452816065,0.1734634202816842,0.0,0.7844324567857922,0.1909215934450424,0.0
0.7861099723719087,0.15670235210016817,0.0,0.7662569814707263,0.15589116488603855,0.0
0.8040739682388426,0.1922212148074821,0.0,0.8236791101517987,0.1939886763111289,0.0
0.8040739682388426,0.1922212148074821,0.0,0.7844324567857922,0.1909215934450424,0.0
0.4897983223374272,0.04408420381892141,0.0,0.4995475584863727,0.06151934415411839,0.0
0.4897983223374272,0.04408420381892141,0.0,0.47948375149769307,0.06121386941581252,0.0
0.9328412120994645,0.18946512198106882,0.0,0.921425379683128,0.2055086350647987,0.0
0.9328412120994645,0.18946512198106882,0.0,0.9410212191544387,0.2073769316668632,0.0
0.9328412120994645,0.18946512198106882,0.0,0.9509069199490849,0.19540218465103135,0.0
0.2942574624549822,0.1915070910332105,0.0,0.313881240220007,0.1930527249326497,0.0
0.9410420679177938,0.007290537089384422,0.0,0.9295452889338153,0.023387405485075924,0.0
0.9410420679177938,0.007290537089384422,0.0,0.9214529686065688,0.0054233111472742805,0.0
0.8902147241513508,0.019022160333090343,0.0,0.8980885435965855,0.03677801963443872,0.0
0.8902147241513508,0.019022160333090343,0.0,0.9097736444880858,0.021268751759855625,0.0
0.8902147241513508,0.019022160333090343,0.0,0.8823651547698966,0.0008359356608184016,0.0
0.8902147241513508,0.019022160333090343,0.0,0.9018976546257274,0.0032278069949472975,0.0
0.8980885435965855,0.03677801963443872,0.0,0.917968756354312,0.03902651528930296,0.0
0.8980885435965855,0.03677801963443872,0.0,0.9097736444880858,0.021268751759855625,0.0
0.5604272390063303,0.024288656054993352,0.0,0.5689230676653827,0.006389735938071732,0.0
0.5604272390063303,0.024288656054993352,0.0,0.5493156839161513,0.008052279974837977,0.0
0.313881240220007,0.1930527249326497,0.0,0.3334679733597575,0.1950146597444102,0.0
0.5689230676653827,0.006389735938071732,0.0,0.5493156839161513,0.008052279974837977,0.0
0.8236791101517987,0.1939886763111289,0.0,0.8432487611881002,0.1961150490981094,0.0
0.3334679733597575,0.1950146597444102,0.0,0.3530228816138251,0.1972732469543295,0.0
0.8813609542727631,0.17291652464205437,0.0,0.8772077156207636,0.18707678941690825,0.0
0.13298579809435135,0.16432674870287853,0.0,0.11376104555004644,0.1672645848717544,0.0
0.13298579809435135,0.16432674870287853,0.0,0.12540899633984498,0.18277465518936356,0.0
0.13298579809435135,0.16432674870287853,0.0,0.12108700448300076,0.1496934491246089,0.0
0.13298579809435135,0.16432674870287853,0.0,0.14496587062166236,0.18028414954954042,0.0
0.11376104555004644,0.1672645848717544,0.0,0.12540899633984498,0.18277465518936356,0.0
0.11376104555004644,0.1672645848717544,0.0,0.12108700448300076,0.1496934491246089,0.0
0.11376104555004644,0.1672645848717544,0.0,0.10578083627407277,0.18550254028059732,0.0
0.12540899633984498,0.18277465518936356,0.0,0.14496587062166236,0.18028414954954042,0.0
0.12540899633984498,0.18277465518936356,0.0,0.10578083627407277,0.18550254028059732,0.0
0.12540899633984498,0.18277465518936356,0.0,0.1176755593694548,0.2009191173322832,0.0
0.12540899633984498,0.18277465518936356,0.0,0.1372078753933555,0.1984719233079192,0.0
0.4995475584863727,0.06151934415411839,0.0,0.5091788974844462,0.07907796614725118,0.0
0.4995475584863727,0.06151934415411839,0.0,0.4891987649865052,0.07870537316828341,0.0
0.4995475584863727,0.06151934415411839,0.0,0.47948375149769307,0.06121386941581252,0.0
0.5091788974844462,0.07907796614725118,0.0,0.49889511164122796,0.09619987786289713,0.0
0.5091788974844462,0.07907796614725118,0.0,0.4891987649865052,0.07870537316828341,0.0
0.5091788974844462,0.07907796614725118,0.0,0.5189866884215343,0.09651513936522284,0.0
0.4885534661880242,0.11335221691955946,0.0,0.49889511164122796,0.09619987786289713,0.0
0.4885534661880242,0.11335221691955946,0.0,0.4788730772797121,0.0958451461104542,0.0
0.4885534661880242,0.11335221691955946,0.0,0.508589108596216,0.1137001315489025,0.0
0.4885534661880242,0.11335221691955946,0.0,0.49823467465913474,0.1308603145616245,0.0
0.4885534661880242,0.11335221691955946,0.0,0.47822653872746984,0.1304969401322138,0.0
0.4885534661880242,0.11335221691955946,0.0,0.4685460489382322,0.11298912479044623,0.0
0.49889511164122796,0.09619987786289713,0.0,0.4788730772797121,0.0958451461104542,0.0
0.49889511164122796,0.09619987786289713,0.0,0.4891987649865052,0.07870537316828341,0.0
0.49889511164122796,0.09619987786289713,0.0,0.5189866884215343,0.09651513936522284,0.0
0.49889511164122796,0.09619987786289713,0.0,0.508589108596216,0.1137001315489025,0.0
0.4788730772797121,0.0958451461104542,0.0,0.4891987649865052,0.07870537316828341,0.0
0.4788730772797121,0.0958451461104542,0.0,0.4588673977921275,0.09548322848374381,0.0
0.4788730772797121,0.0958451461104542,0.0,0.4685460489382322,0.11298912479044623,0.0
0.4788730772797121,0.0958451461104542,0.0,0.46917768039586016,0.0783411448283647,0.0
0.4891987649865052,0.07870537316828341,0.0,0.46917768039586016,0.0783411448283647,0.0
0.4891987649865052,0.07870537316828341,0.0,0.47948375149769307,0.06121386941581252,0.0
0.6028815083834559,0.05598832273423957,0.0,0.622681532011381,0.054455276455503715,0.0
0.6028815083834559,0.05598832273423957,0.0,0.6148082062492457,0.07191226300845328,0.0
0.0002334111370453746,0.06993972864156495,0.0,0.0002667555851949112,0.04993063361589818,0.0
0.0002334111370453746,0.06993972864156495,0.0,0.0002000666888959734,0.08994868561536426,0.0
0.0001667222407464953,0.1099575270190155,0.0,0.0002000666888959734,0.08994868561536426,0.0
0.0001667222407464953,0.1099575270190155,0.0,0.0001333777925972035,0.12996624696425824,0.0
0.5189866884215343,0.09651513936522284,0.0,0.5287086910770594,0.11400194085775645,0.0
0.5189866884215343,0.09651513936522284,0.0,0.508589108596216,0.1137001315489025,0.0
0.0002667555851949112,0.04993063361589818,0.0,0.0003001000333443396,0.029921381268743167,0.0
0.0003001000333443396,0.029921381268743167,0.0,0.00033344327003306264,0.00991185699654157,0.0
0.0003001000333443396,0.029921381268743167,0.0,0.014572498386681669,0.023904769250146108,0.0
0.0001333777925972035,0.12996624696425824,0.0,0.0001000333444479161,0.1499748659030508,0.0
6.668889629864687e-05,0.16998337996550297,0.0,0.0001000333444479161,0.1499748659030508,0.0
6.668889629864687e-05,0.16998337996550297,0.0,3.334444814934153e-05,0.189991764369241,0.0
6.668889629864687e-05,0.16998337996550297,0.0,0.014343846786394037,0.17475159513480001,0.0
0.622681532011381,0.054455276455503715,0.0,0.6148082062492457,0.07191226300845328,0.0
0.622681532011381,0.054455276455503715,0.0,0.6425421373983039,0.05235184069727961,0.0
0.622681532011381,0.054455276455503715,0.0,0.6349854279043803,0.06919888729003792,0.0
0.5287086910770594,0.11400194085775645,0.0,0.5487125560029558,0.1143683034954917,0.0
0.5287086910770594,0.11400194085775645,0.0,0.508589108596216,0.1137001315489025,0.0
0.5287086910770594,0.11400194085775645,0.0,0.5182539536025152,0.1312176992795541,0.0
0.5287086910770594,0.11400194085775645,0.0,0.5382304905243753,0.13159905250907775,0.0
0.6148082062492457,0.07191226300845328,0.0,0.6349854279043803,0.06919888729003792,0.0
0.6148082062492457,0.07191226300845328,0.0,0.6277844697370991,0.08555782954436228,0.0
0.6148082062492457,0.07191226300845328,0.0,0.6084375387886989,0.08512746715911992,0.0
0.5487125560029558,0.1143683034954917,0.0,0.5687234224126215,0.11465309820070889,0.0
0.5487125560029558,0.1143683034954917,0.0,0.5582097270696721,0.13197904094939908,0.0
0.5487125560029558,0.1143683034954917,0.0,0.5382304905243753,0.13159905250907775,0.0
0.508589108596216,0.1137001315489025,0.0,0.5182539536025152,0.1312176992795541,0.0
0.508589108596216,0.1137001315489025,0.0,0.49823467465913474,0.1308603145616245,0.0
0.6425421373983039,0.05235184069727961,0.0,0.6625795754686816,0.05084529529075349,0.0
0.6425421373983039,0.05235184069727961,0.0,0.6349854279043803,0.06919888729003792,0.0
0.5182539536025152,0.1312176992795541,0.0,0.49823467465913474,0.1308603145616245,0.0
0.5182539536025152,0.1312176992795541,0.0,0.5079067465010223,0.14837364588745228,0.0
0.5182539536025152,0.1312176992795541,0.0,0.5279023413685553,0.1487443065986714,0.0
0.5182539536025152,0.1312176992795541,0.0,0.5382304905243753,0.13159905250907775,0.0
0.49823467465913474,0.1308603145616245,0.0,0.5079067465010223,0.14837364588745228,0.0
0.49823467465913474,0.1308603145616245,0.0,0.4879053708801067,0.14800639582459138,0.0
0.49823467465913474,0.1308603145616245,0.0,0.47822653872746984,0.1304969401322138,0.0
0.5687234224126215,0.11465309820070889,0.0,0.5582097270696721,0.13197904094939908,0.0
0.5687234224126215,0.11465309820070889,0.0,0.5886641966522688,0.11499523464699295,0.0
0.5687234224126215,0.11465309820070889,0.0,0.5782683955533863,0.13226722921680878,0.0
0.5582097270696721,0.13197904094939908,0.0,0.5782683955533863,0.13226722921680878,0.0
0.5582097270696721,0.13197904094939908,0.0,0.567887853335845,0.14948931632220946,0.0
0.5582097270696721,0.13197904094939908,0.0,0.5382304905243753,0.13159905250907775,0.0
0.5582097270696721,0.13197904094939908,0.0,0.5478967491145734,0.14904810556162115,0.0
0.5079067465010223,0.14837364588745228,0.0,0.4879053708801067,0.14800639582459138,0.0
0.5079067465010223,0.14837364588745228,0.0,0.5279023413685553,0.1487443065986714,0.0
0.5079067465010223,0.14837364588745228,0.0,0.5175761497980298,0.1658884268779192,0.0
0.5079067465010223,0.14837364588745228,0.0,0.49757954325187304,0.1655184191486222,0.0
0.4879053708801067,0.14800639582459138,0.0,0.47822653872746984,0.1304969401322138,0.0
0.4879053708801067,0.14800639582459138,0.0,0.46790605385263206,0.14763819212597012,0.0
0.4879053708801067,0.14800639582459138,0.0,0.477590904613681,0.16472930993294652,0.0
0.4879053708801067,0.14800639582459138,0.0,0.49757954325187304,0.1655184191486222,0.0
0.5886641966522688,0.11499523464699295,0.0,0.5989549726979433,0.09884086077632429,0.0
0.5886641966522688,0.11499523464699295,0.0,0.6085631939793078,0.11567309130735302,0.0
0.5886641966522688,0.11499523464699295,0.0,0.598233124928438,0.13269985917806018,0.0
0.5886641966522688,0.11499523464699295,0.0,0.5782683955533863,0.13226722921680878,0.0
0.5279023413685553,0.1487443065986714,0.0,0.5175761497980298,0.1658884268779192,0.0
0.5279023413685553,0.1487443065986714,0.0,0.5375806752063452,0.16584799379315188,0.0
0.5279023413685553,0.1487443065986714,0.0,0.5382304905243753,0.13159905250907775,0.0
0.5279023413685553,0.1487443065986714,0.0,0.5478967491145734,0.14904810556162115,0.0
0.5175761497980298,0.1658884268779192,0.0,0.5375806752063452,0.16584799379315188,0.0
0.5175761497980298,0.1658884268779192,0.0,0.49757954325187304,0.1655184191486222,0.0
0.5175761497980298,0.1658884268779192,0.0,0.5074984744930214,0.17868297334491415,0.0
0.5175761497980298,0.1658884268779192,0.0,0.5274550111808315,0.1790512173918698,0.0
0.47822653872746984,0.1304969401322138,0.0,0.46790605385263206,0.14763819212597012,0.0
0.47822653872746984,0.1304969401322138,0.0,0.4582275882066191,0.13012861790108743,0.0
0.47822653872746984,0.1304969401322138,0.0,0.4685460489382322,0.11298912479044623,0.0
0.5989549726979433,0.09884086077632429,0.0,0.6085631939793078,0.11567309130735302,0.0
0.5989549726979433,0.09884086077632429,0.0,0.6188357278435379,0.09943514795945078,0.0
0.5989549726979433,0.09884086077632429,0.0,0.6084375387886989,0.08512746715911992,0.0
0.5375806752063452,0.16584799379315188,0.0,0.5478967491145734,0.14904810556162115,0.0
0.5375806752063452,0.16584799379315188,0.0,0.5574400894902444,0.16495799997045746,0.0
0.5375806752063452,0.16584799379315188,0.0,0.5274550111808315,0.1790512173918698,0.0
0.5375806752063452,0.16584799379315188,0.0,0.5473786119936114,0.17864128802714174,0.0
0.6085631939793078,0.11567309130735302,0.0,0.6188357278435379,0.09943514795945078,0.0
0.6085631939793078,0.11567309130735302,0.0,0.598233124928438,0.13269985917806018,0.0
0.6085631939793078,0.11567309130735302,0.0,0.6285242172989528,0.11613223992953862,0.0
0.6085631939793078,0.11567309130735302,0.0,0.61821404098246,0.13305316199562564,0.0
0.46790605385263206,0.14763819212597012,0.0,0.477590904613681,0.16472930993294652,0.0
0.46790605385263206,0.14763819212597012,0.0,0.4582275882066191,0.13012861790108743,0.0
0.46790605385263206,0.14763819212597012,0.0,0.44790861126594145,0.1472691210131504,0.0
0.46790605385263206,0.14763819212597012,0.0,0.4575997299533798,0.16405976042195997,0.0
1.0,0.169983397855437,0.0,0.983173030235313,0.17913235493546753,0.0
1.0,0.169983397855437,0.0,0.9826794667330511,0.15997915066082657,0.0
1.0,0.169983397855437,0.0,1.0,0.14997490346630815,0.0
1.0,0.169983397855437,0.0,1.0,0.18999179143990105,0.0
0.983173030235313,0.17913235493546753,0.0,0.9826794667330511,0.15997915066082657,0.0
0.983173030235313,0.17913235493546753,0.0,1.0,0.18999179143990105,0.0
0.9826794667330511,0.15997915066082657,0.0,1.0,0.14997490346630815,0.0
1.0,0.10995756572398271,0.0,1.0,0.12996629286893474,0.0
1.0,0.10995756572398271,0.0,0.9826795261404958,0.11996192929646564,0.0
1.0,0.10995756572398271,0.0,0.982679563764349,0.0999531503570651,0.0
1.0,0.10995756572398271,0.0,1.0,0.08994873499020924,0.0
1.0,0.12996629286893474,0.0,0.9826795261404958,0.11996192929646564,0.0
1.0,0.12996629286893474,0.0,1.0,0.14997490346630815,0.0
0.9826795261404958,0.11996192929646564,0.0,0.982679563764349,0.0999531503570651,0.0
0.982679563764349,0.0999531503570651,0.0,0.9654308601629801,0.08985650422725812,0.0
0.982679563764349,0.0999531503570651,0.0,1.0,0.08994873499020924,0.0
0.982679563764349,0.0999531503570651,0.0,0.9827807786077346,0.08008345125031116,0.0
0.6188357278435379,0.09943514795945078,0.0,0.6285242172989528,0.11613223992953862,0.0
0.6188357278435379,0.09943514795945078,0.0,0.6388216048687242,0.09982247537820271,0.0
0.6188357278435379,0.09943514795945078,0.0,0.6277844697370991,0.08555782954436228,0.0
0.6188357278435379,0.09943514795945078,0.0,0.6084375387886989,0.08512746715911992,0.0
0.598233124928438,0.13269985917806018,0.0,0.5878919901778544,0.14978689413119567,0.0
0.598233124928438,0.13269985917806018,0.0,0.61821404098246,0.13305316199562564,0.0
0.598233124928438,0.13269985917806018,0.0,0.60789605211497,0.14981280467693578,0.0
0.598233124928438,0.13269985917806018,0.0,0.5782683955533863,0.13226722921680878,0.0
0.477590904613681,0.16472930993294652,0.0,0.4575997299533798,0.16405976042195997,0.0
0.477590904613681,0.16472930993294652,0.0,0.49757954325187304,0.1655184191486222,0.0
0.477590904613681,0.16472930993294652,0.0,0.487343164921115,0.17821343368632436,0.0
0.477590904613681,0.16472930993294652,0.0,0.46736082877138724,0.17707159289514376,0.0
0.4582275882066191,0.13012861790108743,0.0,0.44790861126594145,0.1472691210131504,0.0
0.4582275882066191,0.13012861790108743,0.0,0.4382304774597891,0.1297594275066159,0.0
0.4582275882066191,0.13012861790108743,0.0,0.44854905749527246,0.11261905562225567,0.0
0.4582275882066191,0.13012861790108743,0.0,0.4685460489382322,0.11298912479044623,0.0
1.0,0.18999179143990105,0.0,1.0,0.21,0.0
0.44790861126594145,0.1472691210131504,0.0,0.4382304774597891,0.1297594275066159,0.0
0.44790861126594145,0.1472691210131504,0.0,0.42791178734771523,0.14689986125684226,0.0
0.44790861126594145,0.1472691210131504,0.0,0.4375998069564448,0.1638653444574205,0.0
0.44790861126594145,0.1472691210131504,0.0,0.4575997299533798,0.16405976042195997,0.0
0.6285242172989528,0.11613223992953862,0.0,0.6388216048687242,0.09982247537820271,0.0
0.6285242172989528,0.11613223992953862,0.0,0.6485131014976232,0.11652043296137557,0.0
0.6285242172989528,0.11613223992953862,0.0,0.6381960791244312,0.13346153838374986,0.0
0.6285242172989528,0.11613223992953862,0.0,0.61821404098246,0.13305316199562564,0.0
0.7794458721322728,0.06676666210249531,0.0,0.7605476157092381,0.06690194264293262,0.0
0.7794458721322728,0.06676666210249531,0.0,0.7898800544152245,0.0494841204568229,0.0
0.7794458721322728,0.06676666210249531,0.0,0.7691254624093559,0.08389449934958863,0.0
0.7794458721322728,0.06676666210249531,0.0,0.7994373623150236,0.06715930001462869,0.0
0.7794458721322728,0.06676666210249531,0.0,0.789095928325823,0.08434511535649904,0.0
0.7605476157092381,0.06690194264293262,0.0,0.749131040336099,0.08354912753550821,0.0
0.7605476157092381,0.06690194264293262,0.0,0.7691254624093559,0.08389449934958863,0.0
0.7187952260493071,0.10041227045980348,0.0,0.7388095389148355,0.10070261981403858,0.0
0.7187952260493071,0.10041227045980348,0.0,0.7283274431315073,0.11782167645000156,0.0
0.7187952260493071,0.10041227045980348,0.0,0.7084989677005104,0.11744879430278955,0.0
0.7187952260493071,0.10041227045980348,0.0,0.6988237890961754,0.10005413272499739,0.0
0.7187952260493071,0.10041227045980348,0.0,0.7291095345131499,0.08327014235600014,0.0
0.7187952260493071,0.10041227045980348,0.0,0.7089816134713001,0.08336646817042595,0.0
0.7388095389148355,0.10070261981403858,0.0,0.7283274431315073,0.11782167645000156,0.0
0.7388095389148355,0.10070261981403858,0.0,0.749131040336099,0.08354912753550821,0.0
0.7388095389148355,0.10070261981403858,0.0,0.7291095345131499,0.08327014235600014,0.0
0.7388095389148355,0.10070261981403858,0.0,0.7587678182669263,0.10101671947436025,0.0
0.7283274431315073,0.11782167645000156,0.0,0.7084989677005104,0.11744879430278955,0.0
0.7283274431315073,0.11782167645000156,0.0,0.7180920359819972,0.13489336673587837,0.0
0.7898800544152245,0.0494841204568229,0.0,0.7994373623150236,0.06715930001462869,0.0
0.7898800544152245,0.0494841204568229,0.0,0.8097658471197954,0.049994472252140536,0.0
0.9654308601629801,0.08985650422725812,0.0,0.9827807786077346,0.08008345125031116,0.0
0.749131040336099,0.08354912753550821,0.0,0.7691254624093559,0.08389449934958863,0.0
0.749131040336099,0.08354912753550821,0.0,0.7291095345131499,0.08327014235600014,0.0
0.749131040336099,0.08354912753550821,0.0,0.7587678182669263,0.10101671947436025,0.0
0.7691254624093559,0.08389449934958863,0.0,0.789095928325823,0.08434511535649904,0.0
0.7691254624093559,0.08389449934958863,0.0,0.7587678182669263,0.10101671947436025,0.0
0.7084989677005104,0.11744879430278955,0.0,0.6988237890961754,0.10005413272499739,0.0
0.7084989677005104,0.11744879430278955,0.0,0.6885053584874481,0.11719707395490193,0.0
0.7084989677005104,0.11744879430278955,0.0,0.6981854178343863,0.13459780156652712,0.0
0.7084989677005104,0.11744879430278955,0.0,0.7180920359819972,0.13489336673587837,0.0
0.8090997187486078,0.08471960316278306,0.0,0.8194418829466733,0.06753003615365621,0.0
0.8090997187486078,0.08471960316278306,0.0,0.7994373623150236,0.06715930001462869,0.0
0.8090997187486078,0.08471960316278306,0.0,0.789095928325823,0.08434511535649904,0.0
0.8090997187486078,0.08471960316278306,0.0,0.829123904472852,0.08514423026457871,0.0
0.8194418829466733,0.06753003615365621,0.0,0.7994373623150236,0.06715930001462869,0.0
0.8194418829466733,0.06753003615365621,0.0,0.8097658471197954,0.049994472252140536,0.0
0.8194418829466733,0.06753003615365621,0.0,0.829764197810237,0.05035972578438453,0.0
0.8194418829466733,0.06753003615365621,0.0,0.8394321171890532,0.06796227327822026,0.0
0.8194418829466733,0.06753003615365621,0.0,0.829123904472852,0.08514423026457871,0.0
0.7994373623150236,0.06715930001462869,0.0,0.8097658471197954,0.049994472252140536,0.0
0.7994373623150236,0.06715930001462869,0.0,0.789095928325823,0.08434511535649904,0.0
0.8097658471197954,0.049994472252140536,0.0,0.829764197810237,0.05035972578438453,0.0
0.6388216048687242,0.09982247537820271,0.0,0.6485131014976232,0.11652043296137557,0.0
0.6388216048687242,0.09982247537820271,0.0,0.6588207901664277,0.09989335395271251,0.0
0.6388216048687242,0.09982247537820271,0.0,0.6277844697370991,0.08555782954436228,0.0
0.4382304774597891,0.1297594275066159,0.0,0.42791178734771523,0.14689986125684226,0.0
0.4382304774597891,0.1297594275066159,0.0,0.44854905749527246,0.11261905562225567,0.0
0.4382304774597891,0.1297594275066159,0.0,0.4285523754078046,0.11224969254563101,0.0
0.4382304774597891,0.1297594275066159,0.0,0.41823373372411893,0.1293923825471782,0.0
0.6781890594539627,0.13421525806787854,0.0,0.66787983282769,0.15085393363723304,0.0
0.6781890594539627,0.13421525806787854,0.0,0.6581935365507806,0.1338112244325458,0.0
0.6781890594539627,0.13421525806787854,0.0,0.6685088483755387,0.11684401625129923,0.0
0.6781890594539627,0.13421525806787854,0.0,0.6885053584874481,0.11719707395490193,0.0
0.6781890594539627,0.13421525806787854,0.0,0.6981854178343863,0.13459780156652712,0.0
0.66787983282769,0.15085393363723304,0.0,0.6581935365507806,0.1338112244325458,0.0
0.66787983282769,0.15085393363723304,0.0,0.6478910975141579,0.15006307899175264,0.0
0.66787983282769,0.15085393363723304,0.0,0.6587574925785695,0.16411751927281137,0.0
0.6581935365507806,0.1338112244325458,0.0,0.6485131014976232,0.11652043296137557,0.0
0.6581935365507806,0.1338112244325458,0.0,0.6685088483755387,0.11684401625129923,0.0
0.6581935365507806,0.1338112244325458,0.0,0.6478910975141579,0.15006307899175264,0.0
0.6581935365507806,0.1338112244325458,0.0,0.6381960791244312,0.13346153838374986,0.0
0.829764197810237,0.05035972578438453,0.0,0.8394321171890532,0.06796227327822026,0.0
0.829764197810237,0.05035972578438453,0.0,0.8493510871719557,0.050596446723099146,0.0
0.8394321171890532,0.06796227327822026,0.0,0.829123904472852,0.08514423026457871,0.0
0.8394321171890532,0.06796227327822026,0.0,0.8493510871719557,0.050596446723099146,0.0
0.8394321171890532,0.06796227327822026,0.0,0.8491367017748694,0.08569924493006008,0.0
0.9083399963403336,0.12124764577377689,0.0,0.8983299202120892,0.13817330715248263,0.0
0.9083399963403336,0.12124764577377689,0.0,0.8891141518515553,0.12085281546706753,0.0
0.9083399963403336,0.12124764577377689,0.0,0.8987935437473836,0.10375387446260236,0.0
0.9083399963403336,0.12124764577377689,0.0,0.9180061440545495,0.10456638720465496,0.0
0.9083399963403336,0.12124764577377689,0.0,0.9275337157932185,0.12204632189347414,0.0
0.9083399963403336,0.12124764577377689,0.0,0.9179709810980141,0.13874975188303323,0.0
0.8983299202120892,0.13817330715248263,0.0,0.8891141518515553,0.12085281546706753,0.0
0.8983299202120892,0.13817330715248263,0.0,0.9179709810980141,0.13874975188303323,0.0
0.8983299202120892,0.13817330715248263,0.0,0.9080893638663048,0.15489334479454428,0.0
0.8891141518515553,0.12085281546706753,0.0,0.8788062087626461,0.10357678722741367,0.0
0.8891141518515553,0.12085281546706753,0.0,0.8987935437473836,0.10375387446260236,0.0
0.829123904472852,0.08514423026457871,0.0,0.8491367017748694,0.08569924493006008,0.0
0.8788062087626461,0.10357678722741367,0.0,0.8987935437473836,0.10375387446260236,0.0
0.8788062087626461,0.10357678722741367,0.0,0.8891111836721374,0.08659131619862365,0.0
0.8788062087626461,0.10357678722741367,0.0,0.8691238687286044,0.08634700407028353,0.0
0.6988237890961754,0.10005413272499739,0.0,0.6885053584874481,0.11719707395490193,0.0
0.6988237890961754,0.10005413272499739,0.0,0.6788177026934604,0.10020611411063811,0.0
0.6988237890961754,0.10005413272499739,0.0,0.7089816134713001,0.08336646817042595,0.0
0.8987935437473836,0.10375387446260236,0.0,0.8891111836721374,0.08659131619862365,0.0
0.8987935437473836,0.10375387446260236,0.0,0.909098884298071,0.08721982103081967,0.0
0.8987935437473836,0.10375387446260236,0.0,0.9180061440545495,0.10456638720465496,0.0
0.9379597384479202,0.13911781626399472,0.0,0.9272486940596407,0.15587355717285065,0.0
0.9379597384479202,0.13911781626399472,0.0,0.9275337157932185,0.12204632189347414,0.0
0.9379597384479202,0.13911781626399472,0.0,0.9179709810980141,0.13874975188303323,0.0
0.8491367017748694,0.08569924493006008,0.0,0.8691238687286044,0.08634700407028353,0.0
0.6485131014976232,0.11652043296137557,0.0,0.6685088483755387,0.11684401625129923,0.0
0.6485131014976232,0.11652043296137557,0.0,0.6588207901664277,0.09989335395271251,0.0
0.6485131014976232,0.11652043296137557,0.0,0.6381960791244312,0.13346153838374986,0.0
0.6685088483755387,0.11684401625129923,0.0,0.6885053584874481,0.11719707395490193,0.0
0.6685088483755387,0.11684401625129923,0.0,0.6788177026934604,0.10020611411063811,0.0
0.6685088483755387,0.11684401625129923,0.0,0.6588207901664277,0.09989335395271251,0.0
0.42791178734771523,0.14689986125684226,0.0,0.41823373372411893,0.1293923825471782,0.0
0.42791178734771523,0.14689986125684226,0.0,0.4375998069564448,0.1638653444574205,0.0
0.42791178734771523,0.14689986125684226,0.0,0.40783631594694164,0.14636010372783895,0.0
0.8891111836721374,0.08659131619862365,0.0,0.909098884298071,0.08721982103081967,0.0
0.8891111836721374,0.08659131619862365,0.0,0.8691238687286044,0.08634700407028353,0.0
0.6885053584874481,0.11719707395490193,0.0,0.6981854178343863,0.13459780156652712,0.0
0.6885053584874481,0.11719707395490193,0.0,0.6788177026934604,0.10020611411063811,0.0
0.33888787738979764,0.09327618110884908,0.0,0.31889143422244054,0.09289666747829936,0.0
0.33888787738979764,0.09327618110884908,0.0,0.3289929048176557,0.07604051210602844,0.0
0.33888787738979764,0.09327618110884908,0.0,0.3485656769970095,0.11079239438755294,0.0
0.33888787738979764,0.09327618110884908,0.0,0.3285693343869401,0.11040892952188208,0.0
0.33888787738979764,0.09327618110884908,0.0,0.34900483810124755,0.07722069924544059,0.0
0.33888787738979764,0.09327618110884908,0.0,0.3588836255513745,0.09369234104949624,0.0
0.31889143422244054,0.09289666747829936,0.0,0.3289929048176557,0.07604051210602844,0.0
0.31889143422244054,0.09289666747829936,0.0,0.3285693343869401,0.11040892952188208,0.0
0.31889143422244054,0.09289666747829936,0.0,0.3085727993957557,0.1100354921406681,0.0
0.31889143422244054,0.09289666747829936,0.0,0.298894834319028,0.09252484631904132,0.0
0.31889143422244054,0.09289666747829936,0.0,0.3092135230359315,0.07538431013011106,0.0
0.3289929048176557,0.07604051210602844,0.0,0.34900483810124755,0.07722069924544059,0.0
0.3289929048176557,0.07604051210602844,0.0,0.3092135230359315,0.07538431013011106,0.0
0.3289929048176557,0.07604051210602844,0.0,0.3193124726914092,0.058392836300717454,0.0
0.44854905749527246,0.11261905562225567,0.0,0.4285523754078046,0.11224969254563101,0.0
0.44854905749527246,0.11261905562225567,0.0,0.4388705210245763,0.09513612930642708,0.0
0.44854905749527246,0.11261905562225567,0.0,0.4588673977921275,0.09548322848374381,0.0
0.44854905749527246,0.11261905562225567,0.0,0.4685460489382322,0.11298912479044623,0.0
0.3485656769970095,0.11079239438755294,0.0,0.3285693343869401,0.11040892952188208,0.0
0.3485656769970095,0.11079239438755294,0.0,0.3383336667800365,0.12738111538261332,0.0
0.3485656769970095,0.11079239438755294,0.0,0.3583166361668216,0.12816550824455286,0.0
0.3485656769970095,0.11079239438755294,0.0,0.36856156741896345,0.11119983861007987,0.0
0.3485656769970095,0.11079239438755294,0.0,0.3588836255513745,0.09369234104949624,0.0
0.3285693343869401,0.11040892952188208,0.0,0.3383336667800365,0.12738111538261332,0.0
0.3285693343869401,0.11040892952188208,0.0,0.31825628956480845,0.12724685449589787,0.0
0.3285693343869401,0.11040892952188208,0.0,0.3085727993957557,0.1100354921406681,0.0
0.3383336667800365,0.12738111538261332,0.0,0.31825628956480845,0.12724685449589787,0.0
0.3383336667800365,0.12738111538261332,0.0,0.3583166361668216,0.12816550824455286,0.0
0.3383336667800365,0.12738111538261332,0.0,0.3475714606432521,0.14449409191761378,0.0
0.3383336667800365,0.12738111538261332,0.0,0.3275052152269522,0.14339302552792843,0.0
0.9272486940596407,0.15587355717285065,0.0,0.9179709810980141,0.13874975188303323,0.0
0.9272486940596407,0.15587355717285065,0.0,0.9080893638663048,0.15489334479454428,0.0
0.4285523754078046,0.11224969254563101,0.0,0.41823373372411893,0.1293923825471782,0.0
0.4285523754078046,0.11224969254563101,0.0,0.4388705210245763,0.09513612930642708,0.0
0.4285523754078046,0.11224969254563101,0.0,0.4085557064914991,0.11188561073759228,0.0
0.4285523754078046,0.11224969254563101,0.0,0.41887388929663505,0.09477124943367453,0.0
0.41823373372411893,0.1293923825471782,0.0,0.4085557064914991,0.11188561073759228,0.0
0.41823373372411893,0.1293923825471782,0.0,0.39823699726593764,0.12902912407007228,0.0
0.41823373372411893,0.1293923825471782,0.0,0.40783631594694164,0.14636010372783895,0.0
0.34900483810124755,0.07722069924544059,0.0,0.3588836255513745,0.09369234104949624,0.0
0.34900483810124755,0.07722069924544059,0.0,0.35941635245570136,0.0648891486802324,0.0
0.31825628956480845,0.12724685449589787,0.0,0.3085727993957557,0.1100354921406681,0.0
0.31825628956480845,0.12724685449589787,0.0,0.3275052152269522,0.14339302552792843,0.0
0.6981854178343863,0.13459780156652712,0.0,0.7180920359819972,0.13489336673587837,0.0
0.909098884298071,0.08721982103081967,0.0,0.9180061440545495,0.10456638720465496,0.0
0.9180061440545495,0.10456638720465496,0.0,0.9275337157932185,0.12204632189347414,0.0
0.3085727993957557,0.1100354921406681,0.0,0.298894834319028,0.09252484631904132,0.0
0.3085727993957557,0.1100354921406681,0.0,0.2885762048282805,0.10966490899256878,0.0
0.6788177026934604,0.10020611411063811,0.0,0.6588207901664277,0.09989335395271251,0.0
0.7291095345131499,0.08327014235600014,0.0,0.7089816134713001,0.08336646817042595,0.0
0.2692201466678867,0.07464451593157834,0.0,0.28921073615280174,0.07501859534785892,0.0
0.2692201466678867,0.07464451593157834,0.0,0.27952741696188627,0.05762225613814582,0.0
0.2692201466678867,0.07464451593157834,0.0,0.25890153757949325,0.09178477110138866,0.0
0.2692201466678867,0.07464451593157834,0.0,0.2492234407465077,0.07427463551234469,0.0
0.2692201466678867,0.07464451593157834,0.0,0.27889819271931604,0.09215467725049747,0.0
0.2692201466678867,0.07464451593157834,0.0,0.2595409027392618,0.05719680280504168,0.0
0.28921073615280174,0.07501859534785892,0.0,0.27952741696188627,0.05762225613814582,0.0
0.28921073615280174,0.07501859534785892,0.0,0.298894834319028,0.09252484631904132,0.0
0.28921073615280174,0.07501859534785892,0.0,0.3092135230359315,0.07538431013011106,0.0
0.28921073615280174,0.07501859534785892,0.0,0.2994989151444846,0.05789887576083009,0.0
0.28921073615280174,0.07501859534785892,0.0,0.27889819271931604,0.09215467725049747,0.0
0.27952741696188627,0.05762225613814582,0.0,0.2994989151444846,0.05789887576083009,0.0
0.27952741696188627,0.05762225613814582,0.0,0.2595409027392618,0.05719680280504168,0.0
0.27952741696188627,0.05762225613814582,0.0,0.2898330699987807,0.04098021608119791,0.0
0.27952741696188627,0.05762225613814582,0.0,0.26985340523782186,0.04018945526136743,0.0
0.9275337157932185,0.12204632189347414,0.0,0.9179709810980141,0.13874975188303323,0.0
0.9179709810980141,0.13874975188303323,0.0,0.9080893638663048,0.15489334479454428,0.0
0.298894834319028,0.09252484631904132,0.0,0.3092135230359315,0.07538431013011106,0.0
0.298894834319028,0.09252484631904132,0.0,0.2885762048282805,0.10966490899256878,0.0
0.298894834319028,0.09252484631904132,0.0,0.27889819271931604,0.09215467725049747,0.0
0.3092135230359315,0.07538431013011106,0.0,0.2994989151444846,0.05789887576083009,0.0
0.3092135230359315,0.07538431013011106,0.0,0.3193124726914092,0.058392836300717454,0.0
0.25890153757949325,0.09178477110138866,0.0,0.2492234407465077,0.07427463551234469,0.0
0.25890153757949325,0.09178477110138866,0.0,0.2685795935798983,0.10929495954848895,0.0
0.25890153757949325,0.09178477110138866,0.0,0.23890487758639709,0.09141478937787022,0.0
0.25890153757949325,0.09178477110138866,0.0,0.27889819271931604,0.09215467725049747,0.0
0.25890153757949325,0.09178477110138866,0.0,0.2485829761808727,0.10892503324730521,0.0
0.2492234407465077,0.07427463551234469,0.0,0.23890487758639709,0.09141478937787022,0.0
0.2492234407465077,0.07427463551234469,0.0,0.22922673235002244,0.07390459623569517,0.0
0.2492234407465077,0.07427463551234469,0.0,0.23954529425117713,0.05676458100311169,0.0
0.2492234407465077,0.07427463551234469,0.0,0.2595409027392618,0.05719680280504168,0.0
0.2885762048282805,0.10966490899256878,0.0,0.2685795935798983,0.10929495954848895,0.0
0.2885762048282805,0.10966490899256878,0.0,0.2773762830871296,0.12613756400819734,0.0
0.2885762048282805,0.10966490899256878,0.0,0.27889819271931604,0.09215467725049747,0.0
0.2685795935798983,0.10929495954848895,0.0,0.2773762830871296,0.12613756400819734,0.0
0.2685795935798983,0.10929495954848895,0.0,0.27889819271931604,0.09215467725049747,0.0
0.2685795935798983,0.10929495954848895,0.0,0.2485829761808727,0.10892503324730521,0.0
0.2685795935798983,0.10929495954848895,0.0,0.25707384033797354,0.12559754744628607,0.0
0.2773762830871296,0.12613756400819734,0.0,0.25707384033797354,0.12559754744628607,0.0
0.2773762830871296,0.12613756400819734,0.0,0.26542370845405927,0.14180473834661303,0.0
0.4375998069564448,0.1638653444574205,0.0,0.4575997299533798,0.16405976042195997,0.0
0.4375998069564448,0.1638653444574205,0.0,0.44737241350862694,0.17625893613428642,0.0
0.2994989151444846,0.05789887576083009,0.0,0.3193124726914092,0.058392836300717454,0.0
0.2994989151444846,0.05789887576083009,0.0,0.3098019441379335,0.041283028746603286,0.0
0.2994989151444846,0.05789887576083009,0.0,0.2898330699987807,0.04098021608119791,0.0
0.17891575047546482,0.09025820010049188,0.0,0.18923347191840043,0.0731563935189783,0.0
0.17891575047546482,0.09025820010049188,0.0,0.169237058046708,0.07277144751654556,0.0
0.17891575047546482,0.09025820010049188,0.0,0.15891941421957698,0.08987113832756136,0.0
0.17891575047546482,0.09025820010049188,0.0,0.16860254882965378,0.10711621247191035,0.0
0.17891575047546482,0.09025820010049188,0.0,0.1989115581274373,0.09067435617846109,0.0
0.17891575047546482,0.09025820010049188,0.0,0.18859818269803053,0.10754006077156941,0.0
0.18923347191840043,0.0731563935189783,0.0,0.169237058046708,0.07277144751654556,0.0
0.18923347191840043,0.0731563935189783,0.0,0.19955082352686318,0.056076275435590885,0.0
0.18923347191840043,0.0731563935189783,0.0,0.20922989014524795,0.07354180173418663,0.0
0.18923347191840043,0.0731563935189783,0.0,0.1795566703510787,0.05584882574365762,0.0
0.18923347191840043,0.0731563935189783,0.0,0.1989115581274373,0.09067435617846109,0.0
0.169237058046708,0.07277144751654556,0.0,0.14924024859114662,0.07240899927702546,0.0
0.169237058046708,0.07277144751654556,0.0,0.15891941421957698,0.08987113832756136,0.0
0.169237058046708,0.07277144751654556,0.0,0.1795566703510787,0.05584882574365762,0.0
0.169237058046708,0.07277144751654556,0.0,0.15955840339469068,0.05528021173797074,0.0
0.13892203087562557,0.08954153477296799,0.0,0.14924024859114662,0.07240899927702546,0.0
0.13892203087562557,0.08954153477296799,0.0,0.12924349225437926,0.07204519340239272,0.0
0.13892203087562557,0.08954153477296799,0.0,0.15891941421957698,0.08987113832756136,0.0
0.13892203087562557,0.08954153477296799,0.0,0.14860108260681754,0.107008258696024,0.0
0.13892203087562557,0.08954153477296799,0.0,0.12860354238624597,0.10668821674027043,0.0
0.13892203087562557,0.08954153477296799,0.0,0.11892514418724448,0.08918614929387414,0.0
0.14924024859114662,0.07240899927702546,0.0,0.12924349225437926,0.07204519340239272,0.0
0.14924024859114662,0.07240899927702546,0.0,0.15891941421957698,0.08987113832756136,0.0
0.14924024859114662,0.07240899927702546,0.0,0.13956174547896766,0.054908946768172914,0.0
0.14924024859114662,0.07240899927702546,0.0,0.15955840339469068,0.05528021173797074,0.0
0.12924349225437926,0.07204519340239272,0.0,0.10924679086347952,0.07168031491230457,0.0
0.12924349225437926,0.07204519340239272,0.0,0.11940956348786615,0.05427276685472865,0.0
0.12924349225437926,0.07204519340239272,0.0,0.13956174547896766,0.054908946768172914,0.0
0.12924349225437926,0.07204519340239272,0.0,0.11892514418724448,0.08918614929387414,0.0
0.10924679086347952,0.07168031491230457,0.0,0.11940956348786615,0.05427276685472865,0.0
0.10924679086347952,0.07168031491230457,0.0,0.09893873201430672,0.05467131166904074,0.0
0.10924679086347952,0.07168031491230457,0.0,0.089145560399501,0.0714851032703868,0.0
0.10924679086347952,0.07168031491230457,0.0,0.09892848456479784,0.08881988035718148,0.0
0.10924679086347952,0.07168031491230457,0.0,0.11892514418724448,0.08918614929387414,0.0
0.11940956348786615,0.05427276685472865,0.0,0.09893873201430672,0.05467131166904074,0.0
0.11940956348786615,0.05427276685472865,0.0,0.13956174547896766,0.054908946768172914,0.0
0.09893873201430672,0.05467131166904074,0.0,0.089145560399501,0.0714851032703868,0.0
0.09893873201430672,0.05467131166904074,0.0,0.07957373859906397,0.05434844944850358,0.0
0.2285863566355536,0.10855496919415492,0.0,0.20858973551012952,0.10818474088665776,0.0
0.2285863566355536,0.10855496919415492,0.0,0.23890487758639709,0.09141478937787022,0.0
0.2285863566355536,0.10855496919415492,0.0,0.21890821643089556,0.09104465339899982,0.0
0.2285863566355536,0.10855496919415492,0.0,0.23732169265741712,0.12549913830207413,0.0
0.2285863566355536,0.10855496919415492,0.0,0.2485829761808727,0.10892503324730521,0.0
0.20858973551012952,0.10818474088665776,0.0,0.21890821643089556,0.09104465339899982,0.0
0.20858973551012952,0.10818474088665776,0.0,0.1989115581274373,0.09067435617846109,0.0
0.20858973551012952,0.10818474088665776,0.0,0.18859818269803053,0.10754006077156941,0.0
0.089145560399501,0.0714851032703868,0.0,0.09892848456479784,0.08881988035718148,0.0
0.089145560399501,0.0714851032703868,0.0,0.07893191338543176,0.08845044927984282,0.0
0.089145560399501,0.0714851032703868,0.0,0.06925370587078314,0.07094026070283466,0.0
0.089145560399501,0.0714851032703868,0.0,0.07957373859906397,0.05434844944850358,0.0
0.21954853572844243,0.05639445446189428,0.0,0.19955082352686318,0.056076275435590885,0.0
0.21954853572844243,0.05639445446189428,0.0,0.20922989014524795,0.07354180173418663,0.0
0.21954853572844243,0.05639445446189428,0.0,0.22922673235002244,0.07390459623569517,0.0
0.21954853572844243,0.05639445446189428,0.0,0.22986709450360168,0.03925457796893087,0.0
0.21954853572844243,0.05639445446189428,0.0,0.20986436751043483,0.03920470583396761,0.0
0.21954853572844243,0.05639445446189428,0.0,0.23954529425117713,0.05676458100311169,0.0
0.19955082352686318,0.056076275435590885,0.0,0.20922989014524795,0.07354180173418663,0.0
0.19955082352686318,0.056076275435590885,0.0,0.1795566703510787,0.05584882574365762,0.0
0.19955082352686318,0.056076275435590885,0.0,0.20986436751043483,0.03920470583396761,0.0
0.19955082352686318,0.056076275435590885,0.0,0.1898593867123963,0.03951305981160238,0.0
0.20922989014524795,0.07354180173418663,0.0,0.21890821643089556,0.09104465339899982,0.0
0.20922989014524795,0.07354180173418663,0.0,0.22922673235002244,0.07390459623569517,0.0
0.20922989014524795,0.07354180173418663,0.0,0.1989115581274373,0.09067435617846109,0.0
0.3583166361668216,0.12816550824455286,0.0,0.36856156741896345,0.11119983861007987,0.0
0.3583166361668216,0.12816550824455286,0.0,0.37824056222232993,0.12865171729592262,0.0
0.3583166361668216,0.12816550824455286,0.0,0.3475714606432521,0.14449409191761378,0.0
0.23890487758639709,0.09141478937787022,0.0,0.21890821643089556,0.09104465339899982,0.0
0.23890487758639709,0.09141478937787022,0.0,0.22922673235002244,0.07390459623569517,0.0
0.23890487758639709,0.09141478937787022,0.0,0.2485829761808727,0.10892503324730521,0.0
0.21890821643089556,0.09104465339899982,0.0,0.22922673235002244,0.07390459623569517,0.0
0.21890821643089556,0.09104465339899982,0.0,0.1989115581274373,0.09067435617846109,0.0
0.22922673235002244,0.07390459623569517,0.0,0.23954529425117713,0.05676458100311169,0.0
0.23732169265741712,0.12549913830207413,0.0,0.2485829761808727,0.10892503324730521,0.0
0.23732169265741712,0.12549913830207413,0.0,0.25707384033797354,0.12559754744628607,0.0
0.23732169265741712,0.12549913830207413,0.0,0.2453322705492756,0.14172095936990278,0.0
0.15891941421957698,0.08987113832756136,0.0,0.14860108260681754,0.107008258696024,0.0
0.15891941421957698,0.08987113832756136,0.0,0.16860254882965378,0.10711621247191035,0.0
0.14860108260681754,0.107008258696024,0.0,0.16860254882965378,0.10711621247191035,0.0
0.14860108260681754,0.107008258696024,0.0,0.12860354238624597,0.10668821674027043,0.0
0.13956174547896766,0.054908946768172914,0.0,0.15955840339469068,0.05528021173797074,0.0
0.13956174547896766,0.054908946768172914,0.0,0.14998354083810966,0.039031233279725075,0.0
0.07829172703288037,0.12310099139346978,0.0,0.09845329568044346,0.1222665744582351,0.0
0.07829172703288037,0.12310099139346978,0.0,0.08861012566702124,0.10596048469389253,0.0
0.07829172703288037,0.12310099139346978,0.0,0.06861355673446388,0.10559056955269362,0.0
0.07829172703288037,0.12310099139346978,0.0,0.06797329149926153,0.14024094633099454,0.0
0.07829172703288037,0.12310099139346978,0.0,0.058295152884034813,0.12273065989482818,0.0
0.09845329568044346,0.1222665744582351,0.0,0.08861012566702124,0.10596048469389253,0.0
0.09845329568044346,0.1222665744582351,0.0,0.10860674776538393,0.1063285407040515,0.0
0.09845329568044346,0.1222665744582351,0.0,0.11829377075221999,0.12336185094559222,0.0
0.09845329568044346,0.1222665744582351,0.0,0.10899159621191445,0.1367262815335474,0.0
0.04797670290461546,0.13987052840349828,0.0,0.05766052843374264,0.15707137528107287,0.0
0.04797670290461546,0.13987052840349828,0.0,0.06797329149926153,0.14024094633099454,0.0
0.04797670290461546,0.13987052840349828,0.0,0.058295152884034813,0.12273065989482818,0.0
0.05766052843374264,0.15707137528107287,0.0,0.06797329149926153,0.14024094633099454,0.0
0.6478910975141579,0.15006307899175264,0.0,0.627886511623598,0.15012165975000655,0.0
0.6478910975141579,0.15006307899175264,0.0,0.6381960791244312,0.13346153838374986,0.0
0.6478910975141579,0.15006307899175264,0.0,0.6587574925785695,0.16411751927281137,0.0
0.627886511623598,0.15012165975000655,0.0,0.6381960791244312,0.13346153838374986,0.0
0.627886511623598,0.15012165975000655,0.0,0.61821404098246,0.13305316199562564,0.0
0.627886511623598,0.15012165975000655,0.0,0.60789605211497,0.14981280467693578,0.0
0.05893538597797372,0.08808025451854098,0.0,0.04968603945823451,0.07053536255403954,0.0
0.05893538597797372,0.08808025451854098,0.0,0.07893191338543176,0.08845044927984282,0.0
0.05893538597797372,0.08808025451854098,0.0,0.06861355673446388,0.10559056955269362,0.0
0.05893538597797372,0.08808025451854098,0.0,0.04861701361107639,0.10522035984778323,0.0
0.05893538597797372,0.08808025451854098,0.0,0.06925370587078314,0.07094026070283466,0.0
0.04968603945823451,0.07053536255403954,0.0,0.06925370587078314,0.07094026070283466,0.0
0.04968603945823451,0.07053536255403954,0.0,0.059631737940692084,0.05424927564022059,0.0
0.39887312274282155,0.09462959696405916,0.0,0.3885584114020982,0.11155517786950934,0.0
0.39887312274282155,0.09462959696405916,0.0,0.3788757250350907,0.09430477607204771,0.0
0.39887312274282155,0.09462959696405916,0.0,0.4085557064914991,0.11188561073759228,0.0
0.39887312274282155,0.09462959696405916,0.0,0.41887388929663505,0.09477124943367453,0.0
0.3885584114020982,0.11155517786950934,0.0,0.3788757250350907,0.09430477607204771,0.0
0.3885584114020982,0.11155517786950934,0.0,0.36856156741896345,0.11119983861007987,0.0
0.3885584114020982,0.11155517786950934,0.0,0.37824056222232993,0.12865171729592262,0.0
0.3885584114020982,0.11155517786950934,0.0,0.4085557064914991,0.11188561073759228,0.0
0.3885584114020982,0.11155517786950934,0.0,0.39823699726593764,0.12902912407007228,0.0
0.3788757250350907,0.09430477607204771,0.0,0.36856156741896345,0.11119983861007987,0.0
0.3788757250350907,0.09430477607204771,0.0,0.3588836255513745,0.09369234104949624,0.0
0.36856156741896345,0.11119983861007987,0.0,0.37824056222232993,0.12865171729592262,0.0
0.36856156741896345,0.11119983861007987,0.0,0.3588836255513745,0.09369234104949624,0.0
0.37824056222232993,0.12865171729592262,0.0,0.39823699726593764,0.12902912407007228,0.0
0.37824056222232993,0.12865171729592262,0.0,0.3879243647549453,0.14615959380985583,0.0
0.16860254882965378,0.10711621247191035,0.0,0.18859818269803053,0.10754006077156941,0.0
0.09892848456479784,0.08881988035718148,0.0,0.08861012566702124,0.10596048469389253,0.0
0.09892848456479784,0.08881988035718148,0.0,0.07893191338543176,0.08845044927984282,0.0
0.09892848456479784,0.08881988035718148,0.0,0.11892514418724448,0.08918614929387414,0.0
0.09892848456479784,0.08881988035718148,0.0,0.10860674776538393,0.1063285407040515,0.0
0.08861012566702124,0.10596048469389253,0.0,0.07893191338543176,0.08845044927984282,0.0
0.08861012566702124,0.10596048469389253,0.0,0.06861355673446388,0.10559056955269362,0.0
0.08861012566702124,0.10596048469389253,0.0,0.10860674776538393,0.1063285407040515,0.0
0.07893191338543176,0.08845044927984282,0.0,0.06861355673446388,0.10559056955269362,0.0
0.07893191338543176,0.08845044927984282,0.0,0.06925370587078314,0.07094026070283466,0.0
0.06861355673446388,0.10559056955269362,0.0,0.04861701361107639,0.10522035984778323,0.0
0.06861355673446388,0.10559056955269362,0.0,0.058295152884034813,0.12273065989482818,0.0
0.1795566703510787,0.05584882574365762,0.0,0.15955840339469068,0.05528021173797074,0.0
0.1795566703510787,0.05584882574365762,0.0,0.16988678540596525,0.03929462127512043,0.0
0.1795566703510787,0.05584882574365762,0.0,0.1898593867123963,0.03951305981160238,0.0
0.04861701361107639,0.10522035984778323,0.0,0.058295152884034813,0.12273065989482818,0.0
0.22986709450360168,0.03925457796893087,0.0,0.20986436751043483,0.03920470583396761,0.0
0.22986709450360168,0.03925457796893087,0.0,0.23954529425117713,0.05676458100311169,0.0
0.22986709450360168,0.03925457796893087,0.0,0.24985700182441908,0.03999828239027057,0.0
0.20986436751043483,0.03920470583396761,0.0,0.1898593867123963,0.03951305981160238,0.0
0.20986436751043483,0.03920470583396761,0.0,0.19992547184358772,0.024334276150004785,0.0
0.23954529425117713,0.05676458100311169,0.0,0.2595409027392618,0.05719680280504168,0.0
0.23954529425117713,0.05676458100311169,0.0,0.24985700182441908,0.03999828239027057,0.0
0.3193124726914092,0.058392836300717454,0.0,0.3098019441379335,0.041283028746603286,0.0
0.3098019441379335,0.041283028746603286,0.0,0.2898330699987807,0.04098021608119791,0.0
0.4388705210245763,0.09513612930642708,0.0,0.4588673977921275,0.09548322848374381,0.0
0.4388705210245763,0.09513612930642708,0.0,0.41887388929663505,0.09477124943367453,0.0
0.4588673977921275,0.09548322848374381,0.0,0.4685460489382322,0.11298912479044623,0.0
0.4588673977921275,0.09548322848374381,0.0,0.46917768039586016,0.0783411448283647,0.0
0.12860354238624597,0.10668821674027043,0.0,0.11892514418724448,0.08918614929387414,0.0
0.12860354238624597,0.10668821674027043,0.0,0.10860674776538393,0.1063285407040515,0.0
0.12860354238624597,0.10668821674027043,0.0,0.11829377075221999,0.12336185094559222,0.0
0.11892514418724448,0.08918614929387414,0.0,0.10860674776538393,0.1063285407040515,0.0
0.06925370587078314,0.07094026070283466,0.0,0.059631737940692084,0.05424927564022059,0.0
0.06925370587078314,0.07094026070283466,0.0,0.07957373859906397,0.05434844944850358,0.0
0.06797329149926153,0.14024094633099454,0.0,0.058295152884034813,0.12273065989482818,0.0
0.059631737940692084,0.05424927564022059,0.0,0.07957373859906397,0.05434844944850358,0.0
0.6381960791244312,0.13346153838374986,0.0,0.61821404098246,0.13305316199562564,0.0
0.2595409027392618,0.05719680280504168,0.0,0.24985700182441908,0.03999828239027057,0.0
0.2595409027392618,0.05719680280504168,0.0,0.26985340523782186,0.04018945526136743,0.0
0.4085557064914991,0.11188561073759228,0.0,0.41887388929663505,0.09477124943367453,0.0
0.4085557064914991,0.11188561073759228,0.0,0.39823699726593764,0.12902912407007228,0.0
0.1989115581274373,0.09067435617846109,0.0,0.18859818269803053,0.10754006077156941,0.0
0.10860674776538393,0.1063285407040515,0.0,0.11829377075221999,0.12336185094559222,0.0
0.11829377075221999,0.12336185094559222,0.0,0.10899159621191445,0.1367262815335474,0.0
0.11829377075221999,0.12336185094559222,0.0,0.1274345510980966,0.13526521390427942,0.0
0.15955840339469068,0.05528021173797074,0.0,0.14998354083810966,0.039031233279725075,0.0
0.15955840339469068,0.05528021173797074,0.0,0.16988678540596525,0.03929462127512043,0.0
0.14998354083810966,0.039031233279725075,0.0,0.16988678540596525,0.03929462127512043,0.0
0.14998354083810966,0.039031233279725075,0.0,0.14102359754589547,0.02603814053940692,0.0
0.14998354083810966,0.039031233279725075,0.0,0.15970089970711956,0.025706408855400445,0.0
0.16988678540596525,0.03929462127512043,0.0,0.1898593867123963,0.03951305981160238,0.0
0.16988678540596525,0.03929462127512043,0.0,0.17945533829087956,0.024802271740399767,0.0
0.16988678540596525,0.03929462127512043,0.0,0.15970089970711956,0.025706408855400445,0.0
0.2485829761808727,0.10892503324730521,0.0,0.25707384033797354,0.12559754744628607,0.0
0.24985700182441908,0.03999828239027057,0.0,0.26985340523782186,0.04018945526136743,0.0
0.39823699726593764,0.12902912407007228,0.0,0.3879243647549453,0.14615959380985583,0.0
0.39823699726593764,0.12902912407007228,0.0,0.40783631594694164,0.14636010372783895,0.0
0.25707384033797354,0.12559754744628607,0.0,0.2453322705492756,0.14172095936990278,0.0
0.25707384033797354,0.12559754744628607,0.0,0.26542370845405927,0.14180473834661303,0.0
0.1898593867123963,0.03951305981160238,0.0,0.19992547184358772,0.024334276150004785,0.0
0.1898593867123963,0.03951305981160238,0.0,0.17945533829087956,0.024802271740399767,0.0
0.3879243647549453,0.14615959380985583,0.0,0.40783631594694164,0.14636010372783895,0.0
0.2898330699987807,0.04098021608119791,0.0,0.26985340523782186,0.04018945526136743,0.0
0.5878919901778544,0.14978689413119567,0.0,0.60789605211497,0.14981280467693578,0.0
0.5878919901778544,0.14978689413119567,0.0,0.5782683955533863,0.13226722921680878,0.0
0.5878919901778544,0.14978689413119567,0.0,0.567887853335845,0.14948931632220946,0.0
0.61821404098246,0.13305316199562564,0.0,0.60789605211497,0.14981280467693578,0.0
0.4575997299533798,0.16405976042195997,0.0,0.44737241350862694,0.17625893613428642,0.0
0.4575997299533798,0.16405976042195997,0.0,0.46736082877138724,0.17707159289514376,0.0
1.0,0.08994873499020924,0.0,1.0,0.06993978137222279,0.0
1.0,0.08994873499020924,0.0,0.9827807786077346,0.08008345125031116,0.0
1.0,0.04993069810961643,0.0,1.0,0.06993978137222279,0.0
1.0,0.04993069810961643,0.0,0.9832149632452827,0.06086282089765521,0.0
1.0,0.04993069810961643,0.0,1.0,0.02992146141699466,0.0
1.0,0.06993978137222279,0.0,0.9832149632452827,0.06086282089765521,0.0
1.0,0.06993978137222279,0.0,0.9827807786077346,0.08008345125031116,0.0
0.9832149632452827,0.06086282089765521,0.0,0.9827807786077346,0.08008345125031116,0.0
0.5782683955533863,0.13226722921680878,0.0,0.567887853335845,0.14948931632220946,0.0
0.567887853335845,0.14948931632220946,0.0,0.5478967491145734,0.14904810556162115,0.0
0.567887853335845,0.14948931632220946,0.0,0.5574400894902444,0.16495799997045746,0.0
0.49757954325187304,0.1655184191486222,0.0,0.487343164921115,0.17821343368632436,0.0
0.49757954325187304,0.1655184191486222,0.0,0.5074984744930214,0.17868297334491415,0.0
0.5382304905243753,0.13159905250907775,0.0,0.5478967491145734,0.14904810556162115,0.0
0.5478967491145734,0.14904810556162115,0.0,0.5574400894902444,0.16495799997045746,0.0
0.5574400894902444,0.16495799997045746,0.0,0.5649922306465717,0.17851733076432327,0.0
0.5574400894902444,0.16495799997045746,0.0,0.5473786119936114,0.17864128802714174,0.0
0.46917768039586016,0.0783411448283647,0.0,0.47948375149769307,0.06121386941581252,0.0
0.12108700448300076,0.1496934491246089,0.0,0.10899159621191445,0.1367262815335474,0.0
0.12108700448300076,0.1496934491246089,0.0,0.1274345510980966,0.13526521390427942,0.0
0.917968756354312,0.03902651528930296,0.0,0.9097736444880858,0.021268751759855625,0.0
0.917968756354312,0.03902651528930296,0.0,0.9295452889338153,0.023387405485075924,0.0
0.9097736444880858,0.021268751759855625,0.0,0.9295452889338153,0.023387405485075924,0.0
0.9097736444880858,0.021268751759855625,0.0,0.9018976546257274,0.0032278069949472975,0.0
0.9097736444880858,0.021268751759855625,0.0,0.9214529686065688,0.0054233111472742805,0.0
0.14496587062166236,0.18028414954954042,0.0,0.1372078753933555,0.1984719233079192,0.0
0.14496587062166236,0.18028414954954042,0.0,0.1567512396874989,0.1961150489967212,0.0
0.9295452889338153,0.023387405485075924,0.0,0.9214529686065688,0.0054233111472742805,0.0
0.2549212071454445,0.1900191158946087,0.0,0.2352375608496372,0.1901715774166525,0.0
0.2352375608496372,0.1901715774166525,0.0,0.2155675444190997,0.1909215933815534,0.0
0.49032809727850246,0.009838170843132767,0.0,0.5100053020399721,0.009833003931491557,0.0
0.5100053020399721,0.009833003931491557,0.0,0.5296731741613401,0.009224717622884746,0.0
0.020008157049365247,0.009597506667132018,0.0,0.03966481696635933,0.00869517095528744,0.0
0.020008157049365247,0.009597506667132018,0.0,0.00033344327003306264,0.00991185699654157,0.0
0.020008157049365247,0.009597506667132018,0.0,0.014572498386681669,0.023904769250146108,0.0
0.03966481696635933,0.00869517095528744,0.0,0.05929017572108284,0.007262292830744287,0.0
0.10578083627407277,0.18550254028059732,0.0,0.1176755593694548,0.2009191173322832,0.0
0.10578083627407277,0.18550254028059732,0.0,0.09813655032930213,0.2033120093872453,0.0
0.2155675444190997,0.1909215933815534,0.0,0.1959260328513177,0.1922212147213933,0.0
0.5296731741613401,0.009224717622884746,0.0,0.5493156839161513,0.008052279974837977,0.0
0.1176755593694548,0.2009191173322832,0.0,0.1372078753933555,0.1984719233079192,0.0
0.1176755593694548,0.2009191173322832,0.0,0.09813655032930213,0.2033120093872453,0.0
0.1372078753933555,0.1984719233079192,0.0,0.1567512396874989,0.1961150489967212,0.0
3.334444814934153e-05,0.189991764369241,0.0,0.014343846786394037,0.17475159513480001,0.0
3.334444814934153e-05,0.189991764369241,0.0,0.011954381714285317,0.1977510832301216,0.0
3.334444814934153e-05,0.189991764369241,0.0,1.052257724067319e-24,0.21,0.0
0.1959260328513177,0.1922212147213933,0.0,0.1763208908223542,0.1939886762133007,0.0
0.6861187615548019,0.1930527247722307,0.0,0.6724328586731012,0.17773730271838936,0.0
0.6861187615548019,0.1930527247722307,0.0,0.6665320285254098,0.1950146595390509,0.0
0.6724328586731012,0.17773730271838936,0.0,0.6665320285254098,0.1950146595390509,0.0
0.6724328586731012,0.17773730271838936,0.0,0.6531431995528512,0.18097904052169148,0.0
0.6724328586731012,0.17773730271838936,0.0,0.6587574925785695,0.16411751927281137,0.0
0.3530228816138251,0.1972732469543295,0.0,0.3725585682950345,0.1996932487804034,0.0
0.1763208908223542,0.1939886762133007,0.0,0.1567512396874989,0.1961150489967212,0.0
0.6079079889629149,0.2021313692806051,0.0,0.6274414338011367,0.1996932485171144,0.0
0.6079079889629149,0.2021313692806051,0.0,0.5883592993452134,0.204443428867555,0.0
0.6274414338011367,0.1996932485171144,0.0,0.6469771203754761,0.1972732467138197,0.0
0.8823244412923026,0.2009191174150899,0.0,0.901863450217593,0.2033120094520914,0.0
0.8823244412923026,0.2009191174150899,0.0,0.8772077156207636,0.18707678941690825,0.0
0.901863450217593,0.2033120094520914,0.0,0.921425379683128,0.2055086350647987,0.0
0.6469771203754761,0.1972732467138197,0.0,0.6665320285254098,0.1950146595390509,0.0
0.6469771203754761,0.1972732467138197,0.0,0.6531431995528512,0.18097904052169148,0.0
0.6665320285254098,0.1950146595390509,0.0,0.6531431995528512,0.18097904052169148,0.0
0.6531431995528512,0.18097904052169148,0.0,0.6587574925785695,0.16411751927281137,0.0
0.07857462076905876,0.2055086350173741,0.0,0.09813655032930213,0.2033120093872453,0.0
0.07857462076905876,0.2055086350173741,0.0,0.05897878113556556,0.2073769316422593,0.0
0.4312186625324201,0.2064914855210821,0.0,0.4508331653730723,0.2081512657305875,0.0
0.4312186625324201,0.2064914855210821,0.0,0.4400157723582747,0.19163253983035763,0.0
0.568781339891721,0.2064914852893641,0.0,0.5883592993452134,0.204443428867555,0.0
0.568781339891721,0.2064914852893641,0.0,0.5491668371792392,0.2081512655447921,0.0
0.568781339891721,0.2064914852893641,0.0,0.557577381517431,0.1908080751271359,0.0
0.921425379683128,0.2055086350647987,0.0,0.9410212191544387,0.2073769316668632,0.0
0.9410212191544387,0.2073769316668632,0.0,0.9509069199490849,0.19540218465103135,0.0
0.03934595430376511,0.2088023656195966,0.0,0.05897878113556556,0.2073769316422593,0.0
0.03934595430376511,0.2088023656195966,0.0,0.01968189381931244,0.2096956954280177,0.0
0.4508331653730723,0.2081512657305875,0.0,0.4704828605194097,0.2093199306346598,0.0
0.4508331653730723,0.2081512657305875,0.0,0.4598828250706011,0.1924622403782659,0.0
0.4508331653730723,0.2081512657305875,0.0,0.4400157723582747,0.19163253983035763,0.0
0.4704828605194097,0.2093199306346598,0.0,0.4598828250706011,0.1924622403782659,0.0
0.4704828605194097,0.2093199306346598,0.0,0.4901578846305079,0.2099236141418919,0.0
0.4704828605194097,0.2093199306346598,0.0,0.47905696875245524,0.19346578524233107,0.0
0.4598828250706011,0.1924622403782659,0.0,0.4400157723582747,0.19163253983035763,0.0
0.4598828250706011,0.1924622403782659,0.0,0.44737241350862694,0.17625893613428642,0.0
0.4598828250706011,0.1924622403782659,0.0,0.47905696875245524,0.19346578524233107,0.0
0.4598828250706011,0.1924622403782659,0.0,0.46736082877138724,0.17707159289514376,0.0
0.5295171421655228,0.2093199305123607,0.0,0.5491668371792392,0.2081512655447921,0.0
0.5295171421655228,0.2093199305123607,0.0,0.5383415537595113,0.19246654897995397,0.0
0.5295171421655228,0.2093199305123607,0.0,0.5098421182743784,0.209923614096859,0.0
0.5295171421655228,0.2093199305123607,0.0,0.5185821860454553,0.19382517773719798,0.0
0.5491668371792392,0.2081512655447921,0.0,0.5383415537595113,0.19246654897995397,0.0
0.5491668371792392,0.2081512655447921,0.0,0.557577381517431,0.1908080751271359,0.0
0.5383415537595113,0.19246654897995397,0.0,0.557577381517431,0.1908080751271359,0.0
0.5383415537595113,0.19246654897995397,0.0,0.5185821860454553,0.19382517773719798,0.0
0.5383415537595113,0.19246654897995397,0.0,0.5274550111808315,0.1790512173918698,0.0
0.5383415537595113,0.19246654897995397,0.0,0.5473786119936114,0.17864128802714174,0.0
0.4901578846305079,0.2099236141418919,0.0,0.5098421182743784,0.209923614096859,0.0
0.4901578846305079,0.2099236141418919,0.0,0.4991142767284134,0.19380408954248288,0.0
0.4901578846305079,0.2099236141418919,0.0,0.47905696875245524,0.19346578524233107,0.0
0.5098421182743784,0.209923614096859,0.0,0.4991142767284134,0.19380408954248288,0.0
0.5098421182743784,0.209923614096859,0.0,0.5185821860454553,0.19382517773719798,0.0
0.4991142767284134,0.19380408954248288,0.0,0.47905696875245524,0.19346578524233107,0.0
0.4991142767284134,0.19380408954248288,0.0,0.5185821860454553,0.19382517773719798,0.0
0.4991142767284134,0.19380408954248288,0.0,0.487343164921115,0.17821343368632436,0.0
0.4991142767284134,0.19380408954248288,0.0,0.5074984744930214,0.17868297334491415,0.0
0.11796571364937947,0.0007945281390522874,0.0,0.13749164024935023,-0.0016515750502365902,0.0
0.11796571364937947,0.0007945281390522874,0.0,0.09843347137341837,0.0031885225024210146,0.0
0.13749164024935023,-0.0016515750502365902,0.0,0.15702895656318797,-0.004005322482734265,0.0
0.13749164024935023,-0.0016515750502365902,0.0,0.14927129194504699,0.013868675710941638,0.0
0.3727679275298746,-0.00036872955956579023,0.0,0.35323873809644096,-0.002788902269098751,0.0
0.8823651547698966,0.0008359356608184016,0.0,0.9018976546257274,0.0032278069949472975,0.0
0.9018976546257274,0.0032278069949472975,0.0,0.9214529686065688,0.0054233111472742805,0.0
0.33369041865092075,-0.005049306922170091,0.0,0.35323873809644096,-0.002788902269098751,0.0
0.33369041865092075,-0.005049306922170091,0.0,0.31411032705054076,-0.007014709222313843,0.0
0.07887865396226215,0.005388491107038576,0.0,0.09843347137341837,0.0031885225024210146,0.0
0.07887865396226215,0.005388491107038576,0.0,0.05929017572108284,0.007262292830744287,0.0
0.15702895656318797,-0.004005322482734265,0.0,0.17659280261434948,-0.006126787595601072,0.0
0.15702895656318797,-0.004005322482734265,0.0,0.16858490922653857,0.011203432212470813,0.0
0.15702895656318797,-0.004005322482734265,0.0,0.14927129194504699,0.013868675710941638,0.0
0.17659280261434948,-0.006126787595601072,0.0,0.16858490922653857,0.011203432212470813,0.0
0.17659280261434948,-0.006126787595601072,0.0,0.19619225355741798,-0.007887907904952756,0.0
0.17659280261434948,-0.006126787595601072,0.0,0.18822955058556015,0.009032927509231707,0.0
0.16858490922653857,0.011203432212470813,0.0,0.14927129194504699,0.013868675710941638,0.0
0.16858490922653857,0.011203432212470813,0.0,0.18822955058556015,0.009032927509231707,0.0
0.16858490922653857,0.011203432212470813,0.0,0.17945533829087956,0.024802271740399767,0.0
0.16858490922653857,0.011203432212470813,0.0,0.15970089970711956,0.025706408855400445,0.0
0.2944931714144523,-0.008565356162825617,0.0,0.31411032705054076,-0.007014709222313843,0.0
0.2944931714144523,-0.008565356162825617,0.0,0.27484243346300197,-0.00960475055282899,0.0
0.19619225355741798,-0.007887907904952756,0.0,0.21582804566033492,-0.009180184830786529,0.0
0.19619225355741798,-0.007887907904952756,0.0,0.20774353951247182,0.007957001837578165,0.0
0.19619225355741798,-0.007887907904952756,0.0,0.18822955058556015,0.009032927509231707,0.0
0.21582804566033492,-0.009180184830786529,0.0,0.20774353951247182,0.007957001837578165,0.0
0.21582804566033492,-0.009180184830786529,0.0,0.2354921944089984,-0.009922347802388879,0.0
0.20774353951247182,0.007957001837578165,0.0,0.18822955058556015,0.009032927509231707,0.0
0.20774353951247182,0.007957001837578165,0.0,0.19992547184358772,0.024334276150004785,0.0
0.9803251266872849,0.009607841411375282,0.0,1.0,0.009911944535426384,0.0
0.9803251266872849,0.009607841411375282,0.0,0.985562726874151,0.024172714572580366,0.0
0.2354921944089984,-0.009922347802388879,0.0,0.2551697520652895,-0.010066973318662789,0.0
0.2551697520652895,-0.010066973318662789,0.0,0.27484243346300197,-0.00960475055282899,0.0
1.0,0.02992146141699466,0.0,1.0,0.009911944535426384,0.0
1.0,0.02992146141699466,0.0,0.985562726874151,0.024172714572580366,0.0
0.01968189381931244,0.2096956954280177,0.0,0.011954381714285317,0.1977510832301216,0.0
0.01968189381931244,0.2096956954280177,0.0,1.052257724067319e-24,0.21,0.0
0.6349854279043803,0.06919888729003792,0.0,0.6277844697370991,0.08555782954436228,0.0
0.14927129194504699,0.013868675710941638,0.0,0.14102359754589547,0.02603814053940692,0.0
0.14927129194504699,0.013868675710941638,0.0,0.15970089970711956,0.025706408855400445,0.0
0.4400157723582747,0.19163253983035763,0.0,0.44737241350862694,0.17625893613428642,0.0
0.44737241350862694,0.17625893613428642,0.0,0.46736082877138724,0.17707159289514376,0.0
0.011954381714285317,0.1977510832301216,0.0,1.052257724067319e-24,0.21,0.0
0.18822955058556015,0.009032927509231707,0.0,0.19992547184358772,0.024334276150004785,0.0
0.18822955058556015,0.009032927509231707,0.0,0.17945533829087956,0.024802271740399767,0.0
0.557577381517431,0.1908080751271359,0.0,0.5649922306465717,0.17851733076432327,0.0
0.557577381517431,0.1908080751271359,0.0,0.5473786119936114,0.17864128802714174,0.0
0.3475714606432521,0.14449409191761378,0.0,0.3275052152269522,0.14339302552792843,0.0
0.47905696875245524,0.19346578524233107,0.0,0.487343164921115,0.17821343368632436,0.0
0.47905696875245524,0.19346578524233107,0.0,0.46736082877138724,0.17707159289514376,0.0
0.5185821860454553,0.19382517773719798,0.0,0.5074984744930214,0.17868297334491415,0.0
0.5185821860454553,0.19382517773719798,0.0,0.5274550111808315,0.1790512173918698,0.0
0.2453322705492756,0.14172095936990278,0.0,0.26542370845405927,0.14180473834661303,0.0
0.487343164921115,0.17821343368632436,0.0,0.46736082877138724,0.17707159289514376,0.0
0.487343164921115,0.17821343368632436,0.0,0.5074984744930214,0.17868297334491415,0.0
0.19992547184358772,0.024334276150004785,0.0,0.17945533829087956,0.024802271740399767,0.0
1.0,0.009911944535426384,0.0,0.985562726874151,0.024172714572580366,0.0
0.00033344327003306264,0.00991185699654157,0.0,0.014572498386681669,0.023904769250146108,0.0
0.10899159621191445,0.1367262815335474,0.0,0.1274345510980966,0.13526521390427942,0.0
0.6277844697370991,0.08555782954436228,0.0,0.6084375387886989,0.08512746715911992,0.0
0.17945533829087956,0.024802271740399767,0.0,0.15970089970711956,0.025706408855400445,0.0
0.5074984744930214,0.17868297334491415,0.0,0.5274550111808315,0.1790512173918698,0.0
0.5649922306465717,0.17851733076432327,0.0,0.5473786119936114,0.17864128802714174,0.0
0.5274550111808315,0.1790512173918698,0.0,0.5473786119936114,0.17864128802714174,0.0
0.14102359754589547,0.02603814053940692,0.0,0.15970089970711956,0.025706408855400445,0.0
