start:0,start:1,start:2,end:0,end:1,end:2
0.7928150411827185,0.010567309965375648,0.0,0.8007621322879591,0.03162973606113252,0.0
0.7928150411827185,0.010567309965375648,0.0,0.780690624238988,0.031209258116405948,0.0
0.7928150411827185,0.010567309965375648,0.0,0.7845050326772848,-0.009173841742829671,0.0
0.7928150411827185,0.010567309965375648,0.0,0.7734262027747,0.011366595731197889,0.0
0.7928150411827185,0.010567309965375648,0.0,0.8041402956424927,-0.007872856191307178,0.0
0.7928150411827185,0.010567309965375648,0.0,0.8121649684687332,0.012995343709964175,0.0
0.8007621322879591,0.03162973606113252,0.0,0.780690624238988,0.031209258116405948,0.0
0.8007621322879591,0.03162973606113252,0.0,0.8121649684687332,0.012995343709964175,0.0
0.8007621322879591,0.03162973606113252,0.0,0.820087658575604,0.03283251892092947,0.0
0.8007621322879591,0.03162973606113252,0.0,0.7898801042008161,0.0494760696972636,0.0
0.8007621322879591,0.03162973606113252,0.0,0.809765918596067,0.04998639253257431,0.0
0.780690624238988,0.031209258116405948,0.0,0.7734262027747,0.011366595731197889,0.0
0.780690624238988,0.031209258116405948,0.0,0.7708737076456951,0.04901071270733947,0.0
0.780690624238988,0.031209258116405948,0.0,0.7605861007281901,0.03018331427473324,0.0
0.780690624238988,0.031209258116405948,0.0,0.7898801042008161,0.0494760696972636,0.0
0.6934933378770723,0.17132140073854213,0.0,0.6878673788957503,0.15171109267755034,0.0
0.6934933378770723,0.17132140073854213,0.0,0.7078639413571446,0.1520816664916741,0.0
0.6934933378770723,0.17132140073854213,0.0,0.7155546190523195,0.17161856381770083,0.0
0.6934933378770723,0.17132140073854213,0.0,0.7057425391897695,0.1915070909240959,0.0
0.6934933378770723,0.17132140073854213,0.0,0.6772547717111049,0.16267914012127763,0.0
0.6934933378770723,0.17132140073854213,0.0,0.6861187615548019,0.1930527247722307,0.0
0.6934933378770723,0.17132140073854213,0.0,0.6724328695628605,0.17773634229734261,0.0
0.6878673788957503,0.15171109267755034,0.0,0.7078639413571446,0.1520816664916741,0.0
0.6878673788957503,0.15171109267755034,0.0,0.6772547717111049,0.16267914012127763,0.0
0.6878673788957503,0.15171109267755034,0.0,0.6781890615016739,0.13421183603783274,0.0
0.6878673788957503,0.15171109267755034,0.0,0.6678798427412282,0.15085141261005258,0.0
0.6878673788957503,0.15171109267755034,0.0,0.698185420095416,0.1345944728960414,0.0
0.7078639413571446,0.1520816664916741,0.0,0.7155546190523195,0.17161856381770083,0.0
0.7078639413571446,0.1520816664916741,0.0,0.7273261601497861,0.15297203554252314,0.0
0.7078639413571446,0.1520816664916741,0.0,0.698185420095416,0.1345944728960414,0.0
0.7078639413571446,0.1520816664916741,0.0,0.7180920377197635,0.1348901066342827,0.0
0.37471915831979347,0.05697990931052829,0.0,0.3692035392013634,0.07648466860119404,0.0
0.37471915831979347,0.05697990931052829,0.0,0.3879504413657166,0.07636054797468224,0.0
0.37471915831979347,0.05697990931052829,0.0,0.39786906250112203,0.058485369358717995,0.0
0.37471915831979347,0.05697990931052829,0.0,0.35448156960675875,0.04952071308078364,0.0
0.37471915831979347,0.05697990931052829,0.0,0.38776123527188244,0.03897094695174074,0.0
0.37471915831979347,0.05697990931052829,0.0,0.3684525428734377,0.035294508569831434,0.0
0.37471915831979347,0.05697990931052829,0.0,0.35941643696522807,0.06488168350030395,0.0
0.3692035392013634,0.07648466860119404,0.0,0.3879504413657166,0.07636054797468224,0.0
0.3692035392013634,0.07648466860119404,0.0,0.349004900053477,0.07721396701758136,0.0
0.3692035392013634,0.07648466860119404,0.0,0.3788757684843669,0.09429886130702039,0.0
0.3692035392013634,0.07648466860119404,0.0,0.3588836673110538,0.09368648321899224,0.0
0.3692035392013634,0.07648466860119404,0.0,0.35941643696522807,0.06488168350030395,0.0
0.3879504413657166,0.07636054797468224,0.0,0.39786906250112203,0.058485369358717995,0.0
0.3879504413657166,0.07636054797468224,0.0,0.4081619659487314,0.077290902746659,0.0
0.3879504413657166,0.07636054797468224,0.0,0.39887316546320206,0.0946236106138491,0.0
0.3879504413657166,0.07636054797468224,0.0,0.3788757684843669,0.09429886130702039,0.0
0.08528959438063377,0.18858056372745716,0.0,0.06733290908939286,0.17488924715454865,0.0
0.08528959438063377,0.18858056372745716,0.0,0.09441314796850232,0.17016167683679476,0.0
0.08528959438063377,0.18858056372745716,0.0,0.06788659276207959,0.1930950597683972,0.0
0.08528959438063377,0.18858056372745716,0.0,0.10578084787095623,0.18550161304290003,0.0
0.08528959438063377,0.18858056372745716,0.0,0.07857462076905876,0.2055086350173741,0.0
0.08528959438063377,0.18858056372745716,0.0,0.09813655032930213,0.2033120093872453,0.0
0.06733290908939286,0.17488924715454865,0.0,0.09441314796850232,0.17016167683679476,0.0
0.06733290908939286,0.17488924715454865,0.0,0.07877768351600709,0.1565478315658711,0.0
0.06733290908939286,0.17488924715454865,0.0,0.0492569893947323,0.1891200427008103,0.0
0.06733290908939286,0.17488924715454865,0.0,0.04852747257781546,0.17006119706126088,0.0
0.06733290908939286,0.17488924715454865,0.0,0.06788659276207959,0.1930950597683972,0.0
0.06733290908939286,0.17488924715454865,0.0,0.05766053542859184,0.15706866927091195,0.0
0.09441314796850232,0.17016167683679476,0.0,0.07877768351600709,0.1565478315658711,0.0
0.09441314796850232,0.17016167683679476,0.0,0.10142187830948797,0.15258496936407076,0.0
0.09441314796850232,0.17016167683679476,0.0,0.11376106011195032,0.16726269703255692,0.0
0.09441314796850232,0.17016167683679476,0.0,0.10578084787095623,0.18550161304290003,0.0
0.1582780789180808,0.12457971394551959,0.0,0.14137010854900592,0.14456889448016536,0.0
0.1582780789180808,0.12457971394551959,0.0,0.13828147832033344,0.12420893352052279,0.0
0.1582780789180808,0.12457971394551959,0.0,0.16203876996892957,0.14376640242738928,0.0
0.1582780789180808,0.12457971394551959,0.0,0.17635376563533814,0.12501859043724783,0.0
0.1582780789180808,0.12457971394551959,0.0,0.1486010586086935,0.10700317864128821,0.0
0.1582780789180808,0.12457971394551959,0.0,0.16860252863567426,0.10711122330271101,0.0
0.14137010854900592,0.14456889448016536,0.0,0.13828147832033344,0.12420893352052279,0.0
0.14137010854900592,0.14456889448016536,0.0,0.16203876996892957,0.14376640242738928,0.0
0.14137010854900592,0.14456889448016536,0.0,0.15290679344581382,0.16207703495845271,0.0
0.14137010854900592,0.14456889448016536,0.0,0.1329858128460892,0.16432480576340922,0.0
0.14137010854900592,0.14456889448016536,0.0,0.12108701416345873,0.14969062431002614,0.0
0.14137010854900592,0.14456889448016536,0.0,0.12743455195194855,0.1352616160642616,0.0
0.13828147832033344,0.12420893352052279,0.0,0.1486010586086935,0.10700317864128821,0.0
0.13828147832033344,0.12420893352052279,0.0,0.12860351543550347,0.10668302786524969,0.0
0.13828147832033344,0.12420893352052279,0.0,0.11829376092930508,0.12335754488909023,0.0
0.13828147832033344,0.12420893352052279,0.0,0.12743455195194855,0.1352616160642616,0.0
0.12984718842518322,0.016478616041284755,0.0,0.12895001735410963,0.03579085759169173,0.0
0.12984718842518322,0.016478616041284755,0.0,0.11190084875939939,0.01929395863069087,0.0
0.12984718842518322,0.016478616041284755,0.0,0.11796548790947588,0.0007833721868172484,0.0
0.12984718842518322,0.016478616041284755,0.0,0.137491422490522,-0.0016627312664844835,0.0
0.12984718842518322,0.016478616041284755,0.0,0.14927111967288226,0.01385844108562987,0.0
0.12984718842518322,0.016478616041284755,0.0,0.1410234423252166,0.02602852627583096,0.0
0.12895001735410963,0.03579085759169173,0.0,0.11190084875939939,0.01929395863069087,0.0
0.12895001735410963,0.03579085759169173,0.0,0.10630736286067514,0.037276632246060856,0.0
0.12895001735410963,0.03579085759169173,0.0,0.11940945622675861,0.05426460735141046,0.0
0.12895001735410963,0.03579085759169173,0.0,0.13956164428462595,0.05490092237576298,0.0
0.12895001735410963,0.03579085759169173,0.0,0.14998341672877524,0.03902238231500411,0.0
0.12895001735410963,0.03579085759169173,0.0,0.1410234423252166,0.02602852627583096,0.0
0.11190084875939939,0.01929395863069087,0.0,0.10630736286067514,0.037276632246060856,0.0
0.11190084875939939,0.01929395863069087,0.0,0.0899018742326122,0.022256868464214787,0.0
0.11190084875939939,0.01929395863069087,0.0,0.11796548790947588,0.0007833721868172484,0.0
0.11190084875939939,0.01929395863069087,0.0,0.09843325145999934,0.003177366682831602,0.0
0.07877768351600709,0.1565478315658711,0.0,0.10142187830948797,0.15258496936407076,0.0
0.07877768351600709,0.1565478315658711,0.0,0.0888619407970267,0.1386754259614784,0.0
0.07877768351600709,0.1565478315658711,0.0,0.05766053542859184,0.15706866927091195,0.0
0.07877768351600709,0.1565478315658711,0.0,0.06797329301412086,0.14023735767688025,0.0
0.10630736286067514,0.037276632246060856,0.0,0.0899018742326122,0.022256868464214787,0.0
0.10630736286067514,0.037276632246060856,0.0,0.08901605211038337,0.040954112845898054,0.0
0.10630736286067514,0.037276632246060856,0.0,0.11940945622675861,0.05426460735141046,0.0
0.10630736286067514,0.037276632246060856,0.0,0.0989386277772226,0.05466307343219251,0.0
0.8388958315407219,0.10433429930795926,0.0,0.8588558294590342,0.10423025457636426,0.0
0.8388958315407219,0.10433429930795926,0.0,0.8493188934748949,0.12255977850265647,0.0
0.8388958315407219,0.10433429930795926,0.0,0.8281147756429269,0.12288486699790797,0.0
0.8388958315407219,0.10433429930795926,0.0,0.818829765349708,0.10290583920007941,0.0
0.8388958315407219,0.10433429930795926,0.0,0.8291239479513436,0.0851380211495813,0.0
0.8388958315407219,0.10433429930795926,0.0,0.8491367517406488,0.08569298403723397,0.0
0.8588558294590342,0.10423025457636426,0.0,0.8493188934748949,0.12255977850265647,0.0
0.8588558294590342,0.10423025457636426,0.0,0.869796966143067,0.12182357654502665,0.0
0.8588558294590342,0.10423025457636426,0.0,0.8788062401246534,0.10357139051297079,0.0
0.8588558294590342,0.10423025457636426,0.0,0.8491367517406488,0.08569298403723397,0.0
0.8588558294590342,0.10423025457636426,0.0,0.8691239222773789,0.08634068947146074,0.0
0.8493188934748949,0.12255977850265647,0.0,0.8369338676113196,0.14222499550165518,0.0
0.8493188934748949,0.12255977850265647,0.0,0.8610037586984848,0.13993431426800523,0.0
0.8493188934748949,0.12255977850265647,0.0,0.8281147756429269,0.12288486699790797,0.0
0.8493188934748949,0.12255977850265647,0.0,0.869796966143067,0.12182357654502665,0.0
0.16203876996892957,0.14376640242738928,0.0,0.17635376563533814,0.12501859043724783,0.0
0.16203876996892957,0.14376640242738928,0.0,0.18420714961923235,0.14228503007759036,0.0
0.16203876996892957,0.14376640242738928,0.0,0.17314153000649174,0.16008337130294956,0.0
0.16203876996892957,0.14376640242738928,0.0,0.15290679344581382,0.16207703495845271,0.0
0.39786906250112203,0.058485369358717995,0.0,0.4081619659487314,0.077290902746659,0.0
0.39786906250112203,0.058485369358717995,0.0,0.4186351584649583,0.05940003505683713,0.0
0.39786906250112203,0.058485369358717995,0.0,0.4085603207762139,0.04136834960818742,0.0
0.39786906250112203,0.058485369358717995,0.0,0.38776123527188244,0.03897094695174074,0.0
0.8369338676113196,0.14222499550165518,0.0,0.8610037586984848,0.13993431426800523,0.0
0.8369338676113196,0.14222499550165518,0.0,0.849085024168853,0.16235392462112483,0.0
0.8369338676113196,0.14222499550165518,0.0,0.8273957881386834,0.1597703258831205,0.0
0.8369338676113196,0.14222499550165518,0.0,0.8281147756429269,0.12288486699790797,0.0
0.8369338676113196,0.14222499550165518,0.0,0.8172380954312021,0.14070013341881774,0.0
0.8610037586984848,0.13993431426800523,0.0,0.849085024168853,0.16235392462112483,0.0
0.8610037586984848,0.13993431426800523,0.0,0.869796966143067,0.12182357654502665,0.0
0.8610037586984848,0.13993431426800523,0.0,0.8714855745914479,0.15793235700919828,0.0
0.8610037586984848,0.13993431426800523,0.0,0.8798429330188277,0.13897990373505442,0.0
0.849085024168853,0.16235392462112483,0.0,0.8351247199444077,0.17780371495656425,0.0
0.849085024168853,0.16235392462112483,0.0,0.8273957881386834,0.1597703258831205,0.0
0.849085024168853,0.16235392462112483,0.0,0.849783544321846,0.18263875400280755,0.0
0.849085024168853,0.16235392462112483,0.0,0.8643683317020977,0.17741679644424724,0.0
0.849085024168853,0.16235392462112483,0.0,0.8714855745914479,0.15793235700919828,0.0
0.559840627224531,0.09630673692651823,0.0,0.579488084769407,0.09659251656208287,0.0
0.559840627224531,0.09630673692651823,0.0,0.5716162381137619,0.0760690051257831,0.0
0.559840627224531,0.09630673692651823,0.0,0.5397655726487203,0.09644617164538444,0.0
0.559840627224531,0.09630673692651823,0.0,0.5517022905835169,0.07759145720441064,0.0
0.559840627224531,0.09630673692651823,0.0,0.5487125428001897,0.11436322825649563,0.0
0.559840627224531,0.09630673692651823,0.0,0.5687234057890369,0.11464809960591506,0.0
0.579488084769407,0.09659251656208287,0.0,0.5716162381137619,0.0760690051257831,0.0
0.579488084769407,0.09659251656208287,0.0,0.5891648013898668,0.08055253422865785,0.0
0.579488084769407,0.09659251656208287,0.0,0.5687234057890369,0.11464809960591506,0.0
0.579488084769407,0.09659251656208287,0.0,0.588664178272136,0.11499033092036795,0.0
0.579488084769407,0.09659251656208287,0.0,0.5989549355333593,0.09883510026181025,0.0
0.5716162381137619,0.0760690051257831,0.0,0.5517022905835169,0.07759145720441064,0.0
0.5716162381137619,0.0760690051257831,0.0,0.5629800525855232,0.05879019819929312,0.0
0.5716162381137619,0.0760690051257831,0.0,0.5891648013898668,0.08055253422865785,0.0
0.5716162381137619,0.0760690051257831,0.0,0.5842649578199839,0.06008034914041572,0.0
0.5767967417157764,0.188504309213154,0.0,0.5780538915346991,0.16793907106594638,0.0
0.5767967417157764,0.188504309213154,0.0,0.5961733927564558,0.18670427617714563,0.0
0.5767967417157764,0.188504309213154,0.0,0.568781339891721,0.2064914852893641,0.0
0.5767967417157764,0.188504309213154,0.0,0.5883592993452134,0.204443428867555,0.0
0.5767967417157764,0.188504309213154,0.0,0.5575773886708003,0.1908071874893084,0.0
0.5767967417157764,0.188504309213154,0.0,0.5649922408293434,0.17851581406937592,0.0
0.5780538915346991,0.16793907106594638,0.0,0.5961733927564558,0.18670427617714563,0.0
0.5780538915346991,0.16793907106594638,0.0,0.6001373295622576,0.167248109675198,0.0
0.5780538915346991,0.16793907106594638,0.0,0.5878919977050241,0.14978391114912637,0.0
0.5780538915346991,0.16793907106594638,0.0,0.5678878588749822,0.14948623398694746,0.0
0.5780538915346991,0.16793907106594638,0.0,0.5574400982366106,0.16495572137774223,0.0
0.5780538915346991,0.16793907106594638,0.0,0.5649922408293434,0.17851581406937592,0.0
0.5961733927564558,0.18670427617714563,0.0,0.6001373295622576,0.167248109675198,0.0
0.5961733927564558,0.18670427617714563,0.0,0.6137008726135893,0.18442314458533526,0.0
0.5961733927564558,0.18670427617714563,0.0,0.6079079889629149,0.2021313692806051,0.0
0.5961733927564558,0.18670427617714563,0.0,0.5883592993452134,0.204443428867555,0.0
0.8351247199444077,0.17780371495656425,0.0,0.8273957881386834,0.1597703258831205,0.0
0.8351247199444077,0.17780371495656425,0.0,0.849783544321846,0.18263875400280755,0.0
0.8351247199444077,0.17780371495656425,0.0,0.8153373282253313,0.17603023173883298,0.0
0.8351247199444077,0.17780371495656425,0.0,0.8236791101517987,0.1939886763111289,0.0
0.8351247199444077,0.17780371495656425,0.0,0.8432487611881002,0.1961150490981094,0.0
0.8273957881386834,0.1597703258831205,0.0,0.8172380954312021,0.14070013341881774,0.0
0.8273957881386834,0.1597703258831205,0.0,0.8063719028939385,0.15784478923772846,0.0
0.8273957881386834,0.1597703258831205,0.0,0.8153373282253313,0.17603023173883298,0.0
0.6983180358282027,0.01139626690440673,0.0,0.6909577239746033,0.03172137467153715,0.0
0.6983180358282027,0.01139626690440673,0.0,0.7114696348557981,0.029709859175404457,0.0
0.6983180358282027,0.01139626690440673,0.0,0.7187885334798816,0.010791017340264412,0.0
0.6983180358282027,0.01139626690440673,0.0,0.6862216221594085,-0.007055905457680595,0.0
0.6983180358282027,0.01139626690440673,0.0,0.6787455682453287,0.013156371186836989,0.0
0.6983180358282027,0.01139626690440673,0.0,0.7058394414422194,-0.008598616761214286,0.0
0.6909577239746033,0.03172137467153715,0.0,0.7114696348557981,0.029709859175404457,0.0
0.6909577239746033,0.03172137467153715,0.0,0.683558532386761,0.050199655832574124,0.0
0.6909577239746033,0.03172137467153715,0.0,0.6713361695382207,0.033564080614079686,0.0
0.6909577239746033,0.03172137467153715,0.0,0.6787455682453287,0.013156371186836989,0.0
0.6909577239746033,0.03172137467153715,0.0,0.70470354243391,0.04860136963996104,0.0
0.7114696348557981,0.029709859175404457,0.0,0.7247580861593808,0.04630666057868125,0.0
0.7114696348557981,0.029709859175404457,0.0,0.7187885334798816,0.010791017340264412,0.0
0.7114696348557981,0.029709859175404457,0.0,0.70470354243391,0.04860136963996104,0.0
0.7114696348557981,0.029709859175404457,0.0,0.7304020529644232,0.025849816388382428,0.0
0.35448156960675875,0.04952071308078364,0.0,0.3311217651647269,0.04125611515169506,0.0
0.35448156960675875,0.04952071308078364,0.0,0.3492502253839132,0.03132148466561761,0.0
0.35448156960675875,0.04952071308078364,0.0,0.3394279777595195,0.060235161181459065,0.0
0.35448156960675875,0.04952071308078364,0.0,0.3684525428734377,0.035294508569831434,0.0
0.35448156960675875,0.04952071308078364,0.0,0.35941643696522807,0.06488168350030395,0.0
0.3311217651647269,0.04125611515169506,0.0,0.3492502253839132,0.03132148466561761,0.0
0.3311217651647269,0.04125611515169506,0.0,0.3394279777595195,0.060235161181459065,0.0
0.3311217651647269,0.04125611515169506,0.0,0.3181983972886282,0.024654618396861106,0.0
0.3311217651647269,0.04125611515169506,0.0,0.334251799773937,0.025523074790010127,0.0
0.3311217651647269,0.04125611515169506,0.0,0.3193125430829761,0.05838518298412354,0.0
0.3311217651647269,0.04125611515169506,0.0,0.3098020259295482,0.041274474109244584,0.0
0.3492502253839132,0.03132148466561761,0.0,0.3684525428734377,0.035294508569831434,0.0
0.3492502253839132,0.03132148466561761,0.0,0.3610622241888232,0.015583073692700974,0.0
0.3492502253839132,0.03132148466561761,0.0,0.34243696412658714,0.012069405407144098,0.0
0.3492502253839132,0.03132148466561761,0.0,0.334251799773937,0.025523074790010127,0.0
0.764841207057876,-0.0099258246047332,0.0,0.7845050326772848,-0.009173841742829671,0.0
0.764841207057876,-0.0099258246047332,0.0,0.7734262027747,0.011366595731197889,0.0
0.764841207057876,-0.0099258246047332,0.0,0.75486824568879,0.00704548304321603,0.0
0.764841207057876,-0.0099258246047332,0.0,0.745163679153882,-0.010080763742090592,0.0
0.7845050326772848,-0.009173841742829671,0.0,0.7734262027747,0.011366595731197889,0.0
0.7845050326772848,-0.009173841742829671,0.0,0.8041402956424927,-0.007872856191307178,0.0
0.7734262027747,0.011366595731197889,0.0,0.75486824568879,0.00704548304321603,0.0
0.7734262027747,0.011366595731197889,0.0,0.7605861007281901,0.03018331427473324,0.0
0.6001373295622576,0.167248109675198,0.0,0.6137008726135893,0.18442314458533526,0.0
0.6001373295622576,0.167248109675198,0.0,0.6208487381510425,0.16706017392597936,0.0
0.6001373295622576,0.167248109675198,0.0,0.5878919977050241,0.14978391114912637,0.0
0.6001373295622576,0.167248109675198,0.0,0.607896060951446,0.14980991899915547,0.0
0.17635376563533814,0.12501859043724783,0.0,0.18420714961923235,0.14228503007759036,0.0
0.17635376563533814,0.12501859043724783,0.0,0.19639782952294096,0.12483391618258069,0.0
0.17635376563533814,0.12501859043724783,0.0,0.16860252863567426,0.10711122330271101,0.0
0.17635376563533814,0.12501859043724783,0.0,0.18859816735596718,0.10753516828507444,0.0
0.18420714961923235,0.14228503007759036,0.0,0.20433280621287594,0.14195799981725207,0.0
0.18420714961923235,0.14228503007759036,0.0,0.1936305148502806,0.1586396666143256,0.0
0.18420714961923235,0.14228503007759036,0.0,0.19639782952294096,0.12483391618258069,0.0
0.18420714961923235,0.14228503007759036,0.0,0.17314153000649174,0.16008337130294956,0.0
0.7247580861593808,0.04630666057868125,0.0,0.74276900872644,0.0398421923456483,0.0
0.7247580861593808,0.04630666057868125,0.0,0.7399380012417294,0.06253418112745594,0.0
0.7247580861593808,0.04630666057868125,0.0,0.7180008875571601,0.06572673593683277,0.0
0.7247580861593808,0.04630666057868125,0.0,0.70470354243391,0.04860136963996104,0.0
0.7247580861593808,0.04630666057868125,0.0,0.7304020529644232,0.025849816388382428,0.0
0.74276900872644,0.0398421923456483,0.0,0.7399380012417294,0.06253418112745594,0.0
0.74276900872644,0.0398421923456483,0.0,0.7605861007281901,0.03018331427473324,0.0
0.74276900872644,0.0398421923456483,0.0,0.7550305879070679,0.05039838391505112,0.0
0.74276900872644,0.0398421923456483,0.0,0.7304020529644232,0.025849816388382428,0.0
0.74276900872644,0.0398421923456483,0.0,0.7450618346171625,0.021943171333931144,0.0
0.7399380012417294,0.06253418112745594,0.0,0.7180008875571601,0.06572673593683277,0.0
0.7399380012417294,0.06253418112745594,0.0,0.7550305879070679,0.05039838391505112,0.0
0.7399380012417294,0.06253418112745594,0.0,0.760547625071839,0.06689488847340425,0.0
0.7399380012417294,0.06253418112745594,0.0,0.7491310400545778,0.08354299672331107,0.0
0.7399380012417294,0.06253418112745594,0.0,0.7291095209469204,0.08326398326425337,0.0
0.683558532386761,0.050199655832574124,0.0,0.6754738460679495,0.06748912994969325,0.0
0.683558532386761,0.050199655832574124,0.0,0.6964874619631558,0.06655134070874835,0.0
0.683558532386761,0.050199655832574124,0.0,0.6713361695382207,0.033564080614079686,0.0
0.683558532386761,0.050199655832574124,0.0,0.70470354243391,0.04860136963996104,0.0
0.683558532386761,0.050199655832574124,0.0,0.6625794803560786,0.05083715367436704,0.0
0.6754738460679495,0.06748912994969325,0.0,0.6964874619631558,0.06655134070874835,0.0
0.6754738460679495,0.06748912994969325,0.0,0.688206369809706,0.08393074850148668,0.0
0.6754738460679495,0.06748912994969325,0.0,0.6670219335086564,0.08362937043922997,0.0
0.6754738460679495,0.06748912994969325,0.0,0.6549545224913476,0.0680113333771763,0.0
0.6754738460679495,0.06748912994969325,0.0,0.6625794803560786,0.05083715367436704,0.0
0.6964874619631558,0.06655134070874835,0.0,0.688206369809706,0.08393074850148668,0.0
0.6964874619631558,0.06655134070874835,0.0,0.7180008875571601,0.06572673593683277,0.0
0.6964874619631558,0.06655134070874835,0.0,0.70470354243391,0.04860136963996104,0.0
0.6964874619631558,0.06655134070874835,0.0,0.7089815877442773,0.08336027945148061,0.0
0.7155546190523195,0.17161856381770083,0.0,0.7358694959957152,0.17207095291762156,0.0
0.7155546190523195,0.17161856381770083,0.0,0.7273261601497861,0.15297203554252314,0.0
0.7155546190523195,0.17161856381770083,0.0,0.7057425391897695,0.1915070909240959,0.0
0.7155546190523195,0.17161856381770083,0.0,0.7253997900510565,0.1904740301919498,0.0
0.5299534650885577,0.0790021935852128,0.0,0.5397655726487203,0.09644617164538444,0.0
0.5299534650885577,0.0790021935852128,0.0,0.5517022905835169,0.07759145720441064,0.0
0.5299534650885577,0.0790021935852128,0.0,0.5409595957624569,0.060957556962608066,0.0
0.5299534650885577,0.0790021935852128,0.0,0.5196010099645265,0.06182197437571959,0.0
0.5299534650885577,0.0790021935852128,0.0,0.5091788889225424,0.07907084959173516,0.0
0.5299534650885577,0.0790021935852128,0.0,0.5189866774169094,0.09650901403090367,0.0
0.5397655726487203,0.09644617164538444,0.0,0.5517022905835169,0.07759145720441064,0.0
0.5397655726487203,0.09644617164538444,0.0,0.5189866774169094,0.09650901403090367,0.0
0.5397655726487203,0.09644617164538444,0.0,0.5287086826158388,0.11399680324312642,0.0
0.5397655726487203,0.09644617164538444,0.0,0.5487125428001897,0.11436322825649563,0.0
0.5517022905835169,0.07759145720441064,0.0,0.5409595957624569,0.060957556962608066,0.0
0.5517022905835169,0.07759145720441064,0.0,0.5629800525855232,0.05879019819929312,0.0
0.3394279777595195,0.060235161181459065,0.0,0.3289929595458752,0.07603379736919194,0.0
0.3394279777595195,0.060235161181459065,0.0,0.349004900053477,0.07721396701758136,0.0
0.3394279777595195,0.060235161181459065,0.0,0.3193125430829761,0.05838518298412354,0.0
0.3394279777595195,0.060235161181459065,0.0,0.35941643696522807,0.06488168350030395,0.0
0.7187885334798816,0.010791017340264412,0.0,0.7058394414422194,-0.008598616761214286,0.0
0.7187885334798816,0.010791017340264412,0.0,0.7254907144949958,-0.009628684683611987,0.0
0.7187885334798816,0.010791017340264412,0.0,0.7304020529644232,0.025849816388382428,0.0
0.7187885334798816,0.010791017340264412,0.0,0.7366837834711861,0.0067950327275755115,0.0
0.8281147756429269,0.12288486699790797,0.0,0.818829765349708,0.10290583920007941,0.0
0.8281147756429269,0.12288486699790797,0.0,0.8080795833099912,0.1211536286434904,0.0
0.8281147756429269,0.12288486699790797,0.0,0.8172380954312021,0.14070013341881774,0.0
0.4081619659487314,0.077290902746659,0.0,0.4186351584649583,0.05940003505683713,0.0
0.4081619659487314,0.077290902746659,0.0,0.42907679598817283,0.07759730394332429,0.0
0.4081619659487314,0.077290902746659,0.0,0.39887316546320206,0.0946236106138491,0.0
0.4081619659487314,0.077290902746659,0.0,0.4188739285587212,0.09476518828619666,0.0
0.4186351584649583,0.05940003505683713,0.0,0.4085603207762139,0.04136834960818742,0.0
0.4186351584649583,0.05940003505683713,0.0,0.42907679598817283,0.07759730394332429,0.0
0.4186351584649583,0.05940003505683713,0.0,0.43884976341314413,0.05988031644559929,0.0
0.4186351584649583,0.05940003505683713,0.0,0.42929302863179525,0.04177802597009858,0.0
0.4085603207762139,0.04136834960818742,0.0,0.38776123527188244,0.03897094695174074,0.0
0.4085603207762139,0.04136834960818742,0.0,0.40007400311552027,0.022762299026769312,0.0
0.4085603207762139,0.04136834960818742,0.0,0.4202618371718204,0.02374201730201987,0.0
0.4085603207762139,0.04136834960818742,0.0,0.42929302863179525,0.04177802597009858,0.0
0.10142187830948797,0.15258496936407076,0.0,0.0888619407970267,0.1386754259614784,0.0
0.10142187830948797,0.15258496936407076,0.0,0.11376106011195032,0.16726269703255692,0.0
0.10142187830948797,0.15258496936407076,0.0,0.12108701416345873,0.14969062431002614,0.0
0.10142187830948797,0.15258496936407076,0.0,0.1089915972662903,0.1367226751451568,0.0
0.8041402956424927,-0.007872856191307178,0.0,0.8237391508848385,-0.006104659742611943,0.0
0.8041402956424927,-0.007872856191307178,0.0,0.8121649684687332,0.012995343709964175,0.0
0.8237391508848385,-0.006104659742611943,0.0,0.8121649684687332,0.012995343709964175,0.0
0.8237391508848385,-0.006104659742611943,0.0,0.8317499915783259,0.012843063470371417,0.0
0.8237391508848385,-0.006104659742611943,0.0,0.8433024821537239,-0.003978147628957466,0.0
0.8121649684687332,0.012995343709964175,0.0,0.8317499915783259,0.012843063470371417,0.0
0.8121649684687332,0.012995343709964175,0.0,0.820087658575604,0.03283251892092947,0.0
0.27808918380315717,0.023441971043678303,0.0,0.2864806534395401,0.007543844998838578,0.0
0.27808918380315717,0.023441971043678303,0.0,0.29804945993000875,0.024289023729606066,0.0
0.27808918380315717,0.023441971043678303,0.0,0.2582642973985468,0.023259028937478655,0.0
0.27808918380315717,0.023441971043678303,0.0,0.2654469252364531,0.005829095176082583,0.0
0.27808918380315717,0.023441971043678303,0.0,0.28983312657019683,0.04097170418897782,0.0
0.27808918380315717,0.023441971043678303,0.0,0.2698534342928558,0.04018093761424161,0.0
0.2864806534395401,0.007543844998838578,0.0,0.29804945993000875,0.024289023729606066,0.0
0.2864806534395401,0.007543844998838578,0.0,0.3058933097686213,0.007847422793999963,0.0
0.2864806534395401,0.007543844998838578,0.0,0.2654469252364531,0.005829095176082583,0.0
0.2864806534395401,0.007543844998838578,0.0,0.2944932796261382,-0.008576513666452604,0.0
0.2864806534395401,0.007543844998838578,0.0,0.27484249542060857,-0.009615908294924938,0.0
0.29804945993000875,0.024289023729606066,0.0,0.3058933097686213,0.007847422793999963,0.0
0.29804945993000875,0.024289023729606066,0.0,0.3181983972886282,0.024654618396861106,0.0
0.29804945993000875,0.024289023729606066,0.0,0.3098020259295482,0.041274474109244584,0.0
0.29804945993000875,0.024289023729606066,0.0,0.28983312657019683,0.04097170418897782,0.0
0.3058933097686213,0.007847422793999963,0.0,0.3181983972886282,0.024654618396861106,0.0
0.3058933097686213,0.007847422793999963,0.0,0.3242196223230009,0.009089435883832833,0.0
0.3058933097686213,0.007847422793999963,0.0,0.2944932796261382,-0.008576513666452604,0.0
0.3058933097686213,0.007847422793999963,0.0,0.31411047688583504,-0.007025866391467588,0.0
0.849783544321846,0.18263875400280755,0.0,0.8643683317020977,0.17741679644424724,0.0
0.849783544321846,0.18263875400280755,0.0,0.8627921253644149,0.1984719234020252,0.0
0.849783544321846,0.18263875400280755,0.0,0.8432487611881002,0.1961150490981094,0.0
0.6589990239147276,0.014408947588926477,0.0,0.6511447746589619,0.034494706663461175,0.0
0.6589990239147276,0.014408947588926477,0.0,0.6713361695382207,0.033564080614079686,0.0
0.6589990239147276,0.014408947588926477,0.0,0.6666408880007344,-0.005096588061339286,0.0
0.6589990239147276,0.014408947588926477,0.0,0.6787455682453287,0.013156371186836989,0.0
0.6589990239147276,0.014408947588926477,0.0,0.6470920921135297,-0.002840088390674271,0.0
0.6589990239147276,0.014408947588926477,0.0,0.639335490980397,0.01668093387298248,0.0
0.6511447746589619,0.034494706663461175,0.0,0.6713361695382207,0.033564080614079686,0.0
0.6511447746589619,0.034494706663461175,0.0,0.639335490980397,0.01668093387298248,0.0
0.6511447746589619,0.034494706663461175,0.0,0.631353564946767,0.036188589617233806,0.0
0.6511447746589619,0.034494706663461175,0.0,0.6425420324809058,0.052343688715295766,0.0
0.6511447746589619,0.034494706663461175,0.0,0.6625794803560786,0.05083715367436704,0.0
0.6713361695382207,0.033564080614079686,0.0,0.6787455682453287,0.013156371186836989,0.0
0.6713361695382207,0.033564080614079686,0.0,0.6625794803560786,0.05083715367436704,0.0
0.6137008726135893,0.18442314458533526,0.0,0.6208487381510425,0.16706017392597936,0.0
0.6137008726135893,0.18442314458533526,0.0,0.633676490586393,0.1825528696162089,0.0
0.6137008726135893,0.18442314458533526,0.0,0.6079079889629149,0.2021313692806051,0.0
0.6137008726135893,0.18442314458533526,0.0,0.6274414338011367,0.1996932485171144,0.0
0.6208487381510425,0.16706017392597936,0.0,0.633676490586393,0.1825528696162089,0.0
0.6208487381510425,0.16706017392597936,0.0,0.6399473908142207,0.16588929786942616,0.0
0.6208487381510425,0.16706017392597936,0.0,0.627886521504017,0.1501188943893686,0.0
0.6208487381510425,0.16706017392597936,0.0,0.607896060951446,0.14980991899915547,0.0
0.633676490586393,0.1825528696162089,0.0,0.6399473908142207,0.16588929786942616,0.0
0.633676490586393,0.1825528696162089,0.0,0.6274414338011367,0.1996932485171144,0.0
0.633676490586393,0.1825528696162089,0.0,0.6469771203754761,0.1972732467138197,0.0
0.633676490586393,0.1825528696162089,0.0,0.6531432110257517,0.1809781548259365,0.0
0.01753711953978522,0.07996603727861372,0.0,0.03663160866874702,0.0886871332628778,0.0
0.01753711953978522,0.07996603727861372,0.0,0.017520780846654,0.09972215455080799,0.0
0.01753711953978522,0.07996603727861372,0.0,0.01973005302143649,0.05786674814378398,0.0
0.01753711953978522,0.07996603727861372,0.0,0.03206855719633913,0.07014980976218335,0.0
0.01753711953978522,0.07996603727861372,0.0,0.0002334111370453746,0.06993210023464948,0.0
0.01753711953978522,0.07996603727861372,0.0,0.0002000666888959734,0.08994219093060793,0.0
0.03663160866874702,0.0886871332628778,0.0,0.017520780846654,0.09972215455080799,0.0
0.03663160866874702,0.0886871332628778,0.0,0.032308373594753456,0.10706671441727776,0.0
0.03663160866874702,0.0886871332628778,0.0,0.03206855719633913,0.07014980976218335,0.0
0.03663160866874702,0.0886871332628778,0.0,0.05893534748844013,0.08807373990003986,0.0
0.03663160866874702,0.0886871332628778,0.0,0.049685988721819306,0.07052782995871161,0.0
0.03663160866874702,0.0886871332628778,0.0,0.048616994551955395,0.10521477581206216,0.0
0.017520780846654,0.09972215455080799,0.0,0.032308373594753456,0.10706671441727776,0.0
0.017520780846654,0.09972215455080799,0.0,0.01837846700929105,0.12125653686448938,0.0
0.017520780846654,0.09972215455080799,0.0,0.0001667222407464953,0.10995215141254426,0.0
0.017520780846654,0.09972215455080799,0.0,0.0002000666888959734,0.08994219093060793,0.0
0.6666408880007344,-0.005096588061339286,0.0,0.6862216221594085,-0.007055905457680595,0.0
0.6666408880007344,-0.005096588061339286,0.0,0.6787455682453287,0.013156371186836989,0.0
0.6666408880007344,-0.005096588061339286,0.0,0.6470920921135297,-0.002840088390674271,0.0
0.6862216221594085,-0.007055905457680595,0.0,0.6787455682453287,0.013156371186836989,0.0
0.6862216221594085,-0.007055905457680595,0.0,0.7058394414422194,-0.008598616761214286,0.0
0.8951927752451531,0.1856575188381559,0.0,0.9155299551503879,0.17382414547426334,0.0
0.8951927752451531,0.1856575188381559,0.0,0.91337053830452,0.1915532812097507,0.0
0.8951927752451531,0.1856575188381559,0.0,0.8979000576391785,0.1684916753036519,0.0
0.8951927752451531,0.1856575188381559,0.0,0.8813609397039032,0.1729149784258416,0.0
0.8951927752451531,0.1856575188381559,0.0,0.8823244412923026,0.2009191174150899,0.0
0.8951927752451531,0.1856575188381559,0.0,0.901863450217593,0.2033120094520914,0.0
0.8951927752451531,0.1856575188381559,0.0,0.8772077055658868,0.1870760552327164,0.0
0.9155299551503879,0.17382414547426334,0.0,0.91337053830452,0.1915532812097507,0.0
0.9155299551503879,0.17382414547426334,0.0,0.8979000576391785,0.1684916753036519,0.0
0.9155299551503879,0.17382414547426334,0.0,0.934831769827574,0.17140953969391623,0.0
0.9155299551503879,0.17382414547426334,0.0,0.9328412030294818,0.18946420332198816,0.0
0.9155299551503879,0.17382414547426334,0.0,0.9272486858796314,0.15587084230341589,0.0
0.9155299551503879,0.17382414547426334,0.0,0.9080893541136473,0.15489066136742788,0.0
0.91337053830452,0.1915532812097507,0.0,0.9328412030294818,0.18946420332198816,0.0
0.91337053830452,0.1915532812097507,0.0,0.901863450217593,0.2033120094520914,0.0
0.91337053830452,0.1915532812097507,0.0,0.921425379683128,0.2055086350647987,0.0
0.8979000576391785,0.1684916753036519,0.0,0.889327318346097,0.15517111641730796,0.0
0.8979000576391785,0.1684916753036519,0.0,0.8813609397039032,0.1729149784258416,0.0
0.8979000576391785,0.1684916753036519,0.0,0.9080893541136473,0.15489066136742788,0.0
0.6399473908142207,0.16588929786942616,0.0,0.6478911076550681,0.15006041460401284,0.0
0.6399473908142207,0.16588929786942616,0.0,0.627886521504017,0.1501188943893686,0.0
0.6399473908142207,0.16588929786942616,0.0,0.6531432110257517,0.1809781548259365,0.0
0.6399473908142207,0.16588929786942616,0.0,0.6587575062359837,0.16411570682824117,0.0
0.0888619407970267,0.1386754259614784,0.0,0.07829171701896456,0.12309649626732079,0.0
0.0888619407970267,0.1386754259614784,0.0,0.09845328437053757,0.12226211669938061,0.0
0.0888619407970267,0.1386754259614784,0.0,0.06797329301412086,0.14023735767688025,0.0
0.0888619407970267,0.1386754259614784,0.0,0.1089915972662903,0.1367226751451568,0.0
0.5409595957624569,0.060957556962608066,0.0,0.551306241346912,0.042314818009195794,0.0
0.5409595957624569,0.060957556962608066,0.0,0.5629800525855232,0.05879019819929312,0.0
0.5409595957624569,0.060957556962608066,0.0,0.5304508304308968,0.04355293466897211,0.0
0.5409595957624569,0.060957556962608066,0.0,0.5196010099645265,0.06182197437571959,0.0
0.551306241346912,0.042314818009195794,0.0,0.5629800525855232,0.05879019819929312,0.0
0.551306241346912,0.042314818009195794,0.0,0.5304508304308968,0.04355293466897211,0.0
0.551306241346912,0.042314818009195794,0.0,0.5405098790799856,0.02564750980122012,0.0
0.551306241346912,0.042314818009195794,0.0,0.5717039754240412,0.040798069734628274,0.0
0.551306241346912,0.042314818009195794,0.0,0.5604271076235579,0.024278501825337275,0.0
0.5629800525855232,0.05879019819929312,0.0,0.5842649578199839,0.06008034914041572,0.0
0.5629800525855232,0.05879019819929312,0.0,0.5717039754240412,0.040798069734628274,0.0
0.3805511157324684,0.01897862986060684,0.0,0.38776123527188244,0.03897094695174074,0.0
0.3805511157324684,0.01897862986060684,0.0,0.3684525428734377,0.035294508569831434,0.0
0.3805511157324684,0.01897862986060684,0.0,0.39229518692128407,0.002056854039923069,0.0
0.3805511157324684,0.01897862986060684,0.0,0.40007400311552027,0.022762299026769312,0.0
0.3805511157324684,0.01897862986060684,0.0,0.3610622241888232,0.015583073692700974,0.0
0.3805511157324684,0.01897862986060684,0.0,0.37276815156430576,-0.00037988565457402394,0.0
0.38776123527188244,0.03897094695174074,0.0,0.3684525428734377,0.035294508569831434,0.0
0.38776123527188244,0.03897094695174074,0.0,0.40007400311552027,0.022762299026769312,0.0
0.3684525428734377,0.035294508569831434,0.0,0.3610622241888232,0.015583073692700974,0.0
0.818829765349708,0.10290583920007941,0.0,0.8080795833099912,0.1211536286434904,0.0
0.818829765349708,0.10290583920007941,0.0,0.7986750595663639,0.10220993106280789,0.0
0.818829765349708,0.10290583920007941,0.0,0.8090997532519698,0.08471344063487163,0.0
0.818829765349708,0.10290583920007941,0.0,0.8291239479513436,0.0851380211495813,0.0
0.0492569893947323,0.1891200427008103,0.0,0.03200902601654464,0.17600741231143516,0.0
0.0492569893947323,0.1891200427008103,0.0,0.034197231686440975,0.19536536014909914,0.0
0.0492569893947323,0.1891200427008103,0.0,0.04852747257781546,0.17006119706126088,0.0
0.0492569893947323,0.1891200427008103,0.0,0.06788659276207959,0.1930950597683972,0.0
0.0492569893947323,0.1891200427008103,0.0,0.03934595430376511,0.2088023656195966,0.0
0.0492569893947323,0.1891200427008103,0.0,0.05897878113556556,0.2073769316422593,0.0
0.03200902601654464,0.17600741231143516,0.0,0.034197231686440975,0.19536536014909914,0.0
0.03200902601654464,0.17600741231143516,0.0,0.04852747257781546,0.17006119706126088,0.0
0.03200902601654464,0.17600741231143516,0.0,0.017478459558678106,0.15833889226426945,0.0
0.03200902601654464,0.17600741231143516,0.0,0.03823608640298806,0.15671548801839752,0.0
0.03200902601654464,0.17600741231143516,0.0,0.022022992943647606,0.187701361040787,0.0
0.03200902601654464,0.17600741231143516,0.0,0.014343850146194687,0.17474974457834985,0.0
0.034197231686440975,0.19536536014909914,0.0,0.022022992943647606,0.187701361040787,0.0
0.034197231686440975,0.19536536014909914,0.0,0.03934595430376511,0.2088023656195966,0.0
0.034197231686440975,0.19536536014909914,0.0,0.01968189381931244,0.2096956954280177,0.0
0.8317499915783259,0.012843063470371417,0.0,0.820087658575604,0.03283251892092947,0.0
0.8317499915783259,0.012843063470371417,0.0,0.8404121853940691,0.032797681312793106,0.0
0.8317499915783259,0.012843063470371417,0.0,0.8517843936661167,0.01576781233364789,0.0
0.8317499915783259,0.012843063470371417,0.0,0.8433024821537239,-0.003978147628957466,0.0
0.820087658575604,0.03283251892092947,0.0,0.8404121853940691,0.032797681312793106,0.0
0.820087658575604,0.03283251892092947,0.0,0.809765918596067,0.04998639253257431,0.0
0.820087658575604,0.03283251892092947,0.0,0.8297642876978603,0.050351590197226875,0.0
0.8404121853940691,0.032797681312793106,0.0,0.8517843936661167,0.01576781233364789,0.0
0.8404121853940691,0.032797681312793106,0.0,0.8595117630490113,0.03367109880690324,0.0
0.8404121853940691,0.032797681312793106,0.0,0.8297642876978603,0.050351590197226875,0.0
0.8404121853940691,0.032797681312793106,0.0,0.8493511908681042,0.0505882365143338,0.0
0.869796966143067,0.12182357654502665,0.0,0.8798429330188277,0.13897990373505442,0.0
0.869796966143067,0.12182357654502665,0.0,0.8891141643697781,0.12084833512839413,0.0
0.869796966143067,0.12182357654502665,0.0,0.8788062401246534,0.10357139051297079,0.0
0.392092013242154,0.2021313695513354,0.0,0.4116407029594826,0.2044434291270096,0.0
0.392092013242154,0.2021313695513354,0.0,0.4076957561518106,0.1832451401246618,0.0
0.392092013242154,0.2021313695513354,0.0,0.3846391449594325,0.1830371395784468,0.0
0.392092013242154,0.2021313695513354,0.0,0.3725585682950345,0.1996932487804034,0.0
0.4116407029594826,0.2044434291270096,0.0,0.4076957561518106,0.1832451401246618,0.0
0.4116407029594826,0.2044434291270096,0.0,0.42338921482091424,0.1917647431829046,0.0
0.4116407029594826,0.2044434291270096,0.0,0.4312186625324201,0.2064914855210821,0.0
0.4076957561518106,0.1832451401246618,0.0,0.3846391449594325,0.1830371395784468,0.0
0.4076957561518106,0.1832451401246618,0.0,0.39759651879034724,0.16366901241617637,0.0
0.4076957561518106,0.1832451401246618,0.0,0.41711454823922384,0.16300628892589736,0.0
0.4076957561518106,0.1832451401246618,0.0,0.4281464521731271,0.17651649322341548,0.0
0.4076957561518106,0.1832451401246618,0.0,0.42338921482091424,0.1917647431829046,0.0
0.688206369809706,0.08393074850148668,0.0,0.6670219335086564,0.08362937043922997,0.0
0.688206369809706,0.08393074850148668,0.0,0.6988237706349854,0.10004885043603993,0.0
0.688206369809706,0.08393074850148668,0.0,0.6788176780664735,0.10020077598072798,0.0
0.688206369809706,0.08393074850148668,0.0,0.7089815877442773,0.08336027945148061,0.0
0.8080795833099912,0.1211536286434904,0.0,0.7969298728776268,0.13944426698998055,0.0
0.8080795833099912,0.1211536286434904,0.0,0.8172380954312021,0.14070013341881774,0.0
0.8080795833099912,0.1211536286434904,0.0,0.7986750595663639,0.10220993106280789,0.0
0.8080795833099912,0.1211536286434904,0.0,0.787761492357553,0.12113586130990375,0.0
0.7969298728776268,0.13944426698998055,0.0,0.8172380954312021,0.14070013341881774,0.0
0.7969298728776268,0.13944426698998055,0.0,0.787761492357553,0.12113586130990375,0.0
0.7969298728776268,0.13944426698998055,0.0,0.776975899551728,0.13847450283756285,0.0
0.7969298728776268,0.13944426698998055,0.0,0.8063719028939385,0.15784478923772846,0.0
0.7969298728776268,0.13944426698998055,0.0,0.7861099656039108,0.15670034074398712,0.0
0.8172380954312021,0.14070013341881774,0.0,0.8063719028939385,0.15784478923772846,0.0
0.7180008875571601,0.06572673593683277,0.0,0.70470354243391,0.04860136963996104,0.0
0.7180008875571601,0.06572673593683277,0.0,0.7291095209469204,0.08326398326425337,0.0
0.7180008875571601,0.06572673593683277,0.0,0.7089815877442773,0.08336027945148061,0.0
0.04852747257781546,0.17006119706126088,0.0,0.03823608640298806,0.15671548801839752,0.0
0.04852747257781546,0.17006119706126088,0.0,0.05766053542859184,0.15706866927091195,0.0
0.0899018742326122,0.022256868464214787,0.0,0.07035875067402114,0.036233915998140666,0.0
0.0899018742326122,0.022256868464214787,0.0,0.08901605211038337,0.040954112845898054,0.0
0.0899018742326122,0.022256868464214787,0.0,0.07036456799478803,0.018856039479438074,0.0
0.0899018742326122,0.022256868464214787,0.0,0.07887845424209196,0.005377335279405303,0.0
0.0899018742326122,0.022256868464214787,0.0,0.09843325145999934,0.003177366682831602,0.0
0.07035875067402114,0.036233915998140666,0.0,0.08901605211038337,0.040954112845898054,0.0
0.07035875067402114,0.036233915998140666,0.0,0.07036456799478803,0.018856039479438074,0.0
0.07035875067402114,0.036233915998140666,0.0,0.05339378638800308,0.023161009384803526,0.0
0.07035875067402114,0.036233915998140666,0.0,0.047970277674670506,0.039489539261020314,0.0
0.07035875067402114,0.036233915998140666,0.0,0.05963165800836018,0.05424084654222591,0.0
0.07035875067402114,0.036233915998140666,0.0,0.07957364238278856,0.0543401039008089,0.0
0.08901605211038337,0.040954112845898054,0.0,0.0989386277772226,0.05466307343219251,0.0
0.08901605211038337,0.040954112845898054,0.0,0.07957364238278856,0.0543401039008089,0.0
0.9606540458959356,0.2088023656315051,0.0,0.980318106281572,0.2096956954311213,0.0
0.9606540458959356,0.2088023656315051,0.0,0.9678977756417758,0.19117200775644322,0.0
0.9606540458959356,0.2088023656315051,0.0,0.9410212191544387,0.2073769316668632,0.0
0.9606540458959356,0.2088023656315051,0.0,0.9509069144980751,0.19540150987008328,0.0
0.980318106281572,0.2096956954311213,0.0,0.9678977756417758,0.19117200775644322,0.0
0.980318106281572,0.2096956954311213,0.0,0.9854716644624738,0.19515690923893012,0.0
0.980318106281572,0.2096956954311213,0.0,1.0,0.21,0.0
0.9678977756417758,0.19117200775644322,0.0,0.9653589273988233,0.1699815541378068,0.0
0.9678977756417758,0.19117200775644322,0.0,0.9500133610821728,0.17939294153524535,0.0
0.9678977756417758,0.19117200775644322,0.0,0.9854716644624738,0.19515690923893012,0.0
0.9678977756417758,0.19117200775644322,0.0,0.9831730267601746,0.17913073779647595,0.0
0.9678977756417758,0.19117200775644322,0.0,0.9509069144980751,0.19540150987008328,0.0
0.3846391449594325,0.1830371395784468,0.0,0.39759651879034724,0.16366901241617637,0.0
0.3846391449594325,0.1830371395784468,0.0,0.376605925184499,0.16375354764009944,0.0
0.3846391449594325,0.1830371395784468,0.0,0.3647762569711441,0.18088468380185507,0.0
0.3846391449594325,0.1830371395784468,0.0,0.3725585682950345,0.1996932487804034,0.0
0.39759651879034724,0.16366901241617637,0.0,0.376605925184499,0.16375354764009944,0.0
0.39759651879034724,0.16366901241617637,0.0,0.41711454823922384,0.16300628892589736,0.0
0.39759651879034724,0.16366901241617637,0.0,0.3879243574803757,0.1461565265609717,0.0
0.39759651879034724,0.16366901241617637,0.0,0.40783630998679693,0.14635695149045405,0.0
0.376605925184499,0.16375354764009944,0.0,0.35662992171250424,0.1623506447122103,0.0
0.376605925184499,0.16375354764009944,0.0,0.3647762569711441,0.18088468380185507,0.0
0.376605925184499,0.16375354764009944,0.0,0.3677549947781645,0.1456640085032029,0.0
0.376605925184499,0.16375354764009944,0.0,0.3879243574803757,0.1461565265609717,0.0
0.07036456799478803,0.018856039479438074,0.0,0.05339378638800308,0.023161009384803526,0.0
0.07036456799478803,0.018856039479438074,0.0,0.07887845424209196,0.005377335279405303,0.0
0.07036456799478803,0.018856039479438074,0.0,0.05929001029488474,0.00725113688748539,0.0
0.39229518692128407,0.002056854039923069,0.0,0.41183750000077307,0.004366151148176158,0.0
0.39229518692128407,0.002056854039923069,0.0,0.40007400311552027,0.022762299026769312,0.0
0.39229518692128407,0.002056854039923069,0.0,0.37276815156430576,-0.00037988565457402394,0.0
0.41183750000077307,0.004366151148176158,0.0,0.40007400311552027,0.022762299026769312,0.0
0.41183750000077307,0.004366151148176158,0.0,0.4202618371718204,0.02374201730201987,0.0
0.41183750000077307,0.004366151148176158,0.0,0.43140904590178086,0.006410301045456977,0.0
0.40007400311552027,0.022762299026769312,0.0,0.4202618371718204,0.02374201730201987,0.0
0.75486824568879,0.00704548304321603,0.0,0.7605861007281901,0.03018331427473324,0.0
0.75486824568879,0.00704548304321603,0.0,0.7366837834711861,0.0067950327275755115,0.0
0.75486824568879,0.00704548304321603,0.0,0.7450618346171625,0.021943171333931144,0.0
0.75486824568879,0.00704548304321603,0.0,0.745163679153882,-0.010080763742090592,0.0
0.778609469078964,0.1018914854747807,0.0,0.7986750595663639,0.10220993106280789,0.0
0.778609469078964,0.1018914854747807,0.0,0.787761492357553,0.12113586130990375,0.0
0.778609469078964,0.1018914854747807,0.0,0.7679085381415945,0.11970815807432393,0.0
0.778609469078964,0.1018914854747807,0.0,0.7691254744418178,0.08388837733345236,0.0
0.778609469078964,0.1018914854747807,0.0,0.7890959520971772,0.0843389852133167,0.0
0.778609469078964,0.1018914854747807,0.0,0.7587678214057171,0.1010115633570736,0.0
0.7986750595663639,0.10220993106280789,0.0,0.787761492357553,0.12113586130990375,0.0
0.7986750595663639,0.10220993106280789,0.0,0.8090997532519698,0.08471344063487163,0.0
0.7986750595663639,0.10220993106280789,0.0,0.7890959520971772,0.0843389852133167,0.0
0.787761492357553,0.12113586130990375,0.0,0.776975899551728,0.13847450283756285,0.0
0.787761492357553,0.12113586130990375,0.0,0.7679085381415945,0.11970815807432393,0.0
0.06788659276207959,0.1930950597683972,0.0,0.07857462076905876,0.2055086350173741,0.0
0.06788659276207959,0.1930950597683972,0.0,0.05897878113556556,0.2073769316422593,0.0
0.6275626973251455,-0.00042144222936946196,0.0,0.6470920921135297,-0.002840088390674271,0.0
0.6275626973251455,-0.00042144222936946196,0.0,0.639335490980397,0.01668093387298248,0.0
0.6275626973251455,-0.00042144222936946196,0.0,0.6198608579408109,0.01825487765482374,0.0
0.6275626973251455,-0.00042144222936946196,0.0,0.6080357724272986,0.002016223768245397,0.0
0.6470920921135297,-0.002840088390674271,0.0,0.639335490980397,0.01668093387298248,0.0
0.639335490980397,0.01668093387298248,0.0,0.6198608579408109,0.01825487765482374,0.0
0.639335490980397,0.01668093387298248,0.0,0.631353564946767,0.036188589617233806,0.0
0.7058394414422194,-0.008598616761214286,0.0,0.7254907144949958,-0.009628684683611987,0.0
0.7254907144949958,-0.009628684683611987,0.0,0.7366837834711861,0.0067950327275755115,0.0
0.7254907144949958,-0.009628684683611987,0.0,0.745163679153882,-0.010080763742090592,0.0
0.7358694959957152,0.17207095291762156,0.0,0.7273261601497861,0.15297203554252314,0.0
0.7358694959957152,0.17207095291762156,0.0,0.7253997900510565,0.1904740301919498,0.0
0.7358694959957152,0.17207095291762156,0.0,0.7467488649901601,0.15499053983503694,0.0
0.7358694959957152,0.17207095291762156,0.0,0.7556069563635659,0.1727872772266734,0.0
0.7358694959957152,0.17207095291762156,0.0,0.7450787942757616,0.1900191158835712,0.0
0.7273261601497861,0.15297203554252314,0.0,0.7467488649901601,0.15499053983503694,0.0
0.7273261601497861,0.15297203554252314,0.0,0.7376551148080611,0.13614922331984772,0.0
0.7273261601497861,0.15297203554252314,0.0,0.7180920377197635,0.1348901066342827,0.0
0.7708737076456951,0.04901071270733947,0.0,0.7605861007281901,0.03018331427473324,0.0
0.7708737076456951,0.04901071270733947,0.0,0.7550305879070679,0.05039838391505112,0.0
0.7708737076456951,0.04901071270733947,0.0,0.7794458993165542,0.06675957803214165,0.0
0.7708737076456951,0.04901071270733947,0.0,0.760547625071839,0.06689488847340425,0.0
0.7708737076456951,0.04901071270733947,0.0,0.7898801042008161,0.0494760696972636,0.0
0.7605861007281901,0.03018331427473324,0.0,0.7550305879070679,0.05039838391505112,0.0
0.7605861007281901,0.03018331427473324,0.0,0.7450618346171625,0.021943171333931144,0.0
0.7550305879070679,0.05039838391505112,0.0,0.760547625071839,0.06689488847340425,0.0
0.9697233669860057,0.02618318122373365,0.0,0.959513969850364,0.04127049769933477,0.0
0.9697233669860057,0.02618318122373365,0.0,0.9814673692853975,0.04089973587069781,0.0
0.9697233669860057,0.02618318122373365,0.0,0.9495126422777621,0.025090780748039814,0.0
0.9697233669860057,0.02618318122373365,0.0,0.9606681484363816,0.008703933884119101,0.0
0.9697233669860057,0.02618318122373365,0.0,0.9803251881070725,0.009596685117941824,0.0
0.9697233669860057,0.02618318122373365,0.0,0.9855627649402091,0.02416241755699509,0.0
0.959513969850364,0.04127049769933477,0.0,0.9814673692853975,0.04089973587069781,0.0
0.959513969850364,0.04127049769933477,0.0,0.9682650174592792,0.05495737640845227,0.0
0.959513969850364,0.04127049769933477,0.0,0.9486389585900014,0.05951682385781415,0.0
0.959513969850364,0.04127049769933477,0.0,0.937957815674002,0.041427749481592314,0.0
0.959513969850364,0.04127049769933477,0.0,0.9495126422777621,0.025090780748039814,0.0
0.9814673692853975,0.04089973587069781,0.0,0.9682650174592792,0.05495737640845227,0.0
0.9814673692853975,0.04089973587069781,0.0,1.0,0.04992191776619575,0.0
0.9814673692853975,0.04089973587069781,0.0,0.9832149854301984,0.06085466932031805,0.0
0.9814673692853975,0.04089973587069781,0.0,1.0,0.029911510812181474,0.0
0.9814673692853975,0.04089973587069781,0.0,0.9855627649402091,0.02416241755699509,0.0
0.9485256977059136,0.15849566005781254,0.0,0.9653589273988233,0.1699815541378068,0.0
0.9485256977059136,0.15849566005781254,0.0,0.9500133610821728,0.17939294153524535,0.0
0.9485256977059136,0.15849566005781254,0.0,0.9581413795351894,0.13937368083007226,0.0
0.9485256977059136,0.15849566005781254,0.0,0.9670157626327516,0.15348131894372544,0.0
0.9485256977059136,0.15849566005781254,0.0,0.934831769827574,0.17140953969391623,0.0
0.9485256977059136,0.15849566005781254,0.0,0.9379597378477647,0.13911414478668682,0.0
0.9485256977059136,0.15849566005781254,0.0,0.9272486858796314,0.15587084230341589,0.0
0.9653589273988233,0.1699815541378068,0.0,0.9500133610821728,0.17939294153524535,0.0
0.9653589273988233,0.1699815541378068,0.0,0.9670157626327516,0.15348131894372544,0.0
0.9653589273988233,0.1699815541378068,0.0,0.9831730267601746,0.17913073779647595,0.0
0.9653589273988233,0.1699815541378068,0.0,0.9826794635418936,0.15997650915738898,0.0
0.9500133610821728,0.17939294153524535,0.0,0.934831769827574,0.17140953969391623,0.0
0.9500133610821728,0.17939294153524535,0.0,0.9328412030294818,0.18946420332198816,0.0
0.9500133610821728,0.17939294153524535,0.0,0.9509069144980751,0.19540150987008328,0.0
0.5304508304308968,0.04355293466897211,0.0,0.510072574006461,0.04406895320624606,0.0
0.5304508304308968,0.04355293466897211,0.0,0.5196010099645265,0.06182197437571959,0.0
0.5304508304308968,0.04355293466897211,0.0,0.5202556845062862,0.026506911020332737,0.0
0.5304508304308968,0.04355293466897211,0.0,0.5405098790799856,0.02564750980122012,0.0
0.776975899551728,0.13847450283756285,0.0,0.7572048164701792,0.13725406929603765,0.0
0.776975899551728,0.13847450283756285,0.0,0.7679085381415945,0.11970815807432393,0.0
0.776975899551728,0.13847450283756285,0.0,0.7861099656039108,0.15670034074398712,0.0
0.776975899551728,0.13847450283756285,0.0,0.7662569782588088,0.15588914387958813,0.0
0.7572048164701792,0.13725406929603765,0.0,0.7679085381415945,0.11970815807432393,0.0
0.7572048164701792,0.13725406929603765,0.0,0.748131751968416,0.11848136307512822,0.0
0.7572048164701792,0.13725406929603765,0.0,0.7467488649901601,0.15499053983503694,0.0
0.7572048164701792,0.13725406929603765,0.0,0.7376551148080611,0.13614922331984772,0.0
0.7572048164701792,0.13725406929603765,0.0,0.7662569782588088,0.15588914387958813,0.0
0.7679085381415945,0.11970815807432393,0.0,0.748131751968416,0.11848136307512822,0.0
0.7679085381415945,0.11970815807432393,0.0,0.7587678214057171,0.1010115633570736,0.0
0.9854716644624738,0.19515690923893012,0.0,0.9831730267601746,0.17913073779647595,0.0
0.9854716644624738,0.19515690923893012,0.0,1.0,0.18999075147021574,0.0
0.9854716644624738,0.19515690923893012,0.0,1.0,0.21,0.0
0.6670219335086564,0.08362937043922997,0.0,0.6549545224913476,0.0680113333771763,0.0
0.6670219335086564,0.08362937043922997,0.0,0.64712449851885,0.08457696166539845,0.0
0.6670219335086564,0.08362937043922997,0.0,0.6788176780664735,0.10020077598072798,0.0
0.6670219335086564,0.08362937043922997,0.0,0.6588207598082715,0.09988791991498526,0.0
0.6549545224913476,0.0680113333771763,0.0,0.64712449851885,0.08457696166539845,0.0
0.6549545224913476,0.0680113333771763,0.0,0.6425420324809058,0.052343688715295766,0.0
0.6549545224913476,0.0680113333771763,0.0,0.6625794803560786,0.05083715367436704,0.0
0.6549545224913476,0.0680113333771763,0.0,0.6349853487819473,0.06919163553834297,0.0
0.35662992171250424,0.1623506447122103,0.0,0.3647762569711441,0.18088468380185507,0.0
0.35662992171250424,0.1623506447122103,0.0,0.3452013062776938,0.17920028972671964,0.0
0.35662992171250424,0.1623506447122103,0.0,0.33642704096766246,0.1603861820307042,0.0
0.35662992171250424,0.1623506447122103,0.0,0.3677549947781645,0.1456640085032029,0.0
0.35662992171250424,0.1623506447122103,0.0,0.3475714528756586,0.1444911363565695,0.0
0.3647762569711441,0.18088468380185507,0.0,0.3452013062776938,0.17920028972671964,0.0
0.3647762569711441,0.18088468380185507,0.0,0.3530228816138251,0.1972732469543295,0.0
0.3647762569711441,0.18088468380185507,0.0,0.3725585682950345,0.1996932487804034,0.0
0.64712449851885,0.08457696166539845,0.0,0.6388215705555846,0.09981694970696454,0.0
0.64712449851885,0.08457696166539845,0.0,0.6588207598082715,0.09988791991498526,0.0
0.64712449851885,0.08457696166539845,0.0,0.6349853487819473,0.06919163553834297,0.0
0.64712449851885,0.08457696166539845,0.0,0.6277844146358275,0.08555145695809736,0.0
0.4202618371718204,0.02374201730201987,0.0,0.43140904590178086,0.006410301045456977,0.0
0.4202618371718204,0.02374201730201987,0.0,0.44009046708666066,0.024980121563736666,0.0
0.4202618371718204,0.02374201730201987,0.0,0.42929302863179525,0.04177802597009858,0.0
0.41711454823922384,0.16300628892589736,0.0,0.4281464521731271,0.17651649322341548,0.0
0.41711454823922384,0.16300628892589736,0.0,0.4279117826482647,0.14689665335825017,0.0
0.41711454823922384,0.16300628892589736,0.0,0.4375997979536343,0.16386302466062913,0.0
0.41711454823922384,0.16300628892589736,0.0,0.40783630998679693,0.14635695149045405,0.0
0.4281464521731271,0.17651649322341548,0.0,0.42338921482091424,0.1917647431829046,0.0
0.4281464521731271,0.17651649322341548,0.0,0.4375997979536343,0.16386302466062913,0.0
0.4281464521731271,0.17651649322341548,0.0,0.4400157649735498,0.19163170636978133,0.0
0.4281464521731271,0.17651649322341548,0.0,0.4473724046905587,0.17625725089978,0.0
0.8517843936661167,0.01576781233364789,0.0,0.8433024821537239,-0.003978147628957466,0.0
0.8517843936661167,0.01576781233364789,0.0,0.862839486299653,-0.0016216466759548052,0.0
0.8517843936661167,0.01576781233364789,0.0,0.8710187037544167,0.01660384575729263,0.0
0.8517843936661167,0.01576781233364789,0.0,0.8595117630490113,0.03367109880690324,0.0
0.7057425391897695,0.1915070909240959,0.0,0.7253997900510565,0.1904740301919498,0.0
0.7057425391897695,0.1915070909240959,0.0,0.6861187615548019,0.1930527247722307,0.0
0.7253997900510565,0.1904740301919498,0.0,0.7450787942757616,0.1900191158835712,0.0
0.032308373594753456,0.10706671441727776,0.0,0.01837846700929105,0.12125653686448938,0.0
0.032308373594753456,0.10706671441727776,0.0,0.03892597347131746,0.1226045611693959,0.0
0.032308373594753456,0.10706671441727776,0.0,0.048616994551955395,0.10521477581206216,0.0
0.04009645869815383,0.056043455327516076,0.0,0.01973005302143649,0.05786674814378398,0.0
0.04009645869815383,0.056043455327516076,0.0,0.03163516614607706,0.04222540227708642,0.0
0.04009645869815383,0.056043455327516076,0.0,0.047970277674670506,0.039489539261020314,0.0
0.04009645869815383,0.056043455327516076,0.0,0.03206855719633913,0.07014980976218335,0.0
0.04009645869815383,0.056043455327516076,0.0,0.049685988721819306,0.07052782995871161,0.0
0.04009645869815383,0.056043455327516076,0.0,0.05963165800836018,0.05424084654222591,0.0
0.01973005302143649,0.05786674814378398,0.0,0.03163516614607706,0.04222540227708642,0.0
0.01973005302143649,0.05786674814378398,0.0,0.01609165488409916,0.03852939391910565,0.0
0.01973005302143649,0.05786674814378398,0.0,0.03206855719633913,0.07014980976218335,0.0
0.01973005302143649,0.05786674814378398,0.0,0.0002334111370453746,0.06993210023464948,0.0
0.01973005302143649,0.05786674814378398,0.0,0.0002667555851949112,0.049921854000623635,0.0
0.03163516614607706,0.04222540227708642,0.0,0.01609165488409916,0.03852939391910565,0.0
0.03163516614607706,0.04222540227708642,0.0,0.03228971663192249,0.026568172519022524,0.0
0.03163516614607706,0.04222540227708642,0.0,0.047970277674670506,0.039489539261020314,0.0
0.9797723150033404,0.1398144432420188,0.0,0.9581413795351894,0.13937368083007226,0.0
0.9797723150033404,0.1398144432420188,0.0,0.9670157626327516,0.15348131894372544,0.0
0.9797723150033404,0.1398144432420188,0.0,0.9671357751875069,0.12589037476351891,0.0
0.9797723150033404,0.1398144432420188,0.0,0.9826794635418936,0.15997650915738898,0.0
0.9797723150033404,0.1398144432420188,0.0,1.0,0.12996202231810783,0.0
0.9797723150033404,0.1398144432420188,0.0,0.9826795304755462,0.11995710588923521,0.0
0.9797723150033404,0.1398144432420188,0.0,1.0,0.14997172385728458,0.0
0.9581413795351894,0.13937368083007226,0.0,0.9670157626327516,0.15348131894372544,0.0
0.9581413795351894,0.13937368083007226,0.0,0.9671357751875069,0.12589037476351891,0.0
0.9581413795351894,0.13937368083007226,0.0,0.9483888527543363,0.12049585533284847,0.0
0.9581413795351894,0.13937368083007226,0.0,0.9379597378477647,0.13911414478668682,0.0
0.9670157626327516,0.15348131894372544,0.0,0.9826794635418936,0.15997650915738898,0.0
0.9671357751875069,0.12589037476351891,0.0,0.9483888527543363,0.12049585533284847,0.0
0.9671357751875069,0.12589037476351891,0.0,0.9657892333939153,0.10939786392889751,0.0
0.9671357751875069,0.12589037476351891,0.0,0.9826795304755462,0.11995710588923521,0.0
0.6198608579408109,0.01825487765482374,0.0,0.6115065748276357,0.03759403182078985,0.0
0.6198608579408109,0.01825487765482374,0.0,0.631353564946767,0.036188589617233806,0.0
0.6198608579408109,0.01825487765482374,0.0,0.5999903813148352,0.020751847645163326,0.0
0.6198608579408109,0.01825487765482374,0.0,0.6080357724272986,0.002016223768245397,0.0
0.6115065748276357,0.03759403182078985,0.0,0.631353564946767,0.036188589617233806,0.0
0.6115065748276357,0.03759403182078985,0.0,0.5999903813148352,0.020751847645163326,0.0
0.6115065748276357,0.03759403182078985,0.0,0.5918082610022731,0.039658871774414704,0.0
0.6115065748276357,0.03759403182078985,0.0,0.6028814045344406,0.05598017730083906,0.0
0.6115065748276357,0.03759403182078985,0.0,0.6226814248199625,0.0544471430315555,0.0
0.631353564946767,0.036188589617233806,0.0,0.6226814248199625,0.0544471430315555,0.0
0.631353564946767,0.036188589617233806,0.0,0.6425420324809058,0.052343688715295766,0.0
0.5891648013898668,0.08055253422865785,0.0,0.5842649578199839,0.06008034914041572,0.0
0.5891648013898668,0.08055253422865785,0.0,0.5996029978197579,0.07026683262649647,0.0
0.5891648013898668,0.08055253422865785,0.0,0.5989549355333593,0.09883510026181025,0.0
0.5891648013898668,0.08055253422865785,0.0,0.6084374824491736,0.08512098194540163,0.0
0.5842649578199839,0.06008034914041572,0.0,0.5996029978197579,0.07026683262649647,0.0
0.5842649578199839,0.06008034914041572,0.0,0.5918082610022731,0.039658871774414704,0.0
0.5842649578199839,0.06008034914041572,0.0,0.5717039754240412,0.040798069734628274,0.0
0.5842649578199839,0.06008034914041572,0.0,0.6028814045344406,0.05598017730083906,0.0
0.748131751968416,0.11848136307512822,0.0,0.7376551148080611,0.13614922331984772,0.0
0.748131751968416,0.11848136307512822,0.0,0.7388095348875194,0.10069744446114977,0.0
0.748131751968416,0.11848136307512822,0.0,0.728327440430571,0.117817458664478,0.0
0.748131751968416,0.11848136307512822,0.0,0.7587678214057171,0.1010115633570736,0.0
0.42907679598817283,0.07759730394332429,0.0,0.4489315466204809,0.07791920583590724,0.0
0.42907679598817283,0.07759730394332429,0.0,0.43884976341314413,0.05988031644559929,0.0
0.42907679598817283,0.07759730394332429,0.0,0.4388705536262949,0.09513001782257445,0.0
0.42907679598817283,0.07759730394332429,0.0,0.4188739285587212,0.09476518828619666,0.0
0.6772547717111049,0.16267914012127763,0.0,0.6678798427412282,0.15085141261005258,0.0
0.6772547717111049,0.16267914012127763,0.0,0.6724328695628605,0.17773634229734261,0.0
0.6772547717111049,0.16267914012127763,0.0,0.6587575062359837,0.16411570682824117,0.0
0.017478459558678106,0.15833889226426945,0.0,0.02877935010057418,0.1398435778432425,0.0
0.017478459558678106,0.15833889226426945,0.0,0.03823608640298806,0.15671548801839752,0.0
0.017478459558678106,0.15833889226426945,0.0,0.012444547634844106,0.1399577822127665,0.0
0.017478459558678106,0.15833889226426945,0.0,6.668889629864687e-05,0.16998127652495798,0.0
0.017478459558678106,0.15833889226426945,0.0,0.0001000333444479161,0.14997168487145188,0.0
0.017478459558678106,0.15833889226426945,0.0,0.014343850146194687,0.17474974457834985,0.0
0.02877935010057418,0.1398435778432425,0.0,0.03823608640298806,0.15671548801839752,0.0
0.02877935010057418,0.1398435778432425,0.0,0.01837846700929105,0.12125653686448938,0.0
0.02877935010057418,0.1398435778432425,0.0,0.03892597347131746,0.1226045611693959,0.0
0.02877935010057418,0.1398435778432425,0.0,0.012444547634844106,0.1399577822127665,0.0
0.02877935010057418,0.1398435778432425,0.0,0.047976703563086615,0.13986685516156372,0.0
0.03823608640298806,0.15671548801839752,0.0,0.047976703563086615,0.13986685516156372,0.0
0.03823608640298806,0.15671548801839752,0.0,0.05766053542859184,0.15706866927091195,0.0
0.8593639130182865,0.06831262790705465,0.0,0.8794004992214214,0.07055080697031367,0.0
0.8593639130182865,0.06831262790705465,0.0,0.8690908733140198,0.05178791155271941,0.0
0.8593639130182865,0.06831262790705465,0.0,0.8394321880636584,0.06795506815851733,0.0
0.8593639130182865,0.06831262790705465,0.0,0.8493511908681042,0.0505882365143338,0.0
0.8593639130182865,0.06831262790705465,0.0,0.8491367517406488,0.08569298403723397,0.0
0.8593639130182865,0.06831262790705465,0.0,0.8691239222773789,0.08634068947146074,0.0
0.8794004992214214,0.07055080697031367,0.0,0.8690908733140198,0.05178791155271941,0.0
0.8794004992214214,0.07055080697031367,0.0,0.8982365503492025,0.07063290582633228,0.0
0.8794004992214214,0.07055080697031367,0.0,0.8881589349092263,0.0526654903705869,0.0
0.8794004992214214,0.07055080697031367,0.0,0.8891112380817411,0.08658492370689107,0.0
0.8794004992214214,0.07055080697031367,0.0,0.8691239222773789,0.08634068947146074,0.0
0.8690908733140198,0.05178791155271941,0.0,0.8881589349092263,0.0526654903705869,0.0
0.8690908733140198,0.05178791155271941,0.0,0.8787589140377785,0.0349392204937956,0.0
0.8690908733140198,0.05178791155271941,0.0,0.8595117630490113,0.03367109880690324,0.0
0.8690908733140198,0.05178791155271941,0.0,0.8493511908681042,0.0505882365143338,0.0
0.8643683317020977,0.17741679644424724,0.0,0.8714855745914479,0.15793235700919828,0.0
0.8643683317020977,0.17741679644424724,0.0,0.8627921253644149,0.1984719234020252,0.0
0.8643683317020977,0.17741679644424724,0.0,0.8813609397039032,0.1729149784258416,0.0
0.8643683317020977,0.17741679644424724,0.0,0.8772077055658868,0.1870760552327164,0.0
0.8982365503492025,0.07063290582633228,0.0,0.9081545778204166,0.05474509764418977,0.0
0.8982365503492025,0.07063290582633228,0.0,0.9179705144812415,0.07148290510066813,0.0
0.8982365503492025,0.07063290582633228,0.0,0.8881589349092263,0.0526654903705869,0.0
0.8982365503492025,0.07063290582633228,0.0,0.8891112380817411,0.08658492370689107,0.0
0.8982365503492025,0.07063290582633228,0.0,0.9090989354623713,0.08721337627475653,0.0
0.9081545778204166,0.05474509764418977,0.0,0.9179705144812415,0.07148290510066813,0.0
0.9081545778204166,0.05474509764418977,0.0,0.9271154489323414,0.05622432981525433,0.0
0.9081545778204166,0.05474509764418977,0.0,0.8881589349092263,0.0526654903705869,0.0
0.9081545778204166,0.05474509764418977,0.0,0.8980886847719872,0.036768787012842696,0.0
0.9081545778204166,0.05474509764418977,0.0,0.9179688828552273,0.039017308921753306,0.0
0.9179705144812415,0.07148290510066813,0.0,0.9302323760139622,0.08898097879507653,0.0
0.9179705144812415,0.07148290510066813,0.0,0.9271154489323414,0.05622432981525433,0.0
0.9179705144812415,0.07148290510066813,0.0,0.9090989354623713,0.08721337627475653,0.0
0.9179705144812415,0.07148290510066813,0.0,0.9349852100148459,0.0711007915995147,0.0
0.42338921482091424,0.1917647431829046,0.0,0.4312186625324201,0.2064914855210821,0.0
0.42338921482091424,0.1917647431829046,0.0,0.4400157649735498,0.19163170636978133,0.0
0.21641023238308735,0.12524464345348033,0.0,0.20433280621287594,0.14195799981725207,0.0
0.21641023238308735,0.12524464345348033,0.0,0.22489964613529437,0.14166039854412124,0.0
0.21641023238308735,0.12524464345348033,0.0,0.19639782952294096,0.12483391618258069,0.0
0.21641023238308735,0.12524464345348033,0.0,0.22858635158090962,0.10855022661707704,0.0
0.21641023238308735,0.12524464345348033,0.0,0.20858972541175208,0.10817994124604095,0.0
0.21641023238308735,0.12524464345348033,0.0,0.2373216924077895,0.12549536759424387,0.0
0.20433280621287594,0.14195799981725207,0.0,0.22489964613529437,0.14166039854412124,0.0
0.20433280621287594,0.14195799981725207,0.0,0.21445144000327723,0.15718856216741292,0.0
0.20433280621287594,0.14195799981725207,0.0,0.1936305148502806,0.1586396666143256,0.0
0.20433280621287594,0.14195799981725207,0.0,0.19639782952294096,0.12483391618258069,0.0
0.22489964613529437,0.14166039854412124,0.0,0.21445144000327723,0.15718856216741292,0.0
0.22489964613529437,0.14166039854412124,0.0,0.2351357485272395,0.1559183767683576,0.0
0.22489964613529437,0.14166039854412124,0.0,0.2373216924077895,0.12549536759424387,0.0
0.22489964613529437,0.14166039854412124,0.0,0.24533227119194645,0.14171812519037358,0.0
0.9682650174592792,0.05495737640845227,0.0,0.9486389585900014,0.05951682385781415,0.0
0.9682650174592792,0.05495737640845227,0.0,0.966202611372025,0.0708383286243902,0.0
0.9682650174592792,0.05495737640845227,0.0,0.9832149854301984,0.06085466932031805,0.0
0.9302323760139622,0.08898097879507653,0.0,0.9486633349055696,0.099267820179292,0.0
0.9302323760139622,0.08898097879507653,0.0,0.9488850114666086,0.07977479461953552,0.0
0.9302323760139622,0.08898097879507653,0.0,0.9340998317420268,0.10694446397801144,0.0
0.9302323760139622,0.08898097879507653,0.0,0.9090989354623713,0.08721337627475653,0.0
0.9302323760139622,0.08898097879507653,0.0,0.9180061721672266,0.10456087662522433,0.0
0.9302323760139622,0.08898097879507653,0.0,0.9349852100148459,0.0711007915995147,0.0
0.9486633349055696,0.099267820179292,0.0,0.9488850114666086,0.07977479461953552,0.0
0.9486633349055696,0.099267820179292,0.0,0.9483888527543363,0.12049585533284847,0.0
0.9486633349055696,0.099267820179292,0.0,0.9657892333939153,0.10939786392889751,0.0
0.9486633349055696,0.099267820179292,0.0,0.9340998317420268,0.10694446397801144,0.0
0.9486633349055696,0.099267820179292,0.0,0.9654308837614627,0.0898500274457676,0.0
0.9488850114666086,0.07977479461953552,0.0,0.9486389585900014,0.05951682385781415,0.0
0.9488850114666086,0.07977479461953552,0.0,0.966202611372025,0.0708383286243902,0.0
0.9488850114666086,0.07977479461953552,0.0,0.9654308837614627,0.0898500274457676,0.0
0.9488850114666086,0.07977479461953552,0.0,0.9349852100148459,0.0711007915995147,0.0
0.510072574006461,0.04406895320624606,0.0,0.5196010099645265,0.06182197437571959,0.0
0.510072574006461,0.04406895320624606,0.0,0.5202556845062862,0.026506911020332737,0.0
0.510072574006461,0.04406895320624606,0.0,0.500051482380384,0.026874226932852296,0.0
0.510072574006461,0.04406895320624606,0.0,0.48979834093999797,0.0440750766208089,0.0
0.510072574006461,0.04406895320624606,0.0,0.499547559078951,0.06151122259008487,0.0
0.5196010099645265,0.06182197437571959,0.0,0.499547559078951,0.06151122259008487,0.0
0.5196010099645265,0.06182197437571959,0.0,0.5091788889225424,0.07907084959173516,0.0
0.8063719028939385,0.15784478923772846,0.0,0.8153373282253313,0.17603023173883298,0.0
0.8063719028939385,0.15784478923772846,0.0,0.7953286426992925,0.17454110124738637,0.0
0.8063719028939385,0.15784478923772846,0.0,0.7861099656039108,0.15670034074398712,0.0
0.9271154489323414,0.05622432981525433,0.0,0.9486389585900014,0.05951682385781415,0.0
0.9271154489323414,0.05622432981525433,0.0,0.937957815674002,0.041427749481592314,0.0
0.9271154489323414,0.05622432981525433,0.0,0.9179688828552273,0.039017308921753306,0.0
0.9271154489323414,0.05622432981525433,0.0,0.9349852100148459,0.0711007915995147,0.0
0.21445144000327723,0.15718856216741292,0.0,0.20477687579058895,0.17466017197931208,0.0
0.21445144000327723,0.15718856216741292,0.0,0.1936305148502806,0.1586396666143256,0.0
0.21445144000327723,0.15718856216741292,0.0,0.22484050899103988,0.17346225673042195,0.0
0.21445144000327723,0.15718856216741292,0.0,0.2351357485272395,0.1559183767683576,0.0
0.20477687579058895,0.17466017197931208,0.0,0.1936305148502806,0.1586396666143256,0.0
0.20477687579058895,0.17466017197931208,0.0,0.22484050899103988,0.17346225673042195,0.0
0.20477687579058895,0.17466017197931208,0.0,0.18461780916639614,0.17610889952545683,0.0
0.20477687579058895,0.17466017197931208,0.0,0.2155675444190997,0.1909215933815534,0.0
0.20477687579058895,0.17466017197931208,0.0,0.1959260328513177,0.1922212147213933,0.0
0.1936305148502806,0.1586396666143256,0.0,0.17314153000649174,0.16008337130294956,0.0
0.1936305148502806,0.1586396666143256,0.0,0.18461780916639614,0.17610889952545683,0.0
0.8433024821537239,-0.003978147628957466,0.0,0.862839486299653,-0.0016216466759548052,0.0
0.862839486299653,-0.0016216466759548052,0.0,0.8710187037544167,0.01660384575729263,0.0
0.862839486299653,-0.0016216466759548052,0.0,0.8823653810543999,0.0008247796970478236,0.0
0.01837846700929105,0.12125653686448938,0.0,0.03892597347131746,0.1226045611693959,0.0
0.01837846700929105,0.12125653686448938,0.0,0.012444547634844106,0.1399577822127665,0.0
0.01837846700929105,0.12125653686448938,0.0,0.0001667222407464953,0.10995215141254426,0.0
0.01837846700929105,0.12125653686448938,0.0,0.0001333777925972035,0.12996197504689785,0.0
0.03892597347131746,0.1226045611693959,0.0,0.047976703563086615,0.13986685516156372,0.0
0.03892597347131746,0.1226045611693959,0.0,0.048616994551955395,0.10521477581206216,0.0
0.03892597347131746,0.1226045611693959,0.0,0.058295144151008865,0.12272607449406416,0.0
0.5999903813148352,0.020751847645163326,0.0,0.5918082610022731,0.039658871774414704,0.0
0.5999903813148352,0.020751847645163326,0.0,0.580237029760954,0.022658272551009946,0.0
0.5999903813148352,0.020751847645163326,0.0,0.588493850023393,0.00432885520249807,0.0
0.5999903813148352,0.020751847645163326,0.0,0.6080357724272986,0.002016223768245397,0.0
0.43140904590178086,0.006410301045456977,0.0,0.44009046708666066,0.024980121563736666,0.0
0.43140904590178086,0.006410301045456977,0.0,0.4510170199224986,0.008065326071556191,0.0
0.2582642973985468,0.023259028937478655,0.0,0.2654469252364531,0.005829095176082583,0.0
0.2582642973985468,0.023259028937478655,0.0,0.23946244827415292,0.02384526866938065,0.0
0.2582642973985468,0.023259028937478655,0.0,0.24698737017564515,0.006471091068127685,0.0
0.2582642973985468,0.023259028937478655,0.0,0.24985700153198528,0.03998976716292291,0.0
0.2582642973985468,0.023259028937478655,0.0,0.2698534342928558,0.04018093761424161,0.0
0.2654469252364531,0.005829095176082583,0.0,0.24698737017564515,0.006471091068127685,0.0
0.2654469252364531,0.005829095176082583,0.0,0.25516976522871637,-0.01007813116691339,0.0
0.2654469252364531,0.005829095176082583,0.0,0.27484249542060857,-0.009615908294924938,0.0
0.5996029978197579,0.07026683262649647,0.0,0.6028814045344406,0.05598017730083906,0.0
0.5996029978197579,0.07026683262649647,0.0,0.6148081291184877,0.0719050677048386,0.0
0.5996029978197579,0.07026683262649647,0.0,0.6084374824491736,0.08512098194540163,0.0
0.3452013062776938,0.17920028972671964,0.0,0.33642704096766246,0.1603861820307042,0.0
0.3452013062776938,0.17920028972671964,0.0,0.3250819300315365,0.17682262764823342,0.0
0.3452013062776938,0.17920028972671964,0.0,0.3334679733597575,0.1950146597444102,0.0
0.3452013062776938,0.17920028972671964,0.0,0.3530228816138251,0.1972732469543295,0.0
0.33642704096766246,0.1603861820307042,0.0,0.31645789250357625,0.1590169515681107,0.0
0.33642704096766246,0.1603861820307042,0.0,0.3250819300315365,0.17682262764823342,0.0
0.33642704096766246,0.1603861820307042,0.0,0.3475714528756586,0.1444911363565695,0.0
0.33642704096766246,0.1603861820307042,0.0,0.3275052081833232,0.14339010137993125,0.0
0.8714855745914479,0.15793235700919828,0.0,0.8798429330188277,0.13897990373505442,0.0
0.8714855745914479,0.15793235700919828,0.0,0.889327318346097,0.15517111641730796,0.0
0.8714855745914479,0.15793235700919828,0.0,0.8813609397039032,0.1729149784258416,0.0
0.4489315466204809,0.07791920583590724,0.0,0.43884976341314413,0.05988031644559929,0.0
0.4489315466204809,0.07791920583590724,0.0,0.45926154699794625,0.060658327550992285,0.0
0.4489315466204809,0.07791920583590724,0.0,0.4388705536262949,0.09513001782257445,0.0
0.4489315466204809,0.07791920583590724,0.0,0.45886742124706126,0.09547708224418333,0.0
0.4489315466204809,0.07791920583590724,0.0,0.46917770857157065,0.07833401184763758,0.0
0.43884976341314413,0.05988031644559929,0.0,0.45926154699794625,0.060658327550992285,0.0
0.43884976341314413,0.05988031644559929,0.0,0.44945307243414756,0.042888751752947166,0.0
0.43884976341314413,0.05988031644559929,0.0,0.42929302863179525,0.04177802597009858,0.0
0.45926154699794625,0.060658327550992285,0.0,0.44945307243414756,0.042888751752947166,0.0
0.45926154699794625,0.060658327550992285,0.0,0.4696734079942536,0.043722033393722326,0.0
0.45926154699794625,0.060658327550992285,0.0,0.46917770857157065,0.07833401184763758,0.0
0.45926154699794625,0.060658327550992285,0.0,0.4794837788149845,0.06120574356490698,0.0
0.3610622241888232,0.015583073692700974,0.0,0.34243696412658714,0.012069405407144098,0.0
0.3610622241888232,0.015583073692700974,0.0,0.37276815156430576,-0.00037988565457402394,0.0
0.3610622241888232,0.015583073692700974,0.0,0.3532389480707933,-0.0028000586730017613,0.0
0.8798429330188277,0.13897990373505442,0.0,0.889327318346097,0.15517111641730796,0.0
0.8798429330188277,0.13897990373505442,0.0,0.8983299186301182,0.13816974646759222,0.0
0.8798429330188277,0.13897990373505442,0.0,0.8891141643697781,0.12084833512839413,0.0
0.30540782549001805,0.17527643396016393,0.0,0.2957756449444684,0.1577573287642578,0.0
0.30540782549001805,0.17527643396016393,0.0,0.31645789250357625,0.1590169515681107,0.0
0.30540782549001805,0.17527643396016393,0.0,0.3250819300315365,0.17682262764823342,0.0
0.30540782549001805,0.17527643396016393,0.0,0.2849840725247766,0.17370627926219853,0.0
0.30540782549001805,0.17527643396016393,0.0,0.2942574624549822,0.1915070910332105,0.0
0.30540782549001805,0.17527643396016393,0.0,0.313881240220007,0.1930527249326497,0.0
0.2957756449444684,0.1577573287642578,0.0,0.31645789250357625,0.1590169515681107,0.0
0.2957756449444684,0.1577573287642578,0.0,0.2849840725247766,0.17370627926219853,0.0
0.2957756449444684,0.1577573287642578,0.0,0.27519691525822515,0.15587484117255443,0.0
0.2957756449444684,0.1577573287642578,0.0,0.3068358732643367,0.14264043039066152,0.0
0.2957756449444684,0.1577573287642578,0.0,0.2858699076885487,0.1419838757185006,0.0
0.31645789250357625,0.1590169515681107,0.0,0.3250819300315365,0.17682262764823342,0.0
0.31645789250357625,0.1590169515681107,0.0,0.3068358732643367,0.14264043039066152,0.0
0.31645789250357625,0.1590169515681107,0.0,0.3275052081833232,0.14339010137993125,0.0
0.7467488649901601,0.15499053983503694,0.0,0.7376551148080611,0.13614922331984772,0.0
0.7467488649901601,0.15499053983503694,0.0,0.7556069563635659,0.1727872772266734,0.0
0.7467488649901601,0.15499053983503694,0.0,0.7662569782588088,0.15588914387958813,0.0
0.889327318346097,0.15517111641730796,0.0,0.8813609397039032,0.1729149784258416,0.0
0.889327318346097,0.15517111641730796,0.0,0.8983299186301182,0.13816974646759222,0.0
0.889327318346097,0.15517111641730796,0.0,0.9080893541136473,0.15489066136742788,0.0
0.9483888527543363,0.12049585533284847,0.0,0.9657892333939153,0.10939786392889751,0.0
0.9483888527543363,0.12049585533284847,0.0,0.9340998317420268,0.10694446397801144,0.0
0.9483888527543363,0.12049585533284847,0.0,0.9379597378477647,0.13911414478668682,0.0
0.9483888527543363,0.12049585533284847,0.0,0.9275337262836296,0.12204174601389366,0.0
0.9657892333939153,0.10939786392889751,0.0,0.9826795304755462,0.11995710588923521,0.0
0.9657892333939153,0.10939786392889751,0.0,0.9826795728643603,0.09994721467338753,0.0
0.9657892333939153,0.10939786392889751,0.0,0.9654308837614627,0.0898500274457676,0.0
0.01609165488409916,0.03852939391910565,0.0,0.03228971663192249,0.026568172519022524,0.0
0.01609165488409916,0.03852939391910565,0.0,0.0002667555851949112,0.049921854000623635,0.0
0.01609165488409916,0.03852939391910565,0.0,0.0003001000333443396,0.029911430520553936,0.0
0.01609165488409916,0.03852939391910565,0.0,0.014572460804291117,0.023894456002767833,0.0
0.19639782952294096,0.12483391618258069,0.0,0.20858972541175208,0.10817994124604095,0.0
0.19639782952294096,0.12483391618258069,0.0,0.18859816735596718,0.10753516828507444,0.0
0.44009046708666066,0.024980121563736666,0.0,0.44945307243414756,0.042888751752947166,0.0
0.44009046708666066,0.024980121563736666,0.0,0.42929302863179525,0.04177802597009858,0.0
0.44009046708666066,0.024980121563736666,0.0,0.46018643704916423,0.026029139806042767,0.0
0.44009046708666066,0.024980121563736666,0.0,0.4510170199224986,0.008065326071556191,0.0
0.44945307243414756,0.042888751752947166,0.0,0.42929302863179525,0.04177802597009858,0.0
0.44945307243414756,0.042888751752947166,0.0,0.46018643704916423,0.026029139806042767,0.0
0.44945307243414756,0.042888751752947166,0.0,0.4696734079942536,0.043722033393722326,0.0
0.934831769827574,0.17140953969391623,0.0,0.9328412030294818,0.18946420332198816,0.0
0.934831769827574,0.17140953969391623,0.0,0.9272486858796314,0.15587084230341589,0.0
0.3250819300315365,0.17682262764823342,0.0,0.313881240220007,0.1930527249326497,0.0
0.3250819300315365,0.17682262764823342,0.0,0.3334679733597575,0.1950146597444102,0.0
0.7376551148080611,0.13614922331984772,0.0,0.728327440430571,0.117817458664478,0.0
0.7376551148080611,0.13614922331984772,0.0,0.7180920377197635,0.1348901066342827,0.0
0.7304020529644232,0.025849816388382428,0.0,0.7366837834711861,0.0067950327275755115,0.0
0.7304020529644232,0.025849816388382428,0.0,0.7450618346171625,0.021943171333931144,0.0
0.9486389585900014,0.05951682385781415,0.0,0.966202611372025,0.0708383286243902,0.0
0.9486389585900014,0.05951682385781415,0.0,0.937957815674002,0.041427749481592314,0.0
0.9486389585900014,0.05951682385781415,0.0,0.9349852100148459,0.0711007915995147,0.0
0.966202611372025,0.0708383286243902,0.0,0.9654308837614627,0.0898500274457676,0.0
0.966202611372025,0.0708383286243902,0.0,0.9832149854301984,0.06085466932031805,0.0
0.966202611372025,0.0708383286243902,0.0,0.9827807941004004,0.08007639683411989,0.0
0.5202556845062862,0.026506911020332737,0.0,0.500051482380384,0.026874226932852296,0.0
0.5202556845062862,0.026506911020332737,0.0,0.5405098790799856,0.02564750980122012,0.0
0.5202556845062862,0.026506911020332737,0.0,0.510005270492892,0.009821847563237573,0.0
0.5202556845062862,0.026506911020332737,0.0,0.5296730830925014,0.009213561363792724,0.0
0.8153373282253313,0.17603023173883298,0.0,0.7953286426992925,0.17454110124738637,0.0
0.8153373282253313,0.17603023173883298,0.0,0.8040739682388426,0.1922212148074821,0.0
0.8153373282253313,0.17603023173883298,0.0,0.8236791101517987,0.1939886763111289,0.0
0.937957815674002,0.041427749481592314,0.0,0.9495126422777621,0.025090780748039814,0.0
0.937957815674002,0.041427749481592314,0.0,0.9179688828552273,0.039017308921753306,0.0
0.937957815674002,0.041427749481592314,0.0,0.9295454360882065,0.023377245249526727,0.0
0.2849840725247766,0.17370627926219853,0.0,0.2650868858962156,0.1731416275042632,0.0
0.2849840725247766,0.17370627926219853,0.0,0.27519691525822515,0.15587484117255443,0.0
0.2849840725247766,0.17370627926219853,0.0,0.2746002114883518,0.1904740302508034,0.0
0.2849840725247766,0.17370627926219853,0.0,0.2942574624549822,0.1915070910332105,0.0
0.22484050899103988,0.17346225673042195,0.0,0.2351357485272395,0.1559183767683576,0.0
0.22484050899103988,0.17346225673042195,0.0,0.24494735685852134,0.1730398577686642,0.0
0.22484050899103988,0.17346225673042195,0.0,0.2352375608496372,0.1901715774166525,0.0
0.22484050899103988,0.17346225673042195,0.0,0.2155675444190997,0.1909215933815534,0.0
0.46018643704916423,0.026029139806042767,0.0,0.4800259244066746,0.026625938414930835,0.0
0.46018643704916423,0.026029139806042767,0.0,0.4696734079942536,0.043722033393722326,0.0
0.46018643704916423,0.026029139806042767,0.0,0.47066001061405416,0.009228729357715916,0.0
0.46018643704916423,0.026029139806042767,0.0,0.4510170199224986,0.008065326071556191,0.0
0.5918082610022731,0.039658871774414704,0.0,0.580237029760954,0.022658272551009946,0.0
0.5918082610022731,0.039658871774414704,0.0,0.5717039754240412,0.040798069734628274,0.0
0.5918082610022731,0.039658871774414704,0.0,0.6028814045344406,0.05598017730083906,0.0
0.05339378638800308,0.023161009384803526,0.0,0.03228971663192249,0.026568172519022524,0.0
0.05339378638800308,0.023161009384803526,0.0,0.047970277674670506,0.039489539261020314,0.0
0.05339378638800308,0.023161009384803526,0.0,0.03966469887347698,0.008684014841116592,0.0
0.05339378638800308,0.023161009384803526,0.0,0.05929001029488474,0.00725113688748539,0.0
0.03228971663192249,0.026568172519022524,0.0,0.047970277674670506,0.039489539261020314,0.0
0.03228971663192249,0.026568172519022524,0.0,0.02000809554975122,0.009586350405648326,0.0
0.03228971663192249,0.026568172519022524,0.0,0.03966469887347698,0.008684014841116592,0.0
0.03228971663192249,0.026568172519022524,0.0,0.014572460804291117,0.023894456002767833,0.0
0.047970277674670506,0.039489539261020314,0.0,0.05963165800836018,0.05424084654222591,0.0
0.8881589349092263,0.0526654903705869,0.0,0.8787589140377785,0.0349392204937956,0.0
0.8881589349092263,0.0526654903705869,0.0,0.8980886847719872,0.036768787012842696,0.0
0.012444547634844106,0.1399577822127665,0.0,0.0001333777925972035,0.12996197504689785,0.0
0.012444547634844106,0.1399577822127665,0.0,0.0001000333444479161,0.14997168487145188,0.0
0.7556069563635659,0.1727872772266734,0.0,0.7450787942757616,0.1900191158835712,0.0
0.7556069563635659,0.1727872772266734,0.0,0.7647624404709625,0.1901715774472619,0.0
0.7556069563635659,0.1727872772266734,0.0,0.7753583407885491,0.1734624130694709,0.0
0.7556069563635659,0.1727872772266734,0.0,0.7662569782588088,0.15588914387958813,0.0
0.3677549947781645,0.1456640085032029,0.0,0.3583166402134246,0.12816158234429875,0.0
0.3677549947781645,0.1456640085032029,0.0,0.3782405670880983,0.12864772290871737,0.0
0.3677549947781645,0.1456640085032029,0.0,0.3879243574803757,0.1461565265609717,0.0
0.3677549947781645,0.1456640085032029,0.0,0.3475714528756586,0.1444911363565695,0.0
0.9340998317420268,0.10694446397801144,0.0,0.9180061721672266,0.10456087662522433,0.0
0.9340998317420268,0.10694446397801144,0.0,0.9275337262836296,0.12204174601389366,0.0
0.2650868858962156,0.1731416275042632,0.0,0.27519691525822515,0.15587484117255443,0.0
0.2650868858962156,0.1731416275042632,0.0,0.24494735685852134,0.1730398577686642,0.0
0.2650868858962156,0.1731416275042632,0.0,0.2746002114883518,0.1904740302508034,0.0
0.2650868858962156,0.1731416275042632,0.0,0.2551840777138405,0.15578849525475438,0.0
0.2650868858962156,0.1731416275042632,0.0,0.2549212071454445,0.1900191158946087,0.0
0.27519691525822515,0.15587484117255443,0.0,0.2858699076885487,0.1419838757185006,0.0
0.27519691525822515,0.15587484117255443,0.0,0.2551840777138405,0.15578849525475438,0.0
0.27519691525822515,0.15587484117255443,0.0,0.2654237067628998,0.14180190160258205,0.0
0.2976838310431691,0.12618984285019308,0.0,0.3068358732643367,0.14264043039066152,0.0
0.2976838310431691,0.12618984285019308,0.0,0.2858699076885487,0.1419838757185006,0.0
0.2976838310431691,0.12618984285019308,0.0,0.31825629171411135,0.12724305093136523,0.0
0.2976838310431691,0.12618984285019308,0.0,0.3085728125452804,0.11003074901369586,0.0
0.2976838310431691,0.12618984285019308,0.0,0.2885762137973399,0.10966019912426912,0.0
0.2976838310431691,0.12618984285019308,0.0,0.277376284005775,0.12613381137123356,0.0
0.3068358732643367,0.14264043039066152,0.0,0.2858699076885487,0.1419838757185006,0.0
0.3068358732643367,0.14264043039066152,0.0,0.31825629171411135,0.12724305093136523,0.0
0.3068358732643367,0.14264043039066152,0.0,0.3275052081833232,0.14339010137993125,0.0
0.2858699076885487,0.1419838757185006,0.0,0.277376284005775,0.12613381137123356,0.0
0.2858699076885487,0.1419838757185006,0.0,0.2654237067628998,0.14180190160258205,0.0
0.9495126422777621,0.025090780748039814,0.0,0.9606681484363816,0.008703933884119101,0.0
0.9495126422777621,0.025090780748039814,0.0,0.9410422329946094,0.007279381117602266,0.0
0.9495126422777621,0.025090780748039814,0.0,0.9295454360882065,0.023377245249526727,0.0
0.2351357485272395,0.1559183767683576,0.0,0.24494735685852134,0.1730398577686642,0.0
0.2351357485272395,0.1559183767683576,0.0,0.2551840777138405,0.15578849525475438,0.0
0.2351357485272395,0.1559183767683576,0.0,0.24533227119194645,0.14171812519037358,0.0
0.4800259244066746,0.026625938414930835,0.0,0.4696734079942536,0.043722033393722326,0.0
0.4800259244066746,0.026625938414930835,0.0,0.500051482380384,0.026874226932852296,0.0
0.4800259244066746,0.026625938414930835,0.0,0.47066001061405416,0.009228729357715916,0.0
0.4800259244066746,0.026625938414930835,0.0,0.48979834093999797,0.0440750766208089,0.0
0.4800259244066746,0.026625938414930835,0.0,0.49032812783043983,0.00982701447408235,0.0
0.4696734079942536,0.043722033393722326,0.0,0.48979834093999797,0.0440750766208089,0.0
0.4696734079942536,0.043722033393722326,0.0,0.4794837788149845,0.06120574356490698,0.0
0.2277238478123061,0.007264824443811952,0.0,0.22014788931398227,0.023948416501824124,0.0
0.2277238478123061,0.007264824443811952,0.0,0.23946244827415292,0.02384526866938065,0.0
0.2277238478123061,0.007264824443811952,0.0,0.24698737017564515,0.006471091068127685,0.0
0.2277238478123061,0.007264824443811952,0.0,0.2158279616289143,-0.009191342465363645,0.0
0.2277238478123061,0.007264824443811952,0.0,0.20774345108152,0.007946718097591295,0.0
0.2277238478123061,0.007264824443811952,0.0,0.23549215821254574,-0.00993350561371451,0.0
0.22014788931398227,0.023948416501824124,0.0,0.23946244827415292,0.02384526866938065,0.0
0.22014788931398227,0.023948416501824124,0.0,0.22986706472959056,0.03924600974735568,0.0
0.22014788931398227,0.023948416501824124,0.0,0.20986430935622,0.03919609739229985,0.0
0.22014788931398227,0.023948416501824124,0.0,0.20774345108152,0.007946718097591295,0.0
0.22014788931398227,0.023948416501824124,0.0,0.19992538508520946,0.024324839584126765,0.0
0.23946244827415292,0.02384526866938065,0.0,0.24698737017564515,0.006471091068127685,0.0
0.23946244827415292,0.02384526866938065,0.0,0.22986706472959056,0.03924600974735568,0.0
0.23946244827415292,0.02384526866938065,0.0,0.24985700153198528,0.03998976716292291,0.0
0.3181983972886282,0.024654618396861106,0.0,0.3242196223230009,0.009089435883832833,0.0
0.3181983972886282,0.024654618396861106,0.0,0.334251799773937,0.025523074790010127,0.0
0.3181983972886282,0.024654618396861106,0.0,0.3098020259295482,0.041274474109244584,0.0
0.7953286426992925,0.17454110124738637,0.0,0.7753583407885491,0.1734624130694709,0.0
0.7953286426992925,0.17454110124738637,0.0,0.7861099656039108,0.15670034074398712,0.0
0.7953286426992925,0.17454110124738637,0.0,0.8040739682388426,0.1922212148074821,0.0
0.7953286426992925,0.17454110124738637,0.0,0.7844324567857922,0.1909215934450424,0.0
0.17314153000649174,0.16008337130294956,0.0,0.16469468470282617,0.17809538955082382,0.0
0.17314153000649174,0.16008337130294956,0.0,0.15290679344581382,0.16207703495845271,0.0
0.17314153000649174,0.16008337130294956,0.0,0.18461780916639614,0.17610889952545683,0.0
0.16469468470282617,0.17809538955082382,0.0,0.15290679344581382,0.16207703495845271,0.0
0.16469468470282617,0.17809538955082382,0.0,0.18461780916639614,0.17610889952545683,0.0
0.16469468470282617,0.17809538955082382,0.0,0.14496588311654102,0.18028317469626212,0.0
0.16469468470282617,0.17809538955082382,0.0,0.1763208908223542,0.1939886762133007,0.0
0.16469468470282617,0.17809538955082382,0.0,0.1567512396874989,0.1961150489967212,0.0
0.15290679344581382,0.16207703495845271,0.0,0.1329858128460892,0.16432480576340922,0.0
0.15290679344581382,0.16207703495845271,0.0,0.14496588311654102,0.18028317469626212,0.0
0.24494735685852134,0.1730398577686642,0.0,0.2551840777138405,0.15578849525475438,0.0
0.24494735685852134,0.1730398577686642,0.0,0.2549212071454445,0.1900191158946087,0.0
0.24494735685852134,0.1730398577686642,0.0,0.2352375608496372,0.1901715774166525,0.0
0.500051482380384,0.026874226932852296,0.0,0.48979834093999797,0.0440750766208089,0.0
0.500051482380384,0.026874226932852296,0.0,0.49032812783043983,0.00982701447408235,0.0
0.500051482380384,0.026874226932852296,0.0,0.510005270492892,0.009821847563237573,0.0
0.03206855719633913,0.07014980976218335,0.0,0.049685988721819306,0.07052782995871161,0.0
0.8627921253644149,0.1984719234020252,0.0,0.8823244412923026,0.2009191174150899,0.0
0.8627921253644149,0.1984719234020252,0.0,0.8432487611881002,0.1961150490981094,0.0
0.8627921253644149,0.1984719234020252,0.0,0.8772077055658868,0.1870760552327164,0.0
0.7450787942757616,0.1900191158835712,0.0,0.7647624404709625,0.1901715774472619,0.0
0.580237029760954,0.022658272551009946,0.0,0.5717039754240412,0.040798069734628274,0.0
0.580237029760954,0.022658272551009946,0.0,0.588493850023393,0.00432885520249807,0.0
0.580237029760954,0.022658272551009946,0.0,0.5604271076235579,0.024278501825337275,0.0
0.580237029760954,0.022658272551009946,0.0,0.5689228832565564,0.0063785800098919345,0.0
0.2746002114883518,0.1904740302508034,0.0,0.2942574624549822,0.1915070910332105,0.0
0.2746002114883518,0.1904740302508034,0.0,0.2549212071454445,0.1900191158946087,0.0
0.5405098790799856,0.02564750980122012,0.0,0.5604271076235579,0.024278501825337275,0.0
0.5405098790799856,0.02564750980122012,0.0,0.5296730830925014,0.009213561363792724,0.0
0.5405098790799856,0.02564750980122012,0.0,0.5493155406379585,0.008041123886883498,0.0
0.47066001061405416,0.009228729357715916,0.0,0.4510170199224986,0.008065326071556191,0.0
0.47066001061405416,0.009228729357715916,0.0,0.49032812783043983,0.00982701447408235,0.0
0.9606681484363816,0.008703933884119101,0.0,0.9410422329946094,0.007279381117602266,0.0
0.9606681484363816,0.008703933884119101,0.0,0.9803251881070725,0.009596685117941824,0.0
0.8787589140377785,0.0349392204937956,0.0,0.8710187037544167,0.01660384575729263,0.0
0.8787589140377785,0.0349392204937956,0.0,0.8595117630490113,0.03367109880690324,0.0
0.8787589140377785,0.0349392204937956,0.0,0.8902149064839033,0.01901197195914605,0.0
0.8787589140377785,0.0349392204937956,0.0,0.8980886847719872,0.036768787012842696,0.0
0.8710187037544167,0.01660384575729263,0.0,0.8595117630490113,0.03367109880690324,0.0
0.8710187037544167,0.01660384575729263,0.0,0.8902149064839033,0.01901197195914605,0.0
0.8710187037544167,0.01660384575729263,0.0,0.8823653810543999,0.0008247796970478236,0.0
0.8595117630490113,0.03367109880690324,0.0,0.8493511908681042,0.0505882365143338,0.0
0.34243696412658714,0.012069405407144098,0.0,0.3242196223230009,0.009089435883832833,0.0
0.34243696412658714,0.012069405407144098,0.0,0.334251799773937,0.025523074790010127,0.0
0.34243696412658714,0.012069405407144098,0.0,0.33369060320060884,-0.005060463704047074,0.0
0.34243696412658714,0.012069405407144098,0.0,0.3532389480707933,-0.0028000586730017613,0.0
0.3242196223230009,0.009089435883832833,0.0,0.334251799773937,0.025523074790010127,0.0
0.3242196223230009,0.009089435883832833,0.0,0.33369060320060884,-0.005060463704047074,0.0
0.3242196223230009,0.009089435883832833,0.0,0.31411047688583504,-0.007025866391467588,0.0
0.24698737017564515,0.006471091068127685,0.0,0.23549215821254574,-0.00993350561371451,0.0
0.24698737017564515,0.006471091068127685,0.0,0.25516976522871637,-0.01007813116691339,0.0
0.022022992943647606,0.187701361040787,0.0,3.334444814934153e-05,0.18999072208093554,0.0
0.022022992943647606,0.187701361040787,0.0,0.014343850146194687,0.17474974457834985,0.0
0.022022992943647606,0.187701361040787,0.0,0.01968189381931244,0.2096956954280177,0.0
0.022022992943647606,0.187701361040787,0.0,0.011954384116151613,0.19775044514773255,0.0
0.18461780916639614,0.17610889952545683,0.0,0.1959260328513177,0.1922212147213933,0.0
0.18461780916639614,0.17610889952545683,0.0,0.1763208908223542,0.1939886762133007,0.0
0.7366837834711861,0.0067950327275755115,0.0,0.7450618346171625,0.021943171333931144,0.0
0.7366837834711861,0.0067950327275755115,0.0,0.745163679153882,-0.010080763742090592,0.0
0.5717039754240412,0.040798069734628274,0.0,0.5604271076235579,0.024278501825337275,0.0
0.588493850023393,0.00432885520249807,0.0,0.6080357724272986,0.002016223768245397,0.0
0.588493850023393,0.00432885520249807,0.0,0.5689228832565564,0.0063785800098919345,0.0
0.7647624404709625,0.1901715774472619,0.0,0.7753583407885491,0.1734624130694709,0.0
0.7647624404709625,0.1901715774472619,0.0,0.7844324567857922,0.1909215934450424,0.0
0.2551840777138405,0.15578849525475438,0.0,0.24533227119194645,0.14171812519037358,0.0
0.2551840777138405,0.15578849525475438,0.0,0.2654237067628998,0.14180190160258205,0.0
0.7753583407885491,0.1734624130694709,0.0,0.7861099656039108,0.15670034074398712,0.0
0.7753583407885491,0.1734624130694709,0.0,0.7662569782588088,0.15588914387958813,0.0
0.7753583407885491,0.1734624130694709,0.0,0.7844324567857922,0.1909215934450424,0.0
0.7861099656039108,0.15670034074398712,0.0,0.7662569782588088,0.15588914387958813,0.0
0.8040739682388426,0.1922212148074821,0.0,0.8236791101517987,0.1939886763111289,0.0
0.8040739682388426,0.1922212148074821,0.0,0.7844324567857922,0.1909215934450424,0.0
0.48979834093999797,0.0440750766208089,0.0,0.499547559078951,0.06151122259008487,0.0
0.48979834093999797,0.0440750766208089,0.0,0.4794837788149845,0.06120574356490698,0.0
0.9328412030294818,0.18946420332198816,0.0,0.921425379683128,0.2055086350647987,0.0
0.9328412030294818,0.18946420332198816,0.0,0.9410212191544387,0.2073769316668632,0.0
0.9328412030294818,0.18946420332198816,0.0,0.9509069144980751,0.19540150987008328,0.0
0.2942574624549822,0.1915070910332105,0.0,0.313881240220007,0.1930527249326497,0.0
0.9410422329946094,0.007279381117602266,0.0,0.9295454360882065,0.023377245249526727,0.0
0.9410422329946094,0.007279381117602266,0.0,0.9214531684171618,0.00541215529927179,0.0
0.8902149064839033,0.01901197195914605,0.0,0.8980886847719872,0.036768787012842696,0.0
0.8902149064839033,0.01901197195914605,0.0,0.9097738149874832,0.0212585750055326,0.0
0.8902149064839033,0.01901197195914605,0.0,0.8823653810543999,0.0008247796970478236,0.0
0.8902149064839033,0.01901197195914605,0.0,0.9018978749469293,0.003216651159500989,0.0
0.8980886847719872,0.036768787012842696,0.0,0.9179688828552273,0.039017308921753306,0.0
0.8980886847719872,0.036768787012842696,0.0,0.9097738149874832,0.0212585750055326,0.0
0.5604271076235579,0.024278501825337275,0.0,0.5689228832565564,0.0063785800098919345,0.0
0.5604271076235579,0.024278501825337275,0.0,0.5493155406379585,0.008041123886883498,0.0
0.313881240220007,0.1930527249326497,0.0,0.3334679733597575,0.1950146597444102,0.0
0.5689228832565564,0.0063785800098919345,0.0,0.5493155406379585,0.008041123886883498,0.0
0.8236791101517987,0.1939886763111289,0.0,0.8432487611881002,0.1961150490981094,0.0
0.3334679733597575,0.1950146597444102,0.0,0.3530228816138251,0.1972732469543295,0.0
0.8813609397039032,0.1729149784258416,0.0,0.8772077055658868,0.1870760552327164,0.0
0.1329858128460892,0.16432480576340922,0.0,0.11376106011195032,0.16726269703255692,0.0
0.1329858128460892,0.16432480576340922,0.0,0.12540900875263863,0.18277369817111228,0.0
0.1329858128460892,0.16432480576340922,0.0,0.12108701416345873,0.14969062431002614,0.0
0.1329858128460892,0.16432480576340922,0.0,0.14496588311654102,0.18028317469626212,0.0
0.11376106011195032,0.16726269703255692,0.0,0.12540900875263863,0.18277369817111228,0.0
0.11376106011195032,0.16726269703255692,0.0,0.12108701416345873,0.14969062431002614,0.0
0.11376106011195032,0.16726269703255692,0.0,0.10578084787095623,0.18550161304290003,0.0
0.12540900875263863,0.18277369817111228,0.0,0.14496588311654102,0.18028317469626212,0.0
0.12540900875263863,0.18277369817111228,0.0,0.10578084787095623,0.18550161304290003,0.0
0.12540900875263863,0.18277369817111228,0.0,0.1176755593694548,0.2009191173322832,0.0
0.12540900875263863,0.18277369817111228,0.0,0.1372078753933555,0.1984719233079192,0.0
0.499547559078951,0.06151122259008487,0.0,0.5091788889225424,0.07907084959173516,0.0
0.499547559078951,0.06151122259008487,0.0,0.48919877507562115,0.07869823655428328,0.0
0.499547559078951,0.06151122259008487,0.0,0.4794837788149845,0.06120574356490698,0.0
0.5091788889225424,0.07907084959173516,0.0,0.49889511231882255,0.09619372462691692,0.0
0.5091788889225424,0.07907084959173516,0.0,0.48919877507562115,0.07869823655428328,0.0
0.5091788889225424,0.07907084959173516,0.0,0.5189866774169094,0.09650901403090367,0.0
0.4885534698275047,0.11334702372713697,0.0,0.49889511231882255,0.09619372462691692,0.0
0.4885534698275047,0.11334702372713697,0.0,0.47887308977805243,0.09583898562029132,0.0
0.4885534698275047,0.11334702372713697,0.0,0.508589105960755,0.11369495604841579,0.0
0.4885534698275047,0.11334702372713697,0.0,0.4982346748554865,0.13085608311349817,0.0
0.4885534698275047,0.11334702372713697,0.0,0.47822654079048377,0.13049270231408652,0.0
0.4885534698275047,0.11334702372713697,0.0,0.4685460586812332,0.11298393543769628,0.0
0.49889511231882255,0.09619372462691692,0.0,0.47887308977805243,0.09583898562029132,0.0
0.49889511231882255,0.09619372462691692,0.0,0.48919877507562115,0.07869823655428328,0.0
0.49889511231882255,0.09619372462691692,0.0,0.5189866774169094,0.09650901403090367,0.0
0.49889511231882255,0.09619372462691692,0.0,0.508589105960755,0.11369495604841579,0.0
0.47887308977805243,0.09583898562029132,0.0,0.48919877507562115,0.07869823655428328,0.0
0.47887308977805243,0.09583898562029132,0.0,0.45886742124706126,0.09547708224418333,0.0
0.47887308977805243,0.09583898562029132,0.0,0.4685460586812332,0.11298393543769628,0.0
0.47887308977805243,0.09583898562029132,0.0,0.46917770857157065,0.07833401184763758,0.0
0.48919877507562115,0.07869823655428328,0.0,0.46917770857157065,0.07833401184763758,0.0
0.48919877507562115,0.07869823655428328,0.0,0.4794837788149845,0.06120574356490698,0.0
0.6028814045344406,0.05598017730083906,0.0,0.6226814248199625,0.0544471430315555,0.0
0.6028814045344406,0.05598017730083906,0.0,0.6148081291184877,0.0719050677048386,0.0
0.0002334111370453746,0.06993210023464948,0.0,0.0002667555851949112,0.049921854000623635,0.0
0.0002334111370453746,0.06993210023464948,0.0,0.0002000666888959734,0.08994219093060793,0.0
0.0001667222407464953,0.10995215141254426,0.0,0.0002000666888959734,0.08994219093060793,0.0
0.0001667222407464953,0.10995215141254426,0.0,0.0001333777925972035,0.12996197504689785,0.0
0.5189866774169094,0.09650901403090367,0.0,0.5287086826158388,0.11399680324312642,0.0
0.5189866774169094,0.09650901403090367,0.0,0.508589105960755,0.11369495604841579,0.0
0.0002667555851949112,0.049921854000623635,0.0,0.0003001000333443396,0.029911430520553936,0.0
0.0003001000333443396,0.029911430520553936,0.0,0.00033344311679455623,0.009900700680136088,0.0
0.0003001000333443396,0.029911430520553936,0.0,0.014572460804291117,0.023894456002767833,0.0
0.0001333777925972035,0.12996197504689785,0.0,0.0001000333444479161,0.14997168487145188,0.0
6.668889629864687e-05,0.16998127652495798,0.0,0.0001000333444479161,0.14997168487145188,0.0
6.668889629864687e-05,0.16998127652495798,0.0,3.334444814934153e-05,0.18999072208093554,0.0
6.668889629864687e-05,0.16998127652495798,0.0,0.014343850146194687,0.17474974457834985,0.0
0.6226814248199625,0.0544471430315555,0.0,0.6148081291184877,0.0719050677048386,0.0
0.6226814248199625,0.0544471430315555,0.0,0.6425420324809058,0.052343688715295766,0.0
0.6226814248199625,0.0544471430315555,0.0,0.6349853487819473,0.06919163553834297,0.0
0.5287086826158388,0.11399680324312642,0.0,0.5487125428001897,0.11436322825649563,0.0
0.5287086826158388,0.11399680324312642,0.0,0.508589105960755,0.11369495604841579,0.0
0.5287086826158388,0.11399680324312642,0.0,0.5182539520671823,0.13121349701687485,0.0
0.5287086826158388,0.11399680324312642,0.0,0.5382304877111976,0.1315949032164995,0.0
0.6148081291184877,0.0719050677048386,0.0,0.6349853487819473,0.06919163553834297,0.0
0.6148081291184877,0.0719050677048386,0.0,0.6277844146358275,0.08555145695809736,0.0
0.6148081291184877,0.0719050677048386,0.0,0.6084374824491736,0.08512098194540163,0.0
0.5487125428001897,0.11436322825649563,0.0,0.5687234057890369,0.11464809960591506,0.0
0.5487125428001897,0.11436322825649563,0.0,0.5582097235965611,0.13197496532568548,0.0
0.5487125428001897,0.11436322825649563,0.0,0.5382304877111976,0.1315949032164995,0.0
0.508589105960755,0.11369495604841579,0.0,0.5182539520671823,0.13121349701687485,0.0
0.508589105960755,0.11369495604841579,0.0,0.4982346748554865,0.13085608311349817,0.0
0.6425420324809058,0.052343688715295766,0.0,0.6625794803560786,0.05083715367436704,0.0
0.6425420324809058,0.052343688715295766,0.0,0.6349853487819473,0.06919163553834297,0.0
0.5182539520671823,0.13121349701687485,0.0,0.4982346748554865,0.13085608311349817,0.0
0.5182539520671823,0.13121349701687485,0.0,0.5079067470929547,0.14837037124740154,0.0
0.5182539520671823,0.13121349701687485,0.0,0.5279023434927826,0.14874107369464026,0.0
0.5182539520671823,0.13121349701687485,0.0,0.5382304877111976,0.1315949032164995,0.0
0.4982346748554865,0.13085608311349817,0.0,0.5079067470929547,0.14837037124740154,0.0
0.4982346748554865,0.13085608311349817,0.0,0.4879053700914029,0.14800310379317014,0.0
0.4982346748554865,0.13085608311349817,0.0,0.47822654079048377,0.13049270231408652,0.0
0.5687234057890369,0.11464809960591506,0.0,0.5582097235965611,0.13197496532568548,0.0
0.5687234057890369,0.11464809960591506,0.0,0.588664178272136,0.11499033092036795,0.0
0.5687234057890369,0.11464809960591506,0.0,0.5782683921140502,0.1322632405894126,0.0
0.5582097235965611,0.13197496532568548,0.0,0.5782683921140502,0.1322632405894126,0.0
0.5582097235965611,0.13197496532568548,0.0,0.5678878588749822,0.14948623398694746,0.0
0.5582097235965611,0.13197496532568548,0.0,0.5382304877111976,0.1315949032164995,0.0
0.5582097235965611,0.13197496532568548,0.0,0.5478967528863202,0.14904493377314448,0.0
0.5079067470929547,0.14837037124740154,0.0,0.4879053700914029,0.14800310379317014,0.0
0.5079067470929547,0.14837037124740154,0.0,0.5279023434927826,0.14874107369464026,0.0
0.5079067470929547,0.14837037124740154,0.0,0.517576152673728,0.16588610491762454,0.0
0.5079067470929547,0.14837037124740154,0.0,0.4975795429412911,0.16551606751630557,0.0
0.4879053700914029,0.14800310379317014,0.0,0.47822654079048377,0.13049270231408652,0.0
0.4879053700914029,0.14800310379317014,0.0,0.4679060517723558,0.14763490661410877,0.0
0.4879053700914029,0.14800310379317014,0.0,0.47759090118458647,0.16472693194942525,0.0
0.4879053700914029,0.14800310379317014,0.0,0.4975795429412911,0.16551606751630557,0.0
0.588664178272136,0.11499033092036795,0.0,0.5989549355333593,0.09883510026181025,0.0
0.588664178272136,0.11499033092036795,0.0,0.6085631759494343,0.11566831188405342,0.0
0.588664178272136,0.11499033092036795,0.0,0.5982331222657252,0.13269597930063282,0.0
0.588664178272136,0.11499033092036795,0.0,0.5782683921140502,0.1322632405894126,0.0
0.5279023434927826,0.14874107369464026,0.0,0.517576152673728,0.16588610491762454,0.0
0.5279023434927826,0.14874107369464026,0.0,0.5375806811900832,0.16584570508201374,0.0
0.5279023434927826,0.14874107369464026,0.0,0.5382304877111976,0.1315949032164995,0.0
0.5279023434927826,0.14874107369464026,0.0,0.5478967528863202,0.14904493377314448,0.0
0.517576152673728,0.16588610491762454,0.0,0.5375806811900832,0.16584570508201374,0.0
0.517576152673728,0.16588610491762454,0.0,0.4975795429412911,0.16551606751630557,0.0
0.517576152673728,0.16588610491762454,0.0,0.5074984759149044,0.17868132651610885,0.0
0.517576152673728,0.16588610491762454,0.0,0.5274550160513553,0.17904961429664154,0.0
0.47822654079048377,0.13049270231408652,0.0,0.4679060517723558,0.14763490661410877,0.0
0.47822654079048377,0.13049270231408652,0.0,0.45822759195813645,0.13012439570753326,0.0
0.47822654079048377,0.13049270231408652,0.0,0.4685460586812332,0.11298393543769628,0.0
0.5989549355333593,0.09883510026181025,0.0,0.6085631759494343,0.11566831188405342,0.0
0.5989549355333593,0.09883510026181025,0.0,0.6188356910850198,0.09942950937987545,0.0
0.5989549355333593,0.09883510026181025,0.0,0.6084374824491736,0.08512098194540163,0.0
0.5375806811900832,0.16584570508201374,0.0,0.5478967528863202,0.14904493377314448,0.0
0.5375806811900832,0.16584570508201374,0.0,0.5574400982366106,0.16495572137774223,0.0
0.5375806811900832,0.16584570508201374,0.0,0.5274550160513553,0.17904961429664154,0.0
0.5375806811900832,0.16584570508201374,0.0,0.5473786200231184,0.17863971339337553,0.0
0.6085631759494343,0.11566831188405342,0.0,0.6188356910850198,0.09942950937987545,0.0
0.6085631759494343,0.11566831188405342,0.0,0.5982331222657252,0.13269597930063282,0.0
0.6085631759494343,0.11566831188405342,0.0,0.6285242007048125,0.1161275784726224,0.0
0.6085631759494343,0.11566831188405342,0.0,0.6182140394940991,0.13304939583057554,0.0
0.4679060517723558,0.14763490661410877,0.0,0.47759090118458647,0.16472693194942525,0.0
0.4679060517723558,0.14763490661410877,0.0,0.45822759195813645,0.13012439570753326,0.0
0.4679060517723558,0.14763490661410877,0.0,0.4479086079351154,0.14726586438771763,0.0
0.4679060517723558,0.14763490661410877,0.0,0.4575997235641755,0.16405738745040163,0.0
1.0,0.1699812944575913,0.0,0.9831730267601746,0.17913073779647595,0.0
1.0,0.1699812944575913,0.0,0.9826794635418936,0.15997650915738898,0.0
1.0,0.1699812944575913,0.0,1.0,0.14997172385728458,0.0
1.0,0.1699812944575913,0.0,1.0,0.18999075147021574,0.0
0.9831730267601746,0.17913073779647595,0.0,0.9826794635418936,0.15997650915738898,0.0
0.9831730267601746,0.17913073779647595,0.0,1.0,0.18999075147021574,0.0
0.9826794635418936,0.15997650915738898,0.0,1.0,0.14997172385728458,0.0
1.0,0.10995218946035368,0.0,1.0,0.12996202231810783,0.0
1.0,0.10995218946035368,0.0,0.9826795304755462,0.11995710588923521,0.0
1.0,0.10995218946035368,0.0,0.9826795728643603,0.09994721467338753,0.0
1.0,0.10995218946035368,0.0,1.0,0.08994223988648947,0.0
1.0,0.12996202231810783,0.0,0.9826795304755462,0.11995710588923521,0.0
1.0,0.12996202231810783,0.0,1.0,0.14997172385728458,0.0
0.9826795304755462,0.11995710588923521,0.0,0.9826795728643603,0.09994721467338753,0.0
0.9826795728643603,0.09994721467338753,0.0,0.9654308837614627,0.0898500274457676,0.0
0.9826795728643603,0.09994721467338753,0.0,1.0,0.08994223988648947,0.0
0.9826795728643603,0.09994721467338753,0.0,0.9827807941004004,0.08007639683411989,0.0
0.6188356910850198,0.09942950937987545,0.0,0.6285242007048125,0.1161275784726224,0.0
0.6188356910850198,0.09942950937987545,0.0,0.6388215705555846,0.09981694970696454,0.0
0.6188356910850198,0.09942950937987545,0.0,0.6277844146358275,0.08555145695809736,0.0
0.6188356910850198,0.09942950937987545,0.0,0.6084374824491736,0.08512098194540163,0.0
0.5982331222657252,0.13269597930063282,0.0,0.5878919977050241,0.14978391114912637,0.0
0.5982331222657252,0.13269597930063282,0.0,0.6182140394940991,0.13304939583057554,0.0
0.5982331222657252,0.13269597930063282,0.0,0.607896060951446,0.14980991899915547,0.0
0.5982331222657252,0.13269597930063282,0.0,0.5782683921140502,0.1322632405894126,0.0
0.47759090118458647,0.16472693194942525,0.0,0.4575997235641755,0.16405738745040163,0.0
0.47759090118458647,0.16472693194942525,0.0,0.4975795429412911,0.16551606751630557,0.0
0.47759090118458647,0.16472693194942525,0.0,0.48734316279084966,0.17821176554724052,0.0
0.47759090118458647,0.16472693194942525,0.0,0.46736082318284106,0.17706989462725878,0.0
0.45822759195813645,0.13012439570753326,0.0,0.4479086079351154,0.14726586438771763,0.0
0.45822759195813645,0.13012439570753326,0.0,0.43823048242944274,0.12975524113159706,0.0
0.45822759195813645,0.13012439570753326,0.0,0.44854907256267307,0.11261389059186536,0.0
0.45822759195813645,0.13012439570753326,0.0,0.4685460586812332,0.11298393543769628,0.0
1.0,0.18999075147021574,0.0,1.0,0.21,0.0
0.4479086079351154,0.14726586438771763,0.0,0.43823048242944274,0.12975524113159706,0.0
0.4479086079351154,0.14726586438771763,0.0,0.4279117826482647,0.14689665335825017,0.0
0.4479086079351154,0.14726586438771763,0.0,0.4375997979536343,0.16386302466062913,0.0
0.4479086079351154,0.14726586438771763,0.0,0.4575997235641755,0.16405738745040163,0.0
0.6285242007048125,0.1161275784726224,0.0,0.6388215705555846,0.09981694970696454,0.0
0.6285242007048125,0.1161275784726224,0.0,0.6485130872276615,0.11651588552139684,0.0
0.6285242007048125,0.1161275784726224,0.0,0.6381960790294496,0.13345789259666144,0.0
0.6285242007048125,0.1161275784726224,0.0,0.6182140394940991,0.13304939583057554,0.0
0.7794458993165542,0.06675957803214165,0.0,0.760547625071839,0.06689488847340425,0.0
0.7794458993165542,0.06675957803214165,0.0,0.7898801042008161,0.0494760696972636,0.0
0.7794458993165542,0.06675957803214165,0.0,0.7691254744418178,0.08388837733345236,0.0
0.7794458993165542,0.06675957803214165,0.0,0.799437406574232,0.06715219313941244,0.0
0.7794458993165542,0.06675957803214165,0.0,0.7890959520971772,0.0843389852133167,0.0
0.760547625071839,0.06689488847340425,0.0,0.7491310400545778,0.08354299672331107,0.0
0.760547625071839,0.06689488847340425,0.0,0.7691254744418178,0.08388837733345236,0.0
0.7187952147150048,0.10040705424877727,0.0,0.7388095348875194,0.10069744446114977,0.0
0.7187952147150048,0.10040705424877727,0.0,0.728327440430571,0.117817458664478,0.0
0.7187952147150048,0.10040705424877727,0.0,0.7084989622576009,0.1174445181728616,0.0
0.7187952147150048,0.10040705424877727,0.0,0.6988237706349854,0.10004885043603993,0.0
0.7187952147150048,0.10040705424877727,0.0,0.7291095209469204,0.08326398326425337,0.0
0.7187952147150048,0.10040705424877727,0.0,0.7089815877442773,0.08336027945148061,0.0
0.7388095348875194,0.10069744446114977,0.0,0.728327440430571,0.117817458664478,0.0
0.7388095348875194,0.10069744446114977,0.0,0.7491310400545778,0.08354299672331107,0.0
0.7388095348875194,0.10069744446114977,0.0,0.7291095209469204,0.08326398326425337,0.0
0.7388095348875194,0.10069744446114977,0.0,0.7587678214057171,0.1010115633570736,0.0
0.728327440430571,0.117817458664478,0.0,0.7084989622576009,0.1174445181728616,0.0
0.728327440430571,0.117817458664478,0.0,0.7180920377197635,0.1348901066342827,0.0
0.7898801042008161,0.0494760696972636,0.0,0.799437406574232,0.06715219313941244,0.0
0.7898801042008161,0.0494760696972636,0.0,0.809765918596067,0.04998639253257431,0.0
0.9654308837614627,0.0898500274457676,0.0,0.9827807941004004,0.08007639683411989,0.0
0.7491310400545778,0.08354299672331107,0.0,0.7691254744418178,0.08388837733345236,0.0
0.7491310400545778,0.08354299672331107,0.0,0.7291095209469204,0.08326398326425337,0.0
0.7491310400545778,0.08354299672331107,0.0,0.7587678214057171,0.1010115633570736,0.0
0.7691254744418178,0.08388837733345236,0.0,0.7890959520971772,0.0843389852133167,0.0
0.7691254744418178,0.08388837733345236,0.0,0.7587678214057171,0.1010115633570736,0.0
0.7084989622576009,0.1174445181728616,0.0,0.6988237706349854,0.10004885043603993,0.0
0.7084989622576009,0.1174445181728616,0.0,0.6885053501238985,0.11719272554884794,0.0
0.7084989622576009,0.1174445181728616,0.0,0.698185420095416,0.1345944728960414,0.0
0.7084989622576009,0.1174445181728616,0.0,0.7180920377197635,0.1348901066342827,0.0
0.8090997532519698,0.08471344063487163,0.0,0.8194419420986279,0.06752288606371273,0.0
0.8090997532519698,0.08471344063487163,0.0,0.799437406574232,0.06715219313941244,0.0
0.8090997532519698,0.08471344063487163,0.0,0.7890959520971772,0.0843389852133167,0.0
0.8090997532519698,0.08471344063487163,0.0,0.8291239479513436,0.0851380211495813,0.0
0.8194419420986279,0.06752288606371273,0.0,0.799437406574232,0.06715219313941244,0.0
0.8194419420986279,0.06752288606371273,0.0,0.809765918596067,0.04998639253257431,0.0
0.8194419420986279,0.06752288606371273,0.0,0.8297642876978603,0.050351590197226875,0.0
0.8194419420986279,0.06752288606371273,0.0,0.8394321880636584,0.06795506815851733,0.0
0.8194419420986279,0.06752288606371273,0.0,0.8291239479513436,0.0851380211495813,0.0
0.799437406574232,0.06715219313941244,0.0,0.809765918596067,0.04998639253257431,0.0
0.799437406574232,0.06715219313941244,0.0,0.7890959520971772,0.0843389852133167,0.0
0.809765918596067,0.04998639253257431,0.0,0.8297642876978603,0.050351590197226875,0.0
0.6388215705555846,0.09981694970696454,0.0,0.6485130872276615,0.11651588552139684,0.0
0.6388215705555846,0.09981694970696454,0.0,0.6588207598082715,0.09988791991498526,0.0
0.6388215705555846,0.09981694970696454,0.0,0.6277844146358275,0.08555145695809736,0.0
0.43823048242944274,0.12975524113159706,0.0,0.4279117826482647,0.14689665335825017,0.0
0.43823048242944274,0.12975524113159706,0.0,0.44854907256267307,0.11261389059186536,0.0
0.43823048242944274,0.12975524113159706,0.0,0.42855239454566885,0.11224457013603507,0.0
0.43823048242944274,0.12975524113159706,0.0,0.41823373927190677,0.12938824915272648,0.0
0.6781890615016739,0.13421183603783274,0.0,0.6678798427412282,0.15085141261005258,0.0
0.6781890615016739,0.13421183603783274,0.0,0.6581935376912964,0.13380769326700145,0.0
0.6781890615016739,0.13421183603783274,0.0,0.6685088369759115,0.11683957326018674,0.0
0.6781890615016739,0.13421183603783274,0.0,0.6885053501238985,0.11719272554884794,0.0
0.6781890615016739,0.13421183603783274,0.0,0.698185420095416,0.1345944728960414,0.0
0.6678798427412282,0.15085141261005258,0.0,0.6581935376912964,0.13380769326700145,0.0
0.6678798427412282,0.15085141261005258,0.0,0.6478911076550681,0.15006041460401284,0.0
0.6678798427412282,0.15085141261005258,0.0,0.6587575062359837,0.16411570682824117,0.0
0.6581935376912964,0.13380769326700145,0.0,0.6485130872276615,0.11651588552139684,0.0
0.6581935376912964,0.13380769326700145,0.0,0.6685088369759115,0.11683957326018674,0.0
0.6581935376912964,0.13380769326700145,0.0,0.6478911076550681,0.15006041460401284,0.0
0.6581935376912964,0.13380769326700145,0.0,0.6381960790294496,0.13345789259666144,0.0
0.8297642876978603,0.050351590197226875,0.0,0.8394321880636584,0.06795506815851733,0.0
0.8297642876978603,0.050351590197226875,0.0,0.8493511908681042,0.0505882365143338,0.0
0.8394321880636584,0.06795506815851733,0.0,0.8291239479513436,0.0851380211495813,0.0
0.8394321880636584,0.06795506815851733,0.0,0.8493511908681042,0.0505882365143338,0.0
0.8394321880636584,0.06795506815851733,0.0,0.8491367517406488,0.08569298403723397,0.0
0.9083400084866567,0.12124310200501345,0.0,0.8983299186301182,0.13816974646759222,0.0
0.9083400084866567,0.12124310200501345,0.0,0.8891141643697781,0.12084833512839413,0.0
0.9083400084866567,0.12124310200501345,0.0,0.8987935749308199,0.10374839788796732,0.0
0.9083400084866567,0.12124310200501345,0.0,0.9180061721672266,0.10456087662522433,0.0
0.9083400084866567,0.12124310200501345,0.0,0.9275337262836296,0.12204174601389366,0.0
0.9083400084866567,0.12124310200501345,0.0,0.9179709800322884,0.1387461357201691,0.0
0.8983299186301182,0.13816974646759222,0.0,0.8891141643697781,0.12084833512839413,0.0
0.8983299186301182,0.13816974646759222,0.0,0.9179709800322884,0.1387461357201691,0.0
0.8983299186301182,0.13816974646759222,0.0,0.9080893541136473,0.15489066136742788,0.0
0.8891141643697781,0.12084833512839413,0.0,0.8788062401246534,0.10357139051297079,0.0
0.8891141643697781,0.12084833512839413,0.0,0.8987935749308199,0.10374839788796732,0.0
0.8291239479513436,0.0851380211495813,0.0,0.8491367517406488,0.08569298403723397,0.0
0.8788062401246534,0.10357139051297079,0.0,0.8987935749308199,0.10374839788796732,0.0
0.8788062401246534,0.10357139051297079,0.0,0.8891112380817411,0.08658492370689107,0.0
0.8788062401246534,0.10357139051297079,0.0,0.8691239222773789,0.08634068947146074,0.0
0.6988237706349854,0.10004885043603993,0.0,0.6885053501238985,0.11719272554884794,0.0
0.6988237706349854,0.10004885043603993,0.0,0.6788176780664735,0.10020077598072798,0.0
0.6988237706349854,0.10004885043603993,0.0,0.7089815877442773,0.08336027945148061,0.0
0.8987935749308199,0.10374839788796732,0.0,0.8891112380817411,0.08658492370689107,0.0
0.8987935749308199,0.10374839788796732,0.0,0.9090989354623713,0.08721337627475653,0.0
0.8987935749308199,0.10374839788796732,0.0,0.9180061721672266,0.10456087662522433,0.0
0.9379597378477647,0.13911414478668682,0.0,0.9272486858796314,0.15587084230341589,0.0
0.9379597378477647,0.13911414478668682,0.0,0.9275337262836296,0.12204174601389366,0.0
0.9379597378477647,0.13911414478668682,0.0,0.9179709800322884,0.1387461357201691,0.0
0.8491367517406488,0.08569298403723397,0.0,0.8691239222773789,0.08634068947146074,0.0
0.6485130872276615,0.11651588552139684,0.0,0.6685088369759115,0.11683957326018674,0.0
0.6485130872276615,0.11651588552139684,0.0,0.6588207598082715,0.09988791991498526,0.0
0.6485130872276615,0.11651588552139684,0.0,0.6381960790294496,0.13345789259666144,0.0
0.6685088369759115,0.11683957326018674,0.0,0.6885053501238985,0.11719272554884794,0.0
0.6685088369759115,0.11683957326018674,0.0,0.6788176780664735,0.10020077598072798,0.0
0.6685088369759115,0.11683957326018674,0.0,0.6588207598082715,0.09988791991498526,0.0
0.4279117826482647,0.14689665335825017,0.0,0.41823373927190677,0.12938824915272648,0.0
0.4279117826482647,0.14689665335825017,0.0,0.4375997979536343,0.16386302466062913,0.0
0.4279117826482647,0.14689665335825017,0.0,0.40783630998679693,0.14635695149045405,0.0
0.8891112380817411,0.08658492370689107,0.0,0.9090989354623713,0.08721337627475653,0.0
0.8891112380817411,0.08658492370689107,0.0,0.8691239222773789,0.08634068947146074,0.0
0.6885053501238985,0.11719272554884794,0.0,0.698185420095416,0.1345944728960414,0.0
0.6885053501238985,0.11719272554884794,0.0,0.6788176780664735,0.10020077598072798,0.0
0.3388879148807717,0.0932703866258785,0.0,0.318891465384832,0.09289092848603793,0.0
0.3388879148807717,0.0932703866258785,0.0,0.3289929595458752,0.07603379736919194,0.0
0.3388879148807717,0.0932703866258785,0.0,0.3485656967462685,0.11078753886292476,0.0
0.3388879148807717,0.0932703866258785,0.0,0.32856935116784,0.11040413620220757,0.0
0.3388879148807717,0.0932703866258785,0.0,0.349004900053477,0.07721396701758136,0.0
0.3388879148807717,0.0932703866258785,0.0,0.3588836673110538,0.09368648321899224,0.0
0.318891465384832,0.09289092848603793,0.0,0.3289929595458752,0.07603379736919194,0.0
0.318891465384832,0.09289092848603793,0.0,0.32856935116784,0.11040413620220757,0.0
0.318891465384832,0.09289092848603793,0.0,0.3085728125452804,0.11003074901369586,0.0
0.318891465384832,0.09289092848603793,0.0,0.2988948575794919,0.09251914854755634,0.0
0.318891465384832,0.09289092848603793,0.0,0.3092135668944186,0.075377628860425,0.0
0.3289929595458752,0.07603379736919194,0.0,0.349004900053477,0.07721396701758136,0.0
0.3289929595458752,0.07603379736919194,0.0,0.3092135668944186,0.075377628860425,0.0
0.3289929595458752,0.07603379736919194,0.0,0.3193125430829761,0.05838518298412354,0.0
0.44854907256267307,0.11261389059186536,0.0,0.42855239454566885,0.11224457013603507,0.0
0.44854907256267307,0.11261389059186536,0.0,0.4388705536262949,0.09513001782257445,0.0
0.44854907256267307,0.11261389059186536,0.0,0.45886742124706126,0.09547708224418333,0.0
0.44854907256267307,0.11261389059186536,0.0,0.4685460586812332,0.11298393543769628,0.0
0.3485656967462685,0.11078753886292476,0.0,0.32856935116784,0.11040413620220757,0.0
0.3485656967462685,0.11078753886292476,0.0,0.33833367010935544,0.1273772372519868,0.0
0.3485656967462685,0.11078753886292476,0.0,0.3583166402134246,0.12816158234429875,0.0
0.3485656967462685,0.11078753886292476,0.0,0.3685615891189404,0.11119491503717537,0.0
0.3485656967462685,0.11078753886292476,0.0,0.3588836673110538,0.09368648321899224,0.0
0.32856935116784,0.11040413620220757,0.0,0.33833367010935544,0.1273772372519868,0.0
0.32856935116784,0.11040413620220757,0.0,0.31825629171411135,0.12724305093136523,0.0
0.32856935116784,0.11040413620220757,0.0,0.3085728125452804,0.11003074901369586,0.0
0.33833367010935544,0.1273772372519868,0.0,0.31825629171411135,0.12724305093136523,0.0
0.33833367010935544,0.1273772372519868,0.0,0.3583166402134246,0.12816158234429875,0.0
0.33833367010935544,0.1273772372519868,0.0,0.3475714528756586,0.1444911363565695,0.0
0.33833367010935544,0.1273772372519868,0.0,0.3275052081833232,0.14339010137993125,0.0
0.9272486858796314,0.15587084230341589,0.0,0.9179709800322884,0.1387461357201691,0.0
0.9272486858796314,0.15587084230341589,0.0,0.9080893541136473,0.15489066136742788,0.0
0.42855239454566885,0.11224457013603507,0.0,0.41823373927190677,0.12938824915272648,0.0
0.42855239454566885,0.11224457013603507,0.0,0.4388705536262949,0.09513001782257445,0.0
0.42855239454566885,0.11224457013603507,0.0,0.408555728109122,0.11188054574431337,0.0
0.42855239454566885,0.11224457013603507,0.0,0.4188739285587212,0.09476518828619666,0.0
0.41823373927190677,0.12938824915272648,0.0,0.408555728109122,0.11188054574431337,0.0
0.41823373927190677,0.12938824915272648,0.0,0.3982370027329359,0.12902505669200104,0.0
0.41823373927190677,0.12938824915272648,0.0,0.40783630998679693,0.14635695149045405,0.0
0.349004900053477,0.07721396701758136,0.0,0.3588836673110538,0.09368648321899224,0.0
0.349004900053477,0.07721396701758136,0.0,0.35941643696522807,0.06488168350030395,0.0
0.31825629171411135,0.12724305093136523,0.0,0.3085728125452804,0.11003074901369586,0.0
0.31825629171411135,0.12724305093136523,0.0,0.3275052081833232,0.14339010137993125,0.0
0.698185420095416,0.1345944728960414,0.0,0.7180920377197635,0.1348901066342827,0.0
0.9090989354623713,0.08721337627475653,0.0,0.9180061721672266,0.10456087662522433,0.0
0.9180061721672266,0.10456087662522433,0.0,0.9275337262836296,0.12204174601389366,0.0
0.3085728125452804,0.11003074901369586,0.0,0.2988948575794919,0.09251914854755634,0.0
0.3085728125452804,0.11003074901369586,0.0,0.2885762137973399,0.10966019912426912,0.0
0.6788176780664735,0.10020077598072798,0.0,0.6588207598082715,0.09988791991498526,0.0
0.7291095209469204,0.08326398326425337,0.0,0.7089815877442773,0.08336027945148061,0.0
0.26922016204839555,0.07463788068540864,0.0,0.2892107665019045,0.0750119475305413,0.0
0.26922016204839555,0.07463788068540864,0.0,0.27952744968534554,0.057614670618335265,0.0
0.26922016204839555,0.07463788068540864,0.0,0.2589015421970999,0.09177909707274397,0.0
0.26922016204839555,0.07463788068540864,0.0,0.24922344028455432,0.07426799060564698,0.0
0.26922016204839555,0.07463788068540864,0.0,0.2788982070091561,0.09214900210915382,0.0
0.26922016204839555,0.07463788068540864,0.0,0.25954091357082854,0.05718921733016188,0.0
0.2892107665019045,0.0750119475305413,0.0,0.27952744968534554,0.057614670618335265,0.0
0.2892107665019045,0.0750119475305413,0.0,0.2988948575794919,0.09251914854755634,0.0
0.2892107665019045,0.0750119475305413,0.0,0.3092135668944186,0.075377628860425,0.0
0.2892107665019045,0.0750119475305413,0.0,0.29949896813734656,0.05789125986604699,0.0
0.2892107665019045,0.0750119475305413,0.0,0.2788982070091561,0.09214900210915382,0.0
0.27952744968534554,0.057614670618335265,0.0,0.29949896813734656,0.05789125986604699,0.0
0.27952744968534554,0.057614670618335265,0.0,0.25954091357082854,0.05718921733016188,0.0
0.27952744968534554,0.057614670618335265,0.0,0.28983312657019683,0.04097170418897782,0.0
0.27952744968534554,0.057614670618335265,0.0,0.2698534342928558,0.04018093761424161,0.0
0.9275337262836296,0.12204174601389366,0.0,0.9179709800322884,0.1387461357201691,0.0
0.9179709800322884,0.1387461357201691,0.0,0.9080893541136473,0.15489066136742788,0.0
0.2988948575794919,0.09251914854755634,0.0,0.3092135668944186,0.075377628860425,0.0
0.2988948575794919,0.09251914854755634,0.0,0.2885762137973399,0.10966019912426912,0.0
0.2988948575794919,0.09251914854755634,0.0,0.2788982070091561,0.09214900210915382,0.0
0.3092135668944186,0.075377628860425,0.0,0.29949896813734656,0.05789125986604699,0.0
0.3092135668944186,0.075377628860425,0.0,0.3193125430829761,0.05838518298412354,0.0
0.2589015421970999,0.09177909707274397,0.0,0.24922344028455432,0.07426799060564698,0.0
0.2589015421970999,0.09177909707274397,0.0,0.26857959812373305,0.10929026215201897,0.0
0.2589015421970999,0.09177909707274397,0.0,0.23890487216602813,0.09140909342042224,0.0
0.2589015421970999,0.09177909707274397,0.0,0.2788982070091561,0.09214900210915382,0.0
0.2589015421970999,0.09177909707274397,0.0,0.2485829760005964,0.1089203252730234,0.0
0.24922344028455432,0.07426799060564698,0.0,0.23890487216602813,0.09140909342042224,0.0
0.24922344028455432,0.07426799060564698,0.0,0.22922671578984272,0.07389791842947767,0.0
0.24922344028455432,0.07426799060564698,0.0,0.23954528249679924,0.05675697148692874,0.0
0.24922344028455432,0.07426799060564698,0.0,0.25954091357082854,0.05718921733016188,0.0
0.2885762137973399,0.10966019912426912,0.0,0.26857959812373305,0.10929026215201897,0.0
0.2885762137973399,0.10966019912426912,0.0,0.277376284005775,0.12613381137123356,0.0
0.2885762137973399,0.10966019912426912,0.0,0.2788982070091561,0.09214900210915382,0.0
0.26857959812373305,0.10929026215201897,0.0,0.277376284005775,0.12613381137123356,0.0
0.26857959812373305,0.10929026215201897,0.0,0.2788982070091561,0.09214900210915382,0.0
0.26857959812373305,0.10929026215201897,0.0,0.2485829760005964,0.1089203252730234,0.0
0.26857959812373305,0.10929026215201897,0.0,0.25707384070528916,0.125593785824333,0.0
0.277376284005775,0.12613381137123356,0.0,0.25707384070528916,0.125593785824333,0.0
0.277376284005775,0.12613381137123356,0.0,0.2654237067628998,0.14180190160258205,0.0
0.4375997979536343,0.16386302466062913,0.0,0.4575997235641755,0.16405738745040163,0.0
0.4375997979536343,0.16386302466062913,0.0,0.4473724046905587,0.17625725089978,0.0
0.29949896813734656,0.05789125986604699,0.0,0.3193125430829761,0.05838518298412354,0.0
0.29949896813734656,0.05789125986604699,0.0,0.3098020259295482,0.041274474109244584,0.0
0.29949896813734656,0.05789125986604699,0.0,0.28983312657019683,0.04097170418897782,0.0
0.1789157161599007,0.09025230628169446,0.0,0.18923342515228153,0.07314958427284611,0.0
0.1789157161599007,0.09025230628169446,0.0,0.16923699869258338,0.07276454481395404,0.0
0.1789157161599007,0.09025230628169446,0.0,0.15891937230498618,0.08986514480618127,0.0
0.1789157161599007,0.09025230628169446,0.0,0.16860252863567426,0.10711122330271101,0.0
0.1789157161599007,0.09025230628169446,0.0,0.1989115328373552,0.09066854934054826,0.0
0.1789157161599007,0.09025230628169446,0.0,0.18859816735596718,0.10753516828507444,0.0
0.18923342515228153,0.07314958427284611,0.0,0.16923699869258338,0.07276454481395404,0.0
0.18923342515228153,0.07314958427284611,0.0,0.19955076814649475,0.056068557311245264,0.0
0.18923342515228153,0.07314958427284611,0.0,0.2092298579150529,0.0735350689773553,0.0
0.18923342515228153,0.07314958427284611,0.0,0.17955659616925215,0.055841028824887826,0.0
0.18923342515228153,0.07314958427284611,0.0,0.1989115328373552,0.09066854934054826,0.0
0.16923699869258338,0.07276454481395404,0.0,0.1492401794481924,0.07240199174438515,0.0
0.16923699869258338,0.07276454481395404,0.0,0.15891937230498618,0.08986514480618127,0.0
0.16923699869258338,0.07276454481395404,0.0,0.17955659616925215,0.055841028824887826,0.0
0.16923699869258338,0.07276454481395404,0.0,0.15955831327487094,0.05527230128123944,0.0
0.1389219834300972,0.08953543533635831,0.0,0.1492401794481924,0.07240199174438515,0.0
0.1389219834300972,0.08953543533635831,0.0,0.12924341701004258,0.07203807348181945,0.0
0.1389219834300972,0.08953543533635831,0.0,0.15891937230498618,0.08986514480618127,0.0
0.1389219834300972,0.08953543533635831,0.0,0.1486010586086935,0.10700317864128821,0.0
0.1389219834300972,0.08953543533635831,0.0,0.12860351543550347,0.10668302786524969,0.0
0.1389219834300972,0.08953543533635831,0.0,0.11892509382990363,0.08917993861569215,0.0
0.1492401794481924,0.07240199174438515,0.0,0.12924341701004258,0.07203807348181945,0.0
0.1492401794481924,0.07240199174438515,0.0,0.15891937230498618,0.08986514480618127,0.0
0.1492401794481924,0.07240199174438515,0.0,0.13956164428462595,0.05490092237576298,0.0
0.1492401794481924,0.07240199174438515,0.0,0.15955831327487094,0.05527230128123944,0.0
0.12924341701004258,0.07203807348181945,0.0,0.1092467139999109,0.07167308068328539,0.0
0.12924341701004258,0.07203807348181945,0.0,0.11940945622675861,0.05426460735141046,0.0
0.12924341701004258,0.07203807348181945,0.0,0.13956164428462595,0.05490092237576298,0.0
0.12924341701004258,0.07203807348181945,0.0,0.11892509382990363,0.08917993861569215,0.0
0.1092467139999109,0.07167308068328539,0.0,0.11940945622675861,0.05426460735141046,0.0
0.1092467139999109,0.07167308068328539,0.0,0.0989386277772226,0.05466307343219251,0.0
0.1092467139999109,0.07167308068328539,0.0,0.08914548739485123,0.0714777675390407,0.0
0.1092467139999109,0.07167308068328539,0.0,0.09892843454398943,0.0888135595668103,0.0
0.1092467139999109,0.07167308068328539,0.0,0.11892509382990363,0.08917993861569215,0.0
0.11940945622675861,0.05426460735141046,0.0,0.0989386277772226,0.05466307343219251,0.0
0.11940945622675861,0.05426460735141046,0.0,0.13956164428462595,0.05490092237576298,0.0
0.0989386277772226,0.05466307343219251,0.0,0.08914548739485123,0.0714777675390407,0.0
0.0989386277772226,0.05466307343219251,0.0,0.07957364238278856,0.0543401039008089,0.0
0.22858635158090962,0.10855022661707704,0.0,0.20858972541175208,0.10817994124604095,0.0
0.22858635158090962,0.10855022661707704,0.0,0.23890487216602813,0.09140909342042224,0.0
0.22858635158090962,0.10855022661707704,0.0,0.21890820088723886,0.09103891263084246,0.0
0.22858635158090962,0.10855022661707704,0.0,0.2373216924077895,0.12549536759424387,0.0
0.22858635158090962,0.10855022661707704,0.0,0.2485829760005964,0.1089203252730234,0.0
0.20858972541175208,0.10817994124604095,0.0,0.21890820088723886,0.09103891263084246,0.0
0.20858972541175208,0.10817994124604095,0.0,0.1989115328373552,0.09066854934054826,0.0
0.20858972541175208,0.10817994124604095,0.0,0.18859816735596718,0.10753516828507444,0.0
0.08914548739485123,0.0714777675390407,0.0,0.09892843454398943,0.0888135595668103,0.0
0.08914548739485123,0.0714777675390407,0.0,0.07893186736497104,0.08844402549864015,0.0
0.08914548739485123,0.0714777675390407,0.0,0.06925364158499304,0.07093281481968851,0.0
0.08914548739485123,0.0714777675390407,0.0,0.07957364238278856,0.0543401039008089,0.0
0.21954850154167463,0.0563868004188848,0.0,0.19955076814649475,0.056068557311245264,0.0
0.21954850154167463,0.0563868004188848,0.0,0.2092298579150529,0.0735350689773553,0.0
0.21954850154167463,0.0563868004188848,0.0,0.22922671578984272,0.07389791842947767,0.0
0.21954850154167463,0.0563868004188848,0.0,0.22986706472959056,0.03924600974735568,0.0
0.21954850154167463,0.0563868004188848,0.0,0.20986430935622,0.03919609739229985,0.0
0.21954850154167463,0.0563868004188848,0.0,0.23954528249679924,0.05675697148692874,0.0
0.19955076814649475,0.056068557311245264,0.0,0.2092298579150529,0.0735350689773553,0.0
0.19955076814649475,0.056068557311245264,0.0,0.17955659616925215,0.055841028824887826,0.0
0.19955076814649475,0.056068557311245264,0.0,0.20986430935622,0.03919609739229985,0.0
0.19955076814649475,0.056068557311245264,0.0,0.18985930282119848,0.039504408058042055,0.0
0.2092298579150529,0.0735350689773553,0.0,0.21890820088723886,0.09103891263084246,0.0
0.2092298579150529,0.0735350689773553,0.0,0.22922671578984272,0.07389791842947767,0.0
0.2092298579150529,0.0735350689773553,0.0,0.1989115328373552,0.09066854934054826,0.0
0.3583166402134246,0.12816158234429875,0.0,0.3685615891189404,0.11119491503717537,0.0
0.3583166402134246,0.12816158234429875,0.0,0.3782405670880983,0.12864772290871737,0.0
0.3583166402134246,0.12816158234429875,0.0,0.3475714528756586,0.1444911363565695,0.0
0.23890487216602813,0.09140909342042224,0.0,0.21890820088723886,0.09103891263084246,0.0
0.23890487216602813,0.09140909342042224,0.0,0.22922671578984272,0.07389791842947767,0.0
0.23890487216602813,0.09140909342042224,0.0,0.2485829760005964,0.1089203252730234,0.0
0.21890820088723886,0.09103891263084246,0.0,0.22922671578984272,0.07389791842947767,0.0
0.21890820088723886,0.09103891263084246,0.0,0.1989115328373552,0.09066854934054826,0.0
0.22922671578984272,0.07389791842947767,0.0,0.23954528249679924,0.05675697148692874,0.0
0.2373216924077895,0.12549536759424387,0.0,0.2485829760005964,0.1089203252730234,0.0
0.2373216924077895,0.12549536759424387,0.0,0.25707384070528916,0.125593785824333,0.0
0.2373216924077895,0.12549536759424387,0.0,0.24533227119194645,0.14171812519037358,0.0
0.15891937230498618,0.08986514480618127,0.0,0.1486010586086935,0.10700317864128821,0.0
0.15891937230498618,0.08986514480618127,0.0,0.16860252863567426,0.10711122330271101,0.0
0.1486010586086935,0.10700317864128821,0.0,0.16860252863567426,0.10711122330271101,0.0
0.1486010586086935,0.10700317864128821,0.0,0.12860351543550347,0.10668302786524969,0.0
0.13956164428462595,0.05490092237576298,0.0,0.15955831327487094,0.05527230128123944,0.0
0.13956164428462595,0.05490092237576298,0.0,0.14998341672877524,0.03902238231500411,0.0
0.07829171701896456,0.12309649626732079,0.0,0.09845328437053757,0.12226211669938061,0.0
0.07829171701896456,0.12309649626732079,0.0,0.08861009825511201,0.10595507798396134,0.0
0.07829171701896456,0.12309649626732079,0.0,0.06861353235163956,0.10558506648392131,0.0
0.07829171701896456,0.12309649626732079,0.0,0.06797329301412086,0.14023735767688025,0.0
0.07829171701896456,0.12309649626732079,0.0,0.058295144151008865,0.12272607449406416,0.0
0.09845328437053757,0.12226211669938061,0.0,0.08861009825511201,0.10595507798396134,0.0
0.09845328437053757,0.12226211669938061,0.0,0.10860671951611525,0.10632324051633595,0.0
0.09845328437053757,0.12226211669938061,0.0,0.11829376092930508,0.12335754488909023,0.0
0.09845328437053757,0.12226211669938061,0.0,0.1089915972662903,0.1367226751451568,0.0
0.047976703563086615,0.13986685516156372,0.0,0.05766053542859184,0.15706866927091195,0.0
0.047976703563086615,0.13986685516156372,0.0,0.06797329301412086,0.14023735767688025,0.0
0.047976703563086615,0.13986685516156372,0.0,0.058295144151008865,0.12272607449406416,0.0
0.05766053542859184,0.15706866927091195,0.0,0.06797329301412086,0.14023735767688025,0.0
0.6478911076550681,0.15006041460401284,0.0,0.627886521504017,0.1501188943893686,0.0
0.6478911076550681,0.15006041460401284,0.0,0.6381960790294496,0.13345789259666144,0.0
0.6478911076550681,0.15006041460401284,0.0,0.6587575062359837,0.16411570682824117,0.0
0.627886521504017,0.1501188943893686,0.0,0.6381960790294496,0.13345789259666144,0.0
0.627886521504017,0.1501188943893686,0.0,0.6182140394940991,0.13304939583057554,0.0
0.627886521504017,0.1501188943893686,0.0,0.607896060951446,0.14980991899915547,0.0
0.05893534748844013,0.08807373990003986,0.0,0.049685988721819306,0.07052782995871161,0.0
0.05893534748844013,0.08807373990003986,0.0,0.07893186736497104,0.08844402549864015,0.0
0.05893534748844013,0.08807373990003986,0.0,0.06861353235163956,0.10558506648392131,0.0
0.05893534748844013,0.08807373990003986,0.0,0.048616994551955395,0.10521477581206216,0.0
0.05893534748844013,0.08807373990003986,0.0,0.06925364158499304,0.07093281481968851,0.0
0.049685988721819306,0.07052782995871161,0.0,0.06925364158499304,0.07093281481968851,0.0
0.049685988721819306,0.07052782995871161,0.0,0.05963165800836018,0.05424084654222591,0.0
0.39887316546320206,0.0946236106138491,0.0,0.3885584338096462,0.11155018202074665,0.0
0.39887316546320206,0.0946236106138491,0.0,0.3788757684843669,0.09429886130702039,0.0
0.39887316546320206,0.0946236106138491,0.0,0.408555728109122,0.11188054574431337,0.0
0.39887316546320206,0.0946236106138491,0.0,0.4188739285587212,0.09476518828619666,0.0
0.3885584338096462,0.11155018202074665,0.0,0.3788757684843669,0.09429886130702039,0.0
0.3885584338096462,0.11155018202074665,0.0,0.3685615891189404,0.11119491503717537,0.0
0.3885584338096462,0.11155018202074665,0.0,0.3782405670880983,0.12864772290871737,0.0
0.3885584338096462,0.11155018202074665,0.0,0.408555728109122,0.11188054574431337,0.0
0.3885584338096462,0.11155018202074665,0.0,0.3982370027329359,0.12902505669200104,0.0
0.3788757684843669,0.09429886130702039,0.0,0.3685615891189404,0.11119491503717537,0.0
0.3788757684843669,0.09429886130702039,0.0,0.3588836673110538,0.09368648321899224,0.0
0.3685615891189404,0.11119491503717537,0.0,0.3782405670880983,0.12864772290871737,0.0
0.3685615891189404,0.11119491503717537,0.0,0.3588836673110538,0.09368648321899224,0.0
0.3782405670880983,0.12864772290871737,0.0,0.3982370027329359,0.12902505669200104,0.0
0.3782405670880983,0.12864772290871737,0.0,0.3879243574803757,0.1461565265609717,0.0
0.16860252863567426,0.10711122330271101,0.0,0.18859816735596718,0.10753516828507444,0.0
0.09892843454398943,0.0888135595668103,0.0,0.08861009825511201,0.10595507798396134,0.0
0.09892843454398943,0.0888135595668103,0.0,0.07893186736497104,0.08844402549864015,0.0
0.09892843454398943,0.0888135595668103,0.0,0.11892509382990363,0.08917993861569215,0.0
0.09892843454398943,0.0888135595668103,0.0,0.10860671951611525,0.10632324051633595,0.0
0.08861009825511201,0.10595507798396134,0.0,0.07893186736497104,0.08844402549864015,0.0
0.08861009825511201,0.10595507798396134,0.0,0.06861353235163956,0.10558506648392131,0.0
0.08861009825511201,0.10595507798396134,0.0,0.10860671951611525,0.10632324051633595,0.0
0.07893186736497104,0.08844402549864015,0.0,0.06861353235163956,0.10558506648392131,0.0
0.07893186736497104,0.08844402549864015,0.0,0.06925364158499304,0.07093281481968851,0.0
0.06861353235163956,0.10558506648392131,0.0,0.048616994551955395,0.10521477581206216,0.0
0.06861353235163956,0.10558506648392131,0.0,0.058295144151008865,0.12272607449406416,0.0
0.17955659616925215,0.055841028824887826,0.0,0.15955831327487094,0.05527230128123944,0.0
0.17955659616925215,0.055841028824887826,0.0,0.16988667893598272,0.03928587849073071,0.0
0.17955659616925215,0.055841028824887826,0.0,0.18985930282119848,0.039504408058042055,0.0
0.048616994551955395,0.10521477581206216,0.0,0.058295144151008865,0.12272607449406416,0.0
0.22986706472959056,0.03924600974735568,0.0,0.20986430935622,0.03919609739229985,0.0
0.22986706472959056,0.03924600974735568,0.0,0.23954528249679924,0.05675697148692874,0.0
0.22986706472959056,0.03924600974735568,0.0,0.24985700153198528,0.03998976716292291,0.0
0.20986430935622,0.03919609739229985,0.0,0.18985930282119848,0.039504408058042055,0.0
0.20986430935622,0.03919609739229985,0.0,0.19992538508520946,0.024324839584126765,0.0
0.23954528249679924,0.05675697148692874,0.0,0.25954091357082854,0.05718921733016188,0.0
0.23954528249679924,0.05675697148692874,0.0,0.24985700153198528,0.03998976716292291,0.0
0.3193125430829761,0.05838518298412354,0.0,0.3098020259295482,0.041274474109244584,0.0
0.3098020259295482,0.041274474109244584,0.0,0.28983312657019683,0.04097170418897782,0.0
0.4388705536262949,0.09513001782257445,0.0,0.45886742124706126,0.09547708224418333,0.0
0.4388705536262949,0.09513001782257445,0.0,0.4188739285587212,0.09476518828619666,0.0
0.45886742124706126,0.09547708224418333,0.0,0.4685460586812332,0.11298393543769628,0.0
0.45886742124706126,0.09547708224418333,0.0,0.46917770857157065,0.07833401184763758,0.0
0.12860351543550347,0.10668302786524969,0.0,0.11892509382990363,0.08917993861569215,0.0
0.12860351543550347,0.10668302786524969,0.0,0.10860671951611525,0.10632324051633595,0.0
0.12860351543550347,0.10668302786524969,0.0,0.11829376092930508,0.12335754488909023,0.0
0.11892509382990363,0.08917993861569215,0.0,0.10860671951611525,0.10632324051633595,0.0
0.06925364158499304,0.07093281481968851,0.0,0.05963165800836018,0.05424084654222591,0.0
0.06925364158499304,0.07093281481968851,0.0,0.07957364238278856,0.0543401039008089,0.0
0.06797329301412086,0.14023735767688025,0.0,0.058295144151008865,0.12272607449406416,0.0
0.05963165800836018,0.05424084654222591,0.0,0.07957364238278856,0.0543401039008089,0.0
0.6381960790294496,0.13345789259666144,0.0,0.6182140394940991,0.13304939583057554,0.0
0.25954091357082854,0.05718921733016188,0.0,0.24985700153198528,0.03998976716292291,0.0
0.25954091357082854,0.05718921733016188,0.0,0.2698534342928558,0.04018093761424161,0.0
0.408555728109122,0.11188054574431337,0.0,0.4188739285587212,0.09476518828619666,0.0
0.408555728109122,0.11188054574431337,0.0,0.3982370027329359,0.12902505669200104,0.0
0.1989115328373552,0.09066854934054826,0.0,0.18859816735596718,0.10753516828507444,0.0
0.10860671951611525,0.10632324051633595,0.0,0.11829376092930508,0.12335754488909023,0.0
0.11829376092930508,0.12335754488909023,0.0,0.1089915972662903,0.1367226751451568,0.0
0.11829376092930508,0.12335754488909023,0.0,0.12743455195194855,0.1352616160642616,0.0
0.15955831327487094,0.05527230128123944,0.0,0.14998341672877524,0.03902238231500411,0.0
0.15955831327487094,0.05527230128123944,0.0,0.16988667893598272,0.03928587849073071,0.0
0.14998341672877524,0.03902238231500411,0.0,0.16988667893598272,0.03928587849073071,0.0
0.14998341672877524,0.03902238231500411,0.0,0.1410234423252166,0.02602852627583096,0.0
0.14998341672877524,0.03902238231500411,0.0,0.15970076041827758,0.025696876488244084,0.0
0.16988667893598272,0.03928587849073071,0.0,0.18985930282119848,0.039504408058042055,0.0
0.16988667893598272,0.03928587849073071,0.0,0.17945522168321112,0.024792783193033813,0.0
0.16988667893598272,0.03928587849073071,0.0,0.15970076041827758,0.025696876488244084,0.0
0.2485829760005964,0.1089203252730234,0.0,0.25707384070528916,0.125593785824333,0.0
0.24985700153198528,0.03998976716292291,0.0,0.2698534342928558,0.04018093761424161,0.0
0.3982370027329359,0.12902505669200104,0.0,0.3879243574803757,0.1461565265609717,0.0
0.3982370027329359,0.12902505669200104,0.0,0.40783630998679693,0.14635695149045405,0.0
0.25707384070528916,0.125593785824333,0.0,0.24533227119194645,0.14171812519037358,0.0
0.25707384070528916,0.125593785824333,0.0,0.2654237067628998,0.14180190160258205,0.0
0.18985930282119848,0.039504408058042055,0.0,0.19992538508520946,0.024324839584126765,0.0
0.18985930282119848,0.039504408058042055,0.0,0.17945522168321112,0.024792783193033813,0.0
0.3879243574803757,0.1461565265609717,0.0,0.40783630998679693,0.14635695149045405,0.0
0.28983312657019683,0.04097170418897782,0.0,0.2698534342928558,0.04018093761424161,0.0
0.5878919977050241,0.14978391114912637,0.0,0.607896060951446,0.14980991899915547,0.0
0.5878919977050241,0.14978391114912637,0.0,0.5782683921140502,0.1322632405894126,0.0
0.5878919977050241,0.14978391114912637,0.0,0.5678878588749822,0.14948623398694746,0.0
0.6182140394940991,0.13304939583057554,0.0,0.607896060951446,0.14980991899915547,0.0
0.4575997235641755,0.16405738745040163,0.0,0.4473724046905587,0.17625725089978,0.0
0.4575997235641755,0.16405738745040163,0.0,0.46736082318284106,0.17706989462725878,0.0
1.0,0.08994223988648947,0.0,1.0,0.06993215186045842,0.0
1.0,0.08994223988648947,0.0,0.9827807941004004,0.08007639683411989,0.0
1.0,0.04992191776619575,0.0,1.0,0.06993215186045842,0.0
1.0,0.04992191776619575,0.0,0.9832149854301984,0.06085466932031805,0.0
1.0,0.04992191776619575,0.0,1.0,0.029911510812181474,0.0
1.0,0.06993215186045842,0.0,0.9832149854301984,0.06085466932031805,0.0
1.0,0.06993215186045842,0.0,0.9827807941004004,0.08007639683411989,0.0
0.9832149854301984,0.06085466932031805,0.0,0.9827807941004004,0.08007639683411989,0.0
0.5782683921140502,0.1322632405894126,0.0,0.5678878588749822,0.14948623398694746,0.0
0.5678878588749822,0.14948623398694746,0.0,0.5478967528863202,0.14904493377314448,0.0
0.5678878588749822,0.14948623398694746,0.0,0.5574400982366106,0.16495572137774223,0.0
0.4975795429412911,0.16551606751630557,0.0,0.48734316279084966,0.17821176554724052,0.0
0.4975795429412911,0.16551606751630557,0.0,0.5074984759149044,0.17868132651610885,0.0
0.5382304877111976,0.1315949032164995,0.0,0.5478967528863202,0.14904493377314448,0.0
0.5478967528863202,0.14904493377314448,0.0,0.5574400982366106,0.16495572137774223,0.0
0.5574400982366106,0.16495572137774223,0.0,0.5649922408293434,0.17851581406937592,0.0
0.5574400982366106,0.16495572137774223,0.0,0.5473786200231184,0.17863971339337553,0.0
0.46917770857157065,0.07833401184763758,0.0,0.4794837788149845,0.06120574356490698,0.0
0.12108701416345873,0.14969062431002614,0.0,0.1089915972662903,0.1367226751451568,0.0
0.12108701416345873,0.14969062431002614,0.0,0.12743455195194855,0.1352616160642616,0.0
0.9179688828552273,0.039017308921753306,0.0,0.9097738149874832,0.0212585750055326,0.0
0.9179688828552273,0.039017308921753306,0.0,0.9295454360882065,0.023377245249526727,0.0
0.9097738149874832,0.0212585750055326,0.0,0.9295454360882065,0.023377245249526727,0.0
0.9097738149874832,0.0212585750055326,0.0,0.9018978749469293,0.003216651159500989,0.0
0.9097738149874832,0.0212585750055326,0.0,0.9214531684171618,0.00541215529927179,0.0
0.14496588311654102,0.18028317469626212,0.0,0.1372078753933555,0.1984719233079192,0.0
0.14496588311654102,0.18028317469626212,0.0,0.1567512396874989,0.1961150489967212,0.0
0.9295454360882065,0.023377245249526727,0.0,0.9214531684171618,0.00541215529927179,0.0
0.2549212071454445,0.1900191158946087,0.0,0.2352375608496372,0.1901715774166525,0.0
0.2352375608496372,0.1901715774166525,0.0,0.2155675444190997,0.1909215933815534,0.0
0.49032812783043983,0.00982701447408235,0.0,0.510005270492892,0.009821847563237573,0.0
0.510005270492892,0.009821847563237573,0.0,0.5296730830925014,0.009213561363792724,0.0
0.02000809554975122,0.009586350405648326,0.0,0.03966469887347698,0.008684014841116592,0.0
0.02000809554975122,0.009586350405648326,0.0,0.00033344311679455623,0.009900700680136088,0.0
0.02000809554975122,0.009586350405648326,0.0,0.014572460804291117,0.023894456002767833,0.0
0.03966469887347698,0.008684014841116592,0.0,0.05929001029488474,0.00725113688748539,0.0
0.10578084787095623,0.18550161304290003,0.0,0.1176755593694548,0.2009191173322832,0.0
0.10578084787095623,0.18550161304290003,0.0,0.09813655032930213,0.2033120093872453,0.0
0.2155675444190997,0.1909215933815534,0.0,0.1959260328513177,0.1922212147213933,0.0
0.5296730830925014,0.009213561363792724,0.0,0.5493155406379585,0.008041123886883498,0.0
0.1176755593694548,0.2009191173322832,0.0,0.1372078753933555,0.1984719233079192,0.0
0.1176755593694548,0.2009191173322832,0.0,0.09813655032930213,0.2033120093872453,0.0
0.1372078753933555,0.1984719233079192,0.0,0.1567512396874989,0.1961150489967212,0.0
3.334444814934153e-05,0.18999072208093554,0.0,0.014343850146194687,0.17474974457834985,0.0
3.334444814934153e-05,0.18999072208093554,0.0,0.011954384116151613,0.19775044514773255,0.0
3.334444814934153e-05,0.18999072208093554,0.0,1.1855880872679387e-24,0.21,0.0
0.1959260328513177,0.1922212147213933,0.0,0.1763208908223542,0.1939886762133007,0.0
0.6861187615548019,0.1930527247722307,0.0,0.6724328695628605,0.17773634229734261,0.0
0.6861187615548019,0.1930527247722307,0.0,0.6665320285254098,0.1950146595390509,0.0
0.6724328695628605,0.17773634229734261,0.0,0.6665320285254098,0.1950146595390509,0.0
0.6724328695628605,0.17773634229734261,0.0,0.6531432110257517,0.1809781548259365,0.0
0.6724328695628605,0.17773634229734261,0.0,0.6587575062359837,0.16411570682824117,0.0
0.3530228816138251,0.1972732469543295,0.0,0.3725585682950345,0.1996932487804034,0.0
0.1763208908223542,0.1939886762133007,0.0,0.1567512396874989,0.1961150489967212,0.0
0.6079079889629149,0.2021313692806051,0.0,0.6274414338011367,0.1996932485171144,0.0
0.6079079889629149,0.2021313692806051,0.0,0.5883592993452134,0.204443428867555,0.0
0.6274414338011367,0.1996932485171144,0.0,0.6469771203754761,0.1972732467138197,0.0
0.8823244412923026,0.2009191174150899,0.0,0.901863450217593,0.2033120094520914,0.0
0.8823244412923026,0.2009191174150899,0.0,0.8772077055658868,0.1870760552327164,0.0
0.901863450217593,0.2033120094520914,0.0,0.921425379683128,0.2055086350647987,0.0
0.6469771203754761,0.1972732467138197,0.0,0.6665320285254098,0.1950146595390509,0.0
0.6469771203754761,0.1972732467138197,0.0,0.6531432110257517,0.1809781548259365,0.0
0.6665320285254098,0.1950146595390509,0.0,0.6531432110257517,0.1809781548259365,0.0
0.6531432110257517,0.1809781548259365,0.0,0.6587575062359837,0.16411570682824117,0.0
0.07857462076905876,0.2055086350173741,0.0,0.09813655032930213,0.2033120093872453,0.0
0.07857462076905876,0.2055086350173741,0.0,0.05897878113556556,0.2073769316422593,0.0
0.4312186625324201,0.2064914855210821,0.0,0.4508331653730723,0.2081512657305875,0.0
0.4312186625324201,0.2064914855210821,0.0,0.4400157649735498,0.19163170636978133,0.0
0.568781339891721,0.2064914852893641,0.0,0.5883592993452134,0.204443428867555,0.0
0.568781339891721,0.2064914852893641,0.0,0.5491668371792392,0.2081512655447921,0.0
0.568781339891721,0.2064914852893641,0.0,0.5575773886708003,0.1908071874893084,0.0
0.921425379683128,0.2055086350647987,0.0,0.9410212191544387,0.2073769316668632,0.0
0.9410212191544387,0.2073769316668632,0.0,0.9509069144980751,0.19540150987008328,0.0
0.03934595430376511,0.2088023656195966,0.0,0.05897878113556556,0.2073769316422593,0.0
0.03934595430376511,0.2088023656195966,0.0,0.01968189381931244,0.2096956954280177,0.0
0.4508331653730723,0.2081512657305875,0.0,0.4704828605194097,0.2093199306346598,0.0
0.4508331653730723,0.2081512657305875,0.0,0.45988281986032925,0.1924613804816441,0.0
0.4508331653730723,0.2081512657305875,0.0,0.4400157649735498,0.19163170636978133,0.0
0.4704828605194097,0.2093199306346598,0.0,0.45988281986032925,0.1924613804816441,0.0
0.4704828605194097,0.2093199306346598,0.0,0.4901578846305079,0.2099236141418919,0.0
0.4704828605194097,0.2093199306346598,0.0,0.47905696598719616,0.19346493546973903,0.0
0.45988281986032925,0.1924613804816441,0.0,0.4400157649735498,0.19163170636978133,0.0
0.45988281986032925,0.1924613804816441,0.0,0.4473724046905587,0.17625725089978,0.0
0.45988281986032925,0.1924613804816441,0.0,0.47905696598719616,0.19346493546973903,0.0
0.45988281986032925,0.1924613804816441,0.0,0.46736082318284106,0.17706989462725878,0.0
0.5295171421655228,0.2093199305123607,0.0,0.5491668371792392,0.2081512655447921,0.0
0.5295171421655228,0.2093199305123607,0.0,0.5383415586976389,0.19246568426342273,0.0
0.5295171421655228,0.2093199305123607,0.0,0.5098421182743784,0.209923614096859,0.0
0.5295171421655228,0.2093199305123607,0.0,0.5185821884366408,0.19382434343331945,0.0
0.5491668371792392,0.2081512655447921,0.0,0.5383415586976389,0.19246568426342273,0.0
0.5491668371792392,0.2081512655447921,0.0,0.5575773886708003,0.1908071874893084,0.0
0.5383415586976389,0.19246568426342273,0.0,0.5575773886708003,0.1908071874893084,0.0
0.5383415586976389,0.19246568426342273,0.0,0.5185821884366408,0.19382434343331945,0.0
0.5383415586976389,0.19246568426342273,0.0,0.5274550160513553,0.17904961429664154,0.0
0.5383415586976389,0.19246568426342273,0.0,0.5473786200231184,0.17863971339337553,0.0
0.4901578846305079,0.2099236141418919,0.0,0.5098421182743784,0.209923614096859,0.0
0.4901578846305079,0.2099236141418919,0.0,0.4991142766301955,0.1938032412382115,0.0
0.4901578846305079,0.2099236141418919,0.0,0.47905696598719616,0.19346493546973903,0.0
0.5098421182743784,0.209923614096859,0.0,0.4991142766301955,0.1938032412382115,0.0
0.5098421182743784,0.209923614096859,0.0,0.5185821884366408,0.19382434343331945,0.0
0.4991142766301955,0.1938032412382115,0.0,0.47905696598719616,0.19346493546973903,0.0
0.4991142766301955,0.1938032412382115,0.0,0.5185821884366408,0.19382434343331945,0.0
0.4991142766301955,0.1938032412382115,0.0,0.48734316279084966,0.17821176554724052,0.0
0.4991142766301955,0.1938032412382115,0.0,0.5074984759149044,0.17868132651610885,0.0
0.11796548790947588,0.0007833721868172484,0.0,0.137491422490522,-0.0016627312664844835,0.0
0.11796548790947588,0.0007833721868172484,0.0,0.09843325145999934,0.003177366682831602,0.0
0.137491422490522,-0.0016627312664844835,0.0,0.15702875925314463,-0.004016479058671855,0.0
0.137491422490522,-0.0016627312664844835,0.0,0.14927111967288226,0.01385844108562987,0.0
0.37276815156430576,-0.00037988565457402394,0.0,0.3532389480707933,-0.0028000586730017613,0.0
0.8823653810543999,0.0008247796970478236,0.0,0.9018978749469293,0.003216651159500989,0.0
0.9018978749469293,0.003216651159500989,0.0,0.9214531684171618,0.00541215529927179,0.0
0.33369060320060884,-0.005060463704047074,0.0,0.3532389480707933,-0.0028000586730017613,0.0
0.33369060320060884,-0.005060463704047074,0.0,0.31411047688583504,-0.007025866391467588,0.0
0.07887845424209196,0.005377335279405303,0.0,0.09843325145999934,0.003177366682831602,0.0
0.07887845424209196,0.005377335279405303,0.0,0.05929001029488474,0.00725113688748539,0.0
0.15702875925314463,-0.004016479058671855,0.0,0.17659263574191006,-0.00613794456564203,0.0
0.15702875925314463,-0.004016479058671855,0.0,0.16858475641943735,0.01119315925968035,0.0
0.15702875925314463,-0.004016479058671855,0.0,0.14927111967288226,0.01385844108562987,0.0
0.17659263574191006,-0.00613794456564203,0.0,0.16858475641943735,0.01119315925968035,0.0
0.17659263574191006,-0.00613794456564203,0.0,0.196192125248119,-0.007899065246091104,0.0
0.17659263574191006,-0.00613794456564203,0.0,0.1882294264733458,0.009022630350252343,0.0
0.16858475641943735,0.01119315925968035,0.0,0.14927111967288226,0.01385844108562987,0.0
0.16858475641943735,0.01119315925968035,0.0,0.1882294264733458,0.009022630350252343,0.0
0.16858475641943735,0.01119315925968035,0.0,0.17945522168321112,0.024792783193033813,0.0
0.16858475641943735,0.01119315925968035,0.0,0.15970076041827758,0.025696876488244084,0.0
0.2944932796261382,-0.008576513666452604,0.0,0.31411047688583504,-0.007025866391467588,0.0
0.2944932796261382,-0.008576513666452604,0.0,0.27484249542060857,-0.009615908294924938,0.0
0.196192125248119,-0.007899065246091104,0.0,0.2158279616289143,-0.009191342465363645,0.0
0.196192125248119,-0.007899065246091104,0.0,0.20774345108152,0.007946718097591295,0.0
0.196192125248119,-0.007899065246091104,0.0,0.1882294264733458,0.009022630350252343,0.0
0.2158279616289143,-0.009191342465363645,0.0,0.20774345108152,0.007946718097591295,0.0
0.2158279616289143,-0.009191342465363645,0.0,0.23549215821254574,-0.00993350561371451,0.0
0.20774345108152,0.007946718097591295,0.0,0.1882294264733458,0.009022630350252343,0.0
0.20774345108152,0.007946718097591295,0.0,0.19992538508520946,0.024324839584126765,0.0
0.9803251881070725,0.009596685117941824,0.0,1.0,0.00990078818746837,0.0
0.9803251881070725,0.009596685117941824,0.0,0.9855627649402091,0.02416241755699509,0.0
0.23549215821254574,-0.00993350561371451,0.0,0.25516976522871637,-0.01007813116691339,0.0
0.25516976522871637,-0.01007813116691339,0.0,0.27484249542060857,-0.009615908294924938,0.0
1.0,0.029911510812181474,0.0,1.0,0.00990078818746837,0.0
1.0,0.029911510812181474,0.0,0.9855627649402091,0.02416241755699509,0.0
0.01968189381931244,0.2096956954280177,0.0,0.011954384116151613,0.19775044514773255,0.0
0.01968189381931244,0.2096956954280177,0.0,1.1855880872679387e-24,0.21,0.0
0.6349853487819473,0.06919163553834297,0.0,0.6277844146358275,0.08555145695809736,0.0
0.14927111967288226,0.01385844108562987,0.0,0.1410234423252166,0.02602852627583096,0.0
0.14927111967288226,0.01385844108562987,0.0,0.15970076041827758,0.025696876488244084,0.0
0.4400157649735498,0.19163170636978133,0.0,0.4473724046905587,0.17625725089978,0.0
0.4473724046905587,0.17625725089978,0.0,0.46736082318284106,0.17706989462725878,0.0
0.011954384116151613,0.19775044514773255,0.0,1.1855880872679387e-24,0.21,0.0
0.1882294264733458,0.009022630350252343,0.0,0.19992538508520946,0.024324839584126765,0.0
0.1882294264733458,0.009022630350252343,0.0,0.17945522168321112,0.024792783193033813,0.0
0.5575773886708003,0.1908071874893084,0.0,0.5649922408293434,0.17851581406937592,0.0
0.5575773886708003,0.1908071874893084,0.0,0.5473786200231184,0.17863971339337553,0.0
0.3475714528756586,0.1444911363565695,0.0,0.3275052081833232,0.14339010137993125,0.0
0.47905696598719616,0.19346493546973903,0.0,0.48734316279084966,0.17821176554724052,0.0
0.47905696598719616,0.19346493546973903,0.0,0.46736082318284106,0.17706989462725878,0.0
0.5185821884366408,0.19382434343331945,0.0,0.5074984759149044,0.17868132651610885,0.0
0.5185821884366408,0.19382434343331945,0.0,0.5274550160513553,0.17904961429664154,0.0
0.24533227119194645,0.14171812519037358,0.0,0.2654237067628998,0.14180190160258205,0.0
0.48734316279084966,0.17821176554724052,0.0,0.46736082318284106,0.17706989462725878,0.0
0.48734316279084966,0.17821176554724052,0.0,0.5074984759149044,0.17868132651610885,0.0
0.19992538508520946,0.024324839584126765,0.0,0.17945522168321112,0.024792783193033813,0.0
1.0,0.00990078818746837,0.0,0.9855627649402091,0.02416241755699509,0.0
0.00033344311679455623,0.009900700680136088,0.0,0.014572460804291117,0.023894456002767833,0.0
0.1089915972662903,0.1367226751451568,0.0,0.12743455195194855,0.1352616160642616,0.0
0.6277844146358275,0.08555145695809736,0.0,0.6084374824491736,0.08512098194540163,0.0
0.17945522168321112,0.024792783193033813,0.0,0.15970076041827758,0.025696876488244084,0.0
0.5074984759149044,0.17868132651610885,0.0,0.5274550160513553,0.17904961429664154,0.0
0.5649922408293434,0.17851581406937592,0.0,0.5473786200231184,0.17863971339337553,0.0
0.5274550160513553,0.17904961429664154,0.0,0.5473786200231184,0.17863971339337553,0.0
0.1410234423252166,0.02602852627583096,0.0,0.15970076041827758,0.025696876488244084,0.0
