start:0,start:1,start:2,end:0,end:1,end:2
0.7928149974774255,0.010572383514365352,0.0,0.8007620920234846,0.03163425934325094,0.0
0.7928149974774255,0.010572383514365352,0.0,0.7806905991927283,0.031213766884736815,0.0
0.7928149974774255,0.010572383514365352,0.0,0.7845049902044436,-0.009168262925489636,0.0
0.7928149974774255,0.010572383514365352,0.0,0.7734261786385692,0.01137162558166463,0.0
0.7928149974774255,0.010572383514365352,0.0,0.8041402311028931,-0.0078672775195008,0.0
0.7928149974774255,0.010572383514365352,0.0,0.8121649084507223,0.01300038724987568,0.0
0.8007620920234846,0.03163425934325094,0.0,0.7806905991927283,0.031213766884736815,0.0
0.8007620920234846,0.03163425934325094,0.0,0.8121649084507223,0.01300038724987568,0.0
0.8007620920234846,0.03163425934325094,0.0,0.8200876061357087,0.03283704479003647,0.0
0.8007620920234846,0.03163425934325094,0.0,0.7898800793088907,0.049480095076952536,0.0
0.8007620920234846,0.03163425934325094,0.0,0.8097658828591877,0.04999043239220845,0.0
0.7806905991927283,0.031213766884736815,0.0,0.7734261786385692,0.01137162558166463,0.0
0.7806905991927283,0.031213766884736815,0.0,0.7708736942321908,0.04901473359253638,0.0
0.7806905991927283,0.031213766884736815,0.0,0.7605860917297292,0.03018783715502413,0.0
0.7806905991927283,0.031213766884736815,0.0,0.7898800793088907,0.049480095076952536,0.0
0.6934933328798669,0.171322015892604,0.0,0.6878673743310333,0.15171228517450497,0.0
0.6934933328798669,0.171322015892604,0.0,0.707863937853686,0.15208281414335606,0.0
0.6934933328798669,0.171322015892604,0.0,0.7155546160508282,0.17161913216710536,0.0
0.6934933328798669,0.171322015892604,0.0,0.7057425391897695,0.1915070909240959,0.0
0.6934933328798669,0.171322015892604,0.0,0.6772547659246833,0.162680041095909,0.0
0.6934933328798669,0.171322015892604,0.0,0.6861187615548019,0.1930527247722307,0.0
0.6934933328798669,0.171322015892604,0.0,0.6724328641180563,0.17773682250811865,0.0
0.6878673743310333,0.15171228517450497,0.0,0.707863937853686,0.15208281414335606,0.0
0.6878673743310333,0.15171228517450497,0.0,0.6772547659246833,0.162680041095909,0.0
0.6878673743310333,0.15171228517450497,0.0,0.6781890604779649,0.1342135470533369,0.0
0.6878673743310333,0.15171228517450497,0.0,0.6678798377846188,0.15085267312399378,0.0
0.6878673743310333,0.15171228517450497,0.0,0.6981854189650215,0.13459613723201516,0.0
0.707863937853686,0.15208281414335606,0.0,0.7155546160508282,0.17161913216710536,0.0
0.707863937853686,0.15208281414335606,0.0,0.7273261581978567,0.15297313537248466,0.0
0.707863937853686,0.15208281414335606,0.0,0.6981854189650215,0.13459613723201516,0.0
0.707863937853686,0.15208281414335606,0.0,0.7180920368509622,0.13489173668599647,0.0
0.37471910730965324,0.05698389900322031,0.0,0.36920350512691147,0.07648810094218499,0.0
0.37471910730965324,0.05698389900322031,0.0,0.3879504064304911,0.07636402751146532,0.0
0.37471910730965324,0.05698389900322031,0.0,0.39786901312138595,0.05848937342085705,0.0
0.37471910730965324,0.05698389900322031,0.0,0.3544815152723606,0.04952486003355053,0.0
0.37471910730965324,0.05698389900322031,0.0,0.38776116627177415,0.03897547368156575,0.0
0.37471910730965324,0.05698389900322031,0.0,0.36845247190672714,0.0352990855754953,0.0
0.37471910730965324,0.05698389900322031,0.0,0.3594163947116855,0.06488541609000398,0.0
0.36920350512691147,0.07648810094218499,0.0,0.3879504064304911,0.07636402751146532,0.0
0.36920350512691147,0.07648810094218499,0.0,0.3490048690780554,0.07721733313135296,0.0
0.36920350512691147,0.07648810094218499,0.0,0.3788757467600371,0.09430181868922374,0.0
0.36920350512691147,0.07648810094218499,0.0,0.358883646431507,0.09368941213408208,0.0
0.36920350512691147,0.07648810094218499,0.0,0.3594163947116855,0.06488541609000398,0.0
0.3879504064304911,0.07636402751146532,0.0,0.39786901312138595,0.05848937342085705,0.0
0.3879504064304911,0.07636402751146532,0.0,0.40816193323601657,0.07729440139860888,0.0
0.3879504064304911,0.07636402751146532,0.0,0.3988731441033215,0.09462660378855704,0.0
0.3879504064304911,0.07636402751146532,0.0,0.3788757467600371,0.09430181868922374,0.0
0.08528958915726206,0.18858100182596602,0.0,0.06733290365509104,0.17489009896373578,0.0
0.08528958915726206,0.18858100182596602,0.0,0.09441314123958974,0.1701625932914485,0.0
0.08528958915726206,0.18858100182596602,0.0,0.06788658911645234,0.19309541996098925,0.0
0.08528958915726206,0.18858100182596602,0.0,0.10578084207256078,0.18550207666142604,0.0
0.08528958915726206,0.18858100182596602,0.0,0.07857462076905876,0.2055086350173741,0.0
0.08528958915726206,0.18858100182596602,0.0,0.09813655032930213,0.2033120093872453,0.0
0.06733290365509104,0.17489009896373578,0.0,0.09441314123958974,0.1701625932914485,0.0
0.06733290365509104,0.17489009896373578,0.0,0.0787776787507816,0.1565491574629719,0.0
0.06733290365509104,0.17489009896373578,0.0,0.049256985706400094,0.18912054693617594,0.0
0.06733290365509104,0.17489009896373578,0.0,0.04852746854831161,0.1700622132998075,0.0
0.06733290365509104,0.17489009896373578,0.0,0.06788658911645234,0.19309541996098925,0.0
0.06733290365509104,0.17489009896373578,0.0,0.0576605319312303,0.1570700222750016,0.0
0.09441314123958974,0.1701625932914485,0.0,0.0787776787507816,0.1565491574629719,0.0
0.09441314123958974,0.1701625932914485,0.0,0.10142187344555767,0.15258635168806947,0.0
0.09441314123958974,0.1701625932914485,0.0,0.11376105283110786,0.16726364095177146,0.0
0.09441314123958974,0.1701625932914485,0.0,0.10578084207256078,0.18550207666142604,0.0
0.15827808170715468,0.1245817392747366,0.0,0.14137010451374168,0.1445703976790091,0.0
0.15827808170715468,0.1245817392747366,0.0,0.1382814821887822,0.12421101545847617,0.0
0.15827808170715468,0.1245817392747366,0.0,0.16203876621164678,0.14376787756569384,0.0
0.15827808170715468,0.1245817392747366,0.0,0.1763537674576062,0.1250205655315705,0.0
0.15827808170715468,0.1245817392747366,0.0,0.14860107060770952,0.10700571866862782,0.0
0.15827808170715468,0.1245817392747366,0.0,0.1686025387326419,0.10711371788751045,0.0
0.14137010451374168,0.1445703976790091,0.0,0.1382814821887822,0.12421101545847617,0.0
0.14137010451374168,0.1445703976790091,0.0,0.16203876621164678,0.14376787756569384,0.0
0.14137010451374168,0.1445703976790091,0.0,0.1529067863826044,0.16207801452389184,0.0
0.14137010451374168,0.1445703976790091,0.0,0.13298580547035427,0.16432577723300415,0.0
0.14137010451374168,0.1445703976790091,0.0,0.12108700932338101,0.1496920367169946,0.0
0.14137010451374168,0.1445703976790091,0.0,0.12743455152516148,0.13526341498403166,0.0
0.1382814821887822,0.12421101545847617,0.0,0.14860107060770952,0.10700571866862782,0.0
0.1382814821887822,0.12421101545847617,0.0,0.12860352891080076,0.10668562230252668,0.0
0.1382814821887822,0.12421101545847617,0.0,0.11829376584084295,0.12335969791699582,0.0
0.1382814821887822,0.12421101545847617,0.0,0.12743455152516148,0.13526341498403166,0.0
0.1298472795252318,0.016483719547251228,0.0,0.12895008807379615,0.035795427478720415,0.0
0.1298472795252318,0.016483719547251228,0.0,0.11190093938871964,0.01929903829116473,0.0
0.1298472795252318,0.016483719547251228,0.0,0.11796560077161256,0.0007889501629763726,0.0
0.1298472795252318,0.016483719547251228,0.0,0.13749153136241693,-0.001657153158329963,0.0
0.1298472795252318,0.016483719547251228,0.0,0.14927120580403128,0.01386355839805316,0.0
0.1298472795252318,0.016483719547251228,0.0,0.1410235199316538,0.026033333407324537,0.0
0.12895008807379615,0.035795427478720415,0.0,0.11190093938871964,0.01929903829116473,0.0
0.12895008807379615,0.035795427478720415,0.0,0.10630743305119159,0.03728122218437516,0.0
0.12895008807379615,0.035795427478720415,0.0,0.1194095098554632,0.05426868710281295,0.0
0.12895008807379615,0.035795427478720415,0.0,0.1395616948800938,0.05490493457168077,0.0
0.12895008807379615,0.035795427478720415,0.0,0.1499834787808262,0.03902680779706625,0.0
0.12895008807379615,0.035795427478720415,0.0,0.1410235199316538,0.026033333407324537,0.0
0.11190093938871964,0.01929903829116473,0.0,0.10630743305119159,0.03728122218437516,0.0
0.11190093938871964,0.01929903829116473,0.0,0.08990195812715106,0.022261929383225992,0.0
0.11190093938871964,0.01929903829116473,0.0,0.11796560077161256,0.0007889501629763726,0.0
0.11190093938871964,0.01929903829116473,0.0,0.09843336140906886,0.003182944592669543,0.0
0.0787776787507816,0.1565491574629719,0.0,0.10142187344555767,0.15258635168806947,0.0
0.0787776787507816,0.1565491574629719,0.0,0.08886194004334713,0.13867722122602572,0.0
0.0787776787507816,0.1565491574629719,0.0,0.0576605319312303,0.1570700222750016,0.0
0.0787776787507816,0.1565491574629719,0.0,0.06797329225677229,0.14023915200307632,0.0
0.10630743305119159,0.03728122218437516,0.0,0.08990195812715106,0.022261929383225992,0.0
0.10630743305119159,0.03728122218437516,0.0,0.08901611506949778,0.04095864371514295,0.0
0.10630743305119159,0.03728122218437516,0.0,0.1194095098554632,0.05426868710281295,0.0
0.10630743305119159,0.03728122218437516,0.0,0.09893867989394578,0.054667192550436776,0.0
0.8388958192255627,0.10433688725064404,0.0,0.8588558152310807,0.10423288894725813,0.0
0.8388958192255627,0.10433688725064404,0.0,0.8493188894846946,0.1225618778508452,0.0
0.8388958192255627,0.10433688725064404,0.0,0.8281147726815171,0.12288691120940885,0.0
0.8388958192255627,0.10433688725064404,0.0,0.8188297547188177,0.10290842822903912,0.0
0.8388958192255627,0.10433688725064404,0.0,0.8291239262124828,0.08514112570710614,0.0
0.8388958192255627,0.10433688725064404,0.0,0.8491367267582086,0.08569611448352206,0.0
0.8588558152310807,0.10423288894725813,0.0,0.8493188894846946,0.1225618778508452,0.0
0.8588558152310807,0.10423288894725813,0.0,0.8697969608835247,0.121825744214081,0.0
0.8588558152310807,0.10423288894725813,0.0,0.8788062244437795,0.10357408886989926,0.0
0.8588558152310807,0.10423288894725813,0.0,0.8491367267582086,0.08569611448352206,0.0
0.8588558152310807,0.10423288894725813,0.0,0.8691238955034764,0.08634384677063095,0.0
0.8493188894846946,0.1225618778508452,0.0,0.8369338709547456,0.142226511907047,0.0
0.8493188894846946,0.1225618778508452,0.0,0.8610037611389355,0.1399359536148669,0.0
0.8493188894846946,0.1225618778508452,0.0,0.8281147726815171,0.12288691120940885,0.0
0.8493188894846946,0.1225618778508452,0.0,0.8697969608835247,0.121825744214081,0.0
0.16203876621164678,0.14376787756569384,0.0,0.1763537674576062,0.1250205655315705,0.0
0.16203876621164678,0.14376787756569384,0.0,0.18420714646659034,0.14228649935055498,0.0
0.16203876621164678,0.14376787756569384,0.0,0.17314152375242453,0.16008435604769686,0.0
0.16203876621164678,0.14376787756569384,0.0,0.1529067863826044,0.16207801452389184,0.0
0.39786901312138595,0.05848937342085705,0.0,0.40816193323601657,0.07729440139860888,0.0
0.39786901312138595,0.05848937342085705,0.0,0.41863511385499547,0.0594040604050169,0.0
0.39786901312138595,0.05848937342085705,0.0,0.4085602570208879,0.04137286285179537,0.0
0.39786901312138595,0.05848937342085705,0.0,0.38776116627177415,0.03897547368156575,0.0
0.8369338709547456,0.142226511907047,0.0,0.8610037611389355,0.1399359536148669,0.0
0.8369338709547456,0.142226511907047,0.0,0.8490850314386474,0.16235490178110723,0.0
0.8369338709547456,0.142226511907047,0.0,0.8273957943979504,0.15977132079807937,0.0
0.8369338709547456,0.142226511907047,0.0,0.8281147726815171,0.12288691120940885,0.0
0.8369338709547456,0.142226511907047,0.0,0.8172380982613169,0.1407016508426439,0.0
0.8610037611389355,0.1399359536148669,0.0,0.8490850314386474,0.16235490178110723,0.0
0.8610037611389355,0.1399359536148669,0.0,0.8697969608835247,0.121825744214081,0.0
0.8610037611389355,0.1399359536148669,0.0,0.8714855810448151,0.15793351968991673,0.0
0.8610037611389355,0.1399359536148669,0.0,0.879842934596222,0.1389816168477258,0.0
0.8490850314386474,0.16235490178110723,0.0,0.8351247259291167,0.17780421427258025,0.0
0.8490850314386474,0.16235490178110723,0.0,0.8273957943979504,0.15977132079807937,0.0
0.8490850314386474,0.16235490178110723,0.0,0.8497835497508112,0.18263915858083019,0.0
0.8490850314386474,0.16235490178110723,0.0,0.8643683387323301,0.17741739316118063,0.0
0.8490850314386474,0.16235490178110723,0.0,0.8714855810448151,0.15793351968991673,0.0
0.5598406426928325,0.09630976173709238,0.0,0.5794881031771107,0.09659549930999634,0.0
0.5598406426928325,0.09630976173709238,0.0,0.571616267736006,0.07607257860123734,0.0
0.5598406426928325,0.09630976173709238,0.0,0.5397655836704135,0.09644921906669421,0.0
0.5598406426928325,0.09630976173709238,0.0,0.551702313197839,0.07759502044772511,0.0
0.5598406426928325,0.09630976173709238,0.0,0.5487125494015418,0.11436576587528809,0.0
0.5598406426928325,0.09630976173709238,0.0,0.5687234141007982,0.11465059890264369,0.0
0.5794881031771107,0.09659549930999634,0.0,0.571616267736006,0.07607257860123734,0.0
0.5794881031771107,0.09659549930999634,0.0,0.5891648312732477,0.08055594691587048,0.0
0.5794881031771107,0.09659549930999634,0.0,0.5687234141007982,0.11465059890264369,0.0
0.5794881031771107,0.09659549930999634,0.0,0.5886641874621781,0.11499278278309238,0.0
0.5794881031771107,0.09659549930999634,0.0,0.598954954115416,0.09883798051863817,0.0
0.571616267736006,0.07607257860123734,0.0,0.551702313197839,0.07759502044772511,0.0
0.571616267736006,0.07607257860123734,0.0,0.5629800909869324,0.05879427728351876,0.0
0.571616267736006,0.07607257860123734,0.0,0.5891648312732477,0.08055594691587048,0.0
0.571616267736006,0.07607257860123734,0.0,0.5842650026033941,0.06008434900576108,0.0
0.576796737079365,0.18850477132026047,0.0,0.5780538855283096,0.1679400881837861,0.0
0.576796737079365,0.18850477132026047,0.0,0.5961733871478665,0.18670473509973798,0.0
0.576796737079365,0.18850477132026047,0.0,0.568781339891721,0.2064914852893641,0.0
0.576796737079365,0.18850477132026047,0.0,0.5883592993452134,0.204443428867555,0.0
0.576796737079365,0.18850477132026047,0.0,0.5575773850941244,0.19080763130764825,0.0
0.576796737079365,0.18850477132026047,0.0,0.5649922357379892,0.17851657241608618,0.0
0.5780538855283096,0.1679400881837861,0.0,0.5961733871478665,0.18670473509973798,0.0
0.5780538855283096,0.1679400881837861,0.0,0.6001373228381731,0.16724909099988286,0.0
0.5780538855283096,0.1679400881837861,0.0,0.5878919939415439,0.14978540263942228,0.0
0.5780538855283096,0.1679400881837861,0.0,0.5678878561054937,0.14948777515366612,0.0
0.5780538855283096,0.1679400881837861,0.0,0.5574400938634795,0.16495686067314158,0.0
0.5780538855283096,0.1679400881837861,0.0,0.5649922357379892,0.17851657241608618,0.0
0.5961733871478665,0.18670473509973798,0.0,0.6001373228381731,0.16724909099988286,0.0
0.5961733871478665,0.18670473509973798,0.0,0.6137008665116288,0.18442361380660316,0.0
0.5961733871478665,0.18670473509973798,0.0,0.6079079889629149,0.2021313692806051,0.0
0.5961733871478665,0.18670473509973798,0.0,0.5883592993452134,0.204443428867555,0.0
0.8351247259291167,0.17780421427258025,0.0,0.8273957943979504,0.15977132079807937,0.0
0.8351247259291167,0.17780421427258025,0.0,0.8497835497508112,0.18263915858083019,0.0
0.8351247259291167,0.17780421427258025,0.0,0.8153373332793409,0.17603073028409927,0.0
0.8351247259291167,0.17780421427258025,0.0,0.8236791101517987,0.1939886763111289,0.0
0.8351247259291167,0.17780421427258025,0.0,0.8432487611881002,0.1961150490981094,0.0
0.8273957943979504,0.15977132079807937,0.0,0.8172380982613169,0.1407016508426439,0.0
0.8273957943979504,0.15977132079807937,0.0,0.8063719078567091,0.15784579418078584,0.0
0.8273957943979504,0.15977132079807937,0.0,0.8153373332793409,0.17603073028409927,0.0
0.6983180875508184,0.011401332913367838,0.0,0.6909577698581768,0.031725909384602895,0.0
0.6983180875508184,0.011401332913367838,0.0,0.7114696665641994,0.029714416960828514,0.0
0.6983180875508184,0.011401332913367838,0.0,0.718788565728891,0.010796069869716832,0.0
0.6983180875508184,0.011401332913367838,0.0,0.6862216965837276,-0.007050326869155587,0.0
0.6983180875508184,0.011401332913367838,0.0,0.6787456355770828,0.013161430211950738,0.0
0.6983180875508184,0.011401332913367838,0.0,0.7058394950742869,-0.008593038006602787,0.0
0.6909577698581768,0.031725909384602895,0.0,0.7114696665641994,0.029714416960828514,0.0
0.6909577698581768,0.031725909384602895,0.0,0.6835585712460193,0.05020370147722346,0.0
0.6909577698581768,0.031725909384602895,0.0,0.6713362263959618,0.033568604918625136,0.0
0.6909577698581768,0.031725909384602895,0.0,0.6787456355770828,0.013161430211950738,0.0
0.6909577698581768,0.031725909384602895,0.0,0.7047035707076306,0.04860542546718797,0.0
0.7114696665641994,0.029714416960828514,0.0,0.7247581028841189,0.046310757665422274,0.0
0.7114696665641994,0.029714416960828514,0.0,0.718788565728891,0.010796069869716832,0.0
0.7114696665641994,0.029714416960828514,0.0,0.7047035707076306,0.04860542546718797,0.0
0.7114696665641994,0.029714416960828514,0.0,0.730402070378237,0.0258544594850285,0.0
0.3544815152723606,0.04952486003355053,0.0,0.3311217126057682,0.0412604350027656,0.0
0.3544815152723606,0.04952486003355053,0.0,0.3492501564539382,0.03132612002050042,0.0
0.3544815152723606,0.04952486003355053,0.0,0.3394279365082577,0.060238977279792424,0.0
0.3544815152723606,0.04952486003355053,0.0,0.36845247190672714,0.0352990855754953,0.0
0.3544815152723606,0.04952486003355053,0.0,0.3594163947116855,0.06488541609000398,0.0
0.3311217126057682,0.0412604350027656,0.0,0.3492501564539382,0.03132612002050042,0.0
0.3311217126057682,0.0412604350027656,0.0,0.3394279365082577,0.060238977279792424,0.0
0.3311217126057682,0.0412604350027656,0.0,0.31819834042849343,0.024659361825981795,0.0
0.3311217126057682,0.0412604350027656,0.0,0.3342517334365306,0.025527830954262355,0.0
0.3311217126057682,0.0412604350027656,0.0,0.31931250788829113,0.058389009642261055,0.0
0.3311217126057682,0.0412604350027656,0.0,0.30980198503536344,0.04127875142770711,0.0
0.3492501564539382,0.03132612002050042,0.0,0.36845247190672714,0.0352990855754953,0.0
0.3492501564539382,0.03132612002050042,0.0,0.3610621348712022,0.01558817426701587,0.0
0.3492501564539382,0.03132612002050042,0.0,0.3424368808578712,0.012074547819952439,0.0
0.3492501564539382,0.03132612002050042,0.0,0.3342517334365306,0.025527830954262355,0.0
0.764841188512842,-0.009920245697729362,0.0,0.7845049902044436,-0.009168262925489636,0.0
0.764841188512842,-0.009920245697729362,0.0,0.7734261786385692,0.01137162558166463,0.0
0.764841188512842,-0.009920245697729362,0.0,0.7548682403828894,0.0070506167756288,0.0
0.764841188512842,-0.009920245697729362,0.0,0.7451636852345059,-0.010075184814190135,0.0
0.7845049902044436,-0.009168262925489636,0.0,0.7734261786385692,0.01137162558166463,0.0
0.7845049902044436,-0.009168262925489636,0.0,0.8041402311028931,-0.0078672775195008,0.0
0.7734261786385692,0.01137162558166463,0.0,0.7548682403828894,0.0070506167756288,0.0
0.7734261786385692,0.01137162558166463,0.0,0.7605860917297292,0.03018783715502413,0.0
0.6001373228381731,0.16724909099988286,0.0,0.6137008665116288,0.18442361380660316,0.0
0.6001373228381731,0.16724909099988286,0.0,0.6208487308373798,0.16706110350975928,0.0
0.6001373228381731,0.16724909099988286,0.0,0.5878919939415439,0.14978540263942228,0.0
0.6001373228381731,0.16724909099988286,0.0,0.6078960565333361,0.14981136183754315,0.0
0.1763537674576062,0.1250205655315705,0.0,0.18420714646659034,0.14228649935055498,0.0
0.1763537674576062,0.1250205655315705,0.0,0.19639783073005887,0.12483586114745353,0.0
0.1763537674576062,0.1250205655315705,0.0,0.1686025387326419,0.10711371788751045,0.0
0.1763537674576062,0.1250205655315705,0.0,0.18859817502699888,0.10753761452874032,0.0
0.18420714646659034,0.14228649935055498,0.0,0.20433280373463336,0.14195944401505342,0.0
0.18420714646659034,0.14228649935055498,0.0,0.19363050983033675,0.15864064855352603,0.0
0.18420714646659034,0.14228649935055498,0.0,0.19639783073005887,0.12483586114745353,0.0
0.18420714646659034,0.14228649935055498,0.0,0.17314152375242453,0.16008435604769686,0.0
0.7247581028841189,0.046310757665422274,0.0,0.742769013923526,0.039846454814775584,0.0
0.7247581028841189,0.046310757665422274,0.0,0.7399380063998752,0.06253782777938269,0.0
0.7247581028841189,0.046310757665422274,0.0,0.7180009025668652,0.06573030831628378,0.0
0.7247581028841189,0.046310757665422274,0.0,0.7047035707076306,0.04860542546718797,0.0
0.7247581028841189,0.046310757665422274,0.0,0.730402070378237,0.0258544594850285,0.0
0.742769013923526,0.039846454814775584,0.0,0.7399380063998752,0.06253782777938269,0.0
0.742769013923526,0.039846454814775584,0.0,0.7605860917297292,0.03018783715502413,0.0
0.742769013923526,0.039846454814775584,0.0,0.7550305847066435,0.05040236072493392,0.0
0.742769013923526,0.039846454814775584,0.0,0.730402070378237,0.0258544594850285,0.0
0.742769013923526,0.039846454814775584,0.0,0.745061839385575,0.021947912185500493,0.0
0.7399380063998752,0.06253782777938269,0.0,0.7180009025668652,0.06573030831628378,0.0
0.7399380063998752,0.06253782777938269,0.0,0.7550305847066435,0.05040236072493392,0.0
0.7399380063998752,0.06253782777938269,0.0,0.7605476203906515,0.06689841555836033,0.0
0.7399380063998752,0.06253782777938269,0.0,0.7491310401953377,0.08354606212985181,0.0
0.7399380063998752,0.06253782777938269,0.0,0.7291095277299107,0.08326706281051947,0.0
0.6835585712460193,0.05020370147722346,0.0,0.6754738773604294,0.06749271524491095,0.0
0.6835585712460193,0.05020370147722346,0.0,0.6964874860271353,0.06655491631887353,0.0
0.6835585712460193,0.05020370147722346,0.0,0.6713362263959618,0.033568604918625136,0.0
0.6835585712460193,0.05020370147722346,0.0,0.7047035707076306,0.04860542546718797,0.0
0.6835585712460193,0.05020370147722346,0.0,0.6625795279106972,0.05084122448229906,0.0
0.6754738773604294,0.06749271524491095,0.0,0.6964874860271353,0.06655491631887353,0.0
0.6754738773604294,0.06749271524491095,0.0,0.68820638821474,0.08393385568163646,0.0
0.6754738773604294,0.06749271524491095,0.0,0.6670219570179624,0.08363252442844331,0.0
0.6754738773604294,0.06749271524491095,0.0,0.6549545593233103,0.06801494641532647,0.0
0.6754738773604294,0.06749271524491095,0.0,0.6625795279106972,0.05084122448229906,0.0
0.6964874860271353,0.06655491631887353,0.0,0.68820638821474,0.08393385568163646,0.0
0.6964874860271353,0.06655491631887353,0.0,0.7180009025668652,0.06573030831628378,0.0
0.6964874860271353,0.06655491631887353,0.0,0.7047035707076306,0.04860542546718797,0.0
0.6964874860271353,0.06655491631887353,0.0,0.7089816006075539,0.08336337381124692,0.0
0.7155546160508282,0.17161913216710536,0.0,0.7358694947714616,0.17207148832162295,0.0
0.7155546160508282,0.17161913216710536,0.0,0.7273261581978567,0.15297313537248466,0.0
0.7155546160508282,0.17161913216710536,0.0,0.7057425391897695,0.1915070909240959,0.0
0.7155546160508282,0.17161913216710536,0.0,0.7253997900510565,0.1904740301919498,0.0
0.5299534786340073,0.07900574193505387,0.0,0.5397655836704135,0.09644921906669421,0.0
0.5299534786340073,0.07900574193505387,0.0,0.551702313197839,0.07759502044772511,0.0
0.5299534786340073,0.07900574193505387,0.0,0.540959621927729,0.060961607694257555,0.0
0.5299534786340073,0.07900574193505387,0.0,0.5196010228985745,0.061826020223775764,0.0
0.5299534786340073,0.07900574193505387,0.0,0.5091788932033924,0.07907440786942004,0.0
0.5299534786340073,0.07900574193505387,0.0,0.5189866829191399,0.09651207669765112,0.0
0.5397655836704135,0.09644921906669421,0.0,0.551702313197839,0.07759502044772511,0.0
0.5397655836704135,0.09644921906669421,0.0,0.5189866829191399,0.09651207669765112,0.0
0.5397655836704135,0.09644921906669421,0.0,0.528708686846426,0.11399937204972213,0.0
0.5397655836704135,0.09644921906669421,0.0,0.5487125494015418,0.11436576587528809,0.0
0.551702313197839,0.07759502044772511,0.0,0.540959621927729,0.060961607694257555,0.0
0.551702313197839,0.07759502044772511,0.0,0.5629800909869324,0.05879427728351876,0.0
0.3394279365082577,0.060238977279792424,0.0,0.3289929321823833,0.07603715473755286,0.0
0.3394279365082577,0.060238977279792424,0.0,0.3490048690780554,0.07721733313135296,0.0
0.3394279365082577,0.060238977279792424,0.0,0.31931250788829113,0.058389009642261055,0.0
0.3394279365082577,0.060238977279792424,0.0,0.3594163947116855,0.06488541609000398,0.0
0.718788565728891,0.010796069869716832,0.0,0.7058394950742869,-0.008593038006602787,0.0
0.718788565728891,0.010796069869716832,0.0,0.7254907449774645,-0.009623105810938708,0.0
0.718788565728891,0.010796069869716832,0.0,0.730402070378237,0.0258544594850285,0.0
0.718788565728891,0.010796069869716832,0.0,0.7366837979675639,0.006800175815116217,0.0
0.8281147726815171,0.12288691120940885,0.0,0.8188297547188177,0.10290842822903912,0.0
0.8281147726815171,0.12288691120940885,0.0,0.8080795807477208,0.12115568516105388,0.0
0.8281147726815171,0.12288691120940885,0.0,0.8172380982613169,0.1407016508426439,0.0
0.40816193323601657,0.07729440139860888,0.0,0.41863511385499547,0.0594040604050169,0.0
0.40816193323601657,0.07729440139860888,0.0,0.4290767675566518,0.07760083568673296,0.0
0.40816193323601657,0.07729440139860888,0.0,0.3988731441033215,0.09462660378855704,0.0
0.40816193323601657,0.07729440139860888,0.0,0.41887390892796855,0.09476821885950137,0.0
0.41863511385499547,0.0594040604050169,0.0,0.4085602570208879,0.04137286285179537,0.0
0.41863511385499547,0.0594040604050169,0.0,0.4290767675566518,0.07760083568673296,0.0
0.41863511385499547,0.0594040604050169,0.0,0.43884972648072273,0.05988436762576015,0.0
0.41863511385499547,0.0594040604050169,0.0,0.42929297295535807,0.04178257593145333,0.0
0.4085602570208879,0.04137286285179537,0.0,0.38776116627177415,0.03897547368156575,0.0
0.4085602570208879,0.04137286285179537,0.0,0.400073917345311,0.02276731675665353,0.0
0.4085602570208879,0.04137286285179537,0.0,0.42026175899218204,0.023747063268160964,0.0
0.4085602570208879,0.04137286285179537,0.0,0.42929297295535807,0.04178257593145333,0.0
0.10142187344555767,0.15258635168806947,0.0,0.08886194004334713,0.13867722122602572,0.0
0.10142187344555767,0.15258635168806947,0.0,0.11376105283110786,0.16726364095177146,0.0
0.10142187344555767,0.15258635168806947,0.0,0.12108700932338101,0.1496920367169946,0.0
0.10142187344555767,0.15258635168806947,0.0,0.10899159673922941,0.13672447833888032,0.0
0.8041402311028931,-0.0078672775195008,0.0,0.82373906708442,-0.006099081256355688,0.0
0.8041402311028931,-0.0078672775195008,0.0,0.8121649084507223,0.01300038724987568,0.0
0.82373906708442,-0.006099081256355688,0.0,0.8121649084507223,0.01300038724987568,0.0
0.82373906708442,-0.006099081256355688,0.0,0.8317499161435858,0.012848156409915667,0.0
0.82373906708442,-0.006099081256355688,0.0,0.843302383134348,-0.003972569338009826,0.0
0.8121649084507223,0.01300038724987568,0.0,0.8317499161435858,0.012848156409915667,0.0
0.8121649084507223,0.01300038724987568,0.0,0.8200876061357087,0.03283704479003647,0.0
0.2780891583975831,0.02344668501662878,0.0,0.28648061472452874,0.00754898935433826,0.0
0.2780891583975831,0.02344668501662878,0.0,0.29804941804835,0.024293739930657702,0.0
0.2780891583975831,0.02344668501662878,0.0,0.2582642898199875,0.023263735466727643,0.0
0.2780891583975831,0.02344668501662878,0.0,0.2654469082954232,0.0058342647240180335,0.0
0.2780891583975831,0.02344668501662878,0.0,0.28983309828560133,0.040975960134947746,0.0
0.2780891583975831,0.02344668501662878,0.0,0.26985341976591,0.04018519643771634,0.0
0.28648061472452874,0.00754898935433826,0.0,0.29804941804835,0.024293739930657702,0.0
0.28648061472452874,0.00754898935433826,0.0,0.3058932521710167,0.007852590987770134,0.0
0.28648061472452874,0.00754898935433826,0.0,0.2654469082954232,0.0058342647240180335,0.0
0.28648061472452874,0.00754898935433826,0.0,0.2944932255239953,-0.008570934914678452,0.0
0.28648061472452874,0.00754898935433826,0.0,0.2748424644439195,-0.009610329423930416,0.0
0.29804941804835,0.024293739930657702,0.0,0.3058932521710167,0.007852590987770134,0.0
0.29804941804835,0.024293739930657702,0.0,0.31819834042849343,0.024659361825981795,0.0
0.29804941804835,0.024293739930657702,0.0,0.30980198503536344,0.04127875142770711,0.0
0.29804941804835,0.024293739930657702,0.0,0.28983309828560133,0.040975960134947746,0.0
0.3058932521710167,0.007852590987770134,0.0,0.31819834042849343,0.024659361825981795,0.0
0.3058932521710167,0.007852590987770134,0.0,0.3242195496138796,0.009094610975013904,0.0
0.3058932521710167,0.007852590987770134,0.0,0.2944932255239953,-0.008570934914678452,0.0
0.3058932521710167,0.007852590987770134,0.0,0.3141104019733191,-0.007020287806910577,0.0
0.8497835497508112,0.18263915858083019,0.0,0.8643683387323301,0.17741739316118063,0.0
0.8497835497508112,0.18263915858083019,0.0,0.8627921253644149,0.1984719234020252,0.0
0.8497835497508112,0.18263915858083019,0.0,0.8432487611881002,0.1961150490981094,0.0
0.6589991041227133,0.014414022594331352,0.0,0.6511448404488759,0.03449925385808402,0.0
0.6589991041227133,0.014414022594331352,0.0,0.6713362263959618,0.033568604918625136,0.0
0.6589991041227133,0.014414022594331352,0.0,0.6666409798484879,-0.0050910096652887794,0.0
0.6589991041227133,0.014414022594331352,0.0,0.6787456355770828,0.013161430211950738,0.0
0.6589991041227133,0.014414022594331352,0.0,0.6470921967978529,-0.002834510183602442,0.0
0.6589991041227133,0.014414022594331352,0.0,0.6393355789290245,0.016686003043138137,0.0
0.6511448404488759,0.03449925385808402,0.0,0.6713362263959618,0.033568604918625136,0.0
0.6511448404488759,0.03449925385808402,0.0,0.6393355789290245,0.016686003043138137,0.0
0.6511448404488759,0.03449925385808402,0.0,0.6313536350165635,0.03619314225906719,0.0
0.6511448404488759,0.03449925385808402,0.0,0.6425420849377571,0.05234776470599026,0.0
0.6511448404488759,0.03449925385808402,0.0,0.6625795279106972,0.05084122448229906,0.0
0.6713362263959618,0.033568604918625136,0.0,0.6787456355770828,0.013161430211950738,0.0
0.6713362263959618,0.033568604918625136,0.0,0.6625795279106972,0.05084122448229906,0.0
0.6137008665116288,0.18442361380660316,0.0,0.6208487308373798,0.16706110350975928,0.0
0.6137008665116288,0.18442361380660316,0.0,0.6336764845173958,0.1825533283453014,0.0
0.6137008665116288,0.18442361380660316,0.0,0.6079079889629149,0.2021313692806051,0.0
0.6137008665116288,0.18442361380660316,0.0,0.6274414338011367,0.1996932485171144,0.0
0.6208487308373798,0.16706110350975928,0.0,0.6336764845173958,0.1825533283453014,0.0
0.6208487308373798,0.16706110350975928,0.0,0.6399473834887386,0.16589020585090838,0.0
0.6208487308373798,0.16706110350975928,0.0,0.6278865165639548,0.15012027706945738,0.0
0.6208487308373798,0.16706110350975928,0.0,0.6078960565333361,0.14981136183754315,0.0
0.6336764845173958,0.1825533283453014,0.0,0.6399473834887386,0.16589020585090838,0.0
0.6336764845173958,0.1825533283453014,0.0,0.6274414338011367,0.1996932485171144,0.0
0.6336764845173958,0.1825533283453014,0.0,0.6469771203754761,0.1972732467138197,0.0
0.6336764845173958,0.1825533283453014,0.0,0.6531432052893719,0.18097859767389346,0.0
0.01753712713019322,0.07996956723293269,0.0,0.036631621310336406,0.08869040246472089,0.0
0.01753712713019322,0.07996956723293269,0.0,0.017520785389391415,0.09972512841525555,0.0
0.01753712713019322,0.07996956723293269,0.0,0.019730066848984304,0.057870909413022725,0.0
0.01753712713019322,0.07996956723293269,0.0,0.03206857484262322,0.0701536082299702,0.0
0.01753712713019322,0.07996956723293269,0.0,0.0002334111370453746,0.06993591443817249,0.0
0.01753712713019322,0.07996956723293269,0.0,0.0002000666888959734,0.08994543827265286,0.0
0.036631621310336406,0.08869040246472089,0.0,0.017520785389391415,0.09972512841525555,0.0
0.036631621310336406,0.08869040246472089,0.0,0.032308379644428474,0.10706947305631198,0.0
0.036631621310336406,0.08869040246472089,0.0,0.03206857484262322,0.0701536082299702,0.0
0.036631621310336406,0.08869040246472089,0.0,0.058935366732857195,0.08807699720896776,0.0
0.036631621310336406,0.08869040246472089,0.0,0.049686014089341535,0.07053159625635519,0.0
0.036631621310336406,0.08869040246472089,0.0,0.048617004081428355,0.10521756782937138,0.0
0.017520785389391415,0.09972512841525555,0.0,0.032308379644428474,0.10706947305631198,0.0
0.017520785389391415,0.09972512841525555,0.0,0.018378468745290644,0.12125891290680152,0.0
0.017520785389391415,0.09972512841525555,0.0,0.0001667222407464953,0.10995483921509012,0.0
0.017520785389391415,0.09972512841525555,0.0,0.0002000666888959734,0.08994543827265286,0.0
0.6666409798484879,-0.0050910096652887794,0.0,0.6862216965837276,-0.007050326869155587,0.0
0.6666409798484879,-0.0050910096652887794,0.0,0.6787456355770828,0.013161430211950738,0.0
0.6666409798484879,-0.0050910096652887794,0.0,0.6470921967978529,-0.002834510183602442,0.0
0.6862216965837276,-0.007050326869155587,0.0,0.6787456355770828,0.013161430211950738,0.0
0.6862216965837276,-0.007050326869155587,0.0,0.7058394950742869,-0.008593038006602787,0.0
0.8951927812609769,0.1856579811930831,0.0,0.9155299616589284,0.1738249869290533,0.0
0.8951927812609769,0.1856579811930831,0.0,0.913370542523798,0.19155363502974804,0.0
0.8951927812609769,0.1856579811930831,0.0,0.8979000642931698,0.16849261695476106,0.0
0.8951927812609769,0.1856579811930831,0.0,0.8813609469882417,0.1729157515336478,0.0
0.8951927812609769,0.1856579811930831,0.0,0.8823244412923026,0.2009191174150899,0.0
0.8951927812609769,0.1856579811930831,0.0,0.901863450217593,0.2033120094520914,0.0
0.8951927812609769,0.1856579811930831,0.0,0.8772077105932884,0.18707642232465363,0.0
0.9155299616589284,0.1738249869290533,0.0,0.913370542523798,0.19155363502974804,0.0
0.9155299616589284,0.1738249869290533,0.0,0.8979000642931698,0.16849261695476106,0.0
0.9155299616589284,0.1738249869290533,0.0,0.9348317750137269,0.1714104899048798,0.0
0.9155299616589284,0.1738249869290533,0.0,0.9328412075644624,0.18946466265097547,0.0
0.9155299616589284,0.1738249869290533,0.0,0.9272486899695526,0.15587219973727745,0.0
0.9155299616589284,0.1738249869290533,0.0,0.9080893589898672,0.15489200308031367,0.0
0.913370542523798,0.19155363502974804,0.0,0.9328412075644624,0.18946466265097547,0.0
0.913370542523798,0.19155363502974804,0.0,0.901863450217593,0.2033120094520914,0.0
0.913370542523798,0.19155363502974804,0.0,0.921425379683128,0.2055086350647987,0.0
0.8979000642931698,0.16849261695476106,0.0,0.8893273238752012,0.15517240357028333,0.0
0.8979000642931698,0.16849261695476106,0.0,0.8813609469882417,0.1729157515336478,0.0
0.8979000642931698,0.16849261695476106,0.0,0.9080893589898672,0.15489200308031367,0.0
0.6399473834887386,0.16589020585090838,0.0,0.6478911025847722,0.15006174679794596,0.0
0.6399473834887386,0.16589020585090838,0.0,0.6278865165639548,0.15012027706945738,0.0
0.6399473834887386,0.16589020585090838,0.0,0.6531432052893719,0.18097859767389346,0.0
0.6399473834887386,0.16589020585090838,0.0,0.6587574994074086,0.16411661305073202,0.0
0.08886194004334713,0.13867722122602572,0.0,0.07829172202596381,0.1230987438297189,0.0
0.08886194004334713,0.13867722122602572,0.0,0.0984532900255434,0.12226434557827756,0.0
0.08886194004334713,0.13867722122602572,0.0,0.06797329225677229,0.14023915200307632,0.0
0.08886194004334713,0.13867722122602572,0.0,0.10899159673922941,0.13672447833888032,0.0
0.540959621927729,0.060961607694257555,0.0,0.5513062851853594,0.04231938972879792,0.0
0.540959621927729,0.060961607694257555,0.0,0.5629800909869324,0.05879427728351876,0.0
0.540959621927729,0.060961607694257555,0.0,0.5304508576941469,0.043557499110659516,0.0
0.540959621927729,0.060961607694257555,0.0,0.5196010228985745,0.061826020223775764,0.0
0.5513062851853594,0.04231938972879792,0.0,0.5629800909869324,0.05879427728351876,0.0
0.5513062851853594,0.04231938972879792,0.0,0.5304508576941469,0.043557499110659516,0.0
0.5513062851853594,0.04231938972879792,0.0,0.5405099259518039,0.02565258436223232,0.0
0.5513062851853594,0.04231938972879792,0.0,0.5717040325169686,0.04080264556441844,0.0
0.5513062851853594,0.04231938972879792,0.0,0.560427173311275,0.024283578940309882,0.0
0.5629800909869324,0.05879427728351876,0.0,0.5842650026033941,0.06008434900576108,0.0
0.5629800909869324,0.05879427728351876,0.0,0.5717040325169686,0.04080264556441844,0.0
0.3805510251008777,0.018983695549275217,0.0,0.38776116627177415,0.03897547368156575,0.0
0.3805510251008777,0.018983695549275217,0.0,0.36845247190672714,0.0352990855754953,0.0
0.3805510251008777,0.018983695549275217,0.0,0.3922950745178838,0.002062431992089682,0.0
0.3805510251008777,0.018983695549275217,0.0,0.400073917345311,0.02276731675665353,0.0
0.3805510251008777,0.018983695549275217,0.0,0.3610621348712022,0.01558817426701587,0.0
0.3805510251008777,0.018983695549275217,0.0,0.3727680395548248,-0.00037430760703288353,0.0
0.38776116627177415,0.03897547368156575,0.0,0.36845247190672714,0.0352990855754953,0.0
0.38776116627177415,0.03897547368156575,0.0,0.400073917345311,0.02276731675665353,0.0
0.36845247190672714,0.0352990855754953,0.0,0.3610621348712022,0.01558817426701587,0.0
0.8188297547188177,0.10290842822903912,0.0,0.8080795807477208,0.12115568516105388,0.0
0.8188297547188177,0.10290842822903912,0.0,0.7986750516169863,0.10221250812363067,0.0
0.8188297547188177,0.10290842822903912,0.0,0.8090997360005886,0.0847165218990074,0.0
0.8188297547188177,0.10290842822903912,0.0,0.8291239262124828,0.08514112570710614,0.0
0.049256985706400094,0.18912054693617594,0.0,0.032009022763323486,0.1760082911248734,0.0
0.049256985706400094,0.18912054693617594,0.0,0.0341972298779576,0.19536572138611305,0.0
0.049256985706400094,0.18912054693617594,0.0,0.04852746854831161,0.1700622132998075,0.0
0.049256985706400094,0.18912054693617594,0.0,0.06788658911645234,0.19309541996098925,0.0
0.049256985706400094,0.18912054693617594,0.0,0.03934595430376511,0.2088023656195966,0.0
0.049256985706400094,0.18912054693617594,0.0,0.05897878113556556,0.2073769316422593,0.0
0.032009022763323486,0.1760082911248734,0.0,0.0341972298779576,0.19536572138611305,0.0
0.032009022763323486,0.1760082911248734,0.0,0.04852746854831161,0.1700622132998075,0.0
0.032009022763323486,0.1760082911248734,0.0,0.01747845831219308,0.1583402574762583,0.0
0.032009022763323486,0.1760082911248734,0.0,0.03823608387448797,0.15671687868827927,0.0
0.032009022763323486,0.1760082911248734,0.0,0.02202299074084926,0.1877019386539514,0.0
0.032009022763323486,0.1760082911248734,0.0,0.014343848466290257,0.17475066985551696,0.0
0.0341972298779576,0.19536572138611305,0.0,0.02202299074084926,0.1877019386539514,0.0
0.0341972298779576,0.19536572138611305,0.0,0.03934595430376511,0.2088023656195966,0.0
0.0341972298779576,0.19536572138611305,0.0,0.01968189381931244,0.2096956954280177,0.0
0.8317499161435858,0.012848156409915667,0.0,0.8200876061357087,0.03283704479003647,0.0
0.8317499161435858,0.012848156409915667,0.0,0.8404121216739476,0.03280225398870531,0.0
0.8317499161435858,0.012848156409915667,0.0,0.8517843087194913,0.0157728805481958,0.0
0.8317499161435858,0.012848156409915667,0.0,0.843302383134348,-0.003972569338009826,0.0
0.8200876061357087,0.03283704479003647,0.0,0.8404121216739476,0.03280225398870531,0.0
0.8200876061357087,0.03283704479003647,0.0,0.8097658828591877,0.04999043239220845,0.0
0.8200876061357087,0.03283704479003647,0.0,0.8297642427556411,0.05035565799056876,0.0
0.8404121216739476,0.03280225398870531,0.0,0.8517843087194913,0.0157728805481958,0.0
0.8404121216739476,0.03280225398870531,0.0,0.859511692711333,0.03367569658329926,0.0
0.8404121216739476,0.03280225398870531,0.0,0.8297642427556411,0.05035565799056876,0.0
0.8404121216739476,0.03280225398870531,0.0,0.8493511390218916,0.050592341618433886,0.0
0.8697969608835247,0.121825744214081,0.0,0.879842934596222,0.1389816168477258,0.0
0.8697969608835247,0.121825744214081,0.0,0.8891141581106039,0.12085057529732343,0.0
0.8697969608835247,0.121825744214081,0.0,0.8788062244437795,0.10357408886989926,0.0
0.392092013242154,0.2021313695513354,0.0,0.4116407029594826,0.2044434291270096,0.0
0.392092013242154,0.2021313695513354,0.0,0.4076957623547373,0.18324570454840808,0.0
0.392092013242154,0.2021313695513354,0.0,0.38463915115610325,0.18303764194505748,0.0
0.392092013242154,0.2021313695513354,0.0,0.3725585682950345,0.1996932487804034,0.0
0.4116407029594826,0.2044434291270096,0.0,0.4076957623547373,0.18324570454840808,0.0
0.4116407029594826,0.2044434291270096,0.0,0.4233892188314238,0.19176511780943392,0.0
0.4116407029594826,0.2044434291270096,0.0,0.4312186625324201,0.2064914855210821,0.0
0.4076957623547373,0.18324570454840808,0.0,0.38463915115610325,0.18303764194505748,0.0
0.4076957623547373,0.18324570454840808,0.0,0.39759652553195207,0.1636700863346303,0.0
0.4076957623547373,0.18324570454840808,0.0,0.41711455388236196,0.16300742936710466,0.0
0.4076957623547373,0.18324570454840808,0.0,0.4281464578792441,0.17651729118111192,0.0
0.4076957623547373,0.18324570454840808,0.0,0.4233892188314238,0.19176511780943392,0.0
0.68820638821474,0.08393385568163646,0.0,0.6670219570179624,0.08363252442844331,0.0
0.68820638821474,0.08393385568163646,0.0,0.6988237798655083,0.10005149158094435,0.0
0.68820638821474,0.08393385568163646,0.0,0.6788176903798636,0.10020344504592008,0.0
0.68820638821474,0.08393385568163646,0.0,0.7089816006075539,0.08336337381124692,0.0
0.8080795807477208,0.12115568516105388,0.0,0.7969298750137751,0.13944578521542744,0.0
0.8080795807477208,0.12115568516105388,0.0,0.8172380982613169,0.1407016508426439,0.0
0.8080795807477208,0.12115568516105388,0.0,0.7986750516169863,0.10221250812363067,0.0
0.8080795807477208,0.12115568516105388,0.0,0.7877614908010444,0.12113789022133445,0.0
0.7969298750137751,0.13944578521542744,0.0,0.8172380982613169,0.1407016508426439,0.0
0.7969298750137751,0.13944578521542744,0.0,0.7877614908010444,0.12113789022133445,0.0
0.7969298750137751,0.13944578521542744,0.0,0.776975900821577,0.13847602525652594,0.0
0.7969298750137751,0.13944578521542744,0.0,0.8063719078567091,0.15784579418078584,0.0
0.7969298750137751,0.13944578521542744,0.0,0.7861099689878157,0.1567013464229445,0.0
0.8172380982613169,0.1407016508426439,0.0,0.8063719078567091,0.15784579418078584,0.0
0.7180009025668652,0.06573030831628378,0.0,0.7047035707076306,0.04860542546718797,0.0
0.7180009025668652,0.06573030831628378,0.0,0.7291095277299107,0.08326706281051947,0.0
0.7180009025668652,0.06573030831628378,0.0,0.7089816006075539,0.08336337381124692,0.0
0.04852746854831161,0.1700622132998075,0.0,0.03823608387448797,0.15671687868827927,0.0
0.04852746854831161,0.1700622132998075,0.0,0.0576605319312303,0.1570700222750016,0.0
0.08990195812715106,0.022261929383225992,0.0,0.07035881130032812,0.03623862591906703,0.0
0.08990195812715106,0.022261929383225992,0.0,0.08901611506949778,0.04095864371514295,0.0
0.08990195812715106,0.022261929383225992,0.0,0.07036464603492198,0.018861250423272857,0.0
0.08990195812715106,0.022261929383225992,0.0,0.07887855409522534,0.005382913193257012,0.0
0.08990195812715106,0.022261929383225992,0.0,0.09843336140906886,0.003182944592669543,0.0
0.07035881130032812,0.03623862591906703,0.0,0.08901611506949778,0.04095864371514295,0.0
0.07035881130032812,0.03623862591906703,0.0,0.07036464603492198,0.018861250423272857,0.0
0.07035881130032812,0.03623862591906703,0.0,0.05339384748452611,0.023166133519058277,0.0
0.07035881130032812,0.03623862591906703,0.0,0.04797032098497443,0.039494198181346835,0.0
0.07035881130032812,0.03623862591906703,0.0,0.05963169797309385,0.054245061091337185,0.0
0.07035881130032812,0.03623862591906703,0.0,0.07957369048921716,0.05434427667454191,0.0
0.08901611506949778,0.04095864371514295,0.0,0.09893867989394578,0.054667192550436776,0.0
0.08901611506949778,0.04095864371514295,0.0,0.07957369048921716,0.05434427667454191,0.0
0.9606540458959356,0.2088023656315051,0.0,0.980318106281572,0.2096956954311213,0.0
0.9606540458959356,0.2088023656315051,0.0,0.9678977782046518,0.1911724825169113,0.0
0.9606540458959356,0.2088023656315051,0.0,0.9410212191544387,0.2073769316668632,0.0
0.9606540458959356,0.2088023656315051,0.0,0.950906917223578,0.19540184726007861,0.0
0.980318106281572,0.2096956954311213,0.0,0.9678977782046518,0.1911724825169113,0.0
0.980318106281572,0.2096956954311213,0.0,0.9854716659361965,0.19515729496906817,0.0
0.980318106281572,0.2096956954311213,0.0,1.0,0.21,0.0
0.9678977782046518,0.1911724825169113,0.0,0.9653589305723616,0.16998259123707227,0.0
0.9678977782046518,0.1911724825169113,0.0,0.9500133654378194,0.17939370475835778,0.0
0.9678977782046518,0.1911724825169113,0.0,0.9854716659361965,0.19515729496906817,0.0
0.9678977782046518,0.1911724825169113,0.0,0.9831730284977476,0.1791315463649705,0.0
0.9678977782046518,0.1911724825169113,0.0,0.950906917223578,0.19540184726007861,0.0
0.38463915115610325,0.18303764194505748,0.0,0.39759652553195207,0.1636700863346303,0.0
0.38463915115610325,0.18303764194505748,0.0,0.3766059323478408,0.1637545620055583,0.0
0.38463915115610325,0.18303764194505748,0.0,0.36477626331673413,0.18088518442906015,0.0
0.38463915115610325,0.18303764194505748,0.0,0.3725585682950345,0.1996932487804034,0.0
0.39759652553195207,0.1636700863346303,0.0,0.3766059323478408,0.1637545620055583,0.0
0.39759652553195207,0.1636700863346303,0.0,0.41711455388236196,0.16300742936710466,0.0
0.39759652553195207,0.1636700863346303,0.0,0.3879243611175216,0.14615806018496144,0.0
0.39759652553195207,0.1636700863346303,0.0,0.40783631296675454,0.14635852760846102,0.0
0.3766059323478408,0.1637545620055583,0.0,0.3566299288118296,0.16235164257123336,0.0
0.3766059323478408,0.1637545620055583,0.0,0.36477626331673413,0.18088518442906015,0.0
0.3766059323478408,0.1637545620055583,0.0,0.3677549987474165,0.1456655043618675,0.0
0.3766059323478408,0.1637545620055583,0.0,0.3879243611175216,0.14615806018496144,0.0
0.07036464603492198,0.018861250423272857,0.0,0.05339384748452611,0.023166133519058277,0.0
0.07036464603492198,0.018861250423272857,0.0,0.07887855409522534,0.005382913193257012,0.0
0.07036464603492198,0.018861250423272857,0.0,0.05929009300221836,0.007256714859134872,0.0
0.3922950745178838,0.002062431992089682,0.0,0.41183739425250177,0.004371729074420836,0.0
0.3922950745178838,0.002062431992089682,0.0,0.400073917345311,0.02276731675665353,0.0
0.3922950745178838,0.002062431992089682,0.0,0.3727680395548248,-0.00037430760703288353,0.0
0.41183739425250177,0.004371729074420836,0.0,0.400073917345311,0.02276731675665353,0.0
0.41183739425250177,0.004371729074420836,0.0,0.42026175899218204,0.023747063268160964,0.0
0.41183739425250177,0.004371729074420836,0.0,0.4314089540100832,0.006415879010114229,0.0
0.400073917345311,0.02276731675665353,0.0,0.42026175899218204,0.023747063268160964,0.0
0.7548682403828894,0.0070506167756288,0.0,0.7605860917297292,0.03018783715502413,0.0
0.7548682403828894,0.0070506167756288,0.0,0.7366837979675639,0.006800175815116217,0.0
0.7548682403828894,0.0070506167756288,0.0,0.745061839385575,0.021947912185500493,0.0
0.7548682403828894,0.0070506167756288,0.0,0.7451636852345059,-0.010075184814190135,0.0
0.7786094642204188,0.10189404958729417,0.0,0.7986750516169863,0.10221250812363067,0.0
0.7786094642204188,0.10189404958729417,0.0,0.7877614908010444,0.12113789022133445,0.0
0.7786094642204188,0.10189404958729417,0.0,0.7679085373185347,0.1197102109047285,0.0
0.7786094642204188,0.10189404958729417,0.0,0.7691254684256901,0.08389143834192735,0.0
0.7786094642204188,0.10189404958729417,0.0,0.7890959402117027,0.08434205028521731,0.0
0.7786094642204188,0.10189404958729417,0.0,0.7587678198363297,0.10101414141639974,0.0
0.7986750516169863,0.10221250812363067,0.0,0.7877614908010444,0.12113789022133445,0.0
0.7986750516169863,0.10221250812363067,0.0,0.8090997360005886,0.0847165218990074,0.0
0.7986750516169863,0.10221250812363067,0.0,0.7890959402117027,0.08434205028521731,0.0
0.7877614908010444,0.12113789022133445,0.0,0.776975900821577,0.13847602525652594,0.0
0.7877614908010444,0.12113789022133445,0.0,0.7679085373185347,0.1197102109047285,0.0
0.06788658911645234,0.19309541996098925,0.0,0.07857462076905876,0.2055086350173741,0.0
0.06788658911645234,0.19309541996098925,0.0,0.05897878113556556,0.2073769316422593,0.0
0.6275628092192714,-0.0004158641784763688,0.0,0.6470921967978529,-0.002834510183602442,0.0
0.6275628092192714,-0.0004158641784763688,0.0,0.6393355789290245,0.016686003043138137,0.0
0.6275628092192714,-0.0004158641784763688,0.0,0.6198609493125717,0.018259962276028576,0.0
0.6275628092192714,-0.0004158641784763688,0.0,0.6080358849779114,0.0020218017211284804,0.0
0.6470921967978529,-0.002834510183602442,0.0,0.6393355789290245,0.016686003043138137,0.0
0.6393355789290245,0.016686003043138137,0.0,0.6198609493125717,0.018259962276028576,0.0
0.6393355789290245,0.016686003043138137,0.0,0.6313536350165635,0.03619314225906719,0.0
0.7058394950742869,-0.008593038006602787,0.0,0.7254907449774645,-0.009623105810938708,0.0
0.7254907449774645,-0.009623105810938708,0.0,0.7366837979675639,0.006800175815116217,0.0
0.7254907449774645,-0.009623105810938708,0.0,0.7451636852345059,-0.010075184814190135,0.0
0.7358694947714616,0.17207148832162295,0.0,0.7273261581978567,0.15297313537248466,0.0
0.7358694947714616,0.17207148832162295,0.0,0.7253997900510565,0.1904740301919498,0.0
0.7358694947714616,0.17207148832162295,0.0,0.7467488647801392,0.15499157184323079,0.0
0.7358694947714616,0.17207148832162295,0.0,0.755606956914925,0.17278778813772,0.0
0.7358694947714616,0.17207148832162295,0.0,0.7450787942757616,0.1900191158835712,0.0
0.7273261581978567,0.15297313537248466,0.0,0.7467488647801392,0.15499157184323079,0.0
0.7273261581978567,0.15297313537248466,0.0,0.7376551144059965,0.13615080318780115,0.0
0.7273261581978567,0.15297313537248466,0.0,0.7180920368509622,0.13489173668599647,0.0
0.7708736942321908,0.04901473359253638,0.0,0.7605860917297292,0.03018783715502413,0.0
0.7708736942321908,0.04901473359253638,0.0,0.7550305847066435,0.05040236072493392,0.0
0.7708736942321908,0.04901473359253638,0.0,0.7794458857247636,0.06676312006744616,0.0
0.7708736942321908,0.04901473359253638,0.0,0.7605476203906515,0.06689841555836033,0.0
0.7708736942321908,0.04901473359253638,0.0,0.7898800793088907,0.049480095076952536,0.0
0.7605860917297292,0.03018783715502413,0.0,0.7550305847066435,0.05040236072493392,0.0
0.7605860917297292,0.03018783715502413,0.0,0.745061839385575,0.021947912185500493,0.0
0.7550305847066435,0.05040236072493392,0.0,0.7605476203906515,0.06689841555836033,0.0
0.9697233309591097,0.026188254327215915,0.0,0.9595139330197449,0.041275116849557855,0.0
0.9697233309591097,0.026188254327215915,0.0,0.9814673514074989,0.04090438986330615,0.0
0.9697233309591097,0.026188254327215915,0.0,0.9495125853687828,0.025095854552817275,0.0
0.9697233309591097,0.026188254327215915,0.0,0.960668089500101,0.008709511956747955,0.0
0.9697233309591097,0.026188254327215915,0.0,0.9803251573993281,0.009602263264646164,0.0
0.9697233309591097,0.026188254327215915,0.0,0.985562745908222,0.024167566065082725,0.0
0.9595139330197449,0.041275116849557855,0.0,0.9814673514074989,0.04090438986330615,0.0
0.9595139330197449,0.041275116849557855,0.0,0.968264994089898,0.054961610210304185,0.0
0.9595139330197449,0.041275116849557855,0.0,0.9486389259207347,0.05952090167312558,0.0
0.9595139330197449,0.041275116849557855,0.0,0.9379577643030482,0.04143232745842244,0.0
0.9595139330197449,0.041275116849557855,0.0,0.9495125853687828,0.025095854552817275,0.0
0.9814673514074989,0.04090438986330615,0.0,0.968264994089898,0.054961610210304185,0.0
0.9814673514074989,0.04090438986330615,0.0,1.0,0.04992630793828006,0.0
0.9814673514074989,0.04090438986330615,0.0,0.9832149743380963,0.06085874510919127,0.0
0.9814673514074989,0.04090438986330615,0.0,1.0,0.029916486115009047,0.0
0.9814673514074989,0.04090438986330615,0.0,0.985562745908222,0.024167566065082725,0.0
0.9485257011280243,0.15849698437816614,0.0,0.9653589305723616,0.16998259123707227,0.0
0.9485257011280243,0.15849698437816614,0.0,0.9500133654378194,0.17939370475835778,0.0
0.9485257011280243,0.15849698437816614,0.0,0.9581413796392187,0.13937553913849754,0.0
0.9485257011280243,0.15849698437816614,0.0,0.9670157644273178,0.1534828028824293,0.0
0.9485257011280243,0.15849698437816614,0.0,0.9348317750137269,0.1714104899048798,0.0
0.9485257011280243,0.15849698437816614,0.0,0.9379597381477701,0.1391159805244444,0.0
0.9485257011280243,0.15849698437816614,0.0,0.9272486899695526,0.15587219973727745,0.0
0.9653589305723616,0.16998259123707227,0.0,0.9500133654378194,0.17939370475835778,0.0
0.9653589305723616,0.16998259123707227,0.0,0.9670157644273178,0.1534828028824293,0.0
0.9653589305723616,0.16998259123707227,0.0,0.9831730284977476,0.1791315463649705,0.0
0.9653589305723616,0.16998259123707227,0.0,0.9826794651374586,0.1599778299079327,0.0
0.9500133654378194,0.17939370475835778,0.0,0.9348317750137269,0.1714104899048798,0.0
0.9500133654378194,0.17939370475835778,0.0,0.9328412075644624,0.18946466265097547,0.0
0.9500133654378194,0.17939370475835778,0.0,0.950906917223578,0.19540184726007861,0.0
0.5304508576941469,0.043557499110659516,0.0,0.5100725832864061,0.04407351704706324,0.0
0.5304508576941469,0.043557499110659516,0.0,0.5196010228985745,0.061826020223775764,0.0
0.5304508576941469,0.043557499110659516,0.0,0.5202557088712874,0.02651198447514277,0.0
0.5304508576941469,0.043557499110659516,0.0,0.5405099259518039,0.02565258436223232,0.0
0.776975900821577,0.13847602525652594,0.0,0.7572048168450338,0.1372556156844429,0.0
0.776975900821577,0.13847602525652594,0.0,0.7679085373185347,0.1197102109047285,0.0
0.776975900821577,0.13847602525652594,0.0,0.7861099689878157,0.1567013464229445,0.0
0.776975900821577,0.13847602525652594,0.0,0.7662569798647217,0.15589015438379997,0.0
0.7572048168450338,0.1372556156844429,0.0,0.7679085373185347,0.1197102109047285,0.0
0.7572048168450338,0.1372556156844429,0.0,0.7481317521349669,0.1184834459581414,0.0
0.7572048168450338,0.1372556156844429,0.0,0.7467488647801392,0.15499157184323079,0.0
0.7572048168450338,0.1372556156844429,0.0,0.7376551144059965,0.13615080318780115,0.0
0.7572048168450338,0.1372556156844429,0.0,0.7662569798647217,0.15589015438379997,0.0
0.7679085373185347,0.1197102109047285,0.0,0.7481317521349669,0.1184834459581414,0.0
0.7679085373185347,0.1197102109047285,0.0,0.7587678198363297,0.10101414141639974,0.0
0.9854716659361965,0.19515729496906817,0.0,0.9831730284977476,0.1791315463649705,0.0
0.9854716659361965,0.19515729496906817,0.0,1.0,0.18999127145424646,0.0
0.9854716659361965,0.19515729496906817,0.0,1.0,0.21,0.0
0.6670219570179624,0.08363252442844331,0.0,0.6549545593233103,0.06801494641532647,0.0
0.6670219570179624,0.08363252442844331,0.0,0.6471245248623768,0.08458013132654446,0.0
0.6670219570179624,0.08363252442844331,0.0,0.6788176903798636,0.10020344504592008,0.0
0.6670219570179624,0.08363252442844331,0.0,0.6588207749872051,0.09989063693388411,0.0
0.6549545593233103,0.06801494641532647,0.0,0.6471245248623768,0.08458013132654446,0.0
0.6549545593233103,0.06801494641532647,0.0,0.6425420849377571,0.05234776470599026,0.0
0.6549545593233103,0.06801494641532647,0.0,0.6625795279106972,0.05084122448229906,0.0
0.6549545593233103,0.06801494641532647,0.0,0.6349853883421009,0.06919526141392113,0.0
0.3566299288118296,0.16235164257123336,0.0,0.36477626331673413,0.18088518442906015,0.0
0.3566299288118296,0.16235164257123336,0.0,0.34520131229783907,0.17920077808012339,0.0
0.3566299288118296,0.16235164257123336,0.0,0.3364270475088295,0.16038718162353574,0.0
0.3566299288118296,0.16235164257123336,0.0,0.3677549987474165,0.1456655043618675,0.0
0.3566299288118296,0.16235164257123336,0.0,0.34757145675928863,0.14449261413722042,0.0
0.36477626331673413,0.18088518442906015,0.0,0.34520131229783907,0.17920077808012339,0.0
0.36477626331673413,0.18088518442906015,0.0,0.3530228816138251,0.1972732469543295,0.0
0.36477626331673413,0.18088518442906015,0.0,0.3725585682950345,0.1996932487804034,0.0
0.6471245248623768,0.08458013132654446,0.0,0.6388215877119756,0.09981971254242901,0.0
0.6471245248623768,0.08458013132654446,0.0,0.6588207749872051,0.09989063693388411,0.0
0.6471245248623768,0.08458013132654446,0.0,0.6349853883421009,0.06919526141392113,0.0
0.6471245248623768,0.08458013132654446,0.0,0.6277844421859475,0.08555464325097277,0.0
0.42026175899218204,0.023747063268160964,0.0,0.4314089540100832,0.006415879010114229,0.0
0.42026175899218204,0.023747063268160964,0.0,0.4400904025025253,0.0249851794549024,0.0
0.42026175899218204,0.023747063268160964,0.0,0.42929297295535807,0.04178257593145333,0.0
0.41711455388236196,0.16300742936710466,0.0,0.4281464578792441,0.17651729118111192,0.0
0.41711455388236196,0.16300742936710466,0.0,0.42791178499790183,0.1468982573066766,0.0
0.41711455388236196,0.16300742936710466,0.0,0.43759980245497965,0.16386418455809493,0.0
0.41711455388236196,0.16300742936710466,0.0,0.40783631296675454,0.14635852760846102,0.0
0.4281464578792441,0.17651729118111192,0.0,0.4233892188314238,0.19176511780943392,0.0
0.4281464578792441,0.17651729118111192,0.0,0.43759980245497965,0.16386418455809493,0.0
0.4281464578792441,0.17651729118111192,0.0,0.44001576866590647,0.19163212309952676,0.0
0.4281464578792441,0.17651729118111192,0.0,0.4473724090995637,0.1762580935161479,0.0
0.8517843087194913,0.0157728805481958,0.0,0.843302383134348,-0.003972569338009826,0.0
0.8517843087194913,0.0157728805481958,0.0,0.862839377186347,-0.0016160685630712825,0.0
0.8517843087194913,0.0157728805481958,0.0,0.871018612238367,0.016608948327270095,0.0
0.8517843087194913,0.0157728805481958,0.0,0.859511692711333,0.03367569658329926,0.0
0.7057425391897695,0.1915070909240959,0.0,0.7253997900510565,0.1904740301919498,0.0
0.7057425391897695,0.1915070909240959,0.0,0.6861187615548019,0.1930527247722307,0.0
0.7253997900510565,0.1904740301919498,0.0,0.7450787942757616,0.1900191158835712,0.0
0.032308379644428474,0.10706947305631198,0.0,0.018378468745290644,0.12125891290680152,0.0
0.032308379644428474,0.10706947305631198,0.0,0.038925976638654415,0.12260688297371124,0.0
0.032308379644428474,0.10706947305631198,0.0,0.048617004081428355,0.10521756782937138,0.0
0.04009648672796876,0.056047648663861104,0.0,0.019730066848984304,0.057870909413022725,0.0
0.04009648672796876,0.056047648663861104,0.0,0.03163519468809727,0.04223000463888808,0.0
0.04009648672796876,0.056047648663861104,0.0,0.04797032098497443,0.039494198181346835,0.0
0.04009648672796876,0.056047648663861104,0.0,0.03206857484262322,0.0701536082299702,0.0
0.04009648672796876,0.056047648663861104,0.0,0.049686014089341535,0.07053159625635519,0.0
0.04009648672796876,0.056047648663861104,0.0,0.05963169797309385,0.054245061091337185,0.0
0.019730066848984304,0.057870909413022725,0.0,0.03163519468809727,0.04223000463888808,0.0
0.019730066848984304,0.057870909413022725,0.0,0.01609167114890336,0.03853411710548985,0.0
0.019730066848984304,0.057870909413022725,0.0,0.03206857484262322,0.0701536082299702,0.0
0.019730066848984304,0.057870909413022725,0.0,0.0002334111370453746,0.06993591443817249,0.0
0.019730066848984304,0.057870909413022725,0.0,0.0002667555851949112,0.049926243808597545,0.0
0.03163519468809727,0.04223000463888808,0.0,0.01609167114890336,0.03853411710548985,0.0
0.03163519468809727,0.04223000463888808,0.0,0.032289754640321314,0.026573231843788504,0.0
0.03163519468809727,0.04223000463888808,0.0,0.04797032098497443,0.039494198181346835,0.0
0.9797723150551865,0.1398163099361727,0.0,0.9581413796392187,0.13937553913849754,0.0
0.9797723150551865,0.1398163099361727,0.0,0.9670157644273178,0.1534828028824293,0.0
0.9797723150551865,0.1398163099361727,0.0,0.9671357729181507,0.12589261222691675,0.0
0.9797723150551865,0.1398163099361727,0.0,0.9826794651374586,0.1599778299079327,0.0
0.9797723150551865,0.1398163099361727,0.0,1.0,0.12996415759251126,0.0
0.9797723150551865,0.1398163099361727,0.0,0.9826795283080223,0.11995951759199737,0.0
0.9797723150551865,0.1398163099361727,0.0,1.0,0.1499733136606069,0.0
0.9581413796392187,0.13937553913849754,0.0,0.9670157644273178,0.1534828028824293,0.0
0.9581413796392187,0.13937553913849754,0.0,0.9671357729181507,0.12589261222691675,0.0
0.9581413796392187,0.13937553913849754,0.0,0.9483888480110715,0.12049821970952064,0.0
0.9581413796392187,0.13937553913849754,0.0,0.9379597381477701,0.1391159805244444,0.0
0.9670157644273178,0.1534828028824293,0.0,0.9826794651374586,0.1599778299079327,0.0
0.9671357729181507,0.12589261222691675,0.0,0.9483888480110715,0.12049821970952064,0.0
0.9671357729181507,0.12589261222691675,0.0,0.965789227234881,0.10940055618054487,0.0
0.9671357729181507,0.12589261222691675,0.0,0.9826795283080223,0.11995951759199737,0.0
0.6198609493125717,0.018259962276028576,0.0,0.6115066452236531,0.03759859917889624,0.0
0.6198609493125717,0.018259962276028576,0.0,0.6313536350165635,0.03619314225906719,0.0
0.6198609493125717,0.018259962276028576,0.0,0.5999904694376528,0.02075692217185977,0.0
0.6198609493125717,0.018259962276028576,0.0,0.6080358849779114,0.0020218017211284804,0.0
0.6115066452236531,0.03759859917889624,0.0,0.6313536350165635,0.03619314225906719,0.0
0.6115066452236531,0.03759859917889624,0.0,0.5999904694376528,0.02075692217185977,0.0
0.6115066452236531,0.03759859917889624,0.0,0.5918083264874313,0.039663432667490395,0.0
0.6115066452236531,0.03759859917889624,0.0,0.6028814564571595,0.05598425001729531,0.0
0.6115066452236531,0.03759859917889624,0.0,0.622681478413812,0.054451209743241955,0.0
0.6313536350165635,0.03619314225906719,0.0,0.622681478413812,0.054451209743241955,0.0
0.6313536350165635,0.03619314225906719,0.0,0.6425420849377571,0.05234776470599026,0.0
0.5891648312732477,0.08055594691587048,0.0,0.5842650026033941,0.06008434900576108,0.0
0.5891648312732477,0.08055594691587048,0.0,0.5996030369010387,0.0702705112502584,0.0
0.5891648312732477,0.08055594691587048,0.0,0.598954954115416,0.09883798051863817,0.0
0.5891648312732477,0.08055594691587048,0.0,0.60843751061839,0.0851242245519377,0.0
0.5842650026033941,0.06008434900576108,0.0,0.5996030369010387,0.0702705112502584,0.0
0.5842650026033941,0.06008434900576108,0.0,0.5918083264874313,0.039663432667490395,0.0
0.5842650026033941,0.06008434900576108,0.0,0.5717040325169686,0.04080264556441844,0.0
0.5842650026033941,0.06008434900576108,0.0,0.6028814564571595,0.05598425001729531,0.0
0.7481317521349669,0.1184834459581414,0.0,0.7376551144059965,0.13615080318780115,0.0
0.7481317521349669,0.1184834459581414,0.0,0.7388095369011634,0.10070003213825841,0.0
0.7481317521349669,0.1184834459581414,0.0,0.7283274417810698,0.11781956755808298,0.0
0.7481317521349669,0.1184834459581414,0.0,0.7587678198363297,0.10101414141639974,0.0
0.4290767675566518,0.07760083568673296,0.0,0.4489315244343705,0.07792276070105826,0.0
0.4290767675566518,0.07760083568673296,0.0,0.43884972648072273,0.05988436762576015,0.0
0.4290767675566518,0.07760083568673296,0.0,0.4388705373256782,0.09513307356406307,0.0
0.4290767675566518,0.07760083568673296,0.0,0.41887390892796855,0.09476821885950137,0.0
0.6772547659246833,0.162680041095909,0.0,0.6678798377846188,0.15085267312399378,0.0
0.6772547659246833,0.162680041095909,0.0,0.6724328641180563,0.17773682250811865,0.0
0.6772547659246833,0.162680041095909,0.0,0.6587574994074086,0.16411661305073202,0.0
0.01747845831219308,0.1583402574762583,0.0,0.028779349924741748,0.13984543589476248,0.0
0.01747845831219308,0.1583402574762583,0.0,0.03823608387448797,0.15671687868827927,0.0
0.01747845831219308,0.1583402574762583,0.0,0.012444547557968843,0.13995964569553335,0.0
0.01747845831219308,0.1583402574762583,0.0,6.668889629864687e-05,0.16998232824408596,0.0
0.01747845831219308,0.1583402574762583,0.0,0.0001000333444479161,0.14997327538606575,0.0
0.01747845831219308,0.1583402574762583,0.0,0.014343848466290257,0.17475066985551696,0.0
0.028779349924741748,0.13984543589476248,0.0,0.03823608387448797,0.15671687868827927,0.0
0.028779349924741748,0.13984543589476248,0.0,0.018378468745290644,0.12125891290680152,0.0
0.028779349924741748,0.13984543589476248,0.0,0.038925976638654415,0.12260688297371124,0.0
0.028779349924741748,0.13984543589476248,0.0,0.012444547557968843,0.13995964569553335,0.0
0.028779349924741748,0.13984543589476248,0.0,0.0479767032339019,0.13986869178152803,0.0
0.03823608387448797,0.15671687868827927,0.0,0.0479767032339019,0.13986869178152803,0.0
0.03823608387448797,0.15671687868827927,0.0,0.0576605319312303,0.1570700222750016,0.0
0.8593638735778448,0.06831626512299599,0.0,0.8794004596320855,0.07055442900153006,0.0
0.8593638735778448,0.06831626512299599,0.0,0.8690908181476228,0.05179203181452984,0.0
0.8593638735778448,0.06831626512299599,0.0,0.8394321526273051,0.06795867071819707,0.0
0.8593638735778448,0.06831626512299599,0.0,0.8493511390218916,0.050592341618433886,0.0
0.8593638735778448,0.06831626512299599,0.0,0.8491367267582086,0.08569611448352206,0.0
0.8593638735778448,0.06831626512299599,0.0,0.8691238955034764,0.08634384677063095,0.0
0.8794004596320855,0.07055442900153006,0.0,0.8690908181476228,0.05179203181452984,0.0
0.8794004596320855,0.07055442900153006,0.0,0.8982365112941532,0.07063656944470807,0.0
0.8794004596320855,0.07055442900153006,0.0,0.8881588794098549,0.0526696341016789,0.0
0.8794004596320855,0.07055442900153006,0.0,0.8891112108774389,0.08658811995243682,0.0
0.8794004596320855,0.07055442900153006,0.0,0.8691238955034764,0.08634384677063095,0.0
0.8690908181476228,0.05179203181452984,0.0,0.8881588794098549,0.0526696341016789,0.0
0.8690908181476228,0.05179203181452984,0.0,0.8787588411565269,0.03494383554732576,0.0
0.8690908181476228,0.05179203181452984,0.0,0.859511692711333,0.03367569658329926,0.0
0.8690908181476228,0.05179203181452984,0.0,0.8493511390218916,0.050592341618433886,0.0
0.8643683387323301,0.17741739316118063,0.0,0.8714855810448151,0.15793351968991673,0.0
0.8643683387323301,0.17741739316118063,0.0,0.8627921253644149,0.1984719234020252,0.0
0.8643683387323301,0.17741739316118063,0.0,0.8813609469882417,0.1729157515336478,0.0
0.8643683387323301,0.17741739316118063,0.0,0.8772077105932884,0.18707642232465363,0.0
0.8982365112941532,0.07063656944470807,0.0,0.9081545265027874,0.054749231290269276,0.0
0.8982365112941532,0.07063656944470807,0.0,0.9179704791051517,0.07148658762086635,0.0
0.8982365112941532,0.07063656944470807,0.0,0.8881588794098549,0.0526696341016789,0.0
0.8982365112941532,0.07063656944470807,0.0,0.8891112108774389,0.08658811995243682,0.0
0.8982365112941532,0.07063656944470807,0.0,0.9090989098806909,0.08721659865244609,0.0
0.9081545265027874,0.054749231290269276,0.0,0.9179704791051517,0.07148658762086635,0.0
0.9081545265027874,0.054749231290269276,0.0,0.9271154042718865,0.056228463117618074,0.0
0.9081545265027874,0.054749231290269276,0.0,0.8881588794098549,0.0526696341016789,0.0
0.9081545265027874,0.054749231290269276,0.0,0.89808861418749,0.036773403323482716,0.0
0.9081545265027874,0.054749231290269276,0.0,0.9179688196075995,0.039021912105495146,0.0
0.9179704791051517,0.07148658762086635,0.0,0.9302323547738321,0.088984192577998,0.0
0.9179704791051517,0.07148658762086635,0.0,0.9271154042718865,0.056228463117618074,0.0
0.9179704791051517,0.07148658762086635,0.0,0.9090989098806909,0.08721659865244609,0.0
0.9179704791051517,0.07148658762086635,0.0,0.9349851789629127,0.07110451721731664,0.0
0.4233892188314238,0.19176511780943392,0.0,0.4312186625324201,0.2064914855210821,0.0
0.4233892188314238,0.19176511780943392,0.0,0.44001576866590647,0.19163212309952676,0.0
0.2164102329641455,0.12524655091038042,0.0,0.20433280373463336,0.14195944401505342,0.0
0.2164102329641455,0.12524655091038042,0.0,0.2248996446648704,0.14166182763504606,0.0
0.2164102329641455,0.12524655091038042,0.0,0.19639783073005887,0.12483586114745353,0.0
0.2164102329641455,0.12524655091038042,0.0,0.22858635410824565,0.10855259790635652,0.0
0.2164102329641455,0.12524655091038042,0.0,0.2085897304609542,0.10818234106696215,0.0
0.2164102329641455,0.12524655091038042,0.0,0.2373216925326387,0.12549725294912129,0.0
0.20433280373463336,0.14195944401505342,0.0,0.2248996446648704,0.14166182763504606,0.0
0.20433280373463336,0.14195944401505342,0.0,0.2144514366114193,0.15718955287007677,0.0
0.20433280373463336,0.14195944401505342,0.0,0.19363050983033675,0.15864064855352603,0.0
0.20433280373463336,0.14195944401505342,0.0,0.19639783073005887,0.12483586114745353,0.0
0.2248996446648704,0.14166182763504606,0.0,0.2144514366114193,0.15718955287007677,0.0
0.2248996446648704,0.14166182763504606,0.0,0.2351357470310797,0.15591938555393947,0.0
0.2248996446648704,0.14166182763504606,0.0,0.2373216925326387,0.12549725294912129,0.0
0.2248996446648704,0.14166182763504606,0.0,0.24533227087062992,0.14171954228120545,0.0
0.968264994089898,0.054961610210304185,0.0,0.9486389259207347,0.05952090167312558,0.0
0.968264994089898,0.054961610210304185,0.0,0.9662025932236358,0.07084210564354383,0.0
0.968264994089898,0.054961610210304185,0.0,0.9832149743380963,0.06085874510919127,0.0
0.9302323547738321,0.088984192577998,0.0,0.9486633223601317,0.09927077484716118,0.0
0.9302323547738321,0.088984192577998,0.0,0.9488849902351831,0.07977829716088518,0.0
0.9302323547738321,0.088984192577998,0.0,0.9340998204224622,0.10694718215357407,0.0
0.9302323547738321,0.088984192577998,0.0,0.9090989098806909,0.08721659865244609,0.0
0.9302323547738321,0.088984192577998,0.0,0.918006158111011,0.1045636319144608,0.0
0.9302323547738321,0.088984192577998,0.0,0.9349851789629127,0.07110451721731664,0.0
0.9486633223601317,0.09927077484716118,0.0,0.9488849902351831,0.07977829716088518,0.0
0.9486633223601317,0.09927077484716118,0.0,0.9483888480110715,0.12049821970952064,0.0
0.9486633223601317,0.09927077484716118,0.0,0.965789227234881,0.10940055618054487,0.0
0.9486633223601317,0.09927077484716118,0.0,0.9340998204224622,0.10694718215357407,0.0
0.9486633223601317,0.09927077484716118,0.0,0.9654308719624239,0.0898532658362105,0.0
0.9488849902351831,0.07977829716088518,0.0,0.9486389259207347,0.05952090167312558,0.0
0.9488849902351831,0.07977829716088518,0.0,0.9662025932236358,0.07084210564354383,0.0
0.9488849902351831,0.07977829716088518,0.0,0.9654308719624239,0.0898532658362105,0.0
0.9488849902351831,0.07977829716088518,0.0,0.9349851789629127,0.07110451721731664,0.0
0.5100725832864061,0.04407351704706324,0.0,0.5196010228985745,0.061826020223775764,0.0
0.5100725832864061,0.04407351704706324,0.0,0.5202557088712874,0.02651198447514277,0.0
0.5100725832864061,0.04407351704706324,0.0,0.5000514824732187,0.026879297767000376,0.0
0.5100725832864061,0.04407351704706324,0.0,0.48979833163911013,0.04407964022027158,0.0
0.5100725832864061,0.04407351704706324,0.0,0.49954755878267004,0.0615152833723361,0.0
0.5196010228985745,0.061826020223775764,0.0,0.49954755878267004,0.0615152833723361,0.0
0.5196010228985745,0.061826020223775764,0.0,0.5091788932033924,0.07907440786942004,0.0
0.8063719078567091,0.15784579418078584,0.0,0.8153373332793409,0.17603073028409927,0.0
0.8063719078567091,0.15784579418078584,0.0,0.7953286464825818,0.17454160136284827,0.0
0.8063719078567091,0.15784579418078584,0.0,0.7861099689878157,0.1567013464229445,0.0
0.9271154042718865,0.056228463117618074,0.0,0.9486389259207347,0.05952090167312558,0.0
0.9271154042718865,0.056228463117618074,0.0,0.9379577643030482,0.04143232745842244,0.0
0.9271154042718865,0.056228463117618074,0.0,0.9179688196075995,0.039021912105495146,0.0
0.9271154042718865,0.056228463117618074,0.0,0.9349851789629127,0.07110451721731664,0.0
0.2144514366114193,0.15718955287007677,0.0,0.20477687204753128,0.1746606684078046,0.0
0.2144514366114193,0.15718955287007677,0.0,0.19363050983033675,0.15864064855352603,0.0
0.2144514366114193,0.15718955287007677,0.0,0.22484050677749684,0.17346276012089581,0.0
0.2144514366114193,0.15718955287007677,0.0,0.2351357470310797,0.15591938555393947,0.0
0.20477687204753128,0.1746606684078046,0.0,0.19363050983033675,0.15864064855352603,0.0
0.20477687204753128,0.1746606684078046,0.0,0.22484050677749684,0.17346276012089581,0.0
0.20477687204753128,0.1746606684078046,0.0,0.1846178041795764,0.17610939583437157,0.0
0.20477687204753128,0.1746606684078046,0.0,0.2155675444190997,0.1909215933815534,0.0
0.20477687204753128,0.1746606684078046,0.0,0.1959260328513177,0.1922212147213933,0.0
0.19363050983033675,0.15864064855352603,0.0,0.17314152375242453,0.16008435604769686,0.0
0.19363050983033675,0.15864064855352603,0.0,0.1846178041795764,0.17610939583437157,0.0
0.843302383134348,-0.003972569338009826,0.0,0.862839377186347,-0.0016160685630712825,0.0
0.862839377186347,-0.0016160685630712825,0.0,0.871018612238367,0.016608948327270095,0.0
0.862839377186347,-0.0016160685630712825,0.0,0.8823652679199725,0.0008303576789746955,0.0
0.018378468745290644,0.12125891290680152,0.0,0.038925976638654415,0.12260688297371124,0.0
0.018378468745290644,0.12125891290680152,0.0,0.012444547557968843,0.13995964569553335,0.0
0.018378468745290644,0.12125891290680152,0.0,0.0001667222407464953,0.10995483921509012,0.0
0.018378468745290644,0.12125891290680152,0.0,0.0001333777925972035,0.12996411100455393,0.0
0.038925976638654415,0.12260688297371124,0.0,0.0479767032339019,0.13986869178152803,0.0
0.038925976638654415,0.12260688297371124,0.0,0.048617004081428355,0.10521756782937138,0.0
0.038925976638654415,0.12260688297371124,0.0,0.058295148517549224,0.1227283671936745,0.0
0.5999904694376528,0.02075692217185977,0.0,0.5918083264874313,0.039663432667490395,0.0
0.5999904694376528,0.02075692217185977,0.0,0.5802371094150196,0.022663348326101916,0.0
0.5999904694376528,0.02075692217185977,0.0,0.5884939560167848,0.004334433128431649,0.0
0.5999904694376528,0.02075692217185977,0.0,0.6080358849779114,0.0020218017211284804,0.0
0.4314089540100832,0.006415879010114229,0.0,0.4400904025025253,0.0249851794549024,0.0
0.4314089540100832,0.006415879010114229,0.0,0.4510169486813583,0.008070904116609113,0.0
0.2582642898199875,0.023263735466727643,0.0,0.2654469082954232,0.0058342647240180335,0.0
0.2582642898199875,0.023263735466727643,0.0,0.2394624577295904,0.02384996044335947,0.0
0.2582642898199875,0.023263735466727643,0.0,0.246987373330859,0.006476239644884815,0.0
0.2582642898199875,0.023263735466727643,0.0,0.24985700167819197,0.039994024776539766,0.0
0.2582642898199875,0.023263735466727643,0.0,0.26985341976591,0.04018519643771634,0.0
0.2654469082954232,0.0058342647240180335,0.0,0.246987373330859,0.006476239644884815,0.0
0.2654469082954232,0.0058342647240180335,0.0,0.2551697586474465,-0.01007255224284793,0.0
0.2654469082954232,0.0058342647240180335,0.0,0.2748424644439195,-0.009610329423930416,0.0
0.5996030369010387,0.0702705112502584,0.0,0.6028814564571595,0.05598425001729531,0.0
0.5996030369010387,0.0702705112502584,0.0,0.6148081676828678,0.07190866535635554,0.0
0.5996030369010387,0.0702705112502584,0.0,0.60843751061839,0.0851242245519377,0.0
0.34520131229783907,0.17920077808012339,0.0,0.3364270475088295,0.16038718162353574,0.0
0.34520131229783907,0.17920077808012339,0.0,0.32508193546598696,0.17682312756646426,0.0
0.34520131229783907,0.17920077808012339,0.0,0.3334679733597575,0.1950146597444102,0.0
0.34520131229783907,0.17920077808012339,0.0,0.3530228816138251,0.1972732469543295,0.0
0.3364270475088295,0.16038718162353574,0.0,0.3164578980755571,0.15901794315461934,0.0
0.3364270475088295,0.16038718162353574,0.0,0.32508193546598696,0.17682312756646426,0.0
0.3364270475088295,0.16038718162353574,0.0,0.34757145675928863,0.14449261413722042,0.0
0.3364270475088295,0.16038718162353574,0.0,0.32750521170497643,0.1433915634543535,0.0
0.8714855810448151,0.15793351968991673,0.0,0.879842934596222,0.1389816168477258,0.0
0.8714855810448151,0.15793351968991673,0.0,0.8893273238752012,0.15517240357028333,0.0
0.8714855810448151,0.15793351968991673,0.0,0.8813609469882417,0.1729157515336478,0.0
0.4489315244343705,0.07792276070105826,0.0,0.43884972648072273,0.05988436762576015,0.0
0.4489315244343705,0.07792276070105826,0.0,0.45926152081685323,0.06066238707165292,0.0
0.4489315244343705,0.07792276070105826,0.0,0.4388705373256782,0.09513307356406307,0.0
0.4489315244343705,0.07792276070105826,0.0,0.4588674095197687,0.09548015536354618,0.0
0.4489315244343705,0.07792276070105826,0.0,0.46917769448404384,0.07833757833789937,0.0
0.43884972648072273,0.05988436762576015,0.0,0.45926152081685323,0.06066238707165292,0.0
0.43884972648072273,0.05988436762576015,0.0,0.4494530294968124,0.04289330821433156,0.0
0.43884972648072273,0.05988436762576015,0.0,0.42929297295535807,0.04178257593145333,0.0
0.45926152081685323,0.06066238707165292,0.0,0.4494530294968124,0.04289330821433156,0.0
0.45926152081685323,0.06066238707165292,0.0,0.46967338094859085,0.043726593107161434,0.0
0.45926152081685323,0.06066238707165292,0.0,0.46917769448404384,0.07833757833789937,0.0
0.45926152081685323,0.06066238707165292,0.0,0.4794837651567824,0.06120980649056359,0.0
0.3610621348712022,0.01558817426701587,0.0,0.3424368808578712,0.012074547819952439,0.0
0.3610621348712022,0.01558817426701587,0.0,0.3727680395548248,-0.00037430760703288353,0.0
0.3610621348712022,0.01558817426701587,0.0,0.35323884309084297,-0.0027944804710279716,0.0
0.879842934596222,0.1389816168477258,0.0,0.8893273238752012,0.15517240357028333,0.0
0.879842934596222,0.1389816168477258,0.0,0.8983299194209747,0.13817152680949352,0.0
0.879842934596222,0.1389816168477258,0.0,0.8891141581106039,0.12085057529732343,0.0
0.30540782988011694,0.17527693210390757,0.0,0.2957756490968503,0.1577583177071056,0.0
0.30540782988011694,0.17527693210390757,0.0,0.3164578980755571,0.15901794315461934,0.0
0.30540782988011694,0.17527693210390757,0.0,0.32508193546598696,0.17682312756646426,0.0
0.30540782988011694,0.17527693210390757,0.0,0.28498407548865423,0.17370678738984327,0.0
0.30540782988011694,0.17527693210390757,0.0,0.2942574624549822,0.1915070910332105,0.0
0.30540782988011694,0.17527693210390757,0.0,0.313881240220007,0.1930527249326497,0.0
0.2957756490968503,0.1577583177071056,0.0,0.3164578980755571,0.15901794315461934,0.0
0.2957756490968503,0.1577583177071056,0.0,0.28498407548865423,0.17370678738984327,0.0
0.2957756490968503,0.1577583177071056,0.0,0.27519691762494974,0.15587585876585075,0.0
0.2957756490968503,0.1577583177071056,0.0,0.30683587613443125,0.14264187294484806,0.0
0.2957756490968503,0.1577583177071056,0.0,0.2858699096128083,0.14198530627006695,0.0
0.3164578980755571,0.15901794315461934,0.0,0.32508193546598696,0.17682312756646426,0.0
0.3164578980755571,0.15901794315461934,0.0,0.30683587613443125,0.14264187294484806,0.0
0.3164578980755571,0.15901794315461934,0.0,0.32750521170497643,0.1433915634543535,0.0
0.7467488647801392,0.15499157184323079,0.0,0.7376551144059965,0.13615080318780115,0.0
0.7467488647801392,0.15499157184323079,0.0,0.755606956914925,0.17278778813772,0.0
0.7467488647801392,0.15499157184323079,0.0,0.7662569798647217,0.15589015438379997,0.0
0.8893273238752012,0.15517240357028333,0.0,0.8813609469882417,0.1729157515336478,0.0
0.8893273238752012,0.15517240357028333,0.0,0.8983299194209747,0.13817152680949352,0.0
0.8893273238752012,0.15517240357028333,0.0,0.9080893589898672,0.15489200308031367,0.0
0.9483888480110715,0.12049821970952064,0.0,0.965789227234881,0.10940055618054487,0.0
0.9483888480110715,0.12049821970952064,0.0,0.9340998204224622,0.10694718215357407,0.0
0.9483888480110715,0.12049821970952064,0.0,0.9379597381477701,0.1391159805244444,0.0
0.9483888480110715,0.12049821970952064,0.0,0.9275337210383883,0.12204403395299011,0.0
0.965789227234881,0.10940055618054487,0.0,0.9826795283080223,0.11995951759199737,0.0
0.965789227234881,0.10940055618054487,0.0,0.9826795683144082,0.09995018251472794,0.0
0.965789227234881,0.10940055618054487,0.0,0.9654308719624239,0.0898532658362105,0.0
0.01609167114890336,0.03853411710548985,0.0,0.032289754640321314,0.026573231843788504,0.0
0.01609167114890336,0.03853411710548985,0.0,0.0002667555851949112,0.049926243808597545,0.0
0.01609167114890336,0.03853411710548985,0.0,0.0003001000333443396,0.02991640589504348,0.0
0.01609167114890336,0.03853411710548985,0.0,0.014572479594446276,0.023899612626728177,0.0
0.19639783073005887,0.12483586114745353,0.0,0.2085897304609542,0.10818234106696215,0.0
0.19639783073005887,0.12483586114745353,0.0,0.18859817502699888,0.10753761452874032,0.0
0.4400904025025253,0.0249851794549024,0.0,0.4494530294968124,0.04289330821433156,0.0
0.4400904025025253,0.0249851794549024,0.0,0.42929297295535807,0.04178257593145333,0.0
0.4400904025025253,0.0249851794549024,0.0,0.46018639117377813,0.026034204302264885,0.0
0.4400904025025253,0.0249851794549024,0.0,0.4510169486813583,0.008070904116609113,0.0
0.4494530294968124,0.04289330821433156,0.0,0.42929297295535807,0.04178257593145333,0.0
0.4494530294968124,0.04289330821433156,0.0,0.46018639117377813,0.026034204302264885,0.0
0.4494530294968124,0.04289330821433156,0.0,0.46967338094859085,0.043726593107161434,0.0
0.9348317750137269,0.1714104899048798,0.0,0.9328412075644624,0.18946466265097547,0.0
0.9348317750137269,0.1714104899048798,0.0,0.9272486899695526,0.15587219973727745,0.0
0.32508193546598696,0.17682312756646426,0.0,0.313881240220007,0.1930527249326497,0.0
0.32508193546598696,0.17682312756646426,0.0,0.3334679733597575,0.1950146597444102,0.0
0.7376551144059965,0.13615080318780115,0.0,0.7283274417810698,0.11781956755808298,0.0
0.7376551144059965,0.13615080318780115,0.0,0.7180920368509622,0.13489173668599647,0.0
0.730402070378237,0.0258544594850285,0.0,0.7366837979675639,0.006800175815116217,0.0
0.730402070378237,0.0258544594850285,0.0,0.745061839385575,0.021947912185500493,0.0
0.9486389259207347,0.05952090167312558,0.0,0.9662025932236358,0.07084210564354383,0.0
0.9486389259207347,0.05952090167312558,0.0,0.9379577643030482,0.04143232745842244,0.0
0.9486389259207347,0.05952090167312558,0.0,0.9349851789629127,0.07110451721731664,0.0
0.9662025932236358,0.07084210564354383,0.0,0.9654308719624239,0.0898532658362105,0.0
0.9662025932236358,0.07084210564354383,0.0,0.9832149743380963,0.06085874510919127,0.0
0.9662025932236358,0.07084210564354383,0.0,0.982780786354243,0.08007992404209466,0.0
0.5202557088712874,0.02651198447514277,0.0,0.5000514824732187,0.026879297767000376,0.0
0.5202557088712874,0.02651198447514277,0.0,0.5405099259518039,0.02565258436223232,0.0
0.5202557088712874,0.02651198447514277,0.0,0.5100052862653269,0.00982742574734773,0.0
0.5202557088712874,0.02651198447514277,0.0,0.5296731286237358,0.009219139493332007,0.0
0.8153373332793409,0.17603073028409927,0.0,0.7953286464825818,0.17454160136284827,0.0
0.8153373332793409,0.17603073028409927,0.0,0.8040739682388426,0.1922212148074821,0.0
0.8153373332793409,0.17603073028409927,0.0,0.8236791101517987,0.1939886763111289,0.0
0.9379577643030482,0.04143232745842244,0.0,0.9495125853687828,0.025095854552817275,0.0
0.9379577643030482,0.04143232745842244,0.0,0.9179688196075995,0.039021912105495146,0.0
0.9379577643030482,0.04143232745842244,0.0,0.9295453625151296,0.023382325367384115,0.0
0.28498407548865423,0.17370678738984327,0.0,0.26508688721103685,0.1731421319859014,0.0
0.28498407548865423,0.17370678738984327,0.0,0.27519691762494974,0.15587585876585075,0.0
0.28498407548865423,0.17370678738984327,0.0,0.2746002114883518,0.1904740302508034,0.0
0.28498407548865423,0.17370678738984327,0.0,0.2942574624549822,0.1915070910332105,0.0
0.22484050677749684,0.17346276012089581,0.0,0.2351357470310797,0.15591938555393947,0.0
0.22484050677749684,0.17346276012089581,0.0,0.24494735638573276,0.17304036105843829,0.0
0.22484050677749684,0.17346276012089581,0.0,0.2352375608496372,0.1901715774166525,0.0
0.22484050677749684,0.17346276012089581,0.0,0.2155675444190997,0.1909215933815534,0.0
0.46018639117377813,0.026034204302264885,0.0,0.4800259004553291,0.026631008554435325,0.0
0.46018639117377813,0.026034204302264885,0.0,0.46967338094859085,0.043726593107161434,0.0
0.46018639117377813,0.026034204302264885,0.0,0.47065996554687806,0.009234307488224468,0.0
0.46018639117377813,0.026034204302264885,0.0,0.4510169486813583,0.008070904116609113,0.0
0.5918083264874313,0.039663432667490395,0.0,0.5802371094150196,0.022663348326101916,0.0
0.5918083264874313,0.039663432667490395,0.0,0.5717040325169686,0.04080264556441844,0.0
0.5918083264874313,0.039663432667490395,0.0,0.6028814564571595,0.05598425001729531,0.0
0.05339384748452611,0.023166133519058277,0.0,0.032289754640321314,0.026573231843788504,0.0
0.05339384748452611,0.023166133519058277,0.0,0.04797032098497443,0.039494198181346835,0.0
0.05339384748452611,0.023166133519058277,0.0,0.039664757915785706,0.00868959289820458,0.0
0.05339384748452611,0.023166133519058277,0.0,0.05929009300221836,0.007256714859134872,0.0
0.032289754640321314,0.026573231843788504,0.0,0.04797032098497443,0.039494198181346835,0.0
0.032289754640321314,0.026573231843788504,0.0,0.02000812629740016,0.009591928536378809,0.0
0.032289754640321314,0.026573231843788504,0.0,0.039664757915785706,0.00868959289820458,0.0
0.032289754640321314,0.026573231843788504,0.0,0.014572479594446276,0.023899612626728177,0.0
0.04797032098497443,0.039494198181346835,0.0,0.05963169797309385,0.054245061091337185,0.0
0.8881588794098549,0.0526696341016789,0.0,0.8787588411565269,0.03494383554732576,0.0
0.8881588794098549,0.0526696341016789,0.0,0.89808861418749,0.036773403323482716,0.0
0.012444547557968843,0.13995964569553335,0.0,0.0001333777925972035,0.12996411100455393,0.0
0.012444547557968843,0.13995964569553335,0.0,0.0001000333444479161,0.14997327538606575,0.0
0.755606956914925,0.17278778813772,0.0,0.7450787942757616,0.1900191158835712,0.0
0.755606956914925,0.17278778813772,0.0,0.7647624404709625,0.1901715774472619,0.0
0.755606956914925,0.17278778813772,0.0,0.7753583430350345,0.17346291667623492,0.0
0.755606956914925,0.17278778813772,0.0,0.7662569798647217,0.15589015438379997,0.0
0.3677549987474165,0.1456655043618675,0.0,0.35831663819000015,0.12816354529436794,0.0
0.3677549987474165,0.1456655043618675,0.0,0.37824056465510475,0.12864972010200065,0.0
0.3677549987474165,0.1456655043618675,0.0,0.3879243611175216,0.14615806018496144,0.0
0.3677549987474165,0.1456655043618675,0.0,0.34757145675928863,0.14449261413722042,0.0
0.9340998204224622,0.10694718215357407,0.0,0.918006158111011,0.1045636319144608,0.0
0.9340998204224622,0.10694718215357407,0.0,0.9275337210383883,0.12204403395299011,0.0
0.26508688721103685,0.1731421319859014,0.0,0.27519691762494974,0.15587585876585075,0.0
0.26508688721103685,0.1731421319859014,0.0,0.24494735638573276,0.17304036105843829,0.0
0.26508688721103685,0.1731421319859014,0.0,0.2746002114883518,0.1904740302508034,0.0
0.26508688721103685,0.1731421319859014,0.0,0.2551840781647178,0.15578950425235438,0.0
0.26508688721103685,0.1731421319859014,0.0,0.2549212071454445,0.1900191158946087,0.0
0.27519691762494974,0.15587585876585075,0.0,0.2858699096128083,0.14198530627006695,0.0
0.27519691762494974,0.15587585876585075,0.0,0.2551840781647178,0.15578950425235438,0.0
0.27519691762494974,0.15587585876585075,0.0,0.26542370760843953,0.14180331997563478,0.0
0.2976838301902296,0.12619174061829197,0.0,0.30683587613443125,0.14264187294484806,0.0
0.2976838301902296,0.12619174061829197,0.0,0.2858699096128083,0.14198530627006695,0.0
0.2976838301902296,0.12619174061829197,0.0,0.3182562906393403,0.12724495271411876,0.0
0.2976838301902296,0.12619174061829197,0.0,0.3085728059705063,0.11003312057764002,0.0
0.2976838301902296,0.12619174061829197,0.0,0.28857620931280015,0.10966255405905892,0.0
0.2976838301902296,0.12619174061829197,0.0,0.2773762835463962,0.12613568769060915,0.0
0.30683587613443125,0.14264187294484806,0.0,0.2858699096128083,0.14198530627006695,0.0
0.30683587613443125,0.14264187294484806,0.0,0.3182562906393403,0.12724495271411876,0.0
0.30683587613443125,0.14264187294484806,0.0,0.32750521170497643,0.1433915634543535,0.0
0.2858699096128083,0.14198530627006695,0.0,0.2773762835463962,0.12613568769060915,0.0
0.2858699096128083,0.14198530627006695,0.0,0.26542370760843953,0.14180331997563478,0.0
0.9495125853687828,0.025095854552817275,0.0,0.960668089500101,0.008709511956747955,0.0
0.9495125853687828,0.025095854552817275,0.0,0.9410421504619573,0.007284959103512532,0.0
0.9495125853687828,0.025095854552817275,0.0,0.9295453625151296,0.023382325367384115,0.0
0.2351357470310797,0.15591938555393947,0.0,0.24494735638573276,0.17304036105843829,0.0
0.2351357470310797,0.15591938555393947,0.0,0.2551840781647178,0.15578950425235438,0.0
0.2351357470310797,0.15591938555393947,0.0,0.24533227087062992,0.14171954228120545,0.0
0.4800259004553291,0.026631008554435325,0.0,0.46967338094859085,0.043726593107161434,0.0
0.4800259004553291,0.026631008554435325,0.0,0.5000514824732187,0.026879297767000376,0.0
0.4800259004553291,0.026631008554435325,0.0,0.47065996554687806,0.009234307488224468,0.0
0.4800259004553291,0.026631008554435325,0.0,0.48979833163911013,0.04407964022027158,0.0
0.4800259004553291,0.026631008554435325,0.0,0.4903281125555386,0.009832592658590631,0.0
0.46967338094859085,0.043726593107161434,0.0,0.48979833163911013,0.04407964022027158,0.0
0.46967338094859085,0.043726593107161434,0.0,0.4794837651567824,0.06120980649056359,0.0
0.2277238716203891,0.007269961058106246,0.0,0.2201479159375962,0.023953118554599757,0.0
0.2277238716203891,0.007269961058106246,0.0,0.2394624577295904,0.02384996044335947,0.0
0.2277238716203891,0.007269961058106246,0.0,0.246987373330859,0.006476239644884815,0.0
0.2277238716203891,0.007269961058106246,0.0,0.21582800364174173,-0.009185763648122576,0.0
0.2277238716203891,0.007269961058106246,0.0,0.207743495294439,0.007951859967410567,0.0
0.2277238716203891,0.007269961058106246,0.0,0.23549217630952798,-0.00992792670810949,0.0
0.2201479159375962,0.023953118554599757,0.0,0.2394624577295904,0.02384996044335947,0.0
0.2201479159375962,0.023953118554599757,0.0,0.22986707961599834,0.03925029385805589,0.0
0.2201479159375962,0.023953118554599757,0.0,0.20986433843215516,0.03920040161299322,0.0
0.2201479159375962,0.023953118554599757,0.0,0.207743495294439,0.007951859967410567,0.0
0.2201479159375962,0.023953118554599757,0.0,0.19992542846229022,0.024329557866854104,0.0
0.2394624577295904,0.02384996044335947,0.0,0.246987373330859,0.006476239644884815,0.0
0.2394624577295904,0.02384996044335947,0.0,0.22986707961599834,0.03925029385805589,0.0
0.2394624577295904,0.02384996044335947,0.0,0.24985700167819197,0.039994024776539766,0.0
0.31819834042849343,0.024659361825981795,0.0,0.3242195496138796,0.009094610975013904,0.0
0.31819834042849343,0.024659361825981795,0.0,0.3342517334365306,0.025527830954262355,0.0
0.31819834042849343,0.024659361825981795,0.0,0.30980198503536344,0.04127875142770711,0.0
0.7953286464825818,0.17454160136284827,0.0,0.7753583430350345,0.17346291667623492,0.0
0.7953286464825818,0.17454160136284827,0.0,0.7861099689878157,0.1567013464229445,0.0
0.7953286464825818,0.17454160136284827,0.0,0.8040739682388426,0.1922212148074821,0.0
0.7953286464825818,0.17454160136284827,0.0,0.7844324567857922,0.1909215934450424,0.0
0.17314152375242453,0.16008435604769686,0.0,0.16469467887089892,0.17809588077285568,0.0
0.17314152375242453,0.16008435604769686,0.0,0.1529067863826044,0.16207801452389184,0.0
0.17314152375242453,0.16008435604769686,0.0,0.1846178041795764,0.17610939583437157,0.0
0.16469467887089892,0.17809588077285568,0.0,0.1529067863826044,0.16207801452389184,0.0
0.16469467887089892,0.17809588077285568,0.0,0.1846178041795764,0.17610939583437157,0.0
0.16469467887089892,0.17809588077285568,0.0,0.14496587686917897,0.18028366212291252,0.0
0.16469467887089892,0.17809588077285568,0.0,0.1763208908223542,0.1939886762133007,0.0
0.16469467887089892,0.17809588077285568,0.0,0.1567512396874989,0.1961150489967212,0.0
0.1529067863826044,0.16207801452389184,0.0,0.13298580547035427,0.16432577723300415,0.0
0.1529067863826044,0.16207801452389184,0.0,0.14496587686917897,0.18028366212291252,0.0
0.24494735638573276,0.17304036105843829,0.0,0.2551840781647178,0.15578950425235438,0.0
0.24494735638573276,0.17304036105843829,0.0,0.2549212071454445,0.1900191158946087,0.0
0.24494735638573276,0.17304036105843829,0.0,0.2352375608496372,0.1901715774166525,0.0
0.5000514824732187,0.026879297767000376,0.0,0.48979833163911013,0.04407964022027158,0.0
0.5000514824732187,0.026879297767000376,0.0,0.4903281125555386,0.009832592658590631,0.0
0.5000514824732187,0.026879297767000376,0.0,0.5100052862653269,0.00982742574734773,0.0
0.03206857484262322,0.0701536082299702,0.0,0.049686014089341535,0.07053159625635519,0.0
0.8627921253644149,0.1984719234020252,0.0,0.8823244412923026,0.2009191174150899,0.0
0.8627921253644149,0.1984719234020252,0.0,0.8432487611881002,0.1961150490981094,0.0
0.8627921253644149,0.1984719234020252,0.0,0.8772077105932884,0.18707642232465363,0.0
0.7450787942757616,0.1900191158835712,0.0,0.7647624404709625,0.1901715774472619,0.0
0.5802371094150196,0.022663348326101916,0.0,0.5717040325169686,0.04080264556441844,0.0
0.5802371094150196,0.022663348326101916,0.0,0.5884939560167848,0.004334433128431649,0.0
0.5802371094150196,0.022663348326101916,0.0,0.560427173311275,0.024283578940309882,0.0
0.5802371094150196,0.022663348326101916,0.0,0.5689229754545462,0.006384157974008973,0.0
0.2746002114883518,0.1904740302508034,0.0,0.2942574624549822,0.1915070910332105,0.0
0.2746002114883518,0.1904740302508034,0.0,0.2549212071454445,0.1900191158946087,0.0
0.5405099259518039,0.02565258436223232,0.0,0.560427173311275,0.024283578940309882,0.0
0.5405099259518039,0.02565258436223232,0.0,0.5296731286237358,0.009219139493332007,0.0
0.5405099259518039,0.02565258436223232,0.0,0.549315612272053,0.008046701930870563,0.0
0.47065996554687806,0.009234307488224468,0.0,0.4510169486813583,0.008070904116609113,0.0
0.47065996554687806,0.009234307488224468,0.0,0.4903281125555386,0.009832592658590631,0.0
0.960668089500101,0.008709511956747955,0.0,0.9410421504619573,0.007284959103512532,0.0
0.960668089500101,0.008709511956747955,0.0,0.9803251573993281,0.009602263264646164,0.0
0.8787588411565269,0.03494383554732576,0.0,0.871018612238367,0.016608948327270095,0.0
0.8787588411565269,0.03494383554732576,0.0,0.859511692711333,0.03367569658329926,0.0
0.8787588411565269,0.03494383554732576,0.0,0.8902148153227807,0.019017066145983343,0.0
0.8787588411565269,0.03494383554732576,0.0,0.89808861418749,0.036773403323482716,0.0
0.871018612238367,0.016608948327270095,0.0,0.859511692711333,0.03367569658329926,0.0
0.871018612238367,0.016608948327270095,0.0,0.8902148153227807,0.019017066145983343,0.0
0.871018612238367,0.016608948327270095,0.0,0.8823652679199725,0.0008303576789746955,0.0
0.859511692711333,0.03367569658329926,0.0,0.8493511390218916,0.050592341618433886,0.0
0.3424368808578712,0.012074547819952439,0.0,0.3242195496138796,0.009094610975013904,0.0
0.3424368808578712,0.012074547819952439,0.0,0.3342517334365306,0.025527830954262355,0.0
0.3424368808578712,0.012074547819952439,0.0,0.33369051093209806,-0.0050548853131065635,0.0
0.3424368808578712,0.012074547819952439,0.0,0.35323884309084297,-0.0027944804710279716,0.0
0.3242195496138796,0.009094610975013904,0.0,0.3342517334365306,0.025527830954262355,0.0
0.3242195496138796,0.009094610975013904,0.0,0.33369051093209806,-0.0050548853131065635,0.0
0.3242195496138796,0.009094610975013904,0.0,0.3141104019733191,-0.007020287806910577,0.0
0.246987373330859,0.006476239644884815,0.0,0.23549217630952798,-0.00992792670810949,0.0
0.246987373330859,0.006476239644884815,0.0,0.2551697586474465,-0.01007255224284793,0.0
0.02202299074084926,0.1877019386539514,0.0,3.334444814934153e-05,0.189991243224307,0.0
0.02202299074084926,0.1877019386539514,0.0,0.014343848466290257,0.17475066985551696,0.0
0.02202299074084926,0.1877019386539514,0.0,0.01968189381931244,0.2096956954280177,0.0
0.02202299074084926,0.1877019386539514,0.0,0.011954382915212055,0.1977507641884488,0.0
0.1846178041795764,0.17610939583437157,0.0,0.1959260328513177,0.1922212147213933,0.0
0.1846178041795764,0.17610939583437157,0.0,0.1763208908223542,0.1939886762133007,0.0
0.7366837979675639,0.006800175815116217,0.0,0.745061839385575,0.021947912185500493,0.0
0.7366837979675639,0.006800175815116217,0.0,0.7451636852345059,-0.010075184814190135,0.0
0.5717040325169686,0.04080264556441844,0.0,0.560427173311275,0.024283578940309882,0.0
0.5884939560167848,0.004334433128431649,0.0,0.6080358849779114,0.0020218017211284804,0.0
0.5884939560167848,0.004334433128431649,0.0,0.5689229754545462,0.006384157974008973,0.0
0.7647624404709625,0.1901715774472619,0.0,0.7753583430350345,0.17346291667623492,0.0
0.7647624404709625,0.1901715774472619,0.0,0.7844324567857922,0.1909215934450424,0.0
0.2551840781647178,0.15578950425235438,0.0,0.24533227087062992,0.14171954228120545,0.0
0.2551840781647178,0.15578950425235438,0.0,0.26542370760843953,0.14180331997563478,0.0
0.7753583430350345,0.17346291667623492,0.0,0.7861099689878157,0.1567013464229445,0.0
0.7753583430350345,0.17346291667623492,0.0,0.7662569798647217,0.15589015438379997,0.0
0.7753583430350345,0.17346291667623492,0.0,0.7844324567857922,0.1909215934450424,0.0
0.7861099689878157,0.1567013464229445,0.0,0.7662569798647217,0.15589015438379997,0.0
0.8040739682388426,0.1922212148074821,0.0,0.8236791101517987,0.1939886763111289,0.0
0.8040739682388426,0.1922212148074821,0.0,0.7844324567857922,0.1909215934450424,0.0
0.48979833163911013,0.04407964022027158,0.0,0.49954755878267004,0.0615152833723361,0.0
0.48979833163911013,0.04407964022027158,0.0,0.4794837651567824,0.06120980649056359,0.0
0.9328412075644624,0.18946466265097547,0.0,0.921425379683128,0.2055086350647987,0.0
0.9328412075644624,0.18946466265097547,0.0,0.9410212191544387,0.2073769316668632,0.0
0.9328412075644624,0.18946466265097547,0.0,0.950906917223578,0.19540184726007861,0.0
0.2942574624549822,0.1915070910332105,0.0,0.313881240220007,0.1930527249326497,0.0
0.9410421504619573,0.007284959103512532,0.0,0.9295453625151296,0.023382325367384115,0.0
0.9410421504619573,0.007284959103512532,0.0,0.9214530685188143,0.00541773322330765,0.0
0.8902148153227807,0.019017066145983343,0.0,0.89808861418749,0.036773403323482716,0.0
0.8902148153227807,0.019017066145983343,0.0,0.9097737297425831,0.021263663382656166,0.0
0.8902148153227807,0.019017066145983343,0.0,0.8823652679199725,0.0008303576789746955,0.0
0.8902148153227807,0.019017066145983343,0.0,0.9018977647939694,0.0032222290772670904,0.0
0.89808861418749,0.036773403323482716,0.0,0.9179688196075995,0.039021912105495146,0.0
0.89808861418749,0.036773403323482716,0.0,0.9097737297425831,0.021263663382656166,0.0
0.560427173311275,0.024283578940309882,0.0,0.5689229754545462,0.006384157974008973,0.0
0.560427173311275,0.024283578940309882,0.0,0.549315612272053,0.008046701930870563,0.0
0.313881240220007,0.1930527249326497,0.0,0.3334679733597575,0.1950146597444102,0.0
0.5689229754545462,0.006384157974008973,0.0,0.549315612272053,0.008046701930870563,0.0
0.8236791101517987,0.1939886763111289,0.0,0.8432487611881002,0.1961150490981094,0.0
0.3334679733597575,0.1950146597444102,0.0,0.3530228816138251,0.1972732469543295,0.0
0.8813609469882417,0.1729157515336478,0.0,0.8772077105932884,0.18707642232465363,0.0
0.13298580547035427,0.16432577723300415,0.0,0.11376105283110786,0.16726364095177146,0.0
0.13298580547035427,0.16432577723300415,0.0,0.12540900254630502,0.1827741766800711,0.0
0.13298580547035427,0.16432577723300415,0.0,0.12108700932338101,0.1496920367169946,0.0
0.13298580547035427,0.16432577723300415,0.0,0.14496587686917897,0.18028366212291252,0.0
0.11376105283110786,0.16726364095177146,0.0,0.12540900254630502,0.1827741766800711,0.0
0.11376105283110786,0.16726364095177146,0.0,0.12108700932338101,0.1496920367169946,0.0
0.11376105283110786,0.16726364095177146,0.0,0.10578084207256078,0.18550207666142604,0.0
0.12540900254630502,0.1827741766800711,0.0,0.14496587686917897,0.18028366212291252,0.0
0.12540900254630502,0.1827741766800711,0.0,0.10578084207256078,0.18550207666142604,0.0
0.12540900254630502,0.1827741766800711,0.0,0.1176755593694548,0.2009191173322832,0.0
0.12540900254630502,0.1827741766800711,0.0,0.1372078753933555,0.1984719233079192,0.0
0.49954755878267004,0.0615152833723361,0.0,0.5091788932033924,0.07907440786942004,0.0
0.49954755878267004,0.0615152833723361,0.0,0.4891987700311787,0.0787018048612201,0.0
0.49954755878267004,0.0615152833723361,0.0,0.4794837651567824,0.06120980649056359,0.0
0.5091788932033924,0.07907440786942004,0.0,0.4988951119800289,0.09619680124450795,0.0
0.5091788932033924,0.07907440786942004,0.0,0.4891987700311787,0.0787018048612201,0.0
0.5091788932033924,0.07907440786942004,0.0,0.5189866829191399,0.09651207669765112,0.0
0.48855346800777344,0.11334962032262771,0.0,0.4988951119800289,0.09619680124450795,0.0
0.48855346800777344,0.11334962032262771,0.0,0.478873083528974,0.09584206586497158,0.0
0.48855346800777344,0.11334962032262771,0.0,0.5085891072784771,0.11369754379793248,0.0
0.48855346800777344,0.11334962032262771,0.0,0.498234674757308,0.13085819883656952,0.0
0.48855346800777344,0.11334962032262771,0.0,0.4782265397589596,0.13049482122217884,0.0
0.48855346800777344,0.11334962032262771,0.0,0.46854605380975883,0.11298653011336518,0.0
0.4988951119800289,0.09619680124450795,0.0,0.478873083528974,0.09584206586497158,0.0
0.4988951119800289,0.09619680124450795,0.0,0.4891987700311787,0.0787018048612201,0.0
0.4988951119800289,0.09619680124450795,0.0,0.5189866829191399,0.09651207669765112,0.0
0.4988951119800289,0.09619680124450795,0.0,0.5085891072784771,0.11369754379793248,0.0
0.478873083528974,0.09584206586497158,0.0,0.4891987700311787,0.0787018048612201,0.0
0.478873083528974,0.09584206586497158,0.0,0.4588674095197687,0.09548015536354618,0.0
0.478873083528974,0.09584206586497158,0.0,0.46854605380975883,0.11298653011336518,0.0
0.478873083528974,0.09584206586497158,0.0,0.46917769448404384,0.07833757833789937,0.0
0.4891987700311787,0.0787018048612201,0.0,0.46917769448404384,0.07833757833789937,0.0
0.4891987700311787,0.0787018048612201,0.0,0.4794837651567824,0.06120980649056359,0.0
0.6028814564571595,0.05598425001729531,0.0,0.622681478413812,0.054451209743241955,0.0
0.6028814564571595,0.05598425001729531,0.0,0.6148081676828678,0.07190866535635554,0.0
0.0002334111370453746,0.06993591443817249,0.0,0.0002667555851949112,0.049926243808597545,0.0
0.0002334111370453746,0.06993591443817249,0.0,0.0002000666888959734,0.08994543827265286,0.0
0.0001667222407464953,0.10995483921509012,0.0,0.0002000666888959734,0.08994543827265286,0.0
0.0001667222407464953,0.10995483921509012,0.0,0.0001333777925972035,0.12996411100455393,0.0
0.5189866829191399,0.09651207669765112,0.0,0.528708686846426,0.11399937204972213,0.0
0.5189866829191399,0.09651207669765112,0.0,0.5085891072784771,0.11369754379793248,0.0
0.0002667555851949112,0.049926243808597545,0.0,0.0003001000333443396,0.02991640589504348,0.0
0.0003001000333443396,0.02991640589504348,0.0,0.0003334431934067879,0.0099062788383223,0.0
0.0003001000333443396,0.02991640589504348,0.0,0.014572479594446276,0.023899612626728177,0.0
0.0001333777925972035,0.12996411100455393,0.0,0.0001000333444479161,0.14997327538606575,0.0
6.668889629864687e-05,0.16998232824408596,0.0,0.0001000333444479161,0.14997327538606575,0.0
6.668889629864687e-05,0.16998232824408596,0.0,3.334444814934153e-05,0.189991243224307,0.0
6.668889629864687e-05,0.16998232824408596,0.0,0.014343848466290257,0.17475066985551696,0.0
0.622681478413812,0.054451209743241955,0.0,0.6148081676828678,0.07190866535635554,0.0
0.622681478413812,0.054451209743241955,0.0,0.6425420849377571,0.05234776470599026,0.0
0.622681478413812,0.054451209743241955,0.0,0.6349853883421009,0.06919526141392113,0.0
0.528708686846426,0.11399937204972213,0.0,0.5487125494015418,0.11436576587528809,0.0
0.528708686846426,0.11399937204972213,0.0,0.5085891072784771,0.11369754379793248,0.0
0.528708686846426,0.11399937204972213,0.0,0.5182539528348609,0.1312155981472319,0.0
0.528708686846426,0.11399937204972213,0.0,0.5382304891178159,0.13159697786184268,0.0
0.6148081676828678,0.07190866535635554,0.0,0.6349853883421009,0.06919526141392113,0.0
0.6148081676828678,0.07190866535635554,0.0,0.6277844421859475,0.08555464325097277,0.0
0.6148081676828678,0.07190866535635554,0.0,0.60843751061839,0.0851242245519377,0.0
0.5487125494015418,0.11436576587528809,0.0,0.5687234141007982,0.11465059890264369,0.0
0.5487125494015418,0.11436576587528809,0.0,0.5582097253331659,0.1319770031366642,0.0
0.5487125494015418,0.11436576587528809,0.0,0.5382304891178159,0.13159697786184268,0.0
0.5085891072784771,0.11369754379793248,0.0,0.5182539528348609,0.1312155981472319,0.0
0.5085891072784771,0.11369754379793248,0.0,0.498234674757308,0.13085819883656952,0.0
0.6425420849377571,0.05234776470599026,0.0,0.6625795279106972,0.05084122448229906,0.0
0.6425420849377571,0.05234776470599026,0.0,0.6349853883421009,0.06919526141392113,0.0
0.5182539528348609,0.1312155981472319,0.0,0.498234674757308,0.13085819883656952,0.0
0.5182539528348609,0.1312155981472319,0.0,0.5079067467969958,0.1483720085662757,0.0
0.5182539528348609,0.1312155981472319,0.0,0.5279023424306993,0.14874269014554195,0.0
0.5182539528348609,0.1312155981472319,0.0,0.5382304891178159,0.13159697786184268,0.0
0.498234674757308,0.13085819883656952,0.0,0.5079067467969958,0.1483720085662757,0.0
0.498234674757308,0.13085819883656952,0.0,0.48790537048574,0.14800474980773526,0.0
0.498234674757308,0.13085819883656952,0.0,0.4782265397589596,0.13049482122217884,0.0
0.5687234141007982,0.11465059890264369,0.0,0.5582097253331659,0.1319770031366642,0.0
0.5687234141007982,0.11465059890264369,0.0,0.5886641874621781,0.11499278278309238,0.0
0.5687234141007982,0.11465059890264369,0.0,0.5782683938337891,0.13226523490234732,0.0
0.5582097253331659,0.1319770031366642,0.0,0.5782683938337891,0.13226523490234732,0.0
0.5582097253331659,0.1319770031366642,0.0,0.5678878561054937,0.14948777515366612,0.0
0.5582097253331659,0.1319770031366642,0.0,0.5382304891178159,0.13159697786184268,0.0
0.5582097253331659,0.1319770031366642,0.0,0.5478967510005013,0.149046519666349,0.0
0.5079067467969958,0.1483720085662757,0.0,0.48790537048574,0.14800474980773526,0.0
0.5079067467969958,0.1483720085662757,0.0,0.5279023424306993,0.14874269014554195,0.0
0.5079067467969958,0.1483720085662757,0.0,0.5175761512358922,0.16588726589663422,0.0
0.5079067467969958,0.1483720085662757,0.0,0.49757954309657865,0.16551724333130627,0.0
0.48790537048574,0.14800474980773526,0.0,0.4782265397589596,0.13049482122217884,0.0
0.48790537048574,0.14800474980773526,0.0,0.46790605281245606,0.14763654936894294,0.0
0.48790537048574,0.14800474980773526,0.0,0.477590902899114,0.1647281209400542,0.0
0.48790537048574,0.14800474980773526,0.0,0.49757954309657865,0.16551724333130627,0.0
0.5886641874621781,0.11499278278309238,0.0,0.598954954115416,0.09883798051863817,0.0
0.5886641874621781,0.11499278278309238,0.0,0.6085631849643695,0.11567070159526692,0.0
0.5886641874621781,0.11499278278309238,0.0,0.598233123597176,0.1326979192387507,0.0
0.5886641874621781,0.11499278278309238,0.0,0.5782683938337891,0.13226523490234732,0.0
0.5279023424306993,0.14874269014554195,0.0,0.5175761512358922,0.16588726589663422,0.0
0.5279023424306993,0.14874269014554195,0.0,0.5375806781982453,0.1658468494365145,0.0
0.5279023424306993,0.14874269014554195,0.0,0.5382304891178159,0.13159697786184268,0.0
0.5279023424306993,0.14874269014554195,0.0,0.5478967510005013,0.149046519666349,0.0
0.5175761512358922,0.16588726589663422,0.0,0.5375806781982453,0.1658468494365145,0.0
0.5175761512358922,0.16588726589663422,0.0,0.49757954309657865,0.16551724333130627,0.0
0.5175761512358922,0.16588726589663422,0.0,0.5074984752039652,0.17868214992949472,0.0
0.5175761512358922,0.16588726589663422,0.0,0.5274550136161033,0.17905041584328849,0.0
0.4782265397589596,0.13049482122217884,0.0,0.46790605281245606,0.14763654936894294,0.0
0.4782265397589596,0.13049482122217884,0.0,0.4582275900823451,0.13012650680338783,0.0
0.4782265397589596,0.13049482122217884,0.0,0.46854605380975883,0.11298653011336518,0.0
0.598954954115416,0.09883798051863817,0.0,0.6085631849643695,0.11567070159526692,0.0
0.598954954115416,0.09883798051863817,0.0,0.6188357094640671,0.09943232866935096,0.0
0.598954954115416,0.09883798051863817,0.0,0.60843751061839,0.0851242245519377,0.0
0.5375806781982453,0.1658468494365145,0.0,0.5478967510005013,0.149046519666349,0.0
0.5375806781982453,0.1658468494365145,0.0,0.5574400938634795,0.16495686067314158,0.0
0.5375806781982453,0.1658468494365145,0.0,0.5274550136161033,0.17905041584328849,0.0
0.5375806781982453,0.1658468494365145,0.0,0.547378616008385,0.1786405007093741,0.0
0.6085631849643695,0.11567070159526692,0.0,0.6188357094640671,0.09943232866935096,0.0
0.6085631849643695,0.11567070159526692,0.0,0.598233123597176,0.1326979192387507,0.0
0.6085631849643695,0.11567070159526692,0.0,0.6285242090019074,0.11612990920084629,0.0
0.6085631849643695,0.11567070159526692,0.0,0.6182140402383983,0.1330512789127352,0.0
0.46790605281245606,0.14763654936894294,0.0,0.477590902899114,0.1647281209400542,0.0
0.46790605281245606,0.14763654936894294,0.0,0.4582275900823451,0.13012650680338783,0.0
0.46790605281245606,0.14763654936894294,0.0,0.447908609600466,0.14726749269942746,0.0
0.46790605281245606,0.14763654936894294,0.0,0.457599726758739,0.16405857393512688,0.0
1.0,0.16998234615535343,0.0,0.9831730284977476,0.1791315463649705,0.0
1.0,0.16998234615535343,0.0,0.9826794651374586,0.1599778299079327,0.0
1.0,0.16998234615535343,0.0,1.0,0.1499733136606069,0.0
1.0,0.16998234615535343,0.0,1.0,0.18999127145424646,0.0
0.9831730284977476,0.1791315463649705,0.0,0.9826794651374586,0.1599778299079327,0.0
0.9831730284977476,0.1791315463649705,0.0,1.0,0.18999127145424646,0.0
0.9826794651374586,0.1599778299079327,0.0,1.0,0.1499733136606069,0.0
1.0,0.10995487759147213,0.0,1.0,0.12996415759251126,0.0
1.0,0.10995487759147213,0.0,0.9826795283080223,0.11995951759199737,0.0
1.0,0.10995487759147213,0.0,0.9826795683144082,0.09995018251472794,0.0
1.0,0.10995487759147213,0.0,1.0,0.08994548743804866,0.0
1.0,0.12996415759251126,0.0,0.9826795283080223,0.11995951759199737,0.0
1.0,0.12996415759251126,0.0,1.0,0.1499733136606069,0.0
0.9826795283080223,0.11995951759199737,0.0,0.9826795683144082,0.09995018251472794,0.0
0.9826795683144082,0.09995018251472794,0.0,0.9654308719624239,0.0898532658362105,0.0
0.9826795683144082,0.09995018251472794,0.0,1.0,0.08994548743804866,0.0
0.9826795683144082,0.09995018251472794,0.0,0.982780786354243,0.08007992404209466,0.0
0.6188357094640671,0.09943232866935096,0.0,0.6285242090019074,0.11612990920084629,0.0
0.6188357094640671,0.09943232866935096,0.0,0.6388215877119756,0.09981971254242901,0.0
0.6188357094640671,0.09943232866935096,0.0,0.6277844421859475,0.08555464325097277,0.0
0.6188357094640671,0.09943232866935096,0.0,0.60843751061839,0.0851242245519377,0.0
0.598233123597176,0.1326979192387507,0.0,0.5878919939415439,0.14978540263942228,0.0
0.598233123597176,0.1326979192387507,0.0,0.6182140402383983,0.1330512789127352,0.0
0.598233123597176,0.1326979192387507,0.0,0.6078960565333361,0.14981136183754315,0.0
0.598233123597176,0.1326979192387507,0.0,0.5782683938337891,0.13226523490234732,0.0
0.477590902899114,0.1647281209400542,0.0,0.457599726758739,0.16405857393512688,0.0
0.477590902899114,0.1647281209400542,0.0,0.49757954309657865,0.16551724333130627,0.0
0.477590902899114,0.1647281209400542,0.0,0.48734316385597604,0.17821259961576633,0.0
0.477590902899114,0.1647281209400542,0.0,0.46736082597709794,0.17707074376022097,0.0
0.4582275900823451,0.13012650680338783,0.0,0.447908609600466,0.14726749269942746,0.0
0.4582275900823451,0.13012650680338783,0.0,0.4382304799445658,0.1297573343182677,0.0
0.4582275900823451,0.13012650680338783,0.0,0.4485490650290121,0.11261647310638125,0.0
0.4582275900823451,0.13012650680338783,0.0,0.46854605380975883,0.11298653011336518,0.0
1.0,0.18999127145424646,0.0,1.0,0.21,0.0
0.447908609600466,0.14726749269942746,0.0,0.4382304799445658,0.1297573343182677,0.0
0.447908609600466,0.14726749269942746,0.0,0.42791178499790183,0.1468982573066766,0.0
0.447908609600466,0.14726749269942746,0.0,0.43759980245497965,0.16386418455809493,0.0
0.447908609600466,0.14726749269942746,0.0,0.457599726758739,0.16405857393512688,0.0
0.6285242090019074,0.11612990920084629,0.0,0.6388215877119756,0.09981971254242901,0.0
0.6285242090019074,0.11612990920084629,0.0,0.6485130943626906,0.11651815924138853,0.0
0.6285242090019074,0.11612990920084629,0.0,0.6381960790770799,0.13345971549010902,0.0
0.6285242090019074,0.11612990920084629,0.0,0.6182140402383983,0.1330512789127352,0.0
0.7794458857247636,0.06676312006744616,0.0,0.7605476203906515,0.06689841555836033,0.0
0.7794458857247636,0.06676312006744616,0.0,0.7898800793088907,0.049480095076952536,0.0
0.7794458857247636,0.06676312006744616,0.0,0.7691254684256901,0.08389143834192735,0.0
0.7794458857247636,0.06676312006744616,0.0,0.7994373844452075,0.06715574657706688,0.0
0.7794458857247636,0.06676312006744616,0.0,0.7890959402117027,0.08434205028521731,0.0
0.7605476203906515,0.06689841555836033,0.0,0.7491310401953377,0.08354606212985181,0.0
0.7605476203906515,0.06689841555836033,0.0,0.7691254684256901,0.08389143834192735,0.0
0.7187952203821156,0.10040966235487078,0.0,0.7388095369011634,0.10070003213825841,0.0
0.7187952203821156,0.10040966235487078,0.0,0.7283274417810698,0.11781956755808298,0.0
0.7187952203821156,0.10040966235487078,0.0,0.7084989649791082,0.1174466562385291,0.0
0.7187952203821156,0.10040966235487078,0.0,0.6988237798655083,0.10005149158094435,0.0
0.7187952203821156,0.10040966235487078,0.0,0.7291095277299107,0.08326706281051947,0.0
0.7187952203821156,0.10040966235487078,0.0,0.7089816006075539,0.08336337381124692,0.0
0.7388095369011634,0.10070003213825841,0.0,0.7283274417810698,0.11781956755808298,0.0
0.7388095369011634,0.10070003213825841,0.0,0.7491310401953377,0.08354606212985181,0.0
0.7388095369011634,0.10070003213825841,0.0,0.7291095277299107,0.08326706281051947,0.0
0.7388095369011634,0.10070003213825841,0.0,0.7587678198363297,0.10101414141639974,0.0
0.7283274417810698,0.11781956755808298,0.0,0.7084989649791082,0.1174466562385291,0.0
0.7283274417810698,0.11781956755808298,0.0,0.7180920368509622,0.13489173668599647,0.0
0.7898800793088907,0.049480095076952536,0.0,0.7994373844452075,0.06715574657706688,0.0
0.7898800793088907,0.049480095076952536,0.0,0.8097658828591877,0.04999043239220845,0.0
0.9654308719624239,0.0898532658362105,0.0,0.982780786354243,0.08007992404209466,0.0
0.7491310401953377,0.08354606212985181,0.0,0.7691254684256901,0.08389143834192735,0.0
0.7491310401953377,0.08354606212985181,0.0,0.7291095277299107,0.08326706281051947,0.0
0.7491310401953377,0.08354606212985181,0.0,0.7587678198363297,0.10101414141639974,0.0
0.7691254684256901,0.08389143834192735,0.0,0.7890959402117027,0.08434205028521731,0.0
0.7691254684256901,0.08389143834192735,0.0,0.7587678198363297,0.10101414141639974,0.0
0.7084989649791082,0.1174466562385291,0.0,0.6988237798655083,0.10005149158094435,0.0
0.7084989649791082,0.1174466562385291,0.0,0.688505354305738,0.1171948997523746,0.0
0.7084989649791082,0.1174466562385291,0.0,0.6981854189650215,0.13459613723201516,0.0
0.7084989649791082,0.1174466562385291,0.0,0.7180920368509622,0.13489173668599647,0.0
0.8090997360005886,0.0847165218990074,0.0,0.8194419125234356,0.06752646110862223,0.0
0.8090997360005886,0.0847165218990074,0.0,0.7994373844452075,0.06715574657706688,0.0
0.8090997360005886,0.0847165218990074,0.0,0.7890959402117027,0.08434205028521731,0.0
0.8090997360005886,0.0847165218990074,0.0,0.8291239262124828,0.08514112570710614,0.0
0.8194419125234356,0.06752646110862223,0.0,0.7994373844452075,0.06715574657706688,0.0
0.8194419125234356,0.06752646110862223,0.0,0.8097658828591877,0.04999043239220845,0.0
0.8194419125234356,0.06752646110862223,0.0,0.8297642427556411,0.05035565799056876,0.0
0.8194419125234356,0.06752646110862223,0.0,0.8394321526273051,0.06795867071819707,0.0
0.8194419125234356,0.06752646110862223,0.0,0.8291239262124828,0.08514112570710614,0.0
0.7994373844452075,0.06715574657706688,0.0,0.8097658828591877,0.04999043239220845,0.0
0.7994373844452075,0.06715574657706688,0.0,0.7890959402117027,0.08434205028521731,0.0
0.8097658828591877,0.04999043239220845,0.0,0.8297642427556411,0.05035565799056876,0.0
0.6388215877119756,0.09981971254242901,0.0,0.6485130943626906,0.11651815924138853,0.0
0.6388215877119756,0.09981971254242901,0.0,0.6588207749872051,0.09989063693388411,0.0
0.6388215877119756,0.09981971254242901,0.0,0.6277844421859475,0.08555464325097277,0.0
0.4382304799445658,0.1297573343182677,0.0,0.42791178499790183,0.1468982573066766,0.0
0.4382304799445658,0.1297573343182677,0.0,0.4485490650290121,0.11261647310638125,0.0
0.4382304799445658,0.1297573343182677,0.0,0.42855238497678344,0.11224713134020568,0.0
0.4382304799445658,0.1297573343182677,0.0,0.4182337364979436,0.129390315849238,0.0
0.6781890604779649,0.1342135470533369,0.0,0.6678798377846188,0.15085267312399378,0.0
0.6781890604779649,0.1342135470533369,0.0,0.6581935371211888,0.1338094588499629,0.0
0.6781890604779649,0.1342135470533369,0.0,0.6685088426757887,0.11684179475599776,0.0
0.6781890604779649,0.1342135470533369,0.0,0.688505354305738,0.1171948997523746,0.0
0.6781890604779649,0.1342135470533369,0.0,0.6981854189650215,0.13459613723201516,0.0
0.6678798377846188,0.15085267312399378,0.0,0.6581935371211888,0.1338094588499629,0.0
0.6678798377846188,0.15085267312399378,0.0,0.6478911025847722,0.15006174679794596,0.0
0.6678798377846188,0.15085267312399378,0.0,0.6587574994074086,0.16411661305073202,0.0
0.6581935371211888,0.1338094588499629,0.0,0.6485130943626906,0.11651815924138853,0.0
0.6581935371211888,0.1338094588499629,0.0,0.6685088426757887,0.11684179475599776,0.0
0.6581935371211888,0.1338094588499629,0.0,0.6478911025847722,0.15006174679794596,0.0
0.6581935371211888,0.1338094588499629,0.0,0.6381960790770799,0.13345971549010902,0.0
0.8297642427556411,0.05035565799056876,0.0,0.8394321526273051,0.06795867071819707,0.0
0.8297642427556411,0.05035565799056876,0.0,0.8493511390218916,0.050592341618433886,0.0
0.8394321526273051,0.06795867071819707,0.0,0.8291239262124828,0.08514112570710614,0.0
0.8394321526273051,0.06795867071819707,0.0,0.8493511390218916,0.050592341618433886,0.0
0.8394321526273051,0.06795867071819707,0.0,0.8491367267582086,0.08569611448352206,0.0
0.9083400024134457,0.12124537388883186,0.0,0.8983299194209747,0.13817152680949352,0.0
0.9083400024134457,0.12124537388883186,0.0,0.8891141581106039,0.12085057529732343,0.0
0.9083400024134457,0.12124537388883186,0.0,0.89879355933924,0.10375113617486763,0.0
0.9083400024134457,0.12124537388883186,0.0,0.918006158111011,0.1045636319144608,0.0
0.9083400024134457,0.12124537388883186,0.0,0.9275337210383883,0.12204403395299011,0.0
0.9083400024134457,0.12124537388883186,0.0,0.9179709805650513,0.13874794380086125,0.0
0.8983299194209747,0.13817152680949352,0.0,0.8891141581106039,0.12085057529732343,0.0
0.8983299194209747,0.13817152680949352,0.0,0.9179709805650513,0.13874794380086125,0.0
0.8983299194209747,0.13817152680949352,0.0,0.9080893589898672,0.15489200308031367,0.0
0.8891141581106039,0.12085057529732343,0.0,0.8788062244437795,0.10357408886989926,0.0
0.8891141581106039,0.12085057529732343,0.0,0.89879355933924,0.10375113617486763,0.0
0.8291239262124828,0.08514112570710614,0.0,0.8491367267582086,0.08569611448352206,0.0
0.8788062244437795,0.10357408886989926,0.0,0.89879355933924,0.10375113617486763,0.0
0.8788062244437795,0.10357408886989926,0.0,0.8891112108774389,0.08658811995243682,0.0
0.8788062244437795,0.10357408886989926,0.0,0.8691238955034764,0.08634384677063095,0.0
0.6988237798655083,0.10005149158094435,0.0,0.688505354305738,0.1171948997523746,0.0
0.6988237798655083,0.10005149158094435,0.0,0.6788176903798636,0.10020344504592008,0.0
0.6988237798655083,0.10005149158094435,0.0,0.7089816006075539,0.08336337381124692,0.0
0.89879355933924,0.10375113617486763,0.0,0.8891112108774389,0.08658811995243682,0.0
0.89879355933924,0.10375113617486763,0.0,0.9090989098806909,0.08721659865244609,0.0
0.89879355933924,0.10375113617486763,0.0,0.918006158111011,0.1045636319144608,0.0
0.9379597381477701,0.1391159805244444,0.0,0.9272486899695526,0.15587219973727745,0.0
0.9379597381477701,0.1391159805244444,0.0,0.9275337210383883,0.12204403395299011,0.0
0.9379597381477701,0.1391159805244444,0.0,0.9179709805650513,0.13874794380086125,0.0
0.8491367267582086,0.08569611448352206,0.0,0.8691238955034764,0.08634384677063095,0.0
0.6485130943626906,0.11651815924138853,0.0,0.6685088426757887,0.11684179475599776,0.0
0.6485130943626906,0.11651815924138853,0.0,0.6588207749872051,0.09989063693388411,0.0
0.6485130943626906,0.11651815924138853,0.0,0.6381960790770799,0.13345971549010902,0.0
0.6685088426757887,0.11684179475599776,0.0,0.688505354305738,0.1171948997523746,0.0
0.6685088426757887,0.11684179475599776,0.0,0.6788176903798636,0.10020344504592008,0.0
0.6685088426757887,0.11684179475599776,0.0,0.6588207749872051,0.09989063693388411,0.0
0.42791178499790183,0.1468982573066766,0.0,0.4182337364979436,0.129390315849238,0.0
0.42791178499790183,0.1468982573066766,0.0,0.43759980245497965,0.16386418455809493,0.0
0.42791178499790183,0.1468982573066766,0.0,0.40783631296675454,0.14635852760846102,0.0
0.8891112108774389,0.08658811995243682,0.0,0.9090989098806909,0.08721659865244609,0.0
0.8891112108774389,0.08658811995243682,0.0,0.8691238955034764,0.08634384677063095,0.0
0.688505354305738,0.1171948997523746,0.0,0.6981854189650215,0.13459613723201516,0.0
0.688505354305738,0.1171948997523746,0.0,0.6788176903798636,0.10020344504592008,0.0
0.3388878961355385,0.09327328386737281,0.0,0.3188914498038431,0.09289379798235084,0.0
0.3388878961355385,0.09327328386737281,0.0,0.3289929321823833,0.07603715473755286,0.0
0.3388878961355385,0.09327328386737281,0.0,0.348565686871646,0.11078996662525,0.0
0.3388878961355385,0.09327328386737281,0.0,0.3285693427773836,0.11040653286228688,0.0
0.3388878961355385,0.09327328386737281,0.0,0.3490048690780554,0.07721733313135296,0.0
0.3388878961355385,0.09327328386737281,0.0,0.358883646431507,0.09368941213408208,0.0
0.3188914498038431,0.09289379798235084,0.0,0.3289929321823833,0.07603715473755286,0.0
0.3188914498038431,0.09289379798235084,0.0,0.3285693427773836,0.11040653286228688,0.0
0.3188914498038431,0.09289379798235084,0.0,0.3085728059705063,0.11003312057764002,0.0
0.3188914498038431,0.09289379798235084,0.0,0.29889484594941285,0.09252199743364767,0.0
0.3188914498038431,0.09289379798235084,0.0,0.30921354496567194,0.07538096949533757,0.0
0.3289929321823833,0.07603715473755286,0.0,0.3490048690780554,0.07721733313135296,0.0
0.3289929321823833,0.07603715473755286,0.0,0.30921354496567194,0.07538096949533757,0.0
0.3289929321823833,0.07603715473755286,0.0,0.31931250788829113,0.058389009642261055,0.0
0.4485490650290121,0.11261647310638125,0.0,0.42855238497678344,0.11224713134020568,0.0
0.4485490650290121,0.11261647310638125,0.0,0.4388705373256782,0.09513307356406307,0.0
0.4485490650290121,0.11261647310638125,0.0,0.4588674095197687,0.09548015536354618,0.0
0.4485490650290121,0.11261647310638125,0.0,0.46854605380975883,0.11298653011336518,0.0
0.348565686871646,0.11078996662525,0.0,0.3285693427773836,0.11040653286228688,0.0
0.348565686871646,0.11078996662525,0.0,0.33833366844456936,0.1273791763175186,0.0
0.348565686871646,0.11078996662525,0.0,0.35831663819000015,0.12816354529436794,0.0
0.348565686871646,0.11078996662525,0.0,0.36856157826897507,0.1111973768234145,0.0
0.348565686871646,0.11078996662525,0.0,0.358883646431507,0.09368941213408208,0.0
0.3285693427773836,0.11040653286228688,0.0,0.33833366844456936,0.1273791763175186,0.0
0.3285693427773836,0.11040653286228688,0.0,0.3182562906393403,0.12724495271411876,0.0
0.3285693427773836,0.11040653286228688,0.0,0.3085728059705063,0.11003312057764002,0.0
0.33833366844456936,0.1273791763175186,0.0,0.3182562906393403,0.12724495271411876,0.0
0.33833366844456936,0.1273791763175186,0.0,0.35831663819000015,0.12816354529436794,0.0
0.33833366844456936,0.1273791763175186,0.0,0.34757145675928863,0.14449261413722042,0.0
0.33833366844456936,0.1273791763175186,0.0,0.32750521170497643,0.1433915634543535,0.0
0.9272486899695526,0.15587219973727745,0.0,0.9179709805650513,0.13874794380086125,0.0
0.9272486899695526,0.15587219973727745,0.0,0.9080893589898672,0.15489200308031367,0.0
0.42855238497678344,0.11224713134020568,0.0,0.4182337364979436,0.129390315849238,0.0
0.42855238497678344,0.11224713134020568,0.0,0.4388705373256782,0.09513307356406307,0.0
0.42855238497678344,0.11224713134020568,0.0,0.4085557173003563,0.11188307824041485,0.0
0.42855238497678344,0.11224713134020568,0.0,0.41887390892796855,0.09476821885950137,0.0
0.4182337364979436,0.129390315849238,0.0,0.4085557173003563,0.11188307824041485,0.0
0.4182337364979436,0.129390315849238,0.0,0.3982369999993468,0.12902709038049454,0.0
0.4182337364979436,0.129390315849238,0.0,0.40783631296675454,0.14635852760846102,0.0
0.3490048690780554,0.07721733313135296,0.0,0.358883646431507,0.09368941213408208,0.0
0.3490048690780554,0.07721733313135296,0.0,0.3594163947116855,0.06488541609000398,0.0
0.3182562906393403,0.12724495271411876,0.0,0.3085728059705063,0.11003312057764002,0.0
0.3182562906393403,0.12724495271411876,0.0,0.32750521170497643,0.1433915634543535,0.0
0.6981854189650215,0.13459613723201516,0.0,0.7180920368509622,0.13489173668599647,0.0
0.9090989098806909,0.08721659865244609,0.0,0.918006158111011,0.1045636319144608,0.0
0.918006158111011,0.1045636319144608,0.0,0.9275337210383883,0.12204403395299011,0.0
0.3085728059705063,0.11003312057764002,0.0,0.29889484594941285,0.09252199743364767,0.0
0.3085728059705063,0.11003312057764002,0.0,0.28857620931280015,0.10966255405905892,0.0
0.6788176903798636,0.10020344504592008,0.0,0.6588207749872051,0.09989063693388411,0.0
0.7291095277299107,0.08326706281051947,0.0,0.7089816006075539,0.08336337381124692,0.0
0.2692201543583163,0.07464119830877419,0.0,0.2892107513276959,0.07501527143939546,0.0
0.2692201543583163,0.07464119830877419,0.0,0.2795274333241224,0.05761846337827873,0.0
0.2692201543583163,0.07464119830877419,0.0,0.25890153988833076,0.09178193408761604,0.0
0.2692201543583163,0.07464119830877419,0.0,0.2492234405155293,0.07427131305930616,0.0
0.2692201543583163,0.07464119830877419,0.0,0.2788981998643307,0.09215183968030517,0.0
0.2692201543583163,0.07464119830877419,0.0,0.25954090815521347,0.0571930100676896,0.0
0.2892107513276959,0.07501527143939546,0.0,0.2795274333241224,0.05761846337827873,0.0
0.2892107513276959,0.07501527143939546,0.0,0.29889484594941285,0.09252199743364767,0.0
0.2892107513276959,0.07501527143939546,0.0,0.30921354496567194,0.07538096949533757,0.0
0.2892107513276959,0.07501527143939546,0.0,0.2994989416417392,0.057895067813387366,0.0
0.2892107513276959,0.07501527143939546,0.0,0.2788981998643307,0.09215183968030517,0.0
0.2795274333241224,0.05761846337827873,0.0,0.2994989416417392,0.057895067813387366,0.0
0.2795274333241224,0.05761846337827873,0.0,0.25954090815521347,0.0571930100676896,0.0
0.2795274333241224,0.05761846337827873,0.0,0.28983309828560133,0.040975960134947746,0.0
0.2795274333241224,0.05761846337827873,0.0,0.26985341976591,0.04018519643771634,0.0
0.9275337210383883,0.12204403395299011,0.0,0.9179709805650513,0.13874794380086125,0.0
0.9179709805650513,0.13874794380086125,0.0,0.9080893589898672,0.15489200308031367,0.0
0.29889484594941285,0.09252199743364767,0.0,0.30921354496567194,0.07538096949533757,0.0
0.29889484594941285,0.09252199743364767,0.0,0.28857620931280015,0.10966255405905892,0.0
0.29889484594941285,0.09252199743364767,0.0,0.2788981998643307,0.09215183968030517,0.0
0.30921354496567194,0.07538096949533757,0.0,0.2994989416417392,0.057895067813387366,0.0
0.30921354496567194,0.07538096949533757,0.0,0.31931250788829113,0.058389009642261055,0.0
0.25890153988833076,0.09178193408761604,0.0,0.2492234405155293,0.07427131305930616,0.0
0.25890153988833076,0.09178193408761604,0.0,0.2685795958518133,0.10929261085101355,0.0
0.25890153988833076,0.09178193408761604,0.0,0.23890487487618325,0.09141194139968867,0.0
0.25890153988833076,0.09178193408761604,0.0,0.2788981998643307,0.09215183968030517,0.0
0.25890153988833076,0.09178193408761604,0.0,0.24858297609074168,0.10892267926096218,0.0
0.2492234405155293,0.07427131305930616,0.0,0.23890487487618325,0.09141194139968867,0.0
0.2492234405155293,0.07427131305930616,0.0,0.22922672406974737,0.07390125733286126,0.0
0.2492234405155293,0.07427131305930616,0.0,0.23954528837380498,0.05676077624510914,0.0
0.2492234405155293,0.07427131305930616,0.0,0.25954090815521347,0.0571930100676896,0.0
0.28857620931280015,0.10966255405905892,0.0,0.2685795958518133,0.10929261085101355,0.0
0.28857620931280015,0.10966255405905892,0.0,0.2773762835463962,0.12613568769060915,0.0
0.28857620931280015,0.10966255405905892,0.0,0.2788981998643307,0.09215183968030517,0.0
0.2685795958518133,0.10929261085101355,0.0,0.2773762835463962,0.12613568769060915,0.0
0.2685795958518133,0.10929261085101355,0.0,0.2788981998643307,0.09215183968030517,0.0
0.2685795958518133,0.10929261085101355,0.0,0.24858297609074168,0.10892267926096218,0.0
0.2685795958518133,0.10929261085101355,0.0,0.2570738405216211,0.12559566663628477,0.0
0.2773762835463962,0.12613568769060915,0.0,0.2570738405216211,0.12559566663628477,0.0
0.2773762835463962,0.12613568769060915,0.0,0.26542370760843953,0.14180331997563478,0.0
0.43759980245497965,0.16386418455809493,0.0,0.457599726758739,0.16405857393512688,0.0
0.43759980245497965,0.16386418455809493,0.0,0.4473724090995637,0.1762580935161479,0.0
0.2994989416417392,0.057895067813387366,0.0,0.31931250788829113,0.058389009642261055,0.0
0.2994989416417392,0.057895067813387366,0.0,0.30980198503536344,0.04127875142770711,0.0
0.2994989416417392,0.057895067813387366,0.0,0.28983309828560133,0.040975960134947746,0.0
0.17891573331743565,0.09025525319124894,0.0,0.18923344853479254,0.07315298889597212,0.0
0.17891573331743565,0.09025525319124894,0.0,0.16923702836893303,0.07276799616517479,0.0
0.17891573331743565,0.09025525319124894,0.0,0.15891939326196258,0.08986814156684846,0.0
0.17891573331743565,0.09025525319124894,0.0,0.1686025387326419,0.10711371788751045,0.0
0.17891573331743565,0.09025525319124894,0.0,0.1989115454822255,0.0906714527598313,0.0
0.17891573331743565,0.09025525319124894,0.0,0.18859817502699888,0.10753761452874032,0.0
0.18923344853479254,0.07315298889597212,0.0,0.16923702836893303,0.07276799616517479,0.0
0.18923344853479254,0.07315298889597212,0.0,0.1995507958357955,0.05607241637336572,0.0
0.18923344853479254,0.07315298889597212,0.0,0.20922987402978108,0.07353843535595493,0.0
0.18923344853479254,0.07315298889597212,0.0,0.17955663325896498,0.0558449272841231,0.0
0.18923344853479254,0.07315298889597212,0.0,0.1989115454822255,0.0906714527598313,0.0
0.16923702836893303,0.07276799616517479,0.0,0.14924021401881946,0.07240549551051437,0.0
0.16923702836893303,0.07276799616517479,0.0,0.15891939326196258,0.08986814156684846,0.0
0.16923702836893303,0.07276799616517479,0.0,0.17955663325896498,0.0558449272841231,0.0
0.16923702836893303,0.07276799616517479,0.0,0.15955835833329082,0.05527625650937001,0.0
0.13892200715248282,0.08953848505448257,0.0,0.14924021401881946,0.07240549551051437,0.0
0.13892200715248282,0.08953848505448257,0.0,0.12924345463126635,0.07204163344184254,0.0
0.13892200715248282,0.08953848505448257,0.0,0.15891939326196258,0.08986814156684846,0.0
0.13892200715248282,0.08953848505448257,0.0,0.14860107060770952,0.10700571866862782,0.0
0.13892200715248282,0.08953848505448257,0.0,0.12860352891080076,0.10668562230252668,0.0
0.13892200715248282,0.08953848505448257,0.0,0.11892511900815463,0.08918304395448949,0.0
0.14924021401881946,0.07240549551051437,0.0,0.12924345463126635,0.07204163344184254,0.0
0.14924021401881946,0.07240549551051437,0.0,0.15891939326196258,0.08986814156684846,0.0
0.14924021401881946,0.07240549551051437,0.0,0.1395616948800938,0.05490493457168077,0.0
0.14924021401881946,0.07240549551051437,0.0,0.15955835833329082,0.05527625650937001,0.0
0.12924345463126635,0.07204163344184254,0.0,0.10924675243070693,0.07167669779752471,0.0
0.12924345463126635,0.07204163344184254,0.0,0.1194095098554632,0.05426868710281295,0.0
0.12924345463126635,0.07204163344184254,0.0,0.1395616948800938,0.05490493457168077,0.0
0.12924345463126635,0.07204163344184254,0.0,0.11892511900815463,0.08918304395448949,0.0
0.10924675243070693,0.07167669779752471,0.0,0.1194095098554632,0.05426868710281295,0.0
0.10924675243070693,0.07167669779752471,0.0,0.09893867989394578,0.054667192550436776,0.0
0.10924675243070693,0.07167669779752471,0.0,0.0891455238962172,0.07148143540446292,0.0
0.10924675243070693,0.07167669779752471,0.0,0.09892845955395832,0.08881671996164146,0.0
0.10924675243070693,0.07167669779752471,0.0,0.11892511900815463,0.08918304395448949,0.0
0.1194095098554632,0.05426868710281295,0.0,0.09893867989394578,0.054667192550436776,0.0
0.1194095098554632,0.05426868710281295,0.0,0.1395616948800938,0.05490493457168077,0.0
0.09893867989394578,0.054667192550436776,0.0,0.0891455238962172,0.07148143540446292,0.0
0.09893867989394578,0.054667192550436776,0.0,0.07957369048921716,0.05434427667454191,0.0
0.22858635410824565,0.10855259790635652,0.0,0.2085897304609542,0.10818234106696215,0.0
0.22858635410824565,0.10855259790635652,0.0,0.23890487487618325,0.09141194139968867,0.0
0.22858635410824565,0.10855259790635652,0.0,0.21890820865896898,0.09104178301538408,0.0
0.22858635410824565,0.10855259790635652,0.0,0.2373216925326387,0.12549725294912129,0.0
0.22858635410824565,0.10855259790635652,0.0,0.24858297609074168,0.10892267926096218,0.0
0.2085897304609542,0.10818234106696215,0.0,0.21890820865896898,0.09104178301538408,0.0
0.2085897304609542,0.10818234106696215,0.0,0.1989115454822255,0.0906714527598313,0.0
0.2085897304609542,0.10818234106696215,0.0,0.18859817502699888,0.10753761452874032,0.0
0.0891455238962172,0.07148143540446292,0.0,0.09892845955395832,0.08881671996164146,0.0
0.0891455238962172,0.07148143540446292,0.0,0.07893189037479177,0.0884472373888836,0.0
0.0891455238962172,0.07148143540446292,0.0,0.0692536737270357,0.07093653776111618,0.0
0.0891455238962172,0.07148143540446292,0.0,0.07957369048921716,0.05434427667454191,0.0
0.2195485186345203,0.05639062744042439,0.0,0.1995507958357955,0.05607241637336572,0.0
0.2195485186345203,0.05639062744042439,0.0,0.20922987402978108,0.07353843535595493,0.0
0.2195485186345203,0.05639062744042439,0.0,0.22922672406974737,0.07390125733286126,0.0
0.2195485186345203,0.05639062744042439,0.0,0.22986707961599834,0.03925029385805589,0.0
0.2195485186345203,0.05639062744042439,0.0,0.20986433843215516,0.03920040161299322,0.0
0.2195485186345203,0.05639062744042439,0.0,0.23954528837380498,0.05676077624510914,0.0
0.1995507958357955,0.05607241637336572,0.0,0.20922987402978108,0.07353843535595493,0.0
0.1995507958357955,0.05607241637336572,0.0,0.17955663325896498,0.0558449272841231,0.0
0.1995507958357955,0.05607241637336572,0.0,0.20986433843215516,0.03920040161299322,0.0
0.1995507958357955,0.05607241637336572,0.0,0.18985934476509417,0.03950873393461674,0.0
0.20922987402978108,0.07353843535595493,0.0,0.21890820865896898,0.09104178301538408,0.0
0.20922987402978108,0.07353843535595493,0.0,0.22922672406974737,0.07390125733286126,0.0
0.20922987402978108,0.07353843535595493,0.0,0.1989115454822255,0.0906714527598313,0.0
0.35831663819000015,0.12816354529436794,0.0,0.36856157826897507,0.1111973768234145,0.0
0.35831663819000015,0.12816354529436794,0.0,0.37824056465510475,0.12864972010200065,0.0
0.35831663819000015,0.12816354529436794,0.0,0.34757145675928863,0.14449261413722042,0.0
0.23890487487618325,0.09141194139968867,0.0,0.21890820865896898,0.09104178301538408,0.0
0.23890487487618325,0.09141194139968867,0.0,0.22922672406974737,0.07390125733286126,0.0
0.23890487487618325,0.09141194139968867,0.0,0.24858297609074168,0.10892267926096218,0.0
0.21890820865896898,0.09104178301538408,0.0,0.22922672406974737,0.07390125733286126,0.0
0.21890820865896898,0.09104178301538408,0.0,0.1989115454822255,0.0906714527598313,0.0
0.22922672406974737,0.07390125733286126,0.0,0.23954528837380498,0.05676077624510914,0.0
0.2373216925326387,0.12549725294912129,0.0,0.24858297609074168,0.10892267926096218,0.0
0.2373216925326387,0.12549725294912129,0.0,0.2570738405216211,0.12559566663628477,0.0
0.2373216925326387,0.12549725294912129,0.0,0.24533227087062992,0.14171954228120545,0.0
0.15891939326196258,0.08986814156684846,0.0,0.14860107060770952,0.10700571866862782,0.0
0.15891939326196258,0.08986814156684846,0.0,0.1686025387326419,0.10711371788751045,0.0
0.14860107060770952,0.10700571866862782,0.0,0.1686025387326419,0.10711371788751045,0.0
0.14860107060770952,0.10700571866862782,0.0,0.12860352891080076,0.10668562230252668,0.0
0.1395616948800938,0.05490493457168077,0.0,0.15955835833329082,0.05527625650937001,0.0
0.1395616948800938,0.05490493457168077,0.0,0.1499834787808262,0.03902680779706625,0.0
0.07829172202596381,0.1230987438297189,0.0,0.0984532900255434,0.12226434557827756,0.0
0.07829172202596381,0.1230987438297189,0.0,0.08861011196095563,0.10595778133843493,0.0
0.07829172202596381,0.1230987438297189,0.0,0.06861354454294481,0.10558781801775823,0.0
0.07829172202596381,0.1230987438297189,0.0,0.06797329225677229,0.14023915200307632,0.0
0.07829172202596381,0.1230987438297189,0.0,0.058295148517549224,0.1227283671936745,0.0
0.0984532900255434,0.12226434557827756,0.0,0.08861011196095563,0.10595778133843493,0.0
0.0984532900255434,0.12226434557827756,0.0,0.10860673364065056,0.10632589060980123,0.0
0.0984532900255434,0.12226434557827756,0.0,0.11829376584084295,0.12335969791699582,0.0
0.0984532900255434,0.12226434557827756,0.0,0.10899159673922941,0.13672447833888032,0.0
0.0479767032339019,0.13986869178152803,0.0,0.0576605319312303,0.1570700222750016,0.0
0.0479767032339019,0.13986869178152803,0.0,0.06797329225677229,0.14023915200307632,0.0
0.0479767032339019,0.13986869178152803,0.0,0.058295148517549224,0.1227283671936745,0.0
0.0576605319312303,0.1570700222750016,0.0,0.06797329225677229,0.14023915200307632,0.0
0.6478911025847722,0.15006174679794596,0.0,0.6278865165639548,0.15012027706945738,0.0
0.6478911025847722,0.15006174679794596,0.0,0.6381960790770799,0.13345971549010902,0.0
0.6478911025847722,0.15006174679794596,0.0,0.6587574994074086,0.16411661305073202,0.0
0.6278865165639548,0.15012027706945738,0.0,0.6381960790770799,0.13345971549010902,0.0
0.6278865165639548,0.15012027706945738,0.0,0.6182140402383983,0.1330512789127352,0.0
0.6278865165639548,0.15012027706945738,0.0,0.6078960565333361,0.14981136183754315,0.0
0.058935366732857195,0.08807699720896776,0.0,0.049686014089341535,0.07053159625635519,0.0
0.058935366732857195,0.08807699720896776,0.0,0.07893189037479177,0.0884472373888836,0.0
0.058935366732857195,0.08807699720896776,0.0,0.06861354454294481,0.10558781801775823,0.0
0.058935366732857195,0.08807699720896776,0.0,0.048617004081428355,0.10521756782937138,0.0
0.058935366732857195,0.08807699720896776,0.0,0.0692536737270357,0.07093653776111618,0.0
0.049686014089341535,0.07053159625635519,0.0,0.0692536737270357,0.07093653776111618,0.0
0.049686014089341535,0.07053159625635519,0.0,0.05963169797309385,0.054245061091337185,0.0
0.3988731441033215,0.09462660378855704,0.0,0.38855842260590867,0.11155267994472674,0.0
0.3988731441033215,0.09462660378855704,0.0,0.3788757467600371,0.09430181868922374,0.0
0.3988731441033215,0.09462660378855704,0.0,0.4085557173003563,0.11188307824041485,0.0
0.3988731441033215,0.09462660378855704,0.0,0.41887390892796855,0.09476821885950137,0.0
0.38855842260590867,0.11155267994472674,0.0,0.3788757467600371,0.09430181868922374,0.0
0.38855842260590867,0.11155267994472674,0.0,0.36856157826897507,0.1111973768234145,0.0
0.38855842260590867,0.11155267994472674,0.0,0.37824056465510475,0.12864972010200065,0.0
0.38855842260590867,0.11155267994472674,0.0,0.4085557173003563,0.11188307824041485,0.0
0.38855842260590867,0.11155267994472674,0.0,0.3982369999993468,0.12902709038049454,0.0
0.3788757467600371,0.09430181868922374,0.0,0.36856157826897507,0.1111973768234145,0.0
0.3788757467600371,0.09430181868922374,0.0,0.358883646431507,0.09368941213408208,0.0
0.36856157826897507,0.1111973768234145,0.0,0.37824056465510475,0.12864972010200065,0.0
0.36856157826897507,0.1111973768234145,0.0,0.358883646431507,0.09368941213408208,0.0
0.37824056465510475,0.12864972010200065,0.0,0.3982369999993468,0.12902709038049454,0.0
0.37824056465510475,0.12864972010200065,0.0,0.3879243611175216,0.14615806018496144,0.0
0.1686025387326419,0.10711371788751045,0.0,0.18859817502699888,0.10753761452874032,0.0
0.09892845955395832,0.08881671996164146,0.0,0.08861011196095563,0.10595778133843493,0.0
0.09892845955395832,0.08881671996164146,0.0,0.07893189037479177,0.0884472373888836,0.0
0.09892845955395832,0.08881671996164146,0.0,0.11892511900815463,0.08918304395448949,0.0
0.09892845955395832,0.08881671996164146,0.0,0.10860673364065056,0.10632589060980123,0.0
0.08861011196095563,0.10595778133843493,0.0,0.07893189037479177,0.0884472373888836,0.0
0.08861011196095563,0.10595778133843493,0.0,0.06861354454294481,0.10558781801775823,0.0
0.08861011196095563,0.10595778133843493,0.0,0.10860673364065056,0.10632589060980123,0.0
0.07893189037479177,0.0884472373888836,0.0,0.06861354454294481,0.10558781801775823,0.0
0.07893189037479177,0.0884472373888836,0.0,0.0692536737270357,0.07093653776111618,0.0
0.06861354454294481,0.10558781801775823,0.0,0.048617004081428355,0.10521756782937138,0.0
0.06861354454294481,0.10558781801775823,0.0,0.058295148517549224,0.1227283671936745,0.0
0.17955663325896498,0.0558449272841231,0.0,0.15955835833329082,0.05527625650937001,0.0
0.17955663325896498,0.0558449272841231,0.0,0.16988673216877417,0.03929024988265896,0.0
0.17955663325896498,0.0558449272841231,0.0,0.18985934476509417,0.03950873393461674,0.0
0.048617004081428355,0.10521756782937138,0.0,0.058295148517549224,0.1227283671936745,0.0
0.22986707961599834,0.03925029385805589,0.0,0.20986433843215516,0.03920040161299322,0.0
0.22986707961599834,0.03925029385805589,0.0,0.23954528837380498,0.05676077624510914,0.0
0.22986707961599834,0.03925029385805589,0.0,0.24985700167819197,0.039994024776539766,0.0
0.20986433843215516,0.03920040161299322,0.0,0.18985934476509417,0.03950873393461674,0.0
0.20986433843215516,0.03920040161299322,0.0,0.19992542846229022,0.024329557866854104,0.0
0.23954528837380498,0.05676077624510914,0.0,0.25954090815521347,0.0571930100676896,0.0
0.23954528837380498,0.05676077624510914,0.0,0.24985700167819197,0.039994024776539766,0.0
0.31931250788829113,0.058389009642261055,0.0,0.30980198503536344,0.04127875142770711,0.0
0.30980198503536344,0.04127875142770711,0.0,0.28983309828560133,0.040975960134947746,0.0
0.4388705373256782,0.09513307356406307,0.0,0.4588674095197687,0.09548015536354618,0.0
0.4388705373256782,0.09513307356406307,0.0,0.41887390892796855,0.09476821885950137,0.0
0.4588674095197687,0.09548015536354618,0.0,0.46854605380975883,0.11298653011336518,0.0
0.4588674095197687,0.09548015536354618,0.0,0.46917769448404384,0.07833757833789937,0.0
0.12860352891080076,0.10668562230252668,0.0,0.11892511900815463,0.08918304395448949,0.0
0.12860352891080076,0.10668562230252668,0.0,0.10860673364065056,0.10632589060980123,0.0
0.12860352891080076,0.10668562230252668,0.0,0.11829376584084295,0.12335969791699582,0.0
0.11892511900815463,0.08918304395448949,0.0,0.10860673364065056,0.10632589060980123,0.0
0.0692536737270357,0.07093653776111618,0.0,0.05963169797309385,0.054245061091337185,0.0
0.0692536737270357,0.07093653776111618,0.0,0.07957369048921716,0.05434427667454191,0.0
0.06797329225677229,0.14023915200307632,0.0,0.058295148517549224,0.1227283671936745,0.0
0.05963169797309385,0.054245061091337185,0.0,0.07957369048921716,0.05434427667454191,0.0
0.6381960790770799,0.13345971549010902,0.0,0.6182140402383983,0.1330512789127352,0.0
0.25954090815521347,0.0571930100676896,0.0,0.24985700167819197,0.039994024776539766,0.0
0.25954090815521347,0.0571930100676896,0.0,0.26985341976591,0.04018519643771634,0.0
0.4085557173003563,0.11188307824041485,0.0,0.41887390892796855,0.09476821885950137,0.0
0.4085557173003563,0.11188307824041485,0.0,0.3982369999993468,0.12902709038049454,0.0
0.1989115454822255,0.0906714527598313,0.0,0.18859817502699888,0.10753761452874032,0.0
0.10860673364065056,0.10632589060980123,0.0,0.11829376584084295,0.12335969791699582,0.0
0.11829376584084295,0.12335969791699582,0.0,0.10899159673922941,0.13672447833888032,0.0
0.11829376584084295,0.12335969791699582,0.0,0.12743455152516148,0.13526341498403166,0.0
0.15955835833329082,0.05527625650937001,0.0,0.1499834787808262,0.03902680779706625,0.0
0.15955835833329082,0.05527625650937001,0.0,0.16988673216877417,0.03929024988265896,0.0
0.1499834787808262,0.03902680779706625,0.0,0.16988673216877417,0.03929024988265896,0.0
0.1499834787808262,0.03902680779706625,0.0,0.1410235199316538,0.026033333407324537,0.0
0.1499834787808262,0.03902680779706625,0.0,0.15970083005925653,0.025701642671535414,0.0
0.16988673216877417,0.03929024988265896,0.0,0.18985934476509417,0.03950873393461674,0.0
0.16988673216877417,0.03929024988265896,0.0,0.17945527998418487,0.024797527466457796,0.0
0.16988673216877417,0.03929024988265896,0.0,0.15970083005925653,0.025701642671535414,0.0
0.24858297609074168,0.10892267926096218,0.0,0.2570738405216211,0.12559566663628477,0.0
0.24985700167819197,0.039994024776539766,0.0,0.26985341976591,0.04018519643771634,0.0
0.3982369999993468,0.12902709038049454,0.0,0.3879243611175216,0.14615806018496144,0.0
0.3982369999993468,0.12902709038049454,0.0,0.40783631296675454,0.14635852760846102,0.0
0.2570738405216211,0.12559566663628477,0.0,0.24533227087062992,0.14171954228120545,0.0
0.2570738405216211,0.12559566663628477,0.0,0.26542370760843953,0.14180331997563478,0.0
0.18985934476509417,0.03950873393461674,0.0,0.19992542846229022,0.024329557866854104,0.0
0.18985934476509417,0.03950873393461674,0.0,0.17945527998418487,0.024797527466457796,0.0
0.3879243611175216,0.14615806018496144,0.0,0.40783631296675454,0.14635852760846102,0.0
0.28983309828560133,0.040975960134947746,0.0,0.26985341976591,0.04018519643771634,0.0
0.5878919939415439,0.14978540263942228,0.0,0.6078960565333361,0.14981136183754315,0.0
0.5878919939415439,0.14978540263942228,0.0,0.5782683938337891,0.13226523490234732,0.0
0.5878919939415439,0.14978540263942228,0.0,0.5678878561054937,0.14948777515366612,0.0
0.6182140402383983,0.1330512789127352,0.0,0.6078960565333361,0.14981136183754315,0.0
0.457599726758739,0.16405857393512688,0.0,0.4473724090995637,0.1762580935161479,0.0
0.457599726758739,0.16405857393512688,0.0,0.46736082597709794,0.17707074376022097,0.0
1.0,0.08994548743804866,0.0,1.0,0.06993596661640465,0.0
1.0,0.08994548743804866,0.0,0.982780786354243,0.08007992404209466,0.0
1.0,0.04992630793828006,0.0,1.0,0.06993596661640465,0.0
1.0,0.04992630793828006,0.0,0.9832149743380963,0.06085874510919127,0.0
1.0,0.04992630793828006,0.0,1.0,0.029916486115009047,0.0
1.0,0.06993596661640465,0.0,0.9832149743380963,0.06085874510919127,0.0
1.0,0.06993596661640465,0.0,0.982780786354243,0.08007992404209466,0.0
0.9832149743380963,0.06085874510919127,0.0,0.982780786354243,0.08007992404209466,0.0
0.5782683938337891,0.13226523490234732,0.0,0.5678878561054937,0.14948777515366612,0.0
0.5678878561054937,0.14948777515366612,0.0,0.5478967510005013,0.149046519666349,0.0
0.5678878561054937,0.14948777515366612,0.0,0.5574400938634795,0.16495686067314158,0.0
0.49757954309657865,0.16551724333130627,0.0,0.48734316385597604,0.17821259961576633,0.0
0.49757954309657865,0.16551724333130627,0.0,0.5074984752039652,0.17868214992949472,0.0
0.5382304891178159,0.13159697786184268,0.0,0.5478967510005013,0.149046519666349,0.0
0.5478967510005013,0.149046519666349,0.0,0.5574400938634795,0.16495686067314158,0.0
0.5574400938634795,0.16495686067314158,0.0,0.5649922357379892,0.17851657241608618,0.0
0.5574400938634795,0.16495686067314158,0.0,0.547378616008385,0.1786405007093741,0.0
0.46917769448404384,0.07833757833789937,0.0,0.4794837651567824,0.06120980649056359,0.0
0.12108700932338101,0.1496920367169946,0.0,0.10899159673922941,0.13672447833888032,0.0
0.12108700932338101,0.1496920367169946,0.0,0.12743455152516148,0.13526341498403166,0.0
0.9179688196075995,0.039021912105495146,0.0,0.9097737297425831,0.021263663382656166,0.0
0.9179688196075995,0.039021912105495146,0.0,0.9295453625151296,0.023382325367384115,0.0
0.9097737297425831,0.021263663382656166,0.0,0.9295453625151296,0.023382325367384115,0.0
0.9097737297425831,0.021263663382656166,0.0,0.9018977647939694,0.0032222290772670904,0.0
0.9097737297425831,0.021263663382656166,0.0,0.9214530685188143,0.00541773322330765,0.0
0.14496587686917897,0.18028366212291252,0.0,0.1372078753933555,0.1984719233079192,0.0
0.14496587686917897,0.18028366212291252,0.0,0.1567512396874989,0.1961150489967212,0.0
0.9295453625151296,0.023382325367384115,0.0,0.9214530685188143,0.00541773322330765,0.0
0.2549212071454445,0.1900191158946087,0.0,0.2352375608496372,0.1901715774166525,0.0
0.2352375608496372,0.1901715774166525,0.0,0.2155675444190997,0.1909215933815534,0.0
0.4903281125555386,0.009832592658590631,0.0,0.5100052862653269,0.00982742574734773,0.0
0.5100052862653269,0.00982742574734773,0.0,0.5296731286237358,0.009219139493332007,0.0
0.02000812629740016,0.009591928536378809,0.0,0.039664757915785706,0.00868959289820458,0.0
0.02000812629740016,0.009591928536378809,0.0,0.0003334431934067879,0.0099062788383223,0.0
0.02000812629740016,0.009591928536378809,0.0,0.014572479594446276,0.023899612626728177,0.0
0.039664757915785706,0.00868959289820458,0.0,0.05929009300221836,0.007256714859134872,0.0
0.10578084207256078,0.18550207666142604,0.0,0.1176755593694548,0.2009191173322832,0.0
0.10578084207256078,0.18550207666142604,0.0,0.09813655032930213,0.2033120093872453,0.0
0.2155675444190997,0.1909215933815534,0.0,0.1959260328513177,0.1922212147213933,0.0
0.5296731286237358,0.009219139493332007,0.0,0.549315612272053,0.008046701930870563,0.0
0.1176755593694548,0.2009191173322832,0.0,0.1372078753933555,0.1984719233079192,0.0
0.1176755593694548,0.2009191173322832,0.0,0.09813655032930213,0.2033120093872453,0.0
0.1372078753933555,0.1984719233079192,0.0,0.1567512396874989,0.1961150489967212,0.0
3.334444814934153e-05,0.189991243224307,0.0,0.014343848466290257,0.17475066985551696,0.0
3.334444814934153e-05,0.189991243224307,0.0,0.011954382915212055,0.1977507641884488,0.0
3.334444814934153e-05,0.189991243224307,0.0,1.118922549799437e-24,0.21,0.0
0.1959260328513177,0.1922212147213933,0.0,0.1763208908223542,0.1939886762133007,0.0
0.6861187615548019,0.1930527247722307,0.0,0.6724328641180563,0.17773682250811865,0.0
0.6861187615548019,0.1930527247722307,0.0,0.6665320285254098,0.1950146595390509,0.0
0.6724328641180563,0.17773682250811865,0.0,0.6665320285254098,0.1950146595390509,0.0
0.6724328641180563,0.17773682250811865,0.0,0.6531432052893719,0.18097859767389346,0.0
0.6724328641180563,0.17773682250811865,0.0,0.6587574994074086,0.16411661305073202,0.0
0.3530228816138251,0.1972732469543295,0.0,0.3725585682950345,0.1996932487804034,0.0
0.1763208908223542,0.1939886762133007,0.0,0.1567512396874989,0.1961150489967212,0.0
0.6079079889629149,0.2021313692806051,0.0,0.6274414338011367,0.1996932485171144,0.0
0.6079079889629149,0.2021313692806051,0.0,0.5883592993452134,0.204443428867555,0.0
0.6274414338011367,0.1996932485171144,0.0,0.6469771203754761,0.1972732467138197,0.0
0.8823244412923026,0.2009191174150899,0.0,0.901863450217593,0.2033120094520914,0.0
0.8823244412923026,0.2009191174150899,0.0,0.8772077105932884,0.18707642232465363,0.0
0.901863450217593,0.2033120094520914,0.0,0.921425379683128,0.2055086350647987,0.0
0.6469771203754761,0.1972732467138197,0.0,0.6665320285254098,0.1950146595390509,0.0
0.6469771203754761,0.1972732467138197,0.0,0.6531432052893719,0.18097859767389346,0.0
0.6665320285254098,0.1950146595390509,0.0,0.6531432052893719,0.18097859767389346,0.0
0.6531432052893719,0.18097859767389346,0.0,0.6587574994074086,0.16411661305073202,0.0
0.07857462076905876,0.2055086350173741,0.0,0.09813655032930213,0.2033120093872453,0.0
0.07857462076905876,0.2055086350173741,0.0,0.05897878113556556,0.2073769316422593,0.0
0.4312186625324201,0.2064914855210821,0.0,0.4508331653730723,0.2081512657305875,0.0
0.4312186625324201,0.2064914855210821,0.0,0.44001576866590647,0.19163212309952676,0.0
0.568781339891721,0.2064914852893641,0.0,0.5883592993452134,0.204443428867555,0.0
0.568781339891721,0.2064914852893641,0.0,0.5491668371792392,0.2081512655447921,0.0
0.568781339891721,0.2064914852893641,0.0,0.5575773850941244,0.19080763130764825,0.0
0.921425379683128,0.2055086350647987,0.0,0.9410212191544387,0.2073769316668632,0.0
0.9410212191544387,0.2073769316668632,0.0,0.950906917223578,0.19540184726007861,0.0
0.03934595430376511,0.2088023656195966,0.0,0.05897878113556556,0.2073769316422593,0.0
0.03934595430376511,0.2088023656195966,0.0,0.01968189381931244,0.2096956954280177,0.0
0.4508331653730723,0.2081512657305875,0.0,0.4704828605194097,0.2093199306346598,0.0
0.4508331653730723,0.2081512657305875,0.0,0.4598828224654625,0.19246181042933372,0.0
0.4508331653730723,0.2081512657305875,0.0,0.44001576866590647,0.19163212309952676,0.0
0.4704828605194097,0.2093199306346598,0.0,0.4598828224654625,0.19246181042933372,0.0
0.4704828605194097,0.2093199306346598,0.0,0.4901578846305079,0.2099236141418919,0.0
0.4704828605194097,0.2093199306346598,0.0,0.47905696736982456,0.19346536035538242,0.0
0.4598828224654625,0.19246181042933372,0.0,0.44001576866590647,0.19163212309952676,0.0
0.4598828224654625,0.19246181042933372,0.0,0.4473724090995637,0.1762580935161479,0.0
0.4598828224654625,0.19246181042933372,0.0,0.47905696736982456,0.19346536035538242,0.0
0.4598828224654625,0.19246181042933372,0.0,0.46736082597709794,0.17707074376022097,0.0
0.5295171421655228,0.2093199305123607,0.0,0.5491668371792392,0.2081512655447921,0.0
0.5295171421655228,0.2093199305123607,0.0,0.5383415562285775,0.19246611662106297,0.0
0.5295171421655228,0.2093199305123607,0.0,0.5098421182743784,0.209923614096859,0.0
0.5295171421655228,0.2093199305123607,0.0,0.5185821872410481,0.19382476058461295,0.0
0.5491668371792392,0.2081512655447921,0.0,0.5383415562285775,0.19246611662106297,0.0
0.5491668371792392,0.2081512655447921,0.0,0.5575773850941244,0.19080763130764825,0.0
0.5383415562285775,0.19246611662106297,0.0,0.5575773850941244,0.19080763130764825,0.0
0.5383415562285775,0.19246611662106297,0.0,0.5185821872410481,0.19382476058461295,0.0
0.5383415562285775,0.19246611662106297,0.0,0.5274550136161033,0.17905041584328849,0.0
0.5383415562285775,0.19246611662106297,0.0,0.547378616008385,0.1786405007093741,0.0
0.4901578846305079,0.2099236141418919,0.0,0.5098421182743784,0.209923614096859,0.0
0.4901578846305079,0.2099236141418919,0.0,0.4991142766793036,0.19380366538968186,0.0
0.4901578846305079,0.2099236141418919,0.0,0.47905696736982456,0.19346536035538242,0.0
0.5098421182743784,0.209923614096859,0.0,0.4991142766793036,0.19380366538968186,0.0
0.5098421182743784,0.209923614096859,0.0,0.5185821872410481,0.19382476058461295,0.0
0.4991142766793036,0.19380366538968186,0.0,0.47905696736982456,0.19346536035538242,0.0
0.4991142766793036,0.19380366538968186,0.0,0.5185821872410481,0.19382476058461295,0.0
0.4991142766793036,0.19380366538968186,0.0,0.48734316385597604,0.17821259961576633,0.0
0.4991142766793036,0.19380366538968186,0.0,0.5074984752039652,0.17868214992949472,0.0
0.11796560077161256,0.0007889501629763726,0.0,0.13749153136241693,-0.001657153158329963,0.0
0.11796560077161256,0.0007889501629763726,0.0,0.09843336140906886,0.003182944592669543,0.0
0.13749153136241693,-0.001657153158329963,0.0,0.15702885790136953,-0.0040109007706907954,0.0
0.13749153136241693,-0.001657153158329963,0.0,0.14927120580403128,0.01386355839805316,0.0
0.3727680395548248,-0.00037430760703288353,0.0,0.35323884309084297,-0.0027944804710279716,0.0
0.8823652679199725,0.0008303576789746955,0.0,0.9018977647939694,0.0032222290772670904,0.0
0.9018977647939694,0.0032222290772670904,0.0,0.9214530685188143,0.00541773322330765,0.0
0.33369051093209806,-0.0050548853131065635,0.0,0.35323884309084297,-0.0027944804710279716,0.0
0.33369051093209806,-0.0050548853131065635,0.0,0.3141104019733191,-0.007020287806910577,0.0
0.07887855409522534,0.005382913193257012,0.0,0.09843336140906886,0.003182944592669543,0.0
0.07887855409522534,0.005382913193257012,0.0,0.05929009300221836,0.007256714859134872,0.0
0.15702885790136953,-0.0040109007706907954,0.0,0.176592719172395,-0.006132366080630904,0.0
0.15702885790136953,-0.0040109007706907954,0.0,0.16858483281857842,0.011198295735857976,0.0
0.15702885790136953,-0.0040109007706907954,0.0,0.14927120580403128,0.01386355839805316,0.0
0.176592719172395,-0.006132366080630904,0.0,0.16858483281857842,0.011198295735857976,0.0
0.176592719172395,-0.006132366080630904,0.0,0.19619218939836508,-0.007893486575552399,0.0
0.176592719172395,-0.006132366080630904,0.0,0.1882294885258551,0.00902777892954363,0.0
0.16858483281857842,0.011198295735857976,0.0,0.14927120580403128,0.01386355839805316,0.0
0.16858483281857842,0.011198295735857976,0.0,0.1882294885258551,0.00902777892954363,0.0
0.16858483281857842,0.011198295735857976,0.0,0.17945527998418487,0.024797527466457796,0.0
0.16858483281857842,0.011198295735857976,0.0,0.15970083005925653,0.025701642671535414,0.0
0.2944932255239953,-0.008570934914678452,0.0,0.3141104019733191,-0.007020287806910577,0.0
0.2944932255239953,-0.008570934914678452,0.0,0.2748424644439195,-0.009610329423930416,0.0
0.19619218939836508,-0.007893486575552399,0.0,0.21582800364174173,-0.009185763648122576,0.0
0.19619218939836508,-0.007893486575552399,0.0,0.207743495294439,0.007951859967410567,0.0
0.19619218939836508,-0.007893486575552399,0.0,0.1882294885258551,0.00902777892954363,0.0
0.21582800364174173,-0.009185763648122576,0.0,0.207743495294439,0.007951859967410567,0.0
0.21582800364174173,-0.009185763648122576,0.0,0.23549217630952798,-0.00992792670810949,0.0
0.207743495294439,0.007951859967410567,0.0,0.1882294885258551,0.00902777892954363,0.0
0.207743495294439,0.007951859967410567,0.0,0.19992542846229022,0.024329557866854104,0.0
0.9803251573993281,0.009602263264646164,0.0,1.0,0.009906366361429853,0.0
0.9803251573993281,0.009602263264646164,0.0,0.985562745908222,0.024167566065082725,0.0
0.23549217630952798,-0.00992792670810949,0.0,0.2551697586474465,-0.01007255224284793,0.0
0.2551697586474465,-0.01007255224284793,0.0,0.2748424644439195,-0.009610329423930416,0.0
1.0,0.029916486115009047,0.0,1.0,0.009906366361429853,0.0
1.0,0.029916486115009047,0.0,0.985562745908222,0.024167566065082725,0.0
0.01968189381931244,0.2096956954280177,0.0,0.011954382915212055,0.1977507641884488,0.0
0.01968189381931244,0.2096956954280177,0.0,1.118922549799437e-24,0.21,0.0
0.6349853883421009,0.06919526141392113,0.0,0.6277844421859475,0.08555464325097277,0.0
0.14927120580403128,0.01386355839805316,0.0,0.1410235199316538,0.026033333407324537,0.0
0.14927120580403128,0.01386355839805316,0.0,0.15970083005925653,0.025701642671535414,0.0
0.44001576866590647,0.19163212309952676,0.0,0.4473724090995637,0.1762580935161479,0.0
0.4473724090995637,0.1762580935161479,0.0,0.46736082597709794,0.17707074376022097,0.0
0.011954382915212055,0.1977507641884488,0.0,1.118922549799437e-24,0.21,0.0
0.1882294885258551,0.00902777892954363,0.0,0.19992542846229022,0.024329557866854104,0.0
0.1882294885258551,0.00902777892954363,0.0,0.17945527998418487,0.024797527466457796,0.0
0.5575773850941244,0.19080763130764825,0.0,0.5649922357379892,0.17851657241608618,0.0
0.5575773850941244,0.19080763130764825,0.0,0.547378616008385,0.1786405007093741,0.0
0.34757145675928863,0.14449261413722042,0.0,0.32750521170497643,0.1433915634543535,0.0
0.47905696736982456,0.19346536035538242,0.0,0.48734316385597604,0.17821259961576633,0.0
0.47905696736982456,0.19346536035538242,0.0,0.46736082597709794,0.17707074376022097,0.0
0.5185821872410481,0.19382476058461295,0.0,0.5074984752039652,0.17868214992949472,0.0
0.5185821872410481,0.19382476058461295,0.0,0.5274550136161033,0.17905041584328849,0.0
0.24533227087062992,0.14171954228120545,0.0,0.26542370760843953,0.14180331997563478,0.0
0.48734316385597604,0.17821259961576633,0.0,0.46736082597709794,0.17707074376022097,0.0
0.48734316385597604,0.17821259961576633,0.0,0.5074984752039652,0.17868214992949472,0.0
0.19992542846229022,0.024329557866854104,0.0,0.17945527998418487,0.024797527466457796,0.0
1.0,0.009906366361429853,0.0,0.985562745908222,0.024167566065082725,0.0
0.0003334431934067879,0.0099062788383223,0.0,0.014572479594446276,0.023899612626728177,0.0
0.10899159673922941,0.13672447833888032,0.0,0.12743455152516148,0.13526341498403166,0.0
0.6277844421859475,0.08555464325097277,0.0,0.60843751061839,0.0851242245519377,0.0
0.17945527998418487,0.024797527466457796,0.0,0.15970083005925653,0.025701642671535414,0.0
0.5074984752039652,0.17868214992949472,0.0,0.5274550136161033,0.17905041584328849,0.0
0.5649922357379892,0.17851657241608618,0.0,0.547378616008385,0.1786405007093741,0.0
0.5274550136161033,0.17905041584328849,0.0,0.547378616008385,0.1786405007093741,0.0
0.1410235199316538,0.026033333407324537,0.0,0.15970083005925653,0.025701642671535414,0.0
