start:0,start:1,start:2,end:0,end:1,end:2
0.7928145163945578,0.010628192579176278,0.0,0.8007616488774516,0.031684015474991306,0.0
0.7928145163945578,0.010628192579176278,0.0,0.7806903235377758,0.03126336335970759,0.0
0.7928145163945578,0.010628192579176278,0.0,0.7845045226191093,-0.009106895928524936,0.0
0.7928145163945578,0.010628192579176278,0.0,0.7734259129651535,0.011426953962470017,0.0
0.7928145163945578,0.010628192579176278,0.0,0.8041395205827809,-0.007805912125649244,0.0
0.7928145163945578,0.010628192579176278,0.0,0.8121642478122907,0.013055866218105248,0.0
0.8007616488774516,0.031684015474991306,0.0,0.7806903235377758,0.03126336335970759,0.0
0.8007616488774516,0.031684015474991306,0.0,0.8121642478122907,0.013055866218105248,0.0
0.8007616488774516,0.031684015474991306,0.0,0.8200870289891481,0.03288682938557796,0.0
0.8007616488774516,0.031684015474991306,0.0,0.7898798053828241,0.04952437426559439,0.0
0.8007616488774516,0.031684015474991306,0.0,0.8097654895876801,0.05003487086793151,0.0
0.7806903235377758,0.03126336335970759,0.0,0.7734259129651535,0.011426953962470017,0.0
0.7806903235377758,0.03126336335970759,0.0,0.770873546621777,0.04905896333642966,0.0
0.7806903235377758,0.03126336335970759,0.0,0.7605859926942596,0.030237588859217297,0.0
0.7806903235377758,0.03126336335970759,0.0,0.7898798053828241,0.04952437426559439,0.0
0.6934932778982883,0.1713287825173383,0.0,0.6878673240998048,0.15172540255664527,0.0
0.6934932778982883,0.1713287825173383,0.0,0.7078638993012313,0.1520954382011513,0.0
0.6934932778982883,0.1713287825173383,0.0,0.7155545830255581,0.17162538392243373,0.0
0.6934932778982883,0.1713287825173383,0.0,0.7057425391897695,0.1915070909240959,0.0
0.6934932778982883,0.1713287825173383,0.0,0.6772547022569286,0.1626899517594368,0.0
0.6934932778982883,0.1713287825173383,0.0,0.6861187615548019,0.1930527247722307,0.0
0.6934932778982883,0.1713287825173383,0.0,0.6724328042152518,0.17774210479331132,0.0
0.6878673240998048,0.15172540255664527,0.0,0.7078638993012313,0.1520954382011513,0.0
0.6878673240998048,0.15172540255664527,0.0,0.6772547022569286,0.1626899517594368,0.0
0.6878673240998048,0.15172540255664527,0.0,0.6781890491977799,0.13423236816037815,0.0
0.6878673240998048,0.15172540255664527,0.0,0.6678797832408133,0.1508665387310345,0.0
0.6878673240998048,0.15172540255664527,0.0,0.6981854065147732,0.13461444483126964,0.0
0.7078638993012313,0.1520954382011513,0.0,0.7155545830255581,0.17162538392243373,0.0
0.7078638993012313,0.1520954382011513,0.0,0.7273261367182888,0.15298523337283096,0.0
0.7078638993012313,0.1520954382011513,0.0,0.6981854065147732,0.13461444483126964,0.0
0.7078638993012313,0.1520954382011513,0.0,0.7180920272833272,0.13490966713396865,0.0
0.37471854597710264,0.057027785662969524,0.0,0.3692031302044659,0.07652585672970455,0.0
0.37471854597710264,0.057027785662969524,0.0,0.38795002203517176,0.07640230245753984,0.0
0.37471854597710264,0.057027785662969524,0.0,0.39786846973078166,0.058533418137034325,0.0
0.37471854597710264,0.057027785662969524,0.0,0.35448091733141607,0.04957047655686793,0.0
0.37471854597710264,0.057027785662969524,0.0,0.38776040687494684,0.03902526774172738,0.0
0.37471854597710264,0.057027785662969524,0.0,0.36845169085286944,0.035349432678231325,0.0
0.37471854597710264,0.057027785662969524,0.0,0.35941592976162245,0.06492647461162712,0.0
0.3692031302044659,0.07652585672970455,0.0,0.38795002203517176,0.07640230245753984,0.0
0.3692031302044659,0.07652585672970455,0.0,0.34900452825698586,0.07725436040374836,0.0
0.3692031302044659,0.07652585672970455,0.0,0.378875507751782,0.09433434993444763,0.0
0.3692031302044659,0.07652585672970455,0.0,0.35888341671789575,0.09372163022151188,0.0
0.3692031302044659,0.07652585672970455,0.0,0.35941592976162245,0.06492647461162712,0.0
0.38795002203517176,0.07640230245753984,0.0,0.39786846973078166,0.058533418137034325,0.0
0.38795002203517176,0.07640230245753984,0.0,0.4081615732954533,0.0773328866106244,0.0
0.38795002203517176,0.07640230245753984,0.0,0.39887290910382656,0.09465952876276996,0.0
0.38795002203517176,0.07640230245753984,0.0,0.378875507751782,0.09433434993444763,0.0
0.08528953169731891,0.18858582096710583,0.0,0.06733284387232275,0.17489946897054146,0.0
0.08528953169731891,0.18858582096710583,0.0,0.09441306721080168,0.17017267437063288,0.0
0.08528953169731891,0.18858582096710583,0.0,0.06788654901335242,0.1930993821388928,0.0
0.08528953169731891,0.18858582096710583,0.0,0.10578077828409416,0.18550717650779644,0.0
0.08528953169731891,0.18858582096710583,0.0,0.07857462076905876,0.2055086350173741,0.0
0.08528953169731891,0.18858582096710583,0.0,0.09813655032930213,0.2033120093872453,0.0
0.06733284387232275,0.17489946897054146,0.0,0.09441306721080168,0.17017267437063288,0.0
0.06733284387232275,0.17489946897054146,0.0,0.07877762632159063,0.1565637424367779,0.0
0.06733284387232275,0.17489946897054146,0.0,0.049256945134641385,0.18912609361301555,0.0
0.06733284387232275,0.17489946897054146,0.0,0.048527424218897997,0.17007339205331928,0.0
0.06733284387232275,0.17489946897054146,0.0,0.06788654901335242,0.1930993821388928,0.0
0.06733284387232275,0.17489946897054146,0.0,0.057660493451910974,0.15708490545076872,0.0
0.09441306721080168,0.17017267437063288,0.0,0.07877762632159063,0.1565637424367779,0.0
0.09441306721080168,0.17017267437063288,0.0,0.10142181992566546,0.15260155732775144,0.0
0.09441306721080168,0.17017267437063288,0.0,0.11376097272736965,0.16727402411384923,0.0
0.09441306721080168,0.17017267437063288,0.0,0.10578077828409416,0.18550717650779644,0.0
0.15827811237090988,0.12460401787403626,0.0,0.1413700601030061,0.14458693287083743,0.0
0.15827811237090988,0.12460401787403626,0.0,0.1382815247273568,0.12423391678960784,0.0
0.15827811237090988,0.12460401787403626,0.0,0.16203872485837717,0.14378410405063902,0.0
0.15827811237090988,0.12460401787403626,0.0,0.17635378748626554,0.12504229151511312,0.0
0.15827811237090988,0.12460401787403626,0.0,0.148601202602902,0.1070336589731295,0.0
0.15827811237090988,0.12460401787403626,0.0,0.16860264980215978,0.10714115829397054,0.0
0.1413700601030061,0.14458693287083743,0.0,0.1382815247273568,0.12423391678960784,0.0
0.1413700601030061,0.14458693287083743,0.0,0.16203872485837717,0.14378410405063902,0.0
0.1413700601030061,0.14458693287083743,0.0,0.1529067086676772,0.16208878972540272,0.0
0.1413700601030061,0.14458693287083743,0.0,0.13298572431956138,0.16433646341699878,0.0
0.1413700601030061,0.14458693287083743,0.0,0.12108695606252824,0.14970757323628284,0.0
0.1413700601030061,0.14458693287083743,0.0,0.12743454681212904,0.13528320313304426,0.0
0.1382815247273568,0.12423391678960784,0.0,0.148601202602902,0.1070336589731295,0.0
0.1382815247273568,0.12423391678960784,0.0,0.12860367714877485,0.10671416114340489,0.0
0.1382815247273568,0.12423391678960784,0.0,0.11829381985709372,0.12338338126956709,0.0
0.1382815247273568,0.12423391678960784,0.0,0.12743454681212904,0.13528320313304426,0.0
0.12984828231042211,0.016539858138137457,0.0,0.1289508664055559,0.03584569627301968,0.0
0.12984828231042211,0.016539858138137457,0.0,0.11190193698323973,0.019354914575513884,0.0
0.12984828231042211,0.016539858138137457,0.0,0.11796684328694407,0.0008503078952324177,0.0
0.12984828231042211,0.016539858138137457,0.0,0.13749272994601422,-0.0015957939726680026,0.0
0.12984828231042211,0.016539858138137457,0.0,0.14927215389796844,0.01391984886545487,0.0
0.12984828231042211,0.016539858138137457,0.0,0.1410243741176018,0.026086211892665447,0.0
0.1289508664055559,0.03584569627301968,0.0,0.11190193698323973,0.019354914575513884,0.0
0.1289508664055559,0.03584569627301968,0.0,0.10630820556114963,0.03733171152850883,0.0
0.1289508664055559,0.03584569627301968,0.0,0.11941010001526323,0.05431356440214185,0.0
0.1289508664055559,0.03584569627301968,0.0,0.1395622516549976,0.054949068764735674,0.0
0.1289508664055559,0.03584569627301968,0.0,0.1499841616987256,0.039075488139192725,0.0
0.1289508664055559,0.03584569627301968,0.0,0.1410243741176018,0.026086211892665447,0.0
0.11190193698323973,0.019354914575513884,0.0,0.10630820556114963,0.03733171152850883,0.0
0.11190193698323973,0.019354914575513884,0.0,0.08990288158084292,0.02231759949564534,0.0
0.11190193698323973,0.019354914575513884,0.0,0.11796684328694407,0.0008503078952324177,0.0
0.11190193698323973,0.019354914575513884,0.0,0.09843457185754258,0.003244301595177556,0.0
0.07877762632159063,0.1565637424367779,0.0,0.10142181992566546,0.15260155732775144,0.0
0.07877762632159063,0.1565637424367779,0.0,0.08886193173890036,0.13869696922609917,0.0
0.07877762632159063,0.1565637424367779,0.0,0.057660493451910974,0.15708490545076872,0.0
0.07877762632159063,0.1565637424367779,0.0,0.06797328391520308,0.1402588897048891,0.0
0.10630820556114963,0.03733171152850883,0.0,0.08990288158084292,0.02231759949564534,0.0
0.10630820556114963,0.03733171152850883,0.0,0.08901680797985202,0.04100848328775342,0.0
0.10630820556114963,0.03733171152850883,0.0,0.11941010001526323,0.05431356440214185,0.0
0.10630820556114963,0.03733171152850883,0.0,0.09893925341795179,0.05471250287486705,0.0
0.8388956837499436,0.10436535460991735,0.0,0.858855658710822,0.10426186704306196,0.0
0.8388956837499436,0.10436535460991735,0.0,0.8493188456062608,0.12258497067472261,0.0
0.8388956837499436,0.10436535460991735,0.0,0.8281147401204715,0.12290939749138145,0.0
0.8388956837499436,0.10436535460991735,0.0,0.8188296377714148,0.10293690750984749,0.0
0.8388956837499436,0.10436535460991735,0.0,0.8291236870342439,0.08517527583648347,0.0
0.8388956837499436,0.10436535460991735,0.0,0.8491364518920981,0.08573054940923132,0.0
0.858855658710822,0.10426186704306196,0.0,0.8493188456062608,0.12258497067472261,0.0
0.858855658710822,0.10426186704306196,0.0,0.8697969030400642,0.12184958860034004,0.0
0.858855658710822,0.10426186704306196,0.0,0.878806051937095,0.10360377083480689,0.0
0.858855658710822,0.10426186704306196,0.0,0.8491364518920981,0.08573054940923132,0.0
0.858855658710822,0.10426186704306196,0.0,0.8691236009266242,0.08637857709337327,0.0
0.8493188456062608,0.12258497067472261,0.0,0.8369339077549016,0.14224319232876131,0.0
0.8493188456062608,0.12258497067472261,0.0,0.8610037880059477,0.13995398643916648,0.0
0.8493188456062608,0.12258497067472261,0.0,0.8281147401204715,0.12290939749138145,0.0
0.8493188456062608,0.12258497067472261,0.0,0.8697969030400642,0.12184958860034004,0.0
0.16203872485837717,0.14378410405063902,0.0,0.17635378748626554,0.12504229151511312,0.0
0.16203872485837717,0.14378410405063902,0.0,0.1842071117666673,0.14230266127568963,0.0
0.16203872485837717,0.14378410405063902,0.0,0.1731414549379728,0.16009518818556515,0.0
0.16203872485837717,0.14378410405063902,0.0,0.1529067086676772,0.16208878972540272,0.0
0.39786846973078166,0.058533418137034325,0.0,0.4081615732954533,0.0773328866106244,0.0
0.39786846973078166,0.058533418137034325,0.0,0.41863462295266823,0.05944833925433719,0.0
0.39786846973078166,0.058533418137034325,0.0,0.40855955535165484,0.0414225085484466,0.0
0.39786846973078166,0.058533418137034325,0.0,0.38776040687494684,0.03902526774172738,0.0
0.8369339077549016,0.14224319232876131,0.0,0.8610037880059477,0.13995398643916648,0.0
0.8369339077549016,0.14224319232876131,0.0,0.8490851114260449,0.16236565052680046,0.0
0.8369339077549016,0.14224319232876131,0.0,0.8273958632697374,0.15978226480918475,0.0
0.8369339077549016,0.14224319232876131,0.0,0.8281147401204715,0.12290939749138145,0.0
0.8369339077549016,0.14224319232876131,0.0,0.8172381294132237,0.140718342431302,0.0
0.8610037880059477,0.13995398643916648,0.0,0.8490851114260449,0.16236565052680046,0.0
0.8610037880059477,0.13995398643916648,0.0,0.8697969030400642,0.12184958860034004,0.0
0.8610037880059477,0.13995398643916648,0.0,0.8714856520517191,0.15794630920453384,0.0
0.8610037880059477,0.13995398643916648,0.0,0.8798429519677584,0.13900046113013606,0.0
0.8490851114260449,0.16236565052680046,0.0,0.8351247917712608,0.1778097067223483,0.0
0.8490851114260449,0.16236565052680046,0.0,0.8273958632697374,0.15978226480918475,0.0
0.8490851114260449,0.16236565052680046,0.0,0.8497836094779126,0.18264360893232046,0.0
0.8490851114260449,0.16236565052680046,0.0,0.8643684160771146,0.17742395705899597,0.0
0.8490851114260449,0.16236565052680046,0.0,0.8714856520517191,0.15794630920453384,0.0
0.5598408128741995,0.09634303471296758,0.0,0.5794883056966712,0.09662830959958056,0.0
0.5598408128741995,0.09634303471296758,0.0,0.5716165936762934,0.07611188686178465,0.0
0.5598408128741995,0.09634303471296758,0.0,0.5397657049304612,0.09648274075749382,0.0
0.5598408128741995,0.09634303471296758,0.0,0.5517025620269053,0.07763421614674954,0.0
0.5598408128741995,0.09634303471296758,0.0,0.548712622020464,0.11439367977512194,0.0
0.5598408128741995,0.09634303471296758,0.0,0.5687235055342313,0.11467809125486357,0.0
0.5794883056966712,0.09662830959958056,0.0,0.5716165936762934,0.07611188686178465,0.0
0.5794883056966712,0.09662830959958056,0.0,0.5891651600770583,0.08059348651840392,0.0
0.5794883056966712,0.09662830959958056,0.0,0.5687235055342313,0.11467809125486357,0.0
0.5794883056966712,0.09662830959958056,0.0,0.5886642885557979,0.11501975335068886,0.0
0.5794883056966712,0.09662830959958056,0.0,0.5989551585490391,0.09886966340039537,0.0
0.5716165936762934,0.07611188686178465,0.0,0.5517025620269053,0.07763421614674954,0.0
0.5716165936762934,0.07611188686178465,0.0,0.5629805135723068,0.0588391472114434,0.0
0.5716165936762934,0.07611188686178465,0.0,0.5891651600770583,0.08059348651840392,0.0
0.5716165936762934,0.07611188686178465,0.0,0.5842654954111891,0.06012834754598004,0.0
0.5767966860760588,0.18850985456605512,0.0,0.5780538194491275,0.16795127658390818,0.0
0.5767966860760588,0.18850985456605512,0.0,0.5961733254492476,0.18670978329918106,0.0
0.5767966860760588,0.18850985456605512,0.0,0.568781339891721,0.2064914852893641,0.0
0.5767966860760588,0.18850985456605512,0.0,0.5883592993452134,0.204443428867555,0.0
0.5767966860760588,0.18850985456605512,0.0,0.5575773457495286,0.19081251338513447,0.0
0.5767966860760588,0.18850985456605512,0.0,0.5649921797289122,0.1785249143306656,0.0
0.5780538194491275,0.16795127658390818,0.0,0.5961733254492476,0.18670978329918106,0.0
0.5780538194491275,0.16795127658390818,0.0,0.6001372488611958,0.16725988564379524,0.0
0.5780538194491275,0.16795127658390818,0.0,0.5878919525294228,0.14980180913019148,0.0
0.5780538194491275,0.16795127658390818,0.0,0.5678878256305252,0.1495047281079995,0.0
0.5780538194491275,0.16795127658390818,0.0,0.5574400457521468,0.1649693930490181,0.0
0.5780538194491275,0.16795127658390818,0.0,0.5649921797289122,0.1785249143306656,0.0
0.5961733254492476,0.18670978329918106,0.0,0.6001372488611958,0.16725988564379524,0.0
0.5961733254492476,0.18670978329918106,0.0,0.6137007993837668,0.18442877527530957,0.0
0.5961733254492476,0.18670978329918106,0.0,0.6079079889629149,0.2021313692806051,0.0
0.5961733254492476,0.18670978329918106,0.0,0.5883592993452134,0.204443428867555,0.0
0.8351247917712608,0.1778097067223483,0.0,0.8273958632697374,0.15978226480918475,0.0
0.8351247917712608,0.1778097067223483,0.0,0.8497836094779126,0.18264360893232046,0.0
0.8351247917712608,0.1778097067223483,0.0,0.8153373888844471,0.17603621423113042,0.0
0.8351247917712608,0.1778097067223483,0.0,0.8236791101517987,0.1939886763111289,0.0
0.8351247917712608,0.1778097067223483,0.0,0.8432487611881002,0.1961150490981094,0.0
0.8273958632697374,0.15978226480918475,0.0,0.8172381294132237,0.140718342431302,0.0
0.8273958632697374,0.15978226480918475,0.0,0.8063719624644331,0.15785684846629494,0.0
0.8273958632697374,0.15978226480918475,0.0,0.8153373888844471,0.17603621423113042,0.0
0.6983186568830048,0.011457059038781994,0.0,0.6909582748477477,0.03177579126041854,0.0
0.6983186568830048,0.011457059038781994,0.0,0.7114700155454406,0.029764552628643682,0.0
0.6983186568830048,0.011457059038781994,0.0,0.7187889207051897,0.010851647719149737,0.0
0.6983186568830048,0.011457059038781994,0.0,0.6862225159257117,-0.006988962392722994,0.0
0.6983186568830048,0.011457059038781994,0.0,0.6787463767236309,0.01321707951818882,0.0
0.6983186568830048,0.011457059038781994,0.0,0.705840085512351,-0.008531671700660543,0.0
0.6909582748477477,0.03177579126041854,0.0,0.7114700155454406,0.029764552628643682,0.0
0.6909582748477477,0.03177579126041854,0.0,0.6835589988779787,0.05024820359204709,0.0
0.6909582748477477,0.03177579126041854,0.0,0.6713368521635975,0.033618372306978526,0.0
0.6909582748477477,0.03177579126041854,0.0,0.6787463767236309,0.01321707951818882,0.0
0.6909582748477477,0.03177579126041854,0.0,0.7047038818503953,0.04865003958215523,0.0
0.7114700155454406,0.029764552628643682,0.0,0.7247582869358135,0.04635582562997819,0.0
0.7114700155454406,0.029764552628643682,0.0,0.7187889207051897,0.010851647719149737,0.0
0.7114700155454406,0.029764552628643682,0.0,0.7047038818503953,0.04865003958215523,0.0
0.7114700155454406,0.029764552628643682,0.0,0.7304022620382463,0.02590553357076288,0.0
0.35448091733141607,0.04957047655686793,0.0,0.33112113417823247,0.041307953404393444,0.0
0.35448091733141607,0.04957047655686793,0.0,0.34924939780301667,0.03137710896645903,0.0
0.35448091733141607,0.04957047655686793,0.0,0.3394274825772765,0.06028095439010068,0.0
0.35448091733141607,0.04957047655686793,0.0,0.36845169085286944,0.035349432678231325,0.0
0.35448091733141607,0.04957047655686793,0.0,0.35941592976162245,0.06492647461162712,0.0
0.33112113417823247,0.041307953404393444,0.0,0.34924939780301667,0.03137710896645903,0.0
0.33112113417823247,0.041307953404393444,0.0,0.3394274825772765,0.06028095439010068,0.0
0.33112113417823247,0.041307953404393444,0.0,0.3181977146002322,0.02471153958447932,0.0
0.33112113417823247,0.041307953404393444,0.0,0.3342510032940044,0.025580148802061227,0.0
0.33112113417823247,0.041307953404393444,0.0,0.31931212060179254,0.05843110290289767,0.0
0.33112113417823247,0.041307953404393444,0.0,0.3098015349851604,0.041325801959502695,0.0
0.34924939780301667,0.03137710896645903,0.0,0.36845169085286944,0.035349432678231325,0.0
0.34924939780301667,0.03137710896645903,0.0,0.36106115170886616,0.015644280614910033,0.0
0.34924939780301667,0.03137710896645903,0.0,0.34243596426713124,0.012131114388979508,0.0
0.34924939780301667,0.03137710896645903,0.0,0.3342510032940044,0.025580148802061227,0.0
0.7648409843496838,-0.009858877713080753,0.0,0.7845045226191093,-0.009106895928524936,0.0
0.7648409843496838,-0.009858877713080753,0.0,0.7734259129651535,0.011426953962470017,0.0
0.7648409843496838,-0.009858877713080753,0.0,0.7548681819772994,0.007107087850343508,0.0
0.7648409843496838,-0.009858877713080753,0.0,0.7451637521763221,-0.010013816599373277,0.0
0.7845045226191093,-0.009106895928524936,0.0,0.7734259129651535,0.011426953962470017,0.0
0.7845045226191093,-0.009106895928524936,0.0,0.8041395205827809,-0.007805912125649244,0.0
0.7734259129651535,0.011426953962470017,0.0,0.7548681819772994,0.007107087850343508,0.0
0.7734259129651535,0.011426953962470017,0.0,0.7605859926942596,0.030237588859217297,0.0
0.6001372488611958,0.16725988564379524,0.0,0.6137007993837668,0.18442877527530957,0.0
0.6001372488611958,0.16725988564379524,0.0,0.6208486503728219,0.16707132897044275,0.0
0.6001372488611958,0.16725988564379524,0.0,0.5878919525294228,0.14980180913019148,0.0
0.6001372488611958,0.16725988564379524,0.0,0.6078960079171797,0.14982723312614105,0.0
0.17635378748626554,0.12504229151511312,0.0,0.1842071117666673,0.14230266127568963,0.0
0.17635378748626554,0.12504229151511312,0.0,0.196397843994172,0.12485725567447481,0.0
0.17635378748626554,0.12504229151511312,0.0,0.16860264980215978,0.10714115829397054,0.0
0.17635378748626554,0.12504229151511312,0.0,0.18859825940830682,0.10756452315387476,0.0
0.1842071117666673,0.14230266127568963,0.0,0.20433277645735012,0.1419753300820361,0.0
0.1842071117666673,0.14230266127568963,0.0,0.19363045459358907,0.1586514497964196,0.0
0.1842071117666673,0.14230266127568963,0.0,0.196397843994172,0.12485725567447481,0.0
0.1842071117666673,0.14230266127568963,0.0,0.1731414549379728,0.16009518818556515,0.0
0.7247582869358135,0.04635582562997819,0.0,0.7427690711183084,0.039893341985290175,0.0
0.7247582869358135,0.04635582562997819,0.0,0.7399380631590748,0.06257794093098358,0.0
0.7247582869358135,0.04635582562997819,0.0,0.7180010677266067,0.0657696044739981,0.0
0.7247582869358135,0.04635582562997819,0.0,0.7047038818503953,0.04865003958215523,0.0
0.7247582869358135,0.04635582562997819,0.0,0.7304022620382463,0.02590553357076288,0.0
0.7427690711183084,0.039893341985290175,0.0,0.7399380631590748,0.06257794093098358,0.0
0.7427690711183084,0.039893341985290175,0.0,0.7605859926942596,0.030237588859217297,0.0
0.7427690711183084,0.039893341985290175,0.0,0.7550305494879523,0.05044610563354225,0.0
0.7427690711183084,0.039893341985290175,0.0,0.7304022620382463,0.02590553357076288,0.0
0.7427690711183084,0.039893341985290175,0.0,0.74506189186958,0.02200006157486089,0.0
0.7399380631590748,0.06257794093098358,0.0,0.7180010677266067,0.0657696044739981,0.0
0.7399380631590748,0.06257794093098358,0.0,0.7550305494879523,0.05044610563354225,0.0
0.7399380631590748,0.06257794093098358,0.0,0.7605475688826929,0.06693721346762548,0.0
0.7399380631590748,0.06257794093098358,0.0,0.7491310417437803,0.08357978154349513,0.0
0.7399380631590748,0.06257794093098358,0.0,0.7291096023592136,0.08330093776767018,0.0
0.6835589988779787,0.05024820359204709,0.0,0.6754742216880063,0.06753215350503271,0.0
0.6835589988779787,0.05024820359204709,0.0,0.6964877508156566,0.06659424802753888,0.0
0.6835589988779787,0.05024820359204709,0.0,0.6713368521635975,0.033618372306978526,0.0
0.6835589988779787,0.05024820359204709,0.0,0.7047038818503953,0.04865003958215523,0.0
0.6835589988779787,0.05024820359204709,0.0,0.662580051233616,0.0508860034041004,0.0
0.6754742216880063,0.06753215350503271,0.0,0.6964877508156566,0.06659424802753888,0.0
0.6754742216880063,0.06753215350503271,0.0,0.6882065907143435,0.08396803464264553,0.0
0.6754742216880063,0.06753215350503271,0.0,0.6670222156787247,0.08366721831189418,0.0
0.6754742216880063,0.06753215350503271,0.0,0.6549549646059571,0.06805468986122339,0.0
0.6754742216880063,0.06753215350503271,0.0,0.662580051233616,0.0508860034041004,0.0
0.6964877508156566,0.06659424802753888,0.0,0.6882065907143435,0.08396803464264553,0.0
0.6964877508156566,0.06659424802753888,0.0,0.7180010677266067,0.0657696044739981,0.0
0.6964877508156566,0.06659424802753888,0.0,0.7047038818503953,0.04865003958215523,0.0
0.6964877508156566,0.06659424802753888,0.0,0.7089817421345628,0.08339741172997794,0.0
0.7155545830255581,0.17162538392243373,0.0,0.7358694813009448,0.1720773776700756,0.0
0.7155545830255581,0.17162538392243373,0.0,0.7273261367182888,0.15298523337283096,0.0
0.7155545830255581,0.17162538392243373,0.0,0.7057425391897695,0.1915070909240959,0.0
0.7155545830255581,0.17162538392243373,0.0,0.7253997900510565,0.1904740301919498,0.0
0.5299536276758146,0.07904477379824236,0.0,0.5397657049304612,0.09648274075749382,0.0
0.5299536276758146,0.07904477379824236,0.0,0.5517025620269053,0.07763421614674954,0.0
0.5299536276758146,0.07904477379824236,0.0,0.540959909858557,0.061006165728356244,0.0
0.5299536276758146,0.07904477379824236,0.0,0.5196011652284047,0.061870524526781004,0.0
0.5299536276758146,0.07904477379824236,0.0,0.5091789403061882,0.07911354893354154,0.0
0.5299536276758146,0.07904477379824236,0.0,0.5189867434544752,0.09654576608622997,0.0
0.5397657049304612,0.09648274075749382,0.0,0.5517025620269053,0.07763421614674954,0.0
0.5397657049304612,0.09648274075749382,0.0,0.5189867434544752,0.09654576608622997,0.0
0.5397657049304612,0.09648274075749382,0.0,0.528708733385913,0.11402762901719504,0.0
0.5397657049304612,0.09648274075749382,0.0,0.548712622020464,0.11439367977512194,0.0
0.5517025620269053,0.07763421614674954,0.0,0.540959909858557,0.061006165728356244,0.0
0.5517025620269053,0.07763421614674954,0.0,0.5629805135723068,0.0588391472114434,0.0
0.3394274825772765,0.06028095439010068,0.0,0.32899263110246685,0.07607408579715118,0.0
0.3394274825772765,0.06028095439010068,0.0,0.34900452825698586,0.07725436040374836,0.0
0.3394274825772765,0.06028095439010068,0.0,0.31931212060179254,0.05843110290289767,0.0
0.3394274825772765,0.06028095439010068,0.0,0.35941592976162245,0.06492647461162712,0.0
0.7187889207051897,0.010851647719149737,0.0,0.705840085512351,-0.008531671700660543,0.0
0.7187889207051897,0.010851647719149737,0.0,0.7254910805601829,-0.009561738204478377,0.0
0.7187889207051897,0.010851647719149737,0.0,0.7304022620382463,0.02590553357076288,0.0
0.7187889207051897,0.010851647719149737,0.0,0.7366839575382725,0.006856749798548355,0.0
0.8281147401204715,0.12290939749138145,0.0,0.8188296377714148,0.10293690750984749,0.0
0.8281147401204715,0.12290939749138145,0.0,0.8080795525747632,0.12117830677949296,0.0
0.8281147401204715,0.12290939749138145,0.0,0.8172381294132237,0.140718342431302,0.0
0.4081615732954533,0.0773328866106244,0.0,0.41863462295266823,0.05944833925433719,0.0
0.4081615732954533,0.0773328866106244,0.0,0.42907645472194555,0.07763968489720392,0.0
0.4081615732954533,0.0773328866106244,0.0,0.39887290910382656,0.09465952876276996,0.0
0.4081615732954533,0.0773328866106244,0.0,0.4188736929514101,0.09480155522316552,0.0
0.41863462295266823,0.05944833925433719,0.0,0.40855955535165484,0.0414225085484466,0.0
0.41863462295266823,0.05944833925433719,0.0,0.42907645472194555,0.07763968489720392,0.0
0.41863462295266823,0.05944833925433719,0.0,0.43884932006385696,0.05992893060931926,0.0
0.41863462295266823,0.05944833925433719,0.0,0.42929236019576494,0.041832625501452565,0.0
0.40855955535165484,0.0414225085484466,0.0,0.38776040687494684,0.03902526774172738,0.0
0.40855955535165484,0.0414225085484466,0.0,0.40007297325564006,0.022822511800347653,0.0
0.40855955535165484,0.0414225085484466,0.0,0.4202608984470256,0.023802568893569624,0.0
0.40855955535165484,0.0414225085484466,0.0,0.42929236019576494,0.041832625501452565,0.0
0.10142181992566546,0.15260155732775144,0.0,0.08886193173890036,0.13869696922609917,0.0
0.10142181992566546,0.15260155732775144,0.0,0.11376097272736965,0.16727402411384923,0.0
0.10142181992566546,0.15260155732775144,0.0,0.12108695606252824,0.14970757323628284,0.0
0.10142181992566546,0.15260155732775144,0.0,0.10899159092475146,0.13674431353212135,0.0
0.8041395205827809,-0.007805912125649244,0.0,0.8237381445199945,-0.006037717906348105,0.0
0.8041395205827809,-0.007805912125649244,0.0,0.8121642478122907,0.013055866218105248,0.0
0.8237381445199945,-0.006037717906348105,0.0,0.8121642478122907,0.013055866218105248,0.0
0.8237381445199945,-0.006037717906348105,0.0,0.8317490857968846,0.01290417877514112,0.0
0.8237381445199945,-0.006037717906348105,0.0,0.8433012930213926,-0.003911208139239301,0.0
0.8121642478122907,0.013055866218105248,0.0,0.8317490857968846,0.01290417877514112,0.0
0.8121642478122907,0.013055866218105248,0.0,0.8200870289891481,0.03288682938557796,0.0
0.27808887877391486,0.02349853874319785,0.0,0.28648018856448704,0.007605577286814103,0.0
0.27808887877391486,0.02349853874319785,0.0,0.2980489570827047,0.02434561817128279,0.0
0.27808887877391486,0.02349853874319785,0.0,0.258264206407685,0.023315507307736474,0.0
0.27808887877391486,0.02349853874319785,0.0,0.2654467218139643,0.0058911297707589586,0.0
0.27808887877391486,0.02349853874319785,0.0,0.28983278700820503,0.04102277555920321,0.0
0.27808887877391486,0.02349853874319785,0.0,0.2698532598941168,0.04023204350767157,0.0
0.28648018856448704,0.007605577286814103,0.0,0.2980489570827047,0.02434561817128279,0.0
0.28648018856448704,0.007605577286814103,0.0,0.3058926181542431,0.007909441145867363,0.0
0.28648018856448704,0.007605577286814103,0.0,0.2654467218139643,0.0058911297707589586,0.0
0.28648018856448704,0.007605577286814103,0.0,0.29449262991191233,-0.00850956863996813,0.0
0.28648018856448704,0.007605577286814103,0.0,0.274842123421201,-0.00954896183593258,0.0
0.2980489570827047,0.02434561817128279,0.0,0.3058926181542431,0.007909441145867363,0.0
0.2980489570827047,0.02434561817128279,0.0,0.3181977146002322,0.02471153958447932,0.0
0.2980489570827047,0.02434561817128279,0.0,0.3098015349851604,0.041325801959502695,0.0
0.2980489570827047,0.02434561817128279,0.0,0.28983278700820503,0.04102277555920321,0.0
0.3058926181542431,0.007909441145867363,0.0,0.3181977146002322,0.02471153958447932,0.0
0.3058926181542431,0.007909441145867363,0.0,0.3242187492520568,0.009151537006225601,0.0
0.3058926181542431,0.007909441145867363,0.0,0.29449262991191233,-0.00850956863996813,0.0
0.3058926181542431,0.007909441145867363,0.0,0.3141095772581788,-0.006958923374161193,0.0
0.8497836094779126,0.18264360893232046,0.0,0.8643684160771146,0.17742395705899597,0.0
0.8497836094779126,0.18264360893232046,0.0,0.8627921253644149,0.1984719234020252,0.0
0.8497836094779126,0.18264360893232046,0.0,0.8432487611881002,0.1961150490981094,0.0
0.6589999870061933,0.014469847685163757,0.0,0.6511455645255567,0.03454927303924077,0.0
0.6589999870061933,0.014469847685163757,0.0,0.6713368521635975,0.033618372306978526,0.0
0.6589999870061933,0.014469847685163757,0.0,0.6666419910075162,-0.005029647308950853,0.0
0.6589999870061933,0.014469847685163757,0.0,0.6787463767236309,0.01321707951818882,0.0
0.6589999870061933,0.014469847685163757,0.0,0.64709334927788,-0.002773149908710543,0.0
0.6589999870061933,0.014469847685163757,0.0,0.6393365470145919,0.016741763944567816,0.0
0.6511455645255567,0.03454927303924077,0.0,0.6713368521635975,0.033618372306978526,0.0
0.6511455645255567,0.03454927303924077,0.0,0.6393365470145919,0.016741763944567816,0.0
0.6511455645255567,0.03454927303924077,0.0,0.6313544061958254,0.03624322135771919,0.0
0.6511455645255567,0.03454927303924077,0.0,0.6425426622069825,0.05239260064294586,0.0
0.6511455645255567,0.03454927303924077,0.0,0.662580051233616,0.0508860034041004,0.0
0.6713368521635975,0.033618372306978526,0.0,0.6787463767236309,0.01321707951818882,0.0
0.6713368521635975,0.033618372306978526,0.0,0.662580051233616,0.0508860034041004,0.0
0.6137007993837668,0.18442877527530957,0.0,0.6208486503728219,0.16707132897044275,0.0
0.6137007993837668,0.18442877527530957,0.0,0.6336764177500286,0.1825583743773542,0.0
0.6137007993837668,0.18442877527530957,0.0,0.6079079889629149,0.2021313692806051,0.0
0.6137007993837668,0.18442877527530957,0.0,0.6274414338011367,0.1996932485171144,0.0
0.6208486503728219,0.16707132897044275,0.0,0.6336764177500286,0.1825583743773542,0.0
0.6208486503728219,0.16707132897044275,0.0,0.6399473028920918,0.16590019365326023,0.0
0.6208486503728219,0.16707132897044275,0.0,0.6278864622037977,0.15013548658083062,0.0
0.6208486503728219,0.16707132897044275,0.0,0.6078960079171797,0.14982723312614105,0.0
0.6336764177500286,0.1825583743773542,0.0,0.6399473028920918,0.16590019365326023,0.0
0.6336764177500286,0.1825583743773542,0.0,0.6274414338011367,0.1996932485171144,0.0
0.6336764177500286,0.1825583743773542,0.0,0.6469771203754761,0.1972732467138197,0.0
0.6336764177500286,0.1825583743773542,0.0,0.6531431421798862,0.18098346899093642,0.0
0.01753721064715587,0.08000839674814314,0.0,0.03663176039743806,0.08872636372190032,0.0
0.01753721064715587,0.08000839674814314,0.0,0.01752083536778928,0.09975784099112804,0.0
0.01753721064715587,0.08000839674814314,0.0,0.019730219012925296,0.057916683344354895,0.0
0.01753721064715587,0.08000839674814314,0.0,0.03206876901500821,0.07019539137232682,0.0
0.01753721064715587,0.08000839674814314,0.0,0.0002334111370453746,0.0699778706682384,0.0
0.01753721064715587,0.08000839674814314,0.0,0.0002000666888959734,0.08998115907908574,0.0
0.03663176039743806,0.08872636372190032,0.0,0.01752083536778928,0.09975784099112804,0.0
0.03663176039743806,0.08872636372190032,0.0,0.03230844619842038,0.10709981816716886,0.0
0.03663176039743806,0.08872636372190032,0.0,0.03206876901500821,0.07019539137232682,0.0
0.03663176039743806,0.08872636372190032,0.0,0.058935578467560985,0.08811282764973553,0.0
0.03663176039743806,0.08872636372190032,0.0,0.04968629322251583,0.07057302553307451,0.0
0.03663176039743806,0.08872636372190032,0.0,0.04861710891714859,0.1052482800925222,0.0
0.01752083536778928,0.09975784099112804,0.0,0.03230844619842038,0.10709981816716886,0.0
0.01752083536778928,0.09975784099112804,0.0,0.01837848784106829,0.12128504948819399,0.0
0.01752083536778928,0.09975784099112804,0.0,0.0001667222407464953,0.10998440513411323,0.0
0.01752083536778928,0.09975784099112804,0.0,0.0002000666888959734,0.08998115907908574,0.0
0.6666419910075162,-0.005029647308950853,0.0,0.6862225159257117,-0.006988962392722994,0.0
0.6666419910075162,-0.005029647308950853,0.0,0.6787463767236309,0.01321707951818882,0.0
0.6666419910075162,-0.005029647308950853,0.0,0.64709334927788,-0.002773149908710543,0.0
0.6862225159257117,-0.006988962392722994,0.0,0.6787463767236309,0.01321707951818882,0.0
0.6862225159257117,-0.006988962392722994,0.0,0.705840085512351,-0.008531671700660543,0.0
0.8951928474397579,0.18566306714011535,0.0,0.9155300332603749,0.17383424301848394,0.0
0.8951928474397579,0.18566306714011535,0.0,0.9133705889387109,0.191557527097031,0.0
0.8951928474397579,0.18566306714011535,0.0,0.8979001374994432,0.16850297518342755,0.0
0.8951928474397579,0.18566306714011535,0.0,0.8813610271280352,0.17292425575914291,0.0
0.8951928474397579,0.18566306714011535,0.0,0.8823244412923026,0.2009191174150899,0.0
0.8951928474397579,0.18566306714011535,0.0,0.901863450217593,0.2033120094520914,0.0
0.8951928474397579,0.18566306714011535,0.0,0.8772077658995716,0.1870804603569128,0.0
0.9155300332603749,0.17383424301848394,0.0,0.9133705889387109,0.191557527097031,0.0
0.9155300332603749,0.17383424301848394,0.0,0.8979001374994432,0.16850297518342755,0.0
0.9155300332603749,0.17383424301848394,0.0,0.9348318320677315,0.17142094233575897,0.0
0.9155300332603749,0.17383424301848394,0.0,0.9328412574506733,0.18946971534282964,0.0
0.9155300332603749,0.17383424301848394,0.0,0.9272487349697346,0.15588713162271792,0.0
0.9155300332603749,0.17383424301848394,0.0,0.9080894126426772,0.15490676201081602,0.0
0.9133705889387109,0.191557527097031,0.0,0.9328412574506733,0.18946971534282964,0.0
0.9133705889387109,0.191557527097031,0.0,0.901863450217593,0.2033120094520914,0.0
0.9133705889387109,0.191557527097031,0.0,0.921425379683128,0.2055086350647987,0.0
0.8979001374994432,0.16850297518342755,0.0,0.889327384713465,0.15518656231164907,0.0
0.8979001374994432,0.16850297518342755,0.0,0.8813610271280352,0.17292425575914291,0.0
0.8979001374994432,0.16850297518342755,0.0,0.9080894126426772,0.15490676201081602,0.0
0.6399473028920918,0.16590019365326023,0.0,0.6478910467904595,0.15007640092287947,0.0
0.6399473028920918,0.16590019365326023,0.0,0.6278864622037977,0.15013548658083062,0.0
0.6399473028920918,0.16590019365326023,0.0,0.6531431421798862,0.18098346899093642,0.0
0.6399473028920918,0.16590019365326023,0.0,0.6587574242756402,0.16412658147098327,0.0
0.08886193173890036,0.13869696922609917,0.0,0.0782917770974555,0.12312346710537839,0.0
0.08886193173890036,0.13869696922609917,0.0,0.09845335222357736,0.1222888633161511,0.0
0.08886193173890036,0.13869696922609917,0.0,0.06797328391520308,0.1402588897048891,0.0
0.08886193173890036,0.13869696922609917,0.0,0.10899159092475146,0.13674431353212135,0.0
0.540959909858557,0.061006165728356244,0.0,0.5513067676605946,0.042369678617334885,0.0
0.540959909858557,0.061006165728356244,0.0,0.5629805135723068,0.0588391472114434,0.0
0.540959909858557,0.061006165728356244,0.0,0.5304511577456972,0.04360770792509664,0.0
0.540959909858557,0.061006165728356244,0.0,0.5196011652284047,0.061870524526781004,0.0
0.5513067676605946,0.042369678617334885,0.0,0.5629805135723068,0.0588391472114434,0.0
0.5513067676605946,0.042369678617334885,0.0,0.5304511577456972,0.04360770792509664,0.0
0.5513067676605946,0.042369678617334885,0.0,0.5405104418863825,0.025708404497530323,0.0
0.5513067676605946,0.042369678617334885,0.0,0.5717046608708052,0.04085297968826863,0.0
0.5513067676605946,0.042369678617334885,0.0,0.5604278963605408,0.02433942718588979,0.0
0.5629805135723068,0.0588391472114434,0.0,0.5842654954111891,0.06012834754598004,0.0
0.5629805135723068,0.0588391472114434,0.0,0.5717046608708052,0.04085297968826863,0.0
0.38055002748550776,0.019039418150460893,0.0,0.38776040687494684,0.03902526774172738,0.0
0.38055002748550776,0.019039418150460893,0.0,0.36845169085286944,0.035349432678231325,0.0
0.38055002748550776,0.019039418150460893,0.0,0.3922938370518906,0.002123789460231229,0.0
0.38055002748550776,0.019039418150460893,0.0,0.40007297325564006,0.022822511800347653,0.0
0.38055002748550776,0.019039418150460893,0.0,0.36106115170886616,0.015644280614910033,0.0
0.38055002748550776,0.019039418150460893,0.0,0.37276680642933546,-0.00031294908896979353,0.0
0.38776040687494684,0.03902526774172738,0.0,0.36845169085286944,0.035349432678231325,0.0
0.38776040687494684,0.03902526774172738,0.0,0.40007297325564006,0.022822511800347653,0.0
0.36845169085286944,0.035349432678231325,0.0,0.36106115170886616,0.015644280614910033,0.0
0.8188296377714148,0.10293690750984749,0.0,0.8080795525747632,0.12117830677949296,0.0
0.8188296377714148,0.10293690750984749,0.0,0.798674964168606,0.10224085573094678,0.0
0.8188296377714148,0.10293690750984749,0.0,0.8090995461958579,0.08475041578079295,0.0
0.8188296377714148,0.10293690750984749,0.0,0.8291236870342439,0.08517527583648347,0.0
0.049256945134641385,0.18912609361301555,0.0,0.032008986975812614,0.17601795820781013,0.0
0.049256945134641385,0.18912609361301555,0.0,0.034197209984123796,0.19536969506406632,0.0
0.049256945134641385,0.18912609361301555,0.0,0.048527424218897997,0.17007339205331928,0.0
0.049256945134641385,0.18912609361301555,0.0,0.06788654901335242,0.1930993821388928,0.0
0.049256945134641385,0.18912609361301555,0.0,0.03934595430376511,0.2088023656195966,0.0
0.049256945134641385,0.18912609361301555,0.0,0.05897878113556556,0.2073769316422593,0.0
0.032008986975812614,0.17601795820781013,0.0,0.034197209984123796,0.19536969506406632,0.0
0.032008986975812614,0.17601795820781013,0.0,0.048527424218897997,0.17007339205331928,0.0
0.032008986975812614,0.17601795820781013,0.0,0.01747844459930629,0.15835527496235824,0.0
0.032008986975812614,0.17601795820781013,0.0,0.03823605605662498,0.15673217620470667,0.0
0.032008986975812614,0.17601795820781013,0.0,0.022022966510424378,0.1877082925094822,0.0
0.032008986975812614,0.17601795820781013,0.0,0.014343829987880788,0.17476084804399702,0.0
0.034197209984123796,0.19536969506406632,0.0,0.022022966510424378,0.1877082925094822,0.0
0.034197209984123796,0.19536969506406632,0.0,0.03934595430376511,0.2088023656195966,0.0
0.034197209984123796,0.19536969506406632,0.0,0.01968189381931244,0.2096956954280177,0.0
0.8317490857968846,0.01290417877514112,0.0,0.8200870289891481,0.03288682938557796,0.0
0.8317490857968846,0.01290417877514112,0.0,0.8404114203716371,0.032852553462581056,0.0
0.8317490857968846,0.01290417877514112,0.0,0.8517833736780229,0.015828630939336025,0.0
0.8317490857968846,0.01290417877514112,0.0,0.8433012930213926,-0.003911208139239301,0.0
0.8200870289891481,0.03288682938557796,0.0,0.8404114203716371,0.032852553462581056,0.0
0.8200870289891481,0.03288682938557796,0.0,0.8097654895876801,0.05003487086793151,0.0
0.8200870289891481,0.03288682938557796,0.0,0.8297637481810576,0.05040040374868137,0.0
0.8404114203716371,0.032852553462581056,0.0,0.8517833736780229,0.015828630939336025,0.0
0.8404114203716371,0.032852553462581056,0.0,0.8595109185738014,0.0337262721636331,0.0
0.8404114203716371,0.032852553462581056,0.0,0.8297637481810576,0.05040040374868137,0.0
0.8404114203716371,0.032852553462581056,0.0,0.8493505684678468,0.05063749780089816,0.0
0.8697969030400642,0.12184958860034004,0.0,0.8798429519677584,0.13900046113013606,0.0
0.8697969030400642,0.12184958860034004,0.0,0.889114089268027,0.12087521720933492,0.0
0.8697969030400642,0.12184958860034004,0.0,0.878806051937095,0.10360377083480689,0.0
0.392092013242154,0.2021313695513354,0.0,0.4116407029594826,0.2044434291270096,0.0
0.392092013242154,0.2021313695513354,0.0,0.407695830592182,0.18325191327402449,0.0
0.392092013242154,0.2021313695513354,0.0,0.38463921932705286,0.18304316801186682,0.0
0.392092013242154,0.2021313695513354,0.0,0.3725585682950345,0.1996932487804034,0.0
0.4116407029594826,0.2044434291270096,0.0,0.407695830592182,0.18325191327402449,0.0
0.4116407029594826,0.2044434291270096,0.0,0.42338926294910667,0.19176923875742288,0.0
0.4116407029594826,0.2044434291270096,0.0,0.4312186625324201,0.2064914855210821,0.0
0.407695830592182,0.18325191327402449,0.0,0.38463921932705286,0.18304316801186682,0.0
0.407695830592182,0.18325191327402449,0.0,0.397596599703289,0.16368189951004133,0.0
0.407695830592182,0.18325191327402449,0.0,0.41711461596843613,0.16301997432093399,0.0
0.407695830592182,0.18325191327402449,0.0,0.428146520651709,0.17652606881366614,0.0
0.407695830592182,0.18325191327402449,0.0,0.42338926294910667,0.19176923875742288,0.0
0.6882065907143435,0.08396803464264553,0.0,0.6670222156787247,0.08366721831189418,0.0
0.6882065907143435,0.08396803464264553,0.0,0.6988238814107455,0.10008054411874791,0.0
0.6882065907143435,0.08396803464264553,0.0,0.6788178258407552,0.10023280473178725,0.0
0.6882065907143435,0.08396803464264553,0.0,0.7089817421345628,0.08339741172997794,0.0
0.8080795525747632,0.12117830677949296,0.0,0.7969298985277836,0.13946248559019847,0.0
0.8080795525747632,0.12117830677949296,0.0,0.8172381294132237,0.140718342431302,0.0
0.8080795525747632,0.12117830677949296,0.0,0.798674964168606,0.10224085573094678,0.0
0.8080795525747632,0.12117830677949296,0.0,0.7877614736886331,0.12116020814535439,0.0
0.7969298985277836,0.13946248559019847,0.0,0.8172381294132237,0.140718342431302,0.0
0.7969298985277836,0.13946248559019847,0.0,0.7877614736886331,0.12116020814535439,0.0
0.7969298985277836,0.13946248559019847,0.0,0.7769759148002118,0.13849277173728836,0.0
0.7969298985277836,0.13946248559019847,0.0,0.8063719624644331,0.15785684846629494,0.0
0.7969298985277836,0.13946248559019847,0.0,0.7861100062231963,0.1567124087770653,0.0
0.8172381294132237,0.140718342431302,0.0,0.8063719624644331,0.15785684846629494,0.0
0.7180010677266067,0.0657696044739981,0.0,0.7047038818503953,0.04865003958215523,0.0
0.7180010677266067,0.0657696044739981,0.0,0.7291096023592136,0.08330093776767018,0.0
0.7180010677266067,0.0657696044739981,0.0,0.7089817421345628,0.08339741172997794,0.0
0.048527424218897997,0.17007339205331928,0.0,0.03823605605662498,0.15673217620470667,0.0
0.048527424218897997,0.17007339205331928,0.0,0.057660493451910974,0.15708490545076872,0.0
0.08990288158084292,0.02231759949564534,0.0,0.07035947856433711,0.036290435037658164,0.0
0.08990288158084292,0.02231759949564534,0.0,0.08901680797985202,0.04100848328775342,0.0
0.08990288158084292,0.02231759949564534,0.0,0.07036550509150767,0.01891857079410328,0.0
0.08990288158084292,0.02231759949564534,0.0,0.07887965339752828,0.005444270240994565,0.0
0.08990288158084292,0.02231759949564534,0.0,0.09843457185754258,0.003244301595177556,0.0
0.07035947856433711,0.036290435037658164,0.0,0.08901680797985202,0.04100848328775342,0.0
0.07035947856433711,0.036290435037658164,0.0,0.07036550509150767,0.01891857079410328,0.0
0.07035947856433711,0.036290435037658164,0.0,0.05339452000737111,0.023222498966501415,0.0
0.07035947856433711,0.036290435037658164,0.0,0.047970797656840404,0.03954544626743152,0.0
0.07035947856433711,0.036290435037658164,0.0,0.059632137774194904,0.05429142111647117,0.0
0.07035947856433711,0.036290435037658164,0.0,0.07957421988549859,0.0543901772006778,0.0
0.08901680797985202,0.04100848328775342,0.0,0.09893925341795179,0.05471250287486705,0.0
0.08901680797985202,0.04100848328775342,0.0,0.07957421988549859,0.0543901772006778,0.0
0.9606540458959356,0.2088023656315051,0.0,0.980318106281572,0.2096956954311213,0.0
0.9606540458959356,0.2088023656315051,0.0,0.9678978063961148,0.19117770497352699,0.0
0.9606540458959356,0.2088023656315051,0.0,0.9410212191544387,0.2073769316668632,0.0
0.9606540458959356,0.2088023656315051,0.0,0.950906947204376,0.19540555861321166,0.0
0.980318106281572,0.2096956954311213,0.0,0.9678978063961148,0.19117770497352699,0.0
0.980318106281572,0.2096956954311213,0.0,0.9854716821462347,0.1951615380800854,0.0
0.980318106281572,0.2096956954311213,0.0,1.0,0.21,0.0
0.9678978063961148,0.19117770497352699,0.0,0.965358965483976,0.16999399946648447,0.0
0.9678978063961148,0.19117770497352699,0.0,0.9500134133525604,0.17940210032451948,0.0
0.9678978063961148,0.19117770497352699,0.0,0.9854716821462347,0.1951615380800854,0.0
0.9678978063961148,0.19117770497352699,0.0,0.983173047610552,0.17914044075056607,0.0
0.9678978063961148,0.19117770497352699,0.0,0.950906947204376,0.19540555861321166,0.0
0.38463921932705286,0.18304316801186682,0.0,0.397596599703289,0.16368189951004133,0.0
0.38463921932705286,0.18304316801186682,0.0,0.3766060111610307,0.16376572006141424,0.0
0.38463921932705286,0.18304316801186682,0.0,0.36477633312762714,0.18089069133907906,0.0
0.38463921932705286,0.18304316801186682,0.0,0.3725585682950345,0.1996932487804034,0.0
0.397596599703289,0.16368189951004133,0.0,0.3766060111610307,0.16376572006141424,0.0
0.397596599703289,0.16368189951004133,0.0,0.41711461596843613,0.16301997432093399,0.0
0.397596599703289,0.16368189951004133,0.0,0.3879244011444939,0.14617493010856328,0.0
0.397596599703289,0.16368189951004133,0.0,0.40783634576146344,0.14637586499702557,0.0
0.3766060111610307,0.16376572006141424,0.0,0.35663000692291097,0.16236261902034738,0.0
0.3766060111610307,0.16376572006141424,0.0,0.36477633312762714,0.18089069133907906,0.0
0.3766060111610307,0.16376572006141424,0.0,0.3677550424300539,0.1456819588297093,0.0
0.3766060111610307,0.16376572006141424,0.0,0.3879244011444939,0.14617493010856328,0.0
0.07036550509150767,0.01891857079410328,0.0,0.05339452000737111,0.023222498966501415,0.0
0.07036550509150767,0.01891857079410328,0.0,0.07887965339752828,0.005444270240994565,0.0
0.07036550509150767,0.01891857079410328,0.0,0.059291003544101384,0.007318072544634142,0.0
0.3922938370518906,0.002123789460231229,0.0,0.41183623005094755,0.004433086257921015,0.0
0.3922938370518906,0.002123789460231229,0.0,0.40007297325564006,0.022822511800347653,0.0
0.3922938370518906,0.002123789460231229,0.0,0.37276680642933546,-0.00031294908896979353,0.0
0.41183623005094755,0.004433086257921015,0.0,0.40007297325564006,0.022822511800347653,0.0
0.41183623005094755,0.004433086257921015,0.0,0.4202608984470256,0.023802568893569624,0.0
0.41183623005094755,0.004433086257921015,0.0,0.431407942356306,0.006477236617797856,0.0
0.40007297325564006,0.022822511800347653,0.0,0.4202608984470256,0.023802568893569624,0.0
0.7548681819772994,0.007107087850343508,0.0,0.7605859926942596,0.030237588859217297,0.0
0.7548681819772994,0.007107087850343508,0.0,0.7366839575382725,0.006856749798548355,0.0
0.7548681819772994,0.007107087850343508,0.0,0.74506189186958,0.02200006157486089,0.0
0.7548681819772994,0.007107087850343508,0.0,0.7451637521763221,-0.010013816599373277,0.0
0.7786094107734305,0.10192225474384664,0.0,0.798674964168606,0.10224085573094678,0.0
0.7786094107734305,0.10192225474384664,0.0,0.7877614736886331,0.12116020814535439,0.0
0.7786094107734305,0.10192225474384664,0.0,0.7679085282695028,0.11973279192243957,0.0
0.7786094107734305,0.10192225474384664,0.0,0.7691254022346657,0.08392510938151129,0.0
0.7786094107734305,0.10192225474384664,0.0,0.7890958094447698,0.08437576603533994,0.0
0.7786094107734305,0.10192225474384664,0.0,0.7587678025720166,0.10104249997890226,0.0
0.798674964168606,0.10224085573094678,0.0,0.7877614736886331,0.12116020814535439,0.0
0.798674964168606,0.10224085573094678,0.0,0.8090995461958579,0.08475041578079295,0.0
0.798674964168606,0.10224085573094678,0.0,0.7890958094447698,0.08437576603533994,0.0
0.7877614736886331,0.12116020814535439,0.0,0.7769759148002118,0.13849277173728836,0.0
0.7877614736886331,0.12116020814535439,0.0,0.7679085282695028,0.11973279192243957,0.0
0.06788654901335242,0.1930993821388928,0.0,0.07857462076905876,0.2055086350173741,0.0
0.06788654901335242,0.1930993821388928,0.0,0.05897878113556556,0.2073769316422593,0.0
0.6275640410752842,-0.00035450562351978704,0.0,0.64709334927788,-0.002773149908710543,0.0
0.6275640410752842,-0.00035450562351978704,0.0,0.6393365470145919,0.016741763944567816,0.0
0.6275640410752842,-0.00035450562351978704,0.0,0.6198619550815754,0.018315893132927218,0.0
0.6275640410752842,-0.00035450562351978704,0.0,0.6080371240641075,0.002083159197136656,0.0
0.64709334927788,-0.002773149908710543,0.0,0.6393365470145919,0.016741763944567816,0.0
0.6393365470145919,0.016741763944567816,0.0,0.6198619550815754,0.018315893132927218,0.0
0.6393365470145919,0.016741763944567816,0.0,0.6313544061958254,0.03624322135771919,0.0
0.705840085512351,-0.008531671700660543,0.0,0.7254910805601829,-0.009561738204478377,0.0
0.7254910805601829,-0.009561738204478377,0.0,0.7366839575382725,0.006856749798548355,0.0
0.7254910805601829,-0.009561738204478377,0.0,0.7451637521763221,-0.010013816599373277,0.0
0.7358694813009448,0.1720773776700756,0.0,0.7273261367182888,0.15298523337283096,0.0
0.7358694813009448,0.1720773776700756,0.0,0.7253997900510565,0.1904740301919498,0.0
0.7358694813009448,0.1720773776700756,0.0,0.7467488624687367,0.1550029237984291,0.0
0.7358694813009448,0.1720773776700756,0.0,0.7556069629810582,0.17279340806485471,0.0
0.7358694813009448,0.1720773776700756,0.0,0.7450787942757616,0.1900191158835712,0.0
0.7273261367182888,0.15298523337283096,0.0,0.7467488624687367,0.1550029237984291,0.0
0.7273261367182888,0.15298523337283096,0.0,0.7376551099790671,0.13616818159946772,0.0
0.7273261367182888,0.15298523337283096,0.0,0.7180920272833272,0.13490966713396865,0.0
0.770873546621777,0.04905896333642966,0.0,0.7605859926942596,0.030237588859217297,0.0
0.770873546621777,0.04905896333642966,0.0,0.7550305494879523,0.05044610563354225,0.0
0.770873546621777,0.04905896333642966,0.0,0.7794457361688691,0.06680208243902198,0.0
0.770873546621777,0.04905896333642966,0.0,0.7605475688826929,0.06693721346762548,0.0
0.770873546621777,0.04905896333642966,0.0,0.7898798053828241,0.04952437426559439,0.0
0.7605859926942596,0.030237588859217297,0.0,0.7550305494879523,0.05044610563354225,0.0
0.7605859926942596,0.030237588859217297,0.0,0.74506189186958,0.02200006157486089,0.0
0.7550305494879523,0.05044610563354225,0.0,0.7605475688826929,0.06693721346762548,0.0
0.9697229344006945,0.026244058417153847,0.0,0.9595135276685162,0.041325927462796445,0.0
0.9697229344006945,0.026244058417153847,0.0,0.9814671546471062,0.04095558372975202,0.0
0.9697229344006945,0.026244058417153847,0.0,0.949511958951739,0.025151666376124645,0.0
0.9697229344006945,0.026244058417153847,0.0,0.9606674406570918,0.008770870755460217,0.0
0.9697229344006945,0.026244058417153847,0.0,0.9803248193303473,0.009663622880030849,0.0
0.9697229344006945,0.026244058417153847,0.0,0.9855625364188172,0.024224199615051376,0.0
0.9595135276685162,0.041325927462796445,0.0,0.9814671546471062,0.04095558372975202,0.0
0.9595135276685162,0.041325927462796445,0.0,0.9682647369170774,0.05500818199681753,0.0
0.9595135276685162,0.041325927462796445,0.0,0.9486385664182142,0.059565757631092356,0.0
0.9595135276685162,0.041325927462796445,0.0,0.9379571989263804,0.041482685186231154,0.0
0.9595135276685162,0.041325927462796445,0.0,0.949511958951739,0.025151666376124645,0.0
0.9814671546471062,0.04095558372975202,0.0,0.9682647369170774,0.05500818199681753,0.0
0.9814671546471062,0.04095558372975202,0.0,1.0,0.049974599781755426,0.0
0.9814671546471062,0.04095558372975202,0.0,0.9832148522780209,0.060903578759704875,0.0
0.9814671546471062,0.04095558372975202,0.0,1.0,0.029971214390463997,0.0
0.9814671546471062,0.04095558372975202,0.0,0.9855625364188172,0.024224199615051376,0.0
0.9485257387782167,0.15851155203758538,0.0,0.965358965483976,0.16999399946648447,0.0
0.9485257387782167,0.15851155203758538,0.0,0.9500134133525604,0.17940210032451948,0.0
0.9485257387782167,0.15851155203758538,0.0,0.9581413807897741,0.13939598066555722,0.0
0.9485257387782167,0.15851155203758538,0.0,0.9670157841722088,0.1534991263547107,0.0
0.9485257387782167,0.15851155203758538,0.0,0.9348318320677315,0.17142094233575897,0.0
0.9485257387782167,0.15851155203758538,0.0,0.9379597414574014,0.13913617375809348,0.0
0.9485257387782167,0.15851155203758538,0.0,0.9272487349697346,0.15588713162271792,0.0
0.965358965483976,0.16999399946648447,0.0,0.9500134133525604,0.17940210032451948,0.0
0.965358965483976,0.16999399946648447,0.0,0.9670157841722088,0.1534991263547107,0.0
0.965358965483976,0.16999399946648447,0.0,0.983173047610552,0.17914044075056607,0.0
0.965358965483976,0.16999399946648447,0.0,0.9826794826904881,0.1599923583190164,0.0
0.9500134133525604,0.17940210032451948,0.0,0.9348318320677315,0.17142094233575897,0.0
0.9500134133525604,0.17940210032451948,0.0,0.9328412574506733,0.18946971534282964,0.0
0.9500134133525604,0.17940210032451948,0.0,0.950906947204376,0.19540555861321166,0.0
0.5304511577456972,0.04360770792509664,0.0,0.5100726854190345,0.044123719242825724,0.0
0.5304511577456972,0.04360770792509664,0.0,0.5196011652284047,0.061870524526781004,0.0
0.5304511577456972,0.04360770792509664,0.0,0.5202559770653457,0.02656779243192548,0.0
0.5304511577456972,0.04360770792509664,0.0,0.5405104418863825,0.025708404497530323,0.0
0.7769759148002118,0.13849277173728836,0.0,0.7572048209714947,0.1372726258185769,0.0
0.7769759148002118,0.13849277173728836,0.0,0.7679085282695028,0.11973279192243957,0.0
0.7769759148002118,0.13849277173728836,0.0,0.7861100062231963,0.1567124087770653,0.0
0.7769759148002118,0.13849277173728836,0.0,0.7662569975358076,0.15590126979990837,0.0
0.7572048209714947,0.1372726258185769,0.0,0.7679085282695028,0.11973279192243957,0.0
0.7572048209714947,0.1372726258185769,0.0,0.7481317539671387,0.11850635755162424,0.0
0.7572048209714947,0.1372726258185769,0.0,0.7467488624687367,0.1550029237984291,0.0
0.7572048209714947,0.1372726258185769,0.0,0.7376551099790671,0.13616818159946772,0.0
0.7572048209714947,0.1372726258185769,0.0,0.7662569975358076,0.15590126979990837,0.0
0.7679085282695028,0.11973279192243957,0.0,0.7481317539671387,0.11850635755162424,0.0
0.7679085282695028,0.11973279192243957,0.0,0.7587678025720166,0.10104249997890226,0.0
0.9854716821462347,0.1951615380800854,0.0,0.983173047610552,0.17914044075056607,0.0
0.9854716821462347,0.1951615380800854,0.0,1.0,0.18999699138575252,0.0
0.9854716821462347,0.1951615380800854,0.0,1.0,0.21,0.0
0.6670222156787247,0.08366721831189418,0.0,0.6549549646059571,0.06805468986122339,0.0
0.6670222156787247,0.08366721831189418,0.0,0.6471248147065006,0.08461499761972938,0.0
0.6670222156787247,0.08366721831189418,0.0,0.6788178258407552,0.10023280473178725,0.0
0.6670222156787247,0.08366721831189418,0.0,0.6588209419744827,0.09992052413716063,0.0
0.6549549646059571,0.06805468986122339,0.0,0.6471248147065006,0.08461499761972938,0.0
0.6549549646059571,0.06805468986122339,0.0,0.6425426622069825,0.05239260064294586,0.0
0.6549549646059571,0.06805468986122339,0.0,0.662580051233616,0.0508860034041004,0.0
0.6549549646059571,0.06805468986122339,0.0,0.6349858236440323,0.06923514608087347,0.0
0.35663000692291097,0.16236261902034738,0.0,0.36477633312762714,0.18089069133907906,0.0
0.35663000692291097,0.16236261902034738,0.0,0.34520137853000776,0.17920614995384465,0.0
0.35663000692291097,0.16236261902034738,0.0,0.3364271194810164,0.16039817710713486,0.0
0.35663000692291097,0.16236261902034738,0.0,0.3677550424300539,0.1456819588297093,0.0
0.35663000692291097,0.16236261902034738,0.0,0.34757149950126026,0.1445088697073984,0.0
0.36477633312762714,0.18089069133907906,0.0,0.34520137853000776,0.17920614995384465,0.0
0.36477633312762714,0.18089069133907906,0.0,0.3530228816138251,0.1972732469543295,0.0
0.36477633312762714,0.18089069133907906,0.0,0.3725585682950345,0.1996932487804034,0.0
0.6471248147065006,0.08461499761972938,0.0,0.6388217764558197,0.09985010375298022,0.0
0.6471248147065006,0.08461499761972938,0.0,0.6588209419744827,0.09992052413716063,0.0
0.6471248147065006,0.08461499761972938,0.0,0.6349858236440323,0.06923514608087347,0.0
0.6471248147065006,0.08461499761972938,0.0,0.6277847453052819,0.08558969250656465,0.0
0.4202608984470256,0.023802568893569624,0.0,0.431407942356306,0.006477236617797856,0.0
0.4202608984470256,0.023802568893569624,0.0,0.4400896916054444,0.02504081623789348,0.0
0.4202608984470256,0.023802568893569624,0.0,0.42929236019576494,0.041832625501452565,0.0
0.41711461596843613,0.16301997432093399,0.0,0.428146520651709,0.17652606881366614,0.0
0.41711461596843613,0.16301997432093399,0.0,0.4279118108555712,0.14691590085415437,0.0
0.41711461596843613,0.16301997432093399,0.0,0.43759985197769846,0.1638769435529582,0.0
0.41711461596843613,0.16301997432093399,0.0,0.40783634576146344,0.14637586499702557,0.0
0.428146520651709,0.17652606881366614,0.0,0.42338926294910667,0.19176923875742288,0.0
0.428146520651709,0.17652606881366614,0.0,0.43759985197769846,0.1638769435529582,0.0
0.428146520651709,0.17652606881366614,0.0,0.4400158092825996,0.1916367071983597,0.0
0.428146520651709,0.17652606881366614,0.0,0.4473724576024668,0.1762673624130493,0.0
0.8517833736780229,0.015828630939336025,0.0,0.8433012930213926,-0.003911208139239301,0.0
0.8517833736780229,0.015828630939336025,0.0,0.8628381759460161,-0.0015547093253975618,0.0
0.8517833736780229,0.015828630939336025,0.0,0.8710176048752876,0.01666507662283286,0.0
0.8517833736780229,0.015828630939336025,0.0,0.8595109185738014,0.0337262721636331,0.0
0.7057425391897695,0.1915070909240959,0.0,0.7253997900510565,0.1904740301919498,0.0
0.7057425391897695,0.1915070909240959,0.0,0.6861187615548019,0.1930527247722307,0.0
0.7253997900510565,0.1904740301919498,0.0,0.7450787942757616,0.1900191158835712,0.0
0.03230844619842038,0.10709981816716886,0.0,0.01837848784106829,0.12128504948819399,0.0
0.03230844619842038,0.10709981816716886,0.0,0.03892601147798513,0.12263242293304843,0.0
0.03230844619842038,0.10709981816716886,0.0,0.04861710891714859,0.1052482800925222,0.0
0.04009679518570295,0.0560937753406509,0.0,0.019730219012925296,0.057916683344354895,0.0
0.04009679518570295,0.0560937753406509,0.0,0.03163550881506581,0.04228063057839199,0.0
0.04009679518570295,0.0560937753406509,0.0,0.047970797656840404,0.03954544626743152,0.0
0.04009679518570295,0.0560937753406509,0.0,0.03206876901500821,0.07019539137232682,0.0
0.04009679518570295,0.0560937753406509,0.0,0.04968629322251583,0.07057302553307451,0.0
0.04009679518570295,0.0560937753406509,0.0,0.059632137774194904,0.05429142111647117,0.0
0.019730219012925296,0.057916683344354895,0.0,0.03163550881506581,0.04228063057839199,0.0
0.019730219012925296,0.057916683344354895,0.0,0.016091850157890896,0.03858607210681828,0.0
0.019730219012925296,0.057916683344354895,0.0,0.03206876901500821,0.07019539137232682,0.0
0.019730219012925296,0.057916683344354895,0.0,0.0002334111370453746,0.0699778706682384,0.0
0.019730219012925296,0.057916683344354895,0.0,0.0002667555851949112,0.049974531651788646,0.0
0.03163550881506581,0.04228063057839199,0.0,0.016091850157890896,0.03858607210681828,0.0
0.03163550881506581,0.04228063057839199,0.0,0.0322901730068142,0.026628884368385695,0.0
0.03163550881506581,0.04228063057839199,0.0,0.047970797656840404,0.03954544626743152,0.0
0.9797723156284632,0.13983684371683808,0.0,0.9581413807897741,0.13939598066555722,0.0
0.9797723156284632,0.13983684371683808,0.0,0.9670157841722088,0.1534991263547107,0.0
0.9797723156284632,0.13983684371683808,0.0,0.9671357479572216,0.1259172244434492,0.0
0.9797723156284632,0.13983684371683808,0.0,0.9826794826904881,0.1599923583190164,0.0
0.9797723156284632,0.13983684371683808,0.0,1.0,0.12998764574425567,0.0
0.9797723156284632,0.13983684371683808,0.0,0.9826795044651042,0.11998604643496001,0.0
0.9797723156284632,0.13983684371683808,0.0,1.0,0.14999080165415132,0.0
0.9581413807897741,0.13939598066555722,0.0,0.9670157841722088,0.1534991263547107,0.0
0.9581413807897741,0.13939598066555722,0.0,0.9671357479572216,0.1259172244434492,0.0
0.9581413807897741,0.13939598066555722,0.0,0.9483887958372926,0.1205242279558504,0.0
0.9581413807897741,0.13939598066555722,0.0,0.9379597414574014,0.13913617375809348,0.0
0.9670157841722088,0.1534991263547107,0.0,0.9826794826904881,0.1599923583190164,0.0
0.9671357479572216,0.1259172244434492,0.0,0.9483887958372926,0.1205242279558504,0.0
0.9671357479572216,0.1259172244434492,0.0,0.965789159479571,0.1094301710325423,0.0
0.9671357479572216,0.1259172244434492,0.0,0.9826795044651042,0.11998604643496001,0.0
0.6198619550815754,0.018315893132927218,0.0,0.611507419993129,0.037648840147853205,0.0
0.6198619550815754,0.018315893132927218,0.0,0.6313544061958254,0.03624322135771919,0.0
0.6198619550815754,0.018315893132927218,0.0,0.5999914394401458,0.02081274197911065,0.0
0.6198619550815754,0.018315893132927218,0.0,0.6080371240641075,0.002083159197136656,0.0
0.611507419993129,0.037648840147853205,0.0,0.6313544061958254,0.03624322135771919,0.0
0.611507419993129,0.037648840147853205,0.0,0.5999914394401458,0.02081274197911065,0.0
0.611507419993129,0.037648840147853205,0.0,0.5918090472045318,0.03971360250747724,0.0
0.611507419993129,0.037648840147853205,0.0,0.6028820278431491,0.056029049930533883,0.0
0.611507419993129,0.037648840147853205,0.0,0.6226820681915881,0.05449594360979683,0.0
0.6313544061958254,0.03624322135771919,0.0,0.6226820681915881,0.05449594360979683,0.0
0.6313544061958254,0.03624322135771919,0.0,0.6425426622069825,0.05239260064294586,0.0
0.5891651600770583,0.08059348651840392,0.0,0.5842654954111891,0.06012834754598004,0.0
0.5891651600770583,0.08059348651840392,0.0,0.5996034669351931,0.07031097614554647,0.0
0.5891651600770583,0.08059348651840392,0.0,0.5989551585490391,0.09886966340039537,0.0
0.5891651600770583,0.08059348651840392,0.0,0.6084378205518086,0.0851598932664967,0.0
0.5842654954111891,0.06012834754598004,0.0,0.5996034669351931,0.07031097614554647,0.0
0.5842654954111891,0.06012834754598004,0.0,0.5918090472045318,0.03971360250747724,0.0
0.5842654954111891,0.06012834754598004,0.0,0.5717046608708052,0.04085297968826863,0.0
0.5842654954111891,0.06012834754598004,0.0,0.6028820278431491,0.056029049930533883,0.0
0.7481317539671387,0.11850635755162424,0.0,0.7376551099790671,0.13616818159946772,0.0
0.7481317539671387,0.11850635755162424,0.0,0.7388095590531005,0.10072849649881921,0.0
0.7481317539671387,0.11850635755162424,0.0,0.7283274566324978,0.11784276527646716,0.0
0.7481317539671387,0.11850635755162424,0.0,0.7587678025720166,0.10104249997890226,0.0
0.42907645472194555,0.07763968489720392,0.0,0.44893128031851015,0.07796186424016614,0.0
0.42907645472194555,0.07763968489720392,0.0,0.43884932006385696,0.05992893060931926,0.0
0.42907645472194555,0.07763968489720392,0.0,0.43887035798692176,0.09516668677819122,0.0
0.42907645472194555,0.07763968489720392,0.0,0.4188736929514101,0.09480155522316552,0.0
0.6772547022569286,0.1626899517594368,0.0,0.6678797832408133,0.1508665387310345,0.0
0.6772547022569286,0.1626899517594368,0.0,0.6724328042152518,0.17774210479331132,0.0
0.6772547022569286,0.1626899517594368,0.0,0.6587574242756402,0.16412658147098327,0.0
0.01747844459930629,0.15835527496235824,0.0,0.028779347987527782,0.139865874604185,0.0
0.01747844459930629,0.15835527496235824,0.0,0.03823605605662498,0.15673217620470667,0.0
0.01747844459930629,0.15835527496235824,0.0,0.012444546710864486,0.13998014415178586,0.0
0.01747844459930629,0.15835527496235824,0.0,6.668889629864687e-05,0.16999389730556289,0.0
0.01747844459930629,0.15835527496235824,0.0,0.0001000333444479161,0.1499907712033072,0.0
0.01747844459930629,0.15835527496235824,0.0,0.014343829987880788,0.17476084804399702,0.0
0.028779347987527782,0.139865874604185,0.0,0.03823605605662498,0.15673217620470667,0.0
0.028779347987527782,0.139865874604185,0.0,0.01837848784106829,0.12128504948819399,0.0
0.028779347987527782,0.139865874604185,0.0,0.03892601147798513,0.12263242293304843,0.0
0.028779347987527782,0.139865874604185,0.0,0.012444546710864486,0.13998014415178586,0.0
0.028779347987527782,0.139865874604185,0.0,0.047976699606133294,0.13988889473351845,0.0
0.03823605605662498,0.15673217620470667,0.0,0.047976699606133294,0.13988889473351845,0.0
0.03823605605662498,0.15673217620470667,0.0,0.057660493451910974,0.15708490545076872,0.0
0.8593634395919683,0.06835627453161607,0.0,0.8794000240118213,0.07059427138282982,0.0
0.8593634395919683,0.06835627453161607,0.0,0.8690902110564681,0.051837354732781046,0.0
0.8593634395919683,0.06835627453161607,0.0,0.8394317627021628,0.06799829889740325,0.0
0.8593634395919683,0.06835627453161607,0.0,0.8493505684678468,0.05063749780089816,0.0
0.8593634395919683,0.06835627453161607,0.0,0.8491364518920981,0.08573054940923132,0.0
0.8593634395919683,0.06835627453161607,0.0,0.8691236009266242,0.08637857709337327,0.0
0.8794000240118213,0.07059427138282982,0.0,0.8690902110564681,0.051837354732781046,0.0
0.8794000240118213,0.07059427138282982,0.0,0.8982360815516189,0.07067686928148223,0.0
0.8794000240118213,0.07059427138282982,0.0,0.8881582686537158,0.052715215177134844,0.0
0.8794000240118213,0.07059427138282982,0.0,0.889110911564222,0.08662327869577048,0.0
0.8794000240118213,0.07059427138282982,0.0,0.8691236009266242,0.08637857709337327,0.0
0.8690902110564681,0.051837354732781046,0.0,0.8881582686537158,0.052715215177134844,0.0
0.8690902110564681,0.051837354732781046,0.0,0.8787580390233737,0.03499460116951403,0.0
0.8690902110564681,0.051837354732781046,0.0,0.8595109185738014,0.0337262721636331,0.0
0.8690902110564681,0.051837354732781046,0.0,0.8493505684678468,0.05063749780089816,0.0
0.8643684160771146,0.17742395705899597,0.0,0.8714856520517191,0.15794630920453384,0.0
0.8643684160771146,0.17742395705899597,0.0,0.8627921253644149,0.1984719234020252,0.0
0.8643684160771146,0.17742395705899597,0.0,0.8813610271280352,0.17292425575914291,0.0
0.8643684160771146,0.17742395705899597,0.0,0.8772077658995716,0.1870804603569128,0.0
0.8982360815516189,0.07067686928148223,0.0,0.9081539617703034,0.05479470141758736,0.0
0.8982360815516189,0.07067686928148223,0.0,0.9179700898450628,0.07152709536878332,0.0
0.8982360815516189,0.07067686928148223,0.0,0.8881582686537158,0.052715215177134844,0.0
0.8982360815516189,0.07067686928148223,0.0,0.889110911564222,0.08662327869577048,0.0
0.8982360815516189,0.07067686928148223,0.0,0.9090986284202642,0.08725204485217554,0.0
0.9081539617703034,0.05479470141758736,0.0,0.9179700898450628,0.07152709536878332,0.0
0.9081539617703034,0.05479470141758736,0.0,0.927114912802405,0.05627392944975743,0.0
0.9081539617703034,0.05479470141758736,0.0,0.8881582686537158,0.052715215177134844,0.0
0.9081539617703034,0.05479470141758736,0.0,0.8980878373351348,0.036824182761386756,0.0
0.9081539617703034,0.05479470141758736,0.0,0.9179681235101528,0.03907254713099212,0.0
0.9179700898450628,0.07152709536878332,0.0,0.9302321210838134,0.08901954423248039,0.0
0.9179700898450628,0.07152709536878332,0.0,0.927114912802405,0.05627392944975743,0.0
0.9179700898450628,0.07152709536878332,0.0,0.9090986284202642,0.08725204485217554,0.0
0.9179700898450628,0.07152709536878332,0.0,0.9349848372821687,0.07114549902825044,0.0
0.42338926294910667,0.19176923875742288,0.0,0.4312186625324201,0.2064914855210821,0.0
0.42338926294910667,0.19176923875742288,0.0,0.4400158092825996,0.1916367071983597,0.0
0.21641023934541162,0.1252675328244991,0.0,0.20433277645735012,0.1419753300820361,0.0
0.21641023934541162,0.1252675328244991,0.0,0.22489962847998252,0.1416775475046082,0.0
0.21641023934541162,0.1252675328244991,0.0,0.196397843994172,0.12485725567447481,0.0
0.21641023934541162,0.1252675328244991,0.0,0.22858638190707284,0.10857868199071723,0.0
0.21641023934541162,0.1252675328244991,0.0,0.2085897860003806,0.10820873901624539,0.0
0.21641023934541162,0.1252675328244991,0.0,0.23732169390129787,0.12551799172577954,0.0
0.20433277645735012,0.1419753300820361,0.0,0.22489962847998252,0.1416775475046082,0.0
0.20433277645735012,0.1419753300820361,0.0,0.21445139928837598,0.15720045048451592,0.0
0.20433277645735012,0.1419753300820361,0.0,0.19363045459358907,0.1586514497964196,0.0
0.20433277645735012,0.1419753300820361,0.0,0.196397843994172,0.12485725567447481,0.0
0.22489962847998252,0.1416775475046082,0.0,0.21445139928837598,0.15720045048451592,0.0
0.22489962847998252,0.1416775475046082,0.0,0.23513573056740747,0.15593048206420126,0.0
0.22489962847998252,0.1416775475046082,0.0,0.23732169390129787,0.12551799172577954,0.0
0.22489962847998252,0.1416775475046082,0.0,0.24533226733364943,0.14173513013949643,0.0
0.9682647369170774,0.05500818199681753,0.0,0.9486385664182142,0.059565757631092356,0.0
0.9682647369170774,0.05500818199681753,0.0,0.9662023935275906,0.07088365284847616,0.0
0.9682647369170774,0.05500818199681753,0.0,0.9832148522780209,0.060903578759704875,0.0
0.9302321210838134,0.08901954423248039,0.0,0.9486631843396368,0.09930327625700507,0.0
0.9302321210838134,0.08901954423248039,0.0,0.9488847566280895,0.07981682513962718,0.0
0.9302321210838134,0.08901954423248039,0.0,0.9340996958951777,0.10697708215726877,0.0
0.9302321210838134,0.08901954423248039,0.0,0.9090986284202642,0.08725204485217554,0.0
0.9302321210838134,0.08901954423248039,0.0,0.9180060034764503,0.10459394015926382,0.0
0.9302321210838134,0.08901954423248039,0.0,0.9349848372821687,0.07114549902825044,0.0
0.9486631843396368,0.09930327625700507,0.0,0.9488847566280895,0.07981682513962718,0.0
0.9486631843396368,0.09930327625700507,0.0,0.9483887958372926,0.1205242279558504,0.0
0.9486631843396368,0.09930327625700507,0.0,0.965789159479571,0.1094301710325423,0.0
0.9486631843396368,0.09930327625700507,0.0,0.9340996958951777,0.10697708215726877,0.0
0.9486631843396368,0.09930327625700507,0.0,0.9654307421462874,0.08988888817094769,0.0
0.9488847566280895,0.07981682513962718,0.0,0.9486385664182142,0.059565757631092356,0.0
0.9488847566280895,0.07981682513962718,0.0,0.9662023935275906,0.07088365284847616,0.0
0.9488847566280895,0.07981682513962718,0.0,0.9654307421462874,0.08988888817094769,0.0
0.9488847566280895,0.07981682513962718,0.0,0.9349848372821687,0.07114549902825044,0.0
0.5100726854190345,0.044123719242825724,0.0,0.5196011652284047,0.061870524526781004,0.0
0.5100726854190345,0.044123719242825724,0.0,0.5202559770653457,0.02656779243192548,0.0
0.5100726854190345,0.044123719242825724,0.0,0.5000514834954792,0.026935076892212362,0.0
0.5100726854190345,0.044123719242825724,0.0,0.4897982292768657,0.044129839760623964,0.0
0.5100726854190345,0.044123719242825724,0.0,0.499547555522498,0.06155995194606395,0.0
0.5196011652284047,0.061870524526781004,0.0,0.499547555522498,0.06155995194606395,0.0
0.5196011652284047,0.061870524526781004,0.0,0.5091789403061882,0.07911354893354154,0.0
0.8063719624644331,0.15785684846629494,0.0,0.8153373888844471,0.17603621423113042,0.0
0.8063719624644331,0.15785684846629494,0.0,0.7953286881079635,0.17454710256125283,0.0
0.8063719624644331,0.15785684846629494,0.0,0.7861100062231963,0.1567124087770653,0.0
0.927114912802405,0.05627392944975743,0.0,0.9486385664182142,0.059565757631092356,0.0
0.927114912802405,0.05627392944975743,0.0,0.9379571989263804,0.041482685186231154,0.0
0.927114912802405,0.05627392944975743,0.0,0.9179681235101528,0.03907254713099212,0.0
0.927114912802405,0.05627392944975743,0.0,0.9349848372821687,0.07114549902825044,0.0
0.21445139928837598,0.15720045048451592,0.0,0.2047768308646204,0.17466612904964687,0.0
0.21445139928837598,0.15720045048451592,0.0,0.19363045459358907,0.1586514497964196,0.0
0.21445139928837598,0.15720045048451592,0.0,0.22484048242256668,0.17346829732913224,0.0
0.21445139928837598,0.15720045048451592,0.0,0.23513573056740747,0.15593048206420126,0.0
0.2047768308646204,0.17466612904964687,0.0,0.19363045459358907,0.1586514497964196,0.0
0.2047768308646204,0.17466612904964687,0.0,0.22484048242256668,0.17346829732913224,0.0
0.2047768308646204,0.17466612904964687,0.0,0.18461774931340255,0.17611485518167638,0.0
0.2047768308646204,0.17466612904964687,0.0,0.2155675444190997,0.1909215933815534,0.0
0.2047768308646204,0.17466612904964687,0.0,0.1959260328513177,0.1922212147213933,0.0
0.19363045459358907,0.1586514497964196,0.0,0.1731414549379728,0.16009518818556515,0.0
0.19363045459358907,0.1586514497964196,0.0,0.18461774931340255,0.17611485518167638,0.0
0.8433012930213926,-0.003911208139239301,0.0,0.8628381759460161,-0.0015547093253975618,0.0
0.8628381759460161,-0.0015547093253975618,0.0,0.8710176048752876,0.01666507662283286,0.0
0.8628381759460161,-0.0015547093253975618,0.0,0.8823640224082403,0.000891715474678834,0.0
0.01837848784106829,0.12128504948819399,0.0,0.03892601147798513,0.12263242293304843,0.0
0.01837848784106829,0.12128504948819399,0.0,0.012444546710864486,0.13998014415178586,0.0
0.01837848784106829,0.12128504948819399,0.0,0.0001667222407464953,0.10998440513411323,0.0
0.01837848784106829,0.12128504948819399,0.0,0.0001333777925972035,0.12998760667393608,0.0
0.03892601147798513,0.12263242293304843,0.0,0.047976699606133294,0.13988889473351845,0.0
0.03892601147798513,0.12263242293304843,0.0,0.04861710891714859,0.1052482800925222,0.0
0.03892601147798513,0.12263242293304843,0.0,0.05829519654584294,0.12275358699123694,0.0
0.5999914394401458,0.02081274197911065,0.0,0.5918090472045318,0.03971360250747724,0.0
0.5999914394401458,0.02081274197911065,0.0,0.5802379861977259,0.0227191818505466,0.0
0.5999914394401458,0.02081274197911065,0.0,0.5884951229165089,0.004395790308478688,0.0
0.5999914394401458,0.02081274197911065,0.0,0.6080371240641075,0.002083159197136656,0.0
0.431407942356306,0.006477236617797856,0.0,0.4400896916054444,0.02504081623789348,0.0
0.431407942356306,0.006477236617797856,0.0,0.45101616437226233,0.008132262610935297,0.0
0.258264206407685,0.023315507307736474,0.0,0.2654467218139643,0.0058911297707589586,0.0
0.258264206407685,0.023315507307736474,0.0,0.23946256179942765,0.023901569977845885,0.0
0.258264206407685,0.023315507307736474,0.0,0.2469874080625058,0.006532874009494104,0.0
0.258264206407685,0.023315507307736474,0.0,0.2498570032878132,0.04004085853393926,0.0
0.258264206407685,0.023315507307736474,0.0,0.2698532598941168,0.04023204350767157,0.0
0.2654467218139643,0.0058911297707589586,0.0,0.2469874080625058,0.006532874009494104,0.0
0.2654467218139643,0.0058911297707589586,0.0,0.25516968619491587,-0.010011184070226279,0.0
0.2654467218139643,0.0058911297707589586,0.0,0.274842123421201,-0.00954896183593258,0.0
0.5996034669351931,0.07031097614554647,0.0,0.6028820278431491,0.056029049930533883,0.0
0.5996034669351931,0.07031097614554647,0.0,0.6148085920228388,0.07194823956139837,0.0
0.5996034669351931,0.07031097614554647,0.0,0.6084378205518086,0.0851598932664967,0.0
0.34520137853000776,0.17920614995384465,0.0,0.3364271194810164,0.16039817710713486,0.0
0.34520137853000776,0.17920614995384465,0.0,0.3250819952560927,0.17682862662765214,0.0
0.34520137853000776,0.17920614995384465,0.0,0.3334679733597575,0.1950146597444102,0.0
0.34520137853000776,0.17920614995384465,0.0,0.3530228816138251,0.1972732469543295,0.0
0.3364271194810164,0.16039817710713486,0.0,0.31645795938539284,0.1590288505338672,0.0
0.3364271194810164,0.16039817710713486,0.0,0.3250819952560927,0.17682862662765214,0.0
0.3364271194810164,0.16039817710713486,0.0,0.34757149950126026,0.1445088697073984,0.0
0.3364271194810164,0.16039817710713486,0.0,0.3275052504644792,0.14340764621709262,0.0
0.8714856520517191,0.15794630920453384,0.0,0.8798429519677584,0.13900046113013606,0.0
0.8714856520517191,0.15794630920453384,0.0,0.889327384713465,0.15518656231164907,0.0
0.8714856520517191,0.15794630920453384,0.0,0.8813610271280352,0.17292425575914291,0.0
0.44893128031851015,0.07796186424016614,0.0,0.43884932006385696,0.05992893060931926,0.0
0.44893128031851015,0.07796186424016614,0.0,0.4592612327118961,0.0607070417836427,0.0
0.44893128031851015,0.07796186424016614,0.0,0.43887035798692176,0.09516668677819122,0.0
0.44893128031851015,0.07796186424016614,0.0,0.4588672804965781,0.09551395973159651,0.0
0.44893128031851015,0.07796186424016614,0.0,0.4691775394779216,0.07837680974415387,0.0
0.43884932006385696,0.05992893060931926,0.0,0.4592612327118961,0.0607070417836427,0.0
0.43884932006385696,0.05992893060931926,0.0,0.4494525569411742,0.042943429262868156,0.0
0.43884932006385696,0.05992893060931926,0.0,0.42929236019576494,0.041832625501452565,0.0
0.4592612327118961,0.0607070417836427,0.0,0.4494525569411742,0.042943429262868156,0.0
0.4592612327118961,0.0607070417836427,0.0,0.46967308329267293,0.04377674991106536,0.0
0.4592612327118961,0.0607070417836427,0.0,0.4691775394779216,0.07837680974415387,0.0
0.4592612327118961,0.0607070417836427,0.0,0.47948361485800983,0.06125449864580038,0.0
0.36106115170886616,0.015644280614910033,0.0,0.34243596426713124,0.012131114388979508,0.0
0.36106115170886616,0.015644280614910033,0.0,0.37276680642933546,-0.00031294908896979353,0.0
0.36106115170886616,0.015644280614910033,0.0,0.35323768735736594,-0.0027331202522594663,0.0
0.8798429519677584,0.13900046113013606,0.0,0.889327384713465,0.15518656231164907,0.0
0.8798429519677584,0.13900046113013606,0.0,0.8983299281374572,0.13819111064220818,0.0
0.8798429519677584,0.13900046113013606,0.0,0.889114089268027,0.12087521720933492,0.0
0.30540787818115533,0.17528241162355399,0.0,0.29577569478732063,0.15776919597604577,0.0
0.30540787818115533,0.17528241162355399,0.0,0.31645795938539284,0.1590288505338672,0.0
0.30540787818115533,0.17528241162355399,0.0,0.3250819952560927,0.17682862662765214,0.0
0.30540787818115533,0.17528241162355399,0.0,0.28498410809868874,0.17371237671289244,0.0
0.30540787818115533,0.17528241162355399,0.0,0.2942574624549822,0.1915070910332105,0.0
0.30540787818115533,0.17528241162355399,0.0,0.313881240220007,0.1930527249326497,0.0
0.29577569478732063,0.15776919597604577,0.0,0.31645795938539284,0.1590288505338672,0.0
0.29577569478732063,0.15776919597604577,0.0,0.28498410809868874,0.17371237671289244,0.0
0.29577569478732063,0.15776919597604577,0.0,0.27519694366742553,0.15588705216709456,0.0
0.29577569478732063,0.15776919597604577,0.0,0.30683590772358516,0.1426577409491394,0.0
0.29577569478732063,0.15776919597604577,0.0,0.28586993079220696,0.14200104221699764,0.0
0.31645795938539284,0.1590288505338672,0.0,0.3250819952560927,0.17682862662765214,0.0
0.31645795938539284,0.1590288505338672,0.0,0.30683590772358516,0.1426577409491394,0.0
0.31645795938539284,0.1590288505338672,0.0,0.3275052504644792,0.14340764621709262,0.0
0.7467488624687367,0.1550029237984291,0.0,0.7376551099790671,0.13616818159946772,0.0
0.7467488624687367,0.1550029237984291,0.0,0.7556069629810582,0.17279340806485471,0.0
0.7467488624687367,0.1550029237984291,0.0,0.7662569975358076,0.15590126979990837,0.0
0.889327384713465,0.15518656231164907,0.0,0.8813610271280352,0.17292425575914291,0.0
0.889327384713465,0.15518656231164907,0.0,0.8983299281374572,0.13819111064220818,0.0
0.889327384713465,0.15518656231164907,0.0,0.9080894126426772,0.15490676201081602,0.0
0.9483887958372926,0.1205242279558504,0.0,0.965789159479571,0.1094301710325423,0.0
0.9483887958372926,0.1205242279558504,0.0,0.9340996958951777,0.10697708215726877,0.0
0.9483887958372926,0.1205242279558504,0.0,0.9379597414574014,0.13913617375809348,0.0
0.9483887958372926,0.1205242279558504,0.0,0.9275336633454974,0.12206920137462442,0.0
0.965789159479571,0.1094301710325423,0.0,0.9826795044651042,0.11998604643496001,0.0
0.965789159479571,0.1094301710325423,0.0,0.9826795182578839,0.09998282883521833,0.0
0.965789159479571,0.1094301710325423,0.0,0.9654307421462874,0.08988888817094769,0.0
0.016091850157890896,0.03858607210681828,0.0,0.0322901730068142,0.026628884368385695,0.0
0.016091850157890896,0.03858607210681828,0.0,0.0002667555851949112,0.049974531651788646,0.0
0.016091850157890896,0.03858607210681828,0.0,0.0003001000333443396,0.02997113496222041,0.0
0.016091850157890896,0.03858607210681828,0.0,0.014572686423467068,0.02395633545443888,0.0
0.196397843994172,0.12485725567447481,0.0,0.2085897860003806,0.10820873901624539,0.0
0.196397843994172,0.12485725567447481,0.0,0.18859825940830682,0.10756452315387476,0.0
0.4400896916054444,0.02504081623789348,0.0,0.4494525569411742,0.042943429262868156,0.0
0.4400896916054444,0.02504081623789348,0.0,0.42929236019576494,0.041832625501452565,0.0
0.4400896916054444,0.02504081623789348,0.0,0.4601858862093867,0.026089913724724207,0.0
0.4400896916054444,0.02504081623789348,0.0,0.45101616437226233,0.008132262610935297,0.0
0.4494525569411742,0.042943429262868156,0.0,0.42929236019576494,0.041832625501452565,0.0
0.4494525569411742,0.042943429262868156,0.0,0.4601858862093867,0.026089913724724207,0.0
0.4494525569411742,0.042943429262868156,0.0,0.46967308329267293,0.04377674991106536,0.0
0.9348318320677315,0.17142094233575897,0.0,0.9328412574506733,0.18946971534282964,0.0
0.9348318320677315,0.17142094233575897,0.0,0.9272487349697346,0.15588713162271792,0.0
0.3250819952560927,0.17682862662765214,0.0,0.313881240220007,0.1930527249326497,0.0
0.3250819952560927,0.17682862662765214,0.0,0.3334679733597575,0.1950146597444102,0.0
0.7376551099790671,0.13616818159946772,0.0,0.7283274566324978,0.11784276527646716,0.0
0.7376551099790671,0.13616818159946772,0.0,0.7180920272833272,0.13490966713396865,0.0
0.7304022620382463,0.02590553357076288,0.0,0.7366839575382725,0.006856749798548355,0.0
0.7304022620382463,0.02590553357076288,0.0,0.74506189186958,0.02200006157486089,0.0
0.9486385664182142,0.059565757631092356,0.0,0.9662023935275906,0.07088365284847616,0.0
0.9486385664182142,0.059565757631092356,0.0,0.9379571989263804,0.041482685186231154,0.0
0.9486385664182142,0.059565757631092356,0.0,0.9349848372821687,0.07114549902825044,0.0
0.9662023935275906,0.07088365284847616,0.0,0.9654307421462874,0.08988888817094769,0.0
0.9662023935275906,0.07088365284847616,0.0,0.9832148522780209,0.060903578759704875,0.0
0.9662023935275906,0.07088365284847616,0.0,0.9827807011233579,0.0801187233457098,0.0
0.5202559770653457,0.02656779243192548,0.0,0.5000514834954792,0.026935076892212362,0.0
0.5202559770653457,0.02656779243192548,0.0,0.5405104418863825,0.025708404497530323,0.0
0.5202559770653457,0.02656779243192548,0.0,0.5100054599080286,0.009888785774783877,0.0
0.5202559770653457,0.02656779243192548,0.0,0.5296736298878216,0.009280498919153663,0.0
0.8153373888844471,0.17603621423113042,0.0,0.7953286881079635,0.17454710256125283,0.0
0.8153373888844471,0.17603621423113042,0.0,0.8040739682388426,0.1922212148074821,0.0
0.8153373888844471,0.17603621423113042,0.0,0.8236791101517987,0.1939886763111289,0.0
0.9379571989263804,0.041482685186231154,0.0,0.949511958951739,0.025151666376124645,0.0
0.9379571989263804,0.041482685186231154,0.0,0.9179681235101528,0.03907254713099212,0.0
0.9379571989263804,0.041482685186231154,0.0,0.92954455266754,0.023438206652861764,0.0
0.28498410809868874,0.17371237671289244,0.0,0.26508690167729804,0.17314768119219687,0.0
0.28498410809868874,0.17371237671289244,0.0,0.27519694366742553,0.15588705216709456,0.0
0.28498410809868874,0.17371237671289244,0.0,0.2746002114883518,0.1904740302508034,0.0
0.28498410809868874,0.17371237671289244,0.0,0.2942574624549822,0.1915070910332105,0.0
0.22484048242256668,0.17346829732913224,0.0,0.23513573056740747,0.15593048206420126,0.0
0.22484048242256668,0.17346829732913224,0.0,0.24494735118360608,0.17304589715208246,0.0
0.22484048242256668,0.17346829732913224,0.0,0.2352375608496372,0.1901715774166525,0.0
0.22484048242256668,0.17346829732913224,0.0,0.2155675444190997,0.1909215933815534,0.0
0.4601858862093867,0.026089913724724207,0.0,0.48002563681551225,0.026686780042153652,0.0
0.4601858862093867,0.026089913724724207,0.0,0.46967308329267293,0.04377674991106536,0.0
0.4601858862093867,0.026089913724724207,0.0,0.4706594693920912,0.009295666924739307,0.0
0.4601858862093867,0.026089913724724207,0.0,0.45101616437226233,0.008132262610935297,0.0
0.5918090472045318,0.03971360250747724,0.0,0.5802379861977259,0.0227191818505466,0.0
0.5918090472045318,0.03971360250747724,0.0,0.5717046608708052,0.04085297968826863,0.0
0.5918090472045318,0.03971360250747724,0.0,0.6028820278431491,0.056029049930533883,0.0
0.05339452000737111,0.023222498966501415,0.0,0.0322901730068142,0.026628884368385695,0.0
0.05339452000737111,0.023222498966501415,0.0,0.047970797656840404,0.03954544626743152,0.0
0.05339452000737111,0.023222498966501415,0.0,0.03966540792679323,0.008750951525834768,0.0
0.05339452000737111,0.023222498966501415,0.0,0.059291003544101384,0.007318072544634142,0.0
0.0322901730068142,0.026628884368385695,0.0,0.047970797656840404,0.03954544626743152,0.0
0.0322901730068142,0.026628884368385695,0.0,0.020008464806471157,0.009653287975915843,0.0
0.0322901730068142,0.026628884368385695,0.0,0.03966540792679323,0.008750951525834768,0.0
0.0322901730068142,0.026628884368385695,0.0,0.014572686423467068,0.02395633545443888,0.0
0.047970797656840404,0.03954544626743152,0.0,0.059632137774194904,0.05429142111647117,0.0
0.8881582686537158,0.052715215177134844,0.0,0.8787580390233737,0.03499460116951403,0.0
0.8881582686537158,0.052715215177134844,0.0,0.8980878373351348,0.036824182761386756,0.0
0.012444546710864486,0.13998014415178586,0.0,0.0001333777925972035,0.12998760667393608,0.0
0.012444546710864486,0.13998014415178586,0.0,0.0001000333444479161,0.1499907712033072,0.0
0.7556069629810582,0.17279340806485471,0.0,0.7450787942757616,0.1900191158835712,0.0
0.7556069629810582,0.17279340806485471,0.0,0.7647624404709625,0.1901715774472619,0.0
0.7556069629810582,0.17279340806485471,0.0,0.7753583677520978,0.17346845626387883,0.0
0.7556069629810582,0.17279340806485471,0.0,0.7662569975358076,0.15590126979990837,0.0
0.3677550424300539,0.1456819588297093,0.0,0.3583166159486068,0.12818513775278834,0.0
0.3677550424300539,0.1456819588297093,0.0,0.37824053790665596,0.12867168927028472,0.0
0.3677550424300539,0.1456819588297093,0.0,0.3879244011444939,0.14617493010856328,0.0
0.3677550424300539,0.1456819588297093,0.0,0.34757149950126026,0.1445088697073984,0.0
0.9340996958951777,0.10697708215726877,0.0,0.9180060034764503,0.10459394015926382,0.0
0.9340996958951777,0.10697708215726877,0.0,0.9275336633454974,0.12206920137462442,0.0
0.26508690167729804,0.17314768119219687,0.0,0.27519694366742553,0.15588705216709456,0.0
0.26508690167729804,0.17314768119219687,0.0,0.24494735118360608,0.17304589715208246,0.0
0.26508690167729804,0.17314768119219687,0.0,0.2746002114883518,0.1904740302508034,0.0
0.26508690167729804,0.17314768119219687,0.0,0.2551840831257696,0.1558006030918023,0.0
0.26508690167729804,0.17314768119219687,0.0,0.2549212071454445,0.1900191158946087,0.0
0.27519694366742553,0.15588705216709456,0.0,0.28586993079220696,0.14200104221699764,0.0
0.27519694366742553,0.15588705216709456,0.0,0.2551840831257696,0.1558006030918023,0.0
0.27519694366742553,0.15588705216709456,0.0,0.26542371691466876,0.14181892194231888,0.0
0.2976838208201566,0.12621261597250327,0.0,0.30683590772358516,0.1426577409491394,0.0
0.2976838208201566,0.12621261597250327,0.0,0.28586993079220696,0.14200104221699764,0.0
0.2976838208201566,0.12621261597250327,0.0,0.31825627883268065,0.12726587226012268,0.0
0.2976838208201566,0.12621261597250327,0.0,0.30857273364957793,0.11005920772060236,0.0
0.2976838208201566,0.12621261597250327,0.0,0.288576159984212,0.10968845825730877,0.0
0.2976838208201566,0.12621261597250327,0.0,0.2773762785006523,0.12615632708580068,0.0
0.30683590772358516,0.1426577409491394,0.0,0.28586993079220696,0.14200104221699764,0.0
0.30683590772358516,0.1426577409491394,0.0,0.31825627883268065,0.12726587226012268,0.0
0.30683590772358516,0.1426577409491394,0.0,0.3275052504644792,0.14340764621709262,0.0
0.28586993079220696,0.14200104221699764,0.0,0.2773762785006523,0.12615632708580068,0.0
0.28586993079220696,0.14200104221699764,0.0,0.26542371691466876,0.14181892194231888,0.0
0.949511958951739,0.025151666376124645,0.0,0.9606674406570918,0.008770870755460217,0.0
0.949511958951739,0.025151666376124645,0.0,0.9410412418428566,0.007346316945992264,0.0
0.949511958951739,0.025151666376124645,0.0,0.92954455266754,0.023438206652861764,0.0
0.23513573056740747,0.15593048206420126,0.0,0.24494735118360608,0.17304589715208246,0.0
0.23513573056740747,0.15593048206420126,0.0,0.2551840831257696,0.1558006030918023,0.0
0.23513573056740747,0.15593048206420126,0.0,0.24533226733364943,0.14173513013949643,0.0
0.48002563681551225,0.026686780042153652,0.0,0.46967308329267293,0.04377674991106536,0.0
0.48002563681551225,0.026686780042153652,0.0,0.5000514834954792,0.026935076892212362,0.0
0.48002563681551225,0.026686780042153652,0.0,0.4706594693920912,0.009295666924739307,0.0
0.48002563681551225,0.026686780042153652,0.0,0.4897982292768657,0.044129839760623964,0.0
0.48002563681551225,0.026686780042153652,0.0,0.4903279443906911,0.00989395269041808,0.0
0.46967308329267293,0.04377674991106536,0.0,0.4897982292768657,0.044129839760623964,0.0
0.46967308329267293,0.04377674991106536,0.0,0.47948361485800983,0.06125449864580038,0.0
0.22772413369069933,0.007326463836051927,0.0,0.22014820896704362,0.024004841158787708,0.0
0.22772413369069933,0.007326463836051927,0.0,0.23946256179942765,0.023901569977845885,0.0
0.22772413369069933,0.007326463836051927,0.0,0.2469874080625058,0.006532874009494104,0.0
0.22772413369069933,0.007326463836051927,0.0,0.21582846616346552,-0.009124396652200073,0.0
0.22772413369069933,0.007326463836051927,0.0,0.20774398197411384,0.008008420558469844,0.0
0.22772413369069933,0.007326463836051927,0.0,0.2354923755405872,-0.009866558738822534,0.0
0.22014820896704362,0.024004841158787708,0.0,0.23946256179942765,0.023901569977845885,0.0
0.22014820896704362,0.024004841158787708,0.0,0.22986724344539,0.03929741908738676,0.0
0.22014820896704362,0.024004841158787708,0.0,0.2098646584221747,0.03924774805925765,0.0
0.22014820896704362,0.024004841158787708,0.0,0.20774398197411384,0.008008420558469844,0.0
0.22014820896704362,0.024004841158787708,0.0,0.19992590588850248,0.024381459004876947,0.0
0.23946256179942765,0.023901569977845885,0.0,0.2469874080625058,0.006532874009494104,0.0
0.23946256179942765,0.023901569977845885,0.0,0.22986724344539,0.03929741908738676,0.0
0.23946256179942765,0.023901569977845885,0.0,0.2498570032878132,0.04004085853393926,0.0
0.3181977146002322,0.02471153958447932,0.0,0.3242187492520568,0.009151537006225601,0.0
0.3181977146002322,0.02471153958447932,0.0,0.3342510032940044,0.025580148802061227,0.0
0.3181977146002322,0.02471153958447932,0.0,0.3098015349851604,0.041325801959502695,0.0
0.7953286881079635,0.17454710256125283,0.0,0.7753583677520978,0.17346845626387883,0.0
0.7953286881079635,0.17454710256125283,0.0,0.7861100062231963,0.1567124087770653,0.0
0.7953286881079635,0.17454710256125283,0.0,0.8040739682388426,0.1922212148074821,0.0
0.7953286881079635,0.17454710256125283,0.0,0.7844324567857922,0.1909215934450424,0.0
0.1731414549379728,0.16009518818556515,0.0,0.1646946147083207,0.17810128418887222,0.0
0.1731414549379728,0.16009518818556515,0.0,0.1529067086676772,0.16208878972540272,0.0
0.1731414549379728,0.16009518818556515,0.0,0.18461774931340255,0.17611485518167638,0.0
0.1646946147083207,0.17810128418887222,0.0,0.1529067086676772,0.16208878972540272,0.0
0.1646946147083207,0.17810128418887222,0.0,0.18461774931340255,0.17611485518167638,0.0
0.1646946147083207,0.17810128418887222,0.0,0.1449658081379845,0.18028902381458445,0.0
0.1646946147083207,0.17810128418887222,0.0,0.1763208908223542,0.1939886762133007,0.0
0.1646946147083207,0.17810128418887222,0.0,0.1567512396874989,0.1961150489967212,0.0
0.1529067086676772,0.16208878972540272,0.0,0.13298572431956138,0.16433646341699878,0.0
0.1529067086676772,0.16208878972540272,0.0,0.1449658081379845,0.18028902381458445,0.0
0.24494735118360608,0.17304589715208246,0.0,0.2551840831257696,0.1558006030918023,0.0
0.24494735118360608,0.17304589715208246,0.0,0.2549212071454445,0.1900191158946087,0.0
0.24494735118360608,0.17304589715208246,0.0,0.2352375608496372,0.1901715774166525,0.0
0.5000514834954792,0.026935076892212362,0.0,0.4897982292768657,0.044129839760623964,0.0
0.5000514834954792,0.026935076892212362,0.0,0.4903279443906911,0.00989395269041808,0.0
0.5000514834954792,0.026935076892212362,0.0,0.5100054599080286,0.009888785774783877,0.0
0.03206876901500821,0.07019539137232682,0.0,0.04968629322251583,0.07057302553307451,0.0
0.8627921253644149,0.1984719234020252,0.0,0.8823244412923026,0.2009191174150899,0.0
0.8627921253644149,0.1984719234020252,0.0,0.8432487611881002,0.1961150490981094,0.0
0.8627921253644149,0.1984719234020252,0.0,0.8772077658995716,0.1870804603569128,0.0
0.7450787942757616,0.1900191158835712,0.0,0.7647624404709625,0.1901715774472619,0.0
0.5802379861977259,0.0227191818505466,0.0,0.5717046608708052,0.04085297968826863,0.0
0.5802379861977259,0.0227191818505466,0.0,0.5884951229165089,0.004395790308478688,0.0
0.5802379861977259,0.0227191818505466,0.0,0.5604278963605408,0.02433942718588979,0.0
0.5802379861977259,0.0227191818505466,0.0,0.5689239904805159,0.006445515575712884,0.0
0.2746002114883518,0.1904740302508034,0.0,0.2942574624549822,0.1915070910332105,0.0
0.2746002114883518,0.1904740302508034,0.0,0.2549212071454445,0.1900191158946087,0.0
0.5405104418863825,0.025708404497530323,0.0,0.5604278963605408,0.02433942718588979,0.0
0.5405104418863825,0.025708404497530323,0.0,0.5296736298878216,0.009280498919153663,0.0
0.5405104418863825,0.025708404497530323,0.0,0.5493164009074932,0.008108060413431557,0.0
0.4706594693920912,0.009295666924739307,0.0,0.45101616437226233,0.008132262610935297,0.0
0.4706594693920912,0.009295666924739307,0.0,0.4903279443906911,0.00989395269041808,0.0
0.9606674406570918,0.008770870755460217,0.0,0.9410412418428566,0.007346316945992264,0.0
0.9606674406570918,0.008770870755460217,0.0,0.9803248193303473,0.009663622880030849,0.0
0.8787580390233737,0.03499460116951403,0.0,0.8710176048752876,0.01666507662283286,0.0
0.8787580390233737,0.03499460116951403,0.0,0.8595109185738014,0.0337262721636331,0.0
0.8787580390233737,0.03499460116951403,0.0,0.8902138118700531,0.019073102219008143,0.0
0.8787580390233737,0.03499460116951403,0.0,0.8980878373351348,0.036824182761386756,0.0
0.8710176048752876,0.01666507662283286,0.0,0.8595109185738014,0.0337262721636331,0.0
0.8710176048752876,0.01666507662283286,0.0,0.8902138118700531,0.019073102219008143,0.0
0.8710176048752876,0.01666507662283286,0.0,0.8823640224082403,0.000891715474678834,0.0
0.8595109185738014,0.0337262721636331,0.0,0.8493505684678468,0.05063749780089816,0.0
0.34243596426713124,0.012131114388979508,0.0,0.3242187492520568,0.009151537006225601,0.0
0.34243596426713124,0.012131114388979508,0.0,0.3342510032940044,0.025580148802061227,0.0
0.34243596426713124,0.012131114388979508,0.0,0.33368949514230356,-0.00499352301302809,0.0
0.34243596426713124,0.012131114388979508,0.0,0.35323768735736594,-0.0027331202522594663,0.0
0.3242187492520568,0.009151537006225601,0.0,0.3342510032940044,0.025580148802061227,0.0
0.3242187492520568,0.009151537006225601,0.0,0.33368949514230356,-0.00499352301302809,0.0
0.3242187492520568,0.009151537006225601,0.0,0.3141095772581788,-0.006958923374161193,0.0
0.2469874080625058,0.006532874009494104,0.0,0.2354923755405872,-0.009866558738822534,0.0
0.2469874080625058,0.006532874009494104,0.0,0.25516968619491587,-0.010011184070226279,0.0
0.022022966510424378,0.1877082925094822,0.0,3.334444814934153e-05,0.18999697590451042,0.0
0.022022966510424378,0.1877082925094822,0.0,0.014343829987880788,0.17476084804399702,0.0
0.022022966510424378,0.1877082925094822,0.0,0.01968189381931244,0.2096956954280177,0.0
0.022022966510424378,0.1877082925094822,0.0,0.011954369705722653,0.1977542736994553,0.0
0.18461774931340255,0.17611485518167638,0.0,0.1959260328513177,0.1922212147213933,0.0
0.18461774931340255,0.17611485518167638,0.0,0.1763208908223542,0.1939886762133007,0.0
0.7366839575382725,0.006856749798548355,0.0,0.74506189186958,0.02200006157486089,0.0
0.7366839575382725,0.006856749798548355,0.0,0.7451637521763221,-0.010013816599373277,0.0
0.5717046608708052,0.04085297968826863,0.0,0.5604278963605408,0.02433942718588979,0.0
0.5884951229165089,0.004395790308478688,0.0,0.6080371240641075,0.002083159197136656,0.0
0.5884951229165089,0.004395790308478688,0.0,0.5689239904805159,0.006445515575712884,0.0
0.7647624404709625,0.1901715774472619,0.0,0.7753583677520978,0.17346845626387883,0.0
0.7647624404709625,0.1901715774472619,0.0,0.7844324567857922,0.1909215934450424,0.0
0.2551840831257696,0.1558006030918023,0.0,0.24533226733364943,0.14173513013949643,0.0
0.2551840831257696,0.1558006030918023,0.0,0.26542371691466876,0.14181892194231888,0.0
0.7753583677520978,0.17346845626387883,0.0,0.7861100062231963,0.1567124087770653,0.0
0.7753583677520978,0.17346845626387883,0.0,0.7662569975358076,0.15590126979990837,0.0
0.7753583677520978,0.17346845626387883,0.0,0.7844324567857922,0.1909215934450424,0.0
0.7861100062231963,0.1567124087770653,0.0,0.7662569975358076,0.15590126979990837,0.0
0.8040739682388426,0.1922212148074821,0.0,0.8236791101517987,0.1939886763111289,0.0
0.8040739682388426,0.1922212148074821,0.0,0.7844324567857922,0.1909215934450424,0.0
0.4897982292768657,0.044129839760623964,0.0,0.499547555522498,0.06155995194606395,0.0
0.4897982292768657,0.044129839760623964,0.0,0.47948361485800983,0.06125449864580038,0.0
0.9328412574506733,0.18946971534282964,0.0,0.921425379683128,0.2055086350647987,0.0
0.9328412574506733,0.18946971534282964,0.0,0.9410212191544387,0.2073769316668632,0.0
0.9328412574506733,0.18946971534282964,0.0,0.950906947204376,0.19540555861321166,0.0
0.2942574624549822,0.1915070910332105,0.0,0.313881240220007,0.1930527249326497,0.0
0.9410412418428566,0.007346316945992264,0.0,0.92954455266754,0.023438206652861764,0.0
0.9410412418428566,0.007346316945992264,0.0,0.9214519687195108,0.005479090383131233,0.0
0.8902138118700531,0.019073102219008143,0.0,0.8980878373351348,0.036824182761386756,0.0
0.8902138118700531,0.019073102219008143,0.0,0.9097727914151967,0.021319635536019517,0.0
0.8902138118700531,0.019073102219008143,0.0,0.8823640224082403,0.000891715474678834,0.0
0.8902138118700531,0.019073102219008143,0.0,0.9018965521025548,0.003283586167022801,0.0
0.8980878373351348,0.036824182761386756,0.0,0.9179681235101528,0.03907254713099212,0.0
0.8980878373351348,0.036824182761386756,0.0,0.9097727914151967,0.021319635536019517,0.0
0.5604278963605408,0.02433942718588979,0.0,0.5689239904805159,0.006445515575712884,0.0
0.5604278963605408,0.02433942718588979,0.0,0.5493164009074932,0.008108060413431557,0.0
0.313881240220007,0.1930527249326497,0.0,0.3334679733597575,0.1950146597444102,0.0
0.5689239904805159,0.006445515575712884,0.0,0.5493164009074932,0.008108060413431557,0.0
0.8236791101517987,0.1939886763111289,0.0,0.8432487611881002,0.1961150490981094,0.0
0.3334679733597575,0.1950146597444102,0.0,0.3530228816138251,0.1972732469543295,0.0
0.8813610271280352,0.17292425575914291,0.0,0.8772077658995716,0.1870804603569128,0.0
0.13298572431956138,0.16433646341699878,0.0,0.11376097272736965,0.16727402411384923,0.0
0.13298572431956138,0.16433646341699878,0.0,0.12540893426828278,0.1827794403006411,0.0
0.13298572431956138,0.16433646341699878,0.0,0.12108695606252824,0.14970757323628284,0.0
0.13298572431956138,0.16433646341699878,0.0,0.1449658081379845,0.18028902381458445,0.0
0.11376097272736965,0.16727402411384923,0.0,0.12540893426828278,0.1827794403006411,0.0
0.11376097272736965,0.16727402411384923,0.0,0.12108695606252824,0.14970757323628284,0.0
0.11376097272736965,0.16727402411384923,0.0,0.10578077828409416,0.18550717650779644,0.0
0.12540893426828278,0.1827794403006411,0.0,0.1449658081379845,0.18028902381458445,0.0
0.12540893426828278,0.1827794403006411,0.0,0.10578077828409416,0.18550717650779644,0.0
0.12540893426828278,0.1827794403006411,0.0,0.1176755593694548,0.2009191173322832,0.0
0.12540893426828278,0.1827794403006411,0.0,0.1372078753933555,0.1984719233079192,0.0
0.499547555522498,0.06155995194606395,0.0,0.5091789403061882,0.07911354893354154,0.0
0.499547555522498,0.06155995194606395,0.0,0.4891987145270753,0.0787410562458062,0.0
0.499547555522498,0.06155995194606395,0.0,0.47948361485800983,0.06125449864580038,0.0
0.5091789403061882,0.07911354893354154,0.0,0.49889510825282196,0.0962306440906382,0.0
0.5091789403061882,0.07911354893354154,0.0,0.4891987145270753,0.0787410562458062,0.0
0.5091789403061882,0.07911354893354154,0.0,0.5189867434544752,0.09654576608622997,0.0
0.4885534479895507,0.11337818296809976,0.0,0.49889510825282196,0.0962306440906382,0.0
0.4885534479895507,0.11337818296809976,0.0,0.4788730147770241,0.09587594860936328,0.0
0.4885534479895507,0.11337818296809976,0.0,0.5085891217745286,0.11372600913850373,0.0
0.4885534479895507,0.11337818296809976,0.0,0.4982346736776974,0.1308814719212535,0.0
0.4885534479895507,0.11337818296809976,0.0,0.47822652841447455,0.1305181293393888,0.0
0.4885534479895507,0.11337818296809976,0.0,0.4685460002201206,0.11301507163889743,0.0
0.49889510825282196,0.0962306440906382,0.0,0.4788730147770241,0.09587594860936328,0.0
0.49889510825282196,0.0962306440906382,0.0,0.4891987145270753,0.0787410562458062,0.0
0.49889510825282196,0.0962306440906382,0.0,0.5189867434544752,0.09654576608622997,0.0
0.49889510825282196,0.0962306440906382,0.0,0.5085891217745286,0.11372600913850373,0.0
0.4788730147770241,0.09587594860936328,0.0,0.4891987145270753,0.0787410562458062,0.0
0.4788730147770241,0.09587594860936328,0.0,0.4588672804965781,0.09551395973159651,0.0
0.4788730147770241,0.09587594860936328,0.0,0.4685460002201206,0.11301507163889743,0.0
0.4788730147770241,0.09587594860936328,0.0,0.4691775394779216,0.07837680974415387,0.0
0.4891987145270753,0.0787410562458062,0.0,0.4691775394779216,0.07837680974415387,0.0
0.4891987145270753,0.0787410562458062,0.0,0.47948361485800983,0.06125449864580038,0.0
0.6028820278431491,0.056029049930533883,0.0,0.6226820681915881,0.05449594360979683,0.0
0.6028820278431491,0.056029049930533883,0.0,0.6148085920228388,0.07194823956139837,0.0
0.0002334111370453746,0.0699778706682384,0.0,0.0002667555851949112,0.049974531651788646,0.0
0.0002334111370453746,0.0699778706682384,0.0,0.0002000666888959734,0.08998115907908574,0.0
0.0001667222407464953,0.10998440513411323,0.0,0.0002000666888959734,0.08998115907908574,0.0
0.0001667222407464953,0.10998440513411323,0.0,0.0001333777925972035,0.12998760667393608,0.0
0.5189867434544752,0.09654576608622997,0.0,0.528708733385913,0.11402762901719504,0.0
0.5189867434544752,0.09654576608622997,0.0,0.5085891217745286,0.11372600913850373,0.0
0.0002667555851949112,0.049974531651788646,0.0,0.0003001000333443396,0.02997113496222041,0.0
0.0003001000333443396,0.02997113496222041,0.0,0.0003334440370684072,0.009967638580554397,0.0
0.0003001000333443396,0.02997113496222041,0.0,0.014572686423467068,0.02395633545443888,0.0
0.0001333777925972035,0.12998760667393608,0.0,0.0001000333444479161,0.1499907712033072,0.0
6.668889629864687e-05,0.16999389730556289,0.0,0.0001000333444479161,0.1499907712033072,0.0
6.668889629864687e-05,0.16999389730556289,0.0,3.334444814934153e-05,0.18999697590451042,0.0
6.668889629864687e-05,0.16999389730556289,0.0,0.014343829987880788,0.17476084804399702,0.0
0.6226820681915881,0.05449594360979683,0.0,0.6148085920228388,0.07194823956139837,0.0
0.6226820681915881,0.05449594360979683,0.0,0.6425426622069825,0.05239260064294586,0.0
0.6226820681915881,0.05449594360979683,0.0,0.6349858236440323,0.06923514608087347,0.0
0.528708733385913,0.11402762901719504,0.0,0.548712622020464,0.11439367977512194,0.0
0.528708733385913,0.11402762901719504,0.0,0.5085891217745286,0.11372600913850373,0.0
0.528708733385913,0.11402762901719504,0.0,0.5182539612777193,0.13123871071084012,0.0
0.528708733385913,0.11402762901719504,0.0,0.5382305045867161,0.13161979908546625,0.0
0.6148085920228388,0.07194823956139837,0.0,0.6349858236440323,0.06923514608087347,0.0
0.6148085920228388,0.07194823956139837,0.0,0.6277847453052819,0.08558969250656465,0.0
0.6148085920228388,0.07194823956139837,0.0,0.6084378205518086,0.0851598932664967,0.0
0.548712622020464,0.11439367977512194,0.0,0.5687235055342313,0.11467809125486357,0.0
0.548712622020464,0.11439367977512194,0.0,0.5582097444292735,0.131999419173331,0.0
0.548712622020464,0.11439367977512194,0.0,0.5382305045867161,0.13161979908546625,0.0
0.5085891217745286,0.11372600913850373,0.0,0.5182539612777193,0.13123871071084012,0.0
0.5085891217745286,0.11372600913850373,0.0,0.4982346736776974,0.1308814719212535,0.0
0.6425426622069825,0.05239260064294586,0.0,0.662580051233616,0.0508860034041004,0.0
0.6425426622069825,0.05239260064294586,0.0,0.6349858236440323,0.06923514608087347,0.0
0.5182539612777193,0.13123871071084012,0.0,0.4982346736776974,0.1308814719212535,0.0
0.5182539612777193,0.13123871071084012,0.0,0.5079067435404832,0.14839001922583728,0.0
0.5182539612777193,0.13123871071084012,0.0,0.5279023307437589,0.1487604712524822,0.0
0.5182539612777193,0.13123871071084012,0.0,0.5382305045867161,0.13161979908546625,0.0
0.4982346736776974,0.1308814719212535,0.0,0.5079067435404832,0.14839001922583728,0.0
0.4982346736776974,0.1308814719212535,0.0,0.4879053748254072,0.14802285611914534,0.0
0.4982346736776974,0.1308814719212535,0.0,0.47822652841447455,0.1305181293393888,0.0
0.5687235055342313,0.11467809125486357,0.0,0.5582097444292735,0.131999419173331,0.0
0.5687235055342313,0.11467809125486357,0.0,0.5886642885557979,0.11501975335068886,0.0
0.5687235055342313,0.11467809125486357,0.0,0.5782684127415262,0.1322871724453937,0.0
0.5582097444292735,0.131999419173331,0.0,0.5782684127415262,0.1322871724453937,0.0
0.5582097444292735,0.131999419173331,0.0,0.5678878256305252,0.1495047281079995,0.0
0.5582097444292735,0.131999419173331,0.0,0.5382305045867161,0.13161979908546625,0.0
0.5582097444292735,0.131999419173331,0.0,0.5478967302492822,0.14906396462805566,0.0
0.5079067435404832,0.14839001922583728,0.0,0.4879053748254072,0.14802285611914534,0.0
0.5079067435404832,0.14839001922583728,0.0,0.5279023307437589,0.1487604712524822,0.0
0.5079067435404832,0.14839001922583728,0.0,0.5175761354179457,0.16590003681590026,0.0
0.5079067435404832,0.14839001922583728,0.0,0.49757954480519523,0.16553017744910853,0.0
0.4879053748254072,0.14802285611914534,0.0,0.47822652841447455,0.1305181293393888,0.0
0.4879053748254072,0.14802285611914534,0.0,0.46790606425857206,0.14765461981684833,0.0
0.4879053748254072,0.14802285611914534,0.0,0.477590921761528,0.16474119998634107,0.0
0.4879053748254072,0.14802285611914534,0.0,0.49757954480519523,0.16553017744910853,0.0
0.5886642885557979,0.11501975335068886,0.0,0.5989551585490391,0.09886966340039537,0.0
0.5886642885557979,0.11501975335068886,0.0,0.6085632841288151,0.11569698847622041,0.0
0.5886642885557979,0.11501975335068886,0.0,0.5982331382306421,0.13271925863669715,0.0
0.5886642885557979,0.11501975335068886,0.0,0.5782684127415262,0.1322871724453937,0.0
0.5279023307437589,0.1487604712524822,0.0,0.5175761354179457,0.16590003681590026,0.0
0.5279023307437589,0.1487604712524822,0.0,0.5375806452839182,0.16585943747702975,0.0
0.5279023307437589,0.1487604712524822,0.0,0.5382305045867161,0.13161979908546625,0.0
0.5279023307437589,0.1487604712524822,0.0,0.5478967302492822,0.14906396462805566,0.0
0.5175761354179457,0.16590003681590026,0.0,0.5375806452839182,0.16585943747702975,0.0
0.5175761354179457,0.16590003681590026,0.0,0.49757954480519523,0.16553017744910853,0.0
0.5175761354179457,0.16590003681590026,0.0,0.5074984673833366,0.17869120761094362,0.0
0.5175761354179457,0.16590003681590026,0.0,0.5274549868270184,0.17905923298406534,0.0
0.47822652841447455,0.1305181293393888,0.0,0.46790606425857206,0.14765461981684833,0.0
0.47822652841447455,0.1305181293393888,0.0,0.45822756945297866,0.13014972897954358,0.0
0.47822652841447455,0.1305181293393888,0.0,0.4685460002201206,0.11301507163889743,0.0
0.5989551585490391,0.09886966340039537,0.0,0.6085632841288151,0.11569698847622041,0.0
0.5989551585490391,0.09886966340039537,0.0,0.6188359116614794,0.09946334089480752,0.0
0.5989551585490391,0.09886966340039537,0.0,0.6084378205518086,0.0851598932664967,0.0
0.5375806452839182,0.16585943747702975,0.0,0.5478967302492822,0.14906396462805566,0.0
0.5375806452839182,0.16585943747702975,0.0,0.5574400457521468,0.1649693930490181,0.0
0.5375806452839182,0.16585943747702975,0.0,0.5274549868270184,0.17905923298406534,0.0
0.5375806452839182,0.16585943747702975,0.0,0.5473785718436627,0.1786491613021102,0.0
0.6085632841288151,0.11569698847622041,0.0,0.6188359116614794,0.09946334089480752,0.0
0.6085632841288151,0.11569698847622041,0.0,0.5982331382306421,0.13271925863669715,0.0
0.6085632841288151,0.11569698847622041,0.0,0.6285243002666266,0.11615554724224807,0.0
0.6085632841288151,0.11569698847622041,0.0,0.6182140484099752,0.13307199286473728,0.0
0.46790606425857206,0.14765461981684833,0.0,0.477590921761528,0.16474119998634107,0.0
0.46790606425857206,0.14765461981684833,0.0,0.45822756945297866,0.13014972897954358,0.0
0.46790606425857206,0.14765461981684833,0.0,0.4479086279275816,0.14728540426109363,0.0
0.46790606425857206,0.14765461981684833,0.0,0.457599761904051,0.16407162540621323,0.0
1.0,0.1699939149839438,0.0,0.983173047610552,0.17914044075056607,0.0
1.0,0.1699939149839438,0.0,0.9826794826904881,0.1599923583190164,0.0
1.0,0.1699939149839438,0.0,1.0,0.14999080165415132,0.0
1.0,0.1699939149839438,0.0,1.0,0.18999699138575252,0.0
0.983173047610552,0.17914044075056607,0.0,0.9826794826904881,0.1599923583190164,0.0
0.983173047610552,0.17914044075056607,0.0,1.0,0.18999699138575252,0.0
0.9826794826904881,0.1599923583190164,0.0,1.0,0.14999080165415132,0.0
1.0,0.10998444712562593,0.0,1.0,0.12998764574425567,0.0
1.0,0.10998444712562593,0.0,0.9826795044651042,0.11998604643496001,0.0
1.0,0.10998444712562593,0.0,0.9826795182578839,0.09998282883521833,0.0
1.0,0.10998444712562593,0.0,1.0,0.08998121054484082,0.0
1.0,0.12998764574425567,0.0,0.9826795044651042,0.11998604643496001,0.0
1.0,0.12998764574425567,0.0,1.0,0.14999080165415132,0.0
0.9826795044651042,0.11998604643496001,0.0,0.9826795182578839,0.09998282883521833,0.0
0.9826795182578839,0.09998282883521833,0.0,0.9654307421462874,0.08988888817094769,0.0
0.9826795182578839,0.09998282883521833,0.0,1.0,0.08998121054484082,0.0
0.9826795182578839,0.09998282883521833,0.0,0.9827807011233579,0.0801187233457098,0.0
0.6188359116614794,0.09946334089480752,0.0,0.6285243002666266,0.11615554724224807,0.0
0.6188359116614794,0.09946334089480752,0.0,0.6388217764558197,0.09985010375298022,0.0
0.6188359116614794,0.09946334089480752,0.0,0.6277847453052819,0.08558969250656465,0.0
0.6188359116614794,0.09946334089480752,0.0,0.6084378205518086,0.0851598932664967,0.0
0.5982331382306421,0.13271925863669715,0.0,0.5878919525294228,0.14980180913019148,0.0
0.5982331382306421,0.13271925863669715,0.0,0.6182140484099752,0.13307199286473728,0.0
0.5982331382306421,0.13271925863669715,0.0,0.6078960079171797,0.14982723312614105,0.0
0.5982331382306421,0.13271925863669715,0.0,0.5782684127415262,0.1322871724453937,0.0
0.477590921761528,0.16474119998634107,0.0,0.457599761904051,0.16407162540621323,0.0
0.477590921761528,0.16474119998634107,0.0,0.49757954480519523,0.16553017744910853,0.0
0.477590921761528,0.16474119998634107,0.0,0.48734317557320567,0.1782217745036675,0.0
0.477590921761528,0.16474119998634107,0.0,0.46736085671607014,0.17708008435219655,0.0
0.45822756945297866,0.13014972897954358,0.0,0.4479086279275816,0.14728540426109363,0.0
0.45822756945297866,0.13014972897954358,0.0,0.4382304526175646,0.12978035948235697,0.0
0.45822756945297866,0.13014972897954358,0.0,0.448548982153584,0.11264488085570253,0.0
0.45822756945297866,0.13014972897954358,0.0,0.4685460002201206,0.11301507163889743,0.0
1.0,0.18999699138575252,0.0,1.0,0.21,0.0
0.4479086279275816,0.14728540426109363,0.0,0.4382304526175646,0.12978035948235697,0.0
0.4479086279275816,0.14728540426109363,0.0,0.4279118108555712,0.14691590085415437,0.0
0.4479086279275816,0.14728540426109363,0.0,0.43759985197769846,0.1638769435529582,0.0
0.4479086279275816,0.14728540426109363,0.0,0.457599761904051,0.16407162540621323,0.0
0.6285243002666266,0.11615554724224807,0.0,0.6388217764558197,0.09985010375298022,0.0
0.6285243002666266,0.11615554724224807,0.0,0.6485131728416008,0.11654317016101777,0.0
0.6285243002666266,0.11615554724224807,0.0,0.6381960795825622,0.13347976733080538,0.0
0.6285243002666266,0.11615554724224807,0.0,0.6182140484099752,0.13307199286473728,0.0
0.7794457361688691,0.06680208243902198,0.0,0.7605475688826929,0.06693721346762548,0.0
0.7794457361688691,0.06680208243902198,0.0,0.7898798053828241,0.04952437426559439,0.0
0.7794457361688691,0.06680208243902198,0.0,0.7691254022346657,0.08392510938151129,0.0
0.7794457361688691,0.06680208243902198,0.0,0.7994371409494418,0.06719483438522847,0.0
0.7794457361688691,0.06680208243902198,0.0,0.7890958094447698,0.08437576603533994,0.0
0.7605475688826929,0.06693721346762548,0.0,0.7491310417437803,0.08357978154349513,0.0
0.7605475688826929,0.06693721346762548,0.0,0.7691254022346657,0.08392510938151129,0.0
0.7187952827256375,0.10043835144533242,0.0,0.7388095590531005,0.10072849649881921,0.0
0.7187952827256375,0.10043835144533242,0.0,0.7283274566324978,0.11784276527646716,0.0
0.7187952827256375,0.10043835144533242,0.0,0.7084989949087105,0.11747017486803929,0.0
0.7187952827256375,0.10043835144533242,0.0,0.6988238814107455,0.10008054411874791,0.0
0.7187952827256375,0.10043835144533242,0.0,0.7291096023592136,0.08330093776767018,0.0
0.7187952827256375,0.10043835144533242,0.0,0.7089817421345628,0.08339741172997794,0.0
0.7388095590531005,0.10072849649881921,0.0,0.7283274566324978,0.11784276527646716,0.0
0.7388095590531005,0.10072849649881921,0.0,0.7491310417437803,0.08357978154349513,0.0
0.7388095590531005,0.10072849649881921,0.0,0.7291096023592136,0.08330093776767018,0.0
0.7388095590531005,0.10072849649881921,0.0,0.7587678025720166,0.10104249997890226,0.0
0.7283274566324978,0.11784276527646716,0.0,0.7084989949087105,0.11747017486803929,0.0
0.7283274566324978,0.11784276527646716,0.0,0.7180920272833272,0.13490966713396865,0.0
0.7898798053828241,0.04952437426559439,0.0,0.7994371409494418,0.06719483438522847,0.0
0.7898798053828241,0.04952437426559439,0.0,0.8097654895876801,0.05003487086793151,0.0
0.9654307421462874,0.08988888817094769,0.0,0.9827807011233579,0.0801187233457098,0.0
0.7491310417437803,0.08357978154349513,0.0,0.7691254022346657,0.08392510938151129,0.0
0.7491310417437803,0.08357978154349513,0.0,0.7291096023592136,0.08330093776767018,0.0
0.7491310417437803,0.08357978154349513,0.0,0.7587678025720166,0.10104249997890226,0.0
0.7691254022346657,0.08392510938151129,0.0,0.7890958094447698,0.08437576603533994,0.0
0.7691254022346657,0.08392510938151129,0.0,0.7587678025720166,0.10104249997890226,0.0
0.7084989949087105,0.11747017486803929,0.0,0.6988238814107455,0.10008054411874791,0.0
0.7084989949087105,0.11747017486803929,0.0,0.6885054002973973,0.11721881592524555,0.0
0.7084989949087105,0.11747017486803929,0.0,0.6981854065147732,0.13461444483126964,0.0
0.7084989949087105,0.11747017486803929,0.0,0.7180920272833272,0.13490966713396865,0.0
0.8090995461958579,0.08475041578079295,0.0,0.8194415870927384,0.0675657866109134,0.0
0.8090995461958579,0.08475041578079295,0.0,0.7994371409494418,0.06719483438522847,0.0
0.8090995461958579,0.08475041578079295,0.0,0.7890958094447698,0.08437576603533994,0.0
0.8090995461958579,0.08475041578079295,0.0,0.8291236870342439,0.08517527583648347,0.0
0.8194415870927384,0.0675657866109134,0.0,0.7994371409494418,0.06719483438522847,0.0
0.8194415870927384,0.0675657866109134,0.0,0.8097654895876801,0.05003487086793151,0.0
0.8194415870927384,0.0675657866109134,0.0,0.8297637481810576,0.05040040374868137,0.0
0.8194415870927384,0.0675657866109134,0.0,0.8394317627021628,0.06799829889740325,0.0
0.8194415870927384,0.0675657866109134,0.0,0.8291236870342439,0.08517527583648347,0.0
0.7994371409494418,0.06719483438522847,0.0,0.8097654895876801,0.05003487086793151,0.0
0.7994371409494418,0.06719483438522847,0.0,0.7890958094447698,0.08437576603533994,0.0
0.8097654895876801,0.05003487086793151,0.0,0.8297637481810576,0.05040040374868137,0.0
0.6388217764558197,0.09985010375298022,0.0,0.6485131728416008,0.11654317016101777,0.0
0.6388217764558197,0.09985010375298022,0.0,0.6588209419744827,0.09992052413716063,0.0
0.6388217764558197,0.09985010375298022,0.0,0.6277847453052819,0.08558969250656465,0.0
0.4382304526175646,0.12978035948235697,0.0,0.4279118108555712,0.14691590085415437,0.0
0.4382304526175646,0.12978035948235697,0.0,0.448548982153584,0.11264488085570253,0.0
0.4382304526175646,0.12978035948235697,0.0,0.428552279712921,0.11227530466888624,0.0
0.4382304526175646,0.12978035948235697,0.0,0.41823370599353404,0.12941304960515929,0.0
0.6781890491977799,0.13423236816037815,0.0,0.6678797832408133,0.1508665387310345,0.0
0.6781890491977799,0.13423236816037815,0.0,0.6581935308301401,0.13382888023757814,0.0
0.6781890491977799,0.13423236816037815,0.0,0.6685089053659987,0.1168662311763183,0.0
0.6781890491977799,0.13423236816037815,0.0,0.6885054002973973,0.11721881592524555,0.0
0.6781890491977799,0.13423236816037815,0.0,0.6981854065147732,0.13461444483126964,0.0
0.6678797832408133,0.1508665387310345,0.0,0.6581935308301401,0.13382888023757814,0.0
0.6678797832408133,0.1508665387310345,0.0,0.6478910467904595,0.15007640092287947,0.0
0.6678797832408133,0.1508665387310345,0.0,0.6587574242756402,0.16412658147098327,0.0
0.6581935308301401,0.13382888023757814,0.0,0.6485131728416008,0.11654317016101777,0.0
0.6581935308301401,0.13382888023757814,0.0,0.6685089053659987,0.1168662311763183,0.0
0.6581935308301401,0.13382888023757814,0.0,0.6478910467904595,0.15007640092287947,0.0
0.6581935308301401,0.13382888023757814,0.0,0.6381960795825622,0.13347976733080538,0.0
0.8297637481810576,0.05040040374868137,0.0,0.8394317627021628,0.06799829889740325,0.0
0.8297637481810576,0.05040040374868137,0.0,0.8493505684678468,0.05063749780089816,0.0
0.8394317627021628,0.06799829889740325,0.0,0.8291236870342439,0.08517527583648347,0.0
0.8394317627021628,0.06799829889740325,0.0,0.8493505684678468,0.05063749780089816,0.0
0.8394317627021628,0.06799829889740325,0.0,0.8491364518920981,0.08573054940923132,0.0
0.9083399356147034,0.12127036468519432,0.0,0.8983299281374572,0.13819111064220818,0.0
0.9083399356147034,0.12127036468519432,0.0,0.889114089268027,0.12087521720933492,0.0
0.9083399356147034,0.12127036468519432,0.0,0.8987933878136802,0.10378125738585191,0.0
0.9083399356147034,0.12127036468519432,0.0,0.9180060034764503,0.10459394015926382,0.0
0.9083399356147034,0.12127036468519432,0.0,0.9275336633454974,0.12206920137462442,0.0
0.9083399356147034,0.12127036468519432,0.0,0.917970986438673,0.13876783278614496,0.0
0.8983299281374572,0.13819111064220818,0.0,0.889114089268027,0.12087521720933492,0.0
0.8983299281374572,0.13819111064220818,0.0,0.917970986438673,0.13876783278614496,0.0
0.8983299281374572,0.13819111064220818,0.0,0.9080894126426772,0.15490676201081602,0.0
0.889114089268027,0.12087521720933492,0.0,0.878806051937095,0.10360377083480689,0.0
0.889114089268027,0.12087521720933492,0.0,0.8987933878136802,0.10378125738585191,0.0
0.8291236870342439,0.08517527583648347,0.0,0.8491364518920981,0.08573054940923132,0.0
0.878806051937095,0.10360377083480689,0.0,0.8987933878136802,0.10378125738585191,0.0
0.878806051937095,0.10360377083480689,0.0,0.889110911564222,0.08662327869577048,0.0
0.878806051937095,0.10360377083480689,0.0,0.8691236009266242,0.08637857709337327,0.0
0.6988238814107455,0.10008054411874791,0.0,0.6885054002973973,0.11721881592524555,0.0
0.6988238814107455,0.10008054411874791,0.0,0.6788178258407552,0.10023280473178725,0.0
0.6988238814107455,0.10008054411874791,0.0,0.7089817421345628,0.08339741172997794,0.0
0.8987933878136802,0.10378125738585191,0.0,0.889110911564222,0.08662327869577048,0.0
0.8987933878136802,0.10378125738585191,0.0,0.9090986284202642,0.08725204485217554,0.0
0.8987933878136802,0.10378125738585191,0.0,0.9180060034764503,0.10459394015926382,0.0
0.9379597414574014,0.13913617375809348,0.0,0.9272487349697346,0.15588713162271792,0.0
0.9379597414574014,0.13913617375809348,0.0,0.9275336633454974,0.12206920137462442,0.0
0.9379597414574014,0.13913617375809348,0.0,0.917970986438673,0.13876783278614496,0.0
0.8491364518920981,0.08573054940923132,0.0,0.8691236009266242,0.08637857709337327,0.0
0.6485131728416008,0.11654317016101777,0.0,0.6685089053659987,0.1168662311763183,0.0
0.6485131728416008,0.11654317016101777,0.0,0.6588209419744827,0.09992052413716063,0.0
0.6485131728416008,0.11654317016101777,0.0,0.6381960795825622,0.13347976733080538,0.0
0.6685089053659987,0.1168662311763183,0.0,0.6885054002973973,0.11721881592524555,0.0
0.6685089053659987,0.1168662311763183,0.0,0.6788178258407552,0.10023280473178725,0.0
0.6685089053659987,0.1168662311763183,0.0,0.6588209419744827,0.09992052413716063,0.0
0.4279118108555712,0.14691590085415437,0.0,0.41823370599353404,0.12941304960515929,0.0
0.4279118108555712,0.14691590085415437,0.0,0.43759985197769846,0.1638769435529582,0.0
0.4279118108555712,0.14691590085415437,0.0,0.40783634576146344,0.14637586499702557,0.0
0.889110911564222,0.08662327869577048,0.0,0.9090986284202642,0.08725204485217554,0.0
0.889110911564222,0.08662327869577048,0.0,0.8691236009266242,0.08637857709337327,0.0
0.6885054002973973,0.11721881592524555,0.0,0.6981854065147732,0.13461444483126964,0.0
0.6885054002973973,0.11721881592524555,0.0,0.6788178258407552,0.10023280473178725,0.0
0.338887689904524,0.09330515352266419,0.0,0.31889127838571074,0.09292536241779357,0.0
0.338887689904524,0.09330515352266419,0.0,0.32899263110246685,0.07607408579715118,0.0
0.338887689904524,0.09330515352266419,0.0,0.3485655782499268,0.11081667200938884,0.0
0.338887689904524,0.09330515352266419,0.0,0.3285692504832623,0.1104328960912428,0.0
0.338887689904524,0.09330515352266419,0.0,0.34900452825698586,0.07725436040374836,0.0
0.338887689904524,0.09330515352266419,0.0,0.35888341671789575,0.09372163022151188,0.0
0.31889127838571074,0.09292536241779357,0.0,0.32899263110246685,0.07607408579715118,0.0
0.31889127838571074,0.09292536241779357,0.0,0.3285692504832623,0.1104328960912428,0.0
0.31889127838571074,0.09292536241779357,0.0,0.30857273364957793,0.11005920772060236,0.0
0.31889127838571074,0.09292536241779357,0.0,0.2988947179984005,0.09255333513465898,0.0
0.31889127838571074,0.09292536241779357,0.0,0.309213303683907,0.07541771647026388,0.0
0.32899263110246685,0.07607408579715118,0.0,0.34900452825698586,0.07725436040374836,0.0
0.32899263110246685,0.07607408579715118,0.0,0.309213303683907,0.07541771647026388,0.0
0.32899263110246685,0.07607408579715118,0.0,0.31931212060179254,0.05843110290289767,0.0
0.448548982153584,0.11264488085570253,0.0,0.428552279712921,0.11227530466888624,0.0
0.448548982153584,0.11264488085570253,0.0,0.43887035798692176,0.09516668677819122,0.0
0.448548982153584,0.11264488085570253,0.0,0.4588672804965781,0.09551395973159651,0.0
0.448548982153584,0.11264488085570253,0.0,0.4685460002201206,0.11301507163889743,0.0
0.3485655782499268,0.11081667200938884,0.0,0.3285692504832623,0.1104328960912428,0.0
0.3485655782499268,0.11081667200938884,0.0,0.3383336501486803,0.12740050600954306,0.0
0.3485655782499268,0.11081667200938884,0.0,0.3583166159486068,0.12818513775278834,0.0
0.3485655782499268,0.11081667200938884,0.0,0.3685614589163555,0.11122445650020034,0.0
0.3485655782499268,0.11081667200938884,0.0,0.35888341671789575,0.09372163022151188,0.0
0.3285692504832623,0.1104328960912428,0.0,0.3383336501486803,0.12740050600954306,0.0
0.3285692504832623,0.1104328960912428,0.0,0.31825627883268065,0.12726587226012268,0.0
0.3285692504832623,0.1104328960912428,0.0,0.30857273364957793,0.11005920772060236,0.0
0.3383336501486803,0.12740050600954306,0.0,0.31825627883268065,0.12726587226012268,0.0
0.3383336501486803,0.12740050600954306,0.0,0.3583166159486068,0.12818513775278834,0.0
0.3383336501486803,0.12740050600954306,0.0,0.34757149950126026,0.1445088697073984,0.0
0.3383336501486803,0.12740050600954306,0.0,0.3275052504644792,0.14340764621709262,0.0
0.9272487349697346,0.15588713162271792,0.0,0.917970986438673,0.13876783278614496,0.0
0.9272487349697346,0.15588713162271792,0.0,0.9080894126426772,0.15490676201081602,0.0
0.428552279712921,0.11227530466888624,0.0,0.41823370599353404,0.12941304960515929,0.0
0.428552279712921,0.11227530466888624,0.0,0.43887035798692176,0.09516668677819122,0.0
0.428552279712921,0.11227530466888624,0.0,0.4085555983979491,0.11191093576854859,0.0
0.428552279712921,0.11227530466888624,0.0,0.4188736929514101,0.09480155522316552,0.0
0.41823370599353404,0.12941304960515929,0.0,0.4085555983979491,0.11191093576854859,0.0
0.41823370599353404,0.12941304960515929,0.0,0.3982369699417868,0.12904946102549233,0.0
0.41823370599353404,0.12941304960515929,0.0,0.40783634576146344,0.14637586499702557,0.0
0.34900452825698586,0.07725436040374836,0.0,0.35888341671789575,0.09372163022151188,0.0
0.34900452825698586,0.07725436040374836,0.0,0.35941592976162245,0.06492647461162712,0.0
0.31825627883268065,0.12726587226012268,0.0,0.30857273364957793,0.11005920772060236,0.0
0.31825627883268065,0.12726587226012268,0.0,0.3275052504644792,0.14340764621709262,0.0
0.6981854065147732,0.13461444483126964,0.0,0.7180920272833272,0.13490966713396865,0.0
0.9090986284202642,0.08725204485217554,0.0,0.9180060034764503,0.10459394015926382,0.0
0.9180060034764503,0.10459394015926382,0.0,0.9275336633454974,0.12206920137462442,0.0
0.30857273364957793,0.11005920772060236,0.0,0.2988947179984005,0.09255333513465898,0.0
0.30857273364957793,0.11005920772060236,0.0,0.288576159984212,0.10968845825730877,0.0
0.6788178258407552,0.10023280473178725,0.0,0.6588209419744827,0.09992052413716063,0.0
0.7291096023592136,0.08330093776767018,0.0,0.7089817421345628,0.08339741172997794,0.0
0.2692200697443364,0.07467769212881435,0.0,0.2892105843661828,0.07505183441107433,0.0
0.2692200697443364,0.07467769212881435,0.0,0.2795272532838249,0.057660183732701493,0.0
0.2692200697443364,0.07467769212881435,0.0,0.2589015144873619,0.09181314117870028,0.0
0.2692200697443364,0.07467769212881435,0.0,0.24922344305647776,0.07430786000866654,0.0
0.2692200697443364,0.07467769212881435,0.0,0.2788981212587813,0.09218305289972688,0.0
0.2692200697443364,0.07467769212881435,0.0,0.25954084856123877,0.05723473016898846,0.0
0.2892105843661828,0.07505183441107433,0.0,0.2795272532838249,0.057660183732701493,0.0
0.2892105843661828,0.07505183441107433,0.0,0.2988947179984005,0.09255333513465898,0.0
0.2892105843661828,0.07505183441107433,0.0,0.309213303683907,0.07541771647026388,0.0
0.2892105843661828,0.07505183441107433,0.0,0.29949865008136894,0.05793695524096959,0.0
0.2892105843661828,0.07505183441107433,0.0,0.2788981212587813,0.09218305289972688,0.0
0.2795272532838249,0.057660183732701493,0.0,0.29949865008136894,0.05793695524096959,0.0
0.2795272532838249,0.057660183732701493,0.0,0.25954084856123877,0.05723473016898846,0.0
0.2795272532838249,0.057660183732701493,0.0,0.28983278700820503,0.04102277555920321,0.0
0.2795272532838249,0.057660183732701493,0.0,0.2698532598941168,0.04023204350767157,0.0
0.9275336633454974,0.12206920137462442,0.0,0.917970986438673,0.13876783278614496,0.0
0.917970986438673,0.13876783278614496,0.0,0.9080894126426772,0.15490676201081602,0.0
0.2988947179984005,0.09255333513465898,0.0,0.309213303683907,0.07541771647026388,0.0
0.2988947179984005,0.09255333513465898,0.0,0.288576159984212,0.10968845825730877,0.0
0.2988947179984005,0.09255333513465898,0.0,0.2788981212587813,0.09218305289972688,0.0
0.309213303683907,0.07541771647026388,0.0,0.29949865008136894,0.05793695524096959,0.0
0.309213303683907,0.07541771647026388,0.0,0.31931212060179254,0.05843110290289767,0.0
0.2589015144873619,0.09181314117870028,0.0,0.24922344305647776,0.07430786000866654,0.0
0.2589015144873619,0.09181314117870028,0.0,0.2685795708610198,0.10931844643972531,0.0
0.2589015144873619,0.09181314117870028,0.0,0.238904904691755,0.09144326910007139,0.0
0.2589015144873619,0.09181314117870028,0.0,0.2788981212587813,0.09218305289972688,0.0
0.2589015144873619,0.09181314117870028,0.0,0.24858297708139823,0.10894857302300773,0.0
0.24922344305647776,0.07430786000866654,0.0,0.238904904691755,0.09144326910007139,0.0
0.24922344305647776,0.07430786000866654,0.0,0.22922681517313165,0.07393798523387331,0.0
0.24922344305647776,0.07430786000866654,0.0,0.2395453530450438,0.0568026285734423,0.0
0.24922344305647776,0.07430786000866654,0.0,0.25954084856123877,0.05723473016898846,0.0
0.288576159984212,0.10968845825730877,0.0,0.2685795708610198,0.10931844643972531,0.0
0.288576159984212,0.10968845825730877,0.0,0.2773762785006523,0.12615632708580068,0.0
0.288576159984212,0.10968845825730877,0.0,0.2788981212587813,0.09218305289972688,0.0
0.2685795708610198,0.10931844643972531,0.0,0.2773762785006523,0.12615632708580068,0.0
0.2685795708610198,0.10931844643972531,0.0,0.2788981212587813,0.09218305289972688,0.0
0.2685795708610198,0.10931844643972531,0.0,0.24858297708139823,0.10894857302300773,0.0
0.2685795708610198,0.10931844643972531,0.0,0.25707383850263094,0.12561635543905147,0.0
0.2773762785006523,0.12615632708580068,0.0,0.25707383850263094,0.12561635543905147,0.0
0.2773762785006523,0.12615632708580068,0.0,0.26542371691466876,0.14181892194231888,0.0
0.43759985197769846,0.1638769435529582,0.0,0.457599761904051,0.16407162540621323,0.0
0.43759985197769846,0.1638769435529582,0.0,0.4473724576024668,0.1762673624130493,0.0
0.29949865008136894,0.05793695524096959,0.0,0.31931212060179254,0.05843110290289767,0.0
0.29949865008136894,0.05793695524096959,0.0,0.3098015349851604,0.041325801959502695,0.0
0.29949865008136894,0.05793695524096959,0.0,0.28983278700820503,0.04102277555920321,0.0
0.17891592208288898,0.09028766917583764,0.0,0.18923370581476706,0.07319043974251739,0.0
0.17891592208288898,0.09028766917583764,0.0,0.16923735490279948,0.07280596103856501,0.0
0.17891592208288898,0.09028766917583764,0.0,0.15891962383075384,0.08990110593725062,0.0
0.17891592208288898,0.09028766917583764,0.0,0.16860264980215978,0.10714115829397054,0.0
0.17891592208288898,0.09028766917583764,0.0,0.19891168459830136,0.09070339032888394,0.0
0.17891592208288898,0.09028766917583764,0.0,0.18859825940830682,0.10756452315387476,0.0
0.18923370581476706,0.07319043974251739,0.0,0.16923735490279948,0.07280596103856501,0.0
0.18923370581476706,0.07319043974251739,0.0,0.19955110053469777,0.05611486606368394,0.0
0.18923370581476706,0.07319043974251739,0.0,0.2092300513405202,0.07357546549633816,0.0
0.18923370581476706,0.07319043974251739,0.0,0.17955704140423118,0.05588781035553717,0.0
0.18923370581476706,0.07319043974251739,0.0,0.19891168459830136,0.09070339032888394,0.0
0.16923735490279948,0.07280596103856501,0.0,0.1492405944078658,0.07244403696319139,0.0
0.16923735490279948,0.07280596103856501,0.0,0.15891962383075384,0.08990110593725062,0.0
0.16923735490279948,0.07280596103856501,0.0,0.17955704140423118,0.05588781035553717,0.0
0.16923735490279948,0.07280596103856501,0.0,0.15955885417254984,0.05531976404990357,0.0
0.13892226814863096,0.0895720319777232,0.0,0.1492405944078658,0.07244403696319139,0.0
0.13892226814863096,0.0895720319777232,0.0,0.12924386858934853,0.07208079303692223,0.0
0.13892226814863096,0.0895720319777232,0.0,0.15891962383075384,0.08990110593725062,0.0
0.13892226814863096,0.0895720319777232,0.0,0.148601202602902,0.1070336589731295,0.0
0.13892226814863096,0.0895720319777232,0.0,0.12860367714877485,0.10671416114340489,0.0
0.13892226814863096,0.0895720319777232,0.0,0.11892539602421405,0.08921720272004663,0.0
0.1492405944078658,0.07244403696319139,0.0,0.12924386858934853,0.07208079303692223,0.0
0.1492405944078658,0.07244403696319139,0.0,0.15891962383075384,0.08990110593725062,0.0
0.1492405944078658,0.07244403696319139,0.0,0.1395622516549976,0.054949068764735674,0.0
0.1492405944078658,0.07244403696319139,0.0,0.15955885417254984,0.05531976404990357,0.0
0.12924386858934853,0.07208079303692223,0.0,0.1092471752998544,0.07171648608984943,0.0
0.12924386858934853,0.07208079303692223,0.0,0.11941010001526323,0.05431356440214185,0.0
0.12924386858934853,0.07208079303692223,0.0,0.1395622516549976,0.054949068764735674,0.0
0.12924386858934853,0.07208079303692223,0.0,0.11892539602421405,0.08921720272004663,0.0
0.1092471752998544,0.07171648608984943,0.0,0.11941010001526323,0.05431356440214185,0.0
0.1092471752998544,0.07171648608984943,0.0,0.09893925341795179,0.05471250287486705,0.0
0.1092471752998544,0.07171648608984943,0.0,0.08914592553776088,0.07152178195721329,0.0
0.1092471752998544,0.07171648608984943,0.0,0.09892873472101328,0.08885148435157494,0.0
0.1092471752998544,0.07171648608984943,0.0,0.11892539602421405,0.08921720272004663,0.0
0.11941010001526323,0.05431356440214185,0.0,0.09893925341795179,0.05471250287486705,0.0
0.11941010001526323,0.05431356440214185,0.0,0.1395622516549976,0.054949068764735674,0.0
0.09893925341795179,0.05471250287486705,0.0,0.08914592553776088,0.07152178195721329,0.0
0.09893925341795179,0.05471250287486705,0.0,0.07957421988549859,0.0543901772006778,0.0
0.22858638190707284,0.10857868199071723,0.0,0.2085897860003806,0.10820873901624539,0.0
0.22858638190707284,0.10857868199071723,0.0,0.238904904691755,0.09144326910007139,0.0
0.22858638190707284,0.10857868199071723,0.0,0.21890829416094545,0.09107335718428762,0.0
0.22858638190707284,0.10857868199071723,0.0,0.23732169390129787,0.12551799172577954,0.0
0.22858638190707284,0.10857868199071723,0.0,0.24858297708139823,0.10894857302300773,0.0
0.2085897860003806,0.10820873901624539,0.0,0.21890829416094545,0.09107335718428762,0.0
0.2085897860003806,0.10820873901624539,0.0,0.19891168459830136,0.09070339032888394,0.0
0.2085897860003806,0.10820873901624539,0.0,0.18859825940830682,0.10756452315387476,0.0
0.08914592553776088,0.07152178195721329,0.0,0.09892873472101328,0.08885148435157494,0.0
0.08914592553776088,0.07152178195721329,0.0,0.07893214353683341,0.08848256822879086,0.0
0.08914592553776088,0.07152178195721329,0.0,0.06925402740197019,0.0709774901359844,0.0
0.08914592553776088,0.07152178195721329,0.0,0.07957421988549859,0.0543901772006778,0.0
0.21954870672685495,0.05643272467284571,0.0,0.19955110053469777,0.05611486606368394,0.0
0.21954870672685495,0.05643272467284571,0.0,0.2092300513405202,0.07357546549633816,0.0
0.21954870672685495,0.05643272467284571,0.0,0.22922681517313165,0.07393798523387331,0.0
0.21954870672685495,0.05643272467284571,0.0,0.22986724344539,0.03929741908738676,0.0
0.21954870672685495,0.05643272467284571,0.0,0.2098646584221747,0.03924774805925765,0.0
0.21954870672685495,0.05643272467284571,0.0,0.2395453530450438,0.0568026285734423,0.0
0.19955110053469777,0.05611486606368394,0.0,0.2092300513405202,0.07357546549633816,0.0
0.19955110053469777,0.05611486606368394,0.0,0.17955704140423118,0.05588781035553717,0.0
0.19955110053469777,0.05611486606368394,0.0,0.2098646584221747,0.03924774805925765,0.0
0.19955110053469777,0.05611486606368394,0.0,0.18985980637276403,0.03955631860414626,0.0
0.2092300513405202,0.07357546549633816,0.0,0.21890829416094545,0.09107335718428762,0.0
0.2092300513405202,0.07357546549633816,0.0,0.22922681517313165,0.07393798523387331,0.0
0.2092300513405202,0.07357546549633816,0.0,0.19891168459830136,0.09070339032888394,0.0
0.3583166159486068,0.12818513775278834,0.0,0.3685614589163555,0.11122445650020034,0.0
0.3583166159486068,0.12818513775278834,0.0,0.37824053790665596,0.12867168927028472,0.0
0.3583166159486068,0.12818513775278834,0.0,0.34757149950126026,0.1445088697073984,0.0
0.238904904691755,0.09144326910007139,0.0,0.21890829416094545,0.09107335718428762,0.0
0.238904904691755,0.09144326910007139,0.0,0.22922681517313165,0.07393798523387331,0.0
0.238904904691755,0.09144326910007139,0.0,0.24858297708139823,0.10894857302300773,0.0
0.21890829416094545,0.09107335718428762,0.0,0.22922681517313165,0.07393798523387331,0.0
0.21890829416094545,0.09107335718428762,0.0,0.19891168459830136,0.09070339032888394,0.0
0.22922681517313165,0.07393798523387331,0.0,0.2395453530450438,0.0568026285734423,0.0
0.23732169390129787,0.12551799172577954,0.0,0.24858297708139823,0.10894857302300773,0.0
0.23732169390129787,0.12551799172577954,0.0,0.25707383850263094,0.12561635543905147,0.0
0.23732169390129787,0.12551799172577954,0.0,0.24533226733364943,0.14173513013949643,0.0
0.15891962383075384,0.08990110593725062,0.0,0.148601202602902,0.1070336589731295,0.0
0.15891962383075384,0.08990110593725062,0.0,0.16860264980215978,0.10714115829397054,0.0
0.148601202602902,0.1070336589731295,0.0,0.16860264980215978,0.10714115829397054,0.0
0.148601202602902,0.1070336589731295,0.0,0.12860367714877485,0.10671416114340489,0.0
0.1395622516549976,0.054949068764735674,0.0,0.15955885417254984,0.05531976404990357,0.0
0.1395622516549976,0.054949068764735674,0.0,0.1499841616987256,0.039075488139192725,0.0
0.0782917770974555,0.12312346710537839,0.0,0.09845335222357736,0.1222888633161511,0.0
0.0782917770974555,0.12312346710537839,0.0,0.08861026273983118,0.10598751830259039,0.0
0.0782917770974555,0.12312346710537839,0.0,0.06861367866136563,0.10561808496245209,0.0
0.0782917770974555,0.12312346710537839,0.0,0.06797328391520308,0.1402588897048891,0.0
0.0782917770974555,0.12312346710537839,0.0,0.05829519654584294,0.12275358699123694,0.0
0.09845335222357736,0.1222888633161511,0.0,0.08861026273983118,0.10598751830259039,0.0
0.09845335222357736,0.1222888633161511,0.0,0.10860688902355167,0.10635504168974289,0.0
0.09845335222357736,0.1222888633161511,0.0,0.11829381985709372,0.12338338126956709,0.0
0.09845335222357736,0.1222888633161511,0.0,0.10899159092475146,0.13674431353212135,0.0
0.047976699606133294,0.13988889473351845,0.0,0.057660493451910974,0.15708490545076872,0.0
0.047976699606133294,0.13988889473351845,0.0,0.06797328391520308,0.1402588897048891,0.0
0.047976699606133294,0.13988889473351845,0.0,0.05829519654584294,0.12275358699123694,0.0
0.057660493451910974,0.15708490545076872,0.0,0.06797328391520308,0.1402588897048891,0.0
0.6478910467904595,0.15007640092287947,0.0,0.6278864622037977,0.15013548658083062,0.0
0.6478910467904595,0.15007640092287947,0.0,0.6381960795825622,0.13347976733080538,0.0
0.6478910467904595,0.15007640092287947,0.0,0.6587574242756402,0.16412658147098327,0.0
0.6278864622037977,0.15013548658083062,0.0,0.6381960795825622,0.13347976733080538,0.0
0.6278864622037977,0.15013548658083062,0.0,0.6182140484099752,0.13307199286473728,0.0
0.6278864622037977,0.15013548658083062,0.0,0.6078960079171797,0.14982723312614105,0.0
0.058935578467560985,0.08811282764973553,0.0,0.04968629322251583,0.07057302553307451,0.0
0.058935578467560985,0.08811282764973553,0.0,0.07893214353683341,0.08848256822879086,0.0
0.058935578467560985,0.08811282764973553,0.0,0.06861367866136563,0.10561808496245209,0.0
0.058935578467560985,0.08811282764973553,0.0,0.04861710891714859,0.1052482800925222,0.0
0.058935578467560985,0.08811282764973553,0.0,0.06925402740197019,0.0709774901359844,0.0
0.04968629322251583,0.07057302553307451,0.0,0.06925402740197019,0.0709774901359844,0.0
0.04968629322251583,0.07057302553307451,0.0,0.059632137774194904,0.05429142111647117,0.0
0.39887290910382656,0.09465952876276996,0.0,0.3885582993600382,0.11158015716148859,0.0
0.39887290910382656,0.09465952876276996,0.0,0.378875507751782,0.09433434993444763,0.0
0.39887290910382656,0.09465952876276996,0.0,0.4085555983979491,0.11191093576854859,0.0
0.39887290910382656,0.09465952876276996,0.0,0.4188736929514101,0.09480155522316552,0.0
0.3885582993600382,0.11158015716148859,0.0,0.378875507751782,0.09433434993444763,0.0
0.3885582993600382,0.11158015716148859,0.0,0.3685614589163555,0.11122445650020034,0.0
0.3885582993600382,0.11158015716148859,0.0,0.37824053790665596,0.12867168927028472,0.0
0.3885582993600382,0.11158015716148859,0.0,0.4085555983979491,0.11191093576854859,0.0
0.3885582993600382,0.11158015716148859,0.0,0.3982369699417868,0.12904946102549233,0.0
0.378875507751782,0.09433434993444763,0.0,0.3685614589163555,0.11122445650020034,0.0
0.378875507751782,0.09433434993444763,0.0,0.35888341671789575,0.09372163022151188,0.0
0.3685614589163555,0.11122445650020034,0.0,0.37824053790665596,0.12867168927028472,0.0
0.3685614589163555,0.11122445650020034,0.0,0.35888341671789575,0.09372163022151188,0.0
0.37824053790665596,0.12867168927028472,0.0,0.3982369699417868,0.12904946102549233,0.0
0.37824053790665596,0.12867168927028472,0.0,0.3879244011444939,0.14617493010856328,0.0
0.16860264980215978,0.10714115829397054,0.0,0.18859825940830682,0.10756452315387476,0.0
0.09892873472101328,0.08885148435157494,0.0,0.08861026273983118,0.10598751830259039,0.0
0.09892873472101328,0.08885148435157494,0.0,0.07893214353683341,0.08848256822879086,0.0
0.09892873472101328,0.08885148435157494,0.0,0.11892539602421405,0.08921720272004663,0.0
0.09892873472101328,0.08885148435157494,0.0,0.10860688902355167,0.10635504168974289,0.0
0.08861026273983118,0.10598751830259039,0.0,0.07893214353683341,0.08848256822879086,0.0
0.08861026273983118,0.10598751830259039,0.0,0.06861367866136563,0.10561808496245209,0.0
0.08861026273983118,0.10598751830259039,0.0,0.10860688902355167,0.10635504168974289,0.0
0.07893214353683341,0.08848256822879086,0.0,0.06861367866136563,0.10561808496245209,0.0
0.07893214353683341,0.08848256822879086,0.0,0.06925402740197019,0.0709774901359844,0.0
0.06861367866136563,0.10561808496245209,0.0,0.04861710891714859,0.1052482800925222,0.0
0.06861367866136563,0.10561808496245209,0.0,0.05829519654584294,0.12275358699123694,0.0
0.17955704140423118,0.05588781035553717,0.0,0.15955885417254984,0.05531976404990357,0.0
0.17955704140423118,0.05588781035553717,0.0,0.16988731801984824,0.039338335229137586,0.0
0.17955704140423118,0.05588781035553717,0.0,0.18985980637276403,0.03955631860414626,0.0
0.04861710891714859,0.1052482800925222,0.0,0.05829519654584294,0.12275358699123694,0.0
0.22986724344539,0.03929741908738676,0.0,0.2098646584221747,0.03924774805925765,0.0
0.22986724344539,0.03929741908738676,0.0,0.2395453530450438,0.0568026285734423,0.0
0.22986724344539,0.03929741908738676,0.0,0.2498570032878132,0.04004085853393926,0.0
0.2098646584221747,0.03924774805925765,0.0,0.18985980637276403,0.03955631860414626,0.0
0.2098646584221747,0.03924774805925765,0.0,0.19992590588850248,0.024381459004876947,0.0
0.2395453530450438,0.0568026285734423,0.0,0.25954084856123877,0.05723473016898846,0.0
0.2395453530450438,0.0568026285734423,0.0,0.2498570032878132,0.04004085853393926,0.0
0.31931212060179254,0.05843110290289767,0.0,0.3098015349851604,0.041325801959502695,0.0
0.3098015349851604,0.041325801959502695,0.0,0.28983278700820503,0.04102277555920321,0.0
0.43887035798692176,0.09516668677819122,0.0,0.4588672804965781,0.09551395973159651,0.0
0.43887035798692176,0.09516668677819122,0.0,0.4188736929514101,0.09480155522316552,0.0
0.4588672804965781,0.09551395973159651,0.0,0.4685460002201206,0.11301507163889743,0.0
0.4588672804965781,0.09551395973159651,0.0,0.4691775394779216,0.07837680974415387,0.0
0.12860367714877485,0.10671416114340489,0.0,0.11892539602421405,0.08921720272004663,0.0
0.12860367714877485,0.10671416114340489,0.0,0.10860688902355167,0.10635504168974289,0.0
0.12860367714877485,0.10671416114340489,0.0,0.11829381985709372,0.12338338126956709,0.0
0.11892539602421405,0.08921720272004663,0.0,0.10860688902355167,0.10635504168974289,0.0
0.06925402740197019,0.0709774901359844,0.0,0.059632137774194904,0.05429142111647117,0.0
0.06925402740197019,0.0709774901359844,0.0,0.07957421988549859,0.0543901772006778,0.0
0.06797328391520308,0.1402588897048891,0.0,0.05829519654584294,0.12275358699123694,0.0
0.059632137774194904,0.05429142111647117,0.0,0.07957421988549859,0.0543901772006778,0.0
0.6381960795825622,0.13347976733080538,0.0,0.6182140484099752,0.13307199286473728,0.0
0.25954084856123877,0.05723473016898846,0.0,0.2498570032878132,0.04004085853393926,0.0
0.25954084856123877,0.05723473016898846,0.0,0.2698532598941168,0.04023204350767157,0.0
0.4085555983979491,0.11191093576854859,0.0,0.4188736929514101,0.09480155522316552,0.0
0.4085555983979491,0.11191093576854859,0.0,0.3982369699417868,0.12904946102549233,0.0
0.19891168459830136,0.09070339032888394,0.0,0.18859825940830682,0.10756452315387476,0.0
0.10860688902355167,0.10635504168974289,0.0,0.11829381985709372,0.12338338126956709,0.0
0.11829381985709372,0.12338338126956709,0.0,0.10899159092475146,0.13674431353212135,0.0
0.11829381985709372,0.12338338126956709,0.0,0.12743454681212904,0.13528320313304426,0.0
0.15955885417254984,0.05531976404990357,0.0,0.1499841616987256,0.039075488139192725,0.0
0.15955885417254984,0.05531976404990357,0.0,0.16988731801984824,0.039338335229137586,0.0
0.1499841616987256,0.039075488139192725,0.0,0.16988731801984824,0.039338335229137586,0.0
0.1499841616987256,0.039075488139192725,0.0,0.1410243741176018,0.026086211892665447,0.0
0.1499841616987256,0.039075488139192725,0.0,0.15970159656441085,0.02575407072566781,0.0
0.16988731801984824,0.039338335229137586,0.0,0.18985980637276403,0.03955631860414626,0.0
0.16988731801984824,0.039338335229137586,0.0,0.1794559216725084,0.0248497145083832,0.0
0.16988731801984824,0.039338335229137586,0.0,0.15970159656441085,0.02575407072566781,0.0
0.24858297708139823,0.10894857302300773,0.0,0.25707383850263094,0.12561635543905147,0.0
0.2498570032878132,0.04004085853393926,0.0,0.2698532598941168,0.04023204350767157,0.0
0.3982369699417868,0.12904946102549233,0.0,0.3879244011444939,0.14617493010856328,0.0
0.3982369699417868,0.12904946102549233,0.0,0.40783634576146344,0.14637586499702557,0.0
0.25707383850263094,0.12561635543905147,0.0,0.24533226733364943,0.14173513013949643,0.0
0.25707383850263094,0.12561635543905147,0.0,0.26542371691466876,0.14181892194231888,0.0
0.18985980637276403,0.03955631860414626,0.0,0.19992590588850248,0.024381459004876947,0.0
0.18985980637276403,0.03955631860414626,0.0,0.1794559216725084,0.0248497145083832,0.0
0.3879244011444939,0.14617493010856328,0.0,0.40783634576146344,0.14637586499702557,0.0
0.28983278700820503,0.04102277555920321,0.0,0.2698532598941168,0.04023204350767157,0.0
0.5878919525294228,0.14980180913019148,0.0,0.6078960079171797,0.14982723312614105,0.0
0.5878919525294228,0.14980180913019148,0.0,0.5782684127415262,0.1322871724453937,0.0
0.5878919525294228,0.14980180913019148,0.0,0.5678878256305252,0.1495047281079995,0.0
0.6182140484099752,0.13307199286473728,0.0,0.6078960079171797,0.14982723312614105,0.0
0.457599761904051,0.16407162540621323,0.0,0.4473724576024668,0.1762673624130493,0.0
0.457599761904051,0.16407162540621323,0.0,0.46736085671607014,0.17708008435219655,0.0
1.0,0.08998121054484082,0.0,1.0,0.06997792892328707,0.0
1.0,0.08998121054484082,0.0,0.9827807011233579,0.0801187233457098,0.0
1.0,0.049974599781755426,0.0,1.0,0.06997792892328707,0.0
1.0,0.049974599781755426,0.0,0.9832148522780209,0.060903578759704875,0.0
1.0,0.049974599781755426,0.0,1.0,0.029971214390463997,0.0
1.0,0.06997792892328707,0.0,0.9832148522780209,0.060903578759704875,0.0
1.0,0.06997792892328707,0.0,0.9827807011233579,0.0801187233457098,0.0
0.9832148522780209,0.060903578759704875,0.0,0.9827807011233579,0.0801187233457098,0.0
0.5782684127415262,0.1322871724453937,0.0,0.5678878256305252,0.1495047281079995,0.0
0.5678878256305252,0.1495047281079995,0.0,0.5478967302492822,0.14906396462805566,0.0
0.5678878256305252,0.1495047281079995,0.0,0.5574400457521468,0.1649693930490181,0.0
0.49757954480519523,0.16553017744910853,0.0,0.48734317557320567,0.1782217745036675,0.0
0.49757954480519523,0.16553017744910853,0.0,0.5074984673833366,0.17869120761094362,0.0
0.5382305045867161,0.13161979908546625,0.0,0.5478967302492822,0.14906396462805566,0.0
0.5478967302492822,0.14906396462805566,0.0,0.5574400457521468,0.1649693930490181,0.0
0.5574400457521468,0.1649693930490181,0.0,0.5649921797289122,0.1785249143306656,0.0
0.5574400457521468,0.1649693930490181,0.0,0.5473785718436627,0.1786491613021102,0.0
0.4691775394779216,0.07837680974415387,0.0,0.47948361485800983,0.06125449864580038,0.0
0.12108695606252824,0.14970757323628284,0.0,0.10899159092475146,0.13674431353212135,0.0
0.12108695606252824,0.14970757323628284,0.0,0.12743454681212904,0.13528320313304426,0.0
0.9179681235101528,0.03907254713099212,0.0,0.9097727914151967,0.021319635536019517,0.0
0.9179681235101528,0.03907254713099212,0.0,0.92954455266754,0.023438206652861764,0.0
0.9097727914151967,0.021319635536019517,0.0,0.92954455266754,0.023438206652861764,0.0
0.9097727914151967,0.021319635536019517,0.0,0.9018965521025548,0.003283586167022801,0.0
0.9097727914151967,0.021319635536019517,0.0,0.9214519687195108,0.005479090383131233,0.0
0.1449658081379845,0.18028902381458445,0.0,0.1372078753933555,0.1984719233079192,0.0
0.1449658081379845,0.18028902381458445,0.0,0.1567512396874989,0.1961150489967212,0.0
0.92954455266754,0.023438206652861764,0.0,0.9214519687195108,0.005479090383131233,0.0
0.2549212071454445,0.1900191158946087,0.0,0.2352375608496372,0.1901715774166525,0.0
0.2352375608496372,0.1901715774166525,0.0,0.2155675444190997,0.1909215933815534,0.0
0.4903279443906911,0.00989395269041808,0.0,0.5100054599080286,0.009888785774783877,0.0
0.5100054599080286,0.009888785774783877,0.0,0.5296736298878216,0.009280498919153663,0.0
0.020008464806471157,0.009653287975915843,0.0,0.03966540792679323,0.008750951525834768,0.0
0.020008464806471157,0.009653287975915843,0.0,0.0003334440370684072,0.009967638580554397,0.0
0.020008464806471157,0.009653287975915843,0.0,0.014572686423467068,0.02395633545443888,0.0
0.03966540792679323,0.008750951525834768,0.0,0.059291003544101384,0.007318072544634142,0.0
0.10578077828409416,0.18550717650779644,0.0,0.1176755593694548,0.2009191173322832,0.0
0.10578077828409416,0.18550717650779644,0.0,0.09813655032930213,0.2033120093872453,0.0
0.2155675444190997,0.1909215933815534,0.0,0.1959260328513177,0.1922212147213933,0.0
0.5296736298878216,0.009280498919153663,0.0,0.5493164009074932,0.008108060413431557,0.0
0.1176755593694548,0.2009191173322832,0.0,0.1372078753933555,0.1984719233079192,0.0
0.1176755593694548,0.2009191173322832,0.0,0.09813655032930213,0.2033120093872453,0.0
0.1372078753933555,0.1984719233079192,0.0,0.1567512396874989,0.1961150489967212,0.0
3.334444814934153e-05,0.18999697590451042,0.0,0.014343829987880788,0.17476084804399702,0.0
3.334444814934153e-05,0.18999697590451042,0.0,0.011954369705722653,0.1977542736994553,0.0
3.334444814934153e-05,0.18999697590451042,0.0,3.856485859437221e-25,0.21,0.0
0.1959260328513177,0.1922212147213933,0.0,0.1763208908223542,0.1939886762133007,0.0
0.6861187615548019,0.1930527247722307,0.0,0.6724328042152518,0.17774210479331132,0.0
0.6861187615548019,0.1930527247722307,0.0,0.6665320285254098,0.1950146595390509,0.0
0.6724328042152518,0.17774210479331132,0.0,0.6665320285254098,0.1950146595390509,0.0
0.6724328042152518,0.17774210479331132,0.0,0.6531431421798862,0.18098346899093642,0.0
0.6724328042152518,0.17774210479331132,0.0,0.6587574242756402,0.16412658147098327,0.0
0.3530228816138251,0.1972732469543295,0.0,0.3725585682950345,0.1996932487804034,0.0
0.1763208908223542,0.1939886762133007,0.0,0.1567512396874989,0.1961150489967212,0.0
0.6079079889629149,0.2021313692806051,0.0,0.6274414338011367,0.1996932485171144,0.0
0.6079079889629149,0.2021313692806051,0.0,0.5883592993452134,0.204443428867555,0.0
0.6274414338011367,0.1996932485171144,0.0,0.6469771203754761,0.1972732467138197,0.0
0.8823244412923026,0.2009191174150899,0.0,0.901863450217593,0.2033120094520914,0.0
0.8823244412923026,0.2009191174150899,0.0,0.8772077658995716,0.1870804603569128,0.0
0.901863450217593,0.2033120094520914,0.0,0.921425379683128,0.2055086350647987,0.0
0.6469771203754761,0.1972732467138197,0.0,0.6665320285254098,0.1950146595390509,0.0
0.6469771203754761,0.1972732467138197,0.0,0.6531431421798862,0.18098346899093642,0.0
0.6665320285254098,0.1950146595390509,0.0,0.6531431421798862,0.18098346899093642,0.0
0.6531431421798862,0.18098346899093642,0.0,0.6587574242756402,0.16412658147098327,0.0
0.07857462076905876,0.2055086350173741,0.0,0.09813655032930213,0.2033120093872453,0.0
0.07857462076905876,0.2055086350173741,0.0,0.05897878113556556,0.2073769316422593,0.0
0.4312186625324201,0.2064914855210821,0.0,0.4508331653730723,0.2081512657305875,0.0
0.4312186625324201,0.2064914855210821,0.0,0.4400158092825996,0.1916367071983597,0.0
0.568781339891721,0.2064914852893641,0.0,0.5883592993452134,0.204443428867555,0.0
0.568781339891721,0.2064914852893641,0.0,0.5491668371792392,0.2081512655447921,0.0
0.568781339891721,0.2064914852893641,0.0,0.5575773457495286,0.19081251338513447,0.0
0.921425379683128,0.2055086350647987,0.0,0.9410212191544387,0.2073769316668632,0.0
0.9410212191544387,0.2073769316668632,0.0,0.950906947204376,0.19540555861321166,0.0
0.03934595430376511,0.2088023656195966,0.0,0.05897878113556556,0.2073769316422593,0.0
0.03934595430376511,0.2088023656195966,0.0,0.01968189381931244,0.2096956954280177,0.0
0.4508331653730723,0.2081512657305875,0.0,0.4704828605194097,0.2093199306346598,0.0
0.4508331653730723,0.2081512657305875,0.0,0.45988285112228305,0.19246653993592291,0.0
0.4508331653730723,0.2081512657305875,0.0,0.4400158092825996,0.1916367071983597,0.0
0.4704828605194097,0.2093199306346598,0.0,0.45988285112228305,0.19246653993592291,0.0
0.4704828605194097,0.2093199306346598,0.0,0.4901578846305079,0.2099236141418919,0.0
0.4704828605194097,0.2093199306346598,0.0,0.4790569825788875,0.19347003418360154,0.0
0.45988285112228305,0.19246653993592291,0.0,0.4400158092825996,0.1916367071983597,0.0
0.45988285112228305,0.19246653993592291,0.0,0.4473724576024668,0.1762673624130493,0.0
0.45988285112228305,0.19246653993592291,0.0,0.4790569825788875,0.19347003418360154,0.0
0.45988285112228305,0.19246653993592291,0.0,0.46736085671607014,0.17708008435219655,0.0
0.5295171421655228,0.2093199305123607,0.0,0.5491668371792392,0.2081512655447921,0.0
0.5295171421655228,0.2093199305123607,0.0,0.5383415290685871,0.19247087263765034,0.0
0.5295171421655228,0.2093199305123607,0.0,0.5098421182743784,0.209923614096859,0.0
0.5295171421655228,0.2093199305123607,0.0,0.5185821740895205,0.1938293493340746,0.0
0.5491668371792392,0.2081512655447921,0.0,0.5383415290685871,0.19247087263765034,0.0
0.5491668371792392,0.2081512655447921,0.0,0.5575773457495286,0.19081251338513447,0.0
0.5383415290685871,0.19247087263765034,0.0,0.5575773457495286,0.19081251338513447,0.0
0.5383415290685871,0.19247087263765034,0.0,0.5185821740895205,0.1938293493340746,0.0
0.5383415290685871,0.19247087263765034,0.0,0.5274549868270184,0.17905923298406534,0.0
0.5383415290685871,0.19247087263765034,0.0,0.5473785718436627,0.1786491613021102,0.0
0.4901578846305079,0.2099236141418919,0.0,0.5098421182743784,0.209923614096859,0.0
0.4901578846305079,0.2099236141418919,0.0,0.49911427721960744,0.1938083311436723,0.0
0.4901578846305079,0.2099236141418919,0.0,0.4790569825788875,0.19347003418360154,0.0
0.5098421182743784,0.209923614096859,0.0,0.49911427721960744,0.1938083311436723,0.0
0.5098421182743784,0.209923614096859,0.0,0.5185821740895205,0.1938293493340746,0.0
0.49911427721960744,0.1938083311436723,0.0,0.4790569825788875,0.19347003418360154,0.0
0.49911427721960744,0.1938083311436723,0.0,0.5185821740895205,0.1938293493340746,0.0
0.49911427721960744,0.1938083311436723,0.0,0.48734317557320567,0.1782217745036675,0.0
0.49911427721960744,0.1938083311436723,0.0,0.5074984673833366,0.17869120761094362,0.0
0.11796684328694407,0.0008503078952324177,0.0,0.13749272994601422,-0.0015957939726680026,0.0
0.11796684328694407,0.0008503078952324177,0.0,0.09843457185754258,0.003244301595177556,0.0
0.13749272994601422,-0.0015957939726680026,0.0,0.15702994392921346,-0.0039495396045192,0.0
0.13749272994601422,-0.0015957939726680026,0.0,0.14927215389796844,0.01391984886545487,0.0
0.37276680642933546,-0.00031294908896979353,0.0,0.35323768735736594,-0.0027331202522594663,0.0
0.8823640224082403,0.000891715474678834,0.0,0.9018965521025548,0.003283586167022801,0.0
0.9018965521025548,0.003283586167022801,0.0,0.9214519687195108,0.005479090383131233,0.0
0.33368949514230356,-0.00499352301302809,0.0,0.35323768735736594,-0.0027331202522594663,0.0
0.33368949514230356,-0.00499352301302809,0.0,0.3141095772581788,-0.006958923374161193,0.0
0.07887965339752828,0.005444270240994565,0.0,0.09843457185754258,0.003244301595177556,0.0
0.07887965339752828,0.005444270240994565,0.0,0.059291003544101384,0.007318072544634142,0.0
0.15702994392921346,-0.0039495396045192,0.0,0.17659363766488367,-0.00607100274427386,0.0
0.15702994392921346,-0.0039495396045192,0.0,0.16858567379127756,0.011254797002585219,0.0
0.15702994392921346,-0.0039495396045192,0.0,0.14927215389796844,0.01391984886545487,0.0
0.17659363766488367,-0.00607100274427386,0.0,0.16858567379127756,0.011254797002585219,0.0
0.17659363766488367,-0.00607100274427386,0.0,0.19619289563244777,-0.007832121195603536,0.0
0.17659363766488367,-0.00607100274427386,0.0,0.18823017157845237,0.009084413327990069,0.0
0.16858567379127756,0.011254797002585219,0.0,0.14927215389796844,0.01391984886545487,0.0
0.16858567379127756,0.011254797002585219,0.0,0.18823017157845237,0.009084413327990069,0.0
0.16858567379127756,0.011254797002585219,0.0,0.1794559216725084,0.0248497145083832,0.0
0.16858567379127756,0.011254797002585219,0.0,0.15970159656441085,0.02575407072566781,0.0
0.29449262991191233,-0.00850956863996813,0.0,0.3141095772581788,-0.006958923374161193,0.0
0.29449262991191233,-0.00850956863996813,0.0,0.274842123421201,-0.00954896183593258,0.0
0.19619289563244777,-0.007832121195603536,0.0,0.21582846616346552,-0.009124396652200073,0.0
0.19619289563244777,-0.007832121195603536,0.0,0.20774398197411384,0.008008420558469844,0.0
0.19619289563244777,-0.007832121195603536,0.0,0.18823017157845237,0.009084413327990069,0.0
0.21582846616346552,-0.009124396652200073,0.0,0.20774398197411384,0.008008420558469844,0.0
0.21582846616346552,-0.009124396652200073,0.0,0.2354923755405872,-0.009866558738822534,0.0
0.20774398197411384,0.008008420558469844,0.0,0.18823017157845237,0.009084413327990069,0.0
0.20774398197411384,0.008008420558469844,0.0,0.19992590588850248,0.024381459004876947,0.0
0.9803248193303473,0.009663622880030849,0.0,1.0,0.009967726277321513,0.0
0.9803248193303473,0.009663622880030849,0.0,0.9855625364188172,0.024224199615051376,0.0
0.2354923755405872,-0.009866558738822534,0.0,0.25516968619491587,-0.010011184070226279,0.0
0.25516968619491587,-0.010011184070226279,0.0,0.274842123421201,-0.00954896183593258,0.0
1.0,0.029971214390463997,0.0,1.0,0.009967726277321513,0.0
1.0,0.029971214390463997,0.0,0.9855625364188172,0.024224199615051376,0.0
0.01968189381931244,0.2096956954280177,0.0,0.011954369705722653,0.1977542736994553,0.0
0.01968189381931244,0.2096956954280177,0.0,3.856485859437221e-25,0.21,0.0
0.6349858236440323,0.06923514608087347,0.0,0.6277847453052819,0.08558969250656465,0.0
0.14927215389796844,0.01391984886545487,0.0,0.1410243741176018,0.026086211892665447,0.0
0.14927215389796844,0.01391984886545487,0.0,0.15970159656441085,0.02575407072566781,0.0
0.4400158092825996,0.1916367071983597,0.0,0.4473724576024668,0.1762673624130493,0.0
0.4473724576024668,0.1762673624130493,0.0,0.46736085671607014,0.17708008435219655,0.0
0.011954369705722653,0.1977542736994553,0.0,3.856485859437221e-25,0.21,0.0
0.18823017157845237,0.009084413327990069,0.0,0.19992590588850248,0.024381459004876947,0.0
0.18823017157845237,0.009084413327990069,0.0,0.1794559216725084,0.0248497145083832,0.0
0.5575773457495286,0.19081251338513447,0.0,0.5649921797289122,0.1785249143306656,0.0
0.5575773457495286,0.19081251338513447,0.0,0.5473785718436627,0.1786491613021102,0.0
0.34757149950126026,0.1445088697073984,0.0,0.3275052504644792,0.14340764621709262,0.0
0.4790569825788875,0.19347003418360154,0.0,0.48734317557320567,0.1782217745036675,0.0
0.4790569825788875,0.19347003418360154,0.0,0.46736085671607014,0.17708008435219655,0.0
0.5185821740895205,0.1938293493340746,0.0,0.5074984673833366,0.17869120761094362,0.0
0.5185821740895205,0.1938293493340746,0.0,0.5274549868270184,0.17905923298406534,0.0
0.24533226733364943,0.14173513013949643,0.0,0.26542371691466876,0.14181892194231888,0.0
0.48734317557320567,0.1782217745036675,0.0,0.46736085671607014,0.17708008435219655,0.0
0.48734317557320567,0.1782217745036675,0.0,0.5074984673833366,0.17869120761094362,0.0
0.19992590588850248,0.024381459004876947,0.0,0.1794559216725084,0.0248497145083832,0.0
1.0,0.009967726277321513,0.0,0.9855625364188172,0.024224199615051376,0.0
0.0003334440370684072,0.009967638580554397,0.0,0.014572686423467068,0.02395633545443888,0.0
0.10899159092475146,0.13674431353212135,0.0,0.12743454681212904,0.13528320313304426,0.0
0.6277847453052819,0.08558969250656465,0.0,0.6084378205518086,0.0851598932664967,0.0
0.1794559216725084,0.0248497145083832,0.0,0.15970159656441085,0.02575407072566781,0.0
0.5074984673833366,0.17869120761094362,0.0,0.5274549868270184,0.17905923298406534,0.0
0.5649921797289122,0.1785249143306656,0.0,0.5473785718436627,0.1786491613021102,0.0
0.5274549868270184,0.17905923298406534,0.0,0.5473785718436627,0.1786491613021102,0.0
0.1410243741176018,0.026086211892665447,0.0,0.15970159656441085,0.02575407072566781,0.0
