start:0,start:1,start:2,end:0,end:1,end:2
0.7928142662467124,0.01065718431993982,0.0,0.8007614185006342,0.03170986283675431,0.0
0.7928142662467124,0.01065718431993982,0.0,0.7806901802348531,0.031289127779189005,0.0
0.7928142662467124,0.01065718431993982,0.0,0.7845042794399142,-0.009075016964561184,0.0
0.7928142662467124,0.01065718431993982,0.0,0.7734257748257891,0.011455695997073292,0.0
0.7928142662467124,0.01065718431993982,0.0,0.8041391510587703,-0.0077740339960939335,0.0
0.7928142662467124,0.01065718431993982,0.0,0.8121639043052263,0.01308468648250147,0.0
0.8007614185006342,0.03170986283675431,0.0,0.7806901802348531,0.031289127779189005,0.0
0.8007614185006342,0.03170986283675431,0.0,0.8121639043052263,0.01308468648250147,0.0
0.8007614185006342,0.03170986283675431,0.0,0.8200867289504468,0.03291269153875125,0.0
0.8007614185006342,0.03170986283675431,0.0,0.7898796630006343,0.04954737645023851,0.0
0.8007614185006342,0.03170986283675431,0.0,0.8097652851710803,0.05005795580468073,0.0
0.7806901802348531,0.031289127779189005,0.0,0.7734257748257891,0.011455695997073292,0.0
0.7806901802348531,0.031289127779189005,0.0,0.7708734698963828,0.049081939831622706,0.0
0.7806901802348531,0.031289127779189005,0.0,0.7605859412094046,0.030263433915561456,0.0
0.7806901802348531,0.031289127779189005,0.0,0.7898796630006343,0.04954737645023851,0.0
0.6934932493274838,0.17133229759641663,0.0,0.6878672979915984,0.15173221672003082,0.0
0.6934932493274838,0.17133229759641663,0.0,0.7078638792635075,0.15210199607306985,0.0
0.6934932493274838,0.17133229759641663,0.0,0.7155545658631395,0.1716286315237264,0.0
0.6934932493274838,0.17133229759641663,0.0,0.7057425391897695,0.1915070909240959,0.0
0.6934932493274838,0.17133229759641663,0.0,0.6772546691703316,0.162695100114489,0.0
0.6934932493274838,0.17133229759641663,0.0,0.6861187615548019,0.1930527247722307,0.0
0.6934932493274838,0.17133229759641663,0.0,0.6724327730896785,0.1777448488134202,0.0
0.6878672979915984,0.15173221672003082,0.0,0.7078638792635075,0.15210199607306985,0.0
0.6878672979915984,0.15173221672003082,0.0,0.6772546691703316,0.162695100114489,0.0
0.6878672979915984,0.15173221672003082,0.0,0.6781890433238023,0.1342421453128348,0.0
0.6878672979915984,0.15173221672003082,0.0,0.6678797548910156,0.15087374161023556,0.0
0.6878672979915984,0.15173221672003082,0.0,0.6981854000355138,0.13462395520256584,0.0
0.7078638792635075,0.15210199607306985,0.0,0.7155545658631395,0.1716286315237264,0.0
0.7078638792635075,0.15210199607306985,0.0,0.7273261255540084,0.15299151795473856,0.0
0.7078638792635075,0.15210199607306985,0.0,0.6981854000355138,0.13462395520256584,0.0
0.7078638792635075,0.15210199607306985,0.0,0.7180920223052418,0.13491898156483126,0.0
0.3747182542162829,0.057050583956855756,0.0,0.36920293536503573,0.07654547015234751,0.0
0.3747182542162829,0.057050583956855756,0.0,0.38794982227161345,0.07642218557645354,0.0
0.3747182542162829,0.057050583956855756,0.0,0.397868187295869,0.05855629853273792,0.0
0.3747182542162829,0.057050583956855756,0.0,0.3544806065231758,0.049594173483162675,0.0
0.3747182542162829,0.057050583956855756,0.0,0.38776001209729094,0.03905113480922039,0.0
0.3747182542162829,0.057050583956855756,0.0,0.36845128480714806,0.035375587046613005,0.0
0.3747182542162829,0.057050583956855756,0.0,0.35941568811293634,0.06494780373906686,0.0
0.36920293536503573,0.07654547015234751,0.0,0.38794982227161345,0.07642218557645354,0.0
0.36920293536503573,0.07654547015234751,0.0,0.349004351141245,0.07727359536558612,0.0
0.36920293536503573,0.07654547015234751,0.0,0.37887538356253764,0.09435124931231052,0.0
0.36920293536503573,0.07654547015234751,0.0,0.3588832973584999,0.09373836690583406,0.0
0.36920293536503573,0.07654547015234751,0.0,0.35941568811293634,0.06494780373906686,0.0
0.38794982227161345,0.07642218557645354,0.0,0.397868187295869,0.05855629853273792,0.0
0.38794982227161345,0.07642218557645354,0.0,0.4081613862408061,0.07735287895795939,0.0
0.38794982227161345,0.07642218557645354,0.0,0.3988727869969143,0.09467663268346724,0.0
0.38794982227161345,0.07642218557645354,0.0,0.37887538356253764,0.09435124931231052,0.0
0.08528950184591556,0.18858832445871473,0.0,0.06733281281236442,0.1749043365831246,0.0
0.08528950184591556,0.18858832445871473,0.0,0.09441302874646096,0.1701779113513649,0.0
0.08528950184591556,0.18858832445871473,0.0,0.0678865281796941,0.19310144045613328,0.0
0.08528950184591556,0.18858832445871473,0.0,0.10578074514277934,0.18550982580947256,0.0
0.08528950184591556,0.18858832445871473,0.0,0.07857462076905876,0.2055086350173741,0.0
0.08528950184591556,0.18858832445871473,0.0,0.09813655032930213,0.2033120093872453,0.0
0.06733281281236442,0.1749043365831246,0.0,0.09441302874646096,0.1701779113513649,0.0
0.06733281281236442,0.1749043365831246,0.0,0.0787775990771034,0.15657131912310032,0.0
0.06733281281236442,0.1749043365831246,0.0,0.049256924058316706,0.18912897506717322,0.0
0.06733281281236442,0.1749043365831246,0.0,0.04852740118707545,0.17007919929178694,0.0
0.06733281281236442,0.1749043365831246,0.0,0.0678865281796941,0.19310144045613328,0.0
0.06733281281236442,0.1749043365831246,0.0,0.05766047345656226,0.15709263706537016,0.0
0.09441302874646096,0.1701779113513649,0.0,0.0787775990771034,0.15657131912310032,0.0
0.09441302874646096,0.1701779113513649,0.0,0.10142179211097958,0.1526094564161761,0.0
0.09441302874646096,0.1701779113513649,0.0,0.11376093110450884,0.16727941800100674,0.0
0.09441302874646096,0.1701779113513649,0.0,0.10578074514277934,0.18550982580947256,0.0
0.15827812828835391,0.12461559115636606,0.0,0.1413700370158627,0.14459552258416733,0.0
0.15827812828835391,0.12461559115636606,0.0,0.13828154681475058,0.12424581359487989,0.0
0.15827812828835391,0.12461559115636606,0.0,0.1620387033592965,0.14379253336709427,0.0
0.15827812828835391,0.12461559115636606,0.0,0.1763537978788385,0.12505357770119915,0.0
0.15827812828835391,0.12461559115636606,0.0,0.1486012711759612,0.10704817341974718,0.0
0.15827812828835391,0.12461559115636606,0.0,0.1686027075024911,0.10715541303148454,0.0
0.1413700370158627,0.14459552258416733,0.0,0.13828154681475058,0.12424581359487989,0.0
0.1413700370158627,0.14459552258416733,0.0,0.1620387033592965,0.14379253336709427,0.0
0.1413700370158627,0.14459552258416733,0.0,0.15290666828202157,0.16209438721941052,0.0
0.1413700370158627,0.14459552258416733,0.0,0.13298568215042714,0.16434201469477056,0.0
0.1413700370158627,0.14459552258416733,0.0,0.12108692837998099,0.14971564418627073,0.0
0.1413700370158627,0.14459552258416733,0.0,0.12743454435036247,0.13529348271381694,0.0
0.13828154681475058,0.12424581359487989,0.0,0.1486012711759612,0.10704817341974718,0.0
0.13828154681475058,0.12424581359487989,0.0,0.1286037541622977,0.10672898653762279,0.0
0.13828154681475058,0.12424581359487989,0.0,0.11829384790958515,0.12339568434290266,0.0
0.13828154681475058,0.12424581359487989,0.0,0.12743454435036247,0.13529348271381694,0.0
0.12984880373269303,0.01656902106079722,0.0,0.12895127103370035,0.03587180995919583,0.0
0.12984880373269303,0.01656902106079722,0.0,0.11190245569989399,0.019383941230606338,0.0
0.12984880373269303,0.01656902106079722,0.0,0.11796748949556146,0.0008821820378842955,0.0
0.12984880373269303,0.01656902106079722,0.0,0.13749335330469356,-0.0015639190739466487,0.0
0.12984880373269303,0.01656902106079722,0.0,0.14927264688509506,0.013949090688983125,0.0
0.12984880373269303,0.01656902106079722,0.0,0.14102481822283144,0.02611368126389613,0.0
0.12895127103370035,0.03587180995919583,0.0,0.11190245569989399,0.019383941230606338,0.0
0.12895127103370035,0.03587180995919583,0.0,0.10630860716430868,0.037357939775665115,0.0
0.12895127103370035,0.03587180995919583,0.0,0.11941040676794008,0.054336877309477664,0.0
0.12895127103370035,0.03587180995919583,0.0,0.1395625410509305,0.054971995645771245,0.0
0.12895127103370035,0.03587180995919583,0.0,0.1499845167107165,0.03910077665718625,0.0
0.12895127103370035,0.03587180995919583,0.0,0.14102481822283144,0.02611368126389613,0.0
0.11190245569989399,0.019383941230606338,0.0,0.10630860716430868,0.037357939775665115,0.0
0.11190245569989399,0.019383941230606338,0.0,0.08990336174067409,0.022346519036960066,0.0
0.11190245569989399,0.019383941230606338,0.0,0.11796748949556146,0.0008821820378842955,0.0
0.11190245569989399,0.019383941230606338,0.0,0.0984352013913381,0.003276175358584274,0.0
0.0787775990771034,0.15657131912310032,0.0,0.10142179211097958,0.1526094564161761,0.0
0.0787775990771034,0.15657131912310032,0.0,0.08886192741467236,0.13870722799266744,0.0
0.0787775990771034,0.15657131912310032,0.0,0.05766047345656226,0.15709263706537016,0.0
0.0787775990771034,0.15657131912310032,0.0,0.06797327957405495,0.14026914313881084,0.0
0.10630860716430868,0.037357939775665115,0.0,0.08990336174067409,0.022346519036960066,0.0
0.10630860716430868,0.037357939775665115,0.0,0.08901716819339714,0.04103437398274521,0.0
0.10630860716430868,0.037357939775665115,0.0,0.11941040676794008,0.054336877309477664,0.0
0.10630860716430868,0.037357939775665115,0.0,0.09893955152577676,0.05473604072295378,0.0
0.8388956133668015,0.1043801428410577,0.0,0.8588555773925985,0.10427692061088835,0.0
0.8388956133668015,0.1043801428410577,0.0,0.8493188228224052,0.12259696694236959,0.0
0.8388956133668015,0.1043801428410577,0.0,0.8281147232162579,0.122921078644551,0.0
0.8388956133668015,0.1043801428410577,0.0,0.8188295770141993,0.10295170191407511,0.0
0.8388956133668015,0.1043801428410577,0.0,0.8291235627493315,0.08519301616095794,0.0
0.8388956133668015,0.1043801428410577,0.0,0.8491363090619181,0.08574843769430132,0.0
0.8588555773925985,0.10427692061088835,0.0,0.8493188228224052,0.12259696694236959,0.0
0.8588555773925985,0.10427692061088835,0.0,0.8697968730000245,0.12186197531381092,0.0
0.8588555773925985,0.10427692061088835,0.0,0.8788059623111308,0.10361919006538886,0.0
0.8588555773925985,0.10427692061088835,0.0,0.8491363090619181,0.08574843769430132,0.0
0.8588555773925985,0.10427692061088835,0.0,0.8691234478537461,0.08639661884256045,0.0
0.8493188228224052,0.12259696694236959,0.0,0.8369339268882331,0.14225185745566285,0.0
0.8493188228224052,0.12259696694236959,0.0,0.8610038019789229,0.13996335414648672,0.0
0.8493188228224052,0.12259696694236959,0.0,0.8281147232162579,0.122921078644551,0.0
0.8493188228224052,0.12259696694236959,0.0,0.8697968730000245,0.12186197531381092,0.0
0.1620387033592965,0.14379253336709427,0.0,0.1763537978788385,0.12505357770119915,0.0
0.1620387033592965,0.14379253336709427,0.0,0.18420709372554894,0.14231105702483252,0.0
0.1620387033592965,0.14379253336709427,0.0,0.17314141917588083,0.16010081523080585,0.0
0.1620387033592965,0.14379253336709427,0.0,0.15290666828202157,0.16209438721941052,0.0
0.397868187295869,0.05855629853273792,0.0,0.4081613862408061,0.07735287895795939,0.0
0.397868187295869,0.05855629853273792,0.0,0.41863436779938346,0.059471341268016044,0.0
0.397868187295869,0.05855629853273792,0.0,0.408559190587648,0.04144829853303442,0.0
0.397868187295869,0.05855629853273792,0.0,0.38776001209729094,0.03905113480922039,0.0
0.8369339268882331,0.14225185745566285,0.0,0.8610038019789229,0.13996335414648672,0.0
0.8369339268882331,0.14225185745566285,0.0,0.8490851529922299,0.16237123428057287,0.0
0.8369339268882331,0.14225185745566285,0.0,0.8273958990617145,0.1597879499710518,0.0
0.8369339268882331,0.14225185745566285,0.0,0.8281147232162579,0.122921078644551,0.0
0.8369339268882331,0.14225185745566285,0.0,0.8172381456110641,0.14072701333325716,0.0
0.8610038019789229,0.13996335414648672,0.0,0.8490851529922299,0.16237123428057287,0.0
0.8610038019789229,0.13996335414648672,0.0,0.8697968730000245,0.12186197531381092,0.0
0.8610038019789229,0.13996335414648672,0.0,0.8714856889528776,0.15795295312757554,0.0
0.8610038019789229,0.13996335414648672,0.0,0.8798429610066816,0.13901025039891393,0.0
0.8490851529922299,0.16237123428057287,0.0,0.8351248259824873,0.17781255992388245,0.0
0.8490851529922299,0.16237123428057287,0.0,0.8273958990617145,0.1597879499710518,0.0
0.8490851529922299,0.16237123428057287,0.0,0.8497836405111419,0.18264592079832895,0.0
0.8490851529922299,0.16237123428057287,0.0,0.8643684562651083,0.17742736688440225,0.0
0.8490851529922299,0.16237123428057287,0.0,0.8714856889528776,0.15795295312757554,0.0
0.5598409013016509,0.09636031941893311,0.0,0.5794884109265935,0.0966453539511798,0.0
0.5598409013016509,0.09636031941893311,0.0,0.5716167630648104,0.07613230675955104,0.0
0.5598409013016509,0.09636031941893311,0.0,0.5397657679380552,0.09650015466372948,0.0
0.5598409013016509,0.09636031941893311,0.0,0.5517026913402877,0.07765457756521912,0.0
0.5598409013016509,0.09636031941893311,0.0,0.5487126597473838,0.11440818056978488,0.0
0.5598409013016509,0.09636031941893311,0.0,0.5687235530348916,0.11469237306018887,0.0
0.5794884109265935,0.0966453539511798,0.0,0.5716167630648104,0.07613230675955104,0.0
0.5794884109265935,0.0966453539511798,0.0,0.5891653309465983,0.08061298764193846,0.0
0.5794884109265935,0.0966453539511798,0.0,0.5687235530348916,0.11469237306018887,0.0
0.5794884109265935,0.0966453539511798,0.0,0.588664341074057,0.115033764091398,0.0
0.5794884109265935,0.0966453539511798,0.0,0.5989552647704969,0.09888612208131843,0.0
0.5716167630648104,0.07613230675955104,0.0,0.5517026913402877,0.07765457756521912,0.0
0.5716167630648104,0.07613230675955104,0.0,0.5629807332197774,0.05886245626597958,0.0
0.5716167630648104,0.07613230675955104,0.0,0.5891653309465983,0.08061298764193846,0.0
0.5716167630648104,0.07613230675955104,0.0,0.5842657515525479,0.06015120394604545,0.0
0.5767966595788069,0.18851249526218786,0.0,0.5780537851157932,0.16795708881504984,0.0
0.5767966595788069,0.18851249526218786,0.0,0.5961732933950028,0.1867124057773264,0.0
0.5767966595788069,0.18851249526218786,0.0,0.568781339891721,0.2064914852893641,0.0
0.5767966595788069,0.18851249526218786,0.0,0.5883592993452134,0.204443428867555,0.0
0.5767966595788069,0.18851249526218786,0.0,0.5575773253099258,0.1908150495841328,0.0
0.5767966595788069,0.18851249526218786,0.0,0.5649921506302363,0.17852924786575658,0.0
0.5780537851157932,0.16795708881504984,0.0,0.5961732933950028,0.1867124057773264,0.0
0.5780537851157932,0.16795708881504984,0.0,0.6001372104228232,0.16726549330343823,0.0
0.5780537851157932,0.16795708881504984,0.0,0.5878919310065284,0.1498103320531681,0.0
0.5780537851157932,0.16795708881504984,0.0,0.567887809791628,0.1495135349247523,0.0
0.5780537851157932,0.16795708881504984,0.0,0.5574400207542167,0.16497590346575336,0.0
0.5780537851157932,0.16795708881504984,0.0,0.5649921506302363,0.17852924786575658,0.0
0.5961732933950028,0.1867124057773264,0.0,0.6001372104228232,0.16726549330343823,0.0
0.5961732933950028,0.1867124057773264,0.0,0.6137007645075688,0.18443145658292265,0.0
0.5961732933950028,0.1867124057773264,0.0,0.6079079889629149,0.2021313692806051,0.0
0.5961732933950028,0.1867124057773264,0.0,0.5883592993452134,0.204443428867555,0.0
0.8351248259824873,0.17781255992388245,0.0,0.8273958990617145,0.1597879499710518,0.0
0.8351248259824873,0.17781255992388245,0.0,0.8497836405111419,0.18264592079832895,0.0
0.8351248259824873,0.17781255992388245,0.0,0.8153374177782041,0.17603906299792454,0.0
0.8351248259824873,0.17781255992388245,0.0,0.8236791101517987,0.1939886763111289,0.0
0.8351248259824873,0.17781255992388245,0.0,0.8432487611881002,0.1961150490981094,0.0
0.8273958990617145,0.1597879499710518,0.0,0.8172381456110641,0.14072701333325716,0.0
0.8273958990617145,0.1597879499710518,0.0,0.8063719908446142,0.1578625908884508,0.0
0.8273958990617145,0.1597879499710518,0.0,0.8153374177782041,0.17603906299792454,0.0
0.6983189529171339,0.011486007694810074,0.0,0.6909585373752436,0.03180170394642733,0.0
0.6983189529171339,0.011486007694810074,0.0,0.7114701969708198,0.02979059715179635,0.0
0.6983189529171339,0.011486007694810074,0.0,0.7187891052799148,0.010880519347689716,0.0
0.6983189529171339,0.011486007694810074,0.0,0.6862229420456127,-0.006957084740706599,0.0
0.6983189529171339,0.011486007694810074,0.0,0.6787467620942564,0.013245988270430564,0.0
0.6983189529171339,0.011486007694810074,0.0,0.7058403925843509,-0.008499793096399047,0.0
0.6909585373752436,0.03180170394642733,0.0,0.7114701969708198,0.02979059715179635,0.0
0.6909585373752436,0.03180170394642733,0.0,0.6835592211544739,0.05027132159091999,0.0
0.6909585373752436,0.03180170394642733,0.0,0.6713371774778908,0.03364422552351854,0.0
0.6909585373752436,0.03180170394642733,0.0,0.6787467620942564,0.013245988270430564,0.0
0.6909585373752436,0.03180170394642733,0.0,0.7047040435781728,0.048673215756970825,0.0
0.7114701969708198,0.02979059715179635,0.0,0.7247583826045322,0.04637923756714226,0.0
0.7114701969708198,0.02979059715179635,0.0,0.7187891052799148,0.010880519347689716,0.0
0.7114701969708198,0.02979059715179635,0.0,0.7047040435781728,0.048673215756970825,0.0
0.7114701969708198,0.02979059715179635,0.0,0.730402361679966,0.025932065579743074,0.0
0.3544806065231758,0.049594173483162675,0.0,0.3311208334949009,0.041332638317223766,0.0
0.3544806065231758,0.049594173483162675,0.0,0.34924900339431975,0.031403596761203946,0.0
0.3544806065231758,0.049594173483162675,0.0,0.3394272466484183,0.06030276070191181,0.0
0.3544806065231758,0.049594173483162675,0.0,0.36845128480714806,0.035375587046613005,0.0
0.3544806065231758,0.049594173483162675,0.0,0.35941568811293634,0.06494780373906686,0.0
0.3311208334949009,0.041332638317223766,0.0,0.34924900339431975,0.031403596761203946,0.0
0.3311208334949009,0.041332638317223766,0.0,0.3394272466484183,0.06030276070191181,0.0
0.3311208334949009,0.041332638317223766,0.0,0.3181973892296009,0.024738644941223322,0.0
0.3311208334949009,0.041332638317223766,0.0,0.33425062368769415,0.02560732693453748,0.0
0.3311208334949009,0.041332638317223766,0.0,0.3193119193094081,0.05845296954709092,0.0
0.3311208334949009,0.041332638317223766,0.0,0.30980130103817344,0.041350243814992894,0.0
0.34924900339431975,0.031403596761203946,0.0,0.36845128480714806,0.035375587046613005,0.0
0.34924900339431975,0.031403596761203946,0.0,0.3610606404919605,0.015673426791713033,0.0
0.34924900339431975,0.031403596761203946,0.0,0.34243548765717113,0.012160499640032109,0.0
0.34924900339431975,0.031403596761203946,0.0,0.33425062368769415,0.02560732693453748,0.0
0.7648408781695784,-0.009826998235034778,0.0,0.7845042794399142,-0.009075016964561184,0.0
0.7648408781695784,-0.009826998235034778,0.0,0.7734257748257891,0.011455695997073292,0.0
0.7648408781695784,-0.009826998235034778,0.0,0.7548681516073238,0.00713642348674043,0.0
0.7648408781695784,-0.009826998235034778,0.0,0.745163786991027,-0.009981937001538429,0.0
0.7845042794399142,-0.009075016964561184,0.0,0.7734257748257891,0.011455695997073292,0.0
0.7845042794399142,-0.009075016964561184,0.0,0.8041391510587703,-0.0077740339960939335,0.0
0.7734257748257891,0.011455695997073292,0.0,0.7548681516073238,0.00713642348674043,0.0
0.7734257748257891,0.011455695997073292,0.0,0.7605859412094046,0.030263433915561456,0.0
0.6001372104228232,0.16726549330343823,0.0,0.6137007645075688,0.18443145658292265,0.0
0.6001372104228232,0.16726549330343823,0.0,0.6208486085626682,0.16707664092638727,0.0
0.6001372104228232,0.16726549330343823,0.0,0.5878919310065284,0.1498103320531681,0.0
0.6001372104228232,0.16726549330343823,0.0,0.607895982649671,0.14983547799942953,0.0
0.1763537978788385,0.12505357770119915,0.0,0.18420709372554894,0.14231105702483252,0.0
0.1763537978788385,0.12505357770119915,0.0,0.19639785087424846,0.12486836965175893,0.0
0.1763537978788385,0.12505357770119915,0.0,0.1686027075024911,0.10715541303148454,0.0
0.1763537978788385,0.12505357770119915,0.0,0.18859830324256227,0.10757850162044155,0.0
0.18420709372554894,0.14231105702483252,0.0,0.20433276227524397,0.14198358250553172,0.0
0.18420709372554894,0.14231105702483252,0.0,0.19363042588655843,0.1586570607677294,0.0
0.18420709372554894,0.14231105702483252,0.0,0.19639785087424846,0.12486836965175893,0.0
0.18420709372554894,0.14231105702483252,0.0,0.17314141917588083,0.16010081523080585,0.0
0.7247583826045322,0.04637923756714226,0.0,0.7427691008492611,0.039917698964303666,0.0
0.7247583826045322,0.04637923756714226,0.0,0.7399380926585067,0.06259877891759887,0.0
0.7247583826045322,0.04637923756714226,0.0,0.7180011535620711,0.06579001805063066,0.0
0.7247583826045322,0.04637923756714226,0.0,0.7047040435781728,0.048673215756970825,0.0
0.7247583826045322,0.04637923756714226,0.0,0.730402361679966,0.025932065579743074,0.0
0.7427691008492611,0.039917698964303666,0.0,0.7399380926585067,0.06259877891759887,0.0
0.7427691008492611,0.039917698964303666,0.0,0.7605859412094046,0.030263433915561456,0.0
0.7427691008492611,0.039917698964303666,0.0,0.7550305311824062,0.05046883026130009,0.0
0.7427691008492611,0.039917698964303666,0.0,0.730402361679966,0.025932065579743074,0.0
0.7427691008492611,0.039917698964303666,0.0,0.7450619191567407,0.022027152182744418,0.0
0.7399380926585067,0.06259877891759887,0.0,0.7180011535620711,0.06579001805063066,0.0
0.7399380926585067,0.06259877891759887,0.0,0.7550305311824062,0.05046883026130009,0.0
0.7399380926585067,0.06259877891759887,0.0,0.7605475421145825,0.06695736820736847,0.0
0.7399380926585067,0.06259877891759887,0.0,0.7491310425482226,0.08359729807974675,0.0
0.7399380926585067,0.06259877891759887,0.0,0.7291096411394768,0.08331853511047367,0.0
0.6835592211544739,0.05027132159091999,0.0,0.6754744006389876,0.0675526409220946,0.0
0.6835592211544739,0.05027132159091999,0.0,0.6964878884292293,0.06661468008200618,0.0
0.6835592211544739,0.05027132159091999,0.0,0.6713371774778908,0.03364422552351854,0.0
0.6835592211544739,0.05027132159091999,0.0,0.7047040435781728,0.048673215756970825,0.0
0.6835592211544739,0.05027132159091999,0.0,0.6625803232500198,0.050909265206683485,0.0
0.6754744006389876,0.0675526409220946,0.0,0.6964878884292293,0.06661468008200618,0.0
0.6754744006389876,0.0675526409220946,0.0,0.688206695940728,0.08398578993209563,0.0
0.6754744006389876,0.0675526409220946,0.0,0.6670223500899339,0.0836852411100028,0.0
0.6754744006389876,0.0675526409220946,0.0,0.6549551752368817,0.06807533582614923,0.0
0.6754744006389876,0.0675526409220946,0.0,0.6625803232500198,0.050909265206683485,0.0
0.6964878884292293,0.06661468008200618,0.0,0.688206695940728,0.08398578993209563,0.0
0.6964878884292293,0.06661468008200618,0.0,0.7180011535620711,0.06579001805063066,0.0
0.6964878884292293,0.06661468008200618,0.0,0.7047040435781728,0.048673215756970825,0.0
0.6964878884292293,0.06661468008200618,0.0,0.7089818156773421,0.0834150937376247,0.0
0.7155545658631395,0.1716286315237264,0.0,0.7358694743005681,0.1720804370026684,0.0
0.7155545658631395,0.1716286315237264,0.0,0.7273261255540084,0.15299151795473856,0.0
0.7155545658631395,0.1716286315237264,0.0,0.7057425391897695,0.1915070909240959,0.0
0.7155545658631395,0.1716286315237264,0.0,0.7253997900510565,0.1904740301919498,0.0
0.5299537051302854,0.079065050101666,0.0,0.5397657679380552,0.09650015466372948,0.0
0.5299537051302854,0.079065050101666,0.0,0.5517026913402877,0.07765457756521912,0.0
0.5299537051302854,0.079065050101666,0.0,0.5409600595144407,0.06102931274891155,0.0
0.5299537051302854,0.079065050101666,0.0,0.5196012392058866,0.06189364362670412,0.0
0.5299537051302854,0.079065050101666,0.0,0.5091789647848599,0.07913388196085061,0.0
0.5299537051302854,0.079065050101666,0.0,0.5189867749091482,0.09656326710672479,0.0
0.5397657679380552,0.09650015466372948,0.0,0.5517026913402877,0.07765457756521912,0.0
0.5397657679380552,0.09650015466372948,0.0,0.5189867749091482,0.09656326710672479,0.0
0.5397657679380552,0.09650015466372948,0.0,0.5287087575643827,0.1140423080301245,0.0
0.5397657679380552,0.09650015466372948,0.0,0.5487126597473838,0.11440818056978488,0.0
0.5517026913402877,0.07765457756521912,0.0,0.5409600595144407,0.06102931274891155,0.0
0.5517026913402877,0.07765457756521912,0.0,0.5629807332197774,0.05886245626597958,0.0
0.3394272466484183,0.06030276070191181,0.0,0.3289924746386246,0.07609327076868848,0.0
0.3394272466484183,0.06030276070191181,0.0,0.349004351141245,0.07727359536558612,0.0
0.3394272466484183,0.06030276070191181,0.0,0.3193119193094081,0.05845296954709092,0.0
0.3394272466484183,0.06030276070191181,0.0,0.35941568811293634,0.06494780373906686,0.0
0.7187891052799148,0.010880519347689716,0.0,0.7058403925843509,-0.008499793096399047,0.0
0.7187891052799148,0.010880519347689716,0.0,0.7254912550881216,-0.009529858923293196,0.0
0.7187891052799148,0.010880519347689716,0.0,0.730402361679966,0.025932065579743074,0.0
0.7187891052799148,0.010880519347689716,0.0,0.7366840405120647,0.006886138895692943,0.0
0.8281147232162579,0.122921078644551,0.0,0.8188295770141993,0.10295170191407511,0.0
0.8281147232162579,0.122921078644551,0.0,0.8080795379482797,0.12119005821542544,0.0
0.8281147232162579,0.122921078644551,0.0,0.8172381456110641,0.14072701333325716,0.0
0.4081613862408061,0.07735287895795939,0.0,0.41863436779938346,0.059471341268016044,0.0
0.4081613862408061,0.07735287895795939,0.0,0.4290762921470366,0.0776598663291548,0.0
0.4081613862408061,0.07735287895795939,0.0,0.3988727869969143,0.09467663268346724,0.0
0.4081613862408061,0.07735287895795939,0.0,0.4188735807283454,0.09481887285621743,0.0
0.41863436779938346,0.059471341268016044,0.0,0.408559190587648,0.04144829853303442,0.0
0.41863436779938346,0.059471341268016044,0.0,0.4290762921470366,0.0776598663291548,0.0
0.41863436779938346,0.059471341268016044,0.0,0.4388491088225797,0.05995208021248907,0.0
0.41863436779938346,0.059471341268016044,0.0,0.42929204164881735,0.04185862527453804,0.0
0.408559190587648,0.04144829853303442,0.0,0.38776001209729094,0.03905113480922039,0.0
0.408559190587648,0.04144829853303442,0.0,0.40007248237322873,0.022851184561169694,0.0
0.408559190587648,0.04144829853303442,0.0,0.42026045099921855,0.02383140298314523,0.0
0.408559190587648,0.04144829853303442,0.0,0.42929204164881735,0.04185862527453804,0.0
0.10142179211097958,0.1526094564161761,0.0,0.08886192741467236,0.13870722799266744,0.0
0.10142179211097958,0.1526094564161761,0.0,0.11376093110450884,0.16727941800100674,0.0
0.10142179211097958,0.1526094564161761,0.0,0.12108692837998099,0.14971564418627073,0.0
0.10142179211097958,0.1526094564161761,0.0,0.10899158789194516,0.13675461757372329,0.0
0.8041391510587703,-0.0077740339960939335,0.0,0.8237376647163313,-0.006005840840549925,0.0
0.8041391510587703,-0.0077740339960939335,0.0,0.8121639043052263,0.01308468648250147,0.0
0.8237376647163313,-0.006005840840549925,0.0,0.8121639043052263,0.01308468648250147,0.0
0.8237376647163313,-0.006005840840549925,0.0,0.8317486540398561,0.012933281324442665,0.0
0.8237376647163313,-0.006005840840549925,0.0,0.8433007260783001,-0.0038793321930227507,0.0
0.8121639043052263,0.01308468648250147,0.0,0.8317486540398561,0.012933281324442665,0.0
0.8121639043052263,0.01308468648250147,0.0,0.8200867289504468,0.03291269153875125,0.0
0.27808873339754747,0.02352547576148155,0.0,0.28647996696945743,0.007634973631298359,0.0
0.27808873339754747,0.02352547576148155,0.0,0.2980487174268079,0.024372567927723167,0.0
0.27808873339754747,0.02352547576148155,0.0,0.2582641630418251,0.02334240178455715,0.0
0.27808873339754747,0.02352547576148155,0.0,0.2654466248464083,0.0059206700688730065,0.0
0.27808873339754747,0.02352547576148155,0.0,0.289832625199613,0.041047095273571095,0.0
0.27808873339754747,0.02352547576148155,0.0,0.2698531767893902,0.0402563796563984,0.0
0.28647996696945743,0.007634973631298359,0.0,0.2980487174268079,0.024372567927723167,0.0
0.28647996696945743,0.007634973631298359,0.0,0.3058922884745498,0.007938973714820255,0.0
0.28647996696945743,0.007634973631298359,0.0,0.2654466248464083,0.0059206700688730065,0.0
0.28647996696945743,0.007634973631298359,0.0,0.29449232014980464,-0.008477690051946277,0.0
0.28647996696945743,0.007634973631298359,0.0,0.27484194606470197,-0.009517082564335547,0.0
0.2980487174268079,0.024372567927723167,0.0,0.3058922884745498,0.007938973714820255,0.0
0.2980487174268079,0.024372567927723167,0.0,0.3181973892296009,0.024738644941223322,0.0
0.2980487174268079,0.024372567927723167,0.0,0.30980130103817344,0.041350243814992894,0.0
0.2980487174268079,0.024372567927723167,0.0,0.289832625199613,0.041047095273571095,0.0
0.3058922884745498,0.007938973714820255,0.0,0.3181973892296009,0.024738644941223322,0.0
0.3058922884745498,0.007938973714820255,0.0,0.3242183330737848,0.0091811089909401,0.0
0.3058922884745498,0.007938973714820255,0.0,0.29449232014980464,-0.008477690051946277,0.0
0.3058922884745498,0.007938973714820255,0.0,0.31410914834486564,-0.006927045744862864,0.0
0.8497836405111419,0.18264592079832895,0.0,0.8643684562651083,0.17742736688440225,0.0
0.8497836405111419,0.18264592079832895,0.0,0.8627921253644149,0.1984719234020252,0.0
0.8497836405111419,0.18264592079832895,0.0,0.8432487611881002,0.1961150490981094,0.0
0.6590004460775111,0.014498847755087457,0.0,0.6511459409493251,0.034575257058653615,0.0
0.6590004460775111,0.014498847755087457,0.0,0.6713371774778908,0.03364422552351854,0.0
0.6590004460775111,0.014498847755087457,0.0,0.6666425168877981,-0.004997770760362004,0.0
0.6590004460775111,0.014498847755087457,0.0,0.6787467620942564,0.013245988270430564,0.0
0.6590004460775111,0.014498847755087457,0.0,0.6470939486575245,-0.0027412744433312607,0.0
0.6590004460775111,0.014498847755087457,0.0,0.6393370503865033,0.016770730668144433,0.0
0.6511459409493251,0.034575257058653615,0.0,0.6713371774778908,0.03364422552351854,0.0
0.6511459409493251,0.034575257058653615,0.0,0.6393370503865033,0.016770730668144433,0.0
0.6511459409493251,0.034575257058653615,0.0,0.6313548071057081,0.036269236501787344,0.0
0.6511459409493251,0.034575257058653615,0.0,0.6425429622631359,0.0524158920672489,0.0
0.6511459409493251,0.034575257058653615,0.0,0.6625803232500198,0.050909265206683485,0.0
0.6713371774778908,0.03364422552351854,0.0,0.6787467620942564,0.013245988270430564,0.0
0.6713371774778908,0.03364422552351854,0.0,0.6625803232500198,0.050909265206683485,0.0
0.6137007645075688,0.18443145658292265,0.0,0.6208486085626682,0.16707664092638727,0.0
0.6137007645075688,0.18443145658292265,0.0,0.6336763830595779,0.18256099570141937,0.0
0.6137007645075688,0.18443145658292265,0.0,0.6079079889629149,0.2021313692806051,0.0
0.6137007645075688,0.18443145658292265,0.0,0.6274414338011367,0.1996932485171144,0.0
0.6208486085626682,0.16707664092638727,0.0,0.6336763830595779,0.18256099570141937,0.0
0.6208486085626682,0.16707664092638727,0.0,0.6399472610118186,0.16590538212639078,0.0
0.6208486085626682,0.16707664092638727,0.0,0.6278864339505646,0.15014338764771223,0.0
0.6208486085626682,0.16707664092638727,0.0,0.607895982649671,0.14983547799942953,0.0
0.6336763830595779,0.18256099570141937,0.0,0.6399472610118186,0.16590538212639078,0.0
0.6336763830595779,0.18256099570141937,0.0,0.6274414338011367,0.1996932485171144,0.0
0.6336763830595779,0.18256099570141937,0.0,0.6469771203754761,0.1972732467138197,0.0
0.6336763830595779,0.18256099570141937,0.0,0.6531431093889759,0.18098599953765132,0.0
0.01753725404877365,0.08002856793774166,0.0,0.03663183267176516,0.08874504492123411,0.0
0.01753725404877365,0.08002856793774166,0.0,0.0175208613365295,0.09977483458557357,0.0
0.01753725404877365,0.08002856793774166,0.0,0.019730298103092066,0.05794046198806931,0.0
0.01753725404877365,0.08002856793774166,0.0,0.03206886992939379,0.07021709689847079,0.0
0.01753725404877365,0.08002856793774166,0.0,0.0002334111370453746,0.06999966610617732,0.0
0.01753725404877365,0.08002856793774166,0.0,0.0002000666888959734,0.08999971537404049,0.0
0.03663183267176516,0.08874504492123411,0.0,0.0175208613365295,0.09977483458557357,0.0
0.03663183267176516,0.08874504492123411,0.0,0.03230848077730094,0.1071155819201775,0.0
0.03663183267176516,0.08874504492123411,0.0,0.03206886992939379,0.07021709689847079,0.0
0.03663183267176516,0.08874504492123411,0.0,0.05893568849276524,0.08813144089658059,0.0
0.03663183267176516,0.08874504492123411,0.0,0.049686438291961746,0.07059454723721174,0.0
0.03663183267176516,0.08874504492123411,0.0,0.048617163385451447,0.10526423456766794,0.0
0.0175208613365295,0.09977483458557357,0.0,0.03230848077730094,0.1071155819201775,0.0
0.0175208613365295,0.09977483458557357,0.0,0.018378497760750838,0.12129862701709776,0.0
0.0175208613365295,0.09977483458557357,0.0,0.0001667222407464953,0.10999976411905585,0.0
0.0175208613365295,0.09977483458557357,0.0,0.0002000666888959734,0.08999971537404049,0.0
0.6666425168877981,-0.004997770760362004,0.0,0.6862229420456127,-0.006957084740706599,0.0
0.6666425168877981,-0.004997770760362004,0.0,0.6787467620942564,0.013245988270430564,0.0
0.6666425168877981,-0.004997770760362004,0.0,0.6470939486575245,-0.0027412744433312607,0.0
0.6862229420456127,-0.006957084740706599,0.0,0.6787467620942564,0.013245988270430564,0.0
0.6862229420456127,-0.006957084740706599,0.0,0.7058403925843509,-0.008499793096399047,0.0
0.8951928818217815,0.1856657092215367,0.0,0.9155300704613989,0.17383905143944564,0.0
0.8951928818217815,0.1856657092215367,0.0,0.9133706130524327,0.19155954898442318,0.0
0.8951928818217815,0.1856657092215367,0.0,0.8979001755376798,0.16850835612956896,0.0
0.8951928818217815,0.1856657092215367,0.0,0.8813610687678759,0.17292867356731495,0.0
0.8951928818217815,0.1856657092215367,0.0,0.8823244412923026,0.2009191174150899,0.0
0.8951928818217815,0.1856657092215367,0.0,0.901863450217593,0.2033120094520914,0.0
0.8951928818217815,0.1856657092215367,0.0,0.8772077946336483,0.18708255805117696,0.0
0.9155300704613989,0.17383905143944564,0.0,0.9133706130524327,0.19155954898442318,0.0
0.9155300704613989,0.17383905143944564,0.0,0.8979001755376798,0.16850835612956896,0.0
0.9155300704613989,0.17383905143944564,0.0,0.9348318617107874,0.17142637224984741,0.0
0.9155300704613989,0.17383905143944564,0.0,0.932841283366632,0.18947234017067444,0.0
0.9155300704613989,0.17383905143944564,0.0,0.927248758354517,0.1558948885281403,0.0
0.9155300704613989,0.17383905143944564,0.0,0.9080894405247613,0.1549144290519848,0.0
0.9133706130524327,0.19155954898442318,0.0,0.932841283366632,0.18947234017067444,0.0
0.9133706130524327,0.19155954898442318,0.0,0.901863450217593,0.2033120094520914,0.0
0.9133706130524327,0.19155954898442318,0.0,0.921425379683128,0.2055086350647987,0.0
0.8979001755376798,0.16850835612956896,0.0,0.8893274163309547,0.15519391754443518,0.0
0.8979001755376798,0.16850835612956896,0.0,0.8813610687678759,0.17292867356731495,0.0
0.8979001755376798,0.16850835612956896,0.0,0.9080894405247613,0.1549144290519848,0.0
0.6399472610118186,0.16590538212639078,0.0,0.6478910177910672,0.15008401344927425,0.0
0.6399472610118186,0.16590538212639078,0.0,0.6278864339505646,0.15014338764771223,0.0
0.6399472610118186,0.16590538212639078,0.0,0.6531431093889759,0.18098599953765132,0.0
0.6399472610118186,0.16590538212639078,0.0,0.6587573852334703,0.16413175985144998,0.0
0.08886192741467236,0.13870722799266744,0.0,0.0782918057018889,0.12313631043014514,0.0
0.08886192741467236,0.13870722799266744,0.0,0.09845338452898124,0.12230159985407547,0.0
0.08886192741467236,0.13870722799266744,0.0,0.06797327957405495,0.14026914313881084,0.0
0.08886192741467236,0.13870722799266744,0.0,0.10899158789194516,0.13675461757372329,0.0
0.5409600595144407,0.06102931274891155,0.0,0.5513070184793417,0.04239580269567106,0.0
0.5409600595144407,0.06102931274891155,0.0,0.5629807332197774,0.05886245626597958,0.0
0.5409600595144407,0.06102931274891155,0.0,0.5304513137291731,0.043633790394157414,0.0
0.5409600595144407,0.06102931274891155,0.0,0.5196012392058866,0.06189364362670412,0.0
0.5513070184793417,0.04239580269567106,0.0,0.5629807332197774,0.05886245626597958,0.0
0.5513070184793417,0.04239580269567106,0.0,0.5304513137291731,0.043633790394157414,0.0
0.5513070184793417,0.04239580269567106,0.0,0.5405107101534031,0.025737401944457356,0.0
0.5513070184793417,0.04239580269567106,0.0,0.5717049875279516,0.04087912728230518,0.0
0.5513070184793417,0.04239580269567106,0.0,0.5604282723206566,0.024368439247671916,0.0
0.5629807332197774,0.05886245626597958,0.0,0.5842657515525479,0.06015120394604545,0.0
0.5629807332197774,0.05886245626597958,0.0,0.5717049875279516,0.04087912728230518,0.0
0.3805495087610086,0.0190683649749948,0.0,0.38776001209729094,0.03905113480922039,0.0
0.3805495087610086,0.0190683649749948,0.0,0.36845128480714806,0.035375587046613005,0.0
0.3805495087610086,0.0190683649749948,0.0,0.39229319346864544,0.0021556634655384385,0.0
0.3805495087610086,0.0190683649749948,0.0,0.40007248237322873,0.022851184561169694,0.0
0.3805495087610086,0.0190683649749948,0.0,0.3610606404919605,0.015673426791713033,0.0
0.3805495087610086,0.0190683649749948,0.0,0.37276616510624605,-0.00028107453766906647,0.0
0.38776001209729094,0.03905113480922039,0.0,0.36845128480714806,0.035375587046613005,0.0
0.38776001209729094,0.03905113480922039,0.0,0.40007248237322873,0.022851184561169694,0.0
0.36845128480714806,0.035375587046613005,0.0,0.3610606404919605,0.015673426791713033,0.0
0.8188295770141993,0.10295170191407511,0.0,0.8080795379482797,0.12119005821542544,0.0
0.8188295770141993,0.10295170191407511,0.0,0.798674918737237,0.10225558171598083,0.0
0.8188295770141993,0.10295170191407511,0.0,0.8090994475675981,0.08476802297491566,0.0
0.8188295770141993,0.10295170191407511,0.0,0.8291235627493315,0.08519301616095794,0.0
0.049256924058316706,0.18912897506717322,0.0,0.032008968383378224,0.17602298016692702,0.0
0.049256924058316706,0.18912897506717322,0.0,0.034197199649285415,0.19537175936362156,0.0
0.049256924058316706,0.18912897506717322,0.0,0.04852740118707545,0.17007919929178694,0.0
0.049256924058316706,0.18912897506717322,0.0,0.0678865281796941,0.19310144045613328,0.0
0.049256924058316706,0.18912897506717322,0.0,0.03934595430376511,0.2088023656195966,0.0
0.049256924058316706,0.18912897506717322,0.0,0.05897878113556556,0.2073769316422593,0.0
0.032008968383378224,0.17602298016692702,0.0,0.034197199649285415,0.19537175936362156,0.0
0.032008968383378224,0.17602298016692702,0.0,0.04852740118707545,0.17007919929178694,0.0
0.032008968383378224,0.17602298016692702,0.0,0.017478437474589107,0.15836307636554336,0.0
0.032008968383378224,0.17602298016692702,0.0,0.03823604160259264,0.15674012307348667,0.0
0.032008968383378224,0.17602298016692702,0.0,0.022022953923443292,0.1877115932938327,0.0
0.032008968383378224,0.17602298016692702,0.0,0.014343820389090494,0.17476613551576675,0.0
0.034197199649285415,0.19537175936362156,0.0,0.022022953923443292,0.1877115932938327,0.0
0.034197199649285415,0.19537175936362156,0.0,0.03934595430376511,0.2088023656195966,0.0
0.034197199649285415,0.19537175936362156,0.0,0.01968189381931244,0.2096956954280177,0.0
0.8317486540398561,0.012933281324442665,0.0,0.8200867289504468,0.03291269153875125,0.0
0.8317486540398561,0.012933281324442665,0.0,0.8404110557835041,0.032878683087540064,0.0
0.8317486540398561,0.012933281324442665,0.0,0.8517828874878326,0.015857592204033148,0.0
0.8317486540398561,0.012933281324442665,0.0,0.8433007260783001,-0.0038793321930227507,0.0
0.8200867289504468,0.03291269153875125,0.0,0.8404110557835041,0.032878683087540064,0.0
0.8200867289504468,0.03291269153875125,0.0,0.8097652851710803,0.05005795580468073,0.0
0.8200867289504468,0.03291269153875125,0.0,0.8297634911074725,0.05042364832105673,0.0
0.8404110557835041,0.032878683087540064,0.0,0.8517828874878326,0.015857592204033148,0.0
0.8404110557835041,0.032878683087540064,0.0,0.859510516118774,0.033752545221344556,0.0
0.8404110557835041,0.032878683087540064,0.0,0.8297634911074725,0.05042364832105673,0.0
0.8404110557835041,0.032878683087540064,0.0,0.8493502718987523,0.05066095558508856,0.0
0.8697968730000245,0.12186197531381092,0.0,0.8798429610066816,0.13901025039891393,0.0
0.8697968730000245,0.12186197531381092,0.0,0.8891140535118723,0.1208880182415539,0.0
0.8697968730000245,0.12186197531381092,0.0,0.8788059623111308,0.10361919006538886,0.0
0.392092013242154,0.2021313695513354,0.0,0.4116407029594826,0.2044434291270096,0.0
0.392092013242154,0.2021313695513354,0.0,0.4076958660440297,0.1832551386326708,0.0
0.392092013242154,0.2021313695513354,0.0,0.3846392547460395,0.18304603872060882,0.0
0.392092013242154,0.2021313695513354,0.0,0.3725585682950345,0.1996932487804034,0.0
0.4116407029594826,0.2044434291270096,0.0,0.4076958660440297,0.1832551386326708,0.0
0.4116407029594826,0.2044434291270096,0.0,0.4233892858689003,0.19177137955029466,0.0
0.4116407029594826,0.2044434291270096,0.0,0.4312186625324201,0.2064914855210821,0.0
0.4076958660440297,0.1832551386326708,0.0,0.3846392547460395,0.18304603872060882,0.0
0.4076958660440297,0.1832551386326708,0.0,0.3975966382438193,0.16368803627698514,0.0
0.4076958660440297,0.1832551386326708,0.0,0.41711464822936334,0.16302649125288582,0.0
0.4076958660440297,0.1832551386326708,0.0,0.42814655326456,0.17653062869367686,0.0
0.4076958660440297,0.1832551386326708,0.0,0.4233892858689003,0.19177137955029466,0.0
0.688206695940728,0.08398578993209563,0.0,0.6670223500899339,0.0836852411100028,0.0
0.688206695940728,0.08398578993209563,0.0,0.6988239341682289,0.10009563630548596,0.0
0.688206695940728,0.08398578993209563,0.0,0.6788178962196917,0.10024805649400205,0.0
0.688206695940728,0.08398578993209563,0.0,0.7089818156773421,0.0834150937376247,0.0
0.8080795379482797,0.12119005821542544,0.0,0.7969299107547755,0.139471161033396,0.0
0.8080795379482797,0.12119005821542544,0.0,0.8172381456110641,0.14072701333325716,0.0
0.8080795379482797,0.12119005821542544,0.0,0.798674918737237,0.10225558171598083,0.0
0.8080795379482797,0.12119005821542544,0.0,0.787761464805798,0.12117180179842295,0.0
0.7969299107547755,0.139471161033396,0.0,0.8172381456110641,0.14072701333325716,0.0
0.7969299107547755,0.139471161033396,0.0,0.787761464805798,0.12117180179842295,0.0
0.7969299107547755,0.139471161033396,0.0,0.7769759220693339,0.13850147111521774,0.0
0.7969299107547755,0.139471161033396,0.0,0.8063719908446142,0.1578625908884508,0.0
0.7969299107547755,0.139471161033396,0.0,0.7861100255752791,0.15671815537166928,0.0
0.8172381456110641,0.14072701333325716,0.0,0.8063719908446142,0.1578625908884508,0.0
0.7180011535620711,0.06579001805063066,0.0,0.7047040435781728,0.048673215756970825,0.0
0.7180011535620711,0.06579001805063066,0.0,0.7291096411394768,0.08331853511047367,0.0
0.7180011535620711,0.06579001805063066,0.0,0.7089818156773421,0.0834150937376247,0.0
0.04852740118707545,0.17007919929178694,0.0,0.03823604160259264,0.15674012307348667,0.0
0.04852740118707545,0.17007919929178694,0.0,0.05766047345656226,0.15709263706537016,0.0
0.08990336174067409,0.022346519036960066,0.0,0.07035982546566702,0.03631734885710931,0.0
0.08990336174067409,0.022346519036960066,0.0,0.08901716819339714,0.04103437398274521,0.0
0.08990336174067409,0.022346519036960066,0.0,0.07036595179933301,0.018948347601900842,0.0
0.08990336174067409,0.022346519036960066,0.0,0.07888022512734574,0.005476144028677315,0.0
0.08990336174067409,0.022346519036960066,0.0,0.0984352013913381,0.003276175358584274,0.0
0.07035982546566702,0.03631734885710931,0.0,0.08901716819339714,0.04103437398274521,0.0
0.07035982546566702,0.03631734885710931,0.0,0.07036595179933301,0.018948347601900842,0.0
0.07035982546566702,0.03631734885710931,0.0,0.05339486970318395,0.023251779697158623,0.0
0.07035982546566702,0.03631734885710931,0.0,0.04797104546535365,0.03957206862265745,0.0
0.07035982546566702,0.03631734885710931,0.0,0.05963236637876137,0.05431550423550264,0.0
0.07035982546566702,0.03631734885710931,0.0,0.07957449505938723,0.05441402164077782,0.0
0.08901716819339714,0.04103437398274521,0.0,0.09893955152577676,0.05473604072295378,0.0
0.08901716819339714,0.04103437398274521,0.0,0.07957449505938723,0.05441402164077782,0.0
0.9606540458959356,0.2088023656315051,0.0,0.980318106281572,0.2096956954311213,0.0
0.9606540458959356,0.2088023656315051,0.0,0.9678978210409117,0.19118041800423596,0.0
0.9606540458959356,0.2088023656315051,0.0,0.9410212191544387,0.2073769316668632,0.0
0.9606540458959356,0.2088023656315051,0.0,0.9509069627790152,0.1954074866346174,0.0
0.980318106281572,0.2096956954311213,0.0,0.9678978210409117,0.19118041800423596,0.0
0.980318106281572,0.2096956954311213,0.0,0.985471690566376,0.19516374235116768,0.0
0.980318106281572,0.2096956954311213,0.0,1.0,0.21,0.0
0.9678978210409117,0.19118041800423596,0.0,0.965358983621851,0.1699999259190025,0.0
0.9678978210409117,0.19118041800423596,0.0,0.9500134382452565,0.1794064617386444,0.0
0.9678978210409117,0.19118041800423596,0.0,0.985471690566376,0.19516374235116768,0.0
0.9678978210409117,0.19118041800423596,0.0,0.9831730575389273,0.17914506130632193,0.0
0.9678978210409117,0.19118041800423596,0.0,0.9509069627790152,0.1954074866346174,0.0
0.3846392547460395,0.18304603872060882,0.0,0.3975966382438193,0.16368803627698514,0.0
0.3846392547460395,0.18304603872060882,0.0,0.3766060521149025,0.1637715164799972,0.0
0.3846392547460395,0.18304603872060882,0.0,0.3647763693998594,0.18089355207934854,0.0
0.3846392547460395,0.18304603872060882,0.0,0.3725585682950345,0.1996932487804034,0.0
0.3975966382438193,0.16368803627698514,0.0,0.3766060521149025,0.1637715164799972,0.0
0.3975966382438193,0.16368803627698514,0.0,0.41711464822936334,0.16302649125288582,0.0
0.3975966382438193,0.16368803627698514,0.0,0.3879244219511263,0.14618369374848886,0.0
0.3975966382438193,0.16368803627698514,0.0,0.40783636280875823,0.14638487149818505,0.0
0.3766060521149025,0.1637715164799972,0.0,0.3566300475135517,0.16236832107173102,0.0
0.3766060521149025,0.1637715164799972,0.0,0.3647763693998594,0.18089355207934854,0.0
0.3766060521149025,0.1637715164799972,0.0,0.36775506513754225,0.14569050662152727,0.0
0.3766060521149025,0.1637715164799972,0.0,0.3879244219511263,0.14618369374848886,0.0
0.07036595179933301,0.018948347601900842,0.0,0.05339486970318395,0.023251779697158623,0.0
0.07036595179933301,0.018948347601900842,0.0,0.07888022512734574,0.005476144028677315,0.0
0.07036595179933301,0.018948347601900842,0.0,0.05929147710330632,0.007349946665058783,0.0
0.39229319346864544,0.0021556634655384385,0.0,0.41183562456910283,0.004464960115724486,0.0
0.39229319346864544,0.0021556634655384385,0.0,0.40007248237322873,0.022851184561169694,0.0
0.39229319346864544,0.0021556634655384385,0.0,0.37276616510624605,-0.00028107453766906647,0.0
0.41183562456910283,0.004464960115724486,0.0,0.40007248237322873,0.022851184561169694,0.0
0.41183562456910283,0.004464960115724486,0.0,0.42026045099921855,0.02383140298314523,0.0
0.41183562456910283,0.004464960115724486,0.0,0.4314074162107819,0.006509110697146732,0.0
0.40007248237322873,0.022851184561169694,0.0,0.42026045099921855,0.02383140298314523,0.0
0.7548681516073238,0.00713642348674043,0.0,0.7605859412094046,0.030263433915561456,0.0
0.7548681516073238,0.00713642348674043,0.0,0.7366840405120647,0.006886138895692943,0.0
0.7548681516073238,0.00713642348674043,0.0,0.7450619191567407,0.022027152182744418,0.0
0.7548681516073238,0.00713642348674043,0.0,0.745163786991027,-0.009981937001538429,0.0
0.7786093830066843,0.1019369067144563,0.0,0.798674918737237,0.10225558171598083,0.0
0.7786093830066843,0.1019369067144563,0.0,0.787761464805798,0.12117180179842295,0.0
0.7786093830066843,0.1019369067144563,0.0,0.7679085235720974,0.11974452223667248,0.0
0.7786093830066843,0.1019369067144563,0.0,0.7691253678399362,0.08394260079176125,0.0
0.7786093830066843,0.1019369067144563,0.0,0.7890957414947117,0.08439328068115971,0.0
0.7786093830066843,0.1019369067144563,0.0,0.7587677936028089,0.10105723163440089,0.0
0.798674918737237,0.10225558171598083,0.0,0.787761464805798,0.12117180179842295,0.0
0.798674918737237,0.10225558171598083,0.0,0.8090994475675981,0.08476802297491566,0.0
0.798674918737237,0.10225558171598083,0.0,0.7890957414947117,0.08439328068115971,0.0
0.787761464805798,0.12117180179842295,0.0,0.7769759220693339,0.13850147111521774,0.0
0.787761464805798,0.12117180179842295,0.0,0.7679085235720974,0.11974452223667248,0.0
0.0678865281796941,0.19310144045613328,0.0,0.07857462076905876,0.2055086350173741,0.0
0.0678865281796941,0.19310144045613328,0.0,0.05897878113556556,0.2073769316422593,0.0
0.6275646817384919,-0.00032263105303769114,0.0,0.6470939486575245,-0.0027412744433312607,0.0
0.6275646817384919,-0.00032263105303769114,0.0,0.6393370503865033,0.016770730668144433,0.0
0.6275646817384919,-0.00032263105303769114,0.0,0.6198624780502385,0.018344948140660955,0.0
0.6275646817384919,-0.00032263105303769114,0.0,0.6080377684896421,0.002115033206519905,0.0
0.6470939486575245,-0.0027412744433312607,0.0,0.6393370503865033,0.016770730668144433,0.0
0.6393370503865033,0.016770730668144433,0.0,0.6198624780502385,0.018344948140660955,0.0
0.6393370503865033,0.016770730668144433,0.0,0.6313548071057081,0.036269236501787344,0.0
0.7058403925843509,-0.008499793096399047,0.0,0.7254912550881216,-0.009529858923293196,0.0
0.7254912550881216,-0.009529858923293196,0.0,0.7366840405120647,0.006886138895692943,0.0
0.7254912550881216,-0.009529858923293196,0.0,0.745163786991027,-0.009981937001538429,0.0
0.7358694743005681,0.1720804370026684,0.0,0.7273261255540084,0.15299151795473856,0.0
0.7358694743005681,0.1720804370026684,0.0,0.7253997900510565,0.1904740301919498,0.0
0.7358694743005681,0.1720804370026684,0.0,0.746748861267156,0.15500882082028714,0.0
0.7358694743005681,0.1720804370026684,0.0,0.7556069661331561,0.17279632743917925,0.0
0.7358694743005681,0.1720804370026684,0.0,0.7450787942757616,0.1900191158835712,0.0
0.7273261255540084,0.15299151795473856,0.0,0.746748861267156,0.15500882082028714,0.0
0.7273261255540084,0.15299151795473856,0.0,0.7376551076762897,0.13617720924740212,0.0
0.7273261255540084,0.15299151795473856,0.0,0.7180920223052418,0.13491898156483126,0.0
0.7708734698963828,0.049081939831622706,0.0,0.7605859412094046,0.030263433915561456,0.0
0.7708734698963828,0.049081939831622706,0.0,0.7550305311824062,0.05046883026130009,0.0
0.7708734698963828,0.049081939831622706,0.0,0.7794456584441991,0.06682232261987504,0.0
0.7708734698963828,0.049081939831622706,0.0,0.7605475421145825,0.06695736820736847,0.0
0.7708734698963828,0.049081939831622706,0.0,0.7898796630006343,0.04954737645023851,0.0
0.7605859412094046,0.030263433915561456,0.0,0.7550305311824062,0.05046883026130009,0.0
0.7605859412094046,0.030263433915561456,0.0,0.7450619191567407,0.022027152182744418,0.0
0.7550305311824062,0.05046883026130009,0.0,0.7605475421145825,0.06695736820736847,0.0
0.969722728206549,0.026273047519751035,0.0,0.9595133169415562,0.04135232255816413,0.0
0.969722728206549,0.026273047519751035,0.0,0.9814670523591433,0.040982177908257644,0.0
0.969722728206549,0.026273047519751035,0.0,0.9495116332379622,0.025180659509911076,0.0
0.969722728206549,0.026273047519751035,0.0,0.9606671032024757,0.008802745455942564,0.0
0.969722728206549,0.026273047519751035,0.0,0.9803246435048852,0.009695498006091317,0.0
0.969722728206549,0.026273047519751035,0.0,0.9855624274937302,0.024253619612764232,0.0
0.9595133169415562,0.04135232255816413,0.0,0.9814670523591433,0.040982177908257644,0.0
0.9595133169415562,0.04135232255816413,0.0,0.9682646032416672,0.05503237510816875,0.0
0.9595133169415562,0.04135232255816413,0.0,0.948638379562202,0.05958905941988919,0.0
0.9595133169415562,0.04135232255816413,0.0,0.937956905010268,0.04150884503230021,0.0
0.9595133169415562,0.04135232255816413,0.0,0.9495116332379622,0.025180659509911076,0.0
0.9814670523591433,0.040982177908257644,0.0,0.9682646032416672,0.05503237510816875,0.0
0.9814670523591433,0.040982177908257644,0.0,1.0,0.049999686417894304,0.0
0.9814670523591433,0.040982177908257644,0.0,0.9832147888363106,0.06092686894817284,0.0
0.9814670523591433,0.040982177908257644,0.0,1.0,0.02999964462312105,0.0
0.9814670523591433,0.040982177908257644,0.0,0.9855624274937302,0.024253619612764232,0.0
0.9485257583418523,0.1585191197510299,0.0,0.965358983621851,0.1699999259190025,0.0
0.9485257583418523,0.1585191197510299,0.0,0.9500134382452565,0.1794064617386444,0.0
0.9485257583418523,0.1585191197510299,0.0,0.9581413813920421,0.13940659973800107,0.0
0.9485257583418523,0.1585191197510299,0.0,0.9670157944327052,0.1535076061867136,0.0
0.9485257583418523,0.1585191197510299,0.0,0.9348318617107874,0.17142637224984741,0.0
0.9485257583418523,0.1585191197510299,0.0,0.9379597431837093,0.1391466638353073,0.0
0.9485257583418523,0.1585191197510299,0.0,0.927248758354517,0.1558948885281403,0.0
0.965358983621851,0.1699999259190025,0.0,0.9500134382452565,0.1794064617386444,0.0
0.965358983621851,0.1699999259190025,0.0,0.9670157944327052,0.1535076061867136,0.0
0.965358983621851,0.1699999259190025,0.0,0.9831730575389273,0.17914506130632193,0.0
0.965358983621851,0.1699999259190025,0.0,0.9826794918102738,0.15999990565789426,0.0
0.9500134382452565,0.1794064617386444,0.0,0.9348318617107874,0.17142637224984741,0.0
0.9500134382452565,0.1794064617386444,0.0,0.932841283366632,0.18947234017067444,0.0
0.9500134382452565,0.1794064617386444,0.0,0.9509069627790152,0.1954074866346174,0.0
0.5304513137291731,0.043633790394157414,0.0,0.5100727385133973,0.04414979826702091,0.0
0.5304513137291731,0.043633790394157414,0.0,0.5196012392058866,0.06189364362670412,0.0
0.5304513137291731,0.043633790394157414,0.0,0.5202561165163465,0.026596783544895083,0.0
0.5304513137291731,0.043633790394157414,0.0,0.5405107101534031,0.025737401944457356,0.0
0.7769759220693339,0.13850147111521774,0.0,0.7572048231173371,0.13728146215169604,0.0
0.7769759220693339,0.13850147111521774,0.0,0.7679085235720974,0.11974452223667248,0.0
0.7769759220693339,0.13850147111521774,0.0,0.7861100255752791,0.15671815537166928,0.0
0.7769759220693339,0.13850147111521774,0.0,0.7662570067199819,0.15590704394773014,0.0
0.7572048231173371,0.13728146215169604,0.0,0.7679085235720974,0.11974452223667248,0.0
0.7572048231173371,0.13728146215169604,0.0,0.7481317549189933,0.11851825959141211,0.0
0.7572048231173371,0.13728146215169604,0.0,0.746748861267156,0.15500882082028714,0.0
0.7572048231173371,0.13728146215169604,0.0,0.7376551076762897,0.13617720924740212,0.0
0.7572048231173371,0.13728146215169604,0.0,0.7662570067199819,0.15590704394773014,0.0
0.7679085235720974,0.11974452223667248,0.0,0.7481317549189933,0.11851825959141211,0.0
0.7679085235720974,0.11974452223667248,0.0,0.7587677936028089,0.10105723163440089,0.0
0.985471690566376,0.19516374235116768,0.0,0.9831730575389273,0.17914506130632193,0.0
0.985471690566376,0.19516374235116768,0.0,1.0,0.18999996285634568,0.0
0.985471690566376,0.19516374235116768,0.0,1.0,0.21,0.0
0.6670223500899339,0.0836852411100028,0.0,0.6549551752368817,0.06807533582614923,0.0
0.6670223500899339,0.0836852411100028,0.0,0.6471249653218433,0.0846331099947264,0.0
0.6670223500899339,0.0836852411100028,0.0,0.6788178962196917,0.10024805649400205,0.0
0.6670223500899339,0.0836852411100028,0.0,0.658821028734637,0.09993604995369337,0.0
0.6549551752368817,0.06807533582614923,0.0,0.6471249653218433,0.0846331099947264,0.0
0.6549551752368817,0.06807533582614923,0.0,0.6425429622631359,0.0524158920672489,0.0
0.6549551752368817,0.06807533582614923,0.0,0.6625803232500198,0.050909265206683485,0.0
0.6549551752368817,0.06807533582614923,0.0,0.6349860498760108,0.06925586541416504,0.0
0.3566300475135517,0.16236832107173102,0.0,0.3647763693998594,0.18089355207934854,0.0
0.3566300475135517,0.16236832107173102,0.0,0.34520141294400786,0.17920894052765937,0.0
0.3566300475135517,0.16236832107173102,0.0,0.3364271568832317,0.160403889019471,0.0
0.3566300475135517,0.16236832107173102,0.0,0.36775506513754225,0.14569050662152727,0.0
0.3566300475135517,0.16236832107173102,0.0,0.3475715217209394,0.14451731414713417,0.0
0.3647763693998594,0.18089355207934854,0.0,0.34520141294400786,0.17920894052765937,0.0
0.3647763693998594,0.18089355207934854,0.0,0.3530228816138251,0.1972732469543295,0.0
0.3647763693998594,0.18089355207934854,0.0,0.3725585682950345,0.1996932487804034,0.0
0.6471249653218433,0.0846331099947264,0.0,0.638821874521347,0.09986589140962897,0.0
0.6471249653218433,0.0846331099947264,0.0,0.658821028734637,0.09993604995369337,0.0
0.6471249653218433,0.0846331099947264,0.0,0.6349860498760108,0.06925586541416504,0.0
0.6471249653218433,0.0846331099947264,0.0,0.6277849028187678,0.08560789993667105,0.0
0.42026045099921855,0.02383140298314523,0.0,0.4314074162107819,0.006509110697146732,0.0
0.42026045099921855,0.02383140298314523,0.0,0.44008932196739986,0.025069718448463285,0.0
0.42026045099921855,0.02383140298314523,0.0,0.42929204164881735,0.04185862527453804,0.0
0.41711464822936334,0.16302649125288582,0.0,0.42814655326456,0.17653062869367686,0.0
0.41711464822936334,0.16302649125288582,0.0,0.42791182429665164,0.14692506641650777,0.0
0.41711464822936334,0.16302649125288582,0.0,0.4375998777095648,0.16388357169113127,0.0
0.41711464822936334,0.16302649125288582,0.0,0.40783636280875823,0.14638487149818505,0.0
0.42814655326456,0.17653062869367686,0.0,0.4233892858689003,0.19177137955029466,0.0
0.42814655326456,0.17653062869367686,0.0,0.4375998777095648,0.16388357169113127,0.0
0.42814655326456,0.17653062869367686,0.0,0.44001583038274866,0.19163908860027265,0.0
0.42814655326456,0.17653062869367686,0.0,0.4473724828015899,0.1762721775090512,0.0
0.8517828874878326,0.015857592204033148,0.0,0.8433007260783001,-0.0038793321930227507,0.0
0.8517828874878326,0.015857592204033148,0.0,0.8628375512063403,-0.0015228343996623777,0.0
0.8517828874878326,0.015857592204033148,0.0,0.871017081073536,0.016694234197675066,0.0
0.8517828874878326,0.015857592204033148,0.0,0.859510516118774,0.033752545221344556,0.0
0.7057425391897695,0.1915070909240959,0.0,0.7253997900510565,0.1904740301919498,0.0
0.7057425391897695,0.1915070909240959,0.0,0.6861187615548019,0.1930527247722307,0.0
0.7253997900510565,0.1904740301919498,0.0,0.7450787942757616,0.1900191158835712,0.0
0.03230848077730094,0.1071155819201775,0.0,0.018378497760750838,0.12129862701709776,0.0
0.03230848077730094,0.1071155819201775,0.0,0.038926029575255004,0.122645690525449,0.0
0.03230848077730094,0.1071155819201775,0.0,0.048617163385451447,0.10526423456766794,0.0
0.040096955517161095,0.05611773723403359,0.0,0.019730298103092066,0.05794046198806931,0.0
0.040096955517161095,0.05611773723403359,0.0,0.0316356721169127,0.042306929738557604,0.0
0.040096955517161095,0.05611773723403359,0.0,0.04797104546535365,0.03957206862265745,0.0
0.040096955517161095,0.05611773723403359,0.0,0.03206886992939379,0.07021709689847079,0.0
0.040096955517161095,0.05611773723403359,0.0,0.049686438291961746,0.07059454723721174,0.0
0.040096955517161095,0.05611773723403359,0.0,0.05963236637876137,0.05431550423550264,0.0
0.019730298103092066,0.05794046198806931,0.0,0.0316356721169127,0.042306929738557604,0.0
0.019730298103092066,0.05794046198806931,0.0,0.01609194321903219,0.03861306168249054,0.0
0.019730298103092066,0.05794046198806931,0.0,0.03206886992939379,0.07021709689847079,0.0
0.019730298103092066,0.05794046198806931,0.0,0.0002334111370453746,0.06999966610617732,0.0
0.019730298103092066,0.05794046198806931,0.0,0.0002667555851949112,0.04999961621342852,0.0
0.0316356721169127,0.042306929738557604,0.0,0.01609194321903219,0.03861306168249054,0.0
0.0316356721169127,0.042306929738557604,0.0,0.03229039053817508,0.026657794736132515,0.0
0.0316356721169127,0.042306929738557604,0.0,0.04797104546535365,0.03957206862265745,0.0
0.9797723159284524,0.13984751072090795,0.0,0.9581413813920421,0.13940659973800107,0.0
0.9797723159284524,0.13984751072090795,0.0,0.9670157944327052,0.1535076061867136,0.0
0.9797723159284524,0.13984751072090795,0.0,0.9671357349920168,0.1259300100968123,0.0
0.9797723159284524,0.13984751072090795,0.0,0.9826794918102738,0.15999990565789426,0.0
0.9797723159284524,0.13984751072090795,0.0,1.0,0.12999984747810875,0.0
0.9797723159284524,0.13984751072090795,0.0,0.9826794920791039,0.11999982773366058,0.0
0.9797723159284524,0.13984751072090795,0.0,1.0,0.14999988643984621,0.0
0.9581413813920421,0.13940659973800107,0.0,0.9670157944327052,0.1535076061867136,0.0
0.9581413813920421,0.13940659973800107,0.0,0.9671357349920168,0.1259300100968123,0.0
0.9581413813920421,0.13940659973800107,0.0,0.9483887687356939,0.12053773880774941,0.0
0.9581413813920421,0.13940659973800107,0.0,0.9379597431837093,0.1391466638353073,0.0
0.9670157944327052,0.1535076061867136,0.0,0.9826794918102738,0.15999990565789426,0.0
0.9671357349920168,0.1259300100968123,0.0,0.9483887687356939,0.12053773880774941,0.0
0.9671357349920168,0.1259300100968123,0.0,0.9657891242778145,0.10944555543203396,0.0
0.9671357349920168,0.1259300100968123,0.0,0.9826794920791039,0.11999982773366058,0.0
0.6198624780502385,0.018344948140660955,0.0,0.6115078227693441,0.03767493937409307,0.0
0.6198624780502385,0.018344948140660955,0.0,0.6313548071057081,0.036269236501787344,0.0
0.6198624780502385,0.018344948140660955,0.0,0.5999919438084573,0.020841739291431148,0.0
0.6198624780502385,0.018344948140660955,0.0,0.6080377684896421,0.002115033206519905,0.0
0.6115078227693441,0.03767493937409307,0.0,0.6313548071057081,0.036269236501787344,0.0
0.6115078227693441,0.03767493937409307,0.0,0.5999919438084573,0.020841739291431148,0.0
0.6115078227693441,0.03767493937409307,0.0,0.5918094218777944,0.03973966477372983,0.0
0.6115078227693441,0.03767493937409307,0.0,0.6028823248374463,0.056052322636088184,0.0
0.6115078227693441,0.03767493937409307,0.0,0.6226823747468121,0.054519182009569706,0.0
0.6313548071057081,0.036269236501787344,0.0,0.6226823747468121,0.054519182009569706,0.0
0.6313548071057081,0.036269236501787344,0.0,0.6425429622631359,0.0524158920672489,0.0
0.5891653309465983,0.08061298764193846,0.0,0.5842657515525479,0.06015120394604545,0.0
0.5891653309465983,0.08061298764193846,0.0,0.5996036904305435,0.07033199689494865,0.0
0.5891653309465983,0.08061298764193846,0.0,0.5989552647704969,0.09888612208131843,0.0
0.5891653309465983,0.08061298764193846,0.0,0.6084379816079906,0.08517842249977987,0.0
0.5842657515525479,0.06015120394604545,0.0,0.5996036904305435,0.07033199689494865,0.0
0.5842657515525479,0.06015120394604545,0.0,0.5918094218777944,0.03973966477372983,0.0
0.5842657515525479,0.06015120394604545,0.0,0.5717049875279516,0.04087912728230518,0.0
0.5842657515525479,0.06015120394604545,0.0,0.6028823248374463,0.056052322636088184,0.0
0.7481317549189933,0.11851825959141211,0.0,0.7376551076762897,0.13617720924740212,0.0
0.7481317549189933,0.11851825959141211,0.0,0.7388095705619074,0.10074328311612271,0.0
0.7481317549189933,0.11851825959141211,0.0,0.7283274643445358,0.11785481595864562,0.0
0.7481317549189933,0.11851825959141211,0.0,0.7587677936028089,0.10105723163440089,0.0
0.4290762921470366,0.0776598663291548,0.0,0.44893115345562584,0.07798217778326867,0.0
0.4290762921470366,0.0776598663291548,0.0,0.4388491088225797,0.05995208021248907,0.0
0.4290762921470366,0.0776598663291548,0.0,0.43887026480100105,0.09518414822999291,0.0
0.4290762921470366,0.0776598663291548,0.0,0.4188735807283454,0.09481887285621743,0.0
0.6772546691703316,0.162695100114489,0.0,0.6678797548910156,0.15087374161023556,0.0
0.6772546691703316,0.162695100114489,0.0,0.6724327730896785,0.1777448488134202,0.0
0.6772546691703316,0.162695100114489,0.0,0.6587573852334703,0.16413175985144998,0.0
0.017478437474589107,0.15836307636554336,0.0,0.02877934697892487,0.139876492218951,0.0
0.017478437474589107,0.15836307636554336,0.0,0.03823604160259264,0.15674012307348667,0.0
0.017478437474589107,0.15836307636554336,0.0,0.012444546269721897,0.13999079280612278,0.0
0.017478437474589107,0.15836307636554336,0.0,6.668889629864687e-05,0.16999990731703848,0.0
0.017478437474589107,0.15836307636554336,0.0,0.0001000333444479161,0.14999986005289045,0.0
0.017478437474589107,0.15836307636554336,0.0,0.014343820389090494,0.17476613551576675,0.0
0.02877934697892487,0.139876492218951,0.0,0.03823604160259264,0.15674012307348667,0.0
0.02877934697892487,0.139876492218951,0.0,0.018378497760750838,0.12129862701709776,0.0
0.02877934697892487,0.139876492218951,0.0,0.038926029575255004,0.122645690525449,0.0
0.02877934697892487,0.139876492218951,0.0,0.012444546269721897,0.13999079280612278,0.0
0.02877934697892487,0.139876492218951,0.0,0.047976697716629504,0.13989938986941208,0.0
0.03823604160259264,0.15674012307348667,0.0,0.047976697716629504,0.13989938986941208,0.0
0.03823604160259264,0.15674012307348667,0.0,0.05766047345656226,0.15709263706537016,0.0
0.85936321404309,0.06837705866408667,0.0,0.8793997976164125,0.07061496875124072,0.0
0.85936321404309,0.06837705866408667,0.0,0.8690898954961714,0.05186089913367506,0.0
0.85936321404309,0.06837705866408667,0.0,0.8394315600533484,0.06801888498098028,0.0
0.85936321404309,0.06837705866408667,0.0,0.8493502718987523,0.05066095558508856,0.0
0.85936321404309,0.06837705866408667,0.0,0.8491363090619181,0.08574843769430132,0.0
0.85936321404309,0.06837705866408667,0.0,0.8691234478537461,0.08639661884256045,0.0
0.8793997976164125,0.07061496875124072,0.0,0.8690898954961714,0.05186089913367506,0.0
0.8793997976164125,0.07061496875124072,0.0,0.898235858209986,0.07069780428673263,0.0
0.8793997976164125,0.07061496875124072,0.0,0.8881579511878936,0.05273889368212876,0.0
0.8793997976164125,0.07061496875124072,0.0,0.8891107560294705,0.08664154300869531,0.0
0.8793997976164125,0.07061496875124072,0.0,0.8691234478537461,0.08639661884256045,0.0
0.8690898954961714,0.05186089913367506,0.0,0.8881579511878936,0.05273889368212876,0.0
0.8690898954961714,0.05186089913367506,0.0,0.8787576220133803,0.03502097294547257,0.0
0.8690898954961714,0.05186089913367506,0.0,0.859510516118774,0.033752545221344556,0.0
0.8690898954961714,0.05186089913367506,0.0,0.8493502718987523,0.05066095558508856,0.0
0.8643684562651083,0.17742736688440225,0.0,0.8714856889528776,0.15795295312757554,0.0
0.8643684562651083,0.17742736688440225,0.0,0.8627921253644149,0.1984719234020252,0.0
0.8643684562651083,0.17742736688440225,0.0,0.8813610687678759,0.17292867356731495,0.0
0.8643684562651083,0.17742736688440225,0.0,0.8772077946336483,0.18708255805117696,0.0
0.898235858209986,0.07069780428673263,0.0,0.9081536682305683,0.054818322277772905,0.0
0.898235858209986,0.07069780428673263,0.0,0.9179698875432872,0.07154813837338013,0.0
0.898235858209986,0.07069780428673263,0.0,0.8881579511878936,0.05273889368212876,0.0
0.898235858209986,0.07069780428673263,0.0,0.8891107560294705,0.08664154300869531,0.0
0.898235858209986,0.07069780428673263,0.0,0.9090984821625272,0.08727045849514502,0.0
0.9081536682305683,0.054818322277772905,0.0,0.9179698875432872,0.07154813837338013,0.0
0.9081536682305683,0.054818322277772905,0.0,0.9271146573459852,0.05629754832806339,0.0
0.9081536682305683,0.054818322277772905,0.0,0.8881579511878936,0.05273889368212876,0.0
0.9081536682305683,0.054818322277772905,0.0,0.8980874334699516,0.03685056170529318,0.0
0.9081536682305683,0.054818322277772905,0.0,0.9179677616312348,0.03909885104349634,0.0
0.9179698875432872,0.07154813837338013,0.0,0.9302319996514894,0.08903790875901814,0.0
0.9179698875432872,0.07154813837338013,0.0,0.9271146573459852,0.05629754832806339,0.0
0.9179698875432872,0.07154813837338013,0.0,0.9090984821625272,0.08727045849514502,0.0
0.9179698875432872,0.07154813837338013,0.0,0.9349846597067498,0.0711667882916589,0.0
0.4233892858689003,0.19177137955029466,0.0,0.4312186625324201,0.2064914855210821,0.0
0.4233892858689003,0.19177137955029466,0.0,0.44001583038274866,0.19163908860027265,0.0
0.21641024265277797,0.125278432439162,0.0,0.20433276227524397,0.14198358250553172,0.0
0.21641024265277797,0.125278432439162,0.0,0.22489962006481187,0.14168571357600715,0.0
0.21641024265277797,0.125278432439162,0.0,0.19639785087424846,0.12486836965175893,0.0
0.21641024265277797,0.125278432439162,0.0,0.228586396346609,0.1085922320936068,0.0
0.21641024265277797,0.125278432439162,0.0,0.208589814850617,0.10822245217806546,0.0
0.21641024265277797,0.125278432439162,0.0,0.23732169460887395,0.12552876502425014,0.0
0.20433276227524397,0.14198358250553172,0.0,0.22489962006481187,0.14168571357600715,0.0
0.20433276227524397,0.14198358250553172,0.0,0.21445137989062518,0.15720611149973676,0.0
0.20433276227524397,0.14198358250553172,0.0,0.19363042588655843,0.1586570607677294,0.0
0.20433276227524397,0.14198358250553172,0.0,0.19639785087424846,0.12486836965175893,0.0
0.22489962006481187,0.14168571357600715,0.0,0.21445137989062518,0.15720611149973676,0.0
0.22489962006481187,0.14168571357600715,0.0,0.23513572201055505,0.1559362463901402,0.0
0.22489962006481187,0.14168571357600715,0.0,0.23732169460887395,0.12552876502425014,0.0
0.22489962006481187,0.14168571357600715,0.0,0.24533226549444137,0.14174322762618907,0.0
0.9682646032416672,0.05503237510816875,0.0,0.948638379562202,0.05958905941988919,0.0
0.9682646032416672,0.05503237510816875,0.0,0.9662022897434146,0.07090523580794314,0.0
0.9682646032416672,0.05503237510816875,0.0,0.9832147888363106,0.06092686894817284,0.0
0.9302319996514894,0.08903790875901814,0.0,0.9486631126258832,0.09932016015214773,0.0
0.9302319996514894,0.08903790875901814,0.0,0.9488846352295348,0.07983683969138292,0.0
0.9302319996514894,0.08903790875901814,0.0,0.9340996311971248,0.10699261467926623,0.0
0.9302319996514894,0.08903790875901814,0.0,0.9090984821625272,0.08727045849514502,0.0
0.9302319996514894,0.08903790875901814,0.0,0.9180059231353107,0.10460968474781972,0.0
0.9302319996514894,0.08903790875901814,0.0,0.9349846597067498,0.0711667882916589,0.0
0.9486631126258832,0.09932016015214773,0.0,0.9488846352295348,0.07983683969138292,0.0
0.9486631126258832,0.09932016015214773,0.0,0.9483887687356939,0.12053773880774941,0.0
0.9486631126258832,0.09932016015214773,0.0,0.9657891242778145,0.10944555543203396,0.0
0.9486631126258832,0.09932016015214773,0.0,0.9340996311971248,0.10699261467926623,0.0
0.9486631126258832,0.09932016015214773,0.0,0.9654306746901411,0.08990739330881896,0.0
0.9488846352295348,0.07983683969138292,0.0,0.948638379562202,0.05958905941988919,0.0
0.9488846352295348,0.07983683969138292,0.0,0.9662022897434146,0.07090523580794314,0.0
0.9488846352295348,0.07983683969138292,0.0,0.9654306746901411,0.08990739330881896,0.0
0.9488846352295348,0.07983683969138292,0.0,0.9349846597067498,0.0711667882916589,0.0
0.5100727385133973,0.04414979826702091,0.0,0.5196012392058866,0.06189364362670412,0.0
0.5100727385133973,0.04414979826702091,0.0,0.5202561165163465,0.026596783544895083,0.0
0.5100727385133973,0.04414979826702091,0.0,0.5000514840273037,0.026964053024635046,0.0
0.5100727385133973,0.04414979826702091,0.0,0.4897981760637678,0.04415591740501523,0.0
0.5100727385133973,0.04414979826702091,0.0,0.4995475538281219,0.06158315637749953,0.0
0.5196012392058866,0.06189364362670412,0.0,0.4995475538281219,0.06158315637749953,0.0
0.5196012392058866,0.06189364362670412,0.0,0.5091789647848599,0.07913388196085061,0.0
0.8063719908446142,0.1578625908884508,0.0,0.8153374177782041,0.17603906299792454,0.0
0.8063719908446142,0.1578625908884508,0.0,0.7953287097382167,0.17454996027475375,0.0
0.8063719908446142,0.1578625908884508,0.0,0.7861100255752791,0.15671815537166928,0.0
0.9271146573459852,0.05629754832806339,0.0,0.948638379562202,0.05958905941988919,0.0
0.9271146573459852,0.05629754832806339,0.0,0.937956905010268,0.04150884503230021,0.0
0.9271146573459852,0.05629754832806339,0.0,0.9179677616312348,0.03909885104349634,0.0
0.9271146573459852,0.05629754832806339,0.0,0.9349846597067498,0.0711667882916589,0.0
0.21445137989062518,0.15720611149973676,0.0,0.20477680946416646,0.17466896569487705,0.0
0.21445137989062518,0.15720611149973676,0.0,0.19363042588655843,0.1586570607677294,0.0
0.21445137989062518,0.15720611149973676,0.0,0.22484046976633162,0.17347117373796084,0.0
0.21445137989062518,0.15720611149973676,0.0,0.23513572201055505,0.1559362463901402,0.0
0.20477680946416646,0.17466896569487705,0.0,0.19363042588655843,0.1586570607677294,0.0
0.20477680946416646,0.17466896569487705,0.0,0.22484046976633162,0.17347117373796084,0.0
0.20477680946416646,0.17466896569487705,0.0,0.18461772080339386,0.1761176911694942,0.0
0.20477680946416646,0.17466896569487705,0.0,0.2155675444190997,0.1909215933815534,0.0
0.20477680946416646,0.17466896569487705,0.0,0.1959260328513177,0.1922212147213933,0.0
0.19363042588655843,0.1586570607677294,0.0,0.17314141917588083,0.16010081523080585,0.0
0.19363042588655843,0.1586570607677294,0.0,0.18461772080339386,0.1761176911694942,0.0
0.8433007260783001,-0.0038793321930227507,0.0,0.8628375512063403,-0.0015228343996623777,0.0
0.8628375512063403,-0.0015228343996623777,0.0,0.871017081073536,0.016694234197675066,0.0
0.8628375512063403,-0.0015228343996623777,0.0,0.882363374642182,0.0009235896502928226,0.0
0.018378497760750838,0.12129862701709776,0.0,0.038926029575255004,0.122645690525449,0.0
0.018378497760750838,0.12129862701709776,0.0,0.012444546269721897,0.13999079280612278,0.0
0.018378497760750838,0.12129862701709776,0.0,0.0001667222407464953,0.10999976411905585,0.0
0.018378497760750838,0.12129862701709776,0.0,0.0001333777925972035,0.12999981231440083,0.0
0.038926029575255004,0.122645690525449,0.0,0.047976697716629504,0.13989938986941208,0.0
0.038926029575255004,0.122645690525449,0.0,0.048617163385451447,0.10526423456766794,0.0
0.038926029575255004,0.122645690525449,0.0,0.05829522149283932,0.12276668825856982,0.0
0.5999919438084573,0.020841739291431148,0.0,0.5918094218777944,0.03973966477372983,0.0
0.5999919438084573,0.020841739291431148,0.0,0.5802384420942612,0.022748186277701667,0.0
0.5999919438084573,0.020841739291431148,0.0,0.5884957298013347,0.004427664164465852,0.0
0.5999919438084573,0.020841739291431148,0.0,0.6080377684896421,0.002115033206519905,0.0
0.4314074162107819,0.006509110697146732,0.0,0.44008932196739986,0.025069718448463285,0.0
0.4314074162107819,0.006509110697146732,0.0,0.45101575646421066,0.00816413715253469,0.0
0.2582641630418251,0.02334240178455715,0.0,0.2654466248464083,0.0059206700688730065,0.0
0.2582641630418251,0.02334240178455715,0.0,0.23946261590505424,0.02392838014064011,0.0
0.2582641630418251,0.02334240178455715,0.0,0.24698742612248095,0.006562294473335887,0.0
0.2582641630418251,0.02334240178455715,0.0,0.24985700412495518,0.04006518776406843,0.0
0.2582641630418251,0.02334240178455715,0.0,0.2698531767893902,0.0402563796563984,0.0
0.2654466248464083,0.0059206700688730065,0.0,0.24698742612248095,0.006562294473335887,0.0
0.2654466248464083,0.0059206700688730065,0.0,0.2551696485148928,-0.009979304494318436,0.0
0.2654466248464083,0.0059206700688730065,0.0,0.27484194606470197,-0.009517082564335547,0.0
0.5996036904305435,0.07033199689494865,0.0,0.6028823248374463,0.056052322636088184,0.0
0.5996036904305435,0.07033199689494865,0.0,0.614808812554179,0.07196879761778624,0.0
0.5996036904305435,0.07033199689494865,0.0,0.6084379816079906,0.08517842249977987,0.0
0.34520141294400786,0.17920894052765937,0.0,0.3364271568832317,0.160403889019471,0.0
0.34520141294400786,0.17920894052765937,0.0,0.32508202632398586,0.1768314832543176,0.0
0.34520141294400786,0.17920894052765937,0.0,0.3334679733597575,0.1950146597444102,0.0
0.34520141294400786,0.17920894052765937,0.0,0.3530228816138251,0.1972732469543295,0.0
0.3364271568832317,0.160403889019471,0.0,0.3164579912477734,0.15903451665250656,0.0
0.3364271568832317,0.160403889019471,0.0,0.32508202632398586,0.1768314832543176,0.0
0.3364271568832317,0.160403889019471,0.0,0.3475715217209394,0.14451731414713417,0.0
0.3364271568832317,0.160403889019471,0.0,0.32750527061480816,0.1434160008585372,0.0
0.8714856889528776,0.15795295312757554,0.0,0.8798429610066816,0.13901025039891393,0.0
0.8714856889528776,0.15795295312757554,0.0,0.8893274163309547,0.15519391754443518,0.0
0.8714856889528776,0.15795295312757554,0.0,0.8813610687678759,0.17292867356731495,0.0
0.44893115345562584,0.07798217778326867,0.0,0.4388491088225797,0.05995208021248907,0.0
0.44893115345562584,0.07798217778326867,0.0,0.4592610829654849,0.06073023902558666,0.0
0.44893115345562584,0.07798217778326867,0.0,0.43887026480100105,0.09518414822999291,0.0
0.44893115345562584,0.07798217778326867,0.0,0.45886721345506787,0.0955315204821913,0.0
0.44893115345562584,0.07798217778326867,0.0,0.46917745892404983,0.07839718970518147,0.0
0.4388491088225797,0.05995208021248907,0.0,0.4592610829654849,0.06073023902558666,0.0
0.4388491088225797,0.05995208021248907,0.0,0.44945231128078694,0.04296946615187961,0.0
0.4388491088225797,0.05995208021248907,0.0,0.42929204164881735,0.04185862527453804,0.0
0.4592610829654849,0.06073023902558666,0.0,0.44945231128078694,0.04296946615187961,0.0
0.4592610829654849,0.06073023902558666,0.0,0.46967292855525233,0.04380280536181044,0.0
0.4592610829654849,0.06073023902558666,0.0,0.46917745892404983,0.07839718970518147,0.0
0.4592610829654849,0.06073023902558666,0.0,0.4794835367384739,0.061277715330303,0.0
0.3610606404919605,0.015673426791713033,0.0,0.34243548765717113,0.012160499640032109,0.0
0.3610606404919605,0.015673426791713033,0.0,0.37276616510624605,-0.00028107453766906647,0.0
0.3610606404919605,0.015673426791713033,0.0,0.3532370862864959,-0.0027012448160677154,0.0
0.8798429610066816,0.13901025039891393,0.0,0.8893274163309547,0.15519391754443518,0.0
0.8798429610066816,0.13901025039891393,0.0,0.8983299326779753,0.13820128411380816,0.0
0.8798429610066816,0.13901025039891393,0.0,0.8891140535118723,0.1208880182415539,0.0
0.3054079032798284,0.17528525808270692,0.0,0.2957757185329982,0.15777484695069316,0.0
0.3054079032798284,0.17528525808270692,0.0,0.3164579912477734,0.15903451665250656,0.0
0.3054079032798284,0.17528525808270692,0.0,0.32508202632398586,0.1768314832543176,0.0
0.3054079032798284,0.17528525808270692,0.0,0.28498412504432413,0.173715280198647,0.0
0.3054079032798284,0.17528525808270692,0.0,0.2942574624549822,0.1915070910332105,0.0
0.3054079032798284,0.17528525808270692,0.0,0.313881240220007,0.1930527249326497,0.0
0.2957757185329982,0.15777484695069316,0.0,0.3164579912477734,0.15903451665250656,0.0
0.2957757185329982,0.15777484695069316,0.0,0.28498412504432413,0.173715280198647,0.0
0.2957757185329982,0.15777484695069316,0.0,0.2751969572021645,0.15589286683044534,0.0
0.2957757185329982,0.15777484695069316,0.0,0.30683592414672084,0.14266598400178407,0.0
0.2957757185329982,0.15777484695069316,0.0,0.28586994180362113,0.14200921664774563,0.0
0.3164579912477734,0.15903451665250656,0.0,0.32508202632398586,0.1768314832543176,0.0
0.3164579912477734,0.15903451665250656,0.0,0.30683592414672084,0.14266598400178407,0.0
0.3164579912477734,0.15903451665250656,0.0,0.32750527061480816,0.1434160008585372,0.0
0.746748861267156,0.15500882082028714,0.0,0.7376551076762897,0.13617720924740212,0.0
0.746748861267156,0.15500882082028714,0.0,0.7556069661331561,0.17279632743917925,0.0
0.746748861267156,0.15500882082028714,0.0,0.7662570067199819,0.15590704394773014,0.0
0.8893274163309547,0.15519391754443518,0.0,0.8813610687678759,0.17292867356731495,0.0
0.8893274163309547,0.15519391754443518,0.0,0.8983299326779753,0.13820128411380816,0.0
0.8893274163309547,0.15519391754443518,0.0,0.9080894405247613,0.1549144290519848,0.0
0.9483887687356939,0.12053773880774941,0.0,0.9657891242778145,0.10944555543203396,0.0
0.9483887687356939,0.12053773880774941,0.0,0.9340996311971248,0.10699261467926623,0.0
0.9483887687356939,0.12053773880774941,0.0,0.9379597431837093,0.1391466638353073,0.0
0.9483887687356939,0.12053773880774941,0.0,0.9275336333787617,0.1220822754262356,0.0
0.9657891242778145,0.10944555543203396,0.0,0.9826794920791039,0.11999982773366058,0.0
0.9657891242778145,0.10944555543203396,0.0,0.9826794922494531,0.09999978801041126,0.0
0.9657891242778145,0.10944555543203396,0.0,0.9654306746901411,0.08990739330881896,0.0
0.01609194321903219,0.03861306168249054,0.0,0.03229039053817508,0.026657794736132515,0.0
0.01609194321903219,0.03861306168249054,0.0,0.0002667555851949112,0.04999961621342852,0.0
0.01609194321903219,0.03861306168249054,0.0,0.0003001000333443396,0.0299995656086538,0.0
0.01609194321903219,0.03861306168249054,0.0,0.014572793966368455,0.023985801832475777,0.0
0.19639785087424846,0.12486836965175893,0.0,0.208589814850617,0.10822245217806546,0.0
0.19639785087424846,0.12486836965175893,0.0,0.18859830324256227,0.10757850162044155,0.0
0.44008932196739986,0.025069718448463285,0.0,0.44945231128078694,0.04296946615187961,0.0
0.44008932196739986,0.025069718448463285,0.0,0.42929204164881735,0.04185862527453804,0.0
0.44008932196739986,0.025069718448463285,0.0,0.4601856236479863,0.02611885365838106,0.0
0.44008932196739986,0.025069718448463285,0.0,0.45101575646421066,0.00816413715253469,0.0
0.44945231128078694,0.04296946615187961,0.0,0.42929204164881735,0.04185862527453804,0.0
0.44945231128078694,0.04296946615187961,0.0,0.4601856236479863,0.02611885365838106,0.0
0.44945231128078694,0.04296946615187961,0.0,0.46967292855525233,0.04380280536181044,0.0
0.9348318617107874,0.17142637224984741,0.0,0.932841283366632,0.18947234017067444,0.0
0.9348318617107874,0.17142637224984741,0.0,0.927248758354517,0.1558948885281403,0.0
0.32508202632398586,0.1768314832543176,0.0,0.313881240220007,0.1930527249326497,0.0
0.32508202632398586,0.1768314832543176,0.0,0.3334679733597575,0.1950146597444102,0.0
0.7376551076762897,0.13617720924740212,0.0,0.7283274643445358,0.11785481595864562,0.0
0.7376551076762897,0.13617720924740212,0.0,0.7180920223052418,0.13491898156483126,0.0
0.730402361679966,0.025932065579743074,0.0,0.7366840405120647,0.006886138895692943,0.0
0.730402361679966,0.025932065579743074,0.0,0.7450619191567407,0.022027152182744418,0.0
0.948638379562202,0.05958905941988919,0.0,0.9662022897434146,0.07090523580794314,0.0
0.948638379562202,0.05958905941988919,0.0,0.937956905010268,0.04150884503230021,0.0
0.948638379562202,0.05958905941988919,0.0,0.9349846597067498,0.0711667882916589,0.0
0.9662022897434146,0.07090523580794314,0.0,0.9654306746901411,0.08990739330881896,0.0
0.9662022897434146,0.07090523580794314,0.0,0.9832147888363106,0.06092686894817284,0.0
0.9662022897434146,0.07090523580794314,0.0,0.9827806568308974,0.08013887883966213,0.0
0.5202561165163465,0.026596783544895083,0.0,0.5000514840273037,0.026964053024635046,0.0
0.5202561165163465,0.026596783544895083,0.0,0.5405107101534031,0.025737401944457356,0.0
0.5202561165163465,0.026596783544895083,0.0,0.5100055502175438,0.009920661115322067,0.0
0.5202561165163465,0.026596783544895083,0.0,0.52967389058882,0.009312373946199074,0.0
0.8153374177782041,0.17603906299792454,0.0,0.7953287097382167,0.17454996027475375,0.0
0.8153374177782041,0.17603906299792454,0.0,0.8040739682388426,0.1922212148074821,0.0
0.8153374177782041,0.17603906299792454,0.0,0.8236791101517987,0.1939886763111289,0.0
0.937956905010268,0.04150884503230021,0.0,0.9495116332379622,0.025180659509911076,0.0
0.937956905010268,0.04150884503230021,0.0,0.9179677616312348,0.03909885104349634,0.0
0.937956905010268,0.04150884503230021,0.0,0.9295441315744714,0.023467235884143227,0.0
0.28498412504432413,0.173715280198647,0.0,0.26508690919458233,0.17315056383034497,0.0
0.28498412504432413,0.173715280198647,0.0,0.2751969572021645,0.15589286683044534,0.0
0.28498412504432413,0.173715280198647,0.0,0.2746002114883518,0.1904740302508034,0.0
0.28498412504432413,0.173715280198647,0.0,0.2942574624549822,0.1915070910332105,0.0
0.22484046976633162,0.17347117373796084,0.0,0.23513572201055505,0.1559362463901402,0.0
0.22484046976633162,0.17347117373796084,0.0,0.24494734848014874,0.17304877297690957,0.0
0.22484046976633162,0.17347117373796084,0.0,0.2352375608496372,0.1901715774166525,0.0
0.22484046976633162,0.17347117373796084,0.0,0.2155675444190997,0.1909215933815534,0.0
0.4601856236479863,0.02611885365838106,0.0,0.48002549973326475,0.026715752209644946,0.0
0.4601856236479863,0.02611885365838106,0.0,0.46967292855525233,0.04380280536181044,0.0
0.4601856236479863,0.02611885365838106,0.0,0.4706592113486415,0.009327541957362202,0.0
0.4601856236479863,0.02611885365838106,0.0,0.45101575646421066,0.00816413715253469,0.0
0.5918094218777944,0.03973966477372983,0.0,0.5802384420942612,0.022748186277701667,0.0
0.5918094218777944,0.03973966477372983,0.0,0.5717049875279516,0.04087912728230518,0.0
0.5918094218777944,0.03973966477372983,0.0,0.6028823248374463,0.056052322636088184,0.0
0.05339486970318395,0.023251779697158623,0.0,0.03229039053817508,0.026657794736132515,0.0
0.05339486970318395,0.023251779697158623,0.0,0.04797104546535365,0.03957206862265745,0.0
0.05339486970318395,0.023251779697158623,0.0,0.03966574598938317,0.008782826137347459,0.0
0.05339486970318395,0.023251779697158623,0.0,0.05929147710330632,0.007349946665058783,0.0
0.03229039053817508,0.026657794736132515,0.0,0.04797104546535365,0.03957206862265745,0.0
0.03229039053817508,0.026657794736132515,0.0,0.020008640861375715,0.009685163010529118,0.0
0.03229039053817508,0.026657794736132515,0.0,0.03966574598938317,0.008782826137347459,0.0
0.03229039053817508,0.026657794736132515,0.0,0.014572793966368455,0.023985801832475777,0.0
0.04797104546535365,0.03957206862265745,0.0,0.05963236637876137,0.05431550423550264,0.0
0.8881579511878936,0.05273889368212876,0.0,0.8787576220133803,0.03502097294547257,0.0
0.8881579511878936,0.05273889368212876,0.0,0.8980874334699516,0.03685056170529318,0.0
0.012444546269721897,0.13999079280612278,0.0,0.0001333777925972035,0.12999981231440083,0.0
0.012444546269721897,0.13999079280612278,0.0,0.0001000333444479161,0.14999986005289045,0.0
0.7556069661331561,0.17279632743917925,0.0,0.7450787942757616,0.1900191158835712,0.0
0.7556069661331561,0.17279632743917925,0.0,0.7647624404709625,0.1901715774472619,0.0
0.7556069661331561,0.17279632743917925,0.0,0.7753583805962856,0.17347133390891942,0.0
0.7556069661331561,0.17279632743917925,0.0,0.7662570067199819,0.15590704394773014,0.0
0.36775506513754225,0.14569050662152727,0.0,0.35831660440657387,0.1281963546198484,0.0
0.36775506513754225,0.14569050662152727,0.0,0.3782405240219988,0.12868310185578072,0.0
0.36775506513754225,0.14569050662152727,0.0,0.3879244219511263,0.14618369374848886,0.0
0.36775506513754225,0.14569050662152727,0.0,0.3475715217209394,0.14451731414713417,0.0
0.9340996311971248,0.10699261467926623,0.0,0.9180059231353107,0.10460968474781972,0.0
0.9340996311971248,0.10699261467926623,0.0,0.9275336333787617,0.1220822754262356,0.0
0.26508690919458233,0.17315056383034497,0.0,0.2751969572021645,0.15589286683044534,0.0
0.26508690919458233,0.17315056383034497,0.0,0.24494734848014874,0.17304877297690957,0.0
0.26508690919458233,0.17315056383034497,0.0,0.2746002114883518,0.1904740302508034,0.0
0.26508690919458233,0.17315056383034497,0.0,0.25518408570395895,0.15580636862552563,0.0
0.26508690919458233,0.17315056383034497,0.0,0.2549212071454445,0.1900191158946087,0.0
0.2751969572021645,0.15589286683044534,0.0,0.28586994180362113,0.14200921664774563,0.0
0.2751969572021645,0.15589286683044534,0.0,0.25518408570395895,0.15580636862552563,0.0
0.2751969572021645,0.15589286683044534,0.0,0.2654237217529264,0.1418270267609177,0.0
0.2976838159615535,0.12622346024361722,0.0,0.30683592414672084,0.14266598400178407,0.0
0.2976838159615535,0.12622346024361722,0.0,0.28586994180362113,0.14200921664774563,0.0
0.2976838159615535,0.12622346024361722,0.0,0.3182562727109249,0.12727673951017304,0.0
0.2976838159615535,0.12622346024361722,0.0,0.3085726960815611,0.11007275943939318,0.0
0.2976838159615535,0.12622346024361722,0.0,0.2885761343600504,0.1097019149224868,0.0
0.2976838159615535,0.12622346024361722,0.0,0.27737627588491465,0.12616704876409388,0.0
0.30683592414672084,0.14266598400178407,0.0,0.28586994180362113,0.14200921664774563,0.0
0.30683592414672084,0.14266598400178407,0.0,0.3182562727109249,0.12727673951017304,0.0
0.30683592414672084,0.14266598400178407,0.0,0.32750527061480816,0.1434160008585372,0.0
0.28586994180362113,0.14200921664774563,0.0,0.27737627588491465,0.12616704876409388,0.0
0.28586994180362113,0.14200921664774563,0.0,0.2654237217529264,0.1418270267609177,0.0
0.9495116332379622,0.025180659509911076,0.0,0.9606671032024757,0.008802745455942564,0.0
0.9495116332379622,0.025180659509911076,0.0,0.9410407692834302,0.007378191148046086,0.0
0.9495116332379622,0.025180659509911076,0.0,0.9295441315744714,0.023467235884143227,0.0
0.23513572201055505,0.1559362463901402,0.0,0.24494734848014874,0.17304877297690957,0.0
0.23513572201055505,0.1559362463901402,0.0,0.25518408570395895,0.15580636862552563,0.0
0.23513572201055505,0.1559362463901402,0.0,0.24533226549444137,0.14174322762618907,0.0
0.48002549973326475,0.026715752209644946,0.0,0.46967292855525233,0.04380280536181044,0.0
0.48002549973326475,0.026715752209644946,0.0,0.5000514840273037,0.026964053024635046,0.0
0.48002549973326475,0.026715752209644946,0.0,0.4706592113486415,0.009327541957362202,0.0
0.48002549973326475,0.026715752209644946,0.0,0.4897981760637678,0.04415591740501523,0.0
0.48002549973326475,0.026715752209644946,0.0,0.4903278569304189,0.009925828033246084,0.0
0.46967292855525233,0.04380280536181044,0.0,0.4897981760637678,0.04415591740501523,0.0
0.46967292855525233,0.04380280536181044,0.0,0.4794835367384739,0.061277715330303,0.0
0.22772426996224757,0.0073558159434956435,0.0,0.22014836131275486,0.024031710061217414,0.0
0.22772426996224757,0.0073558159434956435,0.0,0.23946261590505424,0.02392838014064011,0.0
0.22772426996224757,0.0073558159434956435,0.0,0.24698742612248095,0.006562294473335887,0.0
0.22772426996224757,0.0073558159434956435,0.0,0.21582870670971163,-0.009092517688744146,0.0
0.22772426996224757,0.0073558159434956435,0.0,0.20774423503874398,0.008037802700394933,0.0
0.22772426996224757,0.0073558159434956435,0.0,0.2354924791560106,-0.009834679268738286,0.0
0.22014836131275486,0.024031710061217414,0.0,0.23946261590505424,0.02392838014064011,0.0
0.22014836131275486,0.024031710061217414,0.0,0.22986732860855583,0.03932189973441582,0.0
0.22014836131275486,0.024031710061217414,0.0,0.20986482476250942,0.039272343629253297,0.0
0.22014836131275486,0.024031710061217414,0.0,0.20774423503874398,0.008037802700394933,0.0
0.22014836131275486,0.024031710061217414,0.0,0.19992615410323952,0.024408420655320298,0.0
0.23946261590505424,0.02392838014064011,0.0,0.24698742612248095,0.006562294473335887,0.0
0.23946261590505424,0.02392838014064011,0.0,0.22986732860855583,0.03932189973441582,0.0
0.23946261590505424,0.02392838014064011,0.0,0.24985700412495518,0.04006518776406843,0.0
0.3181973892296009,0.024738644941223322,0.0,0.3242183330737848,0.0091811089909401,0.0
0.3181973892296009,0.024738644941223322,0.0,0.33425062368769415,0.02560732693453748,0.0
0.3181973892296009,0.024738644941223322,0.0,0.30980130103817344,0.041350243814992894,0.0
0.7953287097382167,0.17454996027475375,0.0,0.7753583805962856,0.17347133390891942,0.0
0.7953287097382167,0.17454996027475375,0.0,0.7861100255752791,0.15671815537166928,0.0
0.7953287097382167,0.17454996027475375,0.0,0.8040739682388426,0.1922212148074821,0.0
0.7953287097382167,0.17454996027475375,0.0,0.7844324567857922,0.1909215934450424,0.0
0.17314141917588083,0.16010081523080585,0.0,0.16469458136884788,0.1781040911391606,0.0
0.17314141917588083,0.16010081523080585,0.0,0.15290666828202157,0.16209438721941052,0.0
0.17314141917588083,0.16010081523080585,0.0,0.18461772080339386,0.1761176911694942,0.0
0.16469458136884788,0.1781040911391606,0.0,0.15290666828202157,0.16209438721941052,0.0
0.16469458136884788,0.1781040911391606,0.0,0.18461772080339386,0.1761176911694942,0.0
0.16469458136884788,0.1781040911391606,0.0,0.14496577242604872,0.180291809107884,0.0
0.16469458136884788,0.1781040911391606,0.0,0.1763208908223542,0.1939886762133007,0.0
0.16469458136884788,0.1781040911391606,0.0,0.1567512396874989,0.1961150489967212,0.0
0.15290666828202157,0.16209438721941052,0.0,0.13298568215042714,0.16434201469477056,0.0
0.15290666828202157,0.16209438721941052,0.0,0.14496577242604872,0.180291809107884,0.0
0.24494734848014874,0.17304877297690957,0.0,0.25518408570395895,0.15580636862552563,0.0
0.24494734848014874,0.17304877297690957,0.0,0.2549212071454445,0.1900191158946087,0.0
0.24494734848014874,0.17304877297690957,0.0,0.2352375608496372,0.1901715774166525,0.0
0.5000514840273037,0.026964053024635046,0.0,0.4897981760637678,0.04415591740501523,0.0
0.5000514840273037,0.026964053024635046,0.0,0.4903278569304189,0.009925828033246084,0.0
0.5000514840273037,0.026964053024635046,0.0,0.5100055502175438,0.009920661115322067,0.0
0.03206886992939379,0.07021709689847079,0.0,0.049686438291961746,0.07059454723721174,0.0
0.8627921253644149,0.1984719234020252,0.0,0.8823244412923026,0.2009191174150899,0.0
0.8627921253644149,0.1984719234020252,0.0,0.8432487611881002,0.1961150490981094,0.0
0.8627921253644149,0.1984719234020252,0.0,0.8772077946336483,0.18708255805117696,0.0
0.7450787942757616,0.1900191158835712,0.0,0.7647624404709625,0.1901715774472619,0.0
0.5802384420942612,0.022748186277701667,0.0,0.5717049875279516,0.04087912728230518,0.0
0.5802384420942612,0.022748186277701667,0.0,0.5884957298013347,0.004427664164465852,0.0
0.5802384420942612,0.022748186277701667,0.0,0.5604282723206566,0.024368439247671916,0.0
0.5802384420942612,0.022748186277701667,0.0,0.568924518379982,0.006477389651928382,0.0
0.2746002114883518,0.1904740302508034,0.0,0.2942574624549822,0.1915070910332105,0.0
0.2746002114883518,0.1904740302508034,0.0,0.2549212071454445,0.1900191158946087,0.0
0.5405107101534031,0.025737401944457356,0.0,0.5604282723206566,0.024368439247671916,0.0
0.5405107101534031,0.025737401944457356,0.0,0.52967389058882,0.009312373946199074,0.0
0.5405107101534031,0.025737401944457356,0.0,0.5493168110657788,0.008139934948889678,0.0
0.4706592113486415,0.009327541957362202,0.0,0.45101575646421066,0.00816413715253469,0.0
0.4706592113486415,0.009327541957362202,0.0,0.4903278569304189,0.009925828033246084,0.0
0.9606671032024757,0.008802745455942564,0.0,0.9410407692834302,0.007378191148046086,0.0
0.9606671032024757,0.008802745455942564,0.0,0.9803246435048852,0.009695498006091317,0.0
0.8787576220133803,0.03502097294547257,0.0,0.871017081073536,0.016694234197675066,0.0
0.8787576220133803,0.03502097294547257,0.0,0.859510516118774,0.033752545221344556,0.0
0.8787576220133803,0.03502097294547257,0.0,0.8902132901041092,0.019102211880246335,0.0
0.8787576220133803,0.03502097294547257,0.0,0.8980874334699516,0.03685056170529318,0.0
0.871017081073536,0.016694234197675066,0.0,0.859510516118774,0.033752545221344556,0.0
0.871017081073536,0.016694234197675066,0.0,0.8902132901041092,0.019102211880246335,0.0
0.871017081073536,0.016694234197675066,0.0,0.882363374642182,0.0009235896502928226,0.0
0.859510516118774,0.033752545221344556,0.0,0.8493502718987523,0.05066095558508856,0.0
0.34243548765717113,0.012160499640032109,0.0,0.3242183330737848,0.0091811089909401,0.0
0.34243548765717113,0.012160499640032109,0.0,0.33425062368769415,0.02560732693453748,0.0
0.34243548765717113,0.012160499640032109,0.0,0.3336889668546667,-0.004961646493700745,0.0
0.34243548765717113,0.012160499640032109,0.0,0.3532370862864959,-0.0027012448160677154,0.0
0.3242183330737848,0.0091811089909401,0.0,0.33425062368769415,0.02560732693453748,0.0
0.3242183330737848,0.0091811089909401,0.0,0.3336889668546667,-0.004961646493700745,0.0
0.3242183330737848,0.0091811089909401,0.0,0.31410914834486564,-0.006927045744862864,0.0
0.24698742612248095,0.006562294473335887,0.0,0.2354924791560106,-0.009834679268738286,0.0
0.24698742612248095,0.006562294473335887,0.0,0.2551696485148928,-0.009979304494318436,0.0
0.022022953923443292,0.1877115932938327,0.0,3.334444814934153e-05,0.18999995399487002,0.0
0.022022953923443292,0.1877115932938327,0.0,0.014343820389090494,0.17476613551576675,0.0
0.022022953923443292,0.1877115932938327,0.0,0.01968189381931244,0.2096956954280177,0.0
0.022022953923443292,0.1877115932938327,0.0,0.011954362844261044,0.1977560968677683,0.0
0.18461772080339386,0.1761176911694942,0.0,0.1959260328513177,0.1922212147213933,0.0
0.18461772080339386,0.1761176911694942,0.0,0.1763208908223542,0.1939886762133007,0.0
0.7366840405120647,0.006886138895692943,0.0,0.7450619191567407,0.022027152182744418,0.0
0.7366840405120647,0.006886138895692943,0.0,0.745163786991027,-0.009981937001538429,0.0
0.5717049875279516,0.04087912728230518,0.0,0.5604282723206566,0.024368439247671916,0.0
0.5884957298013347,0.004427664164465852,0.0,0.6080377684896421,0.002115033206519905,0.0
0.5884957298013347,0.004427664164465852,0.0,0.568924518379982,0.006477389651928382,0.0
0.7647624404709625,0.1901715774472619,0.0,0.7753583805962856,0.17347133390891942,0.0
0.7647624404709625,0.1901715774472619,0.0,0.7844324567857922,0.1909215934450424,0.0
0.25518408570395895,0.15580636862552563,0.0,0.24533226549444137,0.14174322762618907,0.0
0.25518408570395895,0.15580636862552563,0.0,0.2654237217529264,0.1418270267609177,0.0
0.7753583805962856,0.17347133390891942,0.0,0.7861100255752791,0.15671815537166928,0.0
0.7753583805962856,0.17347133390891942,0.0,0.7662570067199819,0.15590704394773014,0.0
0.7753583805962856,0.17347133390891942,0.0,0.7844324567857922,0.1909215934450424,0.0
0.7861100255752791,0.15671815537166928,0.0,0.7662570067199819,0.15590704394773014,0.0
0.8040739682388426,0.1922212148074821,0.0,0.8236791101517987,0.1939886763111289,0.0
0.8040739682388426,0.1922212148074821,0.0,0.7844324567857922,0.1909215934450424,0.0
0.4897981760637678,0.04415591740501523,0.0,0.4995475538281219,0.06158315637749953,0.0
0.4897981760637678,0.04415591740501523,0.0,0.4794835367384739,0.061277715330303,0.0
0.932841283366632,0.18947234017067444,0.0,0.921425379683128,0.2055086350647987,0.0
0.932841283366632,0.18947234017067444,0.0,0.9410212191544387,0.2073769316668632,0.0
0.932841283366632,0.18947234017067444,0.0,0.9509069627790152,0.1954074866346174,0.0
0.2942574624549822,0.1915070910332105,0.0,0.313881240220007,0.1930527249326497,0.0
0.9410407692834302,0.007378191148046086,0.0,0.9295441315744714,0.023467235884143227,0.0
0.9410407692834302,0.007378191148046086,0.0,0.921451396731768,0.005510964229084138,0.0
0.8902132901041092,0.019102211880246335,0.0,0.8980874334699516,0.03685056170529318,0.0
0.8902132901041092,0.019102211880246335,0.0,0.9097723035145039,0.021348711982958308,0.0
0.8902132901041092,0.019102211880246335,0.0,0.882363374642182,0.0009235896502928226,0.0
0.8902132901041092,0.019102211880246335,0.0,0.9018959214034892,0.003315459975780423,0.0
0.8980874334699516,0.03685056170529318,0.0,0.9179677616312348,0.03909885104349634,0.0
0.8980874334699516,0.03685056170529318,0.0,0.9097723035145039,0.021348711982958308,0.0
0.5604282723206566,0.024368439247671916,0.0,0.568924518379982,0.006477389651928382,0.0
0.5604282723206566,0.024368439247671916,0.0,0.5493168110657788,0.008139934948889678,0.0
0.313881240220007,0.1930527249326497,0.0,0.3334679733597575,0.1950146597444102,0.0
0.568924518379982,0.006477389651928382,0.0,0.5493168110657788,0.008139934948889678,0.0
0.8236791101517987,0.1939886763111289,0.0,0.8432487611881002,0.1961150490981094,0.0
0.3334679733597575,0.1950146597444102,0.0,0.3530228816138251,0.1972732469543295,0.0
0.8813610687678759,0.17292867356731495,0.0,0.8772077946336483,0.18708255805117696,0.0
0.13298568215042714,0.16434201469477056,0.0,0.11376093110450884,0.16727941800100674,0.0
0.13298568215042714,0.16434201469477056,0.0,0.12540889879310924,0.18278217466493482,0.0
0.13298568215042714,0.16434201469477056,0.0,0.12108692837998099,0.14971564418627073,0.0
0.13298568215042714,0.16434201469477056,0.0,0.14496577242604872,0.180291809107884,0.0
0.11376093110450884,0.16727941800100674,0.0,0.12540889879310924,0.18278217466493482,0.0
0.11376093110450884,0.16727941800100674,0.0,0.12108692837998099,0.14971564418627073,0.0
0.11376093110450884,0.16727941800100674,0.0,0.10578074514277934,0.18550982580947256,0.0
0.12540889879310924,0.18278217466493482,0.0,0.14496577242604872,0.180291809107884,0.0
0.12540889879310924,0.18278217466493482,0.0,0.10578074514277934,0.18550982580947256,0.0
0.12540889879310924,0.18278217466493482,0.0,0.1176755593694548,0.2009191173322832,0.0
0.12540889879310924,0.18278217466493482,0.0,0.1372078753933555,0.1984719233079192,0.0
0.4995475538281219,0.06158315637749953,0.0,0.5091789647848599,0.07913388196085061,0.0
0.4995475538281219,0.06158315637749953,0.0,0.4891986856828007,0.07876144658150068,0.0
0.4995475538281219,0.06158315637749953,0.0,0.4794835367384739,0.061277715330303,0.0
0.5091789647848599,0.07913388196085061,0.0,0.49889510631626993,0.09624822482809094,0.0
0.5091789647848599,0.07913388196085061,0.0,0.4891986856828007,0.07876144658150068,0.0
0.5091789647848599,0.07913388196085061,0.0,0.5189867749091482,0.09656326710672479,0.0
0.48855343758965336,0.11339302077490887,0.0,0.49889510631626993,0.09624822482809094,0.0
0.48855343758965336,0.11339302077490887,0.0,0.4788729790530572,0.09589355007338692,0.0
0.48855343758965336,0.11339302077490887,0.0,0.5085891293057236,0.1137407963979019,0.0
0.48855343758965336,0.11339302077490887,0.0,0.49823467311712033,0.1308935619302125,0.0
0.48855343758965336,0.11339302077490887,0.0,0.47822652252292985,0.13053023754510268,0.0
0.48855343758965336,0.11339302077490887,0.0,0.4685459723789602,0.11302989847293088,0.0
0.49889510631626993,0.09624822482809094,0.0,0.4788729790530572,0.09589355007338692,0.0
0.49889510631626993,0.09624822482809094,0.0,0.4891986856828007,0.07876144658150068,0.0
0.49889510631626993,0.09624822482809094,0.0,0.5189867749091482,0.09656326710672479,0.0
0.49889510631626993,0.09624822482809094,0.0,0.5085891293057236,0.1137407963979019,0.0
0.4788729790530572,0.09589355007338692,0.0,0.4891986856828007,0.07876144658150068,0.0
0.4788729790530572,0.09589355007338692,0.0,0.45886721345506787,0.0955315204821913,0.0
0.4788729790530572,0.09589355007338692,0.0,0.4685459723789602,0.11302989847293088,0.0
0.4788729790530572,0.09589355007338692,0.0,0.46917745892404983,0.07839718970518147,0.0
0.4891986856828007,0.07876144658150068,0.0,0.46917745892404983,0.07839718970518147,0.0
0.4891986856828007,0.07876144658150068,0.0,0.4794835367384739,0.061277715330303,0.0
0.6028823248374463,0.056052322636088184,0.0,0.6226823747468121,0.054519182009569706,0.0
0.6028823248374463,0.056052322636088184,0.0,0.614808812554179,0.07196879761778624,0.0
0.0002334111370453746,0.06999966610617732,0.0,0.0002667555851949112,0.04999961621342852,0.0
0.0002334111370453746,0.06999966610617732,0.0,0.0002000666888959734,0.08999971537404049,0.0
0.0001667222407464953,0.10999976411905585,0.0,0.0002000666888959734,0.08999971537404049,0.0
0.0001667222407464953,0.10999976411905585,0.0,0.0001333777925972035,0.12999981231440083,0.0
0.5189867749091482,0.09656326710672479,0.0,0.5287087575643827,0.1140423080301245,0.0
0.5189867749091482,0.09656326710672479,0.0,0.5085891293057236,0.1137407963979019,0.0
0.0002667555851949112,0.04999961621342852,0.0,0.0003001000333443396,0.0299995656086538,0.0
0.0003001000333443396,0.0299995656086538,0.0,0.0003334444760045743,0.009999513772905304,0.0
0.0003001000333443396,0.0299995656086538,0.0,0.014572793966368455,0.023985801832475777,0.0
0.0001333777925972035,0.12999981231440083,0.0,0.0001000333444479161,0.14999986005289045,0.0
6.668889629864687e-05,0.16999990731703848,0.0,0.0001000333444479161,0.14999986005289045,0.0
6.668889629864687e-05,0.16999990731703848,0.0,3.334444814934153e-05,0.18999995399487002,0.0
6.668889629864687e-05,0.16999990731703848,0.0,0.014343820389090494,0.17476613551576675,0.0
0.6226823747468121,0.054519182009569706,0.0,0.614808812554179,0.07196879761778624,0.0
0.6226823747468121,0.054519182009569706,0.0,0.6425429622631359,0.0524158920672489,0.0
0.6226823747468121,0.054519182009569706,0.0,0.6349860498760108,0.06925586541416504,0.0
0.5287087575643827,0.1140423080301245,0.0,0.5487126597473838,0.11440818056978488,0.0
0.5287087575643827,0.1140423080301245,0.0,0.5085891293057236,0.1137407963979019,0.0
0.5287087575643827,0.1140423080301245,0.0,0.5182539656624211,0.1312507173313436,0.0
0.5287087575643827,0.1140423080301245,0.0,0.5382305126196125,0.13163165435701998,0.0
0.614808812554179,0.07196879761778624,0.0,0.6349860498760108,0.06925586541416504,0.0
0.614808812554179,0.07196879761778624,0.0,0.6277849028187678,0.08560789993667105,0.0
0.614808812554179,0.07196879761778624,0.0,0.6084379816079906,0.08517842249977987,0.0
0.5487126597473838,0.11440818056978488,0.0,0.5687235530348916,0.11469237306018887,0.0
0.5487126597473838,0.11440818056978488,0.0,0.5582097543444879,0.13201106395166867,0.0
0.5487126597473838,0.11440818056978488,0.0,0.5382305126196125,0.13163165435701998,0.0
0.5085891293057236,0.1137407963979019,0.0,0.5182539656624211,0.1312507173313436,0.0
0.5085891293057236,0.1137407963979019,0.0,0.49823467311712033,0.1308935619302125,0.0
0.6425429622631359,0.0524158920672489,0.0,0.6625803232500198,0.050909265206683485,0.0
0.6425429622631359,0.0524158920672489,0.0,0.6349860498760108,0.06925586541416504,0.0
0.5182539656624211,0.1312507173313436,0.0,0.49823467311712033,0.1308935619302125,0.0
0.5182539656624211,0.1312507173313436,0.0,0.5079067418480796,0.14839937552268703,0.0
0.5182539656624211,0.1312507173313436,0.0,0.5279023246696722,0.14876970829764882,0.0
0.5182539656624211,0.1312507173313436,0.0,0.5382305126196125,0.13163165435701998,0.0
0.49823467311712033,0.1308935619302125,0.0,0.5079067418480796,0.14839937552268703,0.0
0.49823467311712033,0.1308935619302125,0.0,0.487905377081214,0.1480322621047226,0.0
0.49823467311712033,0.1308935619302125,0.0,0.47822652252292985,0.13053023754510268,0.0
0.5687235530348916,0.11469237306018887,0.0,0.5582097543444879,0.13201106395166867,0.0
0.5687235530348916,0.11469237306018887,0.0,0.588664341074057,0.115033764091398,0.0
0.5687235530348916,0.11469237306018887,0.0,0.578268422556804,0.1322985686446481,0.0
0.5582097543444879,0.13201106395166867,0.0,0.578268422556804,0.1322985686446481,0.0
0.5582097543444879,0.13201106395166867,0.0,0.567887809791628,0.1495135349247523,0.0
0.5582097543444879,0.13201106395166867,0.0,0.5382305126196125,0.13163165435701998,0.0
0.5582097543444879,0.13201106395166867,0.0,0.5478967194641509,0.14907302704466713,0.0
0.5079067418480796,0.14839937552268703,0.0,0.487905377081214,0.1480322621047226,0.0
0.5079067418480796,0.14839937552268703,0.0,0.5279023246696722,0.14876970829764882,0.0
0.5079067418480796,0.14839937552268703,0.0,0.5175761271995492,0.16590667116842883,0.0
0.5079067418480796,0.14839937552268703,0.0,0.49757954569311874,0.16553689658200652,0.0
0.487905377081214,0.1480322621047226,0.0,0.47822652252292985,0.13053023754510268,0.0
0.487905377081214,0.1480322621047226,0.0,0.46790607020827707,0.14766400716735048,0.0
0.487905377081214,0.1480322621047226,0.0,0.47759093156209254,0.1647479944042821,0.0
0.487905377081214,0.1480322621047226,0.0,0.49757954569311874,0.16553689658200652,0.0
0.588664341074057,0.115033764091398,0.0,0.5989552647704969,0.09888612208131843,0.0
0.588664341074057,0.115033764091398,0.0,0.6085633356427236,0.11571064404052578,0.0
0.588664341074057,0.115033764091398,0.0,0.5982331458232603,0.13273034409520004,0.0
0.588664341074057,0.115033764091398,0.0,0.578268422556804,0.1322985686446481,0.0
0.5279023246696722,0.14876970829764882,0.0,0.5175761271995492,0.16590667116842883,0.0
0.5279023246696722,0.14876970829764882,0.0,0.5375806281825639,0.16586597682097973,0.0
0.5279023246696722,0.14876970829764882,0.0,0.5382305126196125,0.13163165435701998,0.0
0.5279023246696722,0.14876970829764882,0.0,0.5478967194641509,0.14907302704466713,0.0
0.5175761271995492,0.16590667116842883,0.0,0.5375806281825639,0.16586597682097973,0.0
0.5175761271995492,0.16590667116842883,0.0,0.49757954569311874,0.16553689658200652,0.0
0.5175761271995492,0.16590667116842883,0.0,0.507498463320454,0.1786959129971971,0.0
0.5175761271995492,0.16590667116842883,0.0,0.5274549729096477,0.17906381340938596,0.0
0.47822652252292985,0.13053023754510268,0.0,0.46790607020827707,0.14766400716735048,0.0
0.47822652252292985,0.13053023754510268,0.0,0.4582275587396464,0.13016179253588714,0.0
0.47822652252292985,0.13053023754510268,0.0,0.4685459723789602,0.11302989847293088,0.0
0.5989552647704969,0.09888612208131843,0.0,0.6085633356427236,0.11571064404052578,0.0
0.5989552647704969,0.09888612208131843,0.0,0.6188360167190127,0.09947945117166523,0.0
0.5989552647704969,0.09888612208131843,0.0,0.6084379816079906,0.08517842249977987,0.0
0.5375806281825639,0.16586597682097973,0.0,0.5478967194641509,0.14907302704466713,0.0
0.5375806281825639,0.16586597682097973,0.0,0.5574400207542167,0.16497590346575336,0.0
0.5375806281825639,0.16586597682097973,0.0,0.5274549729096477,0.17906381340938596,0.0
0.5375806281825639,0.16586597682097973,0.0,0.5473785488990087,0.17865366039587252,0.0
0.6085633356427236,0.11571064404052578,0.0,0.6188360167190127,0.09947945117166523,0.0
0.6085633356427236,0.11571064404052578,0.0,0.5982331458232603,0.13273034409520004,0.0
0.6085633356427236,0.11571064404052578,0.0,0.6285243476742595,0.11616886572772324,0.0
0.6085633356427236,0.11571064404052578,0.0,0.6182140526434305,0.13308275339422884,0.0
0.46790607020827707,0.14766400716735048,0.0,0.47759093156209254,0.1647479944042821,0.0
0.46790607020827707,0.14766400716735048,0.0,0.4582275587396464,0.13016179253588714,0.0
0.46790607020827707,0.14766400716735048,0.0,0.44790863745420456,0.14729470906468878,0.0
0.46790607020827707,0.14766400716735048,0.0,0.4575997801650906,0.16407840549194366,0.0
1.0,0.16999992487598767,0.0,0.9831730575389273,0.17914506130632193,0.0
1.0,0.16999992487598767,0.0,0.9826794918102738,0.15999990565789426,0.0
1.0,0.16999992487598767,0.0,1.0,0.14999988643984621,0.0
1.0,0.16999992487598767,0.0,1.0,0.18999996285634568,0.0
0.9831730575389273,0.17914506130632193,0.0,0.9826794918102738,0.15999990565789426,0.0
0.9831730575389273,0.17914506130632193,0.0,1.0,0.18999996285634568,0.0
0.9826794918102738,0.15999990565789426,0.0,1.0,0.14999988643984621,0.0
1.0,0.10999980798915991,0.0,1.0,0.12999984747810875,0.0
1.0,0.10999980798915991,0.0,0.9826794920791039,0.11999982773366058,0.0
1.0,0.10999980798915991,0.0,0.9826794922494531,0.09999978801041126,0.0
1.0,0.10999980798915991,0.0,1.0,0.0899997680316746,0.0
1.0,0.12999984747810875,0.0,0.9826794920791039,0.11999982773366058,0.0
1.0,0.12999984747810875,0.0,1.0,0.14999988643984621,0.0
0.9826794920791039,0.11999982773366058,0.0,0.9826794922494531,0.09999978801041126,0.0
0.9826794922494531,0.09999978801041126,0.0,0.9654306746901411,0.08990739330881896,0.0
0.9826794922494531,0.09999978801041126,0.0,1.0,0.0899997680316746,0.0
0.9826794922494531,0.09999978801041126,0.0,0.9827806568308974,0.08013887883966213,0.0
0.6188360167190127,0.09947945117166523,0.0,0.6285243476742595,0.11616886572772324,0.0
0.6188360167190127,0.09947945117166523,0.0,0.638821874521347,0.09986589140962897,0.0
0.6188360167190127,0.09947945117166523,0.0,0.6277849028187678,0.08560789993667105,0.0
0.6188360167190127,0.09947945117166523,0.0,0.6084379816079906,0.08517842249977987,0.0
0.5982331458232603,0.13273034409520004,0.0,0.5878919310065284,0.1498103320531681,0.0
0.5982331458232603,0.13273034409520004,0.0,0.6182140526434305,0.13308275339422884,0.0
0.5982331458232603,0.13273034409520004,0.0,0.607895982649671,0.14983547799942953,0.0
0.5982331458232603,0.13273034409520004,0.0,0.578268422556804,0.1322985686446481,0.0
0.47759093156209254,0.1647479944042821,0.0,0.4575997801650906,0.16407840549194366,0.0
0.47759093156209254,0.1647479944042821,0.0,0.49757954569311874,0.16553689658200652,0.0
0.47759093156209254,0.1647479944042821,0.0,0.48734318166069235,0.17822654077632707,0.0
0.47759093156209254,0.1647479944042821,0.0,0.46736087268593685,0.1770849367014725,0.0
0.4582275587396464,0.13016179253588714,0.0,0.44790863745420456,0.14729470906468878,0.0
0.4582275587396464,0.13016179253588714,0.0,0.4382304384266428,0.12979232068676708,0.0
0.4582275587396464,0.13016179253588714,0.0,0.44854893909781773,0.11265963819304066,0.0
0.4582275587396464,0.13016179253588714,0.0,0.4685459723789602,0.11302989847293088,0.0
1.0,0.18999996285634568,0.0,1.0,0.21,0.0
0.44790863745420456,0.14729470906468878,0.0,0.4382304384266428,0.12979232068676708,0.0
0.44790863745420456,0.14729470906468878,0.0,0.42791182429665164,0.14692506641650777,0.0
0.44790863745420456,0.14729470906468878,0.0,0.4375998777095648,0.16388357169113127,0.0
0.44790863745420456,0.14729470906468878,0.0,0.4575997801650906,0.16407840549194366,0.0
0.6285243476742595,0.11616886572772324,0.0,0.638821874521347,0.09986589140962897,0.0
0.6285243476742595,0.11616886572772324,0.0,0.6485132136050349,0.11655616284632979,0.0
0.6285243476742595,0.11616886572772324,0.0,0.6381960798316538,0.13349018388067405,0.0
0.6285243476742595,0.11616886572772324,0.0,0.6182140526434305,0.13308275339422884,0.0
0.7794456584441991,0.06682232261987504,0.0,0.7605475421145825,0.06695736820736847,0.0
0.7794456584441991,0.06682232261987504,0.0,0.7898796630006343,0.04954737645023851,0.0
0.7794456584441991,0.06682232261987504,0.0,0.7691253678399362,0.08394260079176125,0.0
0.7794456584441991,0.06682232261987504,0.0,0.7994370144029954,0.06721513973572495,0.0
0.7794456584441991,0.06682232261987504,0.0,0.7890957414947117,0.08439328068115971,0.0
0.7605475421145825,0.06695736820736847,0.0,0.7491310425482226,0.08359729807974675,0.0
0.7605475421145825,0.06695736820736847,0.0,0.7691253678399362,0.08394260079176125,0.0
0.7187953151156241,0.10045325481346028,0.0,0.7388095705619074,0.10074328311612271,0.0
0.7187953151156241,0.10045325481346028,0.0,0.7283274643445358,0.11785481595864562,0.0
0.7187953151156241,0.10045325481346028,0.0,0.7084990104514085,0.1174823922706532,0.0
0.7187953151156241,0.10045325481346028,0.0,0.6988239341682289,0.10009563630548596,0.0
0.7187953151156241,0.10045325481346028,0.0,0.7291096411394768,0.08331853511047367,0.0
0.7187953151156241,0.10045325481346028,0.0,0.7089818156773421,0.0834150937376247,0.0
0.7388095705619074,0.10074328311612271,0.0,0.7283274643445358,0.11785481595864562,0.0
0.7388095705619074,0.10074328311612271,0.0,0.7491310425482226,0.08359729807974675,0.0
0.7388095705619074,0.10074328311612271,0.0,0.7291096411394768,0.08331853511047367,0.0
0.7388095705619074,0.10074328311612271,0.0,0.7587677936028089,0.10105723163440089,0.0
0.7283274643445358,0.11785481595864562,0.0,0.7084990104514085,0.1174823922706532,0.0
0.7283274643445358,0.11785481595864562,0.0,0.7180920223052418,0.13491898156483126,0.0
0.7898796630006343,0.04954737645023851,0.0,0.7994370144029954,0.06721513973572495,0.0
0.7898796630006343,0.04954737645023851,0.0,0.8097652851710803,0.05005795580468073,0.0
0.9654306746901411,0.08990739330881896,0.0,0.9827806568308974,0.08013887883966213,0.0
0.7491310425482226,0.08359729807974675,0.0,0.7691253678399362,0.08394260079176125,0.0
0.7491310425482226,0.08359729807974675,0.0,0.7291096411394768,0.08331853511047367,0.0
0.7491310425482226,0.08359729807974675,0.0,0.7587677936028089,0.10105723163440089,0.0
0.7691253678399362,0.08394260079176125,0.0,0.7890957414947117,0.08439328068115971,0.0
0.7691253678399362,0.08394260079176125,0.0,0.7587677936028089,0.10105723163440089,0.0
0.7084990104514085,0.1174823922706532,0.0,0.6988239341682289,0.10009563630548596,0.0
0.7084990104514085,0.1174823922706532,0.0,0.6885054241828252,0.11723123986338593,0.0
0.7084990104514085,0.1174823922706532,0.0,0.6981854000355138,0.13462395520256584,0.0
0.7084990104514085,0.1174823922706532,0.0,0.7180920223052418,0.13491898156483126,0.0
0.8090994475675981,0.08476802297491566,0.0,0.8194414179631608,0.06758621544926097,0.0
0.8090994475675981,0.08476802297491566,0.0,0.7994370144029954,0.06721513973572495,0.0
0.8090994475675981,0.08476802297491566,0.0,0.7890957414947117,0.08439328068115971,0.0
0.8090994475675981,0.08476802297491566,0.0,0.8291235627493315,0.08519301616095794,0.0
0.8194414179631608,0.06758621544926097,0.0,0.7994370144029954,0.06721513973572495,0.0
0.8194414179631608,0.06758621544926097,0.0,0.8097652851710803,0.05005795580468073,0.0
0.8194414179631608,0.06758621544926097,0.0,0.8297634911074725,0.05042364832105673,0.0
0.8194414179631608,0.06758621544926097,0.0,0.8394315600533484,0.06801888498098028,0.0
0.8194414179631608,0.06758621544926097,0.0,0.8291235627493315,0.08519301616095794,0.0
0.7994370144029954,0.06721513973572495,0.0,0.8097652851710803,0.05005795580468073,0.0
0.7994370144029954,0.06721513973572495,0.0,0.7890957414947117,0.08439328068115971,0.0
0.8097652851710803,0.05005795580468073,0.0,0.8297634911074725,0.05042364832105673,0.0
0.638821874521347,0.09986589140962897,0.0,0.6485132136050349,0.11655616284632979,0.0
0.638821874521347,0.09986589140962897,0.0,0.658821028734637,0.09993604995369337,0.0
0.638821874521347,0.09986589140962897,0.0,0.6277849028187678,0.08560789993667105,0.0
0.4382304384266428,0.12979232068676708,0.0,0.42791182429665164,0.14692506641650777,0.0
0.4382304384266428,0.12979232068676708,0.0,0.44854893909781773,0.11265963819304066,0.0
0.4382304384266428,0.12979232068676708,0.0,0.42855222502614043,0.11228994022430534,0.0
0.4382304384266428,0.12979232068676708,0.0,0.41823369015387457,0.1294248594168061,0.0
0.6781890433238023,0.1342421453128348,0.0,0.6678797548910156,0.15087374161023556,0.0
0.6781890433238023,0.1342421453128348,0.0,0.6581935275475558,0.13383896925201874,0.0
0.6781890433238023,0.1342421453128348,0.0,0.6685089379260638,0.1168789253962896,0.0
0.6781890433238023,0.1342421453128348,0.0,0.6885054241828252,0.11723123986338593,0.0
0.6781890433238023,0.1342421453128348,0.0,0.6981854000355138,0.13462395520256584,0.0
0.6678797548910156,0.15087374161023556,0.0,0.6581935275475558,0.13383896925201874,0.0
0.6678797548910156,0.15087374161023556,0.0,0.6478910177910672,0.15008401344927425,0.0
0.6678797548910156,0.15087374161023556,0.0,0.6587573852334703,0.16413175985144998,0.0
0.6581935275475558,0.13383896925201874,0.0,0.6485132136050349,0.11655616284632979,0.0
0.6581935275475558,0.13383896925201874,0.0,0.6685089379260638,0.1168789253962896,0.0
0.6581935275475558,0.13383896925201874,0.0,0.6478910177910672,0.15008401344927425,0.0
0.6581935275475558,0.13383896925201874,0.0,0.6381960798316538,0.13349018388067405,0.0
0.8297634911074725,0.05042364832105673,0.0,0.8394315600533484,0.06801888498098028,0.0
0.8297634911074725,0.05042364832105673,0.0,0.8493502718987523,0.05066095558508856,0.0
0.8394315600533484,0.06801888498098028,0.0,0.8291235627493315,0.08519301616095794,0.0
0.8394315600533484,0.06801888498098028,0.0,0.8493502718987523,0.05066095558508856,0.0
0.8394315600533484,0.06801888498098028,0.0,0.8491363090619181,0.08574843769430132,0.0
0.908339900918994,0.12128334697094358,0.0,0.8983299326779753,0.13820128411380816,0.0
0.908339900918994,0.12128334697094358,0.0,0.8891140535118723,0.1208880182415539,0.0
0.908339900918994,0.12128334697094358,0.0,0.8987932986965815,0.10379690480809194,0.0
0.908339900918994,0.12128334697094358,0.0,0.9180059231353107,0.10460968474781972,0.0
0.908339900918994,0.12128334697094358,0.0,0.9275336333787617,0.1220822754262356,0.0
0.908339900918994,0.12128334697094358,0.0,0.9179709894995937,0.1387781647973022,0.0
0.8983299326779753,0.13820128411380816,0.0,0.8891140535118723,0.1208880182415539,0.0
0.8983299326779753,0.13820128411380816,0.0,0.9179709894995937,0.1387781647973022,0.0
0.8983299326779753,0.13820128411380816,0.0,0.9080894405247613,0.1549144290519848,0.0
0.8891140535118723,0.1208880182415539,0.0,0.8788059623111308,0.10361919006538886,0.0
0.8891140535118723,0.1208880182415539,0.0,0.8987932986965815,0.10379690480809194,0.0
0.8291235627493315,0.08519301616095794,0.0,0.8491363090619181,0.08574843769430132,0.0
0.8788059623111308,0.10361919006538886,0.0,0.8987932986965815,0.10379690480809194,0.0
0.8788059623111308,0.10361919006538886,0.0,0.8891107560294705,0.08664154300869531,0.0
0.8788059623111308,0.10361919006538886,0.0,0.8691234478537461,0.08639661884256045,0.0
0.6988239341682289,0.10009563630548596,0.0,0.6885054241828252,0.11723123986338593,0.0
0.6988239341682289,0.10009563630548596,0.0,0.6788178962196917,0.10024805649400205,0.0
0.6988239341682289,0.10009563630548596,0.0,0.7089818156773421,0.0834150937376247,0.0
0.8987932986965815,0.10379690480809194,0.0,0.8891107560294705,0.08664154300869531,0.0
0.8987932986965815,0.10379690480809194,0.0,0.9090984821625272,0.08727045849514502,0.0
0.8987932986965815,0.10379690480809194,0.0,0.9180059231353107,0.10460968474781972,0.0
0.9379597431837093,0.1391466638353073,0.0,0.927248758354517,0.1558948885281403,0.0
0.9379597431837093,0.1391466638353073,0.0,0.9275336333787617,0.1220822754262356,0.0
0.9379597431837093,0.1391466638353073,0.0,0.9179709894995937,0.1387781647973022,0.0
0.8491363090619181,0.08574843769430132,0.0,0.8691234478537461,0.08639661884256045,0.0
0.6485132136050349,0.11655616284632979,0.0,0.6685089379260638,0.1168789253962896,0.0
0.6485132136050349,0.11655616284632979,0.0,0.658821028734637,0.09993604995369337,0.0
0.6485132136050349,0.11655616284632979,0.0,0.6381960798316538,0.13349018388067405,0.0
0.6685089379260638,0.1168789253962896,0.0,0.6885054241828252,0.11723123986338593,0.0
0.6685089379260638,0.1168789253962896,0.0,0.6788178962196917,0.10024805649400205,0.0
0.6685089379260638,0.1168789253962896,0.0,0.658821028734637,0.09993604995369337,0.0
0.42791182429665164,0.14692506641650777,0.0,0.41823369015387457,0.1294248594168061,0.0
0.42791182429665164,0.14692506641650777,0.0,0.4375998777095648,0.16388357169113127,0.0
0.42791182429665164,0.14692506641650777,0.0,0.40783636280875823,0.14638487149818505,0.0
0.8891107560294705,0.08664154300869531,0.0,0.9090984821625272,0.08727045849514502,0.0
0.8891107560294705,0.08664154300869531,0.0,0.8691234478537461,0.08639661884256045,0.0
0.6885054241828252,0.11723123986338593,0.0,0.6981854000355138,0.13462395520256584,0.0
0.6885054241828252,0.11723123986338593,0.0,0.6788178962196917,0.10024805649400205,0.0
0.33888758274757996,0.09332170918690821,0.0,0.31889118931782345,0.09294175950971129,0.0
0.33888758274757996,0.09332170918690821,0.0,0.3289924746386246,0.07609327076868848,0.0
0.33888758274757996,0.09332170918690821,0.0,0.3485655218226385,0.11083054493516384,0.0
0.33888758274757996,0.09332170918690821,0.0,0.3285692025390998,0.11044659125198275,0.0
0.33888758274757996,0.09332170918690821,0.0,0.349004351141245,0.07727359536558612,0.0
0.33888758274757996,0.09332170918690821,0.0,0.3588832973584999,0.09373836690583406,0.0
0.31889118931782345,0.09294175950971129,0.0,0.3289924746386246,0.07609327076868848,0.0
0.31889118931782345,0.09294175950971129,0.0,0.3285692025390998,0.11044659125198275,0.0
0.31889118931782345,0.09294175950971129,0.0,0.3085726960815611,0.11007275943939318,0.0
0.31889118931782345,0.09294175950971129,0.0,0.29889465151592887,0.09256961442651938,0.0
0.31889118931782345,0.09294175950971129,0.0,0.309213178295527,0.0754368058012679,0.0
0.3289924746386246,0.07609327076868848,0.0,0.349004351141245,0.07727359536558612,0.0
0.3289924746386246,0.07609327076868848,0.0,0.309213178295527,0.0754368058012679,0.0
0.3289924746386246,0.07609327076868848,0.0,0.3193119193094081,0.05845296954709092,0.0
0.44854893909781773,0.11265963819304066,0.0,0.42855222502614043,0.11228994022430534,0.0
0.44854893909781773,0.11265963819304066,0.0,0.43887026480100105,0.09518414822999291,0.0
0.44854893909781773,0.11265963819304066,0.0,0.45886721345506787,0.0955315204821913,0.0
0.44854893909781773,0.11265963819304066,0.0,0.4685459723789602,0.11302989847293088,0.0
0.3485655218226385,0.11083054493516384,0.0,0.3285692025390998,0.11044659125198275,0.0
0.3485655218226385,0.11083054493516384,0.0,0.33833364065659727,0.12741158634814828,0.0
0.3485655218226385,0.11083054493516384,0.0,0.35831660440657387,0.1281963546198484,0.0
0.3485655218226385,0.11083054493516384,0.0,0.36856139691304424,0.11123852388515736,0.0
0.3485655218226385,0.11083054493516384,0.0,0.3588832973584999,0.09373836690583406,0.0
0.3285692025390998,0.11044659125198275,0.0,0.33833364065659727,0.12741158634814828,0.0
0.3285692025390998,0.11044659125198275,0.0,0.3182562727109249,0.12727673951017304,0.0
0.3285692025390998,0.11044659125198275,0.0,0.3085726960815611,0.11007275943939318,0.0
0.33833364065659727,0.12741158634814828,0.0,0.3182562727109249,0.12727673951017304,0.0
0.33833364065659727,0.12741158634814828,0.0,0.35831660440657387,0.1281963546198484,0.0
0.33833364065659727,0.12741158634814828,0.0,0.3475715217209394,0.14451731414713417,0.0
0.33833364065659727,0.12741158634814828,0.0,0.32750527061480816,0.1434160008585372,0.0
0.927248758354517,0.1558948885281403,0.0,0.9179709894995937,0.1387781647973022,0.0
0.927248758354517,0.1558948885281403,0.0,0.9080894405247613,0.1549144290519848,0.0
0.42855222502614043,0.11228994022430534,0.0,0.41823369015387457,0.1294248594168061,0.0
0.42855222502614043,0.11228994022430534,0.0,0.43887026480100105,0.09518414822999291,0.0
0.42855222502614043,0.11228994022430534,0.0,0.40855553662633937,0.11192540726319088,0.0
0.42855222502614043,0.11228994022430534,0.0,0.4188735807283454,0.09481887285621743,0.0
0.41823369015387457,0.1294248594168061,0.0,0.40855553662633937,0.11192540726319088,0.0
0.41823369015387457,0.1294248594168061,0.0,0.3982369543362519,0.12906108219162188,0.0
0.41823369015387457,0.1294248594168061,0.0,0.40783636280875823,0.14638487149818505,0.0
0.349004351141245,0.07727359536558612,0.0,0.3588832973584999,0.09373836690583406,0.0
0.349004351141245,0.07727359536558612,0.0,0.35941568811293634,0.06494780373906686,0.0
0.3182562727109249,0.12727673951017304,0.0,0.3085726960815611,0.11007275943939318,0.0
0.3182562727109249,0.12727673951017304,0.0,0.32750527061480816,0.1434160008585372,0.0
0.6981854000355138,0.13462395520256584,0.0,0.7180920223052418,0.13491898156483126,0.0
0.9090984821625272,0.08727045849514502,0.0,0.9180059231353107,0.10460968474781972,0.0
0.9180059231353107,0.10460968474781972,0.0,0.9275336333787617,0.1220822754262356,0.0
0.3085726960815611,0.11007275943939318,0.0,0.29889465151592887,0.09256961442651938,0.0
0.3085726960815611,0.11007275943939318,0.0,0.2885761343600504,0.1097019149224868,0.0
0.6788178962196917,0.10024805649400205,0.0,0.658821028734637,0.09993604995369337,0.0
0.7291096411394768,0.08331853511047367,0.0,0.7089818156773421,0.0834150937376247,0.0
0.26922002577238174,0.074696649930591,0.0,0.2892104976003693,0.07507082814394248,0.0
0.26922002577238174,0.074696649930591,0.0,0.2795271597081715,0.05768185664048144,0.0
0.26922002577238174,0.074696649930591,0.0,0.2589015012888218,0.09182935260203527,0.0
0.26922002577238174,0.074696649930591,0.0,0.24922344437660912,0.07432684540725719,0.0
0.26922002577238174,0.074696649930591,0.0,0.27889808041580555,0.09219926751332719,0.0
0.26922002577238174,0.074696649930591,0.0,0.25954081758730624,0.057256402940528715,0.0
0.2892104976003693,0.07507082814394248,0.0,0.2795271597081715,0.05768185664048144,0.0
0.2892104976003693,0.07507082814394248,0.0,0.29889465151592887,0.09256961442651938,0.0
0.2892104976003693,0.07507082814394248,0.0,0.309213178295527,0.0754368058012679,0.0
0.2892104976003693,0.07507082814394248,0.0,0.2994984985430176,0.05795871494854755,0.0
0.2892104976003693,0.07507082814394248,0.0,0.27889808041580555,0.09219926751332719,0.0
0.2795271597081715,0.05768185664048144,0.0,0.2994984985430176,0.05795871494854755,0.0
0.2795271597081715,0.05768185664048144,0.0,0.25954081758730624,0.057256402940528715,0.0
0.2795271597081715,0.05768185664048144,0.0,0.289832625199613,0.041047095273571095,0.0
0.2795271597081715,0.05768185664048144,0.0,0.2698531767893902,0.0402563796563984,0.0
0.9275336333787617,0.1220822754262356,0.0,0.9179709894995937,0.1387781647973022,0.0
0.9179709894995937,0.1387781647973022,0.0,0.9080894405247613,0.1549144290519848,0.0
0.29889465151592887,0.09256961442651938,0.0,0.309213178295527,0.0754368058012679,0.0
0.29889465151592887,0.09256961442651938,0.0,0.2885761343600504,0.1097019149224868,0.0
0.29889465151592887,0.09256961442651938,0.0,0.27889808041580555,0.09219926751332719,0.0
0.309213178295527,0.0754368058012679,0.0,0.2994984985430176,0.05795871494854755,0.0
0.309213178295527,0.0754368058012679,0.0,0.3193119193094081,0.05845296954709092,0.0
0.2589015012888218,0.09182935260203527,0.0,0.24922344437660912,0.07432684540725719,0.0
0.2589015012888218,0.09182935260203527,0.0,0.26857955787907467,0.10933186745214456,0.0
0.2589015012888218,0.09182935260203527,0.0,0.23890492018312087,0.09145954317828316,0.0
0.2589015012888218,0.09182935260203527,0.0,0.27889808041580555,0.09219926751332719,0.0
0.2589015012888218,0.09182935260203527,0.0,0.24858297759533943,0.10896202425168021,0.0
0.24922344437660912,0.07432684540725719,0.0,0.23890492018312087,0.09145954317828316,0.0
0.24922344437660912,0.07432684540725719,0.0,0.2292268625171568,0.07395706463671549,0.0
0.24922344437660912,0.07432684540725719,0.0,0.23954538665793476,0.05682437003424627,0.0
0.24922344437660912,0.07432684540725719,0.0,0.25954081758730624,0.057256402940528715,0.0
0.2885761343600504,0.1097019149224868,0.0,0.26857955787907467,0.10933186745214456,0.0
0.2885761343600504,0.1097019149224868,0.0,0.27737627588491465,0.12616704876409388,0.0
0.2885761343600504,0.1097019149224868,0.0,0.27889808041580555,0.09219926751332719,0.0
0.26857955787907467,0.10933186745214456,0.0,0.27737627588491465,0.12616704876409388,0.0
0.26857955787907467,0.10933186745214456,0.0,0.27889808041580555,0.09219926751332719,0.0
0.26857955787907467,0.10933186745214456,0.0,0.24858297759533943,0.10896202425168021,0.0
0.26857955787907467,0.10933186745214456,0.0,0.25707383745480283,0.1256271027758206,0.0
0.27737627588491465,0.12616704876409388,0.0,0.25707383745480283,0.1256271027758206,0.0
0.27737627588491465,0.12616704876409388,0.0,0.2654237217529264,0.1418270267609177,0.0
0.4375998777095648,0.16388357169113127,0.0,0.4575997801650906,0.16407840549194366,0.0
0.4375998777095648,0.16388357169113127,0.0,0.4473724828015899,0.1762721775090512,0.0
0.2994984985430176,0.05795871494854755,0.0,0.3193119193094081,0.05845296954709092,0.0
0.2994984985430176,0.05795871494854755,0.0,0.30980130103817344,0.041350243814992894,0.0
0.2994984985430176,0.05795871494854755,0.0,0.289832625199613,0.041047095273571095,0.0
0.17891602016620436,0.09030450863347607,0.0,0.1892338395188158,0.07320989472203746,0.0
0.17891602016620436,0.09030450863347607,0.0,0.1692375245985142,0.0728256830579201,0.0
0.17891602016620436,0.09030450863347607,0.0,0.15891974363690783,0.08991823028771963,0.0
0.17891602016620436,0.09030450863347607,0.0,0.1686027075024911,0.10715541303148454,0.0
0.17891602016620436,0.09030450863347607,0.0,0.19891175688250298,0.09071998124263063,0.0
0.17891602016620436,0.09030450863347607,0.0,0.18859830324256227,0.10757850162044155,0.0
0.1892338395188158,0.07320989472203746,0.0,0.1692375245985142,0.0728256830579201,0.0
0.1892338395188158,0.07320989472203746,0.0,0.1995512589039732,0.05613691785591394,0.0
0.1892338395188158,0.07320989472203746,0.0,0.20923014348508703,0.07359470191533808,0.0
0.1892338395188158,0.07320989472203746,0.0,0.17955725354206875,0.05591008729010483,0.0
0.1892338395188158,0.07320989472203746,0.0,0.19891175688250298,0.09071998124263063,0.0
0.1692375245985142,0.0728256830579201,0.0,0.1492407920933714,0.07246405851534021,0.0
0.1692375245985142,0.0728256830579201,0.0,0.15891974363690783,0.08991823028771963,0.0
0.1692375245985142,0.0728256830579201,0.0,0.17955725354206875,0.05591008729010483,0.0
0.1692375245985142,0.0728256830579201,0.0,0.1595591118932984,0.0553423653921846,0.0
0.13892240376686152,0.08958945896812644,0.0,0.1492407920933714,0.07246405851534021,0.0
0.13892240376686152,0.08958945896812644,0.0,0.12924408372231505,0.07210113570894822,0.0
0.13892240376686152,0.08958945896812644,0.0,0.15891974363690783,0.08991823028771963,0.0
0.13892240376686152,0.08958945896812644,0.0,0.1486012711759612,0.10704817341974718,0.0
0.13892240376686152,0.08958945896812644,0.0,0.1286037541622977,0.10672898653762279,0.0
0.13892240376686152,0.08958945896812644,0.0,0.11892553996836881,0.08923494756142542,0.0
0.1492407920933714,0.07246405851534021,0.0,0.12924408372231505,0.07210113570894822,0.0
0.1492407920933714,0.07246405851534021,0.0,0.15891974363690783,0.08991823028771963,0.0
0.1492407920933714,0.07246405851534021,0.0,0.1395625410509305,0.054971995645771245,0.0
0.1492407920933714,0.07246405851534021,0.0,0.1595591118932984,0.0553423653921846,0.0
0.12924408372231505,0.07210113570894822,0.0,0.10924739506611929,0.0717371553584824,0.0
0.12924408372231505,0.07210113570894822,0.0,0.11941040676794008,0.054336877309477664,0.0
0.12924408372231505,0.07210113570894822,0.0,0.1395625410509305,0.054971995645771245,0.0
0.12924408372231505,0.07210113570894822,0.0,0.11892553996836881,0.08923494756142542,0.0
0.10924739506611929,0.0717371553584824,0.0,0.11941040676794008,0.054336877309477664,0.0
0.10924739506611929,0.0717371553584824,0.0,0.09893955152577676,0.05473604072295378,0.0
0.10924739506611929,0.0717371553584824,0.0,0.08914613427391953,0.07154274122939715,0.0
0.10924739506611929,0.0717371553584824,0.0,0.0989288777061748,0.08886954380882664,0.0
0.10924739506611929,0.0717371553584824,0.0,0.11892553996836881,0.08923494756142542,0.0
0.11941040676794008,0.054336877309477664,0.0,0.09893955152577676,0.05473604072295378,0.0
0.11941040676794008,0.054336877309477664,0.0,0.1395625410509305,0.054971995645771245,0.0
0.09893955152577676,0.05473604072295378,0.0,0.08914613427391953,0.07154274122939715,0.0
0.09893955152577676,0.05473604072295378,0.0,0.07957449505938723,0.05441402164077782,0.0
0.228586396346609,0.1085922320936068,0.0,0.208589814850617,0.10822245217806546,0.0
0.228586396346609,0.1085922320936068,0.0,0.23890492018312087,0.09145954317828316,0.0
0.228586396346609,0.1085922320936068,0.0,0.21890833858681508,0.09108975930569807,0.0
0.228586396346609,0.1085922320936068,0.0,0.23732169460887395,0.12552876502425014,0.0
0.228586396346609,0.1085922320936068,0.0,0.24858297759533943,0.10896202425168021,0.0
0.208589814850617,0.10822245217806546,0.0,0.21890833858681508,0.09108975930569807,0.0
0.208589814850617,0.10822245217806546,0.0,0.19891175688250298,0.09071998124263063,0.0
0.208589814850617,0.10822245217806546,0.0,0.18859830324256227,0.10757850162044155,0.0
0.08914613427391953,0.07154274122939715,0.0,0.0989288777061748,0.08886954380882664,0.0
0.08914613427391953,0.07154274122939715,0.0,0.07893227508839973,0.08850092194609566,0.0
0.08914613427391953,0.07154274122939715,0.0,0.06925421121028581,0.07099876411086416,0.0
0.08914613427391953,0.07154274122939715,0.0,0.07957449505938723,0.05441402164077782,0.0
0.21954880448841077,0.056454593361724925,0.0,0.1995512589039732,0.05613691785591394,0.0
0.21954880448841077,0.056454593361724925,0.0,0.20923014348508703,0.07359470191533808,0.0
0.21954880448841077,0.056454593361724925,0.0,0.2292268625171568,0.07395706463671549,0.0
0.21954880448841077,0.056454593361724925,0.0,0.22986732860855583,0.03932189973441582,0.0
0.21954880448841077,0.056454593361724925,0.0,0.20986482476250942,0.039272343629253297,0.0
0.21954880448841077,0.056454593361724925,0.0,0.23954538665793476,0.05682437003424627,0.0
0.1995512589039732,0.05613691785591394,0.0,0.20923014348508703,0.07359470191533808,0.0
0.1995512589039732,0.05613691785591394,0.0,0.17955725354206875,0.05591008729010483,0.0
0.1995512589039732,0.05613691785591394,0.0,0.20986482476250942,0.039272343629253297,0.0
0.1995512589039732,0.05613691785591394,0.0,0.18986004633132983,0.03958103793269877,0.0
0.20923014348508703,0.07359470191533808,0.0,0.21890833858681508,0.09108975930569807,0.0
0.20923014348508703,0.07359470191533808,0.0,0.2292268625171568,0.07395706463671549,0.0
0.20923014348508703,0.07359470191533808,0.0,0.19891175688250298,0.09071998124263063,0.0
0.35831660440657387,0.1281963546198484,0.0,0.36856139691304424,0.11123852388515736,0.0
0.35831660440657387,0.1281963546198484,0.0,0.3782405240219988,0.12868310185578072,0.0
0.35831660440657387,0.1281963546198484,0.0,0.3475715217209394,0.14451731414713417,0.0
0.23890492018312087,0.09145954317828316,0.0,0.21890833858681508,0.09108975930569807,0.0
0.23890492018312087,0.09145954317828316,0.0,0.2292268625171568,0.07395706463671549,0.0
0.23890492018312087,0.09145954317828316,0.0,0.24858297759533943,0.10896202425168021,0.0
0.21890833858681508,0.09108975930569807,0.0,0.2292268625171568,0.07395706463671549,0.0
0.21890833858681508,0.09108975930569807,0.0,0.19891175688250298,0.09071998124263063,0.0
0.2292268625171568,0.07395706463671549,0.0,0.23954538665793476,0.05682437003424627,0.0
0.23732169460887395,0.12552876502425014,0.0,0.24858297759533943,0.10896202425168021,0.0
0.23732169460887395,0.12552876502425014,0.0,0.25707383745480283,0.1256271027758206,0.0
0.23732169460887395,0.12552876502425014,0.0,0.24533226549444137,0.14174322762618907,0.0
0.15891974363690783,0.08991823028771963,0.0,0.1486012711759612,0.10704817341974718,0.0
0.15891974363690783,0.08991823028771963,0.0,0.1686027075024911,0.10715541303148454,0.0
0.1486012711759612,0.10704817341974718,0.0,0.1686027075024911,0.10715541303148454,0.0
0.1486012711759612,0.10704817341974718,0.0,0.1286037541622977,0.10672898653762279,0.0
0.1395625410509305,0.054971995645771245,0.0,0.1595591118932984,0.0553423653921846,0.0
0.1395625410509305,0.054971995645771245,0.0,0.1499845167107165,0.03910077665718625,0.0
0.0782918057018889,0.12313631043014514,0.0,0.09845338452898124,0.12230159985407547,0.0
0.0782918057018889,0.12313631043014514,0.0,0.08861034107685985,0.10600296612323881,0.0
0.0782918057018889,0.12313631043014514,0.0,0.06861374834325808,0.10563380810313708,0.0
0.0782918057018889,0.12313631043014514,0.0,0.06797327957405495,0.14026914313881084,0.0
0.0782918057018889,0.12313631043014514,0.0,0.05829522149283932,0.12276668825856982,0.0
0.09845338452898124,0.12230159985407547,0.0,0.08861034107685985,0.10600296612323881,0.0
0.09845338452898124,0.12230159985407547,0.0,0.10860696975112026,0.10637018514544186,0.0
0.09845338452898124,0.12230159985407547,0.0,0.11829384790958515,0.12339568434290266,0.0
0.09845338452898124,0.12230159985407547,0.0,0.10899158789194516,0.13675461757372329,0.0
0.047976697716629504,0.13989938986941208,0.0,0.05766047345656226,0.15709263706537016,0.0
0.047976697716629504,0.13989938986941208,0.0,0.06797327957405495,0.14026914313881084,0.0
0.047976697716629504,0.13989938986941208,0.0,0.05829522149283932,0.12276668825856982,0.0
0.05766047345656226,0.15709263706537016,0.0,0.06797327957405495,0.14026914313881084,0.0
0.6478910177910672,0.15008401344927425,0.0,0.6278864339505646,0.15014338764771223,0.0
0.6478910177910672,0.15008401344927425,0.0,0.6381960798316538,0.13349018388067405,0.0
0.6478910177910672,0.15008401344927425,0.0,0.6587573852334703,0.16413175985144998,0.0
0.6278864339505646,0.15014338764771223,0.0,0.6381960798316538,0.13349018388067405,0.0
0.6278864339505646,0.15014338764771223,0.0,0.6182140526434305,0.13308275339422884,0.0
0.6278864339505646,0.15014338764771223,0.0,0.607895982649671,0.14983547799942953,0.0
0.05893568849276524,0.08813144089658059,0.0,0.049686438291961746,0.07059454723721174,0.0
0.05893568849276524,0.08813144089658059,0.0,0.07893227508839973,0.08850092194609566,0.0
0.05893568849276524,0.08813144089658059,0.0,0.06861374834325808,0.10563380810313708,0.0
0.05893568849276524,0.08813144089658059,0.0,0.048617163385451447,0.10526423456766794,0.0
0.05893568849276524,0.08813144089658059,0.0,0.06925421121028581,0.07099876411086416,0.0
0.049686438291961746,0.07059454723721174,0.0,0.06925421121028581,0.07099876411086416,0.0
0.049686438291961746,0.07059454723721174,0.0,0.05963236637876137,0.05431550423550264,0.0
0.3988727869969143,0.09467663268346724,0.0,0.38855823533298717,0.1115944310787091,0.0
0.3988727869969143,0.09467663268346724,0.0,0.37887538356253764,0.09435124931231052,0.0
0.3988727869969143,0.09467663268346724,0.0,0.40855553662633937,0.11192540726319088,0.0
0.3988727869969143,0.09467663268346724,0.0,0.4188735807283454,0.09481887285621743,0.0
0.38855823533298717,0.1115944310787091,0.0,0.37887538356253764,0.09435124931231052,0.0
0.38855823533298717,0.1115944310787091,0.0,0.36856139691304424,0.11123852388515736,0.0
0.38855823533298717,0.1115944310787091,0.0,0.3782405240219988,0.12868310185578072,0.0
0.38855823533298717,0.1115944310787091,0.0,0.40855553662633937,0.11192540726319088,0.0
0.38855823533298717,0.1115944310787091,0.0,0.3982369543362519,0.12906108219162188,0.0
0.37887538356253764,0.09435124931231052,0.0,0.36856139691304424,0.11123852388515736,0.0
0.37887538356253764,0.09435124931231052,0.0,0.3588832973584999,0.09373836690583406,0.0
0.36856139691304424,0.11123852388515736,0.0,0.3782405240219988,0.12868310185578072,0.0
0.36856139691304424,0.11123852388515736,0.0,0.3588832973584999,0.09373836690583406,0.0
0.3782405240219988,0.12868310185578072,0.0,0.3982369543362519,0.12906108219162188,0.0
0.3782405240219988,0.12868310185578072,0.0,0.3879244219511263,0.14618369374848886,0.0
0.1686027075024911,0.10715541303148454,0.0,0.18859830324256227,0.10757850162044155,0.0
0.0989288777061748,0.08886954380882664,0.0,0.08861034107685985,0.10600296612323881,0.0
0.0989288777061748,0.08886954380882664,0.0,0.07893227508839973,0.08850092194609566,0.0
0.0989288777061748,0.08886954380882664,0.0,0.11892553996836881,0.08923494756142542,0.0
0.0989288777061748,0.08886954380882664,0.0,0.10860696975112026,0.10637018514544186,0.0
0.08861034107685985,0.10600296612323881,0.0,0.07893227508839973,0.08850092194609566,0.0
0.08861034107685985,0.10600296612323881,0.0,0.06861374834325808,0.10563380810313708,0.0
0.08861034107685985,0.10600296612323881,0.0,0.10860696975112026,0.10637018514544186,0.0
0.07893227508839973,0.08850092194609566,0.0,0.06861374834325808,0.10563380810313708,0.0
0.07893227508839973,0.08850092194609566,0.0,0.06925421121028581,0.07099876411086416,0.0
0.06861374834325808,0.10563380810313708,0.0,0.048617163385451447,0.10526423456766794,0.0
0.06861374834325808,0.10563380810313708,0.0,0.05829522149283932,0.12276668825856982,0.0
0.17955725354206875,0.05591008729010483,0.0,0.1595591118932984,0.0553423653921846,0.0
0.17955725354206875,0.05591008729010483,0.0,0.1698876225677967,0.03936331465545415,0.0
0.17955725354206875,0.05591008729010483,0.0,0.18986004633132983,0.03958103793269877,0.0
0.048617163385451447,0.10526423456766794,0.0,0.05829522149283932,0.12276668825856982,0.0
0.22986732860855583,0.03932189973441582,0.0,0.20986482476250942,0.039272343629253297,0.0
0.22986732860855583,0.03932189973441582,0.0,0.23954538665793476,0.05682437003424627,0.0
0.22986732860855583,0.03932189973441582,0.0,0.24985700412495518,0.04006518776406843,0.0
0.20986482476250942,0.039272343629253297,0.0,0.18986004633132983,0.03958103793269877,0.0
0.20986482476250942,0.039272343629253297,0.0,0.19992615410323952,0.024408420655320298,0.0
0.23954538665793476,0.05682437003424627,0.0,0.25954081758730624,0.057256402940528715,0.0
0.23954538665793476,0.05682437003424627,0.0,0.24985700412495518,0.04006518776406843,0.0
0.3193119193094081,0.05845296954709092,0.0,0.30980130103817344,0.041350243814992894,0.0
0.30980130103817344,0.041350243814992894,0.0,0.289832625199613,0.041047095273571095,0.0
0.43887026480100105,0.09518414822999291,0.0,0.45886721345506787,0.0955315204821913,0.0
0.43887026480100105,0.09518414822999291,0.0,0.4188735807283454,0.09481887285621743,0.0
0.45886721345506787,0.0955315204821913,0.0,0.4685459723789602,0.11302989847293088,0.0
0.45886721345506787,0.0955315204821913,0.0,0.46917745892404983,0.07839718970518147,0.0
0.1286037541622977,0.10672898653762279,0.0,0.11892553996836881,0.08923494756142542,0.0
0.1286037541622977,0.10672898653762279,0.0,0.10860696975112026,0.10637018514544186,0.0
0.1286037541622977,0.10672898653762279,0.0,0.11829384790958515,0.12339568434290266,0.0
0.11892553996836881,0.08923494756142542,0.0,0.10860696975112026,0.10637018514544186,0.0
0.06925421121028581,0.07099876411086416,0.0,0.05963236637876137,0.05431550423550264,0.0
0.06925421121028581,0.07099876411086416,0.0,0.07957449505938723,0.05441402164077782,0.0
0.06797327957405495,0.14026914313881084,0.0,0.05829522149283932,0.12276668825856982,0.0
0.05963236637876137,0.05431550423550264,0.0,0.07957449505938723,0.05441402164077782,0.0
0.6381960798316538,0.13349018388067405,0.0,0.6182140526434305,0.13308275339422884,0.0
0.25954081758730624,0.057256402940528715,0.0,0.24985700412495518,0.04006518776406843,0.0
0.25954081758730624,0.057256402940528715,0.0,0.2698531767893902,0.0402563796563984,0.0
0.40855553662633937,0.11192540726319088,0.0,0.4188735807283454,0.09481887285621743,0.0
0.40855553662633937,0.11192540726319088,0.0,0.3982369543362519,0.12906108219162188,0.0
0.19891175688250298,0.09071998124263063,0.0,0.18859830324256227,0.10757850162044155,0.0
0.10860696975112026,0.10637018514544186,0.0,0.11829384790958515,0.12339568434290266,0.0
0.11829384790958515,0.12339568434290266,0.0,0.10899158789194516,0.13675461757372329,0.0
0.11829384790958515,0.12339568434290266,0.0,0.12743454435036247,0.13529348271381694,0.0
0.1595591118932984,0.0553423653921846,0.0,0.1499845167107165,0.03910077665718625,0.0
0.1595591118932984,0.0553423653921846,0.0,0.1698876225677967,0.03936331465545415,0.0
0.1499845167107165,0.03910077665718625,0.0,0.1698876225677967,0.03936331465545415,0.0
0.1499845167107165,0.03910077665718625,0.0,0.14102481822283144,0.02611368126389613,0.0
0.1499845167107165,0.03910077665718625,0.0,0.1597019950772613,0.02578130610594526,0.0
0.1698876225677967,0.03936331465545415,0.0,0.18986004633132983,0.03958103793269877,0.0
0.1698876225677967,0.03936331465545415,0.0,0.17945625528996442,0.02487682468485634,0.0
0.1698876225677967,0.03936331465545415,0.0,0.1597019950772613,0.02578130610594526,0.0
0.24858297759533943,0.10896202425168021,0.0,0.25707383745480283,0.1256271027758206,0.0
0.24985700412495518,0.04006518776406843,0.0,0.2698531767893902,0.0402563796563984,0.0
0.3982369543362519,0.12906108219162188,0.0,0.3879244219511263,0.14618369374848886,0.0
0.3982369543362519,0.12906108219162188,0.0,0.40783636280875823,0.14638487149818505,0.0
0.25707383745480283,0.1256271027758206,0.0,0.24533226549444137,0.14174322762618907,0.0
0.25707383745480283,0.1256271027758206,0.0,0.2654237217529264,0.1418270267609177,0.0
0.18986004633132983,0.03958103793269877,0.0,0.19992615410323952,0.024408420655320298,0.0
0.18986004633132983,0.03958103793269877,0.0,0.17945625528996442,0.02487682468485634,0.0
0.3879244219511263,0.14618369374848886,0.0,0.40783636280875823,0.14638487149818505,0.0
0.289832625199613,0.041047095273571095,0.0,0.2698531767893902,0.0402563796563984,0.0
0.5878919310065284,0.1498103320531681,0.0,0.607895982649671,0.14983547799942953,0.0
0.5878919310065284,0.1498103320531681,0.0,0.578268422556804,0.1322985686446481,0.0
0.5878919310065284,0.1498103320531681,0.0,0.567887809791628,0.1495135349247523,0.0
0.6182140526434305,0.13308275339422884,0.0,0.607895982649671,0.14983547799942953,0.0
0.4575997801650906,0.16407840549194366,0.0,0.4473724828015899,0.1762721775090512,0.0
0.4575997801650906,0.16407840549194366,0.0,0.46736087268593685,0.1770849367014725,0.0
1.0,0.0899997680316746,0.0,1.0,0.0699997275181292,0.0
1.0,0.0899997680316746,0.0,0.9827806568308974,0.08013887883966213,0.0
1.0,0.049999686417894304,0.0,1.0,0.0699997275181292,0.0
1.0,0.049999686417894304,0.0,0.9832147888363106,0.06092686894817284,0.0
1.0,0.049999686417894304,0.0,1.0,0.02999964462312105,0.0
1.0,0.0699997275181292,0.0,0.9832147888363106,0.06092686894817284,0.0
1.0,0.0699997275181292,0.0,0.9827806568308974,0.08013887883966213,0.0
0.9832147888363106,0.06092686894817284,0.0,0.9827806568308974,0.08013887883966213,0.0
0.578268422556804,0.1322985686446481,0.0,0.567887809791628,0.1495135349247523,0.0
0.567887809791628,0.1495135349247523,0.0,0.5478967194641509,0.14907302704466713,0.0
0.567887809791628,0.1495135349247523,0.0,0.5574400207542167,0.16497590346575336,0.0
0.49757954569311874,0.16553689658200652,0.0,0.48734318166069235,0.17822654077632707,0.0
0.49757954569311874,0.16553689658200652,0.0,0.507498463320454,0.1786959129971971,0.0
0.5382305126196125,0.13163165435701998,0.0,0.5478967194641509,0.14907302704466713,0.0
0.5478967194641509,0.14907302704466713,0.0,0.5574400207542167,0.16497590346575336,0.0
0.5574400207542167,0.16497590346575336,0.0,0.5649921506302363,0.17852924786575658,0.0
0.5574400207542167,0.16497590346575336,0.0,0.5473785488990087,0.17865366039587252,0.0
0.46917745892404983,0.07839718970518147,0.0,0.4794835367384739,0.061277715330303,0.0
0.12108692837998099,0.14971564418627073,0.0,0.10899158789194516,0.13675461757372329,0.0
0.12108692837998099,0.14971564418627073,0.0,0.12743454435036247,0.13529348271381694,0.0
0.9179677616312348,0.03909885104349634,0.0,0.9097723035145039,0.021348711982958308,0.0
0.9179677616312348,0.03909885104349634,0.0,0.9295441315744714,0.023467235884143227,0.0
0.9097723035145039,0.021348711982958308,0.0,0.9295441315744714,0.023467235884143227,0.0
0.9097723035145039,0.021348711982958308,0.0,0.9018959214034892,0.003315459975780423,0.0
0.9097723035145039,0.021348711982958308,0.0,0.921451396731768,0.005510964229084138,0.0
0.14496577242604872,0.180291809107884,0.0,0.1372078753933555,0.1984719233079192,0.0
0.14496577242604872,0.180291809107884,0.0,0.1567512396874989,0.1961150489967212,0.0
0.9295441315744714,0.023467235884143227,0.0,0.921451396731768,0.005510964229084138,0.0
0.2549212071454445,0.1900191158946087,0.0,0.2352375608496372,0.1901715774166525,0.0
0.2352375608496372,0.1901715774166525,0.0,0.2155675444190997,0.1909215933815534,0.0
0.4903278569304189,0.009925828033246084,0.0,0.5100055502175438,0.009920661115322067,0.0
0.5100055502175438,0.009920661115322067,0.0,0.52967389058882,0.009312373946199074,0.0
0.020008640861375715,0.009685163010529118,0.0,0.03966574598938317,0.008782826137347459,0.0
0.020008640861375715,0.009685163010529118,0.0,0.0003334444760045743,0.009999513772905304,0.0
0.020008640861375715,0.009685163010529118,0.0,0.014572793966368455,0.023985801832475777,0.0
0.03966574598938317,0.008782826137347459,0.0,0.05929147710330632,0.007349946665058783,0.0
0.10578074514277934,0.18550982580947256,0.0,0.1176755593694548,0.2009191173322832,0.0
0.10578074514277934,0.18550982580947256,0.0,0.09813655032930213,0.2033120093872453,0.0
0.2155675444190997,0.1909215933815534,0.0,0.1959260328513177,0.1922212147213933,0.0
0.52967389058882,0.009312373946199074,0.0,0.5493168110657788,0.008139934948889678,0.0
0.1176755593694548,0.2009191173322832,0.0,0.1372078753933555,0.1984719233079192,0.0
0.1176755593694548,0.2009191173322832,0.0,0.09813655032930213,0.2033120093872453,0.0
0.1372078753933555,0.1984719233079192,0.0,0.1567512396874989,0.1961150489967212,0.0
3.334444814934153e-05,0.18999995399487002,0.0,0.014343820389090494,0.17476613551576675,0.0
3.334444814934153e-05,0.18999995399487002,0.0,0.011954362844261044,0.1977560968677683,0.0
3.334444814934153e-05,0.18999995399487002,0.0,4.7609529030445014e-27,0.21,0.0
0.1959260328513177,0.1922212147213933,0.0,0.1763208908223542,0.1939886762133007,0.0
0.6861187615548019,0.1930527247722307,0.0,0.6724327730896785,0.1777448488134202,0.0
0.6861187615548019,0.1930527247722307,0.0,0.6665320285254098,0.1950146595390509,0.0
0.6724327730896785,0.1777448488134202,0.0,0.6665320285254098,0.1950146595390509,0.0
0.6724327730896785,0.1777448488134202,0.0,0.6531431093889759,0.18098599953765132,0.0
0.6724327730896785,0.1777448488134202,0.0,0.6587573852334703,0.16413175985144998,0.0
0.3530228816138251,0.1972732469543295,0.0,0.3725585682950345,0.1996932487804034,0.0
0.1763208908223542,0.1939886762133007,0.0,0.1567512396874989,0.1961150489967212,0.0
0.6079079889629149,0.2021313692806051,0.0,0.6274414338011367,0.1996932485171144,0.0
0.6079079889629149,0.2021313692806051,0.0,0.5883592993452134,0.204443428867555,0.0
0.6274414338011367,0.1996932485171144,0.0,0.6469771203754761,0.1972732467138197,0.0
0.8823244412923026,0.2009191174150899,0.0,0.901863450217593,0.2033120094520914,0.0
0.8823244412923026,0.2009191174150899,0.0,0.8772077946336483,0.18708255805117696,0.0
0.901863450217593,0.2033120094520914,0.0,0.921425379683128,0.2055086350647987,0.0
0.6469771203754761,0.1972732467138197,0.0,0.6665320285254098,0.1950146595390509,0.0
0.6469771203754761,0.1972732467138197,0.0,0.6531431093889759,0.18098599953765132,0.0
0.6665320285254098,0.1950146595390509,0.0,0.6531431093889759,0.18098599953765132,0.0
0.6531431093889759,0.18098599953765132,0.0,0.6587573852334703,0.16413175985144998,0.0
0.07857462076905876,0.2055086350173741,0.0,0.09813655032930213,0.2033120093872453,0.0
0.07857462076905876,0.2055086350173741,0.0,0.05897878113556556,0.2073769316422593,0.0
0.4312186625324201,0.2064914855210821,0.0,0.4508331653730723,0.2081512657305875,0.0
0.4312186625324201,0.2064914855210821,0.0,0.44001583038274866,0.19163908860027265,0.0
0.568781339891721,0.2064914852893641,0.0,0.5883592993452134,0.204443428867555,0.0
0.568781339891721,0.2064914852893641,0.0,0.5491668371792392,0.2081512655447921,0.0
0.568781339891721,0.2064914852893641,0.0,0.5575773253099258,0.1908150495841328,0.0
0.921425379683128,0.2055086350647987,0.0,0.9410212191544387,0.2073769316668632,0.0
0.9410212191544387,0.2073769316668632,0.0,0.9509069627790152,0.1954074866346174,0.0
0.03934595430376511,0.2088023656195966,0.0,0.05897878113556556,0.2073769316422593,0.0
0.03934595430376511,0.2088023656195966,0.0,0.01968189381931244,0.2096956954280177,0.0
0.4508331653730723,0.2081512657305875,0.0,0.4704828605194097,0.2093199306346598,0.0
0.4508331653730723,0.2081512657305875,0.0,0.4598828660092073,0.19246899688184257,0.0
0.4508331653730723,0.2081512657305875,0.0,0.44001583038274866,0.19163908860027265,0.0
0.4704828605194097,0.2093199306346598,0.0,0.4598828660092073,0.19246899688184257,0.0
0.4704828605194097,0.2093199306346598,0.0,0.4901578846305079,0.2099236141418919,0.0
0.4704828605194097,0.2093199306346598,0.0,0.47905699047981226,0.19347246220868963,0.0
0.4598828660092073,0.19246899688184257,0.0,0.44001583038274866,0.19163908860027265,0.0
0.4598828660092073,0.19246899688184257,0.0,0.4473724828015899,0.1762721775090512,0.0
0.4598828660092073,0.19246899688184257,0.0,0.47905699047981226,0.19347246220868963,0.0
0.4598828660092073,0.19246899688184257,0.0,0.46736087268593685,0.1770849367014725,0.0
0.5295171421655228,0.2093199305123607,0.0,0.5491668371792392,0.2081512655447921,0.0
0.5295171421655228,0.2093199305123607,0.0,0.5383415149592661,0.19247334335538968,0.0
0.5295171421655228,0.2093199305123607,0.0,0.5098421182743784,0.209923614096859,0.0
0.5295171421655228,0.2093199305123607,0.0,0.5185821672575496,0.19383173316174726,0.0
0.5491668371792392,0.2081512655447921,0.0,0.5383415149592661,0.19247334335538968,0.0
0.5491668371792392,0.2081512655447921,0.0,0.5575773253099258,0.1908150495841328,0.0
0.5383415149592661,0.19247334335538968,0.0,0.5575773253099258,0.1908150495841328,0.0
0.5383415149592661,0.19247334335538968,0.0,0.5185821672575496,0.19383173316174726,0.0
0.5383415149592661,0.19247334335538968,0.0,0.5274549729096477,0.17906381340938596,0.0
0.5383415149592661,0.19247334335538968,0.0,0.5473785488990087,0.17865366039587252,0.0
0.4901578846305079,0.2099236141418919,0.0,0.5098421182743784,0.209923614096859,0.0
0.4901578846305079,0.2099236141418919,0.0,0.499114277500368,0.19381075497556846,0.0
0.4901578846305079,0.2099236141418919,0.0,0.47905699047981226,0.19347246220868963,0.0
0.5098421182743784,0.209923614096859,0.0,0.499114277500368,0.19381075497556846,0.0
0.5098421182743784,0.209923614096859,0.0,0.5185821672575496,0.19383173316174726,0.0
0.499114277500368,0.19381075497556846,0.0,0.47905699047981226,0.19347246220868963,0.0
0.499114277500368,0.19381075497556846,0.0,0.5185821672575496,0.19383173316174726,0.0
0.499114277500368,0.19381075497556846,0.0,0.48734318166069235,0.17822654077632707,0.0
0.499114277500368,0.19381075497556846,0.0,0.507498463320454,0.1786959129971971,0.0
0.11796748949556146,0.0008821820378842955,0.0,0.13749335330469356,-0.0015639190739466487,0.0
0.11796748949556146,0.0008821820378842955,0.0,0.0984352013913381,0.003276175358584274,0.0
0.13749335330469356,-0.0015639190739466487,0.0,0.15703050874839866,-0.003917663675212951,0.0
0.13749335330469356,-0.0015639190739466487,0.0,0.14927264688509506,0.013949090688983125,0.0
0.37276616510624605,-0.00028107453766906647,0.0,0.3532370862864959,-0.0027012448160677154,0.0
0.882363374642182,0.0009235896502928226,0.0,0.9018959214034892,0.003315459975780423,0.0
0.9018959214034892,0.003315459975780423,0.0,0.921451396731768,0.005510964229084138,0.0
0.3336889668546667,-0.004961646493700745,0.0,0.3532370862864959,-0.0027012448160677154,0.0
0.3336889668546667,-0.004961646493700745,0.0,0.31410914834486564,-0.006927045744862864,0.0
0.07888022512734574,0.005476144028677315,0.0,0.0984352013913381,0.003276175358584274,0.0
0.07888022512734574,0.005476144028677315,0.0,0.05929147710330632,0.007349946665058783,0.0
0.15703050874839866,-0.003917663675212951,0.0,0.1765941153513255,-0.006039125685533669,0.0
0.15703050874839866,-0.003917663675212951,0.0,0.16858611108103025,0.011284148330826388,0.0
0.15703050874839866,-0.003917663675212951,0.0,0.14927264688509506,0.013949090688983125,0.0
0.1765941153513255,-0.006039125685533669,0.0,0.16858611108103025,0.011284148330826388,0.0
0.1765941153513255,-0.006039125685533669,0.0,0.19619326292767883,-0.007800243073240228,0.0
0.1765941153513255,-0.006039125685533669,0.0,0.18823052675433577,0.009113833813730777,0.0
0.16858611108103025,0.011284148330826388,0.0,0.14927264688509506,0.013949090688983125,0.0
0.16858611108103025,0.011284148330826388,0.0,0.18823052675433577,0.009113833813730777,0.0
0.16858611108103025,0.011284148330826388,0.0,0.17945625528996442,0.02487682468485634,0.0
0.16858611108103025,0.011284148330826388,0.0,0.1597019950772613,0.02578130610594526,0.0
0.29449232014980464,-0.008477690051946277,0.0,0.31410914834486564,-0.006927045744862864,0.0
0.29449232014980464,-0.008477690051946277,0.0,0.27484194606470197,-0.009517082564335547,0.0
0.19619326292767883,-0.007800243073240228,0.0,0.21582870670971163,-0.009092517688744146,0.0
0.19619326292767883,-0.007800243073240228,0.0,0.20774423503874398,0.008037802700394933,0.0
0.19619326292767883,-0.007800243073240228,0.0,0.18823052675433577,0.009113833813730777,0.0
0.21582870670971163,-0.009092517688744146,0.0,0.20774423503874398,0.008037802700394933,0.0
0.21582870670971163,-0.009092517688744146,0.0,0.2354924791560106,-0.009834679268738286,0.0
0.20774423503874398,0.008037802700394933,0.0,0.18823052675433577,0.009113833813730777,0.0
0.20774423503874398,0.008037802700394933,0.0,0.19992615410323952,0.024408420655320298,0.0
0.9803246435048852,0.009695498006091317,0.0,1.0,0.009999601559980338,0.0
0.9803246435048852,0.009695498006091317,0.0,0.9855624274937302,0.024253619612764232,0.0
0.2354924791560106,-0.009834679268738286,0.0,0.2551696485148928,-0.009979304494318436,0.0
0.2551696485148928,-0.009979304494318436,0.0,0.27484194606470197,-0.009517082564335547,0.0
1.0,0.02999964462312105,0.0,1.0,0.009999601559980338,0.0
1.0,0.02999964462312105,0.0,0.9855624274937302,0.024253619612764232,0.0
0.01968189381931244,0.2096956954280177,0.0,0.011954362844261044,0.1977560968677683,0.0
0.01968189381931244,0.2096956954280177,0.0,4.7609529030445014e-27,0.21,0.0
0.6349860498760108,0.06925586541416504,0.0,0.6277849028187678,0.08560789993667105,0.0
0.14927264688509506,0.013949090688983125,0.0,0.14102481822283144,0.02611368126389613,0.0
0.14927264688509506,0.013949090688983125,0.0,0.1597019950772613,0.02578130610594526,0.0
0.44001583038274866,0.19163908860027265,0.0,0.4473724828015899,0.1762721775090512,0.0
0.4473724828015899,0.1762721775090512,0.0,0.46736087268593685,0.1770849367014725,0.0
0.011954362844261044,0.1977560968677683,0.0,4.7609529030445014e-27,0.21,0.0
0.18823052675433577,0.009113833813730777,0.0,0.19992615410323952,0.024408420655320298,0.0
0.18823052675433577,0.009113833813730777,0.0,0.17945625528996442,0.02487682468485634,0.0
0.5575773253099258,0.1908150495841328,0.0,0.5649921506302363,0.17852924786575658,0.0
0.5575773253099258,0.1908150495841328,0.0,0.5473785488990087,0.17865366039587252,0.0
0.3475715217209394,0.14451731414713417,0.0,0.32750527061480816,0.1434160008585372,0.0
0.47905699047981226,0.19347246220868963,0.0,0.48734318166069235,0.17822654077632707,0.0
0.47905699047981226,0.19347246220868963,0.0,0.46736087268593685,0.1770849367014725,0.0
0.5185821672575496,0.19383173316174726,0.0,0.507498463320454,0.1786959129971971,0.0
0.5185821672575496,0.19383173316174726,0.0,0.5274549729096477,0.17906381340938596,0.0
0.24533226549444137,0.14174322762618907,0.0,0.2654237217529264,0.1418270267609177,0.0
0.48734318166069235,0.17822654077632707,0.0,0.46736087268593685,0.1770849367014725,0.0
0.48734318166069235,0.17822654077632707,0.0,0.507498463320454,0.1786959129971971,0.0
0.19992615410323952,0.024408420655320298,0.0,0.17945625528996442,0.02487682468485634,0.0
1.0,0.009999601559980338,0.0,0.9855624274937302,0.024253619612764232,0.0
0.0003334444760045743,0.009999513772905304,0.0,0.014572793966368455,0.023985801832475777,0.0
0.10899158789194516,0.13675461757372329,0.0,0.12743454435036247,0.13529348271381694,0.0
0.6277849028187678,0.08560789993667105,0.0,0.6084379816079906,0.08517842249977987,0.0
0.17945625528996442,0.02487682468485634,0.0,0.1597019950772613,0.02578130610594526,0.0
0.507498463320454,0.1786959129971971,0.0,0.5274549729096477,0.17906381340938596,0.0
0.5649921506302363,0.17852924786575658,0.0,0.5473785488990087,0.17865366039587252,0.0
0.5274549729096477,0.17906381340938596,0.0,0.5473785488990087,0.17865366039587252,0.0
0.14102481822283144,0.02611368126389613,0.0,0.1597019950772613,0.02578130610594526,0.0
