start:0,start:1,start:2,end:0,end:1,end:2
0.7928144413669381,0.010636890100069405,0.0,0.8007615797765915,0.031691769682060215,0.0
0.7928144413669381,0.010636890100069405,0.0,0.7806902805544157,0.031271092684359396,0.0
0.7928144413669381,0.010636890100069405,0.0,0.7845044496851695,-0.009097332239657073,0.0
0.7928144413669381,0.010636890100069405,0.0,0.773425871532414,0.011435576571529906,0.0
0.7928144413669381,0.010636890100069405,0.0,0.804139409755739,-0.007796348686988109,0.0
0.7928144413669381,0.010636890100069405,0.0,0.8121641447828654,0.013064512295916705,0.0
0.8007615797765915,0.031691769682060215,0.0,0.7806902805544157,0.031271092684359396,0.0
0.8007615797765915,0.031691769682060215,0.0,0.8121641447828654,0.013064512295916705,0.0
0.8007615797765915,0.031691769682060215,0.0,0.8200869389933703,0.03289458802970725,0.0
0.8007615797765915,0.031691769682060215,0.0,0.7898797626740628,0.049531274920383964,0.0
0.8007615797765915,0.031691769682060215,0.0,0.8097654282712107,0.05004179634795025,0.0
0.7806902805544157,0.031271092684359396,0.0,0.773425871532414,0.011435576571529906,0.0
0.7806902805544157,0.031271092684359396,0.0,0.7708735236073336,0.04906585628466298,0.0
0.7806902805544157,0.031271092684359396,0.0,0.7605859772514996,0.03024534237505036,0.0
0.7806902805544157,0.031271092684359396,0.0,0.7898797626740628,0.049531274920383964,0.0
0.6934932693276922,0.17132983704469987,0.0,0.6878673162683605,0.1517274468100527,0.0
0.6934932693276922,0.17132983704469987,0.0,0.7078638932906718,0.1520974055684885,0.0
0.6934932693276922,0.17132983704469987,0.0,0.7155545778772963,0.1716263582074038,0.0
0.6934932693276922,0.17132983704469987,0.0,0.7057425391897695,0.1915070909240959,0.0
0.6934932693276922,0.17132983704469987,0.0,0.6772546923318485,0.1626914962689412,0.0
0.6934932693276922,0.17132983704469987,0.0,0.6861187615548019,0.1930527247722307,0.0
0.6934932693276922,0.17132983704469987,0.0,0.6724327948781018,0.17774292800107883,0.0
0.6878673162683605,0.1517274468100527,0.0,0.7078638932906718,0.1520974055684885,0.0
0.6878673162683605,0.1517274468100527,0.0,0.6772546923318485,0.1626914962689412,0.0
0.6878673162683605,0.1517274468100527,0.0,0.6781890474366179,0.1342353013094264,0.0
0.6878673162683605,0.1517274468100527,0.0,0.6678797747369868,0.15086869959720825,0.0
0.6878673162683605,0.1517274468100527,0.0,0.6981854045718401,0.13461729794768426,0.0
0.7078638932906718,0.1520974055684885,0.0,0.7155545778772963,0.1716263582074038,0.0
0.7078638932906718,0.1520974055684885,0.0,0.7273261333694431,0.15298711875412757,0.0
0.7078638932906718,0.1520974055684885,0.0,0.6981854045718401,0.13461729794768426,0.0
0.7078638932906718,0.1520974055684885,0.0,0.7180920257904754,0.13491246146952363,0.0
0.37471845846018853,0.05703462514905327,0.0,0.3692030717579064,0.07653174075459968,0.0
0.37471845846018853,0.05703462514905327,0.0,0.3879499621115992,0.07640826739105805,0.0
0.37471845846018853,0.05703462514905327,0.0,0.3978683850112548,0.0585402822540446,0.0
0.37471845846018853,0.05703462514905327,0.0,0.3544808241024256,0.049577585632537675,0.0
0.37471845846018853,0.05703462514905327,0.0,0.3877602884620011,0.03903302786030764,0.0
0.37471845846018853,0.05703462514905327,0.0,0.3684515690607661,0.03535727898664942,0.0
0.37471845846018853,0.05703462514905327,0.0,0.3594158572752593,0.06493287334805271,0.0
0.3692030717579064,0.07653174075459968,0.0,0.3879499621115992,0.07640826739105805,0.0
0.3692030717579064,0.07653174075459968,0.0,0.34900447512691596,0.0772601308912248,0.0
0.3692030717579064,0.07653174075459968,0.0,0.37887547049704223,0.09433941974567805,0.0
0.3692030717579064,0.07653174075459968,0.0,0.35888338091200694,0.0937266512257023,0.0
0.3692030717579064,0.07653174075459968,0.0,0.3594158572752593,0.06493287334805271,0.0
0.3879499621115992,0.07640826739105805,0.0,0.3978683850112548,0.0585402822540446,0.0
0.3879499621115992,0.07640826739105805,0.0,0.4081615171841905,0.0773388843127082,0.0
0.3879499621115992,0.07640826739105805,0.0,0.39887287247379843,0.09466465993624945,0.0
0.3879499621115992,0.07640826739105805,0.0,0.37887547049704223,0.09433941974567805,0.0
0.08528952274204939,0.18858657201159834,0.0,0.06733283455462462,0.17490092924881867,0.0
0.08528952274204939,0.18858657201159834,0.0,0.09441305567206729,0.17017424546079865,0.0
0.08528952274204939,0.18858657201159834,0.0,0.06788654276331936,0.19309999963097846,0.0
0.08528952274204939,0.18858657201159834,0.0,0.10578076834202162,0.18550797129608695,0.0
0.08528952274204939,0.18858657201159834,0.0,0.07857462076905876,0.2055086350173741,0.0
0.08528952274204939,0.18858657201159834,0.0,0.09813655032930213,0.2033120093872453,0.0
0.06733283455462462,0.17490092924881867,0.0,0.09441305567206729,0.17017424546079865,0.0
0.06733283455462462,0.17490092924881867,0.0,0.07877761814886701,0.15656601543717746,0.0
0.06733283455462462,0.17490092924881867,0.0,0.049256938811751666,0.18912695804469815,0.0
0.06733283455462462,0.17490092924881867,0.0,0.04852741730961043,0.1700751342181252,0.0
0.06733283455462462,0.17490092924881867,0.0,0.06788654276331936,0.19309999963097846,0.0
0.06733283455462462,0.17490092924881867,0.0,0.05766048745375102,0.15708722492834598,0.0
0.09441305567206729,0.17017424546079865,0.0,0.07877761814886701,0.15656601543717746,0.0
0.09441305567206729,0.17017424546079865,0.0,0.10142181158214333,0.15260392705034348,0.0
0.09441305567206729,0.17017424546079865,0.0,0.11376096024127416,0.16727564227736147,0.0
0.09441305567206729,0.17017424546079865,0.0,0.10578076834202162,0.18550797129608695,0.0
0.15827811714701318,0.12460748985989259,0.0,0.14137005317807194,0.14458950978460447,0.0
0.15827811714701318,0.12460748985989259,0.0,0.13828153135436058,0.12423748583048572,0.0
0.15827811714701318,0.12460748985989259,0.0,0.16203871840987727,0.1437866328474747,0.0
0.15827811714701318,0.12460748985989259,0.0,0.1763537906049144,0.12504567737375824,0.0
0.15827811714701318,0.12460748985989259,0.0,0.148601223174563,0.10703801330692829,0.0
0.15827811714701318,0.12460748985989259,0.0,0.16860266711215896,0.10714543471660731,0.0
0.14137005317807194,0.14458950978460447,0.0,0.13828153135436058,0.12423748583048572,0.0
0.14137005317807194,0.14458950978460447,0.0,0.16203871840987727,0.1437866328474747,0.0
0.14137005317807194,0.14458950978460447,0.0,0.1529066965530121,0.1620904689745608,0.0
0.14137005317807194,0.14458950978460447,0.0,0.13298571166975315,0.16433812879937368,0.0
0.14137005317807194,0.14458950978460447,0.0,0.12108694775882346,0.14970999451906475,0.0
0.14137005317807194,0.14458950978460447,0.0,0.12743454607458438,0.13528628700563933,0.0
0.13828153135436058,0.12423748583048572,0.0,0.148601223174563,0.10703801330692829,0.0
0.13828153135436058,0.12423748583048572,0.0,0.1286037002523871,0.10671860876007154,0.0
0.13828153135436058,0.12423748583048572,0.0,0.11829382827343662,0.12338707218919787,0.0
0.13828153135436058,0.12423748583048572,0.0,0.12743454607458438,0.13528628700563933,0.0
0.1298484387018124,0.016548607013625212,0.0,0.12895098777263672,0.035853530376954476,0.0
0.1298484387018124,0.016548607013625212,0.0,0.11190209256360069,0.019363622571046568,0.0
0.1298484387018124,0.016548607013625212,0.0,0.1179670370962853,0.0008598701383117304,0.0
0.1298484387018124,0.016548607013625212,0.0,0.13749291690239074,-0.0015862315028430311,0.0
0.1298484387018124,0.016548607013625212,0.0,0.149272301760533,0.013928621410920428,0.0
0.1298484387018124,0.016548607013625212,0.0,0.14102450732263955,0.026094452702018323,0.0
0.12895098777263672,0.035853530376954476,0.0,0.11190209256360069,0.019363622571046568,0.0
0.12895098777263672,0.035853530376954476,0.0,0.1063083260207825,0.037339580001475164,0.0
0.12895098777263672,0.035853530376954476,0.0,0.11941019202854487,0.054320558272582184,0.0
0.12895098777263672,0.035853530376954476,0.0,0.13956233846224986,0.054955946827081596,0.0
0.12895098777263672,0.035853530376954476,0.0,0.14998426818456395,0.03908307469255059,0.0
0.12895098777263672,0.035853530376954476,0.0,0.14102450732263955,0.026094452702018323,0.0
0.11190209256360069,0.019363622571046568,0.0,0.1063083260207825,0.037339580001475164,0.0
0.11190209256360069,0.019363622571046568,0.0,0.08990302559716154,0.022326275357864314,0.0
0.11190209256360069,0.019363622571046568,0.0,0.1179670370962853,0.0008598701383117304,0.0
0.11190209256360069,0.019363622571046568,0.0,0.09843476066562983,0.0032538637244943908,0.0
0.07877761814886701,0.15656601543717746,0.0,0.10142181158214333,0.15260392705034348,0.0
0.07877761814886701,0.15656601543717746,0.0,0.08886193044238355,0.13870004685138437,0.0
0.07877761814886701,0.15656601543717746,0.0,0.05766048745375102,0.15708722492834598,0.0
0.07877761814886701,0.15656601543717746,0.0,0.06797328261343727,0.14026196572914998,0.0
0.1063083260207825,0.037339580001475164,0.0,0.08990302559716154,0.022326275357864314,0.0
0.1063083260207825,0.037339580001475164,0.0,0.0890169160253946,0.04101625049567663,0.0
0.1063083260207825,0.037339580001475164,0.0,0.11941019202854487,0.054320558272582184,0.0
0.1063083260207825,0.037339580001475164,0.0,0.09893934283798142,0.05471956422805383,0.0
0.8388956626354065,0.10436979107980539,0.0,0.8588556343159574,0.10426638311258724,0.0
0.8388956626354065,0.10436979107980539,0.0,0.8493188387703494,0.12258856955534712,0.0
0.8388956626354065,0.10436979107980539,0.0,0.8281147350484221,0.1229129018396591,0.0
0.8388956626354065,0.10436979107980539,0.0,0.8188296195445981,0.10294134583309489,0.0
0.8388956626354065,0.10436979107980539,0.0,0.8291236497513341,0.0851805979340192,0.0
0.8388956626354065,0.10436979107980539,0.0,0.8491364090460393,0.08573591589390411,0.0
0.8588556343159574,0.10426638311258724,0.0,0.8493188387703494,0.12258856955534712,0.0
0.8588556343159574,0.10426638311258724,0.0,0.8697968940274119,0.12185330461299923,0.0
0.8588556343159574,0.10426638311258724,0.0,0.8788060250501287,0.10360839660197194,0.0
0.8588556343159574,0.10426638311258724,0.0,0.8491364090460393,0.08573591589390411,0.0
0.8588556343159574,0.10426638311258724,0.0,0.869123555007993,0.08638398961647813,0.0
0.8493188387703494,0.12258856955534712,0.0,0.8369339134937116,0.1422457918687931,0.0
0.8493188387703494,0.12258856955534712,0.0,0.8610037921966679,0.1399567967509085,0.0
0.8493188387703494,0.12258856955534712,0.0,0.8281147350484221,0.1229129018396591,0.0
0.8493188387703494,0.12258856955534712,0.0,0.8697968940274119,0.12185330461299923,0.0
0.16203871840987727,0.1437866328474747,0.0,0.1763537906049144,0.12504567737375824,0.0
0.16203871840987727,0.1437866328474747,0.0,0.1842071063554335,0.14230518000446854,0.0
0.16203871840987727,0.1437866328474747,0.0,0.1731414442103805,0.160096876301967,0.0
0.16203871840987727,0.1437866328474747,0.0,0.1529066965530121,0.1620904689745608,0.0
0.3978683850112548,0.0585402822540446,0.0,0.4081615171841905,0.0773388843127082,0.0
0.3978683850112548,0.0585402822540446,0.0,0.418634546416565,0.05945523985742447,0.0
0.3978683850112548,0.0585402822540446,0.0,0.40855944594100124,0.04143024554293526,0.0
0.3978683850112548,0.0585402822540446,0.0,0.3877602884620011,0.03903302786030764,0.0
0.8369339134937116,0.1422457918687931,0.0,0.8610037921966679,0.1399567967509085,0.0
0.8369339134937116,0.1422457918687931,0.0,0.849085123894867,0.1623673256536692,0.0
0.8369339134937116,0.1422457918687931,0.0,0.8273958740062878,0.1597839703605273,0.0
0.8369339134937116,0.1422457918687931,0.0,0.8281147350484221,0.1229129018396591,0.0
0.8369339134937116,0.1422457918687931,0.0,0.8172381342714842,0.14072094370571459,0.0
0.8610037921966679,0.1399567967509085,0.0,0.849085123894867,0.1623673256536692,0.0
0.8610037921966679,0.1399567967509085,0.0,0.8697968940274119,0.12185330461299923,0.0
0.8610037921966679,0.1399567967509085,0.0,0.871485663121019,0.15794830238006013,0.0
0.8610037921966679,0.1399567967509085,0.0,0.879842954678358,0.13900339790853447,0.0
0.849085123894867,0.1623673256536692,0.0,0.8351248020340862,0.17781056268418285,0.0
0.849085123894867,0.1623673256536692,0.0,0.8273958740062878,0.1597839703605273,0.0
0.849085123894867,0.1623673256536692,0.0,0.8497836187874365,0.18264430249247557,0.0
0.849085123894867,0.1623673256536692,0.0,0.8643684281328711,0.17742498000601944,0.0
0.849085123894867,0.1623673256536692,0.0,0.871485663121019,0.15794830238006013,0.0
0.5598408394009269,0.0963482201216438,0.0,0.5794883372639033,0.09663342290179817,0.0
0.5598408394009269,0.0963482201216438,0.0,0.5716166444879712,0.07611801282951147,0.0
0.5598408394009269,0.0963482201216438,0.0,0.5397657238316639,0.0964879649264109,0.0
0.5598408394009269,0.0963482201216438,0.0,0.5517026008172725,0.07764032457109654,0.0
0.5598408394009269,0.0963482201216438,0.0,0.5487126333383602,0.1143980300086634,0.0
0.5598408394009269,0.0963482201216438,0.0,0.5687235197842584,0.11468237579186373,0.0
0.5794883372639033,0.09663342290179817,0.0,0.5716166444879712,0.07611801282951147,0.0
0.5794883372639033,0.09663342290179817,0.0,0.5891652113335132,0.08059933685321,0.0
0.5794883372639033,0.09663342290179817,0.0,0.5687235197842584,0.11468237579186373,0.0
0.5794883372639033,0.09663342290179817,0.0,0.5886643043111579,0.11502395656885939,0.0
0.5794883372639033,0.09663342290179817,0.0,0.5989551904139341,0.09887460100172243,0.0
0.5716166444879712,0.07611801282951147,0.0,0.5517026008172725,0.07764032457109654,0.0
0.5716166444879712,0.07611801282951147,0.0,0.5629805794578354,0.05884613992771258,0.0
0.5716166444879712,0.07611801282951147,0.0,0.5891652113335132,0.08059933685321,0.0
0.5716166444879712,0.07611801282951147,0.0,0.5842655722438426,0.06013520446487611,0.0
0.5767966781270308,0.1885106467713806,0.0,0.5780538091495989,0.16795302024784964,0.0
0.5767966781270308,0.1885106467713806,0.0,0.5961733158331929,0.1867105700399785,0.0
0.5767966781270308,0.1885106467713806,0.0,0.568781339891721,0.2064914852893641,0.0
0.5767966781270308,0.1885106467713806,0.0,0.5883592993452134,0.204443428867555,0.0
0.5767966781270308,0.1885106467713806,0.0,0.5575773396177104,0.19081327424089708,0.0
0.5767966781270308,0.1885106467713806,0.0,0.5649921709995319,0.17852621438595445,0.0
0.5780538091495989,0.16795302024784964,0.0,0.5961733158331929,0.1867105700399785,0.0
0.5780538091495989,0.16795302024784964,0.0,0.6001372373303208,0.16726156793792626,0.0
0.5780538091495989,0.16795302024784964,0.0,0.5878919460732922,0.14980436600201294,0.0
0.5780538091495989,0.16795302024784964,0.0,0.5678878208794227,0.14950737014675977,0.0
0.5780538091495989,0.16795302024784964,0.0,0.5574400382531344,0.16497134616746056,0.0
0.5780538091495989,0.16795302024784964,0.0,0.5649921709995319,0.17852621438595445,0.0
0.5961733158331929,0.1867105700399785,0.0,0.6001372373303208,0.16726156793792626,0.0
0.5961733158331929,0.1867105700399785,0.0,0.613700788921239,0.18442957966578802,0.0
0.5961733158331929,0.1867105700399785,0.0,0.6079079889629149,0.2021313692806051,0.0
0.5961733158331929,0.1867105700399785,0.0,0.5883592993452134,0.204443428867555,0.0
0.8351248020340862,0.17781056268418285,0.0,0.8273958740062878,0.1597839703605273,0.0
0.8351248020340862,0.17781056268418285,0.0,0.8497836187874365,0.18264430249247557,0.0
0.8351248020340862,0.17781056268418285,0.0,0.8153373975519982,0.17603706886381587,0.0
0.8351248020340862,0.17781056268418285,0.0,0.8236791101517987,0.1939886763111289,0.0
0.8351248020340862,0.17781056268418285,0.0,0.8432487611881002,0.1961150490981094,0.0
0.8273958740062878,0.1597839703605273,0.0,0.8172381342714842,0.14072094370571459,0.0
0.8273958740062878,0.1597839703605273,0.0,0.8063719709775818,0.15785857119752755,0.0
0.8273958740062878,0.1597839703605273,0.0,0.8153373975519982,0.17603706886381587,0.0
0.6983187456734804,0.011465743634206231,0.0,0.6909583535920906,0.03178356506457016,0.0
0.6983187456734804,0.011465743634206231,0.0,0.7114700699633375,0.02977236598414533,0.0
0.6983187456734804,0.011465743634206231,0.0,0.7187889760653815,0.010860309206401074,0.0
0.6983187456734804,0.011465743634206231,0.0,0.6862226437268788,-0.006979399097255177,0.0
0.6983187456734804,0.011465743634206231,0.0,0.6787464923091888,0.013225752142312072,0.0
0.6983187456734804,0.011465743634206231,0.0,0.7058401776089083,-0.00852210811965128,0.0
0.6909583535920906,0.03178356506457016,0.0,0.7114700699633375,0.02977236598414533,0.0
0.6909583535920906,0.03178356506457016,0.0,0.6835590655516841,0.0502551389904973,0.0
0.6909583535920906,0.03178356506457016,0.0,0.6713369497407793,0.03362612826996113,0.0
0.6909583535920906,0.03178356506457016,0.0,0.6787464923091888,0.013225752142312072,0.0
0.6909583535920906,0.03178356506457016,0.0,0.7047039303619625,0.048656992433818276,0.0
0.7114700699633375,0.02977236598414533,0.0,0.7247583156323442,0.04636284921061087,0.0
0.7114700699633375,0.02977236598414533,0.0,0.7187889760653815,0.010860309206401074,0.0
0.7114700699633375,0.02977236598414533,0.0,0.7047039303619625,0.048656992433818276,0.0
0.7114700699633375,0.02977236598414533,0.0,0.7304022919251993,0.025913493172299937,0.0
0.3544808241024256,0.049577585632537675,0.0,0.3311210439875737,0.04131535887618632,0.0
0.3544808241024256,0.049577585632537675,0.0,0.34924927950208673,0.03138505530269585,0.0
0.3544808241024256,0.049577585632537675,0.0,0.33942741180717795,0.06028749628216993,0.0
0.3544808241024256,0.049577585632537675,0.0,0.3684515690607661,0.03535727898664942,0.0
0.3544808241024256,0.049577585632537675,0.0,0.3594158572752593,0.06493287334805271,0.0
0.3311210439875737,0.04131535887618632,0.0,0.34924927950208673,0.03138505530269585,0.0
0.3311210439875737,0.04131535887618632,0.0,0.33942741180717795,0.06028749628216993,0.0
0.3311210439875737,0.04131535887618632,0.0,0.31819761700792937,0.024719671189532336,0.0
0.3311210439875737,0.04131535887618632,0.0,0.3342508894343085,0.025588302239683013,0.0
0.3311210439875737,0.04131535887618632,0.0,0.3193120602215039,0.0584376628950772,0.0
0.3311210439875737,0.04131535887618632,0.0,0.3098014648120715,0.041333134514676684,0.0
0.34924927950208673,0.03138505530269585,0.0,0.3684515690607661,0.03535727898664942,0.0
0.34924927950208673,0.03138505530269585,0.0,0.3610609983782529,0.015653024466373157,0.0
0.34924927950208673,0.03138505530269585,0.0,0.3424358213168718,0.01213992996283874,0.0
0.34924927950208673,0.03138505530269585,0.0,0.3342508894343085,0.025588302239683013,0.0
0.76484095250431,-0.009849313870059578,0.0,0.7845044496851695,-0.009097332239657073,0.0
0.76484095250431,-0.009849313870059578,0.0,0.773425871532414,0.011435576571529906,0.0
0.76484095250431,-0.009849313870059578,0.0,0.7548681728684041,0.007115888540329557,0.0
0.76484095250431,-0.009849313870059578,0.0,0.7451637626178981,-0.010004252720431211,0.0
0.7845044496851695,-0.009097332239657073,0.0,0.773425871532414,0.011435576571529906,0.0
0.7845044496851695,-0.009097332239657073,0.0,0.804139409755739,-0.007796348686988109,0.0
0.773425871532414,0.011435576571529906,0.0,0.7548681728684041,0.007115888540329557,0.0
0.773425871532414,0.011435576571529906,0.0,0.7605859772514996,0.03024534237505036,0.0
0.6001372373303208,0.16726156793792626,0.0,0.613700788921239,0.18442957966578802,0.0
0.6001372373303208,0.16726156793792626,0.0,0.6208486378305282,0.16707292255519524,0.0
0.6001372373303208,0.16726156793792626,0.0,0.5878919460732922,0.14980436600201294,0.0
0.6001372373303208,0.16726156793792626,0.0,0.6078960003378279,0.14982970658467964,0.0
0.1763537906049144,0.12504567737375824,0.0,0.1842071063554335,0.14230518000446854,0.0
0.1763537906049144,0.12504567737375824,0.0,0.1963978460589557,0.12486058987217484,0.0
0.1763537906049144,0.12504567737375824,0.0,0.16860266711215896,0.10714543471660731,0.0
0.1763537906049144,0.12504567737375824,0.0,0.1885982725586249,0.10756871669673092,0.0
0.1842071063554335,0.14230518000446854,0.0,0.20433277220359466,0.1419778058147519,0.0
0.1842071063554335,0.14230518000446854,0.0,0.19363044598239124,0.15865313309240797,0.0
0.1842071063554335,0.14230518000446854,0.0,0.1963978460589557,0.12486058987217484,0.0
0.1842071063554335,0.14230518000446854,0.0,0.1731414442103805,0.160096876301967,0.0
0.7247583156323442,0.04636284921061087,0.0,0.7427690800362158,0.03990064907849211,0.0
0.7247583156323442,0.04636284921061087,0.0,0.7399380720079018,0.06258419232801363,0.0
0.7247583156323442,0.04636284921061087,0.0,0.7180010934745396,0.0657757285478579,0.0
0.7247583156323442,0.04636284921061087,0.0,0.7047039303619625,0.048656992433818276,0.0
0.7247583156323442,0.04636284921061087,0.0,0.7304022919251993,0.025913493172299937,0.0
0.7427690800362158,0.03990064907849211,0.0,0.7399380720079018,0.06258419232801363,0.0
0.7427690800362158,0.03990064907849211,0.0,0.7605859772514996,0.03024534237505036,0.0
0.7427690800362158,0.03990064907849211,0.0,0.755030543997008,0.05045292302190069,0.0
0.7427690800362158,0.03990064907849211,0.0,0.7304022919251993,0.025913493172299937,0.0
0.7427690800362158,0.03990064907849211,0.0,0.7450619000541071,0.022008188756095406,0.0
0.7399380720079018,0.06258419232801363,0.0,0.7180010934745396,0.0657757285478579,0.0
0.7399380720079018,0.06258419232801363,0.0,0.755030543997008,0.05045292302190069,0.0
0.7399380720079018,0.06258419232801363,0.0,0.7605475608530187,0.06694325989088802,0.0
0.7399380720079018,0.06258419232801363,0.0,0.7491310419851095,0.08358503650742782,0.0
0.7399380720079018,0.06258419232801363,0.0,0.7291096139924631,0.08330621697322853,0.0
0.6835590655516841,0.0502551389904973,0.0,0.6754742753676661,0.06753829972950835,0.0
0.6835590655516841,0.0502551389904973,0.0,0.6964877920953992,0.06660037764404275,0.0
0.6835590655516841,0.0502551389904973,0.0,0.6713369497407793,0.03362612826996113,0.0
0.6835590655516841,0.0502551389904973,0.0,0.7047039303619625,0.048656992433818276,0.0
0.6835590655516841,0.0502551389904973,0.0,0.6625801328271376,0.05089298194309422,0.0
0.6754742753676661,0.06753829972950835,0.0,0.6964877920953992,0.06660037764404275,0.0
0.6754742753676661,0.06753829972950835,0.0,0.6882066222800234,0.08397336123057397,0.0
0.6754742753676661,0.06753829972950835,0.0,0.6670222559991321,0.08367262515123343,0.0
0.6754742753676661,0.06753829972950835,0.0,0.6549550277885378,0.06806088364935024,0.0
0.6754742753676661,0.06753829972950835,0.0,0.6625801328271376,0.05089298194309422,0.0
0.6964877920953992,0.06660037764404275,0.0,0.6882066222800234,0.08397336123057397,0.0
0.6964877920953992,0.06660037764404275,0.0,0.7180010934745396,0.0657757285478579,0.0
0.6964877920953992,0.06660037764404275,0.0,0.7047039303619625,0.048656992433818276,0.0
0.6964877920953992,0.06660037764404275,0.0,0.7089817641958315,0.0834027163343075,0.0
0.7155545778772963,0.1716263582074038,0.0,0.7358694792010267,0.1720782954748222,0.0
0.7155545778772963,0.1716263582074038,0.0,0.7273261333694431,0.15298711875412757,0.0
0.7155545778772963,0.1716263582074038,0.0,0.7057425391897695,0.1915070909240959,0.0
0.7155545778772963,0.1716263582074038,0.0,0.7253997900510565,0.1904740301919498,0.0
0.529953650910022,0.07905085668846742,0.0,0.5397657238316639,0.0964879649264109,0.0
0.529953650910022,0.07905085668846742,0.0,0.5517026008172725,0.07764032457109654,0.0
0.529953650910022,0.07905085668846742,0.0,0.5409599547495367,0.061013109835230415,0.0
0.529953650910022,0.07905085668846742,0.0,0.5196011874188141,0.061877460258063156,0.0
0.529953650910022,0.07905085668846742,0.0,0.5091789476491041,0.07911964884120795,0.0
0.529953650910022,0.07905085668846742,0.0,0.5189867528903346,0.09655101638952748,0.0
0.5397657238316639,0.0964879649264109,0.0,0.5517026008172725,0.07764032457109654,0.0
0.5397657238316639,0.0964879649264109,0.0,0.5189867528903346,0.09655101638952748,0.0
0.5397657238316639,0.0964879649264109,0.0,0.5287087406393156,0.11403203271611927,0.0
0.5397657238316639,0.0964879649264109,0.0,0.5487126333383602,0.1143980300086634,0.0
0.5517026008172725,0.07764032457109654,0.0,0.5409599547495367,0.061013109835230415,0.0
0.5517026008172725,0.07764032457109654,0.0,0.5629805794578354,0.05884613992771258,0.0
0.33942741180717795,0.06028749628216993,0.0,0.328992584167462,0.07607984128823328,0.0
0.33942741180717795,0.06028749628216993,0.0,0.34900447512691596,0.0772601308912248,0.0
0.33942741180717795,0.06028749628216993,0.0,0.3193120602215039,0.0584376628950772,0.0
0.33942741180717795,0.06028749628216993,0.0,0.3594158572752593,0.06493287334805271,0.0
0.7187889760653815,0.010860309206401074,0.0,0.7058401776089083,-0.00852210811965128,0.0
0.7187889760653815,0.010860309206401074,0.0,0.7254911329043454,-0.009552174420486935,0.0
0.7187889760653815,0.010860309206401074,0.0,0.7304022919251993,0.025913493172299937,0.0
0.7187889760653815,0.010860309206401074,0.0,0.7366839824247107,0.006865566526638387,0.0
0.8281147350484221,0.1229129018396591,0.0,0.8188296195445981,0.10294134583309489,0.0
0.8281147350484221,0.1229129018396591,0.0,0.8080795481861659,0.12118183221417354,0.0
0.8281147350484221,0.1229129018396591,0.0,0.8172381342714842,0.14072094370571459,0.0
0.4081615171841905,0.0773388843127082,0.0,0.418634546416565,0.05945523985742447,0.0
0.4081615171841905,0.0773388843127082,0.0,0.42907640595395685,0.07764573932505991,0.0
0.4081615171841905,0.0773388843127082,0.0,0.39887287247379843,0.09466465993624945,0.0
0.4081615171841905,0.0773388843127082,0.0,0.4188736592864121,0.09480675051009071,0.0
0.418634546416565,0.05945523985742447,0.0,0.40855944594100124,0.04143024554293526,0.0
0.418634546416565,0.05945523985742447,0.0,0.42907640595395685,0.07764573932505991,0.0
0.418634546416565,0.05945523985742447,0.0,0.4388492566996898,0.05993587549015994,0.0
0.418634546416565,0.05945523985742447,0.0,0.42929226464807757,0.04184042543362146,0.0
0.40855944594100124,0.04143024554293526,0.0,0.3877602884620011,0.03903302786030764,0.0
0.40855944594100124,0.04143024554293526,0.0,0.4000728260227298,0.02283111362781403,0.0
0.40855944594100124,0.04143024554293526,0.0,0.42026076424201264,0.02381121912054797,0.0
0.40855944594100124,0.04143024554293526,0.0,0.42929226464807757,0.04184042543362146,0.0
0.10142181158214333,0.15260392705034348,0.0,0.08886193044238355,0.13870004685138437,0.0
0.10142181158214333,0.15260392705034348,0.0,0.11376096024127416,0.16727564227736147,0.0
0.10142181158214333,0.15260392705034348,0.0,0.12108694775882346,0.14970999451906475,0.0
0.10142181158214333,0.15260392705034348,0.0,0.10899159001581206,0.13674740474136388,0.0
0.804139409755739,-0.007796348686988109,0.0,0.8237380006181029,-0.006028154786669922,0.0
0.804139409755739,-0.007796348686988109,0.0,0.8121641447828654,0.013064512295916705,0.0
0.8237380006181029,-0.006028154786669922,0.0,0.8121641447828654,0.013064512295916705,0.0
0.8237380006181029,-0.006028154786669922,0.0,0.8317489562988772,0.012912909538367622,0.0
0.8237380006181029,-0.006028154786669922,0.0,0.8433011229848963,-0.0039016453552888604,0.0
0.8121641447828654,0.013064512295916705,0.0,0.8317489562988772,0.012912909538367622,0.0
0.8121641447828654,0.013064512295916705,0.0,0.8200869389933703,0.03289458802970725,0.0
0.27808883516936445,0.02350661984744736,0.0,0.28648012210118223,0.007614396189027594,0.0
0.27808883516936445,0.02350661984744736,0.0,0.29804888519970396,0.02435370309672085,0.0
0.27808883516936445,0.02350661984744736,0.0,0.25826419340040624,0.023323575649799564,0.0
0.27808883516936445,0.02350661984744736,0.0,0.2654466927304066,0.005899991859193086,0.0
0.27808883516936445,0.02350661984744736,0.0,0.2898327384731737,0.04103007147256927,0.0
0.27808883516936445,0.02350661984744736,0.0,0.26985323496657293,0.040239344351702955,0.0
0.28648012210118223,0.007614396189027594,0.0,0.29804888519970396,0.02435370309672085,0.0
0.28648012210118223,0.007614396189027594,0.0,0.3058925192731809,0.007918300915178492,0.0
0.28648012210118223,0.007614396189027594,0.0,0.2654466927304066,0.005899991859193086,0.0
0.28648012210118223,0.007614396189027594,0.0,0.2944925370084873,-0.00850000506382967,0.0
0.28648012210118223,0.007614396189027594,0.0,0.2748420702286549,-0.00953939805481778,0.0
0.29804888519970396,0.02435370309672085,0.0,0.3058925192731809,0.007918300915178492,0.0
0.29804888519970396,0.02435370309672085,0.0,0.31819761700792937,0.024719671189532336,0.0
0.29804888519970396,0.02435370309672085,0.0,0.3098014648120715,0.041333134514676684,0.0
0.29804888519970396,0.02435370309672085,0.0,0.2898327384731737,0.04103007147256927,0.0
0.3058925192731809,0.007918300915178492,0.0,0.31819761700792937,0.024719671189532336,0.0
0.3058925192731809,0.007918300915178492,0.0,0.3242186244275237,0.00916040860018062,0.0
0.3058925192731809,0.007918300915178492,0.0,0.2944925370084873,-0.00850000506382967,0.0
0.3058925192731809,0.007918300915178492,0.0,0.31410944861914236,-0.0069493600855069755,0.0
0.8497836187874365,0.18264430249247557,0.0,0.8643684281328711,0.17742498000601944,0.0
0.8497836187874365,0.18264430249247557,0.0,0.8627921253644149,0.1984719234020252,0.0
0.8497836187874365,0.18264430249247557,0.0,0.8432487611881002,0.1961150490981094,0.0
0.6590001246968873,0.014478547704516773,0.0,0.6511456774327429,0.03455706824297956,0.0
0.6590001246968873,0.014478547704516773,0.0,0.6713369497407793,0.03362612826996113,0.0
0.6590001246968873,0.014478547704516773,0.0,0.6666421487285793,-0.005020084344362854,0.0
0.6590001246968873,0.014478547704516773,0.0,0.6787464923091888,0.013225752142312072,0.0
0.6590001246968873,0.014478547704516773,0.0,0.6470935290426247,-0.0027635872689470192,0.0
0.6590001246968873,0.014478547704516773,0.0,0.6393366979926292,0.01675045396010041,0.0
0.6511456774327429,0.03455706824297956,0.0,0.6713369497407793,0.03362612826996113,0.0
0.6511456774327429,0.03455706824297956,0.0,0.6393366979926292,0.01675045396010041,0.0
0.6511456774327429,0.03455706824297956,0.0,0.6313545264476185,0.036251025898944494,0.0
0.6511456774327429,0.03455706824297956,0.0,0.6425427522113135,0.052399588068202545,0.0
0.6511456774327429,0.03455706824297956,0.0,0.6625801328271376,0.05089298194309422,0.0
0.6713369497407793,0.03362612826996113,0.0,0.6787464923091888,0.013225752142312072,0.0
0.6713369497407793,0.03362612826996113,0.0,0.6625801328271376,0.05089298194309422,0.0
0.613700788921239,0.18442957966578802,0.0,0.6208486378305282,0.16707292255519524,0.0
0.613700788921239,0.18442957966578802,0.0,0.6336764073433344,0.1825591607739496,0.0
0.613700788921239,0.18442957966578802,0.0,0.6079079889629149,0.2021313692806051,0.0
0.613700788921239,0.18442957966578802,0.0,0.6274414338011367,0.1996932485171144,0.0
0.6208486378305282,0.16707292255519524,0.0,0.6336764073433344,0.1825591607739496,0.0
0.6208486378305282,0.16707292255519524,0.0,0.63994729032887,0.16590175019488776,0.0
0.6208486378305282,0.16707292255519524,0.0,0.6278864537288598,0.1501378568993177,0.0
0.6208486378305282,0.16707292255519524,0.0,0.6078960003378279,0.14982970658467964,0.0
0.6336764073433344,0.1825591607739496,0.0,0.63994729032887,0.16590175019488776,0.0
0.6336764073433344,0.1825591607739496,0.0,0.6274414338011367,0.1996932485171144,0.0
0.6336764073433344,0.1825591607739496,0.0,0.6469771203754761,0.1972732467138197,0.0
0.6336764073433344,0.1825591607739496,0.0,0.6531431323431013,0.18098422815549728,0.0
0.01753722366649727,0.08001444810407506,0.0,0.03663178207823783,0.08873196807975788,0.0
0.01753722366649727,0.08001444810407506,0.0,0.017520843157996617,0.09976293906595649,0.0
0.01753722366649727,0.08001444810407506,0.0,0.019730242736850884,0.057923816939018054,0.0
0.01753722366649727,0.08001444810407506,0.0,0.03206879928608893,0.07020190303031618,0.0
0.01753722366649727,0.08001444810407506,0.0,0.0002334111370453746,0.06998440930004364,0.0
0.01753722366649727,0.08001444810407506,0.0,0.0002000666888959734,0.08998672596526124,0.0
0.03663178207823783,0.08873196807975788,0.0,0.017520843157996617,0.09976293906595649,0.0
0.03663178207823783,0.08873196807975788,0.0,0.03230845657171589,0.10710454728881427,0.0
0.03663178207823783,0.08873196807975788,0.0,0.03206879928608893,0.07020190303031618,0.0
0.03663178207823783,0.08873196807975788,0.0,0.05893561147278806,0.08811841162155806,0.0
0.03663178207823783,0.08873196807975788,0.0,0.049686336738726626,0.07057948204415673,0.0
0.03663178207823783,0.08873196807975788,0.0,0.048617125257077974,0.10525306643126504,0.0
0.017520843157996617,0.09976293906595649,0.0,0.03230845657171589,0.10710454728881427,0.0
0.017520843157996617,0.09976293906595649,0.0,0.018378490816994757,0.12128912274081774,0.0
0.017520843157996617,0.09976293906595649,0.0,0.0001667222407464953,0.10998901282484154,0.0
0.017520843157996617,0.09976293906595649,0.0,0.0002000666888959734,0.08998672596526124,0.0
0.6666421487285793,-0.005020084344362854,0.0,0.6862226437268788,-0.006979399097255177,0.0
0.6666421487285793,-0.005020084344362854,0.0,0.6787464923091888,0.013225752142312072,0.0
0.6666421487285793,-0.005020084344362854,0.0,0.6470935290426247,-0.0027635872689470192,0.0
0.6862226437268788,-0.006979399097255177,0.0,0.6787464923091888,0.013225752142312072,0.0
0.6862226437268788,-0.006979399097255177,0.0,0.7058401776089083,-0.00852210811965128,0.0
0.8951928577541158,0.18566385976231642,0.0,0.9155300444202847,0.17383568554026343,0.0
0.8951928577541158,0.18566385976231642,0.0,0.9133705961726767,0.19155813366079022,0.0
0.8951928577541158,0.18566385976231642,0.0,0.8979001489102613,0.16850458946381555,0.0
0.8951928577541158,0.18566385976231642,0.0,0.8813610396193517,0.17292558109953632,0.0
0.8951928577541158,0.18566385976231642,0.0,0.8823244412923026,0.2009191174150899,0.0
0.8951928577541158,0.18566385976231642,0.0,0.901863450217593,0.2033120094520914,0.0
0.8951928577541158,0.18566385976231642,0.0,0.8772077745195382,0.18708108966410425,0.0
0.9155300444202847,0.17383568554026343,0.0,0.9133705961726767,0.19155813366079022,0.0
0.9155300444202847,0.17383568554026343,0.0,0.8979001489102613,0.16850458946381555,0.0
0.9155300444202847,0.17383568554026343,0.0,0.9348318409603125,0.17142257130425134,0.0
0.9155300444202847,0.17383568554026343,0.0,0.9328412652253841,0.18947050278738942,0.0
0.9155300444202847,0.17383568554026343,0.0,0.9272487419845814,0.15588945868846893,0.0
0.9155300444202847,0.17383568554026343,0.0,0.9080894210065384,0.15490906211855127,0.0
0.9133705961726767,0.19155813366079022,0.0,0.9328412652253841,0.18947050278738942,0.0
0.9133705961726767,0.19155813366079022,0.0,0.901863450217593,0.2033120094520914,0.0
0.9133705961726767,0.19155813366079022,0.0,0.921425379683128,0.2055086350647987,0.0
0.8979001489102613,0.16850458946381555,0.0,0.8893273941977534,0.15518876887843752,0.0
0.8979001489102613,0.16850458946381555,0.0,0.8813610396193517,0.17292558109953632,0.0
0.8979001489102613,0.16850458946381555,0.0,0.9080894210065384,0.15490906211855127,0.0
0.63994729032887,0.16590175019488776,0.0,0.6478910380917551,0.1500786846812356,0.0
0.63994729032887,0.16590175019488776,0.0,0.6278864537288598,0.1501378568993177,0.0
0.63994729032887,0.16590175019488776,0.0,0.6531431323431013,0.18098422815549728,0.0
0.63994729032887,0.16590175019488776,0.0,0.6587574125639063,0.16412813498653792,0.0
0.08886193044238355,0.13870004685138437,0.0,0.07829178567910673,0.12312732009815863,0.0
0.08886193044238355,0.13870004685138437,0.0,0.09845336191560443,0.12229268427388537,0.0
0.08886193044238355,0.13870004685138437,0.0,0.06797328261343727,0.14026196572914998,0.0
0.08886193044238355,0.13870004685138437,0.0,0.10899159001581206,0.13674740474136388,0.0
0.5409599547495367,0.061013109835230415,0.0,0.5513068428932404,0.04237751584222729,0.0
0.5409599547495367,0.061013109835230415,0.0,0.5629805794578354,0.05884613992771258,0.0
0.5409599547495367,0.061013109835230415,0.0,0.5304512045327265,0.04361553266808812,0.0
0.5409599547495367,0.061013109835230415,0.0,0.5196011874188141,0.061877460258063156,0.0
0.5513068428932404,0.04237751584222729,0.0,0.5629805794578354,0.05884613992771258,0.0
0.5513068428932404,0.04237751584222729,0.0,0.5304512045327265,0.04361553266808812,0.0
0.5513068428932404,0.04237751584222729,0.0,0.540510522348731,0.02571710373345995,0.0
0.5513068428932404,0.04237751584222729,0.0,0.5717047588508889,0.04086082396666806,0.0
0.5513068428932404,0.04237751584222729,0.0,0.5604280091236125,0.024348130805409613,0.0
0.5629805794578354,0.05884613992771258,0.0,0.5842655722438426,0.06013520446487611,0.0
0.5629805794578354,0.05884613992771258,0.0,0.5717047588508889,0.04086082396666806,0.0
0.3805498719025797,0.019048102196479438,0.0,0.3877602884620011,0.03903302786030764,0.0
0.3805498719025797,0.019048102196479438,0.0,0.3684515690607661,0.03535727898664942,0.0
0.3805498719025797,0.019048102196479438,0.0,0.39229364402999417,0.002133351662117297,0.0
0.3805498719025797,0.019048102196479438,0.0,0.4000728260227298,0.02283111362781403,0.0
0.3805498719025797,0.019048102196479438,0.0,0.3610609983782529,0.015653024466373157,0.0
0.3805498719025797,0.019048102196479438,0.0,0.3727666140851039,-0.0003033867233270409,0.0
0.3877602884620011,0.03903302786030764,0.0,0.3684515690607661,0.03535727898664942,0.0
0.3877602884620011,0.03903302786030764,0.0,0.4000728260227298,0.02283111362781403,0.0
0.3684515690607661,0.03535727898664942,0.0,0.3610609983782529,0.015653024466373157,0.0
0.8188296195445981,0.10294134583309489,0.0,0.8080795481861659,0.12118183221417354,0.0
0.8188296195445981,0.10294134583309489,0.0,0.7986749505394308,0.10224527352968618,0.0
0.8188296195445981,0.10294134583309489,0.0,0.8090995166093748,0.08475569794028319,0.0
0.8188296195445981,0.10294134583309489,0.0,0.8291236497513341,0.0851805979340192,0.0
0.049256938811751666,0.18912695804469815,0.0,0.03200898139819347,0.17601946478851946,0.0
0.049256938811751666,0.18912695804469815,0.0,0.0341972068837002,0.19537031435025284,0.0
0.049256938811751666,0.18912695804469815,0.0,0.04852741730961043,0.1700751342181252,0.0
0.049256938811751666,0.18912695804469815,0.0,0.06788654276331936,0.19309999963097846,0.0
0.049256938811751666,0.18912695804469815,0.0,0.03934595430376511,0.2088023656195966,0.0
0.049256938811751666,0.18912695804469815,0.0,0.05897878113556556,0.2073769316422593,0.0
0.03200898139819347,0.17601946478851946,0.0,0.0341972068837002,0.19537031435025284,0.0
0.03200898139819347,0.17601946478851946,0.0,0.04852741730961043,0.1700751342181252,0.0
0.03200898139819347,0.17601946478851946,0.0,0.017478442461975302,0.15835761537528925,0.0
0.03200898139819347,0.17601946478851946,0.0,0.038236051720649825,0.1567345602576547,0.0
0.03200898139819347,0.17601946478851946,0.0,0.02202296273431278,0.18770928273903167,0.0
0.03200898139819347,0.17601946478851946,0.0,0.014343827108217234,0.17476243427826602,0.0
0.0341972068837002,0.19537031435025284,0.0,0.02202296273431278,0.18770928273903167,0.0
0.0341972068837002,0.19537031435025284,0.0,0.03934595430376511,0.2088023656195966,0.0
0.0341972068837002,0.19537031435025284,0.0,0.01968189381931244,0.2096956954280177,0.0
0.8317489562988772,0.012912909538367622,0.0,0.8200869389933703,0.03289458802970725,0.0
0.8317489562988772,0.012912909538367622,0.0,0.8404113110148022,0.03286039234806133,0.0
0.8317489562988772,0.012912909538367622,0.0,0.8517832278533646,0.015837319317133478,0.0
0.8317489562988772,0.012912909538367622,0.0,0.8433011229848963,-0.0039016453552888604,0.0
0.8200869389933703,0.03289458802970725,0.0,0.8404113110148022,0.03286039234806133,0.0
0.8200869389933703,0.03289458802970725,0.0,0.8097654282712107,0.05004179634795025,0.0
0.8200869389933703,0.03289458802970725,0.0,0.8297636710697691,0.050407377118780794,0.0
0.8404113110148022,0.03286039234806133,0.0,0.8517832278533646,0.015837319317133478,0.0
0.8404113110148022,0.03286039234806133,0.0,0.8595107978590653,0.03373415407887578,0.0
0.8404113110148022,0.03286039234806133,0.0,0.8297636710697691,0.050407377118780794,0.0
0.8404113110148022,0.03286039234806133,0.0,0.8493504795097314,0.05064453513422465,0.0
0.8697968940274119,0.12185330461299923,0.0,0.879842954678358,0.13900339790853447,0.0
0.8697968940274119,0.12185330461299923,0.0,0.8891140785407038,0.1208790575162037,0.0
0.8697968940274119,0.12185330461299923,0.0,0.8788060250501287,0.10360839660197194,0.0
0.392092013242154,0.2021313695513354,0.0,0.4116407029594826,0.2044434291270096,0.0
0.392092013242154,0.2021313695513354,0.0,0.40769584122745883,0.18325288087827155,0.0
0.392092013242154,0.2021313695513354,0.0,0.38463922995235056,0.18304402922271862,0.0
0.392092013242154,0.2021313695513354,0.0,0.3725585682950345,0.1996932487804034,0.0
0.4116407029594826,0.2044434291270096,0.0,0.40769584122745883,0.18325288087827155,0.0
0.4116407029594826,0.2044434291270096,0.0,0.4233892698249343,0.19176988099236567,0.0
0.4116407029594826,0.2044434291270096,0.0,0.4312186625324201,0.2064914855210821,0.0
0.40769584122745883,0.18325288087827155,0.0,0.38463922995235056,0.18304402922271862,0.0
0.40769584122745883,0.18325288087827155,0.0,0.39759661126472473,0.16368374053636064,0.0
0.40769584122745883,0.18325288087827155,0.0,0.4171146256461022,0.16302192939529164,0.0
0.40769584122745883,0.18325288087827155,0.0,0.42814653043528916,0.17652743677258034,0.0
0.40769584122745883,0.18325288087827155,0.0,0.4233892698249343,0.19176988099236567,0.0
0.6882066222800234,0.08397336123057397,0.0,0.6670222559991321,0.08367262515123343,0.0
0.6882066222800234,0.08397336123057397,0.0,0.6988238972375369,0.10008507177770808,0.0
0.6882066222800234,0.08397336123057397,0.0,0.678817846953781,0.10023738026209282,0.0
0.6882066222800234,0.08397336123057397,0.0,0.7089817641958315,0.0834027163343075,0.0
0.8080795481861659,0.12118183221417354,0.0,0.7969299021950158,0.13946508822863393,0.0
0.8080795481861659,0.12118183221417354,0.0,0.8172381342714842,0.14072094370571459,0.0
0.8080795481861659,0.12118183221417354,0.0,0.7986749505394308,0.10224527352968618,0.0
0.8080795481861659,0.12118183221417354,0.0,0.7877614710232865,0.12116368624657901,0.0
0.7969299021950158,0.13946508822863393,0.0,0.8172381342714842,0.14072094370571459,0.0
0.7969299021950158,0.13946508822863393,0.0,0.7877614710232865,0.12116368624657901,0.0
0.7969299021950158,0.13946508822863393,0.0,0.7769759169804047,0.13849538155732366,0.0
0.7969299021950158,0.13946508822863393,0.0,0.8063719709775818,0.15785857119752755,0.0
0.7969299021950158,0.13946508822863393,0.0,0.786110012028169,0.15671413276139926,0.0
0.8172381342714842,0.14072094370571459,0.0,0.8063719709775818,0.15785857119752755,0.0
0.7180010934745396,0.0657757285478579,0.0,0.7047039303619625,0.048656992433818276,0.0
0.7180010934745396,0.0657757285478579,0.0,0.7291096139924631,0.08330621697322853,0.0
0.7180010934745396,0.0657757285478579,0.0,0.7089817641958315,0.0834027163343075,0.0
0.04852741730961043,0.1700751342181252,0.0,0.038236051720649825,0.1567345602576547,0.0
0.04852741730961043,0.1700751342181252,0.0,0.05766048745375102,0.15708722492834598,0.0
0.08990302559716154,0.022326275357864314,0.0,0.07035958261545337,0.03629850918408549,0.0
0.08990302559716154,0.022326275357864314,0.0,0.0890169160253946,0.04101625049567663,0.0
0.08990302559716154,0.022326275357864314,0.0,0.07036563907214116,0.018927503837026835,0.0
0.08990302559716154,0.022326275357864314,0.0,0.07887982486911103,0.0054538323775385035,0.0
0.08990302559716154,0.022326275357864314,0.0,0.09843476066562983,0.0032538637244943908,0.0
0.07035958261545337,0.03629850918408549,0.0,0.0890169160253946,0.04101625049567663,0.0
0.07035958261545337,0.03629850918408549,0.0,0.07036563907214116,0.018927503837026835,0.0
0.07035958261545337,0.03629850918408549,0.0,0.053394624892347885,0.02323128318721524,0.0
0.07035958261545337,0.03629850918408549,0.0,0.04797087198609257,0.03955343297593244,0.0
0.07035958261545337,0.03629850918408549,0.0,0.05963220634586144,0.05429864605294762,0.0
0.07035958261545337,0.03629850918408549,0.0,0.07957430242608751,0.05439733053191316,0.0
0.0890169160253946,0.04101625049567663,0.0,0.09893934283798142,0.05471956422805383,0.0
0.0890169160253946,0.04101625049567663,0.0,0.07957430242608751,0.05439733053191316,0.0
0.9606540458959356,0.2088023656315051,0.0,0.980318106281572,0.2096956954311213,0.0
0.9606540458959356,0.2088023656315051,0.0,0.9678978107895615,0.1911785188779853,0.0
0.9606540458959356,0.2088023656315051,0.0,0.9410212191544387,0.2073769316668632,0.0
0.9606540458959356,0.2088023656315051,0.0,0.9509069518767526,0.19540613701634946,0.0
0.980318106281572,0.2096956954311213,0.0,0.9678978107895615,0.1911785188779853,0.0
0.980318106281572,0.2096956954311213,0.0,0.9854716846723239,0.19516219935727785,0.0
0.980318106281572,0.2096956954311213,0.0,1.0,0.21,0.0
0.9678978107895615,0.1911785188779853,0.0,0.9653589709251941,0.16999577739508906,0.0
0.9678978107895615,0.1911785188779853,0.0,0.9500134208202287,0.17940340874293778,0.0
0.9678978107895615,0.1911785188779853,0.0,0.9854716846723239,0.19516219935727785,0.0
0.9678978107895615,0.1911785188779853,0.0,0.983173050589089,0.1791418269104211,0.0
0.9678978107895615,0.1911785188779853,0.0,0.9509069518767526,0.19540613701634946,0.0
0.38463922995235056,0.18304402922271862,0.0,0.39759661126472473,0.16368374053636064,0.0
0.38463922995235056,0.18304402922271862,0.0,0.37660602344632604,0.16376745898512968,0.0
0.38463922995235056,0.18304402922271862,0.0,0.3647763440088031,0.18089154956060194,0.0
0.38463922995235056,0.18304402922271862,0.0,0.3725585682950345,0.1996932487804034,0.0
0.39759661126472473,0.16368374053636064,0.0,0.37660602344632604,0.16376745898512968,0.0
0.39759661126472473,0.16368374053636064,0.0,0.4171146256461022,0.16302192939529164,0.0
0.39759661126472473,0.16368374053636064,0.0,0.3879244073855067,0.1461775591974375,0.0
0.39759661126472473,0.16368374053636064,0.0,0.40783635087484227,0.14637856694266727,0.0
0.37660602344632604,0.16376745898512968,0.0,0.3566300190991292,0.16236432963577282,0.0
0.37660602344632604,0.16376745898512968,0.0,0.3647763440088031,0.18089154956060194,0.0
0.37660602344632604,0.16376745898512968,0.0,0.36775504924119357,0.1456845231660868,0.0
0.37660602344632604,0.16376745898512968,0.0,0.3879244073855067,0.1461775591974375,0.0
0.07036563907214116,0.018927503837026835,0.0,0.053394624892347885,0.02323128318721524,0.0
0.07036563907214116,0.018927503837026835,0.0,0.07887982486911103,0.0054538323775385035,0.0
0.07036563907214116,0.018927503837026835,0.0,0.059291145572582214,0.007327634780898047,0.0
0.39229364402999417,0.002133351662117297,0.0,0.41183604845647764,0.004442648415530113,0.0
0.39229364402999417,0.002133351662117297,0.0,0.4000728260227298,0.02283111362781403,0.0
0.39229364402999417,0.002133351662117297,0.0,0.3727666140851039,-0.0003033867233270409,0.0
0.41183604845647764,0.004442648415530113,0.0,0.4000728260227298,0.02283111362781403,0.0
0.41183604845647764,0.004442648415530113,0.0,0.42026076424201264,0.02381121912054797,0.0
0.41183604845647764,0.004442648415530113,0.0,0.43140778455625817,0.0064867988417855885,0.0
0.4000728260227298,0.02283111362781403,0.0,0.42026076424201264,0.02381121912054797,0.0
0.7548681728684041,0.007115888540329557,0.0,0.7605859772514996,0.03024534237505036,0.0
0.7548681728684041,0.007115888540329557,0.0,0.7366839824247107,0.006865566526638387,0.0
0.7548681728684041,0.007115888540329557,0.0,0.7450619000541071,0.022008188756095406,0.0
0.7548681728684041,0.007115888540329557,0.0,0.7451637626178981,-0.010004252720431211,0.0
0.7786094024435399,0.10192665033926723,0.0,0.7986749505394308,0.10224527352968618,0.0
0.7786094024435399,0.10192665033926723,0.0,0.7877614710232865,0.12116368624657901,0.0
0.7786094024435399,0.10192665033926723,0.0,0.7679085268600313,0.11973631102279583,0.0
0.7786094024435399,0.10192665033926723,0.0,0.7691253919169336,0.08393035680740044,0.0
0.7786094024435399,0.10192665033926723,0.0,0.789095789061099,0.08438102043122996,0.0
0.7786094024435399,0.10192665033926723,0.0,0.7587677998813019,0.101046919480258,0.0
0.7986749505394308,0.10224527352968618,0.0,0.7877614710232865,0.12116368624657901,0.0
0.7986749505394308,0.10224527352968618,0.0,0.8090995166093748,0.08475569794028319,0.0
0.7986749505394308,0.10224527352968618,0.0,0.789095789061099,0.08438102043122996,0.0
0.7877614710232865,0.12116368624657901,0.0,0.7769759169804047,0.13849538155732366,0.0
0.7877614710232865,0.12116368624657901,0.0,0.7679085268600313,0.11973631102279583,0.0
0.06788654276331936,0.19309999963097846,0.0,0.07857462076905876,0.2055086350173741,0.0
0.06788654276331936,0.19309999963097846,0.0,0.05897878113556556,0.2073769316422593,0.0
0.6275642332215807,-0.00034494325212375987,0.0,0.6470935290426247,-0.0027635872689470192,0.0
0.6275642332215807,-0.00034494325212375987,0.0,0.6393366979926292,0.01675045396010041,0.0
0.6275642332215807,-0.00034494325212375987,0.0,0.6198621119371445,0.018324609634019443,0.0
0.6275642332215807,-0.00034494325212375987,0.0,0.6080373173386462,0.0020927214002462867,0.0
0.6470935290426247,-0.0027635872689470192,0.0,0.6393366979926292,0.01675045396010041,0.0
0.6393366979926292,0.01675045396010041,0.0,0.6198621119371445,0.018324609634019443,0.0
0.6393366979926292,0.01675045396010041,0.0,0.6313545264476185,0.036251025898944494,0.0
0.7058401776089083,-0.00852210811965128,0.0,0.7254911329043454,-0.009552174420486935,0.0
0.7254911329043454,-0.009552174420486935,0.0,0.7366839824247107,0.006865566526638387,0.0
0.7254911329043454,-0.009552174420486935,0.0,0.7451637626178981,-0.010004252720431211,0.0
0.7358694792010267,0.1720782954748222,0.0,0.7273261333694431,0.15298711875412757,0.0
0.7358694792010267,0.1720782954748222,0.0,0.7253997900510565,0.1904740301919498,0.0
0.7358694792010267,0.1720782954748222,0.0,0.7467488621083241,0.15500469291200664,0.0
0.7358694792010267,0.1720782954748222,0.0,0.7556069639266256,0.17279428388205914,0.0
0.7358694792010267,0.1720782954748222,0.0,0.7450787942757616,0.1900191158835712,0.0
0.7273261333694431,0.15298711875412757,0.0,0.7467488621083241,0.15500469291200664,0.0
0.7273261333694431,0.15298711875412757,0.0,0.7376551092884576,0.13617088990092097,0.0
0.7273261333694431,0.15298711875412757,0.0,0.7180920257904754,0.13491246146952363,0.0
0.7708735236073336,0.04906585628466298,0.0,0.7605859772514996,0.03024534237505036,0.0
0.7708735236073336,0.04906585628466298,0.0,0.755030543997008,0.05045292302190069,0.0
0.7708735236073336,0.04906585628466298,0.0,0.7794457128538262,0.06680815449417571,0.0
0.7708735236073336,0.04906585628466298,0.0,0.7605475608530187,0.06694325989088802,0.0
0.7708735236073336,0.04906585628466298,0.0,0.7898797626740628,0.049531274920383964,0.0
0.7605859772514996,0.03024534237505036,0.0,0.755030543997008,0.05045292302190069,0.0
0.7605859772514996,0.03024534237505036,0.0,0.7450619000541071,0.022008188756095406,0.0
0.755030543997008,0.05045292302190069,0.0,0.7605475608530187,0.06694325989088802,0.0
0.9697228725559814,0.02625275515043455,0.0,0.9595134644614587,0.041333845993427175,0.0
0.9697228725559814,0.02625275515043455,0.0,0.9814671239660421,0.04096356198599866,0.0
0.9697228725559814,0.02625275515043455,0.0,0.9495118612591619,0.02516036431777047,0.0
0.9697228725559814,0.02625275515043455,0.0,0.960667339448775,0.008780433165615413,0.0
0.9697228725559814,0.02625275515043455,0.0,0.9803247665973532,0.009673185417764338,0.0
0.9697228725559814,0.02625275515043455,0.0,0.9855625037483805,0.02423302561638108,0.0
0.9595134644614587,0.041333845993427175,0.0,0.9814671239660421,0.04096356198599866,0.0
0.9595134644614587,0.041333845993427175,0.0,0.9682646968200815,0.05501543993195946,0.0
0.9595134644614587,0.041333845993427175,0.0,0.9486385103686192,0.059572748168254946,0.0
0.9595134644614587,0.041333845993427175,0.0,0.9379571107667816,0.0414905331409384,0.0
0.9595134644614587,0.041333845993427175,0.0,0.9495118612591619,0.02516036431777047,0.0
0.9814671239660421,0.04096356198599866,0.0,0.9682646968200815,0.05501543993195946,0.0
0.9814671239660421,0.04096356198599866,0.0,1.0,0.049982125775142806,0.0
0.9814671239660421,0.04096356198599866,0.0,0.9832148332479143,0.06091056581762699,0.0
0.9814671239660421,0.04096356198599866,0.0,1.0,0.02997974346313783,0.0
0.9814671239660421,0.04096356198599866,0.0,0.9855625037483805,0.02423302561638108,0.0
0.9485257446469353,0.15851382234456832,0.0,0.9653589709251941,0.16999577739508906,0.0
0.9485257446469353,0.15851382234456832,0.0,0.9500134208202287,0.17940340874293778,0.0
0.9485257446469353,0.15851382234456832,0.0,0.9581413809701161,0.13939916638029343,0.0
0.9485257446469353,0.15851382234456832,0.0,0.9670157872501078,0.15350167029668585,0.0
0.9485257446469353,0.15851382234456832,0.0,0.9348318409603125,0.17142257130425134,0.0
0.9485257446469353,0.15851382234456832,0.0,0.9379597419747763,0.13913932077509852,0.0
0.9485257446469353,0.15851382234456832,0.0,0.9272487419845814,0.15588945868846893,0.0
0.9653589709251941,0.16999577739508906,0.0,0.9500134208202287,0.17940340874293778,0.0
0.9653589709251941,0.16999577739508906,0.0,0.9670157872501078,0.15350167029668585,0.0
0.9653589709251941,0.16999577739508906,0.0,0.983173050589089,0.1791418269104211,0.0
0.9653589709251941,0.16999577739508906,0.0,0.9826794854263262,0.15999462251261004,0.0
0.9500134208202287,0.17940340874293778,0.0,0.9348318409603125,0.17142257130425134,0.0
0.9500134208202287,0.17940340874293778,0.0,0.9328412652253841,0.18947050278738942,0.0
0.9500134208202287,0.17940340874293778,0.0,0.9509069518767526,0.19540613701634946,0.0
0.5304512045327265,0.04361553266808812,0.0,0.5100727013446053,0.04413154295282867,0.0
0.5304512045327265,0.04361553266808812,0.0,0.5196011874188141,0.061877460258063156,0.0
0.5304512045327265,0.04361553266808812,0.0,0.520256018891419,0.02657648976820114,0.0
0.5304512045327265,0.04361553266808812,0.0,0.540510522348731,0.02571710373345995,0.0
0.7769759169804047,0.13849538155732366,0.0,0.757204821615086,0.13727527672571527,0.0
0.7769759169804047,0.13849538155732366,0.0,0.7679085268600313,0.11973631102279583,0.0
0.7769759169804047,0.13849538155732366,0.0,0.786110012028169,0.15671413276139926,0.0
0.7769759169804047,0.13849538155732366,0.0,0.7662570002907428,0.15590300205102983,0.0
0.757204821615086,0.13727527672571527,0.0,0.7679085268600313,0.11973631102279583,0.0
0.757204821615086,0.13727527672571527,0.0,0.7481317542526903,0.11850992816979965,0.0
0.757204821615086,0.13727527672571527,0.0,0.7467488621083241,0.15500469291200664,0.0
0.757204821615086,0.13727527672571527,0.0,0.7376551092884576,0.13617088990092097,0.0
0.757204821615086,0.13727527672571527,0.0,0.7662570002907428,0.15590300205102983,0.0
0.7679085268600313,0.11973631102279583,0.0,0.7481317542526903,0.11850992816979965,0.0
0.7679085268600313,0.11973631102279583,0.0,0.7587677998813019,0.101046919480258,0.0
0.9854716846723239,0.19516219935727785,0.0,0.983173050589089,0.1791418269104211,0.0
0.9854716846723239,0.19516219935727785,0.0,1.0,0.18999788282136001,0.0
0.9854716846723239,0.19516219935727785,0.0,1.0,0.21,0.0
0.6670222559991321,0.08367262515123343,0.0,0.6549550277885378,0.06806088364935024,0.0
0.6670222559991321,0.08367262515123343,0.0,0.6471248598877968,0.08462043133116934,0.0
0.6670222559991321,0.08367262515123343,0.0,0.678817846953781,0.10023738026209282,0.0
0.6670222559991321,0.08367262515123343,0.0,0.6588209680016028,0.09992518188237266,0.0
0.6549550277885378,0.06806088364935024,0.0,0.6471248598877968,0.08462043133116934,0.0
0.6549550277885378,0.06806088364935024,0.0,0.6425427522113135,0.052399588068202545,0.0
0.6549550277885378,0.06806088364935024,0.0,0.6625801328271376,0.05089298194309422,0.0
0.6549550277885378,0.06806088364935024,0.0,0.6349858915064598,0.06924136187901805,0.0
0.3566300190991292,0.16236432963577282,0.0,0.3647763440088031,0.18089154956060194,0.0
0.3566300190991292,0.16236432963577282,0.0,0.3452013888536535,0.17920698712670377,0.0
0.3566300190991292,0.16236432963577282,0.0,0.3364271307006636,0.16039989068279153,0.0
0.3566300190991292,0.16236432963577282,0.0,0.36775504924119357,0.1456845231660868,0.0
0.3566300190991292,0.16236432963577282,0.0,0.34757150616599686,0.14451140304020757,0.0
0.3647763440088031,0.18089154956060194,0.0,0.3452013888536535,0.17920698712670377,0.0
0.3647763440088031,0.18089154956060194,0.0,0.3530228816138251,0.1972732469543295,0.0
0.3647763440088031,0.18089154956060194,0.0,0.3725585682950345,0.1996932487804034,0.0
0.6471248598877968,0.08462043133116934,0.0,0.6388218058743221,0.09985484004891945,0.0
0.6471248598877968,0.08462043133116934,0.0,0.6588209680016028,0.09992518188237266,0.0
0.6471248598877968,0.08462043133116934,0.0,0.6349858915064598,0.06924136187901805,0.0
0.6471248598877968,0.08462043133116934,0.0,0.627784792555885,0.08559515473383551,0.0
0.42026076424201264,0.02381121912054797,0.0,0.43140778455625817,0.0064867988417855885,0.0
0.42026076424201264,0.02381121912054797,0.0,0.4400895807383336,0.025049486902086405,0.0
0.42026076424201264,0.02381121912054797,0.0,0.42929226464807757,0.04184042543362146,0.0
0.4171146256461022,0.16302192939529164,0.0,0.42814653043528916,0.17652743677258034,0.0
0.4171146256461022,0.16302192939529164,0.0,0.42791181488727126,0.14691865051688813,0.0
0.4171146256461022,0.16302192939529164,0.0,0.4375998596968374,0.16387893198802683,0.0
0.4171146256461022,0.16302192939529164,0.0,0.40783635087484227,0.14637856694266727,0.0
0.42814653043528916,0.17652743677258034,0.0,0.4233892698249343,0.19176988099236567,0.0
0.42814653043528916,0.17652743677258034,0.0,0.4375998596968374,0.16387893198802683,0.0
0.42814653043528916,0.17652743677258034,0.0,0.4400158156126021,0.1916374216152107,0.0
0.42814653043528916,0.17652743677258034,0.0,0.44737246516199886,0.1762688069357742,0.0
0.8517832278533646,0.015837319317133478,0.0,0.8433011229848963,-0.0039016453552888604,0.0
0.8517832278533646,0.015837319317133478,0.0,0.8628379885754031,-0.0015451468474680645,0.0
0.8517832278533646,0.015837319317133478,0.0,0.8710174477701499,0.016673823893946355,0.0
0.8517832278533646,0.015837319317133478,0.0,0.8595107978590653,0.03373415407887578,0.0
0.7057425391897695,0.1915070909240959,0.0,0.7253997900510565,0.1904740301919498,0.0
0.7057425391897695,0.1915070909240959,0.0,0.6861187615548019,0.1930527247722307,0.0
0.7253997900510565,0.1904740301919498,0.0,0.7450787942757616,0.1900191158835712,0.0
0.03230845657171589,0.10710454728881427,0.0,0.018378490816994757,0.12128912274081774,0.0
0.03230845657171589,0.10710454728881427,0.0,0.038926016907258054,0.12263640320493666,0.0
0.03230845657171589,0.10710454728881427,0.0,0.048617125257077974,0.10525306643126504,0.0
0.04009684327848055,0.056100963909839534,0.0,0.019730242736850884,0.057923816939018054,0.0
0.04009684327848055,0.056100963909839534,0.0,0.031635557797145664,0.042288520328517806,0.0
0.04009684327848055,0.056100963909839534,0.0,0.04797087198609257,0.03955343297593244,0.0
0.04009684327848055,0.056100963909839534,0.0,0.03206879928608893,0.07020190303031618,0.0
0.04009684327848055,0.056100963909839534,0.0,0.049686336738726626,0.07057948204415673,0.0
0.04009684327848055,0.056100963909839534,0.0,0.05963220634586144,0.05429864605294762,0.0
0.019730242736850884,0.057923816939018054,0.0,0.031635557797145664,0.042288520328517806,0.0
0.019730242736850884,0.057923816939018054,0.0,0.016091878071285533,0.038594168982042175,0.0
0.019730242736850884,0.057923816939018054,0.0,0.03206879928608893,0.07020190303031618,0.0
0.019730242736850884,0.057923816939018054,0.0,0.0002334111370453746,0.06998440930004364,0.0
0.019730242736850884,0.057923816939018054,0.0,0.0002667555851949112,0.04998205702257042,0.0
0.031635557797145664,0.042288520328517806,0.0,0.016091878071285533,0.038594168982042175,0.0
0.031635557797145664,0.042288520328517806,0.0,0.032290238252097314,0.026637557481182985,0.0
0.031635557797145664,0.042288520328517806,0.0,0.04797087198609257,0.03955343297593244,0.0
0.9797723157182985,0.13984004381050938,0.0,0.9581413809701161,0.13939916638029343,0.0
0.9797723157182985,0.13984004381050938,0.0,0.9670157872501078,0.15350167029668585,0.0
0.9797723157182985,0.13984004381050938,0.0,0.9671357440675403,0.12592106013324755,0.0
0.9797723157182985,0.13984004381050938,0.0,0.9826794854263262,0.15999462251261004,0.0
0.9797723157182985,0.13984004381050938,0.0,1.0,0.12999130625746502,0.0
0.9797723157182985,0.13984004381050938,0.0,0.982679500749302,0.11999018081869813,0.0
0.9797723157182985,0.13984004381050938,0.0,1.0,0.14999352708168837,0.0
0.9581413809701161,0.13939916638029343,0.0,0.9670157872501078,0.15350167029668585,0.0
0.9581413809701161,0.13939916638029343,0.0,0.9671357440675403,0.12592106013324755,0.0
0.9581413809701161,0.13939916638029343,0.0,0.9483887877066745,0.1205282812060541,0.0
0.9581413809701161,0.13939916638029343,0.0,0.9379597419747763,0.13913932077509852,0.0
0.9670157872501078,0.15350167029668585,0.0,0.9826794854263262,0.15999462251261004,0.0
0.9671357440675403,0.12592106013324755,0.0,0.9483887877066745,0.1205282812060541,0.0
0.9671357440675403,0.12592106013324755,0.0,0.9657891489193274,0.1094347863480087,0.0
0.9671357440675403,0.12592106013324755,0.0,0.982679500749302,0.11999018081869813,0.0
0.6198621119371445,0.018324609634019443,0.0,0.6115075408047304,0.03765666991417682,0.0
0.6198621119371445,0.018324609634019443,0.0,0.6313545264476185,0.036251025898944494,0.0
0.6198621119371445,0.018324609634019443,0.0,0.5999915907170617,0.02082144117209829,0.0
0.6198621119371445,0.018324609634019443,0.0,0.6080373173386462,0.0020927214002462867,0.0
0.6115075408047304,0.03765666991417682,0.0,0.6313545264476185,0.036251025898944494,0.0
0.6115075408047304,0.03765666991417682,0.0,0.5999915907170617,0.02082144117209829,0.0
0.6115075408047304,0.03765666991417682,0.0,0.5918091595869437,0.0397214211865077,0.0
0.6115075408047304,0.03765666991417682,0.0,0.6028821169293256,0.056036031740522074,0.0
0.6115075408047304,0.03765666991417682,0.0,0.622682160145562,0.05450291512775653,0.0
0.6313545264476185,0.036251025898944494,0.0,0.622682160145562,0.05450291512775653,0.0
0.6313545264476185,0.036251025898944494,0.0,0.6425427522113135,0.052399588068202545,0.0
0.5891652113335132,0.08059933685321,0.0,0.5842655722438426,0.06013520446487611,0.0
0.5891652113335132,0.08059933685321,0.0,0.599603533976639,0.07031728236859933,0.0
0.5891652113335132,0.08059933685321,0.0,0.5989551904139341,0.09887460100172243,0.0
0.5891652113335132,0.08059933685321,0.0,0.608437868865012,0.08516545203426178,0.0
0.5842655722438426,0.06013520446487611,0.0,0.599603533976639,0.07031728236859933,0.0
0.5842655722438426,0.06013520446487611,0.0,0.5918091595869437,0.0397214211865077,0.0
0.5842655722438426,0.06013520446487611,0.0,0.5717047588508889,0.04086082396666806,0.0
0.5842655722438426,0.06013520446487611,0.0,0.6028821169293256,0.056036031740522074,0.0
0.7481317542526903,0.11850992816979965,0.0,0.7376551092884576,0.13617088990092097,0.0
0.7481317542526903,0.11850992816979965,0.0,0.7388095625056552,0.10073293248858914,0.0
0.7481317542526903,0.11850992816979965,0.0,0.7283274589463321,0.11784638048692331,0.0
0.7481317542526903,0.11850992816979965,0.0,0.7587677998813019,0.101046919480258,0.0
0.42907640595395685,0.07764573932505991,0.0,0.44893124226314396,0.07796795830190904,0.0
0.42907640595395685,0.07764573932505991,0.0,0.4388492566996898,0.05993587549015994,0.0
0.42907640595395685,0.07764573932505991,0.0,0.43887033003275133,0.09517192521071241,0.0
0.42907640595395685,0.07764573932505991,0.0,0.4188736592864121,0.09480675051009071,0.0
0.6772546923318485,0.1626914962689412,0.0,0.6678797747369868,0.15086869959720825,0.0
0.6772546923318485,0.1626914962689412,0.0,0.6724327948781018,0.17774292800107883,0.0
0.6772546923318485,0.1626914962689412,0.0,0.6587574125639063,0.16412813498653792,0.0
0.017478442461975302,0.15835761537528925,0.0,0.02877934768511577,0.13986905988118392,0.0
0.017478442461975302,0.15835761537528925,0.0,0.038236051720649825,0.1567345602576547,0.0
0.017478442461975302,0.15835761537528925,0.0,0.012444546578602797,0.13998333874049343,0.0
0.017478442461975302,0.15835761537528925,0.0,6.668889629864687e-05,0.1699957003011486,0.0
0.017478442461975302,0.15835761537528925,0.0,0.0001000333444479161,0.1499934978500372,0.0
0.017478442461975302,0.15835761537528925,0.0,0.014343827108217234,0.17476243427826602,0.0
0.02877934768511577,0.13986905988118392,0.0,0.038236051720649825,0.1567345602576547,0.0
0.02877934768511577,0.13986905988118392,0.0,0.018378490816994757,0.12128912274081774,0.0
0.02877934768511577,0.13986905988118392,0.0,0.038926016907258054,0.12263640320493666,0.0
0.02877934768511577,0.13986905988118392,0.0,0.012444546578602797,0.13998333874049343,0.0
0.02877934768511577,0.13986905988118392,0.0,0.04797669903964815,0.13989204326739446,0.0
0.038236051720649825,0.1567345602576547,0.0,0.04797669903964815,0.13989204326739446,0.0
0.038236051720649825,0.1567345602576547,0.0,0.05766048745375102,0.15708722492834598,0.0
0.8593633719345116,0.06836250976963708,0.0,0.8793999561002259,0.07060048059138424,0.0
0.8593633719345116,0.06836250976963708,0.0,0.8690901164017659,0.05184441805106224,0.0
0.8593633719345116,0.06836250976963708,0.0,0.8394317019139179,0.06800447472130974,0.0
0.8593633719345116,0.06836250976963708,0.0,0.8493504795097314,0.05064453513422465,0.0
0.8593633719345116,0.06836250976963708,0.0,0.8491364090460393,0.08573591589390411,0.0
0.8593633719345116,0.06836250976963708,0.0,0.869123555007993,0.08638398961647813,0.0
0.8793999561002259,0.07060048059138424,0.0,0.8690901164017659,0.05184441805106224,0.0
0.8793999561002259,0.07060048059138424,0.0,0.8982360145561288,0.07068314978125215,0.0
0.8793999561002259,0.07060048059138424,0.0,0.8881581734274729,0.05272231872689418,0.0
0.8793999561002259,0.07060048059138424,0.0,0.8891108649071308,0.08662875798744613,0.0
0.8793999561002259,0.07060048059138424,0.0,0.869123555007993,0.08638398961647813,0.0
0.8690901164017659,0.05184441805106224,0.0,0.8881581734274729,0.05272231872689418,0.0
0.8690901164017659,0.05184441805106224,0.0,0.8787579139429873,0.035002512700570164,0.0
0.8690901164017659,0.05184441805106224,0.0,0.8595107978590653,0.03373415407887578,0.0
0.8690901164017659,0.05184441805106224,0.0,0.8493504795097314,0.05064453513422465,0.0
0.8643684281328711,0.17742498000601944,0.0,0.871485663121019,0.15794830238006013,0.0
0.8643684281328711,0.17742498000601944,0.0,0.8627921253644149,0.1984719234020252,0.0
0.8643684281328711,0.17742498000601944,0.0,0.8813610396193517,0.17292558109953632,0.0
0.8643684281328711,0.17742498000601944,0.0,0.8772077745195382,0.18708108966410425,0.0
0.8982360145561288,0.07068314978125215,0.0,0.9081538737206266,0.054801787674573124,0.0
0.8982360145561288,0.07068314978125215,0.0,0.9179700291608198,0.07153340826881288,0.0
0.8982360145561288,0.07068314978125215,0.0,0.8881581734274729,0.05272231872689418,0.0
0.8982360145561288,0.07068314978125215,0.0,0.8891108649071308,0.08662875798744613,0.0
0.8982360145561288,0.07068314978125215,0.0,0.9090985845460783,0.0872575689427113,0.0
0.9081538737206266,0.054801787674573124,0.0,0.9179700291608198,0.07153340826881288,0.0
0.9081538737206266,0.054801787674573124,0.0,0.9271148361759718,0.056281015112916714,0.0
0.9081538737206266,0.054801787674573124,0.0,0.8881581734274729,0.05272231872689418,0.0
0.9081538737206266,0.054801787674573124,0.0,0.8980877161973408,0.03683209644347137,0.0
0.9081538737206266,0.054801787674573124,0.0,0.9179680149656965,0.03908043830450959,0.0
0.9179700291608198,0.07153340826881288,0.0,0.9302320846565717,0.08902505358822493,0.0
0.9179700291608198,0.07153340826881288,0.0,0.9271148361759718,0.056281015112916714,0.0
0.9179700291608198,0.07153340826881288,0.0,0.9090985845460783,0.0872575689427113,0.0
0.9179700291608198,0.07153340826881288,0.0,0.9349847840151384,0.07115188580647025,0.0
0.4233892698249343,0.19176988099236567,0.0,0.4312186625324201,0.2064914855210821,0.0
0.4233892698249343,0.19176988099236567,0.0,0.4400158156126021,0.1916374216152107,0.0
0.21641024033817588,0.12527080271472424,0.0,0.20433277220359466,0.1419778058147519,0.0
0.21641024033817588,0.12527080271472424,0.0,0.22489962595597005,0.1416799973328278,0.0
0.21641024033817588,0.12527080271472424,0.0,0.1963978460589557,0.12486058987217484,0.0
0.21641024033817588,0.12527080271472424,0.0,0.22858638623904526,0.10858274702668454,0.0
0.21641024033817588,0.12527080271472424,0.0,0.20858979465557234,0.10821285296901377,0.0
0.21641024033817588,0.12527080271472424,0.0,0.23732169411381981,0.12552122372193839,0.0
0.20433277220359466,0.1419778058147519,0.0,0.22489962595597005,0.1416799973328278,0.0
0.20433277220359466,0.1419778058147519,0.0,0.21445139346971195,0.1572021487950583,0.0
0.20433277220359466,0.1419778058147519,0.0,0.19363044598239124,0.15865313309240797,0.0
0.20433277220359466,0.1419778058147519,0.0,0.1963978460589557,0.12486058987217484,0.0
0.22489962595597005,0.1416799973328278,0.0,0.21445139346971195,0.1572021487950583,0.0
0.22489962595597005,0.1416799973328278,0.0,0.2351357280006618,0.1559322113688055,0.0
0.22489962595597005,0.1416799973328278,0.0,0.23732169411381981,0.12552122372193839,0.0
0.22489962595597005,0.1416799973328278,0.0,0.2453322667820182,0.14173755939283708,0.0
0.9682646968200815,0.05501543993195946,0.0,0.9486385103686192,0.059572748168254946,0.0
0.9682646968200815,0.05501543993195946,0.0,0.966202362395597,0.0708901277365903,0.0
0.9682646968200815,0.05501543993195946,0.0,0.9832148332479143,0.06091056581762699,0.0
0.9302320846565717,0.08902505358822493,0.0,0.9486631628265411,0.09930834142223892,0.0
0.9302320846565717,0.08902505358822493,0.0,0.9488847202116488,0.07982282950389048,0.0
0.9302320846565717,0.08902505358822493,0.0,0.9340996764863435,0.10698174191008444,0.0
0.9302320846565717,0.08902505358822493,0.0,0.9090985845460783,0.0872575689427113,0.0
0.9302320846565717,0.08902505358822493,0.0,0.9180059793748943,0.10459866353253489,0.0
0.9302320846565717,0.08902505358822493,0.0,0.9349847840151384,0.07115188580647025,0.0
0.9486631628265411,0.09930834142223892,0.0,0.9488847202116488,0.07982282950389048,0.0
0.9486631628265411,0.09930834142223892,0.0,0.9483887877066745,0.1205282812060541,0.0
0.9486631628265411,0.09930834142223892,0.0,0.9657891489193274,0.1094347863480087,0.0
0.9486631628265411,0.09930834142223892,0.0,0.9340996764863435,0.10698174191008444,0.0
0.9486631628265411,0.09930834142223892,0.0,0.9654307219107935,0.08989443971021253,0.0
0.9488847202116488,0.07982282950389048,0.0,0.9486385103686192,0.059572748168254946,0.0
0.9488847202116488,0.07982282950389048,0.0,0.966202362395597,0.0708901277365903,0.0
0.9488847202116488,0.07982282950389048,0.0,0.9654307219107935,0.08989443971021253,0.0
0.9488847202116488,0.07982282950389048,0.0,0.9349847840151384,0.07115188580647025,0.0
0.5100727013446053,0.04413154295282867,0.0,0.5196011874188141,0.061877460258063156,0.0
0.5100727013446053,0.04413154295282867,0.0,0.520256018891419,0.02657648976820114,0.0
0.5100727013446053,0.04413154295282867,0.0,0.5000514836549708,0.02694376973454626,0.0
0.5100727013446053,0.04413154295282867,0.0,0.48979821331563517,0.04413766305671229,0.0
0.5100727013446053,0.04413154295282867,0.0,0.49954755501424053,0.06156691327708067,0.0
0.5196011874188141,0.061877460258063156,0.0,0.49954755501424053,0.06156691327708067,0.0
0.5196011874188141,0.061877460258063156,0.0,0.5091789476491041,0.07911964884120795,0.0
0.8063719709775818,0.15785857119752755,0.0,0.8153373975519982,0.17603706886381587,0.0
0.8063719709775818,0.15785857119752755,0.0,0.795328694596558,0.17454795987903027,0.0
0.8063719709775818,0.15785857119752755,0.0,0.786110012028169,0.15671413276139926,0.0
0.9271148361759718,0.056281015112916714,0.0,0.9486385103686192,0.059572748168254946,0.0
0.9271148361759718,0.056281015112916714,0.0,0.9379571107667816,0.0414905331409384,0.0
0.9271148361759718,0.056281015112916714,0.0,0.9179680149656965,0.03908043830450959,0.0
0.9271148361759718,0.056281015112916714,0.0,0.9349847840151384,0.07115188580647025,0.0
0.21445139346971195,0.1572021487950583,0.0,0.20477682444496959,0.17466698004693776,0.0
0.21445139346971195,0.1572021487950583,0.0,0.19363044598239124,0.15865313309240797,0.0
0.21445139346971195,0.1572021487950583,0.0,0.2248404786260077,0.1734691602563031,0.0
0.21445139346971195,0.1572021487950583,0.0,0.2351357280006618,0.1559322113688055,0.0
0.20477682444496959,0.17466698004693776,0.0,0.19363044598239124,0.15865313309240797,0.0
0.20477682444496959,0.17466698004693776,0.0,0.2248404786260077,0.1734691602563031,0.0
0.20477682444496959,0.17466698004693776,0.0,0.18461774076098403,0.1761157059806616,0.0
0.20477682444496959,0.17466698004693776,0.0,0.2155675444190997,0.1909215933815534,0.0
0.20477682444496959,0.17466698004693776,0.0,0.1959260328513177,0.1922212147213933,0.0
0.19363044598239124,0.15865313309240797,0.0,0.1731414442103805,0.160096876301967,0.0
0.19363044598239124,0.15865313309240797,0.0,0.18461774076098403,0.1761157059806616,0.0
0.8433011229848963,-0.0039016453552888604,0.0,0.8628379885754031,-0.0015451468474680645,0.0
0.8628379885754031,-0.0015451468474680645,0.0,0.8710174477701499,0.016673823893946355,0.0
0.8628379885754031,-0.0015451468474680645,0.0,0.8823638281317288,0.0009012777276466335,0.0
0.018378490816994757,0.12128912274081774,0.0,0.038926016907258054,0.12263640320493666,0.0
0.018378490816994757,0.12128912274081774,0.0,0.012444546578602797,0.13998333874049343,0.0
0.018378490816994757,0.12128912274081774,0.0,0.0001667222407464953,0.10998901282484154,0.0
0.018378490816994757,0.12128912274081774,0.0,0.0001333777925972035,0.12999126835903244,0.0
0.038926016907258054,0.12263640320493666,0.0,0.04797669903964815,0.13989204326739446,0.0
0.038926016907258054,0.12263640320493666,0.0,0.048617125257077974,0.10525306643126504,0.0
0.038926016907258054,0.12263640320493666,0.0,0.05829520403016045,0.12275751736612915,0.0
0.5999915907170617,0.02082144117209829,0.0,0.5918091595869437,0.0397214211865077,0.0
0.5999915907170617,0.02082144117209829,0.0,0.5802381229363832,0.022727883178769077,0.0
0.5999915907170617,0.02082144117209829,0.0,0.5884953049317779,0.0044053524655444974,0.0
0.5999915907170617,0.02082144117209829,0.0,0.6080373173386462,0.0020927214002462867,0.0
0.43140778455625817,0.0064867988417855885,0.0,0.4400895807383336,0.025049486902086405,0.0
0.43140778455625817,0.0064867988417855885,0.0,0.4510160420337268,0.00814182497347989,0.0
0.25826419340040624,0.023323575649799564,0.0,0.2654466927304066,0.005899991859193086,0.0
0.25826419340040624,0.023323575649799564,0.0,0.23946257802802523,0.02390961302562588,0.0
0.25826419340040624,0.023323575649799564,0.0,0.24698741347924605,0.006541700147603982,0.0
0.25826419340040624,0.023323575649799564,0.0,0.24985700353888615,0.04004815730260586,0.0
0.25826419340040624,0.023323575649799564,0.0,0.26985323496657293,0.040239344351702955,0.0
0.2654466927304066,0.005899991859193086,0.0,0.24698741347924605,0.006541700147603982,0.0
0.2654466927304066,0.005899991859193086,0.0,0.2551696748939308,-0.010001620197861787,0.0
0.2654466927304066,0.005899991859193086,0.0,0.2748420702286549,-0.00953939805481778,0.0
0.599603533976639,0.07031728236859933,0.0,0.6028821169293256,0.056036031740522074,0.0
0.599603533976639,0.07031728236859933,0.0,0.614808658175511,0.07195440697632112,0.0
0.599603533976639,0.07031728236859933,0.0,0.608437868865012,0.08516545203426178,0.0
0.3452013888536535,0.17920698712670377,0.0,0.3364271307006636,0.16039989068279153,0.0
0.3452013888536535,0.17920698712670377,0.0,0.32508200457587644,0.17682948361769885,0.0
0.3452013888536535,0.17920698712670377,0.0,0.3334679733597575,0.1950146597444102,0.0
0.3452013888536535,0.17920698712670377,0.0,0.3530228816138251,0.1972732469543295,0.0
0.3364271307006636,0.16039989068279153,0.0,0.316457968943159,0.15903055037322444,0.0
0.3364271307006636,0.16039989068279153,0.0,0.32508200457587644,0.17682948361769885,0.0
0.3364271307006636,0.16039989068279153,0.0,0.34757150616599686,0.14451140304020757,0.0
0.3364271307006636,0.16039989068279153,0.0,0.32750525650845064,0.14341015261243972,0.0
0.871485663121019,0.15794830238006013,0.0,0.879842954678358,0.13900339790853447,0.0
0.871485663121019,0.15794830238006013,0.0,0.8893273941977534,0.15518876887843752,0.0
0.871485663121019,0.15794830238006013,0.0,0.8813610396193517,0.17292558109953632,0.0
0.44893124226314396,0.07796795830190904,0.0,0.4388492566996898,0.05993587549015994,0.0
0.44893124226314396,0.07796795830190904,0.0,0.45926118779376324,0.06071400095699748,0.0
0.44893124226314396,0.07796795830190904,0.0,0.43887033003275133,0.09517192521071241,0.0
0.44893124226314396,0.07796795830190904,0.0,0.4588672603852791,0.09551922795389083,0.0
0.44893124226314396,0.07796795830190904,0.0,0.4691775153139685,0.07838292373174142,0.0
0.4388492566996898,0.05993587549015994,0.0,0.45926118779376324,0.06071400095699748,0.0
0.4388492566996898,0.05993587549015994,0.0,0.44945248325565673,0.042951240330942414,0.0
0.4388492566996898,0.05993587549015994,0.0,0.42929226464807757,0.04184042543362146,0.0
0.45926118779376324,0.06071400095699748,0.0,0.44945248325565673,0.042951240330942414,0.0
0.45926118779376324,0.06071400095699748,0.0,0.4696730368793479,0.043784566548551826,0.0
0.45926118779376324,0.06071400095699748,0.0,0.4691775153139685,0.07838292373174142,0.0
0.45926118779376324,0.06071400095699748,0.0,0.4794835914251509,0.061261463652527944,0.0
0.3610609983782529,0.015653024466373157,0.0,0.3424358213168718,0.01213992996283874,0.0
0.3610609983782529,0.015653024466373157,0.0,0.3727666140851039,-0.0003033867233270409,0.0
0.3610609983782529,0.015653024466373157,0.0,0.3532375070853335,-0.0027235576212498807,0.0
0.879842954678358,0.13900339790853447,0.0,0.8893273941977534,0.15518876887843752,0.0
0.879842954678358,0.13900339790853447,0.0,0.8983299294986985,0.13819416267995405,0.0
0.879842954678358,0.13900339790853447,0.0,0.8891140785407038,0.1208790575162037,0.0
0.30540788571023625,0.17528326556449983,0.0,0.29577570191027464,0.15777089127376737,0.0
0.30540788571023625,0.17528326556449983,0.0,0.316457968943159,0.15903055037322444,0.0
0.30540788571023625,0.17528326556449983,0.0,0.32508200457587644,0.17682948361769885,0.0
0.30540788571023625,0.17528326556449983,0.0,0.284984113181993,0.17371324776283278,0.0
0.30540788571023625,0.17528326556449983,0.0,0.2942574624549822,0.1915070910332105,0.0
0.30540788571023625,0.17528326556449983,0.0,0.313881240220007,0.1930527249326497,0.0
0.29577570191027464,0.15777089127376737,0.0,0.316457968943159,0.15903055037322444,0.0
0.29577570191027464,0.15777089127376737,0.0,0.284984113181993,0.17371324776283278,0.0
0.29577570191027464,0.15777089127376737,0.0,0.27519694772740055,0.15588879657260407,0.0
0.29577570191027464,0.15777089127376737,0.0,0.30683591264956894,0.14266021386971184,0.0
0.29577570191027464,0.15777089127376737,0.0,0.2858699340949689,0.14200349455248554,0.0
0.316457968943159,0.15903055037322444,0.0,0.32508200457587644,0.17682948361769885,0.0
0.316457968943159,0.15903055037322444,0.0,0.30683591264956894,0.14266021386971184,0.0
0.316457968943159,0.15903055037322444,0.0,0.32750525650845064,0.14341015261243972,0.0
0.7467488621083241,0.15500469291200664,0.0,0.7376551092884576,0.13617088990092097,0.0
0.7467488621083241,0.15500469291200664,0.0,0.7556069639266256,0.17279428388205914,0.0
0.7467488621083241,0.15500469291200664,0.0,0.7662570002907428,0.15590300205102983,0.0
0.8893273941977534,0.15518876887843752,0.0,0.8813610396193517,0.17292558109953632,0.0
0.8893273941977534,0.15518876887843752,0.0,0.8983299294986985,0.13819416267995405,0.0
0.8893273941977534,0.15518876887843752,0.0,0.9080894210065384,0.15490906211855127,0.0
0.9483887877066745,0.1205282812060541,0.0,0.9657891489193274,0.1094347863480087,0.0
0.9483887877066745,0.1205282812060541,0.0,0.9340996764863435,0.10698174191008444,0.0
0.9483887877066745,0.1205282812060541,0.0,0.9379597419747763,0.13913932077509852,0.0
0.9483887877066745,0.1205282812060541,0.0,0.9275336543551944,0.12207312358533727,0.0
0.9657891489193274,0.1094347863480087,0.0,0.982679500749302,0.11999018081869813,0.0
0.9657891489193274,0.1094347863480087,0.0,0.9826795104557051,0.09998791658433358,0.0
0.9657891489193274,0.1094347863480087,0.0,0.9654307219107935,0.08989443971021253,0.0
0.016091878071285533,0.038594168982042175,0.0,0.032290238252097314,0.026637557481182985,0.0
0.016091878071285533,0.038594168982042175,0.0,0.0002667555851949112,0.04998205702257042,0.0
0.016091878071285533,0.038594168982042175,0.0,0.0003001000333443396,0.029979664158848444,0.0
0.016091878071285533,0.038594168982042175,0.0,0.014572718679260053,0.023965175369702756,0.0
0.1963978460589557,0.12486058987217484,0.0,0.20858979465557234,0.10821285296901377,0.0
0.1963978460589557,0.12486058987217484,0.0,0.1885982725586249,0.10756871669673092,0.0
0.4400895807383336,0.025049486902086405,0.0,0.44945248325565673,0.042951240330942414,0.0
0.4400895807383336,0.025049486902086405,0.0,0.42929226464807757,0.04184042543362146,0.0
0.4400895807383336,0.025049486902086405,0.0,0.46018580745823734,0.026098595706680276,0.0
0.4400895807383336,0.025049486902086405,0.0,0.4510160420337268,0.00814182497347989,0.0
0.44945248325565673,0.042951240330942414,0.0,0.42929226464807757,0.04184042543362146,0.0
0.44945248325565673,0.042951240330942414,0.0,0.46018580745823734,0.026098595706680276,0.0
0.44945248325565673,0.042951240330942414,0.0,0.4696730368793479,0.043784566548551826,0.0
0.9348318409603125,0.17142257130425134,0.0,0.9328412652253841,0.18947050278738942,0.0
0.9348318409603125,0.17142257130425134,0.0,0.9272487419845814,0.15588945868846893,0.0
0.32508200457587644,0.17682948361769885,0.0,0.313881240220007,0.1930527249326497,0.0
0.32508200457587644,0.17682948361769885,0.0,0.3334679733597575,0.1950146597444102,0.0
0.7376551092884576,0.13617088990092097,0.0,0.7283274589463321,0.11784638048692331,0.0
0.7376551092884576,0.13617088990092097,0.0,0.7180920257904754,0.13491246146952363,0.0
0.7304022919251993,0.025913493172299937,0.0,0.7366839824247107,0.006865566526638387,0.0
0.7304022919251993,0.025913493172299937,0.0,0.7450619000541071,0.022008188756095406,0.0
0.9486385103686192,0.059572748168254946,0.0,0.966202362395597,0.0708901277365903,0.0
0.9486385103686192,0.059572748168254946,0.0,0.9379571107667816,0.0414905331409384,0.0
0.9486385103686192,0.059572748168254946,0.0,0.9349847840151384,0.07115188580647025,0.0
0.966202362395597,0.0708901277365903,0.0,0.9654307219107935,0.08989443971021253,0.0
0.966202362395597,0.0708901277365903,0.0,0.9832148332479143,0.06091056581762699,0.0
0.966202362395597,0.0708901277365903,0.0,0.9827806878367993,0.08012476999304187,0.0
0.520256018891419,0.02657648976820114,0.0,0.5000514836549708,0.02694376973454626,0.0
0.520256018891419,0.02657648976820114,0.0,0.540510522348731,0.02571710373345995,0.0
0.520256018891419,0.02657648976820114,0.0,0.5100054869933534,0.009898348376830344,0.0
0.520256018891419,0.02657648976820114,0.0,0.5296737080764217,0.009290061427221243,0.0
0.8153373975519982,0.17603706886381587,0.0,0.795328694596558,0.17454795987903027,0.0
0.8153373975519982,0.17603706886381587,0.0,0.8040739682388426,0.1922212148074821,0.0
0.8153373975519982,0.17603706886381587,0.0,0.8236791101517987,0.1939886763111289,0.0
0.9379571107667816,0.0414905331409384,0.0,0.9495118612591619,0.02516036431777047,0.0
0.9379571107667816,0.0414905331409384,0.0,0.9179680149656965,0.03908043830450959,0.0
0.9379571107667816,0.0414905331409384,0.0,0.9295444263676429,0.02344691542280843,0.0
0.284984113181993,0.17371324776283278,0.0,0.2650869039323143,0.17314854598841037,0.0
0.284984113181993,0.17371324776283278,0.0,0.27519694772740055,0.15588879657260407,0.0
0.284984113181993,0.17371324776283278,0.0,0.2746002114883518,0.1904740302508034,0.0
0.284984113181993,0.17371324776283278,0.0,0.2942574624549822,0.1915070910332105,0.0
0.2248404786260077,0.1734691602563031,0.0,0.2351357280006618,0.1559322113688055,0.0
0.2248404786260077,0.1734691602563031,0.0,0.24494735037264476,0.17304675990441118,0.0
0.2248404786260077,0.1734691602563031,0.0,0.2352375608496372,0.1901715774166525,0.0
0.2248404786260077,0.1734691602563031,0.0,0.2155675444190997,0.1909215933815534,0.0
0.46018580745823734,0.026098595706680276,0.0,0.4800255956998569,0.02669547169482231,0.0
0.46018580745823734,0.026098595706680276,0.0,0.4696730368793479,0.043784566548551826,0.0
0.46018580745823734,0.026098595706680276,0.0,0.47065939200051543,0.00930522943447852,0.0
0.46018580745823734,0.026098595706680276,0.0,0.4510160420337268,0.00814182497347989,0.0
0.5918091595869437,0.0397214211865077,0.0,0.5802381229363832,0.022727883178769077,0.0
0.5918091595869437,0.0397214211865077,0.0,0.5717047588508889,0.04086082396666806,0.0
0.5918091595869437,0.0397214211865077,0.0,0.6028821169293256,0.056036031740522074,0.0
0.053394624892347885,0.02323128318721524,0.0,0.032290238252097314,0.026637557481182985,0.0
0.053394624892347885,0.02323128318721524,0.0,0.04797087198609257,0.03955343297593244,0.0
0.053394624892347885,0.02323128318721524,0.0,0.03966550931741501,0.00876051390930591,0.0
0.053394624892347885,0.02323128318721524,0.0,0.059291145572582214,0.007327634780898047,0.0
0.032290238252097314,0.026637557481182985,0.0,0.04797087198609257,0.03955343297593244,0.0
0.032290238252097314,0.026637557481182985,0.0,0.020008517608239084,0.009662850486222153,0.0
0.032290238252097314,0.026637557481182985,0.0,0.03966550931741501,0.00876051390930591,0.0
0.032290238252097314,0.026637557481182985,0.0,0.014572718679260053,0.023965175369702756,0.0
0.04797087198609257,0.03955343297593244,0.0,0.05963220634586144,0.05429864605294762,0.0
0.8881581734274729,0.05272231872689418,0.0,0.8787579139429873,0.035002512700570164,0.0
0.8881581734274729,0.05272231872689418,0.0,0.8980877161973408,0.03683209644347137,0.0
0.012444546578602797,0.13998333874049343,0.0,0.0001333777925972035,0.12999126835903244,0.0
0.012444546578602797,0.13998333874049343,0.0,0.0001000333444479161,0.1499934978500372,0.0
0.7556069639266256,0.17279428388205914,0.0,0.7450787942757616,0.1900191158835712,0.0
0.7556069639266256,0.17279428388205914,0.0,0.7647624404709625,0.1901715774472619,0.0
0.7556069639266256,0.17279428388205914,0.0,0.7753583716050546,0.1734693195619021,0.0
0.7556069639266256,0.17279428388205914,0.0,0.7662570002907428,0.15590300205102983,0.0
0.36775504924119357,0.1456845231660868,0.0,0.35831661248511565,0.12818850281251415,0.0
0.36775504924119357,0.1456845231660868,0.0,0.37824053374047,0.1286751130437435,0.0
0.36775504924119357,0.1456845231660868,0.0,0.3879244073855067,0.1461775591974375,0.0
0.36775504924119357,0.1456845231660868,0.0,0.34757150616599686,0.14451140304020757,0.0
0.9340996764863435,0.10698174191008444,0.0,0.9180059793748943,0.10459866353253489,0.0
0.9340996764863435,0.10698174191008444,0.0,0.9275336543551944,0.12207312358533727,0.0
0.2650869039323143,0.17314854598841037,0.0,0.27519694772740055,0.15588879657260407,0.0
0.2650869039323143,0.17314854598841037,0.0,0.24494735037264476,0.17304675990441118,0.0
0.2650869039323143,0.17314854598841037,0.0,0.2746002114883518,0.1904740302508034,0.0
0.2650869039323143,0.17314854598841037,0.0,0.25518408389915254,0.15580233275889854,0.0
0.2650869039323143,0.17314854598841037,0.0,0.2549212071454445,0.1900191158946087,0.0
0.27519694772740055,0.15588879657260407,0.0,0.2858699340949689,0.14200349455248554,0.0
0.27519694772740055,0.15588879657260407,0.0,0.25518408389915254,0.15580233275889854,0.0
0.27519694772740055,0.15588879657260407,0.0,0.2654237183658663,0.14182135339502527,0.0
0.2976838193619176,0.12621586925878375,0.0,0.30683591264956894,0.14266021386971184,0.0
0.2976838193619176,0.12621586925878375,0.0,0.2858699340949689,0.14200349455248554,0.0
0.2976838193619176,0.12621586925878375,0.0,0.3182562769953043,0.12726913243849158,0.0
0.2976838193619176,0.12621586925878375,0.0,0.30857272237905436,0.11006327323939778,0.0
0.2976838193619176,0.12621586925878375,0.0,0.2885761522968684,0.10969249526127106,0.0
0.2976838193619176,0.12621586925878375,0.0,0.27737627771553275,0.12615954359543505,0.0
0.30683591264956894,0.14266021386971184,0.0,0.2858699340949689,0.14200349455248554,0.0
0.30683591264956894,0.14266021386971184,0.0,0.3182562769953043,0.12726913243849158,0.0
0.30683591264956894,0.14266021386971184,0.0,0.32750525650845064,0.14341015261243972,0.0
0.2858699340949689,0.14200349455248554,0.0,0.27737627771553275,0.12615954359543505,0.0
0.2858699340949689,0.14200349455248554,0.0,0.2654237183658663,0.14182135339502527,0.0
0.9495118612591619,0.02516036431777047,0.0,0.960667339448775,0.008780433165615413,0.0
0.9495118612591619,0.02516036431777047,0.0,0.941041100114243,0.007355879206739151,0.0
0.9495118612591619,0.02516036431777047,0.0,0.9295444263676429,0.02344691542280843,0.0
0.2351357280006618,0.1559322113688055,0.0,0.24494735037264476,0.17304675990441118,0.0
0.2351357280006618,0.1559322113688055,0.0,0.25518408389915254,0.15580233275889854,0.0
0.2351357280006618,0.1559322113688055,0.0,0.2453322667820182,0.14173755939283708,0.0
0.4800255956998569,0.02669547169482231,0.0,0.4696730368793479,0.043784566548551826,0.0
0.4800255956998569,0.02669547169482231,0.0,0.5000514836549708,0.02694376973454626,0.0
0.4800255956998569,0.02669547169482231,0.0,0.47065939200051543,0.00930522943447852,0.0
0.4800255956998569,0.02669547169482231,0.0,0.48979821331563517,0.04413766305671229,0.0
0.4800255956998569,0.02669547169482231,0.0,0.4903279181598821,0.009903515293150875,0.0
0.4696730368793479,0.043784566548551826,0.0,0.48979821331563517,0.04413766305671229,0.0
0.4696730368793479,0.043784566548551826,0.0,0.4794835914251509,0.061261463652527944,0.0
0.22772417456281238,0.007335269467219992,0.0,0.22014825466201968,0.02401290182830477,0.0
0.22772417456281238,0.007335269467219992,0.0,0.23946257802802523,0.02390961302562588,0.0
0.22772417456281238,0.007335269467219992,0.0,0.24698741347924605,0.006541700147603982,0.0
0.22772417456281238,0.007335269467219992,0.0,0.21582853830769916,-0.009114832963486953,0.0
0.22772417456281238,0.007335269467219992,0.0,0.2077440578761002,0.008017235199859783,0.0
0.22772417456281238,0.007335269467219992,0.0,0.23549240661673865,-0.009856994898191187,0.0
0.22014825466201968,0.02401290182830477,0.0,0.23946257802802523,0.02390961302562588,0.0
0.22014825466201968,0.02401290182830477,0.0,0.22986726899028398,0.0393047632809139,0.0
0.22014825466201968,0.02401290182830477,0.0,0.2098647083163216,0.03925512672930881,0.0
0.22014825466201968,0.02401290182830477,0.0,0.2077440578761002,0.008017235199859783,0.0
0.22014825466201968,0.02401290182830477,0.0,0.1999259803385924,0.024389547498569305,0.0
0.23946257802802523,0.02390961302562588,0.0,0.24698741347924605,0.006541700147603982,0.0
0.23946257802802523,0.02390961302562588,0.0,0.22986726899028398,0.0393047632809139,0.0
0.23946257802802523,0.02390961302562588,0.0,0.24985700353888615,0.04004815730260586,0.0
0.31819761700792937,0.024719671189532336,0.0,0.3242186244275237,0.00916040860018062,0.0
0.31819761700792937,0.024719671189532336,0.0,0.3342508894343085,0.025588302239683013,0.0
0.31819761700792937,0.024719671189532336,0.0,0.3098014648120715,0.041333134514676684,0.0
0.795328694596558,0.17454795987903027,0.0,0.7753583716050546,0.1734693195619021,0.0
0.795328694596558,0.17454795987903027,0.0,0.786110012028169,0.15671413276139926,0.0
0.795328694596558,0.17454795987903027,0.0,0.8040739682388426,0.1922212148074821,0.0
0.795328694596558,0.17454795987903027,0.0,0.7844324567857922,0.1909215934450424,0.0
0.1731414442103805,0.160096876301967,0.0,0.16469460470707498,0.17810212627532912,0.0
0.1731414442103805,0.160096876301967,0.0,0.1529066965530121,0.1620904689745608,0.0
0.1731414442103805,0.160096876301967,0.0,0.18461774076098403,0.1761157059806616,0.0
0.16469460470707498,0.17810212627532912,0.0,0.1529066965530121,0.1620904689745608,0.0
0.16469460470707498,0.17810212627532912,0.0,0.18461774076098403,0.1761157059806616,0.0
0.16469460470707498,0.17810212627532912,0.0,0.1449657974249394,0.1802898594026529,0.0
0.16469460470707498,0.17810212627532912,0.0,0.1763208908223542,0.1939886762133007,0.0
0.16469460470707498,0.17810212627532912,0.0,0.1567512396874989,0.1961150489967212,0.0
0.1529066965530121,0.1620904689745608,0.0,0.13298571166975315,0.16433812879937368,0.0
0.1529066965530121,0.1620904689745608,0.0,0.1449657974249394,0.1802898594026529,0.0
0.24494735037264476,0.17304675990441118,0.0,0.25518408389915254,0.15580233275889854,0.0
0.24494735037264476,0.17304675990441118,0.0,0.2549212071454445,0.1900191158946087,0.0
0.24494735037264476,0.17304675990441118,0.0,0.2352375608496372,0.1901715774166525,0.0
0.5000514836549708,0.02694376973454626,0.0,0.48979821331563517,0.04413766305671229,0.0
0.5000514836549708,0.02694376973454626,0.0,0.4903279181598821,0.009903515293150875,0.0
0.5000514836549708,0.02694376973454626,0.0,0.5100054869933534,0.009898348376830344,0.0
0.03206879928608893,0.07020190303031618,0.0,0.049686336738726626,0.07057948204415673,0.0
0.8627921253644149,0.1984719234020252,0.0,0.8823244412923026,0.2009191174150899,0.0
0.8627921253644149,0.1984719234020252,0.0,0.8432487611881002,0.1961150490981094,0.0
0.8627921253644149,0.1984719234020252,0.0,0.8772077745195382,0.18708108966410425,0.0
0.7450787942757616,0.1900191158835712,0.0,0.7647624404709625,0.1901715774472619,0.0
0.5802381229363832,0.022727883178769077,0.0,0.5717047588508889,0.04086082396666806,0.0
0.5802381229363832,0.022727883178769077,0.0,0.5884953049317779,0.0044053524655444974,0.0
0.5802381229363832,0.022727883178769077,0.0,0.5604280091236125,0.024348130805409613,0.0
0.5802381229363832,0.022727883178769077,0.0,0.5689241488065926,0.006455077798762533,0.0
0.2746002114883518,0.1904740302508034,0.0,0.2942574624549822,0.1915070910332105,0.0
0.2746002114883518,0.1904740302508034,0.0,0.2549212071454445,0.1900191158946087,0.0
0.540510522348731,0.02571710373345995,0.0,0.5604280091236125,0.024348130805409613,0.0
0.540510522348731,0.02571710373345995,0.0,0.5296737080764217,0.009290061427221243,0.0
0.540510522348731,0.02571710373345995,0.0,0.5493165239209004,0.008117622774135871,0.0
0.47065939200051543,0.00930522943447852,0.0,0.4510160420337268,0.00814182497347989,0.0
0.47065939200051543,0.00930522943447852,0.0,0.4903279181598821,0.009903515293150875,0.0
0.960667339448775,0.008780433165615413,0.0,0.941041100114243,0.007355879206739151,0.0
0.960667339448775,0.008780433165615413,0.0,0.9803247665973532,0.009673185417764338,0.0
0.8787579139429873,0.035002512700570164,0.0,0.8710174477701499,0.016673823893946355,0.0
0.8787579139429873,0.035002512700570164,0.0,0.8595107978590653,0.03373415407887578,0.0
0.8787579139429873,0.035002512700570164,0.0,0.8902136553753388,0.01908183511645303,0.0
0.8787579139429873,0.035002512700570164,0.0,0.8980877161973408,0.03683209644347137,0.0
0.8710174477701499,0.016673823893946355,0.0,0.8595107978590653,0.03373415407887578,0.0
0.8710174477701499,0.016673823893946355,0.0,0.8902136553753388,0.01908183511645303,0.0
0.8710174477701499,0.016673823893946355,0.0,0.8823638281317288,0.0009012777276466335,0.0
0.8595107978590653,0.03373415407887578,0.0,0.8493504795097314,0.05064453513422465,0.0
0.3424358213168718,0.01213992996283874,0.0,0.3242186244275237,0.00916040860018062,0.0
0.3424358213168718,0.01213992996283874,0.0,0.3342508894343085,0.025588302239683013,0.0
0.3424358213168718,0.01213992996283874,0.0,0.3336893366991598,-0.004983960057215986,0.0
0.3424358213168718,0.01213992996283874,0.0,0.3532375070853335,-0.0027235576212498807,0.0
0.3242186244275237,0.00916040860018062,0.0,0.3342508894343085,0.025588302239683013,0.0
0.3242186244275237,0.00916040860018062,0.0,0.3336893366991598,-0.004983960057215986,0.0
0.3242186244275237,0.00916040860018062,0.0,0.31410944861914236,-0.0069493600855069755,0.0
0.24698741347924605,0.006541700147603982,0.0,0.23549240661673865,-0.009856994898191187,0.0
0.24698741347924605,0.006541700147603982,0.0,0.2551696748939308,-0.010001620197861787,0.0
0.02202296273431278,0.18770928273903167,0.0,3.334444814934153e-05,0.1899978693262582,0.0
0.02202296273431278,0.18770928273903167,0.0,0.014343827108217234,0.17476243427826602,0.0
0.02202296273431278,0.18770928273903167,0.0,0.01968189381931244,0.2096956954280177,0.0
0.02202296273431278,0.18770928273903167,0.0,0.011954367647240602,0.19775482064666777,0.0
0.18461774076098403,0.1761157059806616,0.0,0.1959260328513177,0.1922212147213933,0.0
0.18461774076098403,0.1761157059806616,0.0,0.1763208908223542,0.1939886762133007,0.0
0.7366839824247107,0.006865566526638387,0.0,0.7450619000541071,0.022008188756095406,0.0
0.7366839824247107,0.006865566526638387,0.0,0.7451637626178981,-0.010004252720431211,0.0
0.5717047588508889,0.04086082396666806,0.0,0.5604280091236125,0.024348130805409613,0.0
0.5884953049317779,0.0044053524655444974,0.0,0.6080373173386462,0.0020927214002462867,0.0
0.5884953049317779,0.0044053524655444974,0.0,0.5689241488065926,0.006455077798762533,0.0
0.7647624404709625,0.1901715774472619,0.0,0.7753583716050546,0.1734693195619021,0.0
0.7647624404709625,0.1901715774472619,0.0,0.7844324567857922,0.1909215934450424,0.0
0.25518408389915254,0.15580233275889854,0.0,0.2453322667820182,0.14173755939283708,0.0
0.25518408389915254,0.15580233275889854,0.0,0.2654237183658663,0.14182135339502527,0.0
0.7753583716050546,0.1734693195619021,0.0,0.786110012028169,0.15671413276139926,0.0
0.7753583716050546,0.1734693195619021,0.0,0.7662570002907428,0.15590300205102983,0.0
0.7753583716050546,0.1734693195619021,0.0,0.7844324567857922,0.1909215934450424,0.0
0.786110012028169,0.15671413276139926,0.0,0.7662570002907428,0.15590300205102983,0.0
0.8040739682388426,0.1922212148074821,0.0,0.8236791101517987,0.1939886763111289,0.0
0.8040739682388426,0.1922212148074821,0.0,0.7844324567857922,0.1909215934450424,0.0
0.48979821331563517,0.04413766305671229,0.0,0.49954755501424053,0.06156691327708067,0.0
0.48979821331563517,0.04413766305671229,0.0,0.4794835914251509,0.061261463652527944,0.0
0.9328412652253841,0.18947050278738942,0.0,0.921425379683128,0.2055086350647987,0.0
0.9328412652253841,0.18947050278738942,0.0,0.9410212191544387,0.2073769316668632,0.0
0.9328412652253841,0.18947050278738942,0.0,0.9509069518767526,0.19540613701634946,0.0
0.2942574624549822,0.1915070910332105,0.0,0.313881240220007,0.1930527249326497,0.0
0.941041100114243,0.007355879206739151,0.0,0.9295444263676429,0.02344691542280843,0.0
0.941041100114243,0.007355879206739151,0.0,0.9214517971705322,0.005488652537153103,0.0
0.8902136553753388,0.01908183511645303,0.0,0.8980877161973408,0.03683209644347137,0.0
0.8902136553753388,0.01908183511645303,0.0,0.909772645077639,0.02132835846983718,0.0
0.8902136553753388,0.01908183511645303,0.0,0.8823638281317288,0.0009012777276466335,0.0
0.8902136553753388,0.01908183511645303,0.0,0.9018963629448941,0.0032931483099429503,0.0
0.8980877161973408,0.03683209644347137,0.0,0.9179680149656965,0.03908043830450959,0.0
0.8980877161973408,0.03683209644347137,0.0,0.909772645077639,0.02132835846983718,0.0
0.5604280091236125,0.024348130805409613,0.0,0.5689241488065926,0.006455077798762533,0.0
0.5604280091236125,0.024348130805409613,0.0,0.5493165239209004,0.008117622774135871,0.0
0.313881240220007,0.1930527249326497,0.0,0.3334679733597575,0.1950146597444102,0.0
0.5689241488065926,0.006455077798762533,0.0,0.5493165239209004,0.008117622774135871,0.0
0.8236791101517987,0.1939886763111289,0.0,0.8432487611881002,0.1961150490981094,0.0
0.3334679733597575,0.1950146597444102,0.0,0.3530228816138251,0.1972732469543295,0.0
0.8813610396193517,0.17292558109953632,0.0,0.8772077745195382,0.18708108966410425,0.0
0.13298571166975315,0.16433812879937368,0.0,0.11376096024127416,0.16727564227736147,0.0
0.13298571166975315,0.16433812879937368,0.0,0.12540892362616943,0.18278026060878583,0.0
0.13298571166975315,0.16433812879937368,0.0,0.12108694775882346,0.14970999451906475,0.0
0.13298571166975315,0.16433812879937368,0.0,0.1449657974249394,0.1802898594026529,0.0
0.11376096024127416,0.16727564227736147,0.0,0.12540892362616943,0.18278026060878583,0.0
0.11376096024127416,0.16727564227736147,0.0,0.12108694775882346,0.14970999451906475,0.0
0.11376096024127416,0.16727564227736147,0.0,0.10578076834202162,0.18550797129608695,0.0
0.12540892362616943,0.18278026060878583,0.0,0.1449657974249394,0.1802898594026529,0.0
0.12540892362616943,0.18278026060878583,0.0,0.10578076834202162,0.18550797129608695,0.0
0.12540892362616943,0.18278026060878583,0.0,0.1176755593694548,0.2009191173322832,0.0
0.12540892362616943,0.18278026060878583,0.0,0.1372078753933555,0.1984719233079192,0.0
0.49954755501424053,0.06156691327708067,0.0,0.5091789476491041,0.07911964884120795,0.0
0.49954755501424053,0.06156691327708067,0.0,0.48919870587456926,0.07874717334605622,0.0
0.49954755501424053,0.06156691327708067,0.0,0.4794835914251509,0.061261463652527944,0.0
0.5091789476491041,0.07911964884120795,0.0,0.49889510767188,0.0962359183091119,0.0
0.5091789476491041,0.07911964884120795,0.0,0.48919870587456926,0.07874717334605622,0.0
0.5091789476491041,0.07911964884120795,0.0,0.5189867528903346,0.09655101638952748,0.0
0.48855344486963487,0.11338263430517817,0.0,0.49889510767188,0.0962359183091119,0.0
0.48855344486963487,0.11338263430517817,0.0,0.4788730040604411,0.09588122904579485,0.0
0.48855344486963487,0.11338263430517817,0.0,0.5085891240338354,0.1137304453113165,0.0
0.48855344486963487,0.11338263430517817,0.0,0.4982346735095051,0.1308850989171196,0.0
0.48855344486963487,0.11338263430517817,0.0,0.47822652664688275,0.13052176179442274,0.0
0.48855344486963487,0.11338263430517817,0.0,0.4685459918679289,0.11301951968424376,0.0
0.49889510767188,0.0962359183091119,0.0,0.4788730040604411,0.09588122904579485,0.0
0.49889510767188,0.0962359183091119,0.0,0.48919870587456926,0.07874717334605622,0.0
0.49889510767188,0.0962359183091119,0.0,0.5189867528903346,0.09655101638952748,0.0
0.49889510767188,0.0962359183091119,0.0,0.5085891240338354,0.1137304453113165,0.0
0.4788730040604411,0.09588122904579485,0.0,0.48919870587456926,0.07874717334605622,0.0
0.4788730040604411,0.09588122904579485,0.0,0.4588672603852791,0.09551922795389083,0.0
0.4788730040604411,0.09588122904579485,0.0,0.4685459918679289,0.11301951968424376,0.0
0.4788730040604411,0.09588122904579485,0.0,0.4691775153139685,0.07838292373174142,0.0
0.48919870587456926,0.07874717334605622,0.0,0.4691775153139685,0.07838292373174142,0.0
0.48919870587456926,0.07874717334605622,0.0,0.4794835914251509,0.061261463652527944,0.0
0.6028821169293256,0.056036031740522074,0.0,0.622682160145562,0.05450291512775653,0.0
0.6028821169293256,0.056036031740522074,0.0,0.614808658175511,0.07195440697632112,0.0
0.0002334111370453746,0.06998440930004364,0.0,0.0002667555851949112,0.04998205702257042,0.0
0.0002334111370453746,0.06998440930004364,0.0,0.0002000666888959734,0.08998672596526124,0.0
0.0001667222407464953,0.10998901282484154,0.0,0.0002000666888959734,0.08998672596526124,0.0
0.0001667222407464953,0.10998901282484154,0.0,0.0001333777925972035,0.12999126835903244,0.0
0.5189867528903346,0.09655101638952748,0.0,0.5287087406393156,0.11403203271611927,0.0
0.5189867528903346,0.09655101638952748,0.0,0.5085891240338354,0.1137304453113165,0.0
0.0002667555851949112,0.04998205702257042,0.0,0.0003001000333443396,0.029979664158848444,0.0
0.0003001000333443396,0.029979664158848444,0.0,0.000333444168701415,0.009977201138146768,0.0
0.0003001000333443396,0.029979664158848444,0.0,0.014572718679260053,0.023965175369702756,0.0
0.0001333777925972035,0.12999126835903244,0.0,0.0001000333444479161,0.1499934978500372,0.0
6.668889629864687e-05,0.1699957003011486,0.0,0.0001000333444479161,0.1499934978500372,0.0
6.668889629864687e-05,0.1699957003011486,0.0,3.334444814934153e-05,0.1899978693262582,0.0
6.668889629864687e-05,0.1699957003011486,0.0,0.014343827108217234,0.17476243427826602,0.0
0.622682160145562,0.05450291512775653,0.0,0.614808658175511,0.07195440697632112,0.0
0.622682160145562,0.05450291512775653,0.0,0.6425427522113135,0.052399588068202545,0.0
0.622682160145562,0.05450291512775653,0.0,0.6349858915064598,0.06924136187901805,0.0
0.5287087406393156,0.11403203271611927,0.0,0.5487126333383602,0.1143980300086634,0.0
0.5287087406393156,0.11403203271611927,0.0,0.5085891240338354,0.1137304453113165,0.0
0.5287087406393156,0.11403203271611927,0.0,0.5182539625932214,0.13124231269023365,0.0
0.5287087406393156,0.11403203271611927,0.0,0.5382305069968041,0.13162335566042818,0.0
0.614808658175511,0.07195440697632112,0.0,0.6349858915064598,0.06924136187901805,0.0
0.614808658175511,0.07195440697632112,0.0,0.627784792555885,0.08559515473383551,0.0
0.614808658175511,0.07195440697632112,0.0,0.608437868865012,0.08516545203426178,0.0
0.5487126333383602,0.1143980300086634,0.0,0.5687235197842584,0.11468237579186373,0.0
0.5487126333383602,0.1143980300086634,0.0,0.5582097474042013,0.13200291260079647,0.0
0.5487126333383602,0.1143980300086634,0.0,0.5382305069968041,0.13162335566042818,0.0
0.5085891240338354,0.1137304453113165,0.0,0.5182539625932214,0.13124231269023365,0.0
0.5085891240338354,0.1137304453113165,0.0,0.4982346735095051,0.1308850989171196,0.0
0.6425427522113135,0.052399588068202545,0.0,0.6625801328271376,0.05089298194309422,0.0
0.6425427522113135,0.052399588068202545,0.0,0.6349858915064598,0.06924136187901805,0.0
0.5182539625932214,0.13124231269023365,0.0,0.4982346735095051,0.1308850989171196,0.0
0.5182539625932214,0.13124231269023365,0.0,0.5079067430328145,0.1483928261069826,0.0
0.5182539625932214,0.13124231269023365,0.0,0.5279023289217497,0.14876324235837962,0.0
0.5182539625932214,0.13124231269023365,0.0,0.5382305069968041,0.13162335566042818,0.0
0.4982346735095051,0.1308850989171196,0.0,0.5079067430328145,0.1483928261069826,0.0
0.4982346735095051,0.1308850989171196,0.0,0.487905375502044,0.14802567790694798,0.0
0.4982346735095051,0.1308850989171196,0.0,0.47822652664688275,0.13052176179442274,0.0
0.5687235197842584,0.11468237579186373,0.0,0.5582097474042013,0.13200291260079647,0.0
0.5687235197842584,0.11468237579186373,0.0,0.5886643043111579,0.11502395656885939,0.0
0.5687235197842584,0.11468237579186373,0.0,0.5782684156866259,0.13229059129992496,0.0
0.5582097474042013,0.13200291260079647,0.0,0.5782684156866259,0.13229059129992496,0.0
0.5582097474042013,0.13200291260079647,0.0,0.5678878208794227,0.14950737014675977,0.0
0.5582097474042013,0.13200291260079647,0.0,0.5382305069968041,0.13162335566042818,0.0
0.5582097474042013,0.13200291260079647,0.0,0.54789672701413,0.14906668334593765,0.0
0.5079067430328145,0.1483928261069826,0.0,0.487905375502044,0.14802567790694798,0.0
0.5079067430328145,0.1483928261069826,0.0,0.5279023289217497,0.14876324235837962,0.0
0.5079067430328145,0.1483928261069826,0.0,0.5175761329525206,0.16590202711384794,0.0
0.5079067430328145,0.1483928261069826,0.0,0.49757954507154833,0.16553219318102969,0.0
0.487905375502044,0.14802567790694798,0.0,0.47822652664688275,0.13052176179442274,0.0
0.487905375502044,0.14802567790694798,0.0,0.4679060660432141,0.14765743601446552,0.0
0.487905375502044,0.14802567790694798,0.0,0.477590924701558,0.16474323830395343,0.0
0.487905375502044,0.14802567790694798,0.0,0.49757954507154833,0.16553219318102969,0.0
0.5886643043111579,0.11502395656885939,0.0,0.5989551904139341,0.09887460100172243,0.0
0.5886643043111579,0.11502395656885939,0.0,0.6085632995830283,0.11570108514251612,0.0
0.5886643043111579,0.11502395656885939,0.0,0.5982331405091083,0.13272258427015685,0.0
0.5886643043111579,0.11502395656885939,0.0,0.5782684156866259,0.13229059129992496,0.0
0.5279023289217497,0.14876324235837962,0.0,0.5175761329525206,0.16590202711384794,0.0
0.5279023289217497,0.14876324235837962,0.0,0.5375806401537313,0.16586139927288052,0.0
0.5279023289217497,0.14876324235837962,0.0,0.5382305069968041,0.13162335566042818,0.0
0.5279023289217497,0.14876324235837962,0.0,0.54789672701413,0.14906668334593765,0.0
0.5175761329525206,0.16590202711384794,0.0,0.5375806401537313,0.16586139927288052,0.0
0.5175761329525206,0.16590202711384794,0.0,0.49757954507154833,0.16553219318102969,0.0
0.5175761329525206,0.16590202711384794,0.0,0.5074984661644879,0.1786926192198413,0.0
0.5175761329525206,0.16590202711384794,0.0,0.5274549826518778,0.17906060710502375,0.0
0.47822652664688275,0.13052176179442274,0.0,0.4679060660432141,0.14765743601446552,0.0
0.47822652664688275,0.13052176179442274,0.0,0.4582275662387352,0.1301533480401033,0.0
0.47822652664688275,0.13052176179442274,0.0,0.4685459918679289,0.11301951968424376,0.0
0.5989551904139341,0.09887460100172243,0.0,0.6085632995830283,0.11570108514251612,0.0
0.5989551904139341,0.09887460100172243,0.0,0.6188359431773601,0.09946817397572309,0.0
0.5989551904139341,0.09887460100172243,0.0,0.608437868865012,0.08516545203426178,0.0
0.5375806401537313,0.16586139927288052,0.0,0.54789672701413,0.14906668334593765,0.0
0.5375806401537313,0.16586139927288052,0.0,0.5574400382531344,0.16497134616746056,0.0
0.5375806401537313,0.16586139927288052,0.0,0.5274549826518778,0.17906060710502375,0.0
0.5375806401537313,0.16586139927288052,0.0,0.5473785649604085,0.1786505110241688,0.0
0.6085632995830283,0.11570108514251612,0.0,0.6188359431773601,0.09946817397572309,0.0
0.6085632995830283,0.11570108514251612,0.0,0.5982331405091083,0.13272258427015685,0.0
0.6085632995830283,0.11570108514251612,0.0,0.6285243144891381,0.1161595427862861,0.0
0.6085632995830283,0.11570108514251612,0.0,0.6182140496808609,0.13307522102107813,0.0
0.4679060660432141,0.14765743601446552,0.0,0.477590924701558,0.16474323830395343,0.0
0.4679060660432141,0.14765743601446552,0.0,0.4582275662387352,0.1301533480401033,0.0
0.4679060660432141,0.14765743601446552,0.0,0.44790863078512533,0.14728819569525786,0.0
0.4679060660432141,0.14765743601446552,0.0,0.45759976738209035,0.16407365942469662,0.0
1.0,0.16999571794358895,0.0,0.983173050589089,0.1791418269104211,0.0
1.0,0.16999571794358895,0.0,0.9826794854263262,0.15999462251261004,0.0
1.0,0.16999571794358895,0.0,1.0,0.14999352708168837,0.0
1.0,0.16999571794358895,0.0,1.0,0.18999788282136001,0.0
0.983173050589089,0.1791418269104211,0.0,0.9826794854263262,0.15999462251261004,0.0
0.983173050589089,0.1791418269104211,0.0,1.0,0.18999788282136001,0.0
0.9826794854263262,0.15999462251261004,0.0,1.0,0.14999352708168837,0.0
1.0,0.10998905537988855,0.0,1.0,0.12999130625746502,0.0
1.0,0.10998905537988855,0.0,0.982679500749302,0.11999018081869813,0.0
1.0,0.10998905537988855,0.0,0.9826795104557051,0.09998791658433358,0.0
1.0,0.10998905537988855,0.0,1.0,0.08998677778880326,0.0
1.0,0.12999130625746502,0.0,0.982679500749302,0.11999018081869813,0.0
1.0,0.12999130625746502,0.0,1.0,0.14999352708168837,0.0
0.982679500749302,0.11999018081869813,0.0,0.9826795104557051,0.09998791658433358,0.0
0.9826795104557051,0.09998791658433358,0.0,0.9654307219107935,0.08989443971021253,0.0
0.9826795104557051,0.09998791658433358,0.0,1.0,0.08998677778880326,0.0
0.9826795104557051,0.09998791658433358,0.0,0.9827806878367993,0.08012476999304187,0.0
0.6188359431773601,0.09946817397572309,0.0,0.6285243144891381,0.1161595427862861,0.0
0.6188359431773601,0.09946817397572309,0.0,0.6388218058743221,0.09985484004891945,0.0
0.6188359431773601,0.09946817397572309,0.0,0.627784792555885,0.08559515473383551,0.0
0.6188359431773601,0.09946817397572309,0.0,0.608437868865012,0.08516545203426178,0.0
0.5982331405091083,0.13272258427015685,0.0,0.5878919460732922,0.14980436600201294,0.0
0.5982331405091083,0.13272258427015685,0.0,0.6182140496808609,0.13307522102107813,0.0
0.5982331405091083,0.13272258427015685,0.0,0.6078960003378279,0.14982970658467964,0.0
0.5982331405091083,0.13272258427015685,0.0,0.5782684156866259,0.13229059129992496,0.0
0.477590924701558,0.16474323830395343,0.0,0.45759976738209035,0.16407365942469662,0.0
0.477590924701558,0.16474323830395343,0.0,0.49757954507154833,0.16553219318102969,0.0
0.477590924701558,0.16474323830395343,0.0,0.4873431773994068,0.17822320437849148,0.0
0.477590924701558,0.16474323830395343,0.0,0.4673608615069154,0.17708154005025134,0.0
0.4582275662387352,0.1301533480401033,0.0,0.44790863078512533,0.14728819569525786,0.0
0.4582275662387352,0.1301533480401033,0.0,0.4382304483599171,0.12978394783791403,0.0
0.4582275662387352,0.1301533480401033,0.0,0.4485489692370888,0.11264930805222713,0.0
0.4582275662387352,0.1301533480401033,0.0,0.4685459918679289,0.11301951968424376,0.0
1.0,0.18999788282136001,0.0,1.0,0.21,0.0
0.44790863078512533,0.14728819569525786,0.0,0.4382304483599171,0.12978394783791403,0.0
0.44790863078512533,0.14728819569525786,0.0,0.42791181488727126,0.14691865051688813,0.0
0.44790863078512533,0.14728819569525786,0.0,0.4375998596968374,0.16387893198802683,0.0
0.44790863078512533,0.14728819569525786,0.0,0.45759976738209035,0.16407365942469662,0.0
0.6285243144891381,0.1161595427862861,0.0,0.6388218058743221,0.09985484004891945,0.0
0.6285243144891381,0.1161595427862861,0.0,0.6485131850710097,0.1165470679666343,0.0
0.6285243144891381,0.1161595427862861,0.0,0.6381960796582798,0.13348289229510696,0.0
0.6285243144891381,0.1161595427862861,0.0,0.6182140496808609,0.13307522102107813,0.0
0.7794457128538262,0.06680815449417571,0.0,0.7605475608530187,0.06694325989088802,0.0
0.7794457128538262,0.06680815449417571,0.0,0.7898797626740628,0.049531274920383964,0.0
0.7794457128538262,0.06680815449417571,0.0,0.7691253919169336,0.08393035680740044,0.0
0.7794457128538262,0.06680815449417571,0.0,0.7994371029894141,0.06720092599071466,0.0
0.7794457128538262,0.06680815449417571,0.0,0.789095789061099,0.08438102043122996,0.0
0.7605475608530187,0.06694325989088802,0.0,0.7491310419851095,0.08358503650742782,0.0
0.7605475608530187,0.06694325989088802,0.0,0.7691253919169336,0.08393035680740044,0.0
0.7187952924423827,0.10044282245977322,0.0,0.7388095625056552,0.10073293248858914,0.0
0.7187952924423827,0.10044282245977322,0.0,0.7283274589463321,0.11784638048692331,0.0
0.7187952924423827,0.10044282245977322,0.0,0.7084989995719051,0.11747384009366645,0.0
0.7187952924423827,0.10044282245977322,0.0,0.6988238972375369,0.10008507177770808,0.0
0.7187952924423827,0.10044282245977322,0.0,0.7291096139924631,0.08330621697322853,0.0
0.7187952924423827,0.10044282245977322,0.0,0.7089817641958315,0.0834027163343075,0.0
0.7388095625056552,0.10073293248858914,0.0,0.7283274589463321,0.11784638048692331,0.0
0.7388095625056552,0.10073293248858914,0.0,0.7491310419851095,0.08358503650742782,0.0
0.7388095625056552,0.10073293248858914,0.0,0.7291096139924631,0.08330621697322853,0.0
0.7388095625056552,0.10073293248858914,0.0,0.7587677998813019,0.101046919480258,0.0
0.7283274589463321,0.11784638048692331,0.0,0.7084989995719051,0.11747384009366645,0.0
0.7283274589463321,0.11784638048692331,0.0,0.7180920257904754,0.13491246146952363,0.0
0.7898797626740628,0.049531274920383964,0.0,0.7994371029894141,0.06720092599071466,0.0
0.7898797626740628,0.049531274920383964,0.0,0.8097654282712107,0.05004179634795025,0.0
0.9654307219107935,0.08989443971021253,0.0,0.9827806878367993,0.08012476999304187,0.0
0.7491310419851095,0.08358503650742782,0.0,0.7691253919169336,0.08393035680740044,0.0
0.7491310419851095,0.08358503650742782,0.0,0.7291096139924631,0.08330621697322853,0.0
0.7491310419851095,0.08358503650742782,0.0,0.7587677998813019,0.101046919480258,0.0
0.7691253919169336,0.08393035680740044,0.0,0.789095789061099,0.08438102043122996,0.0
0.7691253919169336,0.08393035680740044,0.0,0.7587677998813019,0.101046919480258,0.0
0.7084989995719051,0.11747384009366645,0.0,0.6988238972375369,0.10008507177770808,0.0
0.7084989995719051,0.11747384009366645,0.0,0.6885054074635033,0.1172225431101297,0.0
0.7084989995719051,0.11747384009366645,0.0,0.6981854045718401,0.13461729794768426,0.0
0.7084989995719051,0.11747384009366645,0.0,0.7180920257904754,0.13491246146952363,0.0
0.8090995166093748,0.08475569794028319,0.0,0.8194415363591561,0.06757191526200665,0.0
0.8090995166093748,0.08475569794028319,0.0,0.7994371029894141,0.06720092599071466,0.0
0.8090995166093748,0.08475569794028319,0.0,0.789095789061099,0.08438102043122996,0.0
0.8090995166093748,0.08475569794028319,0.0,0.8291236497513341,0.0851805979340192,0.0
0.8194415363591561,0.06757191526200665,0.0,0.7994371029894141,0.06720092599071466,0.0
0.8194415363591561,0.06757191526200665,0.0,0.8097654282712107,0.05004179634795025,0.0
0.8194415363591561,0.06757191526200665,0.0,0.8297636710697691,0.050407377118780794,0.0
0.8194415363591561,0.06757191526200665,0.0,0.8394317019139179,0.06800447472130974,0.0
0.8194415363591561,0.06757191526200665,0.0,0.8291236497513341,0.0851805979340192,0.0
0.7994371029894141,0.06720092599071466,0.0,0.8097654282712107,0.05004179634795025,0.0
0.7994371029894141,0.06720092599071466,0.0,0.789095789061099,0.08438102043122996,0.0
0.8097654282712107,0.05004179634795025,0.0,0.8297636710697691,0.050407377118780794,0.0
0.6388218058743221,0.09985484004891945,0.0,0.6485131850710097,0.1165470679666343,0.0
0.6388218058743221,0.09985484004891945,0.0,0.6588209680016028,0.09992518188237266,0.0
0.6388218058743221,0.09985484004891945,0.0,0.627784792555885,0.08559515473383551,0.0
0.4382304483599171,0.12978394783791403,0.0,0.42791181488727126,0.14691865051688813,0.0
0.4382304483599171,0.12978394783791403,0.0,0.4485489692370888,0.11264930805222713,0.0
0.4382304483599171,0.12978394783791403,0.0,0.42855226330716184,0.11227969533119558,0.0
0.4382304483599171,0.12978394783791403,0.0,0.4182337012411275,0.12941659254374482,0.0
0.6781890474366179,0.1342353013094264,0.0,0.6678797747369868,0.15086869959720825,0.0
0.6781890474366179,0.1342353013094264,0.0,0.6581935298464254,0.13383190694321578,0.0
0.6781890474366179,0.1342353013094264,0.0,0.6685089151344967,0.11687003944406862,0.0
0.6781890474366179,0.1342353013094264,0.0,0.6885054074635033,0.1172225431101297,0.0
0.6781890474366179,0.1342353013094264,0.0,0.6981854045718401,0.13461729794768426,0.0
0.6678797747369868,0.15086869959720825,0.0,0.6581935298464254,0.13383190694321578,0.0
0.6678797747369868,0.15086869959720825,0.0,0.6478910380917551,0.1500786846812356,0.0
0.6678797747369868,0.15086869959720825,0.0,0.6587574125639063,0.16412813498653792,0.0
0.6581935298464254,0.13383190694321578,0.0,0.6485131850710097,0.1165470679666343,0.0
0.6581935298464254,0.13383190694321578,0.0,0.6685089151344967,0.11687003944406862,0.0
0.6581935298464254,0.13383190694321578,0.0,0.6478910380917551,0.1500786846812356,0.0
0.6581935298464254,0.13383190694321578,0.0,0.6381960796582798,0.13348289229510696,0.0
0.8297636710697691,0.050407377118780794,0.0,0.8394317019139179,0.06800447472130974,0.0
0.8297636710697691,0.050407377118780794,0.0,0.8493504795097314,0.05064453513422465,0.0
0.8394317019139179,0.06800447472130974,0.0,0.8291236497513341,0.0851805979340192,0.0
0.8394317019139179,0.06800447472130974,0.0,0.8493504795097314,0.05064453513422465,0.0
0.8394317019139179,0.06800447472130974,0.0,0.8491364090460393,0.08573591589390411,0.0
0.9083399252056081,0.12127425936704796,0.0,0.8983299294986985,0.13819416267995405,0.0
0.9083399252056081,0.12127425936704796,0.0,0.8891140785407038,0.1208790575162037,0.0
0.9083399252056081,0.12127425936704796,0.0,0.8987933610794331,0.10378595160965637,0.0
0.9083399252056081,0.12127425936704796,0.0,0.9180059793748943,0.10459866353253489,0.0
0.9083399252056081,0.12127425936704796,0.0,0.9275336543551944,0.12207312358533727,0.0
0.9083399252056081,0.12127425936704796,0.0,0.9179709873562372,0.1387709323844096,0.0
0.8983299294986985,0.13819416267995405,0.0,0.8891140785407038,0.1208790575162037,0.0
0.8983299294986985,0.13819416267995405,0.0,0.9179709873562372,0.1387709323844096,0.0
0.8983299294986985,0.13819416267995405,0.0,0.9080894210065384,0.15490906211855127,0.0
0.8891140785407038,0.1208790575162037,0.0,0.8788060250501287,0.10360839660197194,0.0
0.8891140785407038,0.1208790575162037,0.0,0.8987933610794331,0.10378595160965637,0.0
0.8291236497513341,0.0851805979340192,0.0,0.8491364090460393,0.08573591589390411,0.0
0.8788060250501287,0.10360839660197194,0.0,0.8987933610794331,0.10378595160965637,0.0
0.8788060250501287,0.10360839660197194,0.0,0.8891108649071308,0.08662875798744613,0.0
0.8788060250501287,0.10360839660197194,0.0,0.869123555007993,0.08638398961647813,0.0
0.6988238972375369,0.10008507177770808,0.0,0.6885054074635033,0.1172225431101297,0.0
0.6988238972375369,0.10008507177770808,0.0,0.678817846953781,0.10023738026209282,0.0
0.6988238972375369,0.10008507177770808,0.0,0.7089817641958315,0.0834027163343075,0.0
0.8987933610794331,0.10378595160965637,0.0,0.8891108649071308,0.08662875798744613,0.0
0.8987933610794331,0.10378595160965637,0.0,0.9090985845460783,0.0872575689427113,0.0
0.8987933610794331,0.10378595160965637,0.0,0.9180059793748943,0.10459866353253489,0.0
0.9379597419747763,0.13913932077509852,0.0,0.9272487419845814,0.15588945868846893,0.0
0.9379597419747763,0.13913932077509852,0.0,0.9275336543551944,0.12207312358533727,0.0
0.9379597419747763,0.13913932077509852,0.0,0.9179709873562372,0.1387709323844096,0.0
0.8491364090460393,0.08573591589390411,0.0,0.869123555007993,0.08638398961647813,0.0
0.6485131850710097,0.1165470679666343,0.0,0.6685089151344967,0.11687003944406862,0.0
0.6485131850710097,0.1165470679666343,0.0,0.6588209680016028,0.09992518188237266,0.0
0.6485131850710097,0.1165470679666343,0.0,0.6381960796582798,0.13348289229510696,0.0
0.6685089151344967,0.11687003944406862,0.0,0.6885054074635033,0.1172225431101297,0.0
0.6685089151344967,0.11687003944406862,0.0,0.678817846953781,0.10023738026209282,0.0
0.6685089151344967,0.11687003944406862,0.0,0.6588209680016028,0.09992518188237266,0.0
0.42791181488727126,0.14691865051688813,0.0,0.4182337012411275,0.12941659254374482,0.0
0.42791181488727126,0.14691865051688813,0.0,0.4375998596968374,0.16387893198802683,0.0
0.42791181488727126,0.14691865051688813,0.0,0.40783635087484227,0.14637856694266727,0.0
0.8891108649071308,0.08662875798744613,0.0,0.9090985845460783,0.0872575689427113,0.0
0.8891108649071308,0.08662875798744613,0.0,0.869123555007993,0.08638398961647813,0.0
0.6885054074635033,0.1172225431101297,0.0,0.6981854045718401,0.13461729794768426,0.0
0.6885054074635033,0.1172225431101297,0.0,0.678817846953781,0.10023738026209282,0.0
0.33888765775910995,0.09331012022201077,0.0,0.31889125166670274,0.09293028154663475,0.0
0.33888765775910995,0.09331012022201077,0.0,0.328992584167462,0.07607984128823328,0.0
0.33888765775910995,0.09331012022201077,0.0,0.3485655613217345,0.11082083388720579,0.0
0.33888765775910995,0.09331012022201077,0.0,0.3285692360999219,0.11043700464113777,0.0
0.33888765775910995,0.09331012022201077,0.0,0.34900447512691596,0.0772601308912248,0.0
0.33888765775910995,0.09331012022201077,0.0,0.35888338091200694,0.0937266512257023,0.0
0.31889125166670274,0.09293028154663475,0.0,0.328992584167462,0.07607984128823328,0.0
0.31889125166670274,0.09293028154663475,0.0,0.3285692360999219,0.11043700464113777,0.0
0.31889125166670274,0.09293028154663475,0.0,0.30857272237905436,0.11006327323939778,0.0
0.31889125166670274,0.09293028154663475,0.0,0.2988946980546619,0.09255821892462969,0.0
0.31889125166670274,0.09293028154663475,0.0,0.30921326607072885,0.07542344327006043,0.0
0.328992584167462,0.07607984128823328,0.0,0.34900447512691596,0.0772601308912248,0.0
0.328992584167462,0.07607984128823328,0.0,0.30921326607072885,0.07542344327006043,0.0
0.328992584167462,0.07607984128823328,0.0,0.3193120602215039,0.0584376628950772,0.0
0.4485489692370888,0.11264930805222713,0.0,0.42855226330716184,0.11227969533119558,0.0
0.4485489692370888,0.11264930805222713,0.0,0.43887033003275133,0.09517192521071241,0.0
0.4485489692370888,0.11264930805222713,0.0,0.4588672603852791,0.09551922795389083,0.0
0.4485489692370888,0.11264930805222713,0.0,0.4685459918679289,0.11301951968424376,0.0
0.3485655613217345,0.11082083388720579,0.0,0.3285692360999219,0.11043700464113777,0.0
0.3485655613217345,0.11082083388720579,0.0,0.33833364730015175,0.12740383011263245,0.0
0.3485655613217345,0.11082083388720579,0.0,0.35831661248511565,0.12818850281251415,0.0
0.3485655613217345,0.11082083388720579,0.0,0.368561440315464,0.11122867671422858,0.0
0.3485655613217345,0.11082083388720579,0.0,0.35888338091200694,0.0937266512257023,0.0
0.3285692360999219,0.11043700464113777,0.0,0.33833364730015175,0.12740383011263245,0.0
0.3285692360999219,0.11043700464113777,0.0,0.3182562769953043,0.12726913243849158,0.0
0.3285692360999219,0.11043700464113777,0.0,0.30857272237905436,0.11006327323939778,0.0
0.33833364730015175,0.12740383011263245,0.0,0.3182562769953043,0.12726913243849158,0.0
0.33833364730015175,0.12740383011263245,0.0,0.35831661248511565,0.12818850281251415,0.0
0.33833364730015175,0.12740383011263245,0.0,0.34757150616599686,0.14451140304020757,0.0
0.33833364730015175,0.12740383011263245,0.0,0.32750525650845064,0.14341015261243972,0.0
0.9272487419845814,0.15588945868846893,0.0,0.9179709873562372,0.1387709323844096,0.0
0.9272487419845814,0.15588945868846893,0.0,0.9080894210065384,0.15490906211855127,0.0
0.42855226330716184,0.11227969533119558,0.0,0.4182337012411275,0.12941659254374482,0.0
0.42855226330716184,0.11227969533119558,0.0,0.43887033003275133,0.09517192521071241,0.0
0.42855226330716184,0.11227969533119558,0.0,0.40855557986672697,0.11191527721324306,0.0
0.42855226330716184,0.11227969533119558,0.0,0.4188736592864121,0.09480675051009071,0.0
0.4182337012411275,0.12941659254374482,0.0,0.40855557986672697,0.11191527721324306,0.0
0.4182337012411275,0.12941659254374482,0.0,0.39823696525947194,0.12905294737160847,0.0
0.4182337012411275,0.12941659254374482,0.0,0.40783635087484227,0.14637856694266727,0.0
0.34900447512691596,0.0772601308912248,0.0,0.35888338091200694,0.0937266512257023,0.0
0.34900447512691596,0.0772601308912248,0.0,0.3594158572752593,0.06493287334805271,0.0
0.3182562769953043,0.12726913243849158,0.0,0.30857272237905436,0.11006327323939778,0.0
0.3182562769953043,0.12726913243849158,0.0,0.32750525650845064,0.14341015261243972,0.0
0.6981854045718401,0.13461729794768426,0.0,0.7180920257904754,0.13491246146952363,0.0
0.9090985845460783,0.0872575689427113,0.0,0.9180059793748943,0.10459866353253489,0.0
0.9180059793748943,0.10459866353253489,0.0,0.9275336543551944,0.12207312358533727,0.0
0.30857272237905436,0.11006327323939778,0.0,0.2988946980546619,0.09255821892462969,0.0
0.30857272237905436,0.11006327323939778,0.0,0.2885761522968684,0.10969249526127106,0.0
0.678817846953781,0.10023738026209282,0.0,0.6588209680016028,0.09992518188237266,0.0
0.7291096139924631,0.08330621697322853,0.0,0.7089817641958315,0.0834027163343075,0.0
0.269220056553926,0.0746833794712962,0.0,0.28921055833873954,0.07505753253229631,0.0
0.269220056553926,0.0746833794712962,0.0,0.2795272252145528,0.05766668560531842,0.0
0.269220056553926,0.0746833794712962,0.0,0.25890151052802557,0.09181800460949509,0.0
0.269220056553926,0.0746833794712962,0.0,0.24922344345250647,0.07431355563039636,0.0
0.269220056553926,0.0746833794712962,0.0,0.2788981090065096,0.09218791728711853,0.0
0.269220056553926,0.0746833794712962,0.0,0.2595408392701967,0.057241232001075094,0.0
0.28921055833873954,0.07505753253229631,0.0,0.2795272252145528,0.05766668560531842,0.0
0.28921055833873954,0.07505753253229631,0.0,0.2988946980546619,0.09255821892462969,0.0
0.28921055833873954,0.07505753253229631,0.0,0.30921326607072885,0.07542344327006043,0.0
0.28921055833873954,0.07505753253229631,0.0,0.2994986046254313,0.05794348315291057,0.0
0.28921055833873954,0.07505753253229631,0.0,0.2788981090065096,0.09218791728711853,0.0
0.2795272252145528,0.05766668560531842,0.0,0.2994986046254313,0.05794348315291057,0.0
0.2795272252145528,0.05766668560531842,0.0,0.2595408392701967,0.057241232001075094,0.0
0.2795272252145528,0.05766668560531842,0.0,0.2898327384731737,0.04103007147256927,0.0
0.2795272252145528,0.05766668560531842,0.0,0.26985323496657293,0.040239344351702955,0.0
0.9275336543551944,0.12207312358533727,0.0,0.9179709873562372,0.1387709323844096,0.0
0.9179709873562372,0.1387709323844096,0.0,0.9080894210065384,0.15490906211855127,0.0
0.2988946980546619,0.09255821892462969,0.0,0.30921326607072885,0.07542344327006043,0.0
0.2988946980546619,0.09255821892462969,0.0,0.2885761522968684,0.10969249526127106,0.0
0.2988946980546619,0.09255821892462969,0.0,0.2788981090065096,0.09218791728711853,0.0
0.30921326607072885,0.07542344327006043,0.0,0.2994986046254313,0.05794348315291057,0.0
0.30921326607072885,0.07542344327006043,0.0,0.3193120602215039,0.0584376628950772,0.0
0.25890151052802557,0.09181800460949509,0.0,0.24922344345250647,0.07431355563039636,0.0
0.25890151052802557,0.09181800460949509,0.0,0.26857956696640695,0.10932247274868223,0.0
0.25890151052802557,0.09181800460949509,0.0,0.23890490933897443,0.09144815132727928,0.0
0.25890151052802557,0.09181800460949509,0.0,0.2788981090065096,0.09218791728711853,0.0
0.25890151052802557,0.09181800460949509,0.0,0.2485829772356304,0.1089526083971037,0.0
0.24922344345250647,0.07431355563039636,0.0,0.23890490933897443,0.09144815132727928,0.0
0.24922344345250647,0.07431355563039636,0.0,0.22922682937509645,0.07394370905663447,0.0
0.24922344345250647,0.07431355563039636,0.0,0.23954536312767274,0.05680915101231547,0.0
0.24922344345250647,0.07431355563039636,0.0,0.2595408392701967,0.057241232001075094,0.0
0.2885761522968684,0.10969249526127106,0.0,0.26857956696640695,0.10932247274868223,0.0
0.2885761522968684,0.10969249526127106,0.0,0.27737627771553275,0.12615954359543505,0.0
0.2885761522968684,0.10969249526127106,0.0,0.2788981090065096,0.09218791728711853,0.0
0.26857956696640695,0.10932247274868223,0.0,0.27737627771553275,0.12615954359543505,0.0
0.26857956696640695,0.10932247274868223,0.0,0.2788981090065096,0.09218791728711853,0.0
0.26857956696640695,0.10932247274868223,0.0,0.2485829772356304,0.1089526083971037,0.0
0.26857956696640695,0.10932247274868223,0.0,0.2570738381882085,0.12561957964678883,0.0
0.27737627771553275,0.12615954359543505,0.0,0.2570738381882085,0.12561957964678883,0.0
0.27737627771553275,0.12615954359543505,0.0,0.2654237183658663,0.14182135339502527,0.0
0.4375998596968374,0.16387893198802683,0.0,0.45759976738209035,0.16407365942469662,0.0
0.4375998596968374,0.16387893198802683,0.0,0.44737246516199886,0.1762688069357742,0.0
0.2994986046254313,0.05794348315291057,0.0,0.3193120602215039,0.0584376628950772,0.0
0.2994986046254313,0.05794348315291057,0.0,0.3098014648120715,0.041333134514676684,0.0
0.2994986046254313,0.05794348315291057,0.0,0.2898327384731737,0.04103007147256927,0.0
0.1789159515062535,0.09029272101421339,0.0,0.1892337459222965,0.07319627623680229,0.0
0.1789159515062535,0.09029272101421339,0.0,0.169237405806722,0.07281187764387065,0.0
0.1789159515062535,0.09029272101421339,0.0,0.15891965977048933,0.08990624324224548,0.0
0.1789159515062535,0.09029272101421339,0.0,0.16860266711215896,0.10714543471660731,0.0
0.1789159515062535,0.09029272101421339,0.0,0.19891170628243948,0.09070836760526792,0.0
0.1789159515062535,0.09029272101421339,0.0,0.1885982725586249,0.10756871669673092,0.0
0.1892337459222965,0.07319627623680229,0.0,0.169237405806722,0.07281187764387065,0.0
0.1892337459222965,0.07319627623680229,0.0,0.1995511480395054,0.05612148160101197,0.0
0.1892337459222965,0.07319627623680229,0.0,0.20923007898140994,0.0735812364233212,0.0
0.1892337459222965,0.07319627623680229,0.0,0.17955710503746192,0.05589449343489578,0.0
0.1892337459222965,0.07319627623680229,0.0,0.19891170628243948,0.09070836760526792,0.0
0.169237405806722,0.07281187764387065,0.0,0.1492406537077979,0.07245004342753467,0.0
0.169237405806722,0.07281187764387065,0.0,0.15891965977048933,0.08990624324224548,0.0
0.169237405806722,0.07281187764387065,0.0,0.17955710503746192,0.05589449343489578,0.0
0.169237405806722,0.07281187764387065,0.0,0.15955893147869163,0.05532654445098551,0.0
0.13892230883158915,0.08957726007361087,0.0,0.1492406537077979,0.07245004342753467,0.0
0.13892230883158915,0.08957726007361087,0.0,0.12924393312287913,0.0720868958367248,0.0
0.13892230883158915,0.08957726007361087,0.0,0.15891965977048933,0.08990624324224548,0.0
0.13892230883158915,0.08957726007361087,0.0,0.148601223174563,0.10703801330692829,0.0
0.13892230883158915,0.08957726007361087,0.0,0.1286037002523871,0.10671860876007154,0.0
0.13892230883158915,0.08957726007361087,0.0,0.11892543920467245,0.08922252617044533,0.0
0.1492406537077979,0.07245004342753467,0.0,0.12924393312287913,0.0720868958367248,0.0
0.1492406537077979,0.07245004342753467,0.0,0.15891965977048933,0.08990624324224548,0.0
0.1492406537077979,0.07245004342753467,0.0,0.13956233846224986,0.054955946827081596,0.0
0.1492406537077979,0.07245004342753467,0.0,0.15955893147869163,0.05532654445098551,0.0
0.12924393312287913,0.0720868958367248,0.0,0.1092472412230761,0.07172268686858203,0.0
0.12924393312287913,0.0720868958367248,0.0,0.11941019202854487,0.054320558272582184,0.0
0.12924393312287913,0.0720868958367248,0.0,0.13956233846224986,0.054955946827081596,0.0
0.12924393312287913,0.0720868958367248,0.0,0.11892543920467245,0.08922252617044533,0.0
0.1092472412230761,0.07172268686858203,0.0,0.11941019202854487,0.054320558272582184,0.0
0.1092472412230761,0.07172268686858203,0.0,0.09893934283798142,0.05471956422805383,0.0
0.1092472412230761,0.07172268686858203,0.0,0.0891459881521453,0.07152806973713846,0.0
0.1092472412230761,0.07172268686858203,0.0,0.09892877761366244,0.08885690218631256,0.0
0.1092472412230761,0.07172268686858203,0.0,0.11892543920467245,0.08922252617044533,0.0
0.11941019202854487,0.054320558272582184,0.0,0.09893934283798142,0.05471956422805383,0.0
0.11941019202854487,0.054320558272582184,0.0,0.13956233846224986,0.054955946827081596,0.0
0.09893934283798142,0.05471956422805383,0.0,0.0891459881521453,0.07152806973713846,0.0
0.09893934283798142,0.05471956422805383,0.0,0.07957430242608751,0.05439733053191316,0.0
0.22858638623904526,0.10858274702668454,0.0,0.20858979465557234,0.10821285296901377,0.0
0.22858638623904526,0.10858274702668454,0.0,0.23890490933897443,0.09144815132727928,0.0
0.22858638623904526,0.10858274702668454,0.0,0.21890830748806303,0.09107827782390843,0.0
0.22858638623904526,0.10858274702668454,0.0,0.23732169411381981,0.12552122372193839,0.0
0.22858638623904526,0.10858274702668454,0.0,0.2485829772356304,0.1089526083971037,0.0
0.20858979465557234,0.10821285296901377,0.0,0.21890830748806303,0.09107827782390843,0.0
0.20858979465557234,0.10821285296901377,0.0,0.19891170628243948,0.09070836760526792,0.0
0.20858979465557234,0.10821285296901377,0.0,0.1885982725586249,0.10756871669673092,0.0
0.0891459881521453,0.07152806973713846,0.0,0.09892877761366244,0.08885690218631256,0.0
0.0891459881521453,0.07152806973713846,0.0,0.07893218299957196,0.0884880743415148,0.0
0.0891459881521453,0.07152806973713846,0.0,0.06925408253871801,0.07098387232743625,0.0
0.0891459881521453,0.07152806973713846,0.0,0.07957430242608751,0.05439733053191316,0.0
0.21954873605168237,0.05643928527976915,0.0,0.1995511480395054,0.05612148160101197,0.0
0.21954873605168237,0.05643928527976915,0.0,0.20923007898140994,0.0735812364233212,0.0
0.21954873605168237,0.05643928527976915,0.0,0.22922682937509645,0.07394370905663447,0.0
0.21954873605168237,0.05643928527976915,0.0,0.22986726899028398,0.0393047632809139,0.0
0.21954873605168237,0.05643928527976915,0.0,0.2098647083163216,0.03925512672930881,0.0
0.21954873605168237,0.05643928527976915,0.0,0.23954536312767274,0.05680915101231547,0.0
0.1995511480395054,0.05612148160101197,0.0,0.20923007898140994,0.0735812364233212,0.0
0.1995511480395054,0.05612148160101197,0.0,0.17955710503746192,0.05589449343489578,0.0
0.1995511480395054,0.05612148160101197,0.0,0.2098647083163216,0.03925512672930881,0.0
0.1995511480395054,0.05612148160101197,0.0,0.18985987834877685,0.0395637344013163,0.0
0.20923007898140994,0.0735812364233212,0.0,0.21890830748806303,0.09107827782390843,0.0
0.20923007898140994,0.0735812364233212,0.0,0.22922682937509645,0.07394370905663447,0.0
0.20923007898140994,0.0735812364233212,0.0,0.19891170628243948,0.09070836760526792,0.0
0.35831661248511565,0.12818850281251415,0.0,0.368561440315464,0.11122867671422858,0.0
0.35831661248511565,0.12818850281251415,0.0,0.37824053374047,0.1286751130437435,0.0
0.35831661248511565,0.12818850281251415,0.0,0.34757150616599686,0.14451140304020757,0.0
0.23890490933897443,0.09144815132727928,0.0,0.21890830748806303,0.09107827782390843,0.0
0.23890490933897443,0.09144815132727928,0.0,0.22922682937509645,0.07394370905663447,0.0
0.23890490933897443,0.09144815132727928,0.0,0.2485829772356304,0.1089526083971037,0.0
0.21890830748806303,0.09107827782390843,0.0,0.22922682937509645,0.07394370905663447,0.0
0.21890830748806303,0.09107827782390843,0.0,0.19891170628243948,0.09070836760526792,0.0
0.22922682937509645,0.07394370905663447,0.0,0.23954536312767274,0.05680915101231547,0.0
0.23732169411381981,0.12552122372193839,0.0,0.2485829772356304,0.1089526083971037,0.0
0.23732169411381981,0.12552122372193839,0.0,0.2570738381882085,0.12561957964678883,0.0
0.23732169411381981,0.12552122372193839,0.0,0.2453322667820182,0.14173755939283708,0.0
0.15891965977048933,0.08990624324224548,0.0,0.148601223174563,0.10703801330692829,0.0
0.15891965977048933,0.08990624324224548,0.0,0.16860266711215896,0.10714543471660731,0.0
0.148601223174563,0.10703801330692829,0.0,0.16860266711215896,0.10714543471660731,0.0
0.148601223174563,0.10703801330692829,0.0,0.1286037002523871,0.10671860876007154,0.0
0.13956233846224986,0.054955946827081596,0.0,0.15955893147869163,0.05532654445098551,0.0
0.13956233846224986,0.054955946827081596,0.0,0.14998426818456395,0.03908307469255059,0.0
0.07829178567910673,0.12312732009815863,0.0,0.09845336191560443,0.12229268427388537,0.0
0.07829178567910673,0.12312732009815863,0.0,0.08861028624023728,0.10599215264540077,0.0
0.07829178567910673,0.12312732009815863,0.0,0.06861369956525089,0.10562280190087556,0.0
0.07829178567910673,0.12312732009815863,0.0,0.06797328261343727,0.14026196572914998,0.0
0.07829178567910673,0.12312732009815863,0.0,0.05829520403016045,0.12275751736612915,0.0
0.09845336191560443,0.12229268427388537,0.0,0.08861028624023728,0.10599215264540077,0.0
0.09845336191560443,0.12229268427388537,0.0,0.10860691324120583,0.10635958472375671,0.0
0.09845336191560443,0.12229268427388537,0.0,0.11829382827343662,0.12338707218919787,0.0
0.09845336191560443,0.12229268427388537,0.0,0.10899159001581206,0.13674740474136388,0.0
0.04797669903964815,0.13989204326739446,0.0,0.05766048745375102,0.15708722492834598,0.0
0.04797669903964815,0.13989204326739446,0.0,0.06797328261343727,0.14026196572914998,0.0
0.04797669903964815,0.13989204326739446,0.0,0.05829520403016045,0.12275751736612915,0.0
0.05766048745375102,0.15708722492834598,0.0,0.06797328261343727,0.14026196572914998,0.0
0.6478910380917551,0.1500786846812356,0.0,0.6278864537288598,0.1501378568993177,0.0
0.6478910380917551,0.1500786846812356,0.0,0.6381960796582798,0.13348289229510696,0.0
0.6478910380917551,0.1500786846812356,0.0,0.6587574125639063,0.16412813498653792,0.0
0.6278864537288598,0.1501378568993177,0.0,0.6381960796582798,0.13348289229510696,0.0
0.6278864537288598,0.1501378568993177,0.0,0.6182140496808609,0.13307522102107813,0.0
0.6278864537288598,0.1501378568993177,0.0,0.6078960003378279,0.14982970658467964,0.0
0.05893561147278806,0.08811841162155806,0.0,0.049686336738726626,0.07057948204415673,0.0
0.05893561147278806,0.08811841162155806,0.0,0.07893218299957196,0.0884880743415148,0.0
0.05893561147278806,0.08811841162155806,0.0,0.06861369956525089,0.10562280190087556,0.0
0.05893561147278806,0.08811841162155806,0.0,0.048617125257077974,0.10525306643126504,0.0
0.05893561147278806,0.08811841162155806,0.0,0.06925408253871801,0.07098387232743625,0.0
0.049686336738726626,0.07057948204415673,0.0,0.06925408253871801,0.07098387232743625,0.0
0.049686336738726626,0.07057948204415673,0.0,0.05963220634586144,0.05429864605294762,0.0
0.39887287247379843,0.09466465993624945,0.0,0.3885582801521163,0.11158443933389986,0.0
0.39887287247379843,0.09466465993624945,0.0,0.37887547049704223,0.09433941974567805,0.0
0.39887287247379843,0.09466465993624945,0.0,0.40855557986672697,0.11191527721324306,0.0
0.39887287247379843,0.09466465993624945,0.0,0.4188736592864121,0.09480675051009071,0.0
0.3885582801521163,0.11158443933389986,0.0,0.37887547049704223,0.09433941974567805,0.0
0.3885582801521163,0.11158443933389986,0.0,0.368561440315464,0.11122867671422858,0.0
0.3885582801521163,0.11158443933389986,0.0,0.37824053374047,0.1286751130437435,0.0
0.3885582801521163,0.11158443933389986,0.0,0.40855557986672697,0.11191527721324306,0.0
0.3885582801521163,0.11158443933389986,0.0,0.39823696525947194,0.12905294737160847,0.0
0.37887547049704223,0.09433941974567805,0.0,0.368561440315464,0.11122867671422858,0.0
0.37887547049704223,0.09433941974567805,0.0,0.35888338091200694,0.0937266512257023,0.0
0.368561440315464,0.11122867671422858,0.0,0.37824053374047,0.1286751130437435,0.0
0.368561440315464,0.11122867671422858,0.0,0.35888338091200694,0.0937266512257023,0.0
0.37824053374047,0.1286751130437435,0.0,0.39823696525947194,0.12905294737160847,0.0
0.37824053374047,0.1286751130437435,0.0,0.3879244073855067,0.1461775591974375,0.0
0.16860266711215896,0.10714543471660731,0.0,0.1885982725586249,0.10756871669673092,0.0
0.09892877761366244,0.08885690218631256,0.0,0.08861028624023728,0.10599215264540077,0.0
0.09892877761366244,0.08885690218631256,0.0,0.07893218299957196,0.0884880743415148,0.0
0.09892877761366244,0.08885690218631256,0.0,0.11892543920467245,0.08922252617044533,0.0
0.09892877761366244,0.08885690218631256,0.0,0.10860691324120583,0.10635958472375671,0.0
0.08861028624023728,0.10599215264540077,0.0,0.07893218299957196,0.0884880743415148,0.0
0.08861028624023728,0.10599215264540077,0.0,0.06861369956525089,0.10562280190087556,0.0
0.08861028624023728,0.10599215264540077,0.0,0.10860691324120583,0.10635958472375671,0.0
0.07893218299957196,0.0884880743415148,0.0,0.06861369956525089,0.10562280190087556,0.0
0.07893218299957196,0.0884880743415148,0.0,0.06925408253871801,0.07098387232743625,0.0
0.06861369956525089,0.10562280190087556,0.0,0.048617125257077974,0.10525306643126504,0.0
0.06861369956525089,0.10562280190087556,0.0,0.05829520403016045,0.12275751736612915,0.0
0.17955710503746192,0.05589449343489578,0.0,0.15955893147869163,0.05532654445098551,0.0
0.17955710503746192,0.05589449343489578,0.0,0.1698874093693035,0.03934582905521408,0.0
0.17955710503746192,0.05589449343489578,0.0,0.18985987834877685,0.0395637344013163,0.0
0.048617125257077974,0.10525306643126504,0.0,0.05829520403016045,0.12275751736612915,0.0
0.22986726899028398,0.0393047632809139,0.0,0.2098647083163216,0.03925512672930881,0.0
0.22986726899028398,0.0393047632809139,0.0,0.23954536312767274,0.05680915101231547,0.0
0.22986726899028398,0.0393047632809139,0.0,0.24985700353888615,0.04004815730260586,0.0
0.2098647083163216,0.03925512672930881,0.0,0.18985987834877685,0.0395637344013163,0.0
0.2098647083163216,0.03925512672930881,0.0,0.1999259803385924,0.024389547498569305,0.0
0.23954536312767274,0.05680915101231547,0.0,0.2595408392701967,0.057241232001075094,0.0
0.23954536312767274,0.05680915101231547,0.0,0.24985700353888615,0.04004815730260586,0.0
0.3193120602215039,0.0584376628950772,0.0,0.3098014648120715,0.041333134514676684,0.0
0.3098014648120715,0.041333134514676684,0.0,0.2898327384731737,0.04103007147256927,0.0
0.43887033003275133,0.09517192521071241,0.0,0.4588672603852791,0.09551922795389083,0.0
0.43887033003275133,0.09517192521071241,0.0,0.4188736592864121,0.09480675051009071,0.0
0.4588672603852791,0.09551922795389083,0.0,0.4685459918679289,0.11301951968424376,0.0
0.4588672603852791,0.09551922795389083,0.0,0.4691775153139685,0.07838292373174142,0.0
0.1286037002523871,0.10671860876007154,0.0,0.11892543920467245,0.08922252617044533,0.0
0.1286037002523871,0.10671860876007154,0.0,0.10860691324120583,0.10635958472375671,0.0
0.1286037002523871,0.10671860876007154,0.0,0.11829382827343662,0.12338707218919787,0.0
0.11892543920467245,0.08922252617044533,0.0,0.10860691324120583,0.10635958472375671,0.0
0.06925408253871801,0.07098387232743625,0.0,0.05963220634586144,0.05429864605294762,0.0
0.06925408253871801,0.07098387232743625,0.0,0.07957430242608751,0.05439733053191316,0.0
0.06797328261343727,0.14026196572914998,0.0,0.05829520403016045,0.12275751736612915,0.0
0.05963220634586144,0.05429864605294762,0.0,0.07957430242608751,0.05439733053191316,0.0
0.6381960796582798,0.13348289229510696,0.0,0.6182140496808609,0.13307522102107813,0.0
0.2595408392701967,0.057241232001075094,0.0,0.24985700353888615,0.04004815730260586,0.0
0.2595408392701967,0.057241232001075094,0.0,0.26985323496657293,0.040239344351702955,0.0
0.40855557986672697,0.11191527721324306,0.0,0.4188736592864121,0.09480675051009071,0.0
0.40855557986672697,0.11191527721324306,0.0,0.39823696525947194,0.12905294737160847,0.0
0.19891170628243948,0.09070836760526792,0.0,0.1885982725586249,0.10756871669673092,0.0
0.10860691324120583,0.10635958472375671,0.0,0.11829382827343662,0.12338707218919787,0.0
0.11829382827343662,0.12338707218919787,0.0,0.10899159001581206,0.13674740474136388,0.0
0.11829382827343662,0.12338707218919787,0.0,0.12743454607458438,0.13528628700563933,0.0
0.15955893147869163,0.05532654445098551,0.0,0.14998426818456395,0.03908307469255059,0.0
0.15955893147869163,0.05532654445098551,0.0,0.1698874093693035,0.03934582905521408,0.0
0.14998426818456395,0.03908307469255059,0.0,0.1698874093693035,0.03934582905521408,0.0
0.14998426818456395,0.03908307469255059,0.0,0.14102450732263955,0.026094452702018323,0.0
0.14998426818456395,0.03908307469255059,0.0,0.15970171609486652,0.025762241337789562,0.0
0.1698874093693035,0.03934582905521408,0.0,0.18985987834877685,0.0395637344013163,0.0
0.1698874093693035,0.03934582905521408,0.0,0.17945602173830028,0.02485784755955748,0.0
0.1698874093693035,0.03934582905521408,0.0,0.15970171609486652,0.025762241337789562,0.0
0.2485829772356304,0.1089526083971037,0.0,0.2570738381882085,0.12561957964678883,0.0
0.24985700353888615,0.04004815730260586,0.0,0.26985323496657293,0.040239344351702955,0.0
0.39823696525947194,0.12905294737160847,0.0,0.3879244073855067,0.1461775591974375,0.0
0.39823696525947194,0.12905294737160847,0.0,0.40783635087484227,0.14637856694266727,0.0
0.2570738381882085,0.12561957964678883,0.0,0.2453322667820182,0.14173755939283708,0.0
0.2570738381882085,0.12561957964678883,0.0,0.2654237183658663,0.14182135339502527,0.0
0.18985987834877685,0.0395637344013163,0.0,0.1999259803385924,0.024389547498569305,0.0
0.18985987834877685,0.0395637344013163,0.0,0.17945602173830028,0.02485784755955748,0.0
0.3879244073855067,0.1461775591974375,0.0,0.40783635087484227,0.14637856694266727,0.0
0.2898327384731737,0.04103007147256927,0.0,0.26985323496657293,0.040239344351702955,0.0
0.5878919460732922,0.14980436600201294,0.0,0.6078960003378279,0.14982970658467964,0.0
0.5878919460732922,0.14980436600201294,0.0,0.5782684156866259,0.13229059129992496,0.0
0.5878919460732922,0.14980436600201294,0.0,0.5678878208794227,0.14950737014675977,0.0
0.6182140496808609,0.13307522102107813,0.0,0.6078960003378279,0.14982970658467964,0.0
0.45759976738209035,0.16407365942469662,0.0,0.44737246516199886,0.1762688069357742,0.0
0.45759976738209035,0.16407365942469662,0.0,0.4673608615069154,0.17708154005025134,0.0
1.0,0.08998677778880326,0.0,1.0,0.06998446850215496,0.0
1.0,0.08998677778880326,0.0,0.9827806878367993,0.08012476999304187,0.0
1.0,0.049982125775142806,0.0,1.0,0.06998446850215496,0.0
1.0,0.049982125775142806,0.0,0.9832148332479143,0.06091056581762699,0.0
1.0,0.049982125775142806,0.0,1.0,0.02997974346313783,0.0
1.0,0.06998446850215496,0.0,0.9832148332479143,0.06091056581762699,0.0
1.0,0.06998446850215496,0.0,0.9827806878367993,0.08012476999304187,0.0
0.9832148332479143,0.06091056581762699,0.0,0.9827806878367993,0.08012476999304187,0.0
0.5782684156866259,0.13229059129992496,0.0,0.5678878208794227,0.14950737014675977,0.0
0.5678878208794227,0.14950737014675977,0.0,0.54789672701413,0.14906668334593765,0.0
0.5678878208794227,0.14950737014675977,0.0,0.5574400382531344,0.16497134616746056,0.0
0.49757954507154833,0.16553219318102969,0.0,0.4873431773994068,0.17822320437849148,0.0
0.49757954507154833,0.16553219318102969,0.0,0.5074984661644879,0.1786926192198413,0.0
0.5382305069968041,0.13162335566042818,0.0,0.54789672701413,0.14906668334593765,0.0
0.54789672701413,0.14906668334593765,0.0,0.5574400382531344,0.16497134616746056,0.0
0.5574400382531344,0.16497134616746056,0.0,0.5649921709995319,0.17852621438595445,0.0
0.5574400382531344,0.16497134616746056,0.0,0.5473785649604085,0.1786505110241688,0.0
0.4691775153139685,0.07838292373174142,0.0,0.4794835914251509,0.061261463652527944,0.0
0.12108694775882346,0.14970999451906475,0.0,0.10899159001581206,0.13674740474136388,0.0
0.12108694775882346,0.14970999451906475,0.0,0.12743454607458438,0.13528628700563933,0.0
0.9179680149656965,0.03908043830450959,0.0,0.909772645077639,0.02132835846983718,0.0
0.9179680149656965,0.03908043830450959,0.0,0.9295444263676429,0.02344691542280843,0.0
0.909772645077639,0.02132835846983718,0.0,0.9295444263676429,0.02344691542280843,0.0
0.909772645077639,0.02132835846983718,0.0,0.9018963629448941,0.0032931483099429503,0.0
0.909772645077639,0.02132835846983718,0.0,0.9214517971705322,0.005488652537153103,0.0
0.1449657974249394,0.1802898594026529,0.0,0.1372078753933555,0.1984719233079192,0.0
0.1449657974249394,0.1802898594026529,0.0,0.1567512396874989,0.1961150489967212,0.0
0.9295444263676429,0.02344691542280843,0.0,0.9214517971705322,0.005488652537153103,0.0
0.2549212071454445,0.1900191158946087,0.0,0.2352375608496372,0.1901715774166525,0.0
0.2352375608496372,0.1901715774166525,0.0,0.2155675444190997,0.1909215933815534,0.0
0.4903279181598821,0.009903515293150875,0.0,0.5100054869933534,0.009898348376830344,0.0
0.5100054869933534,0.009898348376830344,0.0,0.5296737080764217,0.009290061427221243,0.0
0.020008517608239084,0.009662850486222153,0.0,0.03966550931741501,0.00876051390930591,0.0
0.020008517608239084,0.009662850486222153,0.0,0.000333444168701415,0.009977201138146768,0.0
0.020008517608239084,0.009662850486222153,0.0,0.014572718679260053,0.023965175369702756,0.0
0.03966550931741501,0.00876051390930591,0.0,0.059291145572582214,0.007327634780898047,0.0
0.10578076834202162,0.18550797129608695,0.0,0.1176755593694548,0.2009191173322832,0.0
0.10578076834202162,0.18550797129608695,0.0,0.09813655032930213,0.2033120093872453,0.0
0.2155675444190997,0.1909215933815534,0.0,0.1959260328513177,0.1922212147213933,0.0
0.5296737080764217,0.009290061427221243,0.0,0.5493165239209004,0.008117622774135871,0.0
0.1176755593694548,0.2009191173322832,0.0,0.1372078753933555,0.1984719233079192,0.0
0.1176755593694548,0.2009191173322832,0.0,0.09813655032930213,0.2033120093872453,0.0
0.1372078753933555,0.1984719233079192,0.0,0.1567512396874989,0.1961150489967212,0.0
3.334444814934153e-05,0.1899978693262582,0.0,0.014343827108217234,0.17476243427826602,0.0
3.334444814934153e-05,0.1899978693262582,0.0,0.011954367647240602,0.19775482064666777,0.0
3.334444814934153e-05,0.1899978693262582,0.0,2.71379877470469e-25,0.21,0.0
0.1959260328513177,0.1922212147213933,0.0,0.1763208908223542,0.1939886762133007,0.0
0.6861187615548019,0.1930527247722307,0.0,0.6724327948781018,0.17774292800107883,0.0
0.6861187615548019,0.1930527247722307,0.0,0.6665320285254098,0.1950146595390509,0.0
0.6724327948781018,0.17774292800107883,0.0,0.6665320285254098,0.1950146595390509,0.0
0.6724327948781018,0.17774292800107883,0.0,0.6531431323431013,0.18098422815549728,0.0
0.6724327948781018,0.17774292800107883,0.0,0.6587574125639063,0.16412813498653792,0.0
0.3530228816138251,0.1972732469543295,0.0,0.3725585682950345,0.1996932487804034,0.0
0.1763208908223542,0.1939886762133007,0.0,0.1567512396874989,0.1961150489967212,0.0
0.6079079889629149,0.2021313692806051,0.0,0.6274414338011367,0.1996932485171144,0.0
0.6079079889629149,0.2021313692806051,0.0,0.5883592993452134,0.204443428867555,0.0
0.6274414338011367,0.1996932485171144,0.0,0.6469771203754761,0.1972732467138197,0.0
0.8823244412923026,0.2009191174150899,0.0,0.901863450217593,0.2033120094520914,0.0
0.8823244412923026,0.2009191174150899,0.0,0.8772077745195382,0.18708108966410425,0.0
0.901863450217593,0.2033120094520914,0.0,0.921425379683128,0.2055086350647987,0.0
0.6469771203754761,0.1972732467138197,0.0,0.6665320285254098,0.1950146595390509,0.0
0.6469771203754761,0.1972732467138197,0.0,0.6531431323431013,0.18098422815549728,0.0
0.6665320285254098,0.1950146595390509,0.0,0.6531431323431013,0.18098422815549728,0.0
0.6531431323431013,0.18098422815549728,0.0,0.6587574125639063,0.16412813498653792,0.0
0.07857462076905876,0.2055086350173741,0.0,0.09813655032930213,0.2033120093872453,0.0
0.07857462076905876,0.2055086350173741,0.0,0.05897878113556556,0.2073769316422593,0.0
0.4312186625324201,0.2064914855210821,0.0,0.4508331653730723,0.2081512657305875,0.0
0.4312186625324201,0.2064914855210821,0.0,0.4400158156126021,0.1916374216152107,0.0
0.568781339891721,0.2064914852893641,0.0,0.5883592993452134,0.204443428867555,0.0
0.568781339891721,0.2064914852893641,0.0,0.5491668371792392,0.2081512655447921,0.0
0.568781339891721,0.2064914852893641,0.0,0.5575773396177104,0.19081327424089708,0.0
0.921425379683128,0.2055086350647987,0.0,0.9410212191544387,0.2073769316668632,0.0
0.9410212191544387,0.2073769316668632,0.0,0.9509069518767526,0.19540613701634946,0.0
0.03934595430376511,0.2088023656195966,0.0,0.05897878113556556,0.2073769316422593,0.0
0.03934595430376511,0.2088023656195966,0.0,0.01968189381931244,0.2096956954280177,0.0
0.4508331653730723,0.2081512657305875,0.0,0.4704828605194097,0.2093199306346598,0.0
0.4508331653730723,0.2081512657305875,0.0,0.4598828555883404,0.1924672770154366,0.0
0.4508331653730723,0.2081512657305875,0.0,0.4400158156126021,0.1916374216152107,0.0
0.4704828605194097,0.2093199306346598,0.0,0.4598828555883404,0.1924672770154366,0.0
0.4704828605194097,0.2093199306346598,0.0,0.4901578846305079,0.2099236141418919,0.0
0.4704828605194097,0.2093199306346598,0.0,0.4790569849491564,0.19347076258665047,0.0
0.4598828555883404,0.1924672770154366,0.0,0.4400158156126021,0.1916374216152107,0.0
0.4598828555883404,0.1924672770154366,0.0,0.44737246516199886,0.1762688069357742,0.0
0.4598828555883404,0.1924672770154366,0.0,0.4790569849491564,0.19347076258665047,0.0
0.4598828555883404,0.1924672770154366,0.0,0.4673608615069154,0.17708154005025134,0.0
0.5295171421655228,0.2093199305123607,0.0,0.5491668371792392,0.2081512655447921,0.0
0.5295171421655228,0.2093199305123607,0.0,0.5383415248358087,0.19247161384868172,0.0
0.5295171421655228,0.2093199305123607,0.0,0.5098421182743784,0.209923614096859,0.0
0.5295171421655228,0.2093199305123607,0.0,0.5185821720399303,0.19383006447794615,0.0
0.5491668371792392,0.2081512655447921,0.0,0.5383415248358087,0.19247161384868172,0.0
0.5491668371792392,0.2081512655447921,0.0,0.5575773396177104,0.19081327424089708,0.0
0.5383415248358087,0.19247161384868172,0.0,0.5575773396177104,0.19081327424089708,0.0
0.5383415248358087,0.19247161384868172,0.0,0.5185821720399303,0.19383006447794615,0.0
0.5383415248358087,0.19247161384868172,0.0,0.5274549826518778,0.17906060710502375,0.0
0.5383415248358087,0.19247161384868172,0.0,0.5473785649604085,0.1786505110241688,0.0
0.4901578846305079,0.2099236141418919,0.0,0.5098421182743784,0.209923614096859,0.0
0.4901578846305079,0.2099236141418919,0.0,0.4991142773038296,0.19380905828867653,0.0
0.4901578846305079,0.2099236141418919,0.0,0.4790569849491564,0.19347076258665047,0.0
0.5098421182743784,0.209923614096859,0.0,0.4991142773038296,0.19380905828867653,0.0
0.5098421182743784,0.209923614096859,0.0,0.5185821720399303,0.19383006447794615,0.0
0.4991142773038296,0.19380905828867653,0.0,0.4790569849491564,0.19347076258665047,0.0
0.4991142773038296,0.19380905828867653,0.0,0.5185821720399303,0.19383006447794615,0.0
0.4991142773038296,0.19380905828867653,0.0,0.4873431773994068,0.17822320437849148,0.0
0.4991142773038296,0.19380905828867653,0.0,0.5074984661644879,0.1786926192198413,0.0
0.1179670370962853,0.0008598701383117304,0.0,0.13749291690239074,-0.0015862315028430311,0.0
0.1179670370962853,0.0008598701383117304,0.0,0.09843476066562983,0.0032538637244943908,0.0
0.13749291690239074,-0.0015862315028430311,0.0,0.15703011332866393,-0.003939976825643578,0.0
0.13749291690239074,-0.0015862315028430311,0.0,0.149272301760533,0.013928621410920428,0.0
0.3727666140851039,-0.0003033867233270409,0.0,0.3532375070853335,-0.0027235576212498807,0.0
0.8823638281317288,0.0009012777276466335,0.0,0.9018963629448941,0.0032931483099429503,0.0
0.9018963629448941,0.0032931483099429503,0.0,0.9214517971705322,0.005488652537153103,0.0
0.3336893366991598,-0.004983960057215986,0.0,0.3532375070853335,-0.0027235576212498807,0.0
0.3336893366991598,-0.004983960057215986,0.0,0.31410944861914236,-0.0069493600855069755,0.0
0.07887982486911103,0.0054538323775385035,0.0,0.09843476066562983,0.0032538637244943908,0.0
0.07887982486911103,0.0054538323775385035,0.0,0.059291145572582214,0.007327634780898047,0.0
0.15703011332866393,-0.003939976825643578,0.0,0.1765937809317466,-0.0060614396267154435,0.0
0.15703011332866393,-0.003939976825643578,0.0,0.1685858049481927,0.011263602399569205,0.0
0.15703011332866393,-0.003939976825643578,0.0,0.149272301760533,0.013928621410920428,0.0
0.1765937809317466,-0.0060614396267154435,0.0,0.1685858049481927,0.011263602399569205,0.0
0.1765937809317466,-0.0060614396267154435,0.0,0.19619300579101787,-0.007822557759102153,0.0
0.1765937809317466,-0.0060614396267154435,0.0,0.1882302781067296,0.00909323947235717,0.0
0.1685858049481927,0.011263602399569205,0.0,0.149272301760533,0.013928621410920428,0.0
0.1685858049481927,0.011263602399569205,0.0,0.1882302781067296,0.00909323947235717,0.0
0.1685858049481927,0.011263602399569205,0.0,0.17945602173830028,0.02485784755955748,0.0
0.1685858049481927,0.011263602399569205,0.0,0.15970171609486652,0.025762241337789562,0.0
0.2944925370084873,-0.00850000506382967,0.0,0.31410944861914236,-0.0069493600855069755,0.0
0.2944925370084873,-0.00850000506382967,0.0,0.2748420702286549,-0.00953939805481778,0.0
0.19619300579101787,-0.007822557759102153,0.0,0.21582853830769916,-0.009114832963486953,0.0
0.19619300579101787,-0.007822557759102153,0.0,0.2077440578761002,0.008017235199859783,0.0
0.19619300579101787,-0.007822557759102153,0.0,0.1882302781067296,0.00909323947235717,0.0
0.21582853830769916,-0.009114832963486953,0.0,0.2077440578761002,0.008017235199859783,0.0
0.21582853830769916,-0.009114832963486953,0.0,0.23549240661673865,-0.009856994898191187,0.0
0.2077440578761002,0.008017235199859783,0.0,0.1882302781067296,0.00909323947235717,0.0
0.2077440578761002,0.008017235199859783,0.0,0.1999259803385924,0.024389547498569305,0.0
0.9803247665973532,0.009673185417764338,0.0,1.0,0.00997728886199947,0.0
0.9803247665973532,0.009673185417764338,0.0,0.9855625037483805,0.02423302561638108,0.0
0.23549240661673865,-0.009856994898191187,0.0,0.2551696748939308,-0.010001620197861787,0.0
0.2551696748939308,-0.010001620197861787,0.0,0.2748420702286549,-0.00953939805481778,0.0
1.0,0.02997974346313783,0.0,1.0,0.00997728886199947,0.0
1.0,0.02997974346313783,0.0,0.9855625037483805,0.02423302561638108,0.0
0.01968189381931244,0.2096956954280177,0.0,0.011954367647240602,0.19775482064666777,0.0
0.01968189381931244,0.2096956954280177,0.0,2.71379877470469e-25,0.21,0.0
0.6349858915064598,0.06924136187901805,0.0,0.627784792555885,0.08559515473383551,0.0
0.149272301760533,0.013928621410920428,0.0,0.14102450732263955,0.026094452702018323,0.0
0.149272301760533,0.013928621410920428,0.0,0.15970171609486652,0.025762241337789562,0.0
0.4400158156126021,0.1916374216152107,0.0,0.44737246516199886,0.1762688069357742,0.0
0.44737246516199886,0.1762688069357742,0.0,0.4673608615069154,0.17708154005025134,0.0
0.011954367647240602,0.19775482064666777,0.0,2.71379877470469e-25,0.21,0.0
0.1882302781067296,0.00909323947235717,0.0,0.1999259803385924,0.024389547498569305,0.0
0.1882302781067296,0.00909323947235717,0.0,0.17945602173830028,0.02485784755955748,0.0
0.5575773396177104,0.19081327424089708,0.0,0.5649921709995319,0.17852621438595445,0.0
0.5575773396177104,0.19081327424089708,0.0,0.5473785649604085,0.1786505110241688,0.0
0.34757150616599686,0.14451140304020757,0.0,0.32750525650845064,0.14341015261243972,0.0
0.4790569849491564,0.19347076258665047,0.0,0.4873431773994068,0.17822320437849148,0.0
0.4790569849491564,0.19347076258665047,0.0,0.4673608615069154,0.17708154005025134,0.0
0.5185821720399303,0.19383006447794615,0.0,0.5074984661644879,0.1786926192198413,0.0
0.5185821720399303,0.19383006447794615,0.0,0.5274549826518778,0.17906060710502375,0.0
0.2453322667820182,0.14173755939283708,0.0,0.2654237183658663,0.14182135339502527,0.0
0.4873431773994068,0.17822320437849148,0.0,0.4673608615069154,0.17708154005025134,0.0
0.4873431773994068,0.17822320437849148,0.0,0.5074984661644879,0.1786926192198413,0.0
0.1999259803385924,0.024389547498569305,0.0,0.17945602173830028,0.02485784755955748,0.0
1.0,0.00997728886199947,0.0,0.9855625037483805,0.02423302561638108,0.0
0.000333444168701415,0.009977201138146768,0.0,0.014572718679260053,0.023965175369702756,0.0
0.10899159001581206,0.13674740474136388,0.0,0.12743454607458438,0.13528628700563933,0.0
0.627784792555885,0.08559515473383551,0.0,0.608437868865012,0.08516545203426178,0.0
0.17945602173830028,0.02485784755955748,0.0,0.15970171609486652,0.025762241337789562,0.0
0.5074984661644879,0.1786926192198413,0.0,0.5274549826518778,0.17906060710502375,0.0
0.5649921709995319,0.17852621438595445,0.0,0.5473785649604085,0.1786505110241688,0.0
0.5274549826518778,0.17906060710502375,0.0,0.5473785649604085,0.1786505110241688,0.0
0.14102450732263955,0.026094452702018323,0.0,0.15970171609486652,0.025762241337789562,0.0
