start:0,start:1,start:2,end:0,end:1,end:2
0.7928144101011828,0.010640514067449508,0.0,0.8007615509814693,0.031695000602047226,0.0
0.7928144101011828,0.010640514067449508,0.0,0.7806902626427716,0.03127431323660605,0.0
0.7928144101011828,0.010640514067449508,0.0,0.7845044192910022,-0.00909334736921399,0.0
0.7928144101011828,0.010640514067449508,0.0,0.7734258542664705,0.011439169325643107,0.0
0.7928144101011828,0.010640514067449508,0.0,0.8041393635701566,-0.007792363920827193,0.0
0.7928144101011828,0.010640514067449508,0.0,0.812164101848178,0.013068114828722242,0.0
0.8007615509814693,0.031695000602047226,0.0,0.7806902626427716,0.03127431323660605,0.0
0.8007615509814693,0.031695000602047226,0.0,0.812164101848178,0.013068114828722242,0.0
0.8007615509814693,0.031695000602047226,0.0,0.8200869014911052,0.032897820798559775,0.0
0.8007615509814693,0.031695000602047226,0.0,0.7898797448772437,0.0495341501933739,0.0
0.8007615509814693,0.031695000602047226,0.0,0.8097654027205139,0.05004468196488593,0.0
0.7806902626427716,0.03127431323660605,0.0,0.7734258542664705,0.011439169325643107,0.0
0.7806902626427716,0.03127431323660605,0.0,0.7708735140171734,0.04906872834651815,0.0
0.7806902626427716,0.03127431323660605,0.0,0.7605859708163308,0.03024857300692538,0.0
0.7806902626427716,0.03127431323660605,0.0,0.7898797448772437,0.0495341501933739,0.0
0.6934932657564491,0.17133027643018617,0.0,0.687867313005005,0.15172829858120315,0.0
0.6934932657564491,0.17133027643018617,0.0,0.707863890786083,0.15209822530343184,0.0
0.6934932657564491,0.17133027643018617,0.0,0.715554575732071,0.17162676415832268,0.0
0.6934932657564491,0.17133027643018617,0.0,0.7057425391897695,0.1915070909240959,0.0
0.6934932657564491,0.17133027643018617,0.0,0.6772546881961742,0.16269213981381758,0.0
0.6934932657564491,0.17133027643018617,0.0,0.6861187615548019,0.1930527247722307,0.0
0.6934932657564491,0.17133027643018617,0.0,0.6724327909874922,0.17774327100387952,0.0
0.687867313005005,0.15172829858120315,0.0,0.707863890786083,0.15209822530343184,0.0
0.687867313005005,0.15172829858120315,0.0,0.6772546881961742,0.16269213981381758,0.0
0.687867313005005,0.15172829858120315,0.0,0.6781890467025458,0.13423652345403353,0.0
0.687867313005005,0.15172829858120315,0.0,0.6678797711934489,0.15086959995750887,0.0
0.687867313005005,0.15172829858120315,0.0,0.6981854037620758,0.13461848674492977,0.0
0.707863890786083,0.15209822530343184,0.0,0.715554575732071,0.17162676415832268,0.0
0.707863890786083,0.15209822530343184,0.0,0.7273261319739812,0.15298790432797846,0.0
0.707863890786083,0.15209822530343184,0.0,0.6981854037620758,0.13461848674492977,0.0
0.707863890786083,0.15209822530343184,0.0,0.7180920251683117,0.13491362577442492,0.0
0.3747184219919192,0.057037474935447724,0.0,0.36920304740382237,0.07653419243211954,0.0
0.3747184219919192,0.057037474935447724,0.0,0.387949937142036,0.07641075278056693,0.0
0.3747184219919192,0.057037474935447724,0.0,0.39786834970866164,0.058543142303226194,0.0
0.3747184219919192,0.057037474935447724,0.0,0.3544807852535804,0.04958054774796295,0.0
0.3747184219919192,0.057037474935447724,0.0,0.38776023911810004,0.03903626124346984,0.0
0.3747184219919192,0.057037474935447724,0.0,0.36845151830856315,0.035360548282354,0.0
0.3747184219919192,0.057037474935447724,0.0,0.35941582707050324,0.06493553948868848,0.0
0.36920304740382237,0.07653419243211954,0.0,0.387949937142036,0.07641075278056693,0.0
0.36920304740382237,0.07653419243211954,0.0,0.3490044529881932,0.07726253526128184,0.0
0.36920304740382237,0.07653419243211954,0.0,0.378875454973705,0.09434153216756097,0.0
0.36920304740382237,0.07653419243211954,0.0,0.358883365992384,0.09372874331106332,0.0
0.36920304740382237,0.07653419243211954,0.0,0.35941582707050324,0.06493553948868848,0.0
0.387949937142036,0.07641075278056693,0.0,0.39786834970866164,0.058543142303226194,0.0
0.387949937142036,0.07641075278056693,0.0,0.408161493803183,0.07734138335577363,0.0
0.387949937142036,0.07641075278056693,0.0,0.3988728572107553,0.0946667979258852,0.0
0.387949937142036,0.07641075278056693,0.0,0.378875454973705,0.09434153216756097,0.0
0.08528951901064954,0.18858688494755596,0.0,0.06733283067217874,0.17490153769948355,0.0
0.08528951901064954,0.18858688494755596,0.0,0.09441305086412012,0.17017490008272096,0.0
0.08528951901064954,0.18858688494755596,0.0,0.06788654015912308,0.193100256920124,0.0
0.08528951901064954,0.18858688494755596,0.0,0.10578076419941111,0.18550830245843153,0.0
0.08528951901064954,0.18858688494755596,0.0,0.07857462076905876,0.2055086350173741,0.0
0.08528951901064954,0.18858688494755596,0.0,0.09813655032930213,0.2033120093872453,0.0
0.06733283067217874,0.17490153769948355,0.0,0.09441305086412012,0.17017490008272096,0.0
0.06733283067217874,0.17490153769948355,0.0,0.07877761474341155,0.15656696252205943,0.0
0.06733283067217874,0.17490153769948355,0.0,0.04925693617721276,0.18912731822571408,0.0
0.06733283067217874,0.17490153769948355,0.0,0.048527414430676534,0.1700758601218209,0.0
0.06733283067217874,0.17490153769948355,0.0,0.06788654015912308,0.193100256920124,0.0
0.06733283067217874,0.17490153769948355,0.0,0.05766048495440796,0.15708819137904653,0.0
0.09441305086412012,0.17017490008272096,0.0,0.07877761474341155,0.15656696252205943,0.0
0.09441305086412012,0.17017490008272096,0.0,0.10142180810545694,0.1526049144357469,0.0
0.09441305086412012,0.17017490008272096,0.0,0.11376095503854446,0.16727631651282163,0.0
0.09441305086412012,0.17017490008272096,0.0,0.10578076419941111,0.18550830245843153,0.0
0.15827811913684467,0.12460893652037809,0.0,0.141370050292383,0.14459058349873405,0.0
0.15827811913684467,0.12460893652037809,0.0,0.13828153411542263,0.1242389729310307,0.0
0.15827811913684467,0.12460893652037809,0.0,0.16203871572269837,0.14378768651234744,0.0
0.15827811913684467,0.12460893652037809,0.0,0.1763537919041371,0.12504708814748838,0.0
0.15827811913684467,0.12460893652037809,0.0,0.14860123174616513,0.10703982761272816,0.0
0.15827811913684467,0.12460893652037809,0.0,0.16860267432469445,0.10714721655902956,0.0
0.141370050292383,0.14459058349873405,0.0,0.13828153411542263,0.1242389729310307,0.0
0.141370050292383,0.14459058349873405,0.0,0.16203871572269837,0.14378768651234744,0.0
0.141370050292383,0.14459058349873405,0.0,0.15290669150497763,0.1620911686614708,0.0
0.141370050292383,0.14459058349873405,0.0,0.13298570639876742,0.1643388227089381,0.0
0.141370050292383,0.14459058349873405,0.0,0.12108694429868386,0.14971100338744844,0.0
0.141370050292383,0.14459058349873405,0.0,0.1274345457670324,0.13528757195296695,0.0
0.13828153411542263,0.1242389729310307,0.0,0.14860123174616513,0.10703982761272816,0.0
0.13828153411542263,0.1242389729310307,0.0,0.12860370987901698,0.10672046193408671,0.0
0.13828153411542263,0.1242389729310307,0.0,0.11829383178010491,0.12338861007297437,0.0
0.13828153411542263,0.1242389729310307,0.0,0.1274345457670324,0.13528757195296695,0.0
0.12984850387384853,0.016552252378743103,0.0,0.12895103834768368,0.03585679458741243,0.0
0.12984850387384853,0.016552252378743103,0.0,0.11190215739754215,0.019367250902769362,0.0
0.12984850387384853,0.016552252378743103,0.0,0.11796711786367915,0.0008638544061895049,0.0
0.12984850387384853,0.016552252378743103,0.0,0.13749299481387123,-0.001582247140468834,0.0
0.12984850387384853,0.016552252378743103,0.0,0.14927236337845545,0.01393227663860134,0.0
0.12984850387384853,0.016552252378743103,0.0,0.14102456283147674,0.026097886373092672,0.0
0.12895103834768368,0.03585679458741243,0.0,0.11190215739754215,0.019367250902769362,0.0
0.12895103834768368,0.03585679458741243,0.0,0.10630837621771391,0.0373428585321748,0.0
0.12895103834768368,0.03585679458741243,0.0,0.11941023037060222,0.05432347238571005,0.0
0.12895103834768368,0.03585679458741243,0.0,0.139562374634876,0.05495881268689063,0.0
0.12895103834768368,0.03585679458741243,0.0,0.14998431255817912,0.0390862357569677,0.0
0.12895103834768368,0.03585679458741243,0.0,0.14102456283147674,0.026097886373092672,0.0
0.11190215739754215,0.019367250902769362,0.0,0.10630837621771391,0.0373428585321748,0.0
0.11190215739754215,0.019367250902769362,0.0,0.08990308561199002,0.02232989030049842,0.0
0.11190215739754215,0.019367250902769362,0.0,0.11796711786367915,0.0008638544061895049,0.0
0.11190215739754215,0.019367250902769362,0.0,0.09843483934886542,0.0032578479449683253,0.0
0.07877761474341155,0.15656696252205943,0.0,0.10142180810545694,0.1526049144357469,0.0
0.07877761474341155,0.15656696252205943,0.0,0.08886192990198423,0.13870132919643094,0.0
0.07877761474341155,0.15656696252205943,0.0,0.05766048495440796,0.15708819137904653,0.0
0.07877761474341155,0.15656696252205943,0.0,0.0679732820708934,0.1402632474074115,0.0
0.10630837621771391,0.0373428585321748,0.0,0.08990308561199002,0.02232989030049842,0.0
0.10630837621771391,0.0373428585321748,0.0,0.08901696104907948,0.04101948683245372,0.0
0.10630837621771391,0.0373428585321748,0.0,0.11941023037060222,0.05432347238571005,0.0
0.10630837621771391,0.0373428585321748,0.0,0.09893938009946483,0.05472250645885894,0.0
0.8388956538375687,0.10437163960879257,0.0,0.8588556241512655,0.10426826480843274,0.0
0.8388956538375687,0.10437163960879257,0.0,0.8493188359222348,0.12259006908886051,0.0
0.8388956538375687,0.10437163960879257,0.0,0.8281147329352588,0.12291436198419337,0.0
0.8388956538375687,0.10437163960879257,0.0,0.8188296119499932,0.10294319513395583,0.0
0.8388956538375687,0.10437163960879257,0.0,0.8291236342161262,0.08518281547461659,0.0
0.8388956538375687,0.10437163960879257,0.0,0.8491363911927418,0.08573815192940236,0.0
0.8588556241512655,0.10426826480843274,0.0,0.8493188359222348,0.12259006908886051,0.0
0.8588556241512655,0.10426826480843274,0.0,0.8697968902722923,0.12185485295195661,0.0
0.8588556241512655,0.10426826480843274,0.0,0.878806013847005,0.10361032400546416,0.0
0.8588556241512655,0.10426826480843274,0.0,0.8491363911927418,0.08573815192940236,0.0
0.8588556241512655,0.10426826480843274,0.0,0.8691235358743963,0.08638624483485643,0.0
0.8493188359222348,0.12259006908886051,0.0,0.8369339158851774,0.142246875009982,0.0
0.8493188359222348,0.12259006908886051,0.0,0.8610037939430911,0.13995796771425026,0.0
0.8493188359222348,0.12259006908886051,0.0,0.8281147329352588,0.12291436198419337,0.0
0.8493188359222348,0.12259006908886051,0.0,0.8697968902722923,0.12185485295195661,0.0
0.16203871572269837,0.14378768651234744,0.0,0.1763537919041371,0.12504708814748838,0.0
0.16203871572269837,0.14378768651234744,0.0,0.18420710410047905,0.1423062294737806,0.0
0.16203871572269837,0.14378768651234744,0.0,0.17314143974029192,0.16009757968309082,0.0
0.16203871572269837,0.14378768651234744,0.0,0.15290669150497763,0.1620911686614708,0.0
0.39786834970866164,0.058543142303226194,0.0,0.408161493803183,0.07734138335577363,0.0
0.39786834970866164,0.058543142303226194,0.0,0.4186345145240031,0.05945811510896321,0.0
0.39786834970866164,0.058543142303226194,0.0,0.40855940034851296,0.04143346929086056,0.0
0.39786834970866164,0.058543142303226194,0.0,0.38776023911810004,0.03903626124346984,0.0
0.8369339158851774,0.142246875009982,0.0,0.8610037939430911,0.13995796771425026,0.0
0.8369339158851774,0.142246875009982,0.0,0.8490851290904674,0.16236802362301367,0.0
0.8369339158851774,0.142246875009982,0.0,0.8273958784801108,0.15978468100622162,0.0
0.8369339158851774,0.142246875009982,0.0,0.8281147329352588,0.12291436198419337,0.0
0.8369339158851774,0.142246875009982,0.0,0.8172381362960303,0.14072202756909363,0.0
0.8610037939430911,0.13995796771425026,0.0,0.8490851290904674,0.16236802362301367,0.0
0.8610037939430911,0.13995796771425026,0.0,0.8697968902722923,0.12185485295195661,0.0
0.8610037939430911,0.13995796771425026,0.0,0.871485667733488,0.1579491328702124,0.0
0.8610037939430911,0.13995796771425026,0.0,0.8798429558080401,0.13900462156676358,0.0
0.8490851290904674,0.16236802362301367,0.0,0.8351248063103991,0.17781091933460216,0.0
0.8490851290904674,0.16236802362301367,0.0,0.8273958784801108,0.15978468100622162,0.0
0.8490851290904674,0.16236802362301367,0.0,0.849783622666516,0.1826445914757853,0.0
0.8490851290904674,0.16236802362301367,0.0,0.8643684331562632,0.17742540623409706,0.0
0.8490851290904674,0.16236802362301367,0.0,0.871485667733488,0.1579491328702124,0.0
0.5598408504541212,0.0963503807093703,0.0,0.5794883504173699,0.09663555344520644,0.0
0.5598408504541212,0.0963503807093703,0.0,0.5716166656607521,0.07612056531646304,0.0
0.5598408504541212,0.0963503807093703,0.0,0.539765731707444,0.09649014166419585,0.0
0.5598408504541212,0.0963503807093703,0.0,0.5517026169808594,0.07764286974820138,0.0
0.5598408504541212,0.0963503807093703,0.0,0.5487126380542019,0.11439984260718937,0.0
0.5598408504541212,0.0963503807093703,0.0,0.5687235257218212,0.114684161016767,0.0
0.5794883504173699,0.09663555344520644,0.0,0.5716166656607521,0.07612056531646304,0.0
0.5794883504173699,0.09663555344520644,0.0,0.5891652326915,0.08060177449327732,0.0
0.5794883504173699,0.09663555344520644,0.0,0.5687235257218212,0.114684161016767,0.0
0.5794883504173699,0.09663555344520644,0.0,0.5886643108759306,0.11502570791077908,0.0
0.5794883504173699,0.09663555344520644,0.0,0.5989552036913769,0.09887665833634984,0.0
0.5716166656607521,0.07612056531646304,0.0,0.5517026169808594,0.07764286974820138,0.0
0.5716166656607521,0.07612056531646304,0.0,0.5629806069123593,0.0588490535595088,0.0
0.5716166656607521,0.07612056531646304,0.0,0.5891652326915,0.08060177449327732,0.0
0.5716166656607521,0.07612056531646304,0.0,0.5842656042599349,0.06013806151469579,0.0
0.5767966748148993,0.1885109768578171,0.0,0.5780538048580117,0.16795374677585034,0.0
0.5767966748148993,0.1885109768578171,0.0,0.5961733118264491,0.18671089784931005,0.0
0.5767966748148993,0.1885109768578171,0.0,0.568781339891721,0.2064914852893641,0.0
0.5767966748148993,0.1885109768578171,0.0,0.5883592993452134,0.204443428867555,0.0
0.5767966748148993,0.1885109768578171,0.0,0.5575773370627708,0.19081359126512187,0.0
0.5767966748148993,0.1885109768578171,0.0,0.5649921673622351,0.1785267560769757,0.0
0.5780538048580117,0.16795374677585034,0.0,0.5961733118264491,0.18671089784931005,0.0
0.5780538048580117,0.16795374677585034,0.0,0.6001372325256313,0.16726226889476078,0.0
0.5780538048580117,0.16795374677585034,0.0,0.5878919433830558,0.14980543136654717,0.0
0.5780538048580117,0.16795374677585034,0.0,0.5678878188996572,0.149508470997818,0.0
0.5780538048580117,0.16795374677585034,0.0,0.5574400351284553,0.16497215996846545,0.0
0.5780538048580117,0.16795374677585034,0.0,0.5649921673622351,0.1785267560769757,0.0
0.5961733118264491,0.18671089784931005,0.0,0.6001372325256313,0.16726226889476078,0.0
0.5961733118264491,0.18671089784931005,0.0,0.6137007845617698,0.18442991482894194,0.0
0.5961733118264491,0.18671089784931005,0.0,0.6079079889629149,0.2021313692806051,0.0
0.5961733118264491,0.18671089784931005,0.0,0.5883592993452134,0.204443428867555,0.0
0.8351248063103991,0.17781091933460216,0.0,0.8273958784801108,0.15978468100622162,0.0
0.8351248063103991,0.17781091933460216,0.0,0.849783622666516,0.1826445914757853,0.0
0.8351248063103991,0.17781091933460216,0.0,0.815337401163622,0.17603742496010286,0.0
0.8351248063103991,0.17781091933460216,0.0,0.8236791101517987,0.1939886763111289,0.0
0.8351248063103991,0.17781091933460216,0.0,0.8432487611881002,0.1961150490981094,0.0
0.8273958784801108,0.15978468100622162,0.0,0.8172381362960303,0.14072202756909363,0.0
0.8273958784801108,0.15978468100622162,0.0,0.8063719745249532,0.15785928900105595,0.0
0.8273958784801108,0.15978468100622162,0.0,0.815337401163622,0.17603742496010286,0.0
0.698318782674528,0.011469362215986252,0.0,0.6909583864057679,0.03178680415005601,0.0
0.698318782674528,0.011469362215986252,0.0,0.7114700926399308,0.02977562154930906,0.0
0.698318782674528,0.011469362215986252,0.0,0.7187889991352311,0.010863918159757792,0.0
0.698318782674528,0.011469362215986252,0.0,0.6862226969861905,-0.006975414390775478,0.0
0.698318782674528,0.011469362215986252,0.0,0.6787465404763431,0.013229365736090968,0.0
0.698318782674528,0.011469362215986252,0.0,0.7058402159888242,-0.008518123294162488,0.0
0.6909583864057679,0.03178680415005601,0.0,0.7114700926399308,0.02977562154930906,0.0
0.6909583864057679,0.03178680415005601,0.0,0.6835590933347493,0.050258028740164114,0.0
0.6909583864057679,0.03178680415005601,0.0,0.6713369904022866,0.03362935992170813,0.0
0.6909583864057679,0.03178680415005601,0.0,0.6787465404763431,0.013229365736090968,0.0
0.6909583864057679,0.03178680415005601,0.0,0.7047039505768391,0.04865988945555003,0.0
0.7114700926399308,0.02977562154930906,0.0,0.7247583275902723,0.04636577570268054,0.0
0.7114700926399308,0.02977562154930906,0.0,0.7187889991352311,0.010863918159757792,0.0
0.7114700926399308,0.02977562154930906,0.0,0.7047039505768391,0.04865988945555003,0.0
0.7114700926399308,0.02977562154930906,0.0,0.7304023043795098,0.025916809673239487,0.0
0.3544807852535804,0.04958054774796295,0.0,0.3311210064044845,0.04131844448995726,0.0
0.3544807852535804,0.04958054774796295,0.0,0.34924923020452386,0.03138836627668253,0.0
0.3544807852535804,0.04958054774796295,0.0,0.3394273823174532,0.060290222070908984,0.0
0.3544807852535804,0.04958054774796295,0.0,0.36845151830856315,0.035360548282354,0.0
0.3544807852535804,0.04958054774796295,0.0,0.35941582707050324,0.06493553948868848,0.0
0.3311210064044845,0.04131844448995726,0.0,0.34924923020452386,0.03138836627668253,0.0
0.3311210064044845,0.04131844448995726,0.0,0.3394273823174532,0.060290222070908984,0.0
0.3311210064044845,0.04131844448995726,0.0,0.31819757633967244,0.024723059358806334,0.0
0.3311210064044845,0.04131844448995726,0.0,0.3342508419871303,0.025591699505897694,0.0
0.3311210064044845,0.04131844448995726,0.0,0.3193120350611558,0.058440396225431,0.0
0.3311210064044845,0.04131844448995726,0.0,0.30980143557048406,0.04133618974637766,0.0
0.34924923020452386,0.03138836627668253,0.0,0.36845151830856315,0.035360548282354,0.0
0.34924923020452386,0.03138836627668253,0.0,0.3610609344817518,0.015656667738215425,0.0
0.34924923020452386,0.03138836627668253,0.0,0.34243576174595797,0.012143603118982937,0.0
0.34924923020452386,0.03138836627668253,0.0,0.3342508419871303,0.025591699505897694,0.0
0.7648409392332087,-0.009845328935367858,0.0,0.7845044192910022,-0.00909334736921399,0.0
0.7648409392332087,-0.009845328935367858,0.0,0.7734258542664705,0.011439169325643107,0.0
0.7648409392332087,-0.009845328935367858,0.0,0.7548681690724989,0.007119555494730234,0.0
0.7648409392332087,-0.009845328935367858,0.0,0.7451637669692737,-0.010000267770768454,0.0
0.7845044192910022,-0.00909334736921399,0.0,0.7734258542664705,0.011439169325643107,0.0
0.7845044192910022,-0.00909334736921399,0.0,0.8041393635701566,-0.007792363920827193,0.0
0.7734258542664705,0.011439169325643107,0.0,0.7548681690724989,0.007119555494730234,0.0
0.7734258542664705,0.011439169325643107,0.0,0.7605859708163308,0.03024857300692538,0.0
0.6001372325256313,0.16726226889476078,0.0,0.6137007845617698,0.18442991482894194,0.0
0.6001372325256313,0.16726226889476078,0.0,0.6208486326043853,0.16707358654935364,0.0
0.6001372325256313,0.16726226889476078,0.0,0.5878919433830558,0.14980543136654717,0.0
0.6001372325256313,0.16726226889476078,0.0,0.6078959971795419,0.14983073719327175,0.0
0.1763537919041371,0.12504708814748838,0.0,0.18420710410047905,0.1423062294737806,0.0
0.1763537919041371,0.12504708814748838,0.0,0.19639784691909573,0.12486197912008529,0.0
0.1763537919041371,0.12504708814748838,0.0,0.16860267432469445,0.10714721655902956,0.0
0.1763537919041371,0.12504708814748838,0.0,0.18859827803792217,0.10757046400553395,0.0
0.18420710410047905,0.1423062294737806,0.0,0.20433277043097864,0.14197883736862763,0.0
0.18420710410047905,0.1423062294737806,0.0,0.1936304423941645,0.15865383446458212,0.0
0.18420710410047905,0.1423062294737806,0.0,0.19639784691909573,0.12486197912008529,0.0
0.18420710410047905,0.1423062294737806,0.0,0.17314143974029192,0.16009757968309082,0.0
0.7247583275902723,0.04636577570268054,0.0,0.7427690837523614,0.039903693700795224,0.0
0.7247583275902723,0.04636577570268054,0.0,0.7399380756951692,0.06258679707652287,0.0
0.7247583275902723,0.04636577570268054,0.0,0.718001104203537,0.06577828024508985,0.0
0.7247583275902723,0.04636577570268054,0.0,0.7047039505768391,0.04865988945555003,0.0
0.7247583275902723,0.04636577570268054,0.0,0.7304023043795098,0.025916809673239487,0.0
0.7427690837523614,0.039903693700795224,0.0,0.7399380756951692,0.06258679707652287,0.0
0.7427690837523614,0.039903693700795224,0.0,0.7605859708163308,0.03024857300692538,0.0
0.7427690837523614,0.039903693700795224,0.0,0.7550305417089311,0.05045576360038529,0.0
0.7427690837523614,0.039903693700795224,0.0,0.7304023043795098,0.025916809673239487,0.0
0.7427690837523614,0.039903693700795224,0.0,0.7450619034647384,0.022011575081901845,0.0
0.7399380756951692,0.06258679707652287,0.0,0.718001104203537,0.06577828024508985,0.0
0.7399380756951692,0.06258679707652287,0.0,0.7550305417089311,0.05045576360038529,0.0
0.7399380756951692,0.06258679707652287,0.0,0.7605475575071265,0.06694577923358669,0.0
0.7399380756951692,0.06258679707652287,0.0,0.7491310420856644,0.08358722607497286,0.0
0.7399380756951692,0.06258679707652287,0.0,0.7291096188398644,0.0833084166415363,0.0
0.6835590933347493,0.050258028740164114,0.0,0.6754742977356318,0.06754086065654208,0.0
0.6835590933347493,0.050258028740164114,0.0,0.6964878092963991,0.06660293165088658,0.0
0.6835590933347493,0.050258028740164114,0.0,0.6713369904022866,0.03362935992170813,0.0
0.6835590933347493,0.050258028740164114,0.0,0.7047039505768391,0.04865988945555003,0.0
0.6835590933347493,0.050258028740164114,0.0,0.6625801668273418,0.050895889668129274,0.0
0.6754742977356318,0.06754086065654208,0.0,0.6964878092963991,0.06660293165088658,0.0
0.6754742977356318,0.06754086065654208,0.0,0.6882066354329669,0.083975580641943,0.0
0.6754742977356318,0.06754086065654208,0.0,0.6670222728000635,0.08367487800098754,0.0
0.6754742977356318,0.06754086065654208,0.0,0.6549550541163249,0.06806346439474836,0.0
0.6754742977356318,0.06754086065654208,0.0,0.6625801668273418,0.050895889668129274,0.0
0.6964878092963991,0.06660293165088658,0.0,0.6882066354329669,0.083975580641943,0.0
0.6964878092963991,0.06660293165088658,0.0,0.718001104203537,0.06577828024508985,0.0
0.6964878092963991,0.06660293165088658,0.0,0.7047039505768391,0.04865988945555003,0.0
0.6964878092963991,0.06660293165088658,0.0,0.7089817733884307,0.08340492658560762,0.0
0.715554575732071,0.17162676415832268,0.0,0.7358694783260121,0.17207867789221737,0.0
0.715554575732071,0.17162676415832268,0.0,0.7273261319739812,0.15298790432797846,0.0
0.715554575732071,0.17162676415832268,0.0,0.7057425391897695,0.1915070909240959,0.0
0.715554575732071,0.17162676415832268,0.0,0.7253997900510565,0.1904740301919498,0.0
0.5299536605914883,0.07905339122625446,0.0,0.539765731707444,0.09649014166419585,0.0
0.5299536605914883,0.07905339122625446,0.0,0.5517026169808594,0.07764286974820138,0.0
0.5299536605914883,0.07905339122625446,0.0,0.5409599734555863,0.06101600321290869,0.0
0.5299536605914883,0.07905339122625446,0.0,0.5196011966655407,0.06188035014575963,0.0
0.5299536605914883,0.07905339122625446,0.0,0.5091789507088279,0.0791221904695253,0.0
0.5299536605914883,0.07905339122625446,0.0,0.5189867568220834,0.09655320401661067,0.0
0.539765731707444,0.09649014166419585,0.0,0.5517026169808594,0.07764286974820138,0.0
0.539765731707444,0.09649014166419585,0.0,0.5189867568220834,0.09655320401661067,0.0
0.539765731707444,0.09649014166419585,0.0,0.5287087436616056,0.11403386759191134,0.0
0.539765731707444,0.09649014166419585,0.0,0.5487126380542019,0.11439984260718937,0.0
0.5517026169808594,0.07764286974820138,0.0,0.5409599734555863,0.06101600321290869,0.0
0.5517026169808594,0.07764286974820138,0.0,0.5629806069123593,0.0588490535595088,0.0
0.3394273823174532,0.060290222070908984,0.0,0.3289925646101459,0.0760822394096194,0.0
0.3394273823174532,0.060290222070908984,0.0,0.3490044529881932,0.07726253526128184,0.0
0.3394273823174532,0.060290222070908984,0.0,0.3193120350611558,0.058440396225431,0.0
0.3394273823174532,0.060290222070908984,0.0,0.35941582707050324,0.06493553948868848,0.0
0.7187889991352311,0.010863918159757792,0.0,0.7058402159888242,-0.008518123294162488,0.0
0.7187889991352311,0.010863918159757792,0.0,0.7254911547180188,-0.009548189510398165,0.0
0.7187889991352311,0.010863918159757792,0.0,0.7304023043795098,0.025916809673239487,0.0
0.7187889991352311,0.010863918159757792,0.0,0.7366839927955062,0.006869240163612596,0.0
0.8281147329352588,0.12291436198419337,0.0,0.8188296119499932,0.10294319513395583,0.0
0.8281147329352588,0.12291436198419337,0.0,0.8080795463577419,0.12118330114431392,0.0
0.8281147329352588,0.12291436198419337,0.0,0.8172381362960303,0.14072202756909363,0.0
0.408161493803183,0.07734138335577363,0.0,0.4186345145240031,0.05945811510896321,0.0
0.408161493803183,0.07734138335577363,0.0,0.429076385632813,0.07764826200376367,0.0
0.408161493803183,0.07734138335577363,0.0,0.3988728572107553,0.0946667979258852,0.0
0.408161493803183,0.07734138335577363,0.0,0.4188736452588311,0.09480891521372549,0.0
0.4186345145240031,0.05945811510896321,0.0,0.40855940034851296,0.04143346929086056,0.0
0.4186345145240031,0.05945811510896321,0.0,0.429076385632813,0.07764826200376367,0.0
0.4186345145240031,0.05945811510896321,0.0,0.4388492302958595,0.05993876919053209,0.0
0.4186345145240031,0.05945811510896321,0.0,0.42929222483237256,0.041843675405293185,0.0
0.40855940034851296,0.04143346929086056,0.0,0.38776023911810004,0.03903626124346984,0.0
0.40855940034851296,0.04143346929086056,0.0,0.4000727646676078,0.022834697722787626,0.0
0.40855940034851296,0.04143346929086056,0.0,0.4202607083158121,0.02381482338176032,0.0
0.40855940034851296,0.04143346929086056,0.0,0.42929222483237256,0.041843675405293185,0.0
0.10142180810545694,0.1526049144357469,0.0,0.08886192990198423,0.13870132919643094,0.0
0.10142180810545694,0.1526049144357469,0.0,0.11376095503854446,0.16727631651282163,0.0
0.10142180810545694,0.1526049144357469,0.0,0.12108694429868386,0.14971100338744844,0.0
0.10142180810545694,0.1526049144357469,0.0,0.10899158963686609,0.13674869274602977,0.0
0.8041393635701566,-0.007792363920827193,0.0,0.823737940649039,-0.006024170153455132,0.0
0.8041393635701566,-0.007792363920827193,0.0,0.812164101848178,0.013068114828722242,0.0
0.823737940649039,-0.006024170153455132,0.0,0.812164101848178,0.013068114828722242,0.0
0.823737940649039,-0.006024170153455132,0.0,0.8317489023339883,0.012916547356775953,0.0
0.823737940649039,-0.006024170153455132,0.0,0.8433010521245821,-0.0038976608619978397,0.0
0.812164101848178,0.013068114828722242,0.0,0.8317489023339883,0.012916547356775953,0.0
0.812164101848178,0.013068114828722242,0.0,0.8200869014911052,0.032897820798559775,0.0
0.27808881699867816,0.023509986974536393,0.0,0.28648009440428024,0.0076180707319060395,0.0
0.27808881699867816,0.023509986974536393,0.0,0.2980488552449561,0.024357071816036295,0.0
0.27808881699867816,0.023509986974536393,0.0,0.25826418798007694,0.023326937459247604,0.0
0.27808881699867816,0.023509986974536393,0.0,0.2654466806105551,0.005903684396297035,0.0
0.27808881699867816,0.023509986974536393,0.0,0.28983271824832385,0.04103311143671808,0.0
0.27808881699867816,0.023509986974536393,0.0,0.2698532245791106,0.04024238637020612,0.0
0.28648009440428024,0.0076180707319060395,0.0,0.2980488552449561,0.024357071816036295,0.0
0.28648009440428024,0.0076180707319060395,0.0,0.305892478066941,0.007921992486074912,0.0
0.28648009440428024,0.0076180707319060395,0.0,0.2654466806105551,0.005903684396297035,0.0
0.28648009440428024,0.0076180707319060395,0.0,0.29449249829233476,-0.008496020240370656,0.0
0.28648009440428024,0.0076180707319060395,0.0,0.2748420480614415,-0.00953541314592756,0.0
0.2980488552449561,0.024357071816036295,0.0,0.305892478066941,0.007921992486074912,0.0
0.2980488552449561,0.024357071816036295,0.0,0.31819757633967244,0.024723059358806334,0.0
0.2980488552449561,0.024357071816036295,0.0,0.30980143557048406,0.04133618974637766,0.0
0.2980488552449561,0.024357071816036295,0.0,0.28983271824832385,0.04103311143671808,0.0
0.305892478066941,0.007921992486074912,0.0,0.31819757633967244,0.024723059358806334,0.0
0.305892478066941,0.007921992486074912,0.0,0.3242185724099557,0.009164105098032671,0.0
0.305892478066941,0.007921992486074912,0.0,0.29449249829233476,-0.008496020240370656,0.0
0.305892478066941,0.007921992486074912,0.0,0.31410939501067925,-0.006945375381866738,0.0
0.849783622666516,0.1826445914757853,0.0,0.8643684331562632,0.17742540623409706,0.0
0.849783622666516,0.1826445914757853,0.0,0.8627921253644149,0.1984719234020252,0.0
0.849783622666516,0.1826445914757853,0.0,0.8432487611881002,0.1961150490981094,0.0
0.6590001820758021,0.014482172712992626,0.0,0.6511457244824731,0.03456031624506665,0.0
0.6590001820758021,0.014482172712992626,0.0,0.6713369904022866,0.03362935992170813,0.0
0.6590001820758021,0.014482172712992626,0.0,0.6666422144565983,-0.005016099775787387,0.0
0.6590001820758021,0.014482172712992626,0.0,0.6787465404763431,0.013229365736090968,0.0
0.6590001820758021,0.014482172712992626,0.0,0.647093603957065,-0.0027596028357501756,0.0
0.6590001820758021,0.014482172712992626,0.0,0.6393367609086567,0.01675407480029563,0.0
0.6511457244824731,0.03456031624506665,0.0,0.6713369904022866,0.03362935992170813,0.0
0.6511457244824731,0.03456031624506665,0.0,0.6393367609086567,0.01675407480029563,0.0
0.6511457244824731,0.03456031624506665,0.0,0.6313545765579137,0.03625427779162652,0.0
0.6511457244824731,0.03456031624506665,0.0,0.6425427897163059,0.05240249949590891,0.0
0.6511457244824731,0.03456031624506665,0.0,0.6625801668273418,0.050895889668129274,0.0
0.6713369904022866,0.03362935992170813,0.0,0.6787465404763431,0.013229365736090968,0.0
0.6713369904022866,0.03362935992170813,0.0,0.6625801668273418,0.050895889668129274,0.0
0.6137007845617698,0.18442991482894194,0.0,0.6208486326043853,0.16707358654935364,0.0
0.6137007845617698,0.18442991482894194,0.0,0.6336764030071017,0.18255948843935516,0.0
0.6137007845617698,0.18442991482894194,0.0,0.6079079889629149,0.2021313692806051,0.0
0.6137007845617698,0.18442991482894194,0.0,0.6274414338011367,0.1996932485171144,0.0
0.6208486326043853,0.16707358654935364,0.0,0.6336764030071017,0.18255948843935516,0.0
0.6208486326043853,0.16707358654935364,0.0,0.6399472850939799,0.16590239875397858,0.0
0.6208486326043853,0.16707358654935364,0.0,0.6278864501973799,0.15013884453241852,0.0
0.6208486326043853,0.16707358654935364,0.0,0.6078959971795419,0.14983073719327175,0.0
0.6336764030071017,0.18255948843935516,0.0,0.6399472850939799,0.16590239875397858,0.0
0.6336764030071017,0.18255948843935516,0.0,0.6274414338011367,0.1996932485171144,0.0
0.6336764030071017,0.18255948843935516,0.0,0.6469771203754761,0.1972732467138197,0.0
0.6336764030071017,0.18255948843935516,0.0,0.6531431282443189,0.18098454447392737,0.0
0.01753722909151619,0.0800169695026094,0.0,0.03663179111229057,0.08873430322934621,0.0
0.01753722909151619,0.0800169695026094,0.0,0.01752084640402417,0.09976506326467577,0.0
0.01753722909151619,0.0800169695026094,0.0,0.019730252622615994,0.057926789269728704,0.0
0.01753722909151619,0.0800169695026094,0.0,0.03206881189986556,0.07020461622109966,0.0
0.01753722909151619,0.0800169695026094,0.0,0.0002334111370453746,0.06998713372984637,0.0
0.01753722909151619,0.0800169695026094,0.0,0.0002000666888959734,0.08998904550174056,0.0
0.03663179111229057,0.08873430322934621,0.0,0.01752084640402417,0.09976506326467577,0.0
0.03663179111229057,0.08873430322934621,0.0,0.0323084608940204,0.10710651775723101,0.0
0.03663179111229057,0.08873430322934621,0.0,0.03206881189986556,0.07020461622109966,0.0
0.03663179111229057,0.08873430322934621,0.0,0.05893562522556737,0.08812073827703966,0.0
0.03663179111229057,0.08873430322934621,0.0,0.0496863548716623,0.07058217225714036,0.0
0.03663179111229057,0.08873430322934621,0.0,0.048617132065531164,0.10525506074002504,0.0
0.01752084640402417,0.09976506326467577,0.0,0.0323084608940204,0.10710651775723101,0.0
0.01752084640402417,0.09976506326467577,0.0,0.01837849205696082,0.12129081993092657,0.0
0.01752084640402417,0.09976506326467577,0.0,0.0001667222407464953,0.10999093269716756,0.0
0.01752084640402417,0.09976506326467577,0.0,0.0002000666888959734,0.08998904550174056,0.0
0.6666422144565983,-0.005016099775787387,0.0,0.6862226969861905,-0.006975414390775478,0.0
0.6666422144565983,-0.005016099775787387,0.0,0.6787465404763431,0.013229365736090968,0.0
0.6666422144565983,-0.005016099775787387,0.0,0.647093603957065,-0.0027596028357501756,0.0
0.6862226969861905,-0.006975414390775478,0.0,0.6787465404763431,0.013229365736090968,0.0
0.6862226969861905,-0.006975414390775478,0.0,0.7058402159888242,-0.008518123294162488,0.0
0.8951928620518269,0.18566419002212697,0.0,0.9155300490703459,0.17383628659213918,0.0
0.8951928620518269,0.18566419002212697,0.0,0.9133705991868666,0.1915583863963085,0.0
0.8951928620518269,0.18566419002212697,0.0,0.8979001536649311,0.16850526208151315,0.0
0.8951928620518269,0.18566419002212697,0.0,0.8813610448242254,0.17292613332521853,0.0
0.8951928620518269,0.18566419002212697,0.0,0.8823244412923026,0.2009191174150899,0.0
0.8951928620518269,0.18566419002212697,0.0,0.901863450217593,0.2033120094520914,0.0
0.8951928620518269,0.18566419002212697,0.0,0.8772077781112549,0.187081351875708,0.0
0.9155300490703459,0.17383628659213918,0.0,0.9133705991868666,0.1915583863963085,0.0
0.9155300490703459,0.17383628659213918,0.0,0.8979001536649311,0.16850526208151315,0.0
0.9155300490703459,0.17383628659213918,0.0,0.9348318446656377,0.17142325004256515,0.0
0.9155300490703459,0.17383628659213918,0.0,0.9328412684648659,0.18947083089024372,0.0
0.9155300490703459,0.17383628659213918,0.0,0.9272487449075795,0.15589042830067565,0.0
0.9155300490703459,0.17383628659213918,0.0,0.9080894244916697,0.15491002049793506,0.0
0.9133705991868666,0.1915583863963085,0.0,0.9328412684648659,0.18947083089024372,0.0
0.9133705991868666,0.1915583863963085,0.0,0.901863450217593,0.2033120094520914,0.0
0.9133705991868666,0.1915583863963085,0.0,0.921425379683128,0.2055086350647987,0.0
0.8979001536649311,0.16850526208151315,0.0,0.8893273981497782,0.15518968828203306,0.0
0.8979001536649311,0.16850526208151315,0.0,0.8813610448242254,0.17292613332521853,0.0
0.8979001536649311,0.16850526208151315,0.0,0.9080894244916697,0.15491002049793506,0.0
0.6399472850939799,0.16590239875397858,0.0,0.6478910344670185,0.15007963624710888,0.0
0.6399472850939799,0.16590239875397858,0.0,0.6278864501973799,0.15013884453241852,0.0
0.6399472850939799,0.16590239875397858,0.0,0.6531431282443189,0.18098454447392737,0.0
0.6399472850939799,0.16590239875397858,0.0,0.6587574076837884,0.16412878228433103,0.0
0.08886192990198423,0.13870132919643094,0.0,0.07829178925472127,0.12312892551298453,0.0
0.08886192990198423,0.13870132919643094,0.0,0.09845336595385538,0.12229427634052376,0.0
0.08886192990198423,0.13870132919643094,0.0,0.0679732820708934,0.1402632474074115,0.0
0.08886192990198423,0.13870132919643094,0.0,0.10899158963686609,0.13674869274602977,0.0
0.5409599734555863,0.06101600321290869,0.0,0.5513068742434756,0.04238078135224284,0.0
0.5409599734555863,0.06101600321290869,0.0,0.5629806069123593,0.0588490535595088,0.0
0.5409599734555863,0.06101600321290869,0.0,0.5304512240293594,0.0436187929770881,0.0
0.5409599734555863,0.06101600321290869,0.0,0.5196011966655407,0.06188035014575963,0.0
0.5513068742434756,0.04238078135224284,0.0,0.5629806069123593,0.0588490535595088,0.0
0.5513068742434756,0.04238078135224284,0.0,0.5304512240293594,0.0436187929770881,0.0
0.5513068742434756,0.04238078135224284,0.0,0.5405105558792171,0.02572072841462676,0.0
0.5513068742434756,0.04238078135224284,0.0,0.5717047996802606,0.0408640924159498,0.0
0.5513068742434756,0.04238078135224284,0.0,0.5604280561145621,0.024351757313291585,0.0
0.5629806069123593,0.0588490535595088,0.0,0.5842656042599349,0.06013806151469579,0.0
0.5629806069123593,0.0588490535595088,0.0,0.5717047996802606,0.0408640924159498,0.0
0.38054980706762265,0.01905172054932588,0.0,0.38776023911810004,0.03903626124346984,0.0
0.38054980706762265,0.01905172054932588,0.0,0.36845151830856315,0.035360548282354,0.0
0.38054980706762265,0.01905172054932588,0.0,0.39229356359074463,0.002137335912828644,0.0
0.38054980706762265,0.01905172054932588,0.0,0.4000727646676078,0.022834697722787626,0.0
0.38054980706762265,0.01905172054932588,0.0,0.3610609344817518,0.015656667738215425,0.0
0.38054980706762265,0.01905172054932588,0.0,0.37276653392831155,-0.000299402404373251,0.0
0.38776023911810004,0.03903626124346984,0.0,0.36845151830856315,0.035360548282354,0.0
0.38776023911810004,0.03903626124346984,0.0,0.4000727646676078,0.022834697722787626,0.0
0.36845151830856315,0.035360548282354,0.0,0.3610609344817518,0.015656667738215425,0.0
0.8188296119499932,0.10294319513395583,0.0,0.8080795463577419,0.12118330114431392,0.0
0.8188296119499932,0.10294319513395583,0.0,0.7986749448605407,0.10224711427835521,0.0
0.8188296119499932,0.10294319513395583,0.0,0.8090995042811581,0.08475789883976284,0.0
0.8188296119499932,0.10294319513395583,0.0,0.8291236342161262,0.08518281547461659,0.0
0.04925693617721276,0.18912731822571408,0.0,0.032008979074158124,0.17602009253224835,0.0
0.04925693617721276,0.18912731822571408,0.0,0.0341972055918502,0.19537057238708957,0.0
0.04925693617721276,0.18912731822571408,0.0,0.048527414430676534,0.1700758601218209,0.0
0.04925693617721276,0.18912731822571408,0.0,0.06788654015912308,0.193100256920124,0.0
0.04925693617721276,0.18912731822571408,0.0,0.03934595430376511,0.2088023656195966,0.0
0.04925693617721276,0.18912731822571408,0.0,0.05897878113556556,0.2073769316422593,0.0
0.032008979074158124,0.17602009253224835,0.0,0.0341972055918502,0.19537057238708957,0.0
0.032008979074158124,0.17602009253224835,0.0,0.048527414430676534,0.1700758601218209,0.0
0.032008979074158124,0.17602009253224835,0.0,0.01747844157140023,0.15835859054936027,0.0
0.032008979074158124,0.17602009253224835,0.0,0.03823604991393602,0.15673555361498126,0.0
0.032008979074158124,0.17602009253224835,0.0,0.02202296116093754,0.18770969533612494,0.0
0.032008979074158124,0.17602009253224835,0.0,0.014343825908364383,0.17476309521103725,0.0
0.0341972055918502,0.19537057238708957,0.0,0.02202296116093754,0.18770969533612494,0.0
0.0341972055918502,0.19537057238708957,0.0,0.03934595430376511,0.2088023656195966,0.0
0.0341972055918502,0.19537057238708957,0.0,0.01968189381931244,0.2096956954280177,0.0
0.8317489023339883,0.012916547356775953,0.0,0.8200869014911052,0.032897820798559775,0.0
0.8317489023339883,0.012916547356775953,0.0,0.8404112654444719,0.032863658550855095,0.0
0.8317489023339883,0.012916547356775953,0.0,0.851783167084867,0.01584093947495752,0.0
0.8317489023339883,0.012916547356775953,0.0,0.8433010521245821,-0.0038976608619978397,0.0
0.8200869014911052,0.032897820798559775,0.0,0.8404112654444719,0.032863658550855095,0.0
0.8200869014911052,0.032897820798559775,0.0,0.8097654027205139,0.05004468196488593,0.0
0.8200869014911052,0.032897820798559775,0.0,0.8297636389373181,0.05041028269006822,0.0
0.8404112654444719,0.032863658550855095,0.0,0.851783167084867,0.01584093947495752,0.0
0.8404112654444719,0.032863658550855095,0.0,0.8595107475557255,0.033737438210751564,0.0
0.8404112654444719,0.032863658550855095,0.0,0.8297636389373181,0.05041028269006822,0.0
0.8404112654444719,0.032863658550855095,0.0,0.849350442440638,0.05064746735693481,0.0
0.8697968902722923,0.12185485295195661,0.0,0.8798429558080401,0.13900462156676358,0.0
0.8697968902722923,0.12185485295195661,0.0,0.8891140740710965,0.12088065764476957,0.0
0.8697968902722923,0.12185485295195661,0.0,0.878806013847005,0.10361032400546416,0.0
0.392092013242154,0.2021313695513354,0.0,0.4116407029594826,0.2044434291270096,0.0
0.392092013242154,0.2021313695513354,0.0,0.40769584565889316,0.18325328404755004,0.0
0.392092013242154,0.2021313695513354,0.0,0.38463923437965736,0.18304438806101941,0.0
0.392092013242154,0.2021313695513354,0.0,0.3725585682950345,0.1996932487804034,0.0
0.4116407029594826,0.2044434291270096,0.0,0.40769584565889316,0.18325328404755004,0.0
0.4116407029594826,0.2044434291270096,0.0,0.42338927268988985,0.19177014859099287,0.0
0.4116407029594826,0.2044434291270096,0.0,0.4312186625324201,0.2064914855210821,0.0
0.40769584565889316,0.18325328404755004,0.0,0.38463923437965736,0.18304438806101941,0.0
0.40769584565889316,0.18325328404755004,0.0,0.39759661608216934,0.16368450763160747,0.0
0.40769584565889316,0.18325328404755004,0.0,0.4171146296786149,0.16302274401092218,0.0
0.40769584565889316,0.18325328404755004,0.0,0.428146534511849,0.1765280067567413,0.0
0.40769584565889316,0.18325328404755004,0.0,0.42338927268988985,0.19177014859099287,0.0
0.6882066354329669,0.083975580641943,0.0,0.6670222728000635,0.08367487800098754,0.0
0.6882066354329669,0.083975580641943,0.0,0.6988239038321562,0.10008695830154223,0.0
0.6882066354329669,0.083975580641943,0.0,0.6788178557510512,0.10023928673264641,0.0
0.6882066354329669,0.083975580641943,0.0,0.7089817733884307,0.08340492658560762,0.0
0.8080795463577419,0.12118330114431392,0.0,0.796929903723244,0.13946617265994113,0.0
0.8080795463577419,0.12118330114431392,0.0,0.8172381362960303,0.14072202756909363,0.0
0.8080795463577419,0.12118330114431392,0.0,0.7986749448605407,0.10224711427835521,0.0
0.8080795463577419,0.12118330114431392,0.0,0.7877614699128463,0.12116513545409352,0.0
0.796929903723244,0.13946617265994113,0.0,0.8172381362960303,0.14072202756909363,0.0
0.796929903723244,0.13946617265994113,0.0,0.7877614699128463,0.12116513545409352,0.0
0.796929903723244,0.13946617265994113,0.0,0.7769759178889534,0.13849646898066745,0.0
0.796929903723244,0.13946617265994113,0.0,0.8063719745249532,0.15785928900105595,0.0
0.796929903723244,0.13946617265994113,0.0,0.7861100144470704,0.15671485108670946,0.0
0.8172381362960303,0.14072202756909363,0.0,0.8063719745249532,0.15785928900105595,0.0
0.718001104203537,0.06577828024508985,0.0,0.7047039505768391,0.04865988945555003,0.0
0.718001104203537,0.06577828024508985,0.0,0.7291096188398644,0.0833084166415363,0.0
0.718001104203537,0.06577828024508985,0.0,0.7089817733884307,0.08340492658560762,0.0
0.048527414430676534,0.1700758601218209,0.0,0.03823604991393602,0.15673555361498126,0.0
0.048527414430676534,0.1700758601218209,0.0,0.05766048495440796,0.15708819137904653,0.0
0.08990308561199002,0.02232989030049842,0.0,0.0703596259749847,0.03630187341161068,0.0
0.08990308561199002,0.02232989030049842,0.0,0.08901696104907948,0.04101948683245372,0.0
0.08990308561199002,0.02232989030049842,0.0,0.07036569490545255,0.018931225938095757,0.0
0.08990308561199002,0.02232989030049842,0.0,0.07887989632761407,0.005457816601037855,0.0
0.08990308561199002,0.02232989030049842,0.0,0.09843483934886542,0.0032578479449683253,0.0
0.0703596259749847,0.03630187341161068,0.0,0.08901696104907948,0.04101948683245372,0.0
0.0703596259749847,0.03630187341161068,0.0,0.07036569490545255,0.018931225938095757,0.0
0.0703596259749847,0.03630187341161068,0.0,0.053394668600453624,0.023234943278793933,0.0
0.0703596259749847,0.03630187341161068,0.0,0.047970902959995086,0.03955676077064839,0.0
0.0703596259749847,0.03630187341161068,0.0,0.059632234919860076,0.05430165644294701,0.0
0.0703596259749847,0.03630187341161068,0.0,0.07957433682094806,0.054400311086791005,0.0
0.08901696104907948,0.04101948683245372,0.0,0.09893938009946483,0.05472250645885894,0.0
0.08901696104907948,0.04101948683245372,0.0,0.07957433682094806,0.054400311086791005,0.0
0.9606540458959356,0.2088023656315051,0.0,0.980318106281572,0.2096956954311213,0.0
0.9606540458959356,0.2088023656315051,0.0,0.9678978126201622,0.19117885800603882,0.0
0.9606540458959356,0.2088023656315051,0.0,0.9410212191544387,0.2073769316668632,0.0
0.9606540458959356,0.2088023656315051,0.0,0.9509069538235797,0.195406378018483,0.0
0.980318106281572,0.2096956954311213,0.0,0.9678978126201622,0.19117885800603882,0.0
0.980318106281572,0.2096956954311213,0.0,0.9854716857248492,0.19516247489048077,0.0
0.980318106281572,0.2096956954311213,0.0,1.0,0.21,0.0
0.9678978126201622,0.19117885800603882,0.0,0.9653589731924037,0.169996518200472,0.0
0.9678978126201622,0.19117885800603882,0.0,0.9500134239317917,0.1794039539187422,0.0
0.9678978126201622,0.19117885800603882,0.0,0.9854716857248492,0.19516247489048077,0.0
0.9678978126201622,0.19117885800603882,0.0,0.9831730518301396,0.1791424044787553,0.0
0.9678978126201622,0.19117885800603882,0.0,0.9509069538235797,0.195406378018483,0.0
0.38463923437965736,0.18304438806101941,0.0,0.39759661608216934,0.16368450763160747,0.0
0.38463923437965736,0.18304438806101941,0.0,0.3766060285654147,0.1637681835371463,0.0
0.38463923437965736,0.18304438806101941,0.0,0.36477634854274976,0.180891907153044,0.0
0.38463923437965736,0.18304438806101941,0.0,0.3725585682950345,0.1996932487804034,0.0
0.39759661608216934,0.16368450763160747,0.0,0.3766060285654147,0.1637681835371463,0.0
0.39759661608216934,0.16368450763160747,0.0,0.4171146296786149,0.16302274401092218,0.0
0.39759661608216934,0.16368450763160747,0.0,0.3879244099861701,0.1461786546519163,0.0
0.39759661608216934,0.16368450763160747,0.0,0.4078363530056163,0.14637969275453477,0.0
0.3766060285654147,0.1637681835371463,0.0,0.35663002417279627,0.1623650423921986,0.0
0.3766060285654147,0.1637681835371463,0.0,0.36477634854274976,0.180891907153044,0.0
0.3766060285654147,0.1637681835371463,0.0,0.3677550520794424,0.14568559163987252,0.0
0.3766060285654147,0.1637681835371463,0.0,0.3879244099861701,0.1461786546519163,0.0
0.07036569490545255,0.018931225938095757,0.0,0.053394668600453624,0.023234943278793933,0.0
0.07036569490545255,0.018931225938095757,0.0,0.07887989632761407,0.005457816601037855,0.0
0.07036569490545255,0.018931225938095757,0.0,0.05929120476107671,0.007331619045973399,0.0
0.39229356359074463,0.002137335912828644,0.0,0.41183597277941497,0.004446632647799277,0.0
0.39229356359074463,0.002137335912828644,0.0,0.4000727646676078,0.022834697722787626,0.0
0.39229356359074463,0.002137335912828644,0.0,0.37276653392831155,-0.000299402404373251,0.0
0.41183597277941497,0.004446632647799277,0.0,0.4000727646676078,0.022834697722787626,0.0
0.41183597277941497,0.004446632647799277,0.0,0.4202607083158121,0.02381482338176032,0.0
0.41183597277941497,0.004446632647799277,0.0,0.43140771879517975,0.006490783101734065,0.0
0.4000727646676078,0.022834697722787626,0.0,0.4202607083158121,0.02381482338176032,0.0
0.7548681690724989,0.007119555494730234,0.0,0.7605859708163308,0.03024857300692538,0.0
0.7548681690724989,0.007119555494730234,0.0,0.7366839927955062,0.006869240163612596,0.0
0.7548681690724989,0.007119555494730234,0.0,0.7450619034647384,0.022011575081901845,0.0
0.7548681690724989,0.007119555494730234,0.0,0.7451637669692737,-0.010000267770768454,0.0
0.7786093989727139,0.10192848183630025,0.0,0.7986749448605407,0.10224711427835521,0.0
0.7786093989727139,0.10192848183630025,0.0,0.7877614699128463,0.12116513545409352,0.0
0.7786093989727139,0.10192848183630025,0.0,0.7679085262728124,0.11973777731308542,0.0
0.7786093989727139,0.10192848183630025,0.0,0.7691253876177011,0.083932543234155,0.0
0.7786093989727139,0.10192848183630025,0.0,0.7890957805675547,0.08438320976231965,0.0
0.7786093989727139,0.10192848183630025,0.0,0.7587677987601573,0.10104876093797979,0.0
0.7986749448605407,0.10224711427835521,0.0,0.7877614699128463,0.12116513545409352,0.0
0.7986749448605407,0.10224711427835521,0.0,0.8090995042811581,0.08475789883976284,0.0
0.7986749448605407,0.10224711427835521,0.0,0.7890957805675547,0.08438320976231965,0.0
0.7877614699128463,0.12116513545409352,0.0,0.7769759178889534,0.13849646898066745,0.0
0.7877614699128463,0.12116513545409352,0.0,0.7679085262728124,0.11973777731308542,0.0
0.06788654015912308,0.193100256920124,0.0,0.07857462076905876,0.2055086350173741,0.0
0.06788654015912308,0.193100256920124,0.0,0.05897878113556556,0.2073769316422593,0.0
0.6275643132958927,-0.00034095893077248414,0.0,0.647093603957065,-0.0027596028357501756,0.0
0.6275643132958927,-0.00034095893077248414,0.0,0.6393367609086567,0.01675407480029563,0.0
0.6275643132958927,-0.00034095893077248414,0.0,0.6198621773025227,0.018328241509784567,0.0
0.6275643132958927,-0.00034095893077248414,0.0,0.6080373978831746,0.002096705651467261,0.0
0.647093603957065,-0.0027596028357501756,0.0,0.6393367609086567,0.01675407480029563,0.0
0.6393367609086567,0.01675407480029563,0.0,0.6198621773025227,0.018328241509784567,0.0
0.6393367609086567,0.01675407480029563,0.0,0.6313545765579137,0.03625427779162652,0.0
0.7058402159888242,-0.008518123294162488,0.0,0.7254911547180188,-0.009548189510398165,0.0
0.7254911547180188,-0.009548189510398165,0.0,0.7366839927955062,0.006869240163612596,0.0
0.7254911547180188,-0.009548189510398165,0.0,0.7451637669692737,-0.010000267770768454,0.0
0.7358694783260121,0.17207867789221737,0.0,0.7273261319739812,0.15298790432797846,0.0
0.7358694783260121,0.17207867789221737,0.0,0.7253997900510565,0.1904740301919498,0.0
0.7358694783260121,0.17207867789221737,0.0,0.746748861958137,0.1550054300409,0.0
0.7358694783260121,0.17207867789221737,0.0,0.7556069643206276,0.17279464880466053,0.0
0.7358694783260121,0.17207867789221737,0.0,0.7450787942757616,0.1900191158835712,0.0
0.7273261319739812,0.15298790432797846,0.0,0.746748861958137,0.1550054300409,0.0
0.7273261319739812,0.15298790432797846,0.0,0.7376551090006481,0.13617201835808446,0.0
0.7273261319739812,0.15298790432797846,0.0,0.7180920251683117,0.13491362577442492,0.0
0.7708735140171734,0.04906872834651815,0.0,0.7605859708163308,0.03024857300692538,0.0
0.7708735140171734,0.04906872834651815,0.0,0.7550305417089311,0.05045576360038529,0.0
0.7708735140171734,0.04906872834651815,0.0,0.7794457031386215,0.0668106845169399,0.0
0.7708735140171734,0.04906872834651815,0.0,0.7605475575071265,0.06694577923358669,0.0
0.7708735140171734,0.04906872834651815,0.0,0.7898797448772437,0.0495341501933739,0.0
0.7605859708163308,0.03024857300692538,0.0,0.7550305417089311,0.05045576360038529,0.0
0.7605859708163308,0.03024857300692538,0.0,0.7450619034647384,0.022011575081901845,0.0
0.7550305417089311,0.05045576360038529,0.0,0.7605475575071265,0.06694577923358669,0.0
0.9697228467839164,0.026256378788666743,0.0,0.9595134381223809,0.04133714538067464,0.0
0.9697228467839164,0.026256378788666743,0.0,0.9814671111809118,0.04096688625874855,0.0
0.9697228467839164,0.026256378788666743,0.0,0.9495118205484497,0.025163988459738863,0.0
0.9697228467839164,0.026256378788666743,0.0,0.9606672972715254,0.008784417503177423,0.0
0.9697228467839164,0.026256378788666743,0.0,0.9803247446215588,0.009677169808508095,0.0
0.9697228467839164,0.026256378788666743,0.0,0.9855624901338992,0.024236703116423192,0.0
0.9595134381223809,0.04133714538067464,0.0,0.9814671111809118,0.04096688625874855,0.0
0.9595134381223809,0.04133714538067464,0.0,0.968264680111567,0.055018464071156424,0.0
0.9595134381223809,0.04133714538067464,0.0,0.9486384870127841,0.05957566089193393,0.0
0.9595134381223809,0.04133714538067464,0.0,0.9379570740297424,0.04149380312183828,0.0
0.9595134381223809,0.04133714538067464,0.0,0.9495118205484497,0.025163988459738863,0.0
0.9814671111809118,0.04096688625874855,0.0,0.968264680111567,0.055018464071156424,0.0
0.9814671111809118,0.04096688625874855,0.0,1.0,0.04998526160507105,0.0
0.9814671111809118,0.04096688625874855,0.0,0.9832148253180896,0.06091347709140409,0.0
0.9814671111809118,0.04096688625874855,0.0,1.0,0.02998329724268806,0.0
0.9814671111809118,0.04096688625874855,0.0,0.9855624901338992,0.024236703116423192,0.0
0.9485257470923265,0.15851476830758332,0.0,0.9653589731924037,0.169996518200472,0.0
0.9485257470923265,0.15851476830758332,0.0,0.9500134239317917,0.1794039539187422,0.0
0.9485257470923265,0.15851476830758332,0.0,0.958141381045341,0.13940049376319044,0.0
0.9485257470923265,0.15851476830758332,0.0,0.9670157885326272,0.15350273027442482,0.0
0.9485257470923265,0.15851476830758332,0.0,0.9348318446656377,0.17142325004256515,0.0
0.9485257470923265,0.15851476830758332,0.0,0.9379597421904754,0.13914063203373098,0.0
0.9485257470923265,0.15851476830758332,0.0,0.9272487449075795,0.15589042830067565,0.0
0.9653589731924037,0.169996518200472,0.0,0.9500134239317917,0.1794039539187422,0.0
0.9653589731924037,0.169996518200472,0.0,0.9670157885326272,0.15350273027442482,0.0
0.9653589731924037,0.169996518200472,0.0,0.9831730518301396,0.1791424044787553,0.0
0.9653589731924037,0.169996518200472,0.0,0.9826794865662827,0.15999556592863537,0.0
0.9500134239317917,0.1794039539187422,0.0,0.9348318446656377,0.17142325004256515,0.0
0.9500134239317917,0.1794039539187422,0.0,0.9328412684648659,0.18947083089024372,0.0
0.9500134239317917,0.1794039539187422,0.0,0.9509069538235797,0.195406378018483,0.0
0.5304512240293594,0.0436187929770881,0.0,0.5100727079809558,0.044134802831297365,0.0
0.5304512240293594,0.0436187929770881,0.0,0.5196011966655407,0.06188035014575963,0.0
0.5304512240293594,0.0436187929770881,0.0,0.5202560363212918,0.02658011365771047,0.0
0.5304512240293594,0.0436187929770881,0.0,0.5405105558792171,0.02572072841462676,0.0
0.7769759178889534,0.13849646898066745,0.0,0.7572048218832892,0.13727638126854816,0.0
0.7769759178889534,0.13849646898066745,0.0,0.7679085262728124,0.11973777731308542,0.0
0.7769759178889534,0.13849646898066745,0.0,0.7861100144470704,0.15671485108670946,0.0
0.7769759178889534,0.13849646898066745,0.0,0.7662570014387118,0.1559037238206281,0.0
0.7572048218832892,0.13727638126854816,0.0,0.7679085262728124,0.11973777731308542,0.0
0.7572048218832892,0.13727638126854816,0.0,0.7481317543716716,0.11851141592580902,0.0
0.7572048218832892,0.13727638126854816,0.0,0.746748861958137,0.1550054300409,0.0
0.7572048218832892,0.13727638126854816,0.0,0.7376551090006481,0.13617201835808446,0.0
0.7572048218832892,0.13727638126854816,0.0,0.7662570014387118,0.1559037238206281,0.0
0.7679085262728124,0.11973777731308542,0.0,0.7481317543716716,0.11851141592580902,0.0
0.7679085262728124,0.11973777731308542,0.0,0.7587677987601573,0.10104876093797979,0.0
0.9854716857248492,0.19516247489048077,0.0,0.9831730518301396,0.1791424044787553,0.0
0.9854716857248492,0.19516247489048077,0.0,1.0,0.18999825425426428,0.0
0.9854716857248492,0.19516247489048077,0.0,1.0,0.21,0.0
0.6670222728000635,0.08367487800098754,0.0,0.6549550541163249,0.06806346439474836,0.0
0.6670222728000635,0.08367487800098754,0.0,0.647124878714189,0.08462269537787333,0.0
0.6670222728000635,0.08367487800098754,0.0,0.6788178557510512,0.10023928673264641,0.0
0.6670222728000635,0.08367487800098754,0.0,0.6588209788464828,0.09992712260948544,0.0
0.6549550541163249,0.06806346439474836,0.0,0.647124878714189,0.08462269537787333,0.0
0.6549550541163249,0.06806346439474836,0.0,0.6425427897163059,0.05240249949590891,0.0
0.6549550541163249,0.06806346439474836,0.0,0.6625801668273418,0.050895889668129274,0.0
0.6549550541163249,0.06806346439474836,0.0,0.6349859197843032,0.0692439517953786,0.0
0.35663002417279627,0.1623650423921986,0.0,0.36477634854274976,0.180891907153044,0.0
0.35663002417279627,0.1623650423921986,0.0,0.3452013931553111,0.1792073359485492,0.0
0.35663002417279627,0.1623650423921986,0.0,0.33642713537577035,0.1604006046721579,0.0
0.35663002417279627,0.1623650423921986,0.0,0.3677550520794424,0.14568559163987252,0.0
0.35663002417279627,0.1623650423921986,0.0,0.3475715089432597,0.14451245859532325,0.0
0.36477634854274976,0.180891907153044,0.0,0.3452013931553111,0.1792073359485492,0.0
0.36477634854274976,0.180891907153044,0.0,0.3530228816138251,0.1972732469543295,0.0
0.36477634854274976,0.180891907153044,0.0,0.3725585682950345,0.1996932487804034,0.0
0.647124878714189,0.08462269537787333,0.0,0.6388218181323372,0.09985681350582926,0.0
0.647124878714189,0.08462269537787333,0.0,0.6588209788464828,0.09992712260948544,0.0
0.647124878714189,0.08462269537787333,0.0,0.6349859197843032,0.0692439517953786,0.0
0.647124878714189,0.08462269537787333,0.0,0.6277848122445234,0.08559743066231028,0.0
0.4202607083158121,0.02381482338176032,0.0,0.43140771879517975,0.006490783101734065,0.0
0.4202607083158121,0.02381482338176032,0.0,0.44008953453753497,0.025053099678572787,0.0
0.4202607083158121,0.02381482338176032,0.0,0.42929222483237256,0.041843675405293185,0.0
0.4171146296786149,0.16302274401092218,0.0,0.428146534511849,0.1765280067567413,0.0
0.4171146296786149,0.16302274401092218,0.0,0.42791181656729976,0.1469197962111949,0.0
0.4171146296786149,0.16302274401092218,0.0,0.4375998629132494,0.1638797605042437,0.0
0.4171146296786149,0.16302274401092218,0.0,0.4078363530056163,0.14637969275453477,0.0
0.428146534511849,0.1765280067567413,0.0,0.42338927268988985,0.19177014859099287,0.0
0.428146534511849,0.1765280067567413,0.0,0.4375998629132494,0.1638797605042437,0.0
0.428146534511849,0.1765280067567413,0.0,0.4400158182501134,0.19163771928983517,0.0
0.428146534511849,0.1765280067567413,0.0,0.4473724683118545,0.17626940882177083,0.0
0.851783167084867,0.01584093947495752,0.0,0.8433010521245821,-0.0038976608619978397,0.0
0.851783167084867,0.01584093947495752,0.0,0.8628379104913082,-0.0015411624817170775,0.0
0.851783167084867,0.01584093947495752,0.0,0.8710173823006945,0.01667746859058222,0.0
0.851783167084867,0.01584093947495752,0.0,0.8595107475557255,0.033737438210751564,0.0
0.7057425391897695,0.1915070909240959,0.0,0.7253997900510565,0.1904740301919498,0.0
0.7057425391897695,0.1915070909240959,0.0,0.6861187615548019,0.1930527247722307,0.0
0.7253997900510565,0.1904740301919498,0.0,0.7450787942757616,0.1900191158835712,0.0
0.0323084608940204,0.10710651775723101,0.0,0.01837849205696082,0.12129081993092657,0.0
0.0323084608940204,0.10710651775723101,0.0,0.03892601916943622,0.12263806165301903,0.0
0.0323084608940204,0.10710651775723101,0.0,0.048617132065531164,0.10525506074002504,0.0
0.04009686331883408,0.056103959146698225,0.0,0.019730252622615994,0.057926789269728704,0.0
0.04009686331883408,0.056103959146698225,0.0,0.03163557820849989,0.0422918077238737,0.0
0.04009686331883408,0.056103959146698225,0.0,0.047970902959995086,0.03955676077064839,0.0
0.04009686331883408,0.056103959146698225,0.0,0.03206881189986556,0.07020461622109966,0.0
0.04009686331883408,0.056103959146698225,0.0,0.0496863548716623,0.07058217225714036,0.0
0.04009686331883408,0.056103959146698225,0.0,0.059632234919860076,0.05430165644294701,0.0
0.019730252622615994,0.057926789269728704,0.0,0.03163557820849989,0.0422918077238737,0.0
0.019730252622615994,0.057926789269728704,0.0,0.016091889703123943,0.0385975426794098,0.0
0.019730252622615994,0.057926789269728704,0.0,0.03206881189986556,0.07020461622109966,0.0
0.019730252622615994,0.057926789269728704,0.0,0.0002334111370453746,0.06998713372984637,0.0
0.019730252622615994,0.057926789269728704,0.0,0.0002667555851949112,0.04998519259314422,0.0
0.03163557820849989,0.0422918077238737,0.0,0.016091889703123943,0.0385975426794098,0.0
0.03163557820849989,0.0422918077238737,0.0,0.03229026544121763,0.02664117127755416,0.0
0.03163557820849989,0.0422918077238737,0.0,0.047970902959995086,0.03955676077064839,0.0
0.979772315755769,0.13984137718476777,0.0,0.958141381045341,0.13940049376319044,0.0
0.979772315755769,0.13984137718476777,0.0,0.9670157885326272,0.15350273027442482,0.0
0.979772315755769,0.13984137718476777,0.0,0.9671357424468666,0.12592265833888777,0.0
0.979772315755769,0.13984137718476777,0.0,0.9826794865662827,0.15999556592863537,0.0
0.979772315755769,0.13984137718476777,0.0,1.0,0.12999283147304494,0.0
0.979772315755769,0.13984137718476777,0.0,0.9826794992010495,0.11999190348006036,0.0
0.979772315755769,0.13984137718476777,0.0,1.0,0.1499946626785482,0.0
0.958141381045341,0.13940049376319044,0.0,0.9670157885326272,0.15350273027442482,0.0
0.958141381045341,0.13940049376319044,0.0,0.9671357424468666,0.12592265833888777,0.0
0.958141381045341,0.13940049376319044,0.0,0.948388784318946,0.12052997006165125,0.0
0.958141381045341,0.13940049376319044,0.0,0.9379597421904754,0.13914063203373098,0.0
0.9670157885326272,0.15350273027442482,0.0,0.9826794865662827,0.15999556592863537,0.0
0.9671357424468666,0.12592265833888777,0.0,0.948388784318946,0.12052997006165125,0.0
0.9671357424468666,0.12592265833888777,0.0,0.9657891445191493,0.10943670939721557,0.0
0.9671357424468666,0.12592265833888777,0.0,0.9826794992010495,0.11999190348006036,0.0
0.6198621773025227,0.018328241509784567,0.0,0.6115075911483023,0.03765993231720193,0.0
0.6198621773025227,0.018328241509784567,0.0,0.6313545765579137,0.03625427779162652,0.0
0.6198621773025227,0.018328241509784567,0.0,0.5999916537576327,0.02082506583602104,0.0
0.6198621773025227,0.018328241509784567,0.0,0.6080373978831746,0.002096705651467261,0.0
0.6115075911483023,0.03765993231720193,0.0,0.6313545765579137,0.03625427779162652,0.0
0.6115075911483023,0.03765993231720193,0.0,0.5999916537576327,0.02082506583602104,0.0
0.6115075911483023,0.03765993231720193,0.0,0.5918092064179227,0.039724678969648146,0.0
0.6115075911483023,0.03765993231720193,0.0,0.6028821540516516,0.05603894082843889,0.0
0.6115075911483023,0.03765993231720193,0.0,0.6226821984629259,0.05450581992740459,0.0
0.6313545765579137,0.03625427779162652,0.0,0.6226821984629259,0.05450581992740459,0.0
0.6313545765579137,0.03625427779162652,0.0,0.6425427897163059,0.05240249949590891,0.0
0.5891652326915,0.08060177449327732,0.0,0.5842656042599349,0.06013806151469579,0.0
0.5891652326915,0.08060177449327732,0.0,0.5996035619124045,0.07031990996198165,0.0
0.5891652326915,0.08060177449327732,0.0,0.5989552036913769,0.09887665833634984,0.0
0.5891652326915,0.08060177449327732,0.0,0.6084378889964532,0.08516776818805567,0.0
0.5842656042599349,0.06013806151469579,0.0,0.5996035619124045,0.07031990996198165,0.0
0.5842656042599349,0.06013806151469579,0.0,0.5918092064179227,0.039724678969648146,0.0
0.5842656042599349,0.06013806151469579,0.0,0.5717047996802606,0.0408640924159498,0.0
0.5842656042599349,0.06013806151469579,0.0,0.6028821540516516,0.05603894082843889,0.0
0.7481317543716716,0.11851141592580902,0.0,0.7376551090006481,0.13617201835808446,0.0
0.7481317543716716,0.11851141592580902,0.0,0.7388095639442436,0.10073478081651557,0.0
0.7481317543716716,0.11851141592580902,0.0,0.7283274599103763,0.11784788682315941,0.0
0.7481317543716716,0.11851141592580902,0.0,0.7587677987601573,0.10104876093797979,0.0
0.429076385632813,0.07764826200376367,0.0,0.4489312264058452,0.07797049749459393,0.0
0.429076385632813,0.07764826200376367,0.0,0.4388492302958595,0.05993876919053209,0.0
0.429076385632813,0.07764826200376367,0.0,0.4388703183847639,0.09517410789168404,0.0
0.429076385632813,0.07764826200376367,0.0,0.4188736452588311,0.09480891521372549,0.0
0.6772546881961742,0.16269213981381758,0.0,0.6678797711934489,0.15086959995750887,0.0
0.6772546881961742,0.16269213981381758,0.0,0.6724327909874922,0.17774327100387952,0.0
0.6772546881961742,0.16269213981381758,0.0,0.6587574076837884,0.16412878228433103,0.0
0.01747844157140023,0.15835859054936027,0.0,0.028779347559070276,0.13987038708179922,0.0
0.01747844157140023,0.15835859054936027,0.0,0.03823604991393602,0.15673555361498126,0.0
0.01747844157140023,0.15835859054936027,0.0,0.012444546523474233,0.13998466982102795,0.0
0.01747844157140023,0.15835859054936027,0.0,6.668889629864687e-05,0.16999645155128457,0.0
0.01747844157140023,0.15835859054936027,0.0,0.0001000333444479161,0.14999463395488744,0.0
0.01747844157140023,0.15835859054936027,0.0,0.014343825908364383,0.17476309521103725,0.0
0.028779347559070276,0.13987038708179922,0.0,0.03823604991393602,0.15673555361498126,0.0
0.028779347559070276,0.13987038708179922,0.0,0.01837849205696082,0.12129081993092657,0.0
0.028779347559070276,0.13987038708179922,0.0,0.03892601916943622,0.12263806165301903,0.0
0.028779347559070276,0.13987038708179922,0.0,0.012444546523474233,0.13998466982102795,0.0
0.028779347559070276,0.13987038708179922,0.0,0.047976698803523773,0.1398933551582403,0.0
0.03823604991393602,0.15673555361498126,0.0,0.047976698803523773,0.1398933551582403,0.0
0.03823604991393602,0.15673555361498126,0.0,0.05766048495440796,0.15708819137904653,0.0
0.8593633437420626,0.06836510778591588,0.0,0.879399927801931,0.07060306776211218,0.0
0.8593633437420626,0.06836510778591588,0.0,0.8690900769588976,0.05184736110084895,0.0
0.8593633437420626,0.06836510778591588,0.0,0.8394316765838464,0.0680070479815702,0.0
0.8593633437420626,0.06836510778591588,0.0,0.849350442440638,0.05064746735693481,0.0
0.8593633437420626,0.06836510778591588,0.0,0.8491363911927418,0.08573815192940236,0.0
0.8593633437420626,0.06836510778591588,0.0,0.8691235358743963,0.08638624483485643,0.0
0.879399927801931,0.07060306776211218,0.0,0.8690900769588976,0.05184736110084895,0.0
0.879399927801931,0.07060306776211218,0.0,0.8982359866395518,0.0706857666566096,0.0
0.879399927801931,0.07060306776211218,0.0,0.888158133746433,0.05272527853973204,0.0
0.879399927801931,0.07060306776211218,0.0,0.8891108454658168,0.08663104102619851,0.0
0.879399927801931,0.07060306776211218,0.0,0.8691235358743963,0.08638624483485643,0.0
0.8690900769588976,0.05184736110084895,0.0,0.888158133746433,0.05272527853973204,0.0
0.8690900769588976,0.05184736110084895,0.0,0.8787578618204133,0.035005809172280904,0.0
0.8690900769588976,0.05184736110084895,0.0,0.8595107475557255,0.033737438210751564,0.0
0.8690900769588976,0.05184736110084895,0.0,0.849350442440638,0.05064746735693481,0.0
0.8643684331562632,0.17742540623409706,0.0,0.871485667733488,0.1579491328702124,0.0
0.8643684331562632,0.17742540623409706,0.0,0.8627921253644149,0.1984719234020252,0.0
0.8643684331562632,0.17742540623409706,0.0,0.8813610448242254,0.17292613332521853,0.0
0.8643684331562632,0.17742540623409706,0.0,0.8772077781112549,0.187081351875708,0.0
0.8982359866395518,0.0706857666566096,0.0,0.908153837030143,0.0548047402819177,0.0
0.8982359866395518,0.0706857666566096,0.0,0.9179700038741108,0.07153603864416125,0.0
0.8982359866395518,0.0706857666566096,0.0,0.888158133746433,0.05272527853973204,0.0
0.8982359866395518,0.0706857666566096,0.0,0.8891108454658168,0.08663104102619851,0.0
0.8982359866395518,0.0706857666566096,0.0,0.9090985662643597,0.08725987064769154,0.0
0.908153837030143,0.0548047402819177,0.0,0.9179700038741108,0.07153603864416125,0.0
0.908153837030143,0.0548047402819177,0.0,0.9271148042456185,0.05628396747264562,0.0
0.908153837030143,0.0548047402819177,0.0,0.888158133746433,0.05272527853973204,0.0
0.908153837030143,0.0548047402819177,0.0,0.8980876657177296,0.03683539381127977,0.0
0.908153837030143,0.0548047402819177,0.0,0.9179679697339547,0.03908372629353129,0.0
0.9179700038741108,0.07153603864416125,0.0,0.9302320694779209,0.08902734915367154,0.0
0.9179700038741108,0.07153603864416125,0.0,0.9271148042456185,0.05628396747264562,0.0
0.9179700038741108,0.07153603864416125,0.0,0.9090985662643597,0.08725987064769154,0.0
0.9179700038741108,0.07153603864416125,0.0,0.9349847618191125,0.07115454696425824,0.0
0.42338927268988985,0.19177014859099287,0.0,0.4312186625324201,0.2064914855210821,0.0
0.42338927268988985,0.19177014859099287,0.0,0.4400158182501134,0.19163771928983517,0.0
0.21641024075169132,0.12527216516752387,0.0,0.20433277043097864,0.14197883736862763,0.0
0.21641024075169132,0.12527216516752387,0.0,0.2248996249041641,0.14168101809287864,0.0
0.21641024075169132,0.12527216516752387,0.0,0.19639784691909573,0.12486197912008529,0.0
0.21641024075169132,0.12527216516752387,0.0,0.2285863880440088,0.10858444079039446,0.0
0.21641024075169132,0.12527216516752387,0.0,0.20858979826187773,0.10821456711494469,0.0
0.21641024075169132,0.12527216516752387,0.0,0.23732169420230914,0.1255225703853448,0.0
0.20433277043097864,0.14197883736862763,0.0,0.2248996249041641,0.14168101809287864,0.0
0.20433277043097864,0.14197883736862763,0.0,0.2144513910451034,0.1572028564229494,0.0
0.20433277043097864,0.14197883736862763,0.0,0.1936304423941645,0.15865383446458212,0.0
0.20433277043097864,0.14197883736862763,0.0,0.19639784691909573,0.12486197912008529,0.0
0.2248996249041641,0.14168101809287864,0.0,0.2144513910451034,0.1572028564229494,0.0
0.2248996249041641,0.14168101809287864,0.0,0.2351357269311069,0.15593293191067623,0.0
0.2248996249041641,0.14168101809287864,0.0,0.23732169420230914,0.1255225703853448,0.0
0.2248996249041641,0.14168101809287864,0.0,0.2453322665521391,0.14173857157988765,0.0
0.968264680111567,0.055018464071156424,0.0,0.9486384870127841,0.05957566089193393,0.0
0.968264680111567,0.055018464071156424,0.0,0.9662023494231001,0.0708928256065603,0.0
0.968264680111567,0.055018464071156424,0.0,0.9832148253180896,0.06091347709140409,0.0
0.9302320694779209,0.08902734915367154,0.0,0.9486631538624821,0.09931045190857964,0.0
0.9302320694779209,0.08902734915367154,0.0,0.9488847050373302,0.07982533132264454,0.0
0.9302320694779209,0.08902734915367154,0.0,0.934099668399173,0.10698368347470531,0.0
0.9302320694779209,0.08902734915367154,0.0,0.9090985662643597,0.08725987064769154,0.0
0.9302320694779209,0.08902734915367154,0.0,0.9180059693323694,0.10460063160555749,0.0
0.9302320694779209,0.08902734915367154,0.0,0.9349847618191125,0.07115454696425824,0.0
0.9486631538624821,0.09931045190857964,0.0,0.9488847050373302,0.07982533132264454,0.0
0.9486631538624821,0.09931045190857964,0.0,0.948388784318946,0.12052997006165125,0.0
0.9486631538624821,0.09931045190857964,0.0,0.9657891445191493,0.10943670939721557,0.0
0.9486631538624821,0.09931045190857964,0.0,0.934099668399173,0.10698368347470531,0.0
0.9486631538624821,0.09931045190857964,0.0,0.9654307134789896,0.08989675285209262,0.0
0.9488847050373302,0.07982533132264454,0.0,0.9486384870127841,0.05957566089193393,0.0
0.9488847050373302,0.07982533132264454,0.0,0.9662023494231001,0.0708928256065603,0.0
0.9488847050373302,0.07982533132264454,0.0,0.9654307134789896,0.08989675285209262,0.0
0.9488847050373302,0.07982533132264454,0.0,0.9349847618191125,0.07115454696425824,0.0
0.5100727079809558,0.044134802831297365,0.0,0.5196011966655407,0.06188035014575963,0.0
0.5100727079809558,0.044134802831297365,0.0,0.5202560363212918,0.02658011365771047,0.0
0.5100727079809558,0.044134802831297365,0.0,0.5000514837214397,0.026947391751523594,0.0
0.5100727079809558,0.044134802831297365,0.0,0.4897982066644362,0.04414092276270986,0.0
0.5100727079809558,0.044134802831297365,0.0,0.49954755480245244,0.0615698138312621,0.0
0.5196011966655407,0.06188035014575963,0.0,0.49954755480245244,0.0615698138312621,0.0
0.5196011966655407,0.06188035014575963,0.0,0.5091789507088279,0.0791221904695253,0.0
0.8063719745249532,0.15785928900105595,0.0,0.815337401163622,0.17603742496010286,0.0
0.8063719745249532,0.15785928900105595,0.0,0.7953286973002597,0.17454831709383387,0.0
0.8063719745249532,0.15785928900105595,0.0,0.7861100144470704,0.15671485108670946,0.0
0.9271148042456185,0.05628396747264562,0.0,0.9486384870127841,0.05957566089193393,0.0
0.9271148042456185,0.05628396747264562,0.0,0.9379570740297424,0.04149380312183828,0.0
0.9271148042456185,0.05628396747264562,0.0,0.9179679697339547,0.03908372629353129,0.0
0.9271148042456185,0.05628396747264562,0.0,0.9349847618191125,0.07115454696425824,0.0
0.2144513910451034,0.1572028564229494,0.0,0.20477682176999354,0.17466733462820666,0.0
0.2144513910451034,0.1572028564229494,0.0,0.1936304423941645,0.15865383446458212,0.0
0.2144513910451034,0.1572028564229494,0.0,0.22484047704403007,0.17346951980815392,0.0
0.2144513910451034,0.1572028564229494,0.0,0.2351357269311069,0.15593293191067623,0.0
0.20477682176999354,0.17466733462820666,0.0,0.1936304423941645,0.15865383446458212,0.0
0.20477682176999354,0.17466733462820666,0.0,0.22484047704403007,0.17346951980815392,0.0
0.20477682176999354,0.17466733462820666,0.0,0.1846177371973301,0.1761160604795753,0.0
0.20477682176999354,0.17466733462820666,0.0,0.2155675444190997,0.1909215933815534,0.0
0.20477682176999354,0.17466733462820666,0.0,0.1959260328513177,0.1922212147213933,0.0
0.1936304423941645,0.15865383446458212,0.0,0.17314143974029192,0.16009757968309082,0.0
0.1936304423941645,0.15865383446458212,0.0,0.1846177371973301,0.1761160604795753,0.0
0.8433010521245821,-0.0038976608619978397,0.0,0.8628379104913082,-0.0015411624817170775,0.0
0.8628379104913082,-0.0015411624817170775,0.0,0.8710173823006945,0.01667746859058222,0.0
0.8628379104913082,-0.0015411624817170775,0.0,0.8823637471696649,0.000905261999644648,0.0
0.01837849205696082,0.12129081993092657,0.0,0.03892601916943622,0.12263806165301903,0.0
0.01837849205696082,0.12129081993092657,0.0,0.012444546523474233,0.13998466982102795,0.0
0.01837849205696082,0.12129081993092657,0.0,0.0001667222407464953,0.10999093269716756,0.0
0.01837849205696082,0.12129081993092657,0.0,0.0001333777925972035,0.12999279406292288,0.0
0.03892601916943622,0.12263806165301903,0.0,0.047976698803523773,0.1398933551582403,0.0
0.03892601916943622,0.12263806165301903,0.0,0.048617132065531164,0.10525506074002504,0.0
0.03892601916943622,0.12263806165301903,0.0,0.058295207148577076,0.12275915502366573,0.0
0.5999916537576327,0.02082506583602104,0.0,0.5918092064179227,0.039724678969648146,0.0
0.5999916537576327,0.02082506583602104,0.0,0.5802381799185156,0.02273150873217408,0.0
0.5999916537576327,0.02082506583602104,0.0,0.5884953807841977,0.004409336697586884,0.0
0.5999916537576327,0.02082506583602104,0.0,0.6080373978831746,0.002096705651467261,0.0
0.43140771879517975,0.006490783101734065,0.0,0.44008953453753497,0.025053099678572787,0.0
0.43140771879517975,0.006490783101734065,0.0,0.4510159910507457,0.008145809291190383,0.0
0.25826418798007694,0.023326937459247604,0.0,0.2654466806105551,0.005903684396297035,0.0
0.25826418798007694,0.023326937459247604,0.0,0.239462584790726,0.0239129642958083,0.0
0.25826418798007694,0.023326937459247604,0.0,0.24698741573653898,0.006545377705417117,0.0
0.25826418798007694,0.023326937459247604,0.0,0.2498570036435175,0.04005119845631984,0.0
0.25826418798007694,0.023326937459247604,0.0,0.2698532245791106,0.04024238637020612,0.0
0.2654466806105551,0.005903684396297035,0.0,0.24698741573653898,0.006545377705417117,0.0
0.2654466806105551,0.005903684396297035,0.0,0.25516967018442066,-0.009997635250939817,0.0
0.2654466806105551,0.005903684396297035,0.0,0.2748420480614415,-0.00953541314592756,0.0
0.5996035619124045,0.07031990996198165,0.0,0.6028821540516516,0.05603894082843889,0.0
0.5996035619124045,0.07031990996198165,0.0,0.6148086857408458,0.07195697673304136,0.0
0.5996035619124045,0.07031990996198165,0.0,0.6084378889964532,0.08516776818805567,0.0
0.3452013931553111,0.1792073359485492,0.0,0.33642713537577035,0.1604006046721579,0.0
0.3452013931553111,0.1792073359485492,0.0,0.3250820084592658,0.17682984069637064,0.0
0.3452013931553111,0.1792073359485492,0.0,0.3334679733597575,0.1950146597444102,0.0
0.3452013931553111,0.1792073359485492,0.0,0.3530228816138251,0.1972732469543295,0.0
0.33642713537577035,0.1604006046721579,0.0,0.3164579729257981,0.1590312586386777,0.0
0.33642713537577035,0.1604006046721579,0.0,0.3250820084592658,0.17682984069637064,0.0
0.33642713537577035,0.1604006046721579,0.0,0.3475715089432597,0.14451245859532325,0.0
0.33642713537577035,0.1604006046721579,0.0,0.32750525902705185,0.14341119694310395,0.0
0.871485667733488,0.1579491328702124,0.0,0.8798429558080401,0.13900462156676358,0.0
0.871485667733488,0.1579491328702124,0.0,0.8893273981497782,0.15518968828203306,0.0
0.871485667733488,0.1579491328702124,0.0,0.8813610448242254,0.17292613332521853,0.0
0.4489312264058452,0.07797049749459393,0.0,0.4388492302958595,0.05993876919053209,0.0
0.4489312264058452,0.07797049749459393,0.0,0.45926116907639863,0.060716900612359875,0.0
0.4489312264058452,0.07797049749459393,0.0,0.4388703183847639,0.09517410789168404,0.0
0.4489312264058452,0.07797049749459393,0.0,0.45886725200527195,0.09552142304723218,0.0
0.4489312264058452,0.07797049749459393,0.0,0.46917750524508905,0.07838547122674239,0.0
0.4388492302958595,0.05993876919053209,0.0,0.45926116907639863,0.060716900612359875,0.0
0.4388492302958595,0.05993876919053209,0.0,0.4494524525501547,0.04295449494228886,0.0
0.4388492302958595,0.05993876919053209,0.0,0.42929222483237256,0.041843675405293185,0.0
0.45926116907639863,0.060716900612359875,0.0,0.4494524525501547,0.04295449494228886,0.0
0.45926116907639863,0.060716900612359875,0.0,0.46967301753845364,0.043787823480260626,0.0
0.45926116907639863,0.060716900612359875,0.0,0.46917750524508905,0.07838547122674239,0.0
0.45926116907639863,0.060716900612359875,0.0,0.4794835816606945,0.06126436573830869,0.0
0.3610609344817518,0.015656667738215425,0.0,0.34243576174595797,0.012143603118982937,0.0
0.3610609344817518,0.015656667738215425,0.0,0.37276653392831155,-0.000299402404373251,0.0
0.3610609344817518,0.015656667738215425,0.0,0.35323743195950325,-0.0027195731917010997,0.0
0.8798429558080401,0.13900462156676358,0.0,0.8893273981497782,0.15518968828203306,0.0
0.8798429558080401,0.13900462156676358,0.0,0.8983299300661068,0.13819543436328735,0.0
0.8798429558080401,0.13900462156676358,0.0,0.8891140740710965,0.12088065764476957,0.0
0.3054078888474837,0.17528362137242293,0.0,0.2957757048783592,0.15777159764647963,0.0
0.3054078888474837,0.17528362137242293,0.0,0.3164579729257981,0.1590312586386777,0.0
0.3054078888474837,0.17528362137242293,0.0,0.3250820084592658,0.17682984069637064,0.0
0.3054078888474837,0.17528362137242293,0.0,0.28498411530013323,0.17371361069924848,0.0
0.3054078888474837,0.17528362137242293,0.0,0.2942574624549822,0.1915070910332105,0.0
0.3054078888474837,0.17528362137242293,0.0,0.313881240220007,0.1930527249326497,0.0
0.2957757048783592,0.15777159764647963,0.0,0.3164579729257981,0.1590312586386777,0.0
0.2957757048783592,0.15777159764647963,0.0,0.28498411530013323,0.17371361069924848,0.0
0.2957757048783592,0.15777159764647963,0.0,0.2751969494191683,0.15588952340659873,0.0
0.2957757048783592,0.15777159764647963,0.0,0.3068359147022998,0.1426612442520844,0.0
0.2957757048783592,0.15777159764647963,0.0,0.28586993547128425,0.14200451635736638,0.0
0.3164579729257981,0.1590312586386777,0.0,0.3250820084592658,0.17682984069637064,0.0
0.3164579729257981,0.1590312586386777,0.0,0.3068359147022998,0.1426612442520844,0.0
0.3164579729257981,0.1590312586386777,0.0,0.32750525902705185,0.14341119694310395,0.0
0.746748861958137,0.1550054300409,0.0,0.7376551090006481,0.13617201835808446,0.0
0.746748861958137,0.1550054300409,0.0,0.7556069643206276,0.17279464880466053,0.0
0.746748861958137,0.1550054300409,0.0,0.7662570014387118,0.1559037238206281,0.0
0.8893273981497782,0.15518968828203306,0.0,0.8813610448242254,0.17292613332521853,0.0
0.8893273981497782,0.15518968828203306,0.0,0.8983299300661068,0.13819543436328735,0.0
0.8893273981497782,0.15518968828203306,0.0,0.9080894244916697,0.15491002049793506,0.0
0.948388784318946,0.12052997006165125,0.0,0.9657891445191493,0.10943670939721557,0.0
0.948388784318946,0.12052997006165125,0.0,0.934099668399173,0.10698368347470531,0.0
0.948388784318946,0.12052997006165125,0.0,0.9379597421904754,0.13914063203373098,0.0
0.948388784318946,0.12052997006165125,0.0,0.9275336506092987,0.12207475784099826,0.0
0.9657891445191493,0.10943670939721557,0.0,0.9826794992010495,0.11999190348006036,0.0
0.9657891445191493,0.10943670939721557,0.0,0.9826795072047056,0.09999003648065662,0.0
0.9657891445191493,0.10943670939721557,0.0,0.9654307134789896,0.08989675285209262,0.0
0.016091889703123943,0.0385975426794098,0.0,0.03229026544121763,0.02664117127755416,0.0
0.016091889703123943,0.0385975426794098,0.0,0.0002667555851949112,0.04998519259314422,0.0
0.016091889703123943,0.0385975426794098,0.0,0.0003001000333443396,0.0299832179900913,0.0
0.016091889703123943,0.0385975426794098,0.0,0.014572732120970142,0.023968858667258612,0.0
0.19639784691909573,0.12486197912008529,0.0,0.20858979826187773,0.10821456711494469,0.0
0.19639784691909573,0.12486197912008529,0.0,0.18859827803792217,0.10757046400553395,0.0
0.44008953453753497,0.025053099678572787,0.0,0.4494524525501547,0.04295449494228886,0.0
0.44008953453753497,0.025053099678572787,0.0,0.42929222483237256,0.041843675405293185,0.0
0.44008953453753497,0.025053099678572787,0.0,0.4601857746408743,0.02610221319868946,0.0
0.44008953453753497,0.025053099678572787,0.0,0.4510159910507457,0.008145809291190383,0.0
0.4494524525501547,0.04295449494228886,0.0,0.42929222483237256,0.041843675405293185,0.0
0.4494524525501547,0.04295449494228886,0.0,0.4601857746408743,0.02610221319868946,0.0
0.4494524525501547,0.04295449494228886,0.0,0.46967301753845364,0.043787823480260626,0.0
0.9348318446656377,0.17142325004256515,0.0,0.9328412684648659,0.18947083089024372,0.0
0.9348318446656377,0.17142325004256515,0.0,0.9272487449075795,0.15589042830067565,0.0
0.3250820084592658,0.17682984069637064,0.0,0.313881240220007,0.1930527249326497,0.0
0.3250820084592658,0.17682984069637064,0.0,0.3334679733597575,0.1950146597444102,0.0
0.7376551090006481,0.13617201835808446,0.0,0.7283274599103763,0.11784788682315941,0.0
0.7376551090006481,0.13617201835808446,0.0,0.7180920251683117,0.13491362577442492,0.0
0.7304023043795098,0.025916809673239487,0.0,0.7366839927955062,0.006869240163612596,0.0
0.7304023043795098,0.025916809673239487,0.0,0.7450619034647384,0.022011575081901845,0.0
0.9486384870127841,0.05957566089193393,0.0,0.9662023494231001,0.0708928256065603,0.0
0.9486384870127841,0.05957566089193393,0.0,0.9379570740297424,0.04149380312183828,0.0
0.9486384870127841,0.05957566089193393,0.0,0.9349847618191125,0.07115454696425824,0.0
0.9662023494231001,0.0708928256065603,0.0,0.9654307134789896,0.08989675285209262,0.0
0.9662023494231001,0.0708928256065603,0.0,0.9832148253180896,0.06091347709140409,0.0
0.9662023494231001,0.0708928256065603,0.0,0.9827806823004309,0.0801272894296359,0.0
0.5202560363212918,0.02658011365771047,0.0,0.5000514837214397,0.026947391751523594,0.0
0.5202560363212918,0.02658011365771047,0.0,0.5405105558792171,0.02572072841462676,0.0
0.5202560363212918,0.02658011365771047,0.0,0.5100054982808148,0.009902332794378866,0.0
0.5202560363212918,0.02658011365771047,0.0,0.5296737406605075,0.009294045805594415,0.0
0.815337401163622,0.17603742496010286,0.0,0.7953286973002597,0.17454831709383387,0.0
0.815337401163622,0.17603742496010286,0.0,0.8040739682388426,0.1922212148074821,0.0
0.815337401163622,0.17603742496010286,0.0,0.8236791101517987,0.1939886763111289,0.0
0.9379570740297424,0.04149380312183828,0.0,0.9495118205484497,0.025163988459738863,0.0
0.9379570740297424,0.04149380312183828,0.0,0.9179679697339547,0.03908372629353129,0.0
0.9379570740297424,0.04149380312183828,0.0,0.9295443737355725,0.023450544076808737,0.0
0.28498411530013323,0.17371361069924848,0.0,0.26508690487194675,0.17314890631896687,0.0
0.28498411530013323,0.17371361069924848,0.0,0.2751969494191683,0.15588952340659873,0.0
0.28498411530013323,0.17371361069924848,0.0,0.2746002114883518,0.1904740302508034,0.0
0.28498411530013323,0.17371361069924848,0.0,0.2942574624549822,0.1915070910332105,0.0
0.22484047704403007,0.17346951980815392,0.0,0.2351357269311069,0.15593293191067623,0.0
0.22484047704403007,0.17346951980815392,0.0,0.24494735003472518,0.17304711938332099,0.0
0.22484047704403007,0.17346951980815392,0.0,0.2352375608496372,0.1901715774166525,0.0
0.22484047704403007,0.17346951980815392,0.0,0.2155675444190997,0.1909215933815534,0.0
0.4601857746408743,0.02610221319868946,0.0,0.48002557856604444,0.02669909321615282,0.0
0.4601857746408743,0.02610221319868946,0.0,0.46967301753845364,0.043787823480260626,0.0
0.4601857746408743,0.02610221319868946,0.0,0.4706593597485839,0.009309213813548614,0.0
0.4601857746408743,0.02610221319868946,0.0,0.4510159910507457,0.008145809291190383,0.0
0.5918092064179227,0.039724678969648146,0.0,0.5802381799185156,0.02273150873217408,0.0
0.5918092064179227,0.039724678969648146,0.0,0.5717047996802606,0.0408640924159498,0.0
0.5918092064179227,0.039724678969648146,0.0,0.6028821540516516,0.05603894082843889,0.0
0.053394668600453624,0.023234943278793933,0.0,0.03229026544121763,0.02664117127755416,0.0
0.053394668600453624,0.023234943278793933,0.0,0.047970902959995086,0.03955676077064839,0.0
0.053394668600453624,0.023234943278793933,0.0,0.03966555157064703,0.008764498235747827,0.0
0.053394668600453624,0.023234943278793933,0.0,0.05929120476107671,0.007331619045973399,0.0
0.03229026544121763,0.02664117127755416,0.0,0.047970902959995086,0.03955676077064839,0.0
0.03229026544121763,0.02664117127755416,0.0,0.020008539612704223,0.009666834865536147,0.0
0.03229026544121763,0.02664117127755416,0.0,0.03966555157064703,0.008764498235747827,0.0
0.03229026544121763,0.02664117127755416,0.0,0.014572732120970142,0.023968858667258612,0.0
0.047970902959995086,0.03955676077064839,0.0,0.059632234919860076,0.05430165644294701,0.0
0.888158133746433,0.05272527853973204,0.0,0.8787578618204133,0.035005809172280904,0.0
0.888158133746433,0.05272527853973204,0.0,0.8980876657177296,0.03683539381127977,0.0
0.012444546523474233,0.13998466982102795,0.0,0.0001333777925972035,0.12999279406292288,0.0
0.012444546523474233,0.13998466982102795,0.0,0.0001000333444479161,0.14999463395488744,0.0
0.7556069643206276,0.17279464880466053,0.0,0.7450787942757616,0.1900191158835712,0.0
0.7556069643206276,0.17279464880466053,0.0,0.7647624404709625,0.1901715774472619,0.0
0.7556069643206276,0.17279464880466053,0.0,0.7753583732105283,0.17346967926827758,0.0
0.7556069643206276,0.17279464880466053,0.0,0.7662570014387118,0.1559037238206281,0.0
0.3677550520794424,0.14568559163987252,0.0,0.3583166110422087,0.12818990492083412,0.0
0.3677550520794424,0.14568559163987252,0.0,0.3782405320047502,0.12867653961657,0.0
0.3677550520794424,0.14568559163987252,0.0,0.3879244099861701,0.1461786546519163,0.0
0.3677550520794424,0.14568559163987252,0.0,0.3475715089432597,0.14451245859532325,0.0
0.934099668399173,0.10698368347470531,0.0,0.9180059693323694,0.10460063160555749,0.0
0.934099668399173,0.10698368347470531,0.0,0.9275336506092987,0.12207475784099826,0.0
0.26508690487194675,0.17314890631896687,0.0,0.2751969494191683,0.15588952340659873,0.0
0.26508690487194675,0.17314890631896687,0.0,0.24494735003472518,0.17304711938332099,0.0
0.26508690487194675,0.17314890631896687,0.0,0.2746002114883518,0.1904740302508034,0.0
0.26508690487194675,0.17314890631896687,0.0,0.2551840842214138,0.1558030534517682,0.0
0.26508690487194675,0.17314890631896687,0.0,0.2549212071454445,0.1900191158946087,0.0
0.2751969494191683,0.15588952340659873,0.0,0.28586993547128425,0.14200451635736638,0.0
0.2751969494191683,0.15588952340659873,0.0,0.2551840842214138,0.1558030534517682,0.0
0.2751969494191683,0.15588952340659873,0.0,0.2654237189706014,0.14182236649853008,0.0
0.2976838187544793,0.1262172247934942,0.0,0.3068359147022998,0.1426612442520844,0.0
0.2976838187544793,0.1262172247934942,0.0,0.28586993547128425,0.14200451635736638,0.0
0.2976838187544793,0.1262172247934942,0.0,0.31825627622993885,0.12727049084530556,0.0
0.2976838187544793,0.1262172247934942,0.0,0.3085727176830249,0.11006496720477371,0.0
0.2976838187544793,0.1262172247934942,0.0,0.28857614909382706,0.10969417734515251,0.0
0.2976838187544793,0.1262172247934942,0.0,0.27737627738849724,0.12616088380624133,0.0
0.3068359147022998,0.1426612442520844,0.0,0.28586993547128425,0.14200451635736638,0.0
0.3068359147022998,0.1426612442520844,0.0,0.31825627622993885,0.12727049084530556,0.0
0.3068359147022998,0.1426612442520844,0.0,0.32750525902705185,0.14341119694310395,0.0
0.28586993547128425,0.14200451635736638,0.0,0.27737627738849724,0.12616088380624133,0.0
0.28586993547128425,0.14200451635736638,0.0,0.2654237189706014,0.14182236649853008,0.0
0.9495118205484497,0.025163988459738863,0.0,0.9606672972715254,0.008784417503177423,0.0
0.9495118205484497,0.025163988459738863,0.0,0.94104104105071,0.0073598634820172095,0.0
0.9495118205484497,0.025163988459738863,0.0,0.9295443737355725,0.023450544076808737,0.0
0.2351357269311069,0.15593293191067623,0.0,0.24494735003472518,0.17304711938332099,0.0
0.2351357269311069,0.15593293191067623,0.0,0.2551840842214138,0.1558030534517682,0.0
0.2351357269311069,0.15593293191067623,0.0,0.2453322665521391,0.14173857157988765,0.0
0.48002557856604444,0.02669909321615282,0.0,0.46967301753845364,0.043787823480260626,0.0
0.48002557856604444,0.02669909321615282,0.0,0.5000514837214397,0.026947391751523594,0.0
0.48002557856604444,0.02669909321615282,0.0,0.4706593597485839,0.009309213813548614,0.0
0.48002557856604444,0.02669909321615282,0.0,0.4897982066644362,0.04414092276270986,0.0
0.48002557856604444,0.02669909321615282,0.0,0.49032790722853414,0.009907499710985524,0.0
0.46967301753845364,0.043787823480260626,0.0,0.4897982066644362,0.04414092276270986,0.0
0.46967301753845364,0.043787823480260626,0.0,0.4794835816606945,0.06126436573830869,0.0
0.22772419159523266,0.007338938480479634,0.0,0.2201482737038126,0.024016260440915968,0.0
0.22772419159523266,0.007338938480479634,0.0,0.239462584790726,0.0239129642958083,0.0
0.22772419159523266,0.007338938480479634,0.0,0.24698741573653898,0.006545377705417117,0.0
0.22772419159523266,0.007338938480479634,0.0,0.21582856837277692,-0.009110848093107742,0.0
0.22772419159523266,0.007338938480479634,0.0,0.20774408950634415,0.008020907967409036,0.0
0.22772419159523266,0.007338938480479634,0.0,0.23549241956728434,-0.009853009964494897,0.0
0.2201482737038126,0.024016260440915968,0.0,0.239462584790726,0.0239129642958083,0.0
0.2201482737038126,0.024016260440915968,0.0,0.22986727963502157,0.0393078233617056,0.0
0.2201482737038126,0.024016260440915968,0.0,0.20986472910757276,0.0392582011754104,0.0
0.2201482737038126,0.024016260440915968,0.0,0.20774408950634415,0.008020907967409036,0.0
0.2201482737038126,0.024016260440915968,0.0,0.19992601136310365,0.024392917704643795,0.0
0.239462584790726,0.0239129642958083,0.0,0.24698741573653898,0.006545377705417117,0.0
0.239462584790726,0.0239129642958083,0.0,0.22986727963502157,0.0393078233617056,0.0
0.239462584790726,0.0239129642958083,0.0,0.2498570036435175,0.04005119845631984,0.0
0.31819757633967244,0.024723059358806334,0.0,0.3242185724099557,0.009164105098032671,0.0
0.31819757633967244,0.024723059358806334,0.0,0.3342508419871303,0.025591699505897694,0.0
0.31819757633967244,0.024723059358806334,0.0,0.30980143557048406,0.04133618974637766,0.0
0.7953286973002597,0.17454831709383387,0.0,0.7753583732105283,0.17346967926827758,0.0
0.7953286973002597,0.17454831709383387,0.0,0.7861100144470704,0.15671485108670946,0.0
0.7953286973002597,0.17454831709383387,0.0,0.8040739682388426,0.1922212148074821,0.0
0.7953286973002597,0.17454831709383387,0.0,0.7844324567857922,0.1909215934450424,0.0
0.17314143974029192,0.16009757968309082,0.0,0.16469460053974008,0.17810247714434202,0.0
0.17314143974029192,0.16009757968309082,0.0,0.15290669150497763,0.1620911686614708,0.0
0.17314143974029192,0.16009757968309082,0.0,0.1846177371973301,0.1761160604795753,0.0
0.16469460053974008,0.17810247714434202,0.0,0.15290669150497763,0.1620911686614708,0.0
0.16469460053974008,0.17810247714434202,0.0,0.1846177371973301,0.1761160604795753,0.0
0.16469460053974008,0.17810247714434202,0.0,0.14496579296103668,0.18029020756432887,0.0
0.16469460053974008,0.17810247714434202,0.0,0.1763208908223542,0.1939886762133007,0.0
0.16469460053974008,0.17810247714434202,0.0,0.1567512396874989,0.1961150489967212,0.0
0.15290669150497763,0.1620911686614708,0.0,0.13298570639876742,0.1643388227089381,0.0
0.15290669150497763,0.1620911686614708,0.0,0.14496579296103668,0.18029020756432887,0.0
0.24494735003472518,0.17304711938332099,0.0,0.2551840842214138,0.1558030534517682,0.0
0.24494735003472518,0.17304711938332099,0.0,0.2549212071454445,0.1900191158946087,0.0
0.24494735003472518,0.17304711938332099,0.0,0.2352375608496372,0.1901715774166525,0.0
0.5000514837214397,0.026947391751523594,0.0,0.4897982066644362,0.04414092276270986,0.0
0.5000514837214397,0.026947391751523594,0.0,0.49032790722853414,0.009907499710985524,0.0
0.5000514837214397,0.026947391751523594,0.0,0.5100054982808148,0.009902332794378866,0.0
0.03206881189986556,0.07020461622109966,0.0,0.0496863548716623,0.07058217225714036,0.0
0.8627921253644149,0.1984719234020252,0.0,0.8823244412923026,0.2009191174150899,0.0
0.8627921253644149,0.1984719234020252,0.0,0.8432487611881002,0.1961150490981094,0.0
0.8627921253644149,0.1984719234020252,0.0,0.8772077781112549,0.187081351875708,0.0
0.7450787942757616,0.1900191158835712,0.0,0.7647624404709625,0.1901715774472619,0.0
0.5802381799185156,0.02273150873217408,0.0,0.5717047996802606,0.0408640924159498,0.0
0.5802381799185156,0.02273150873217408,0.0,0.5884953807841977,0.004409336697586884,0.0
0.5802381799185156,0.02273150873217408,0.0,0.5604280561145621,0.024351757313291585,0.0
0.5802381799185156,0.02273150873217408,0.0,0.5689242147868887,0.006459062058319651,0.0
0.2746002114883518,0.1904740302508034,0.0,0.2942574624549822,0.1915070910332105,0.0
0.2746002114883518,0.1904740302508034,0.0,0.2549212071454445,0.1900191158946087,0.0
0.5405105558792171,0.02572072841462676,0.0,0.5604280561145621,0.024351757313291585,0.0
0.5405105558792171,0.02572072841462676,0.0,0.5296737406605075,0.009294045805594415,0.0
0.5405105558792171,0.02572072841462676,0.0,0.5493165751851283,0.008121607091079052,0.0
0.4706593597485839,0.009309213813548614,0.0,0.4510159910507457,0.008145809291190383,0.0
0.4706593597485839,0.009309213813548614,0.0,0.49032790722853414,0.009907499710985524,0.0
0.9606672972715254,0.008784417503177423,0.0,0.94104104105071,0.0073598634820172095,0.0
0.9606672972715254,0.008784417503177423,0.0,0.9803247446215588,0.009677169808508095,0.0
0.8787578618204133,0.035005809172280904,0.0,0.8710173823006945,0.01667746859058222,0.0
0.8787578618204133,0.035005809172280904,0.0,0.8595107475557255,0.033737438210751564,0.0
0.8787578618204133,0.035005809172280904,0.0,0.890213590160307,0.0190854738239552,0.0
0.8787578618204133,0.035005809172280904,0.0,0.8980876657177296,0.03683539381127977,0.0
0.8710173823006945,0.01667746859058222,0.0,0.8595107475557255,0.033737438210751564,0.0
0.8710173823006945,0.01667746859058222,0.0,0.890213590160307,0.0190854738239552,0.0
0.8710173823006945,0.01667746859058222,0.0,0.8823637471696649,0.000905261999644648,0.0
0.8595107475557255,0.033737438210751564,0.0,0.849350442440638,0.05064746735693481,0.0
0.34243576174595797,0.012143603118982937,0.0,0.3242185724099557,0.009164105098032671,0.0
0.34243576174595797,0.012143603118982937,0.0,0.3342508419871303,0.025591699505897694,0.0
0.34243576174595797,0.012143603118982937,0.0,0.33368927067024184,-0.00497997549229779,0.0
0.34243576174595797,0.012143603118982937,0.0,0.35323743195950325,-0.0027195731917010997,0.0
0.3242185724099557,0.009164105098032671,0.0,0.3342508419871303,0.025591699505897694,0.0
0.3242185724099557,0.009164105098032671,0.0,0.33368927067024184,-0.00497997549229779,0.0
0.3242185724099557,0.009164105098032671,0.0,0.31410939501067925,-0.006945375381866738,0.0
0.24698741573653898,0.006545377705417117,0.0,0.23549241956728434,-0.009853009964494897,0.0
0.24698741573653898,0.006545377705417117,0.0,0.25516967018442066,-0.009997635250939817,0.0
0.02202296116093754,0.18770969533612494,0.0,3.334444814934153e-05,0.18999824158666795,0.0
0.02202296116093754,0.18770969533612494,0.0,0.014343825908364383,0.17476309521103725,0.0
0.02202296116093754,0.18770969533612494,0.0,0.01968189381931244,0.2096956954280177,0.0
0.02202296116093754,0.18770969533612494,0.0,0.011954366789550789,0.19775504854216497,0.0
0.1846177371973301,0.1761160604795753,0.0,0.1959260328513177,0.1922212147213933,0.0
0.1846177371973301,0.1761160604795753,0.0,0.1763208908223542,0.1939886762133007,0.0
0.7366839927955062,0.006869240163612596,0.0,0.7450619034647384,0.022011575081901845,0.0
0.7366839927955062,0.006869240163612596,0.0,0.7451637669692737,-0.010000267770768454,0.0
0.5717047996802606,0.0408640924159498,0.0,0.5604280561145621,0.024351757313291585,0.0
0.5884953807841977,0.004409336697586884,0.0,0.6080373978831746,0.002096705651467261,0.0
0.5884953807841977,0.004409336697586884,0.0,0.5689242147868887,0.006459062058319651,0.0
0.7647624404709625,0.1901715774472619,0.0,0.7753583732105283,0.17346967926827758,0.0
0.7647624404709625,0.1901715774472619,0.0,0.7844324567857922,0.1909215934450424,0.0
0.2551840842214138,0.1558030534517682,0.0,0.2453322665521391,0.14173857157988765,0.0
0.2551840842214138,0.1558030534517682,0.0,0.2654237189706014,0.14182236649853008,0.0
0.7753583732105283,0.17346967926827758,0.0,0.7861100144470704,0.15671485108670946,0.0
0.7753583732105283,0.17346967926827758,0.0,0.7662570014387118,0.1559037238206281,0.0
0.7753583732105283,0.17346967926827758,0.0,0.7844324567857922,0.1909215934450424,0.0
0.7861100144470704,0.15671485108670946,0.0,0.7662570014387118,0.1559037238206281,0.0
0.8040739682388426,0.1922212148074821,0.0,0.8236791101517987,0.1939886763111289,0.0
0.8040739682388426,0.1922212148074821,0.0,0.7844324567857922,0.1909215934450424,0.0
0.4897982066644362,0.04414092276270986,0.0,0.49954755480245244,0.0615698138312621,0.0
0.4897982066644362,0.04414092276270986,0.0,0.4794835816606945,0.06126436573830869,0.0
0.9328412684648659,0.18947083089024372,0.0,0.921425379683128,0.2055086350647987,0.0
0.9328412684648659,0.18947083089024372,0.0,0.9410212191544387,0.2073769316668632,0.0
0.9328412684648659,0.18947083089024372,0.0,0.9509069538235797,0.195406378018483,0.0
0.2942574624549822,0.1915070910332105,0.0,0.313881240220007,0.1930527249326497,0.0
0.94104104105071,0.0073598634820172095,0.0,0.9295443737355725,0.023450544076808737,0.0
0.94104104105071,0.0073598634820172095,0.0,0.9214517256797854,0.005492636767935716,0.0
0.890213590160307,0.0190854738239552,0.0,0.8980876657177296,0.03683539381127977,0.0
0.890213590160307,0.0190854738239552,0.0,0.9097725840953694,0.02133199302565981,0.0
0.890213590160307,0.0190854738239552,0.0,0.8823637471696649,0.000905261999644648,0.0
0.890213590160307,0.0190854738239552,0.0,0.901896284116001,0.0032971325360854286,0.0
0.8980876657177296,0.03683539381127977,0.0,0.9179679697339547,0.03908372629353129,0.0
0.8980876657177296,0.03683539381127977,0.0,0.9097725840953694,0.02133199302565981,0.0
0.5604280561145621,0.024351757313291585,0.0,0.5689242147868887,0.006459062058319651,0.0
0.5604280561145621,0.024351757313291585,0.0,0.5493165751851283,0.008121607091079052,0.0
0.313881240220007,0.1930527249326497,0.0,0.3334679733597575,0.1950146597444102,0.0
0.5689242147868887,0.006459062058319651,0.0,0.5493165751851283,0.008121607091079052,0.0
0.8236791101517987,0.1939886763111289,0.0,0.8432487611881002,0.1961150490981094,0.0
0.3334679733597575,0.1950146597444102,0.0,0.3530228816138251,0.1972732469543295,0.0
0.8813610448242254,0.17292613332521853,0.0,0.8772077781112549,0.187081351875708,0.0
0.13298570639876742,0.1643388227089381,0.0,0.11376095503854446,0.16727631651282163,0.0
0.13298570639876742,0.1643388227089381,0.0,0.125408919191846,0.1827806024041342,0.0
0.13298570639876742,0.1643388227089381,0.0,0.12108694429868386,0.14971100338744844,0.0
0.13298570639876742,0.1643388227089381,0.0,0.14496579296103668,0.18029020756432887,0.0
0.11376095503854446,0.16727631651282163,0.0,0.125408919191846,0.1827806024041342,0.0
0.11376095503854446,0.16727631651282163,0.0,0.12108694429868386,0.14971100338744844,0.0
0.11376095503854446,0.16727631651282163,0.0,0.10578076419941111,0.18550830245843153,0.0
0.125408919191846,0.1827806024041342,0.0,0.14496579296103668,0.18029020756432887,0.0
0.125408919191846,0.1827806024041342,0.0,0.10578076419941111,0.18550830245843153,0.0
0.125408919191846,0.1827806024041342,0.0,0.1176755593694548,0.2009191173322832,0.0
0.125408919191846,0.1827806024041342,0.0,0.1372078753933555,0.1984719233079192,0.0
0.49954755480245244,0.0615698138312621,0.0,0.5091789507088279,0.0791221904695253,0.0
0.49954755480245244,0.0615698138312621,0.0,0.4891987022691595,0.07874972213793298,0.0
0.49954755480245244,0.0615698138312621,0.0,0.4794835816606945,0.06126436573830869,0.0
0.5091789507088279,0.0791221904695253,0.0,0.4988951074298147,0.09623811590082913,0.0
0.5091789507088279,0.0791221904695253,0.0,0.4891987022691595,0.07874972213793298,0.0
0.5091789507088279,0.0791221904695253,0.0,0.5189867568220834,0.09655320401661067,0.0
0.48855344356965485,0.11338448903020301,0.0,0.4988951074298147,0.09623811590082913,0.0
0.48855344356965485,0.11338448903020301,0.0,0.47887299959504076,0.09588342922833162,0.0
0.48855344356965485,0.11338448903020301,0.0,0.5085891249752275,0.11373229371790797,0.0
0.48855344356965485,0.11338448903020301,0.0,0.4982346734394297,0.13088661016710823,0.0
0.48855344356965485,0.11338448903020301,0.0,0.4782265259104165,0.1305232753190293,0.0
0.48855344356965485,0.11338448903020301,0.0,0.46854598838780515,0.1130213730376889,0.0
0.4988951074298147,0.09623811590082913,0.0,0.47887299959504076,0.09588342922833162,0.0
0.4988951074298147,0.09623811590082913,0.0,0.4891987022691595,0.07874972213793298,0.0
0.4988951074298147,0.09623811590082913,0.0,0.5189867568220834,0.09655320401661067,0.0
0.4988951074298147,0.09623811590082913,0.0,0.5085891249752275,0.11373229371790797,0.0
0.47887299959504076,0.09588342922833162,0.0,0.4891987022691595,0.07874972213793298,0.0
0.47887299959504076,0.09588342922833162,0.0,0.45886725200527195,0.09552142304723218,0.0
0.47887299959504076,0.09588342922833162,0.0,0.46854598838780515,0.1130213730376889,0.0
0.47887299959504076,0.09588342922833162,0.0,0.46917750524508905,0.07838547122674239,0.0
0.4891987022691595,0.07874972213793298,0.0,0.46917750524508905,0.07838547122674239,0.0
0.4891987022691595,0.07874972213793298,0.0,0.4794835816606945,0.06126436573830869,0.0
0.6028821540516516,0.05603894082843889,0.0,0.6226821984629259,0.05450581992740459,0.0
0.6028821540516516,0.05603894082843889,0.0,0.6148086857408458,0.07195697673304136,0.0
0.0002334111370453746,0.06998713372984637,0.0,0.0002667555851949112,0.04998519259314422,0.0
0.0002334111370453746,0.06998713372984637,0.0,0.0002000666888959734,0.08998904550174056,0.0
0.0001667222407464953,0.10999093269716756,0.0,0.0002000666888959734,0.08998904550174056,0.0
0.0001667222407464953,0.10999093269716756,0.0,0.0001333777925972035,0.12999279406292288,0.0
0.5189867568220834,0.09655320401661067,0.0,0.5287087436616056,0.11403386759191134,0.0
0.5189867568220834,0.09655320401661067,0.0,0.5085891249752275,0.11373229371790797,0.0
0.0002667555851949112,0.04998519259314422,0.0,0.0003001000333443396,0.0299832179900913,0.0
0.0003001000333443396,0.0299832179900913,0.0,0.0003334442235606334,0.009981185537172222,0.0
0.0003001000333443396,0.0299832179900913,0.0,0.014572732120970142,0.023968858667258612,0.0
0.0001333777925972035,0.12999279406292288,0.0,0.0001000333444479161,0.14999463395488744,0.0
6.668889629864687e-05,0.16999645155128457,0.0,0.0001000333444479161,0.14999463395488744,0.0
6.668889629864687e-05,0.16999645155128457,0.0,3.334444814934153e-05,0.18999824158666795,0.0
6.668889629864687e-05,0.16999645155128457,0.0,0.014343825908364383,0.17476309521103725,0.0
0.6226821984629259,0.05450581992740459,0.0,0.6148086857408458,0.07195697673304136,0.0
0.6226821984629259,0.05450581992740459,0.0,0.6425427897163059,0.05240249949590891,0.0
0.6226821984629259,0.05450581992740459,0.0,0.6349859197843032,0.0692439517953786,0.0
0.5287087436616056,0.11403386759191134,0.0,0.5487126380542019,0.11439984260718937,0.0
0.5287087436616056,0.11403386759191134,0.0,0.5085891249752275,0.11373229371790797,0.0
0.5287087436616056,0.11403386759191134,0.0,0.518253963141326,0.13124381351667613,0.0
0.5287087436616056,0.11403386759191134,0.0,0.5382305080009556,0.13162483756829443,0.0
0.6148086857408458,0.07195697673304136,0.0,0.6349859197843032,0.0692439517953786,0.0
0.6148086857408458,0.07195697673304136,0.0,0.6277848122445234,0.08559743066231028,0.0
0.6148086857408458,0.07195697673304136,0.0,0.6084378889964532,0.08516776818805567,0.0
0.5487126380542019,0.11439984260718937,0.0,0.5687235257218212,0.114684161016767,0.0
0.5487126380542019,0.11439984260718937,0.0,0.5582097486436678,0.1320043681970891,0.0
0.5487126380542019,0.11439984260718937,0.0,0.5382305080009556,0.13162483756829443,0.0
0.5085891249752275,0.11373229371790797,0.0,0.518253963141326,0.13124381351667613,0.0
0.5085891249752275,0.11373229371790797,0.0,0.4982346734394297,0.13088661016710823,0.0
0.6425427897163059,0.05240249949590891,0.0,0.6625801668273418,0.050895889668129274,0.0
0.6425427897163059,0.05240249949590891,0.0,0.6349859197843032,0.0692439517953786,0.0
0.518253963141326,0.13124381351667613,0.0,0.4982346734394297,0.13088661016710823,0.0
0.518253963141326,0.13124381351667613,0.0,0.5079067428212731,0.14839399564277966,0.0
0.518253963141326,0.13124381351667613,0.0,0.5279023281625261,0.1487643969877591,0.0
0.518253963141326,0.13124381351667613,0.0,0.5382305080009556,0.13162483756829443,0.0
0.4982346734394297,0.13088661016710823,0.0,0.5079067428212731,0.14839399564277966,0.0
0.4982346734394297,0.13088661016710823,0.0,0.48790537578400184,0.14802685365384247,0.0
0.4982346734394297,0.13088661016710823,0.0,0.4782265259104165,0.1305232753190293,0.0
0.5687235257218212,0.114684161016767,0.0,0.5582097486436678,0.1320043681970891,0.0
0.5687235257218212,0.114684161016767,0.0,0.5886643108759306,0.11502570791077908,0.0
0.5687235257218212,0.114684161016767,0.0,0.5782684169136267,0.13229201582396405,0.0
0.5582097486436678,0.1320043681970891,0.0,0.5782684169136267,0.13229201582396405,0.0
0.5582097486436678,0.1320043681970891,0.0,0.5678878188996572,0.149508470997818,0.0
0.5582097486436678,0.1320043681970891,0.0,0.5382305080009556,0.13162483756829443,0.0
0.5582097486436678,0.1320043681970891,0.0,0.5478967256660549,0.14906781614683934,0.0
0.5079067428212731,0.14839399564277966,0.0,0.48790537578400184,0.14802685365384247,0.0
0.5079067428212731,0.14839399564277966,0.0,0.5279023281625261,0.1487643969877591,0.0
0.5079067428212731,0.14839399564277966,0.0,0.517576131925237,0.16590285640662275,0.0
0.5079067428212731,0.14839399564277966,0.0,0.4975795451825347,0.16553303307132788,0.0
0.48790537578400184,0.14802685365384247,0.0,0.4782265259104165,0.1305232753190293,0.0
0.48790537578400184,0.14802685365384247,0.0,0.46790606678688096,0.1476586094320316,0.0
0.48790537578400184,0.14802685365384247,0.0,0.4775909259266049,0.16474408760491152,0.0
0.48790537578400184,0.14802685365384247,0.0,0.4975795451825347,0.16553303307132788,0.0
0.5886643108759306,0.11502570791077908,0.0,0.5989552036913769,0.09887665833634984,0.0
0.5886643108759306,0.11502570791077908,0.0,0.608563306022284,0.11570279208755978,0.0
0.5886643108759306,0.11502570791077908,0.0,0.5982331414583043,0.13272396995179384,0.0
0.5886643108759306,0.11502570791077908,0.0,0.5782684169136267,0.13229201582396405,0.0
0.5279023281625261,0.1487643969877591,0.0,0.517576131925237,0.16590285640662275,0.0
0.5279023281625261,0.1487643969877591,0.0,0.5375806380160993,0.165862216689662,0.0
0.5279023281625261,0.1487643969877591,0.0,0.5382305080009556,0.13162483756829443,0.0
0.5279023281625261,0.1487643969877591,0.0,0.5478967256660549,0.14906781614683934,0.0
0.517576131925237,0.16590285640662275,0.0,0.5375806380160993,0.165862216689662,0.0
0.517576131925237,0.16590285640662275,0.0,0.4975795451825347,0.16553303307132788,0.0
0.517576131925237,0.16590285640662275,0.0,0.5074984656566304,0.17869320739197003,0.0
0.517576131925237,0.16590285640662275,0.0,0.5274549809122187,0.17906117965709223,0.0
0.4782265259104165,0.1305232753190293,0.0,0.46790606678688096,0.1476586094320316,0.0
0.4782265259104165,0.1305232753190293,0.0,0.4582275648995246,0.1301548559835949,0.0
0.4782265259104165,0.1305232753190293,0.0,0.46854598838780515,0.1130213730376889,0.0
0.5989552036913769,0.09887665833634984,0.0,0.608563306022284,0.11570279208755978,0.0
0.5989552036913769,0.09887665833634984,0.0,0.6188359563093396,0.0994701877599778,0.0
0.5989552036913769,0.09887665833634984,0.0,0.6084378889964532,0.08516776818805567,0.0
0.5375806380160993,0.165862216689662,0.0,0.5478967256660549,0.14906781614683934,0.0
0.5375806380160993,0.165862216689662,0.0,0.5574400351284553,0.16497215996846545,0.0
0.5375806380160993,0.165862216689662,0.0,0.5274549809122187,0.17906117965709223,0.0
0.5375806380160993,0.165862216689662,0.0,0.5473785620923509,0.17865107340988642,0.0
0.608563306022284,0.11570279208755978,0.0,0.6188359563093396,0.0994701877599778,0.0
0.608563306022284,0.11570279208755978,0.0,0.5982331414583043,0.13272396995179384,0.0
0.608563306022284,0.11570279208755978,0.0,0.6285243204151392,0.1161612075967073,0.0
0.608563306022284,0.11570279208755978,0.0,0.6182140502101897,0.13307656608685153,0.0
0.46790606678688096,0.1476586094320316,0.0,0.4775909259266049,0.16474408760491152,0.0
0.46790606678688096,0.1476586094320316,0.0,0.4582275648995246,0.1301548559835949,0.0
0.46790606678688096,0.1476586094320316,0.0,0.4479086319758773,0.14728935879456342,0.0
0.46790606678688096,0.1476586094320316,0.0,0.457599769664674,0.16407450693421688,0.0
1.0,0.16999646917877764,0.0,0.9831730518301396,0.1791424044787553,0.0
1.0,0.16999646917877764,0.0,0.9826794865662827,0.15999556592863537,0.0
1.0,0.16999646917877764,0.0,1.0,0.1499946626785482,0.0
1.0,0.16999646917877764,0.0,1.0,0.18999825425426428,0.0
0.9831730518301396,0.1791424044787553,0.0,0.9826794865662827,0.15999556592863537,0.0
0.9831730518301396,0.1791424044787553,0.0,1.0,0.18999825425426428,0.0
0.9826794865662827,0.15999556592863537,0.0,1.0,0.1499946626785482,0.0
1.0,0.10999097548703138,0.0,1.0,0.12999283147304494,0.0
1.0,0.10999097548703138,0.0,0.9826794992010495,0.11999190348006036,0.0
1.0,0.10999097548703138,0.0,0.9826795072047056,0.09999003648065662,0.0
1.0,0.10999097548703138,0.0,1.0,0.08998909747430424,0.0
1.0,0.12999283147304494,0.0,0.9826794992010495,0.11999190348006036,0.0
1.0,0.12999283147304494,0.0,1.0,0.1499946626785482,0.0
0.9826794992010495,0.11999190348006036,0.0,0.9826795072047056,0.09999003648065662,0.0
0.9826795072047056,0.09999003648065662,0.0,0.9654307134789896,0.08989675285209262,0.0
0.9826795072047056,0.09999003648065662,0.0,1.0,0.08998909747430424,0.0
0.9826795072047056,0.09999003648065662,0.0,0.9827806823004309,0.0801272894296359,0.0
0.6188359563093396,0.0994701877599778,0.0,0.6285243204151392,0.1161612075967073,0.0
0.6188359563093396,0.0994701877599778,0.0,0.6388218181323372,0.09985681350582926,0.0
0.6188359563093396,0.0994701877599778,0.0,0.6277848122445234,0.08559743066231028,0.0
0.6188359563093396,0.0994701877599778,0.0,0.6084378889964532,0.08516776818805567,0.0
0.5982331414583043,0.13272396995179384,0.0,0.5878919433830558,0.14980543136654717,0.0
0.5982331414583043,0.13272396995179384,0.0,0.6182140502101897,0.13307656608685153,0.0
0.5982331414583043,0.13272396995179384,0.0,0.6078959971795419,0.14983073719327175,0.0
0.5982331414583043,0.13272396995179384,0.0,0.5782684169136267,0.13229201582396405,0.0
0.4775909259266049,0.16474408760491152,0.0,0.457599769664674,0.16407450693421688,0.0
0.4775909259266049,0.16474408760491152,0.0,0.4975795451825347,0.16553303307132788,0.0
0.4775909259266049,0.16474408760491152,0.0,0.487343178160335,0.17822380016142167,0.0
0.4775909259266049,0.16474408760491152,0.0,0.4673608635031293,0.17708214659279928,0.0
0.4582275648995246,0.1301548559835949,0.0,0.4479086319758773,0.14728935879456342,0.0
0.4582275648995246,0.1301548559835949,0.0,0.43823044658598537,0.12978544298751032,0.0
0.4582275648995246,0.1301548559835949,0.0,0.4485489638551497,0.11265115271861739,0.0
0.4582275648995246,0.1301548559835949,0.0,0.46854598838780515,0.1130213730376889,0.0
1.0,0.18999825425426428,0.0,1.0,0.21,0.0
0.4479086319758773,0.14728935879456342,0.0,0.43823044658598537,0.12978544298751032,0.0
0.4479086319758773,0.14728935879456342,0.0,0.42791181656729976,0.1469197962111949,0.0
0.4479086319758773,0.14728935879456342,0.0,0.4375998629132494,0.1638797605042437,0.0
0.4479086319758773,0.14728935879456342,0.0,0.457599769664674,0.16407450693421688,0.0
0.6285243204151392,0.1161612075967073,0.0,0.6388218181323372,0.09985681350582926,0.0
0.6285243204151392,0.1161612075967073,0.0,0.6485131901665112,0.11654869205230517,0.0
0.6285243204151392,0.1161612075967073,0.0,0.6381960796895862,0.13348419436373363,0.0
0.6285243204151392,0.1161612075967073,0.0,0.6182140502101897,0.13307656608685153,0.0
0.7794457031386215,0.0668106845169399,0.0,0.7605475575071265,0.06694577923358669,0.0
0.7794457031386215,0.0668106845169399,0.0,0.7898797448772437,0.0495341501933739,0.0
0.7794457031386215,0.0668106845169399,0.0,0.7691253876177011,0.083932543234155,0.0
0.7794457031386215,0.0668106845169399,0.0,0.7994370871717366,0.067203464159591,0.0
0.7794457031386215,0.0668106845169399,0.0,0.7890957805675547,0.08438320976231965,0.0
0.7605475575071265,0.06694577923358669,0.0,0.7491310420856644,0.08358722607497286,0.0
0.7605475575071265,0.06694577923358669,0.0,0.7691253876177011,0.083932543234155,0.0
0.7187952964910951,0.10044468538145726,0.0,0.7388095639442436,0.10073478081651557,0.0
0.7187952964910951,0.10044468538145726,0.0,0.7283274599103763,0.11784788682315941,0.0
0.7187952964910951,0.10044468538145726,0.0,0.7084990015148107,0.11747536726979828,0.0
0.7187952964910951,0.10044468538145726,0.0,0.6988239038321562,0.10008695830154223,0.0
0.7187952964910951,0.10044468538145726,0.0,0.7291096188398644,0.0833084166415363,0.0
0.7187952964910951,0.10044468538145726,0.0,0.7089817733884307,0.08340492658560762,0.0
0.7388095639442436,0.10073478081651557,0.0,0.7283274599103763,0.11784788682315941,0.0
0.7388095639442436,0.10073478081651557,0.0,0.7491310420856644,0.08358722607497286,0.0
0.7388095639442436,0.10073478081651557,0.0,0.7291096188398644,0.0833084166415363,0.0
0.7388095639442436,0.10073478081651557,0.0,0.7587677987601573,0.10104876093797979,0.0
0.7283274599103763,0.11784788682315941,0.0,0.7084990015148107,0.11747536726979828,0.0
0.7283274599103763,0.11784788682315941,0.0,0.7180920251683117,0.13491362577442492,0.0
0.7898797448772437,0.0495341501933739,0.0,0.7994370871717366,0.067203464159591,0.0
0.7898797448772437,0.0495341501933739,0.0,0.8097654027205139,0.05004468196488593,0.0
0.9654307134789896,0.08989675285209262,0.0,0.9827806823004309,0.0801272894296359,0.0
0.7491310420856644,0.08358722607497286,0.0,0.7691253876177011,0.083932543234155,0.0
0.7491310420856644,0.08358722607497286,0.0,0.7291096188398644,0.0833084166415363,0.0
0.7491310420856644,0.08358722607497286,0.0,0.7587677987601573,0.10104876093797979,0.0
0.7691253876177011,0.083932543234155,0.0,0.7890957805675547,0.08438320976231965,0.0
0.7691253876177011,0.083932543234155,0.0,0.7587677987601573,0.10104876093797979,0.0
0.7084990015148107,0.11747536726979828,0.0,0.6988239038321562,0.10008695830154223,0.0
0.7084990015148107,0.11747536726979828,0.0,0.6885054104492674,0.11722409610297051,0.0
0.7084990015148107,0.11747536726979828,0.0,0.6981854037620758,0.13461848674492977,0.0
0.7084990015148107,0.11747536726979828,0.0,0.7180920251683117,0.13491362577442492,0.0
0.8090995042811581,0.08475789883976284,0.0,0.8194415152188104,0.0675744688667397,0.0
0.8090995042811581,0.08475789883976284,0.0,0.7994370871717366,0.067203464159591,0.0
0.8090995042811581,0.08475789883976284,0.0,0.7890957805675547,0.08438320976231965,0.0
0.8090995042811581,0.08475789883976284,0.0,0.8291236342161262,0.08518281547461659,0.0
0.8194415152188104,0.0675744688667397,0.0,0.7994370871717366,0.067203464159591,0.0
0.8194415152188104,0.0675744688667397,0.0,0.8097654027205139,0.05004468196488593,0.0
0.8194415152188104,0.0675744688667397,0.0,0.8297636389373181,0.05041028269006822,0.0
0.8194415152188104,0.0675744688667397,0.0,0.8394316765838464,0.0680070479815702,0.0
0.8194415152188104,0.0675744688667397,0.0,0.8291236342161262,0.08518281547461659,0.0
0.7994370871717366,0.067203464159591,0.0,0.8097654027205139,0.05004468196488593,0.0
0.7994370871717366,0.067203464159591,0.0,0.7890957805675547,0.08438320976231965,0.0
0.8097654027205139,0.05004468196488593,0.0,0.8297636389373181,0.05041028269006822,0.0
0.6388218181323372,0.09985681350582926,0.0,0.6485131901665112,0.11654869205230517,0.0
0.6388218181323372,0.09985681350582926,0.0,0.6588209788464828,0.09992712260948544,0.0
0.6388218181323372,0.09985681350582926,0.0,0.6277848122445234,0.08559743066231028,0.0
0.43823044658598537,0.12978544298751032,0.0,0.42791181656729976,0.1469197962111949,0.0
0.43823044658598537,0.12978544298751032,0.0,0.4485489638551497,0.11265115271861739,0.0
0.43823044658598537,0.12978544298751032,0.0,0.4285522564713505,0.11228152477490706,0.0
0.43823044658598537,0.12978544298751032,0.0,0.41823369926107967,0.12941806876938863,0.0
0.6781890467025458,0.13423652345403353,0.0,0.6678797711934489,0.15086959995750887,0.0
0.6781890467025458,0.13423652345403353,0.0,0.6581935294362833,0.13383316807023915,0.0
0.6781890467025458,0.13423652345403353,0.0,0.6685089192045923,0.11687162622185962,0.0
0.6781890467025458,0.13423652345403353,0.0,0.6885054104492674,0.11722409610297051,0.0
0.6781890467025458,0.13423652345403353,0.0,0.6981854037620758,0.13461848674492977,0.0
0.6678797711934489,0.15086959995750887,0.0,0.6581935294362833,0.13383316807023915,0.0
0.6678797711934489,0.15086959995750887,0.0,0.6478910344670185,0.15007963624710888,0.0
0.6678797711934489,0.15086959995750887,0.0,0.6587574076837884,0.16412878228433103,0.0
0.6581935294362833,0.13383316807023915,0.0,0.6485131901665112,0.11654869205230517,0.0
0.6581935294362833,0.13383316807023915,0.0,0.6685089192045923,0.11687162622185962,0.0
0.6581935294362833,0.13383316807023915,0.0,0.6478910344670185,0.15007963624710888,0.0
0.6581935294362833,0.13383316807023915,0.0,0.6381960796895862,0.13348419436373363,0.0
0.8297636389373181,0.05041028269006822,0.0,0.8394316765838464,0.0680070479815702,0.0
0.8297636389373181,0.05041028269006822,0.0,0.849350442440638,0.05064746735693481,0.0
0.8394316765838464,0.0680070479815702,0.0,0.8291236342161262,0.08518281547461659,0.0
0.8394316765838464,0.0680070479815702,0.0,0.849350442440638,0.05064746735693481,0.0
0.8394316765838464,0.0680070479815702,0.0,0.8491363911927418,0.08573815192940236,0.0
0.908339920868573,0.12127588215212617,0.0,0.8983299300661068,0.13819543436328735,0.0
0.908339920868573,0.12127588215212617,0.0,0.8891140740710965,0.12088065764476957,0.0
0.908339920868573,0.12127588215212617,0.0,0.8987933499399279,0.10378790753696218,0.0
0.908339920868573,0.12127588215212617,0.0,0.9180059693323694,0.10460063160555749,0.0
0.908339920868573,0.12127588215212617,0.0,0.9275336506092987,0.12207475784099826,0.0
0.908339920868573,0.12127588215212617,0.0,0.9179709877387298,0.1387722238849638,0.0
0.8983299300661068,0.13819543436328735,0.0,0.8891140740710965,0.12088065764476957,0.0
0.8983299300661068,0.13819543436328735,0.0,0.9179709877387298,0.1387722238849638,0.0
0.8983299300661068,0.13819543436328735,0.0,0.9080894244916697,0.15491002049793506,0.0
0.8891140740710965,0.12088065764476957,0.0,0.878806013847005,0.10361032400546416,0.0
0.8891140740710965,0.12088065764476957,0.0,0.8987933499399279,0.10378790753696218,0.0
0.8291236342161262,0.08518281547461659,0.0,0.8491363911927418,0.08573815192940236,0.0
0.878806013847005,0.10361032400546416,0.0,0.8987933499399279,0.10378790753696218,0.0
0.878806013847005,0.10361032400546416,0.0,0.8891108454658168,0.08663104102619851,0.0
0.878806013847005,0.10361032400546416,0.0,0.8691235358743963,0.08638624483485643,0.0
0.6988239038321562,0.10008695830154223,0.0,0.6885054104492674,0.11722409610297051,0.0
0.6988239038321562,0.10008695830154223,0.0,0.6788178557510512,0.10023928673264641,0.0
0.6988239038321562,0.10008695830154223,0.0,0.7089817733884307,0.08340492658560762,0.0
0.8987933499399279,0.10378790753696218,0.0,0.8891108454658168,0.08663104102619851,0.0
0.8987933499399279,0.10378790753696218,0.0,0.9090985662643597,0.08725987064769154,0.0
0.8987933499399279,0.10378790753696218,0.0,0.9180059693323694,0.10460063160555749,0.0
0.9379597421904754,0.13914063203373098,0.0,0.9272487449075795,0.15589042830067565,0.0
0.9379597421904754,0.13914063203373098,0.0,0.9275336506092987,0.12207475784099826,0.0
0.9379597421904754,0.13914063203373098,0.0,0.9179709877387298,0.1387722238849638,0.0
0.8491363911927418,0.08573815192940236,0.0,0.8691235358743963,0.08638624483485643,0.0
0.6485131901665112,0.11654869205230517,0.0,0.6685089192045923,0.11687162622185962,0.0
0.6485131901665112,0.11654869205230517,0.0,0.6588209788464828,0.09992712260948544,0.0
0.6485131901665112,0.11654869205230517,0.0,0.6381960796895862,0.13348419436373363,0.0
0.6685089192045923,0.11687162622185962,0.0,0.6885054104492674,0.11722409610297051,0.0
0.6685089192045923,0.11687162622185962,0.0,0.6788178557510512,0.10023928673264641,0.0
0.6685089192045923,0.11687162622185962,0.0,0.6588209788464828,0.09992712260948544,0.0
0.42791181656729976,0.1469197962111949,0.0,0.41823369926107967,0.12941806876938863,0.0
0.42791181656729976,0.1469197962111949,0.0,0.4375998629132494,0.1638797605042437,0.0
0.42791181656729976,0.1469197962111949,0.0,0.4078363530056163,0.14637969275453477,0.0
0.8891108454658168,0.08663104102619851,0.0,0.9090985662643597,0.08725987064769154,0.0
0.8891108454658168,0.08663104102619851,0.0,0.8691235358743963,0.08638624483485643,0.0
0.6885054104492674,0.11722409610297051,0.0,0.6981854037620758,0.13461848674492977,0.0
0.6885054104492674,0.11722409610297051,0.0,0.6788178557510512,0.10023928673264641,0.0
0.338887644364752,0.09331218968005843,0.0,0.31889124053342793,0.09293233118333985,0.0
0.338887644364752,0.09331218968005843,0.0,0.3289925646101459,0.0760822394096194,0.0
0.338887644364752,0.09331218968005843,0.0,0.34856555426831154,0.11082256800294514,0.0
0.338887644364752,0.09331218968005843,0.0,0.3285692301068768,0.11043871653651123,0.0
0.338887644364752,0.09331218968005843,0.0,0.3490044529881932,0.07726253526128184,0.0
0.338887644364752,0.09331218968005843,0.0,0.358883365992384,0.09372874331106332,0.0
0.31889124053342793,0.09293233118333985,0.0,0.3289925646101459,0.0760822394096194,0.0
0.31889124053342793,0.09293233118333985,0.0,0.3285692301068768,0.11043871653651123,0.0
0.31889124053342793,0.09293233118333985,0.0,0.3085727176830249,0.11006496720477371,0.0
0.31889124053342793,0.09293233118333985,0.0,0.2988946897445086,0.0925602538365179,0.0
0.31889124053342793,0.09293233118333985,0.0,0.3092132503977155,0.07542582943652555,0.0
0.3289925646101459,0.0760822394096194,0.0,0.3490044529881932,0.07726253526128184,0.0
0.3289925646101459,0.0760822394096194,0.0,0.3092132503977155,0.07542582943652555,0.0
0.3289925646101459,0.0760822394096194,0.0,0.3193120350611558,0.058440396225431,0.0
0.4485489638551497,0.11265115271861739,0.0,0.4285522564713505,0.11228152477490706,0.0
0.4485489638551497,0.11265115271861739,0.0,0.4388703183847639,0.09517410789168404,0.0
0.4485489638551497,0.11265115271861739,0.0,0.45886725200527195,0.09552142304723218,0.0
0.4485489638551497,0.11265115271861739,0.0,0.46854598838780515,0.1130213730376889,0.0
0.34856555426831154,0.11082256800294514,0.0,0.3285692301068768,0.11043871653651123,0.0
0.34856555426831154,0.11082256800294514,0.0,0.33833364611348543,0.12740521515521028,0.0
0.34856555426831154,0.11082256800294514,0.0,0.3583166110422087,0.12818990492083412,0.0
0.34856555426831154,0.11082256800294514,0.0,0.36856143256505525,0.11123043513710941,0.0
0.34856555426831154,0.11082256800294514,0.0,0.358883365992384,0.09372874331106332,0.0
0.3285692301068768,0.11043871653651123,0.0,0.33833364611348543,0.12740521515521028,0.0
0.3285692301068768,0.11043871653651123,0.0,0.31825627622993885,0.12727049084530556,0.0
0.3285692301068768,0.11043871653651123,0.0,0.3085727176830249,0.11006496720477371,0.0
0.33833364611348543,0.12740521515521028,0.0,0.31825627622993885,0.12727049084530556,0.0
0.33833364611348543,0.12740521515521028,0.0,0.3583166110422087,0.12818990492083412,0.0
0.33833364611348543,0.12740521515521028,0.0,0.3475715089432597,0.14451245859532325,0.0
0.33833364611348543,0.12740521515521028,0.0,0.32750525902705185,0.14341119694310395,0.0
0.9272487449075795,0.15589042830067565,0.0,0.9179709877387298,0.1387722238849638,0.0
0.9272487449075795,0.15589042830067565,0.0,0.9080894244916697,0.15491002049793506,0.0
0.4285522564713505,0.11228152477490706,0.0,0.41823369926107967,0.12941806876938863,0.0
0.4285522564713505,0.11228152477490706,0.0,0.4388703183847639,0.09517410789168404,0.0
0.4285522564713505,0.11228152477490706,0.0,0.4085555721453081,0.1119170861494613,0.0
0.4285522564713505,0.11228152477490706,0.0,0.4188736452588311,0.09480891521372549,0.0
0.41823369926107967,0.12941806876938863,0.0,0.4085555721453081,0.1119170861494613,0.0
0.41823369926107967,0.12941806876938863,0.0,0.3982369633086649,0.12905440001675977,0.0
0.41823369926107967,0.12941806876938863,0.0,0.4078363530056163,0.14637969275453477,0.0
0.3490044529881932,0.07726253526128184,0.0,0.358883365992384,0.09372874331106332,0.0
0.3490044529881932,0.07726253526128184,0.0,0.35941582707050324,0.06493553948868848,0.0
0.31825627622993885,0.12727049084530556,0.0,0.3085727176830249,0.11006496720477371,0.0
0.31825627622993885,0.12727049084530556,0.0,0.32750525902705185,0.14341119694310395,0.0
0.6981854037620758,0.13461848674492977,0.0,0.7180920251683117,0.13491362577442492,0.0
0.9090985662643597,0.08725987064769154,0.0,0.9180059693323694,0.10460063160555749,0.0
0.9180059693323694,0.10460063160555749,0.0,0.9275336506092987,0.12207475784099826,0.0
0.3085727176830249,0.11006496720477371,0.0,0.2988946897445086,0.0925602538365179,0.0
0.3085727176830249,0.11006496720477371,0.0,0.28857614909382706,0.10969417734515251,0.0
0.6788178557510512,0.10023928673264641,0.0,0.6588209788464828,0.09992712260948544,0.0
0.7291096188398644,0.0833084166415363,0.0,0.7089817733884307,0.08340492658560762,0.0
0.26922005105762,0.07468574919684924,0.0,0.28921054749338115,0.07505990674913833,0.0
0.26922005105762,0.07468574919684924,0.0,0.2795272135181492,0.05766939471884704,0.0
0.26922005105762,0.07468574919684924,0.0,0.25890150887824337,0.09182003103804663,0.0
0.26922005105762,0.07468574919684924,0.0,0.24922344361752133,0.07431592880558494,0.0
0.26922005105762,0.07468574919684924,0.0,0.278898103901234,0.09218994411437326,0.0
0.26922005105762,0.07468574919684924,0.0,0.259540835398639,0.057243941097630466,0.0
0.28921054749338115,0.07505990674913833,0.0,0.2795272135181492,0.05766939471884704,0.0
0.28921054749338115,0.07505990674913833,0.0,0.2988946897445086,0.0925602538365179,0.0
0.28921054749338115,0.07505990674913833,0.0,0.3092132503977155,0.07542582943652555,0.0
0.28921054749338115,0.07505990674913833,0.0,0.29949858568403687,0.05794620311631167,0.0
0.28921054749338115,0.07505990674913833,0.0,0.278898103901234,0.09218994411437326,0.0
0.2795272135181492,0.05766939471884704,0.0,0.29949858568403687,0.05794620311631167,0.0
0.2795272135181492,0.05766939471884704,0.0,0.259540835398639,0.057243941097630466,0.0
0.2795272135181492,0.05766939471884704,0.0,0.28983271824832385,0.04103311143671808,0.0
0.2795272135181492,0.05766939471884704,0.0,0.2698532245791106,0.04024238637020612,0.0
0.9275336506092987,0.12207475784099826,0.0,0.9179709877387298,0.1387722238849638,0.0
0.9179709877387298,0.1387722238849638,0.0,0.9080894244916697,0.15491002049793506,0.0
0.2988946897445086,0.0925602538365179,0.0,0.3092132503977155,0.07542582943652555,0.0
0.2988946897445086,0.0925602538365179,0.0,0.28857614909382706,0.10969417734515251,0.0
0.2988946897445086,0.0925602538365179,0.0,0.278898103901234,0.09218994411437326,0.0
0.3092132503977155,0.07542582943652555,0.0,0.29949858568403687,0.05794620311631167,0.0
0.3092132503977155,0.07542582943652555,0.0,0.3193120350611558,0.058440396225431,0.0
0.25890150887824337,0.09182003103804663,0.0,0.24922344361752133,0.07431592880558494,0.0
0.25890150887824337,0.09182003103804663,0.0,0.26857956534365623,0.10932415037610492,0.0
0.25890150887824337,0.09182003103804663,0.0,0.23890491127536612,0.09145018558768218,0.0
0.25890150887824337,0.09182003103804663,0.0,0.278898103901234,0.09218994411437326,0.0
0.25890150887824337,0.09182003103804663,0.0,0.24858297729988144,0.10895428980160161,0.0
0.24922344361752133,0.07431592880558494,0.0,0.23890491127536612,0.09145018558768218,0.0
0.24922344361752133,0.07431592880558494,0.0,0.22922683529290075,0.07394609398231401,0.0
0.24922344361752133,0.07431592880558494,0.0,0.23954536732908407,0.05681186869502999,0.0
0.24922344361752133,0.07431592880558494,0.0,0.259540835398639,0.057243941097630466,0.0
0.28857614909382706,0.10969417734515251,0.0,0.26857956534365623,0.10932415037610492,0.0
0.28857614909382706,0.10969417734515251,0.0,0.27737627738849724,0.12616088380624133,0.0
0.28857614909382706,0.10969417734515251,0.0,0.278898103901234,0.09218994411437326,0.0
0.26857956534365623,0.10932415037610492,0.0,0.27737627738849724,0.12616088380624133,0.0
0.26857956534365623,0.10932415037610492,0.0,0.278898103901234,0.09218994411437326,0.0
0.26857956534365623,0.10932415037610492,0.0,0.24858297729988144,0.10895428980160161,0.0
0.26857956534365623,0.10932415037610492,0.0,0.25707383805721706,0.12562092306499725,0.0
0.27737627738849724,0.12616088380624133,0.0,0.25707383805721706,0.12562092306499725,0.0
0.27737627738849724,0.12616088380624133,0.0,0.2654237189706014,0.14182236649853008,0.0
0.4375998629132494,0.1638797605042437,0.0,0.457599769664674,0.16407450693421688,0.0
0.4375998629132494,0.1638797605042437,0.0,0.4473724683118545,0.17626940882177083,0.0
0.29949858568403687,0.05794620311631167,0.0,0.3193120350611558,0.058440396225431,0.0
0.29949858568403687,0.05794620311631167,0.0,0.30980143557048406,0.04133618974637766,0.0
0.29949858568403687,0.05794620311631167,0.0,0.28983271824832385,0.04103311143671808,0.0
0.1789159637664129,0.09029482594660353,0.0,0.18923376263471184,0.07319870810932085,0.0
0.1789159637664129,0.09029482594660353,0.0,0.16923742701791744,0.07281434289621379,0.0
0.1789159637664129,0.09029482594660353,0.0,0.158919674745927,0.08990838378603501,0.0
0.1789159637664129,0.09029482594660353,0.0,0.16860267432469445,0.10714721655902956,0.0
0.1789159637664129,0.09029482594660353,0.0,0.19891171531778998,0.09071044146986669,0.0
0.1789159637664129,0.09029482594660353,0.0,0.18859827803792217,0.10757046400553395,0.0
0.18923376263471184,0.07319870810932085,0.0,0.16923742701791744,0.07281434289621379,0.0
0.18923376263471184,0.07319870810932085,0.0,0.19955116783469912,0.05612423807499303,0.0
0.18923376263471184,0.07319870810932085,0.0,0.20923009049908356,0.07358364097591667,0.0
0.18923376263471184,0.07319870810932085,0.0,0.17955713155337863,0.055897278051557184,0.0
0.18923376263471184,0.07319870810932085,0.0,0.19891171531778998,0.09071044146986669,0.0
0.16923742701791744,0.07281434289621379,0.0,0.14924067841756747,0.07245254612134312,0.0
0.16923742701791744,0.07281434289621379,0.0,0.158919674745927,0.08990838378603501,0.0
0.16923742701791744,0.07281434289621379,0.0,0.17955713155337863,0.055897278051557184,0.0
0.16923742701791744,0.07281434289621379,0.0,0.1595589636921542,0.055329369618512,0.0
0.1389223257834721,0.0895794384472109,0.0,0.14924067841756747,0.07245254612134312,0.0
0.1389223257834721,0.0895794384472109,0.0,0.1292439600134777,0.07208943867043259,0.0
0.1389223257834721,0.0895794384472109,0.0,0.158919674745927,0.08990838378603501,0.0
0.1389223257834721,0.0895794384472109,0.0,0.14860123174616513,0.10703982761272816,0.0
0.1389223257834721,0.0895794384472109,0.0,0.12860370987901698,0.10672046193408671,0.0
0.1389223257834721,0.0895794384472109,0.0,0.11892545719725092,0.08922474427528619,0.0
0.14924067841756747,0.07245254612134312,0.0,0.1292439600134777,0.07208943867043259,0.0
0.14924067841756747,0.07245254612134312,0.0,0.158919674745927,0.08990838378603501,0.0
0.14924067841756747,0.07245254612134312,0.0,0.139562374634876,0.05495881268689063,0.0
0.14924067841756747,0.07245254612134312,0.0,0.1595589636921542,0.055329369618512,0.0
0.1292439600134777,0.07208943867043259,0.0,0.10924726869278809,0.07172527052685464,0.0
0.1292439600134777,0.07208943867043259,0.0,0.11941023037060222,0.05432347238571005,0.0
0.1292439600134777,0.07208943867043259,0.0,0.139562374634876,0.05495881268689063,0.0
0.1292439600134777,0.07208943867043259,0.0,0.11892545719725092,0.08922474427528619,0.0
0.10924726869278809,0.07172527052685464,0.0,0.11941023037060222,0.05432347238571005,0.0
0.10924726869278809,0.07172527052685464,0.0,0.09893938009946483,0.05472250645885894,0.0
0.10924726869278809,0.07172527052685464,0.0,0.0891460142431246,0.07153068964587338,0.0
0.10924726869278809,0.07172527052685464,0.0,0.0989287954863479,0.0888591596180654,0.0
0.10924726869278809,0.07172527052685464,0.0,0.11892545719725092,0.08922474427528619,0.0
0.11941023037060222,0.05432347238571005,0.0,0.09893938009946483,0.05472250645885894,0.0
0.11941023037060222,0.05432347238571005,0.0,0.139562374634876,0.05495881268689063,0.0
0.09893938009946483,0.05472250645885894,0.0,0.0891460142431246,0.07153068964587338,0.0
0.09893938009946483,0.05472250645885894,0.0,0.07957433682094806,0.054400311086791005,0.0
0.2285863880440088,0.10858444079039446,0.0,0.20858979826187773,0.10821456711494469,0.0
0.2285863880440088,0.10858444079039446,0.0,0.23890491127536612,0.09145018558768218,0.0
0.2285863880440088,0.10858444079039446,0.0,0.21890831304119715,0.0910803280896206,0.0
0.2285863880440088,0.10858444079039446,0.0,0.23732169420230914,0.1255225703853448,0.0
0.2285863880440088,0.10858444079039446,0.0,0.24858297729988144,0.10895428980160161,0.0
0.20858979826187773,0.10821456711494469,0.0,0.21890831304119715,0.0910803280896206,0.0
0.20858979826187773,0.10821456711494469,0.0,0.19891171531778998,0.09071044146986669,0.0
0.20858979826187773,0.10821456711494469,0.0,0.18859827803792217,0.10757046400553395,0.0
0.0891460142431246,0.07153068964587338,0.0,0.0989287954863479,0.0888591596180654,0.0
0.0891460142431246,0.07153068964587338,0.0,0.07893219944308397,0.088490368555767,0.0
0.0891460142431246,0.07153068964587338,0.0,0.06925410551383188,0.0709865315741241,0.0
0.0891460142431246,0.07153068964587338,0.0,0.07957433682094806,0.054400311086791005,0.0
0.2195487482712888,0.05644201886593126,0.0,0.19955116783469912,0.05612423807499303,0.0
0.2195487482712888,0.05644201886593126,0.0,0.20923009049908356,0.07358364097591667,0.0
0.2195487482712888,0.05644201886593126,0.0,0.22922683529290075,0.07394609398231401,0.0
0.2195487482712888,0.05644201886593126,0.0,0.22986727963502157,0.0393078233617056,0.0
0.2195487482712888,0.05644201886593126,0.0,0.20986472910757276,0.0392582011754104,0.0
0.2195487482712888,0.05644201886593126,0.0,0.23954536732908407,0.05681186869502999,0.0
0.19955116783469912,0.05612423807499303,0.0,0.20923009049908356,0.07358364097591667,0.0
0.19955116783469912,0.05612423807499303,0.0,0.17955713155337863,0.055897278051557184,0.0
0.19955116783469912,0.05612423807499303,0.0,0.20986472910757276,0.0392582011754104,0.0
0.19955116783469912,0.05612423807499303,0.0,0.18985990834172192,0.03956682431716264,0.0
0.20923009049908356,0.07358364097591667,0.0,0.21890831304119715,0.0910803280896206,0.0
0.20923009049908356,0.07358364097591667,0.0,0.22922683529290075,0.07394609398231401,0.0
0.20923009049908356,0.07358364097591667,0.0,0.19891171531778998,0.09071044146986669,0.0
0.3583166110422087,0.12818990492083412,0.0,0.36856143256505525,0.11123043513710941,0.0
0.3583166110422087,0.12818990492083412,0.0,0.3782405320047502,0.12867653961657,0.0
0.3583166110422087,0.12818990492083412,0.0,0.3475715089432597,0.14451245859532325,0.0
0.23890491127536612,0.09145018558768218,0.0,0.21890831304119715,0.0910803280896206,0.0
0.23890491127536612,0.09145018558768218,0.0,0.22922683529290075,0.07394609398231401,0.0
0.23890491127536612,0.09145018558768218,0.0,0.24858297729988144,0.10895428980160161,0.0
0.21890831304119715,0.0910803280896206,0.0,0.22922683529290075,0.07394609398231401,0.0
0.21890831304119715,0.0910803280896206,0.0,0.19891171531778998,0.09071044146986669,0.0
0.22922683529290075,0.07394609398231401,0.0,0.23954536732908407,0.05681186869502999,0.0
0.23732169420230914,0.1255225703853448,0.0,0.24858297729988144,0.10895428980160161,0.0
0.23732169420230914,0.1255225703853448,0.0,0.25707383805721706,0.12562092306499725,0.0
0.23732169420230914,0.1255225703853448,0.0,0.2453322665521391,0.14173857157988765,0.0
0.158919674745927,0.08990838378603501,0.0,0.14860123174616513,0.10703982761272816,0.0
0.158919674745927,0.08990838378603501,0.0,0.16860267432469445,0.10714721655902956,0.0
0.14860123174616513,0.10703982761272816,0.0,0.16860267432469445,0.10714721655902956,0.0
0.14860123174616513,0.10703982761272816,0.0,0.12860370987901698,0.10672046193408671,0.0
0.139562374634876,0.05495881268689063,0.0,0.1595589636921542,0.055329369618512,0.0
0.139562374634876,0.05495881268689063,0.0,0.14998431255817912,0.0390862357569677,0.0
0.07829178925472127,0.12312892551298453,0.0,0.09845336595385538,0.12229427634052376,0.0
0.07829178925472127,0.12312892551298453,0.0,0.08861029603226205,0.10599408362242112,0.0
0.07829178925472127,0.12312892551298453,0.0,0.06861370827538524,0.10562476729283284,0.0
0.07829178925472127,0.12312892551298453,0.0,0.0679732820708934,0.1402632474074115,0.0
0.07829178925472127,0.12312892551298453,0.0,0.058295207148577076,0.12275915502366573,0.0
0.09845336595385538,0.12229427634052376,0.0,0.08861029603226205,0.10599408362242112,0.0
0.09845336595385538,0.12229427634052376,0.0,0.10860692333206311,0.10636147765527403,0.0
0.09845336595385538,0.12229427634052376,0.0,0.11829383178010491,0.12338861007297437,0.0
0.09845336595385538,0.12229427634052376,0.0,0.10899158963686609,0.13674869274602977,0.0
0.047976698803523773,0.1398933551582403,0.0,0.05766048495440796,0.15708819137904653,0.0
0.047976698803523773,0.1398933551582403,0.0,0.0679732820708934,0.1402632474074115,0.0
0.047976698803523773,0.1398933551582403,0.0,0.058295207148577076,0.12275915502366573,0.0
0.05766048495440796,0.15708819137904653,0.0,0.0679732820708934,0.1402632474074115,0.0
0.6478910344670185,0.15007963624710888,0.0,0.6278864501973799,0.15013884453241852,0.0
0.6478910344670185,0.15007963624710888,0.0,0.6381960796895862,0.13348419436373363,0.0
0.6478910344670185,0.15007963624710888,0.0,0.6587574076837884,0.16412878228433103,0.0
0.6278864501973799,0.15013884453241852,0.0,0.6381960796895862,0.13348419436373363,0.0
0.6278864501973799,0.15013884453241852,0.0,0.6182140502101897,0.13307656608685153,0.0
0.6278864501973799,0.15013884453241852,0.0,0.6078959971795419,0.14983073719327175,0.0
0.05893562522556737,0.08812073827703966,0.0,0.0496863548716623,0.07058217225714036,0.0
0.05893562522556737,0.08812073827703966,0.0,0.07893219944308397,0.088490368555767,0.0
0.05893562522556737,0.08812073827703966,0.0,0.06861370827538524,0.10562476729283284,0.0
0.05893562522556737,0.08812073827703966,0.0,0.048617132065531164,0.10525506074002504,0.0
0.05893562522556737,0.08812073827703966,0.0,0.06925410551383188,0.0709865315741241,0.0
0.0496863548716623,0.07058217225714036,0.0,0.06925410551383188,0.0709865315741241,0.0
0.0496863548716623,0.07058217225714036,0.0,0.059632234919860076,0.05430165644294701,0.0
0.3988728572107553,0.0946667979258852,0.0,0.38855827214875527,0.11158622357309796,0.0
0.3988728572107553,0.0946667979258852,0.0,0.378875454973705,0.09434153216756097,0.0
0.3988728572107553,0.0946667979258852,0.0,0.4085555721453081,0.1119170861494613,0.0
0.3988728572107553,0.0946667979258852,0.0,0.4188736452588311,0.09480891521372549,0.0
0.38855827214875527,0.11158622357309796,0.0,0.378875454973705,0.09434153216756097,0.0
0.38855827214875527,0.11158622357309796,0.0,0.36856143256505525,0.11123043513710941,0.0
0.38855827214875527,0.11158622357309796,0.0,0.3782405320047502,0.12867653961657,0.0
0.38855827214875527,0.11158622357309796,0.0,0.4085555721453081,0.1119170861494613,0.0
0.38855827214875527,0.11158622357309796,0.0,0.3982369633086649,0.12905440001675977,0.0
0.378875454973705,0.09434153216756097,0.0,0.36856143256505525,0.11123043513710941,0.0
0.378875454973705,0.09434153216756097,0.0,0.358883365992384,0.09372874331106332,0.0
0.36856143256505525,0.11123043513710941,0.0,0.3782405320047502,0.12867653961657,0.0
0.36856143256505525,0.11123043513710941,0.0,0.358883365992384,0.09372874331106332,0.0
0.3782405320047502,0.12867653961657,0.0,0.3982369633086649,0.12905440001675977,0.0
0.3782405320047502,0.12867653961657,0.0,0.3879244099861701,0.1461786546519163,0.0
0.16860267432469445,0.10714721655902956,0.0,0.18859827803792217,0.10757046400553395,0.0
0.0989287954863479,0.0888591596180654,0.0,0.08861029603226205,0.10599408362242112,0.0
0.0989287954863479,0.0888591596180654,0.0,0.07893219944308397,0.088490368555767,0.0
0.0989287954863479,0.0888591596180654,0.0,0.11892545719725092,0.08922474427528619,0.0
0.0989287954863479,0.0888591596180654,0.0,0.10860692333206311,0.10636147765527403,0.0
0.08861029603226205,0.10599408362242112,0.0,0.07893219944308397,0.088490368555767,0.0
0.08861029603226205,0.10599408362242112,0.0,0.06861370827538524,0.10562476729283284,0.0
0.08861029603226205,0.10599408362242112,0.0,0.10860692333206311,0.10636147765527403,0.0
0.07893219944308397,0.088490368555767,0.0,0.06861370827538524,0.10562476729283284,0.0
0.07893219944308397,0.088490368555767,0.0,0.06925410551383188,0.0709865315741241,0.0
0.06861370827538524,0.10562476729283284,0.0,0.048617132065531164,0.10525506074002504,0.0
0.06861370827538524,0.10562476729283284,0.0,0.058295207148577076,0.12275915502366573,0.0
0.17955713155337863,0.055897278051557184,0.0,0.1595589636921542,0.055329369618512,0.0
0.17955713155337863,0.055897278051557184,0.0,0.16988744743537348,0.03934895148320984,0.0
0.17955713155337863,0.055897278051557184,0.0,0.18985990834172192,0.03956682431716264,0.0
0.048617132065531164,0.10525506074002504,0.0,0.058295207148577076,0.12275915502366573,0.0
0.22986727963502157,0.0393078233617056,0.0,0.20986472910757276,0.0392582011754104,0.0
0.22986727963502157,0.0393078233617056,0.0,0.23954536732908407,0.05681186869502999,0.0
0.22986727963502157,0.0393078233617056,0.0,0.2498570036435175,0.04005119845631984,0.0
0.20986472910757276,0.0392582011754104,0.0,0.18985990834172192,0.03956682431716264,0.0
0.20986472910757276,0.0392582011754104,0.0,0.19992601136310365,0.024392917704643795,0.0
0.23954536732908407,0.05681186869502999,0.0,0.259540835398639,0.057243941097630466,0.0
0.23954536732908407,0.05681186869502999,0.0,0.2498570036435175,0.04005119845631984,0.0
0.3193120350611558,0.058440396225431,0.0,0.30980143557048406,0.04133618974637766,0.0
0.30980143557048406,0.04133618974637766,0.0,0.28983271824832385,0.04103311143671808,0.0
0.4388703183847639,0.09517410789168404,0.0,0.45886725200527195,0.09552142304723218,0.0
0.4388703183847639,0.09517410789168404,0.0,0.4188736452588311,0.09480891521372549,0.0
0.45886725200527195,0.09552142304723218,0.0,0.46854598838780515,0.1130213730376889,0.0
0.45886725200527195,0.09552142304723218,0.0,0.46917750524508905,0.07838547122674239,0.0
0.12860370987901698,0.10672046193408671,0.0,0.11892545719725092,0.08922474427528619,0.0
0.12860370987901698,0.10672046193408671,0.0,0.10860692333206311,0.10636147765527403,0.0
0.12860370987901698,0.10672046193408671,0.0,0.11829383178010491,0.12338861007297437,0.0
0.11892545719725092,0.08922474427528619,0.0,0.10860692333206311,0.10636147765527403,0.0
0.06925410551383188,0.0709865315741241,0.0,0.059632234919860076,0.05430165644294701,0.0
0.06925410551383188,0.0709865315741241,0.0,0.07957433682094806,0.054400311086791005,0.0
0.0679732820708934,0.1402632474074115,0.0,0.058295207148577076,0.12275915502366573,0.0
0.059632234919860076,0.05430165644294701,0.0,0.07957433682094806,0.054400311086791005,0.0
0.6381960796895862,0.13348419436373363,0.0,0.6182140502101897,0.13307656608685153,0.0
0.259540835398639,0.057243941097630466,0.0,0.2498570036435175,0.04005119845631984,0.0
0.259540835398639,0.057243941097630466,0.0,0.2698532245791106,0.04024238637020612,0.0
0.4085555721453081,0.1119170861494613,0.0,0.4188736452588311,0.09480891521372549,0.0
0.4085555721453081,0.1119170861494613,0.0,0.3982369633086649,0.12905440001675977,0.0
0.19891171531778998,0.09071044146986669,0.0,0.18859827803792217,0.10757046400553395,0.0
0.10860692333206311,0.10636147765527403,0.0,0.11829383178010491,0.12338861007297437,0.0
0.11829383178010491,0.12338861007297437,0.0,0.10899158963686609,0.13674869274602977,0.0
0.11829383178010491,0.12338861007297437,0.0,0.1274345457670324,0.13528757195296695,0.0
0.1595589636921542,0.055329369618512,0.0,0.14998431255817912,0.0390862357569677,0.0
0.1595589636921542,0.055329369618512,0.0,0.16988744743537348,0.03934895148320984,0.0
0.14998431255817912,0.0390862357569677,0.0,0.16988744743537348,0.03934895148320984,0.0
0.14998431255817912,0.0390862357569677,0.0,0.14102456283147674,0.026097886373092672,0.0
0.14998431255817912,0.0390862357569677,0.0,0.15970176590516647,0.025765645760005205,0.0
0.16988744743537348,0.03934895148320984,0.0,0.18985990834172192,0.03956682431716264,0.0
0.16988744743537348,0.03934895148320984,0.0,0.1794560634373194,0.024861236331330774,0.0
0.16988744743537348,0.03934895148320984,0.0,0.15970176590516647,0.025765645760005205,0.0
0.24858297729988144,0.10895428980160161,0.0,0.25707383805721706,0.12562092306499725,0.0
0.2498570036435175,0.04005119845631984,0.0,0.2698532245791106,0.04024238637020612,0.0
0.3982369633086649,0.12905440001675977,0.0,0.3879244099861701,0.1461786546519163,0.0
0.3982369633086649,0.12905440001675977,0.0,0.4078363530056163,0.14637969275453477,0.0
0.25707383805721706,0.12562092306499725,0.0,0.2453322665521391,0.14173857157988765,0.0
0.25707383805721706,0.12562092306499725,0.0,0.2654237189706014,0.14182236649853008,0.0
0.18985990834172192,0.03956682431716264,0.0,0.19992601136310365,0.024392917704643795,0.0
0.18985990834172192,0.03956682431716264,0.0,0.1794560634373194,0.024861236331330774,0.0
0.3879244099861701,0.1461786546519163,0.0,0.4078363530056163,0.14637969275453477,0.0
0.28983271824832385,0.04103311143671808,0.0,0.2698532245791106,0.04024238637020612,0.0
0.5878919433830558,0.14980543136654717,0.0,0.6078959971795419,0.14983073719327175,0.0
0.5878919433830558,0.14980543136654717,0.0,0.5782684169136267,0.13229201582396405,0.0
0.5878919433830558,0.14980543136654717,0.0,0.5678878188996572,0.149508470997818,0.0
0.6182140502101897,0.13307656608685153,0.0,0.6078959971795419,0.14983073719327175,0.0
0.457599769664674,0.16407450693421688,0.0,0.4473724683118545,0.17626940882177083,0.0
0.457599769664674,0.16407450693421688,0.0,0.4673608635031293,0.17708214659279928,0.0
1.0,0.08998909747430424,0.0,1.0,0.06998719332656919,0.0
1.0,0.08998909747430424,0.0,0.9827806823004309,0.0801272894296359,0.0
1.0,0.04998526160507105,0.0,1.0,0.06998719332656919,0.0
1.0,0.04998526160507105,0.0,0.9832148253180896,0.06091347709140409,0.0
1.0,0.04998526160507105,0.0,1.0,0.02998329724268806,0.0
1.0,0.06998719332656919,0.0,0.9832148253180896,0.06091347709140409,0.0
1.0,0.06998719332656919,0.0,0.9827806823004309,0.0801272894296359,0.0
0.9832148253180896,0.06091347709140409,0.0,0.9827806823004309,0.0801272894296359,0.0
0.5782684169136267,0.13229201582396405,0.0,0.5678878188996572,0.149508470997818,0.0
0.5678878188996572,0.149508470997818,0.0,0.5478967256660549,0.14906781614683934,0.0
0.5678878188996572,0.149508470997818,0.0,0.5574400351284553,0.16497215996846545,0.0
0.4975795451825347,0.16553303307132788,0.0,0.487343178160335,0.17822380016142167,0.0
0.4975795451825347,0.16553303307132788,0.0,0.5074984656566304,0.17869320739197003,0.0
0.5382305080009556,0.13162483756829443,0.0,0.5478967256660549,0.14906781614683934,0.0
0.5478967256660549,0.14906781614683934,0.0,0.5574400351284553,0.16497215996846545,0.0
0.5574400351284553,0.16497215996846545,0.0,0.5649921673622351,0.1785267560769757,0.0
0.5574400351284553,0.16497215996846545,0.0,0.5473785620923509,0.17865107340988642,0.0
0.46917750524508905,0.07838547122674239,0.0,0.4794835816606945,0.06126436573830869,0.0
0.12108694429868386,0.14971100338744844,0.0,0.10899158963686609,0.13674869274602977,0.0
0.12108694429868386,0.14971100338744844,0.0,0.1274345457670324,0.13528757195296695,0.0
0.9179679697339547,0.03908372629353129,0.0,0.9097725840953694,0.02133199302565981,0.0
0.9179679697339547,0.03908372629353129,0.0,0.9295443737355725,0.023450544076808737,0.0
0.9097725840953694,0.02133199302565981,0.0,0.9295443737355725,0.023450544076808737,0.0
0.9097725840953694,0.02133199302565981,0.0,0.901896284116001,0.0032971325360854286,0.0
0.9097725840953694,0.02133199302565981,0.0,0.9214517256797854,0.005492636767935716,0.0
0.14496579296103668,0.18029020756432887,0.0,0.1372078753933555,0.1984719233079192,0.0
0.14496579296103668,0.18029020756432887,0.0,0.1567512396874989,0.1961150489967212,0.0
0.9295443737355725,0.023450544076808737,0.0,0.9214517256797854,0.005492636767935716,0.0
0.2549212071454445,0.1900191158946087,0.0,0.2352375608496372,0.1901715774166525,0.0
0.2352375608496372,0.1901715774166525,0.0,0.2155675444190997,0.1909215933815534,0.0
0.49032790722853414,0.009907499710985524,0.0,0.5100054982808148,0.009902332794378866,0.0
0.5100054982808148,0.009902332794378866,0.0,0.5296737406605075,0.009294045805594415,0.0
0.020008539612704223,0.009666834865536147,0.0,0.03966555157064703,0.008764498235747827,0.0
0.020008539612704223,0.009666834865536147,0.0,0.0003334442235606334,0.009981185537172222,0.0
0.020008539612704223,0.009666834865536147,0.0,0.014572732120970142,0.023968858667258612,0.0
0.03966555157064703,0.008764498235747827,0.0,0.05929120476107671,0.007331619045973399,0.0
0.10578076419941111,0.18550830245843153,0.0,0.1176755593694548,0.2009191173322832,0.0
0.10578076419941111,0.18550830245843153,0.0,0.09813655032930213,0.2033120093872453,0.0
0.2155675444190997,0.1909215933815534,0.0,0.1959260328513177,0.1922212147213933,0.0
0.5296737406605075,0.009294045805594415,0.0,0.5493165751851283,0.008121607091079052,0.0
0.1176755593694548,0.2009191173322832,0.0,0.1372078753933555,0.1984719233079192,0.0
0.1176755593694548,0.2009191173322832,0.0,0.09813655032930213,0.2033120093872453,0.0
0.1372078753933555,0.1984719233079192,0.0,0.1567512396874989,0.1961150489967212,0.0
3.334444814934153e-05,0.18999824158666795,0.0,0.014343825908364383,0.17476309521103725,0.0
3.334444814934153e-05,0.18999824158666795,0.0,0.011954366789550789,0.19775504854216497,0.0
3.334444814934153e-05,0.18999824158666795,0.0,2.2376852862682567e-25,0.21,0.0
0.1959260328513177,0.1922212147213933,0.0,0.1763208908223542,0.1939886762133007,0.0
0.6861187615548019,0.1930527247722307,0.0,0.6724327909874922,0.17774327100387952,0.0
0.6861187615548019,0.1930527247722307,0.0,0.6665320285254098,0.1950146595390509,0.0
0.6724327909874922,0.17774327100387952,0.0,0.6665320285254098,0.1950146595390509,0.0
0.6724327909874922,0.17774327100387952,0.0,0.6531431282443189,0.18098454447392737,0.0
0.6724327909874922,0.17774327100387952,0.0,0.6587574076837884,0.16412878228433103,0.0
0.3530228816138251,0.1972732469543295,0.0,0.3725585682950345,0.1996932487804034,0.0
0.1763208908223542,0.1939886762133007,0.0,0.1567512396874989,0.1961150489967212,0.0
0.6079079889629149,0.2021313692806051,0.0,0.6274414338011367,0.1996932485171144,0.0
0.6079079889629149,0.2021313692806051,0.0,0.5883592993452134,0.204443428867555,0.0
0.6274414338011367,0.1996932485171144,0.0,0.6469771203754761,0.1972732467138197,0.0
0.8823244412923026,0.2009191174150899,0.0,0.901863450217593,0.2033120094520914,0.0
0.8823244412923026,0.2009191174150899,0.0,0.8772077781112549,0.187081351875708,0.0
0.901863450217593,0.2033120094520914,0.0,0.921425379683128,0.2055086350647987,0.0
0.6469771203754761,0.1972732467138197,0.0,0.6665320285254098,0.1950146595390509,0.0
0.6469771203754761,0.1972732467138197,0.0,0.6531431282443189,0.18098454447392737,0.0
0.6665320285254098,0.1950146595390509,0.0,0.6531431282443189,0.18098454447392737,0.0
0.6531431282443189,0.18098454447392737,0.0,0.6587574076837884,0.16412878228433103,0.0
0.07857462076905876,0.2055086350173741,0.0,0.09813655032930213,0.2033120093872453,0.0
0.07857462076905876,0.2055086350173741,0.0,0.05897878113556556,0.2073769316422593,0.0
0.4312186625324201,0.2064914855210821,0.0,0.4508331653730723,0.2081512657305875,0.0
0.4312186625324201,0.2064914855210821,0.0,0.4400158182501134,0.19163771928983517,0.0
0.568781339891721,0.2064914852893641,0.0,0.5883592993452134,0.204443428867555,0.0
0.568781339891721,0.2064914852893641,0.0,0.5491668371792392,0.2081512655447921,0.0
0.568781339891721,0.2064914852893641,0.0,0.5575773370627708,0.19081359126512187,0.0
0.921425379683128,0.2055086350647987,0.0,0.9410212191544387,0.2073769316668632,0.0
0.9410212191544387,0.2073769316668632,0.0,0.9509069538235797,0.195406378018483,0.0
0.03934595430376511,0.2088023656195966,0.0,0.05897878113556556,0.2073769316422593,0.0
0.03934595430376511,0.2088023656195966,0.0,0.01968189381931244,0.2096956954280177,0.0
0.4508331653730723,0.2081512657305875,0.0,0.4704828605194097,0.2093199306346598,0.0
0.4508331653730723,0.2081512657305875,0.0,0.4598828574492023,0.19246758413297277,0.0
0.4508331653730723,0.2081512657305875,0.0,0.4400158182501134,0.19163771928983517,0.0
0.4704828605194097,0.2093199306346598,0.0,0.4598828574492023,0.19246758413297277,0.0
0.4704828605194097,0.2093199306346598,0.0,0.4901578846305079,0.2099236141418919,0.0
0.4704828605194097,0.2093199306346598,0.0,0.4790569859367704,0.19347106608904707,0.0
0.4598828574492023,0.19246758413297277,0.0,0.4400158182501134,0.19163771928983517,0.0
0.4598828574492023,0.19246758413297277,0.0,0.4473724683118545,0.17626940882177083,0.0
0.4598828574492023,0.19246758413297277,0.0,0.4790569859367704,0.19347106608904707,0.0
0.4598828574492023,0.19246758413297277,0.0,0.4673608635031293,0.17708214659279928,0.0
0.5295171421655228,0.2093199305123607,0.0,0.5491668371792392,0.2081512655447921,0.0
0.5295171421655228,0.2093199305123607,0.0,0.5383415230721468,0.19247192268769067,0.0
0.5295171421655228,0.2093199305123607,0.0,0.5098421182743784,0.209923614096859,0.0
0.5295171421655228,0.2093199305123607,0.0,0.5185821711859342,0.19383036245567364,0.0
0.5491668371792392,0.2081512655447921,0.0,0.5383415230721468,0.19247192268769067,0.0
0.5491668371792392,0.2081512655447921,0.0,0.5575773370627708,0.19081359126512187,0.0
0.5383415230721468,0.19247192268769067,0.0,0.5575773370627708,0.19081359126512187,0.0
0.5383415230721468,0.19247192268769067,0.0,0.5185821711859342,0.19383036245567364,0.0
0.5383415230721468,0.19247192268769067,0.0,0.5274549809122187,0.17906117965709223,0.0
0.5383415230721468,0.19247192268769067,0.0,0.5473785620923509,0.17865107340988642,0.0
0.4901578846305079,0.2099236141418919,0.0,0.5098421182743784,0.209923614096859,0.0
0.4901578846305079,0.2099236141418919,0.0,0.4991142773389237,0.19380936126690976,0.0
0.4901578846305079,0.2099236141418919,0.0,0.4790569859367704,0.19347106608904707,0.0
0.5098421182743784,0.209923614096859,0.0,0.4991142773389237,0.19380936126690976,0.0
0.5098421182743784,0.209923614096859,0.0,0.5185821711859342,0.19383036245567364,0.0
0.4991142773389237,0.19380936126690976,0.0,0.4790569859367704,0.19347106608904707,0.0
0.4991142773389237,0.19380936126690976,0.0,0.5185821711859342,0.19383036245567364,0.0
0.4991142773389237,0.19380936126690976,0.0,0.487343178160335,0.17822380016142167,0.0
0.4991142773389237,0.19380936126690976,0.0,0.5074984656566304,0.17869320739197003,0.0
0.11796711786367915,0.0008638544061895049,0.0,0.13749299481387123,-0.001582247140468834,0.0
0.11796711786367915,0.0008638544061895049,0.0,0.09843483934886542,0.0032578479449683253,0.0
0.13749299481387123,-0.001582247140468834,0.0,0.1570301839235104,-0.003935992334466627,0.0
0.13749299481387123,-0.001582247140468834,0.0,0.14927236337845545,0.01393227663860134,0.0
0.37276653392831155,-0.000299402404373251,0.0,0.35323743195950325,-0.0027195731917010997,0.0
0.8823637471696649,0.000905261999644648,0.0,0.901896284116001,0.0032971325360854286,0.0
0.901896284116001,0.0032971325360854286,0.0,0.9214517256797854,0.005492636767935716,0.0
0.33368927067024184,-0.00497997549229779,0.0,0.35323743195950325,-0.0027195731917010997,0.0
0.33368927067024184,-0.00497997549229779,0.0,0.31410939501067925,-0.006945375381866738,0.0
0.07887989632761407,0.005457816601037855,0.0,0.09843483934886542,0.0032578479449683253,0.0
0.07887989632761407,0.005457816601037855,0.0,0.05929120476107671,0.007331619045973399,0.0
0.1570301839235104,-0.003935992334466627,0.0,0.17659384063618017,-0.006057454994383289,0.0
0.1570301839235104,-0.003935992334466627,0.0,0.16858585960452332,0.011267271315357232,0.0
0.1570301839235104,-0.003935992334466627,0.0,0.14927236337845545,0.01393227663860134,0.0
0.17659384063618017,-0.006057454994383289,0.0,0.16858585960452332,0.011267271315357232,0.0
0.17659384063618017,-0.006057454994383289,0.0,0.19619305169802934,-0.00781857299384059,0.0
0.17659384063618017,-0.006057454994383289,0.0,0.18823032249972602,0.009096917032855227,0.0
0.16858585960452332,0.011267271315357232,0.0,0.14927236337845545,0.01393227663860134,0.0
0.16858585960452332,0.011267271315357232,0.0,0.18823032249972602,0.009096917032855227,0.0
0.16858585960452332,0.011267271315357232,0.0,0.1794560634373194,0.024861236331330774,0.0
0.16858585960452332,0.011267271315357232,0.0,0.15970176590516647,0.025765645760005205,0.0
0.29449249829233476,-0.008496020240370656,0.0,0.31410939501067925,-0.006945375381866738,0.0
0.29449249829233476,-0.008496020240370656,0.0,0.2748420480614415,-0.00953541314592756,0.0
0.19619305169802934,-0.00781857299384059,0.0,0.21582856837277692,-0.009110848093107742,0.0
0.19619305169802934,-0.00781857299384059,0.0,0.20774408950634415,0.008020907967409036,0.0
0.19619305169802934,-0.00781857299384059,0.0,0.18823032249972602,0.009096917032855227,0.0
0.21582856837277692,-0.009110848093107742,0.0,0.20774408950634415,0.008020907967409036,0.0
0.21582856837277692,-0.009110848093107742,0.0,0.23549241956728434,-0.009853009964494897,0.0
0.20774408950634415,0.008020907967409036,0.0,0.18823032249972602,0.009096917032855227,0.0
0.20774408950634415,0.008020907967409036,0.0,0.19992601136310365,0.024392917704643795,0.0
0.9803247446215588,0.009677169808508095,0.0,1.0,0.009981273272312303,0.0
0.9803247446215588,0.009677169808508095,0.0,0.9855624901338992,0.024236703116423192,0.0
0.23549241956728434,-0.009853009964494897,0.0,0.25516967018442066,-0.009997635250939817,0.0
0.25516967018442066,-0.009997635250939817,0.0,0.2748420480614415,-0.00953541314592756,0.0
1.0,0.02998329724268806,0.0,1.0,0.009981273272312303,0.0
1.0,0.02998329724268806,0.0,0.9855624901338992,0.024236703116423192,0.0
0.01968189381931244,0.2096956954280177,0.0,0.011954366789550789,0.19775504854216497,0.0
0.01968189381931244,0.2096956954280177,0.0,2.2376852862682567e-25,0.21,0.0
0.6349859197843032,0.0692439517953786,0.0,0.6277848122445234,0.08559743066231028,0.0
0.14927236337845545,0.01393227663860134,0.0,0.14102456283147674,0.026097886373092672,0.0
0.14927236337845545,0.01393227663860134,0.0,0.15970176590516647,0.025765645760005205,0.0
0.4400158182501134,0.19163771928983517,0.0,0.4473724683118545,0.17626940882177083,0.0
0.4473724683118545,0.17626940882177083,0.0,0.4673608635031293,0.17708214659279928,0.0
0.011954366789550789,0.19775504854216497,0.0,2.2376852862682567e-25,0.21,0.0
0.18823032249972602,0.009096917032855227,0.0,0.19992601136310365,0.024392917704643795,0.0
0.18823032249972602,0.009096917032855227,0.0,0.1794560634373194,0.024861236331330774,0.0
0.5575773370627708,0.19081359126512187,0.0,0.5649921673622351,0.1785267560769757,0.0
0.5575773370627708,0.19081359126512187,0.0,0.5473785620923509,0.17865107340988642,0.0
0.3475715089432597,0.14451245859532325,0.0,0.32750525902705185,0.14341119694310395,0.0
0.4790569859367704,0.19347106608904707,0.0,0.487343178160335,0.17822380016142167,0.0
0.4790569859367704,0.19347106608904707,0.0,0.4673608635031293,0.17708214659279928,0.0
0.5185821711859342,0.19383036245567364,0.0,0.5074984656566304,0.17869320739197003,0.0
0.5185821711859342,0.19383036245567364,0.0,0.5274549809122187,0.17906117965709223,0.0
0.2453322665521391,0.14173857157988765,0.0,0.2654237189706014,0.14182236649853008,0.0
0.487343178160335,0.17822380016142167,0.0,0.4673608635031293,0.17708214659279928,0.0
0.487343178160335,0.17822380016142167,0.0,0.5074984656566304,0.17869320739197003,0.0
0.19992601136310365,0.024392917704643795,0.0,0.1794560634373194,0.024861236331330774,0.0
1.0,0.009981273272312303,0.0,0.9855624901338992,0.024236703116423192,0.0
0.0003334442235606334,0.009981185537172222,0.0,0.014572732120970142,0.023968858667258612,0.0
0.10899158963686609,0.13674869274602977,0.0,0.1274345457670324,0.13528757195296695,0.0
0.6277848122445234,0.08559743066231028,0.0,0.6084378889964532,0.08516776818805567,0.0
0.1794560634373194,0.024861236331330774,0.0,0.15970176590516647,0.025765645760005205,0.0
0.5074984656566304,0.17869320739197003,0.0,0.5274549809122187,0.17906117965709223,0.0
0.5649921673622351,0.1785267560769757,0.0,0.5473785620923509,0.17865107340988642,0.0
0.5274549809122187,0.17906117965709223,0.0,0.5473785620923509,0.17865107340988642,0.0
0.14102456283147674,0.026097886373092672,0.0,0.15970176590516647,0.025765645760005205,0.0
